"scenario","robots","seed","method","success","collision","safety_violation","obstacle_collision","min_distance","completion_time","steps","final_goal_distance","progress_ratio","path_length","control_effort","smoothness","latency_ms","screen_reject_rate","screen_all_reject_rate","screen_min_margin","screen_selected_margin","screen_predicted_margin","screen_runtime_margin","rvo_intervention_rate","recovery_trigger_rate","recovery_safe_choice_rate","recovery_all_unsafe_rate","recovery_selected_margin","recovery_selected_progress","seed_index"
"bottleneck","4","14067","constant_velocity_mpc","0","0","0","0","1.0959683132171631","16.8","140","8.088708877563477","0.275783360004425","9.880810165952424","2.5541697378669466","1.4192031906348008","0.0","0.0139285714285714","0.0","0.525464480855294","0.5838940373605614","0.5838940394892987","0.5838940377863089","0.0","0.0","0.0","0.0","0.0","0.0","0"
"bottleneck","4","14084","constant_velocity_mpc","0","0","0","0","1.0943730545043946","16.8","140","8.080684661865234","0.2737343311309814","10.270533062401228","2.400888408081872","1.245647968874407","0.0","0.0192857142857142","0.0","0.5121832128999614","0.5720977740450999","0.5720977744708473","0.572097774683721","0.0","0.0017857142857142","1.0","0.0","0.6599058174008667","0.0835800170898437","1"
"bottleneck","4","14101","constant_velocity_mpc","0","0","0","0","1.0765895318984986","16.8","140","8.078981399536133","0.2727077007293701","9.43638505297713","2.605690931901336","1.5547659424084028","0.0","0.0157142857142857","0.0","0.5342964292429664","0.5963370255272575","0.5963370274431211","0.5963370257401313","0.0","0.0","0.0","0.0","0.0","0.0","2"
"bottleneck","4","14118","constant_velocity_mpc","0","0","0","0","1.017536587715149","16.8","140","8.091259956359863","0.2741237282752991","9.870780324126828","2.6076114535331727","1.4728262675393904","0.0","0.0210714285714285","0.0","0.5316412101747956","0.5933358225112221","0.5933358231498432","0.5933358229369695","0.0","0.0","0.0","0.0","0.0","0.0","3"
"bottleneck","4","14135","constant_velocity_mpc","0","0","0","0","1.1249592971801758","16.8","140","8.090692520141602","0.273051381111145","9.541718898661202","2.603145564028195","1.5293426050459236","0.0","0.0132142857142857","0.0","0.5334146325298306","0.5933105252156842","0.5933105271315477","0.5933105262800528","0.0","0.0","0.0","0.0","0.0","0.0","4"
"bottleneck","4","14152","constant_velocity_mpc","0","0","0","0","1.0742014122009278","16.8","140","8.128276824951172","0.2701804637908935","9.92961416358594","2.5761000379920005","1.4486983141848142","0.0","0.0153571428571428","0.0","0.531778977544118","0.5912104721011457","0.5912104733783882","0.591210472739767","0.0","0.0","0.0","0.0","0.0","0.0","5"
"bottleneck","4","14169","constant_velocity_mpc","0","0","0","0","1.0790293884277344","16.8","140","8.192071914672852","0.2641255259513855","10.251106943484046","2.6400967563901627","1.3957040722600125","0.0","0.0185714285714285","0.0","0.5285247689010332","0.5916277778883505","0.5916277793784667","0.5916277785269717","0.0","0.0","0.0","0.0","0.0","0.0","6"
"bottleneck","4","14186","constant_velocity_mpc","0","0","0","0","1.1137315702438355","16.8","140","8.11598014831543","0.269278883934021","9.865569126908667","2.6462912624435764","1.4857138723217682","0.0","0.0128571428571428","0.0","0.5272456237487093","0.5850623540107516","0.5850623550751203","0.5850623546493728","0.0","0.0","0.0","0.0","0.0","0.0","7"
"bottleneck","4","14203","constant_velocity_mpc","0","0","0","0","1.1459687423706055","16.8","140","8.054856300354004","0.2805010676383972","9.049103779776487","2.439369236997196","1.3723109016041193","0.0","0.0121428571428571","0.0","0.521362589409212","0.5763154385030347","0.5763154402060245","0.5763154387159085","0.0","0.0","0.0","0.0","0.0","0.0","8"
"bottleneck","4","14220","constant_velocity_mpc","0","0","0","0","1.104337043762207","16.8","140","8.18314266204834","0.2666637897491455","9.120128113514513","2.583044949386801","1.6236548283572376","0.0","0.0121428571428571","0.0","0.5352441574311783","0.5922356308583606","0.592235632135603","0.5922356310712343","0.0","0.0","0.0","0.0","0.0","0.0","9"
"bottleneck","4","14237","constant_velocity_mpc","0","0","0","0","1.0991779041290284","16.8","140","8.054109573364258","0.277021586894989","9.39164022920886","2.6225659796169825","1.547837040387094","0.0","0.0121428571428571","0.0","0.5267315086244241","0.584407580092564","0.5844075815826801","0.5844075803054377","0.0","0.0","0.0","0.0","0.0","0.0","10"
"bottleneck","4","14254","constant_velocity_mpc","0","0","0","0","1.1041174602508546","16.8","140","8.02319049835205","0.2775771021842956","9.67381700995611","2.540874694287777","1.4165840851465212","0.0","0.0142857142857142","0.0","0.5282278921323454","0.5896194703595343","0.5896194727011453","0.5896194709981556","0.0","0.0","0.0","0.0","0.0","0.0","11"
"bottleneck","4","14271","constant_velocity_mpc","0","0","0","0","1.097726173400879","16.8","140","8.057670593261719","0.2770770192146301","9.808184812718537","2.57167789212295","1.3933048470507958","0.0","0.0171428571428571","0.0","0.5293074807781762","0.5903606722558392","0.5903606724687129","0.5903606724687129","0.0","0.0","0.0","0.0","0.0","0.0","12"
"bottleneck","4","14288","constant_velocity_mpc","0","0","0","0","1.11415762424469","16.8","140","7.9891676902771","0.2804516553878784","10.172825449262746","2.549567820557526","1.2963656053930062","0.0","0.0164285714285714","0.0","0.5243984787263516","0.5873004423766899","0.587300443866806","0.587300443015311","0.0","0.0","0.0","0.0","0.0","0.0","13"
"bottleneck","4","14305","constant_velocity_mpc","0","0","0","0","1.0661690902709962","16.8","140","8.084859848022461","0.2726825475692749","10.111590400862042","2.6151767513581685","1.3415290127641388","0.0","0.0167857142857142","0.0","0.5332209494080821","0.5945770263929137","0.5945770280959035","0.5945770263929137","0.0","0.0","0.0","0.0","0.0","0.0","14"
"bottleneck","4","14322","constant_velocity_mpc","0","0","0","0","1.1306832504272462","16.8","140","8.114358901977539","0.2726825475692749","9.464677120617123","2.623365383063044","1.5061522984744182","0.0","0.0121428571428571","0.0","0.5378797968514718","0.5970553120706293","0.5970553135607454","0.5970553131349979","0.0","0.0","0.0","0.0","0.0","0.0","15"
"bottleneck","4","14339","constant_velocity_mpc","0","0","0","0","1.129746026992798","16.8","140","8.132197380065918","0.2713519334793091","9.738960149436023","2.344507518091372","1.34686758887056","0.0","0.0142857142857142","0.0","0.5193595144450966","0.5730965239980328","0.5730965259138964","0.5730965248495278","0.0","0.0017857142857142","1.0","0.0","0.8562997150421143","-0.072573184967041","16"
"bottleneck","4","14356","constant_velocity_mpc","0","0","0","0","1.104017562866211","16.8","140","8.17258071899414","0.2667677998542785","10.100271572649945","2.609953591653279","1.4671726281302937","0.0","0.0153571428571428","0.0","0.5286228684256258","0.5877188338679652","0.5877188353580813","0.5877188345065864","0.0","0.0","0.0","0.0","0.0","0.0","17"
"bottleneck","4","14373","constant_velocity_mpc","0","0","0","0","1.084699935913086","16.8","140","8.133820533752441","0.2698488235473633","9.935174908256158","2.628813151376588","1.3315982038635794","0.0","0.0146428571428571","0.0","0.5332561729773503","0.5918174492576714","0.5918174498962927","0.5918174494705452","0.0","0.0","0.0","0.0","0.0","0.0","18"
"bottleneck","4","14390","constant_velocity_mpc","0","0","0","0","1.0897806358337403","16.8","140","8.128581047058105","0.2689531445503235","9.231988319312222","2.4806463935545517","1.4846766671698008","0.0","0.0132142857142857","0.0","0.5214008465587159","0.5801391765020141","0.5801391784178777","0.5801391765020141","0.0","0.0","0.0","0.0","0.0","0.0","19"
"bottleneck","4","14407","constant_velocity_mpc","0","0","0","0","1.1025900316238404","16.8","140","8.151180267333984","0.2699498534202575","10.244966248872515","2.5274453899690084","1.3667362471758022","0.0","0.0160714285714285","0.0","0.5331600885902682","0.5925874025815111","0.5925874036458798","0.5925874040716272","0.0","0.0","0.0","0.0","0.0","0.0","20"
"bottleneck","4","14424","constant_velocity_mpc","0","0","0","0","1.094126172065735","16.8","140","8.134577751159668","0.2702116370201111","10.03884115355322","2.487653666734696","1.3038669951660344","0.0","0.0167857142857142","0.0","0.5179124443160458","0.5709851316416827","0.5709851331317989","0.5709851320674303","0.0","0.0","0.0","0.0","0.0","0.0","21"
"bottleneck","4","14441","constant_velocity_mpc","0","0","0","0","1.0759313774108887","16.8","140","8.128623008728027","0.2720721364021301","10.162711419106929","2.5927185356616973","1.4025917846426943","0.0","0.0189285714285714","0.0","0.5311214349381116","0.5938221913764272","0.5938221939309121","0.5938221918021748","0.0","0.0","0.0","0.0","0.0","0.0","22"
"bottleneck","4","14458","constant_velocity_mpc","0","0","0","0","1.094516224861145","16.8","140","8.17320442199707","0.2668752074241638","9.724678169906838","2.604489059107644","1.554485313201989","0.0","0.0125","0.0","0.5315951329233032","0.5893857823755966","0.5893857832270915","0.5893857825884703","0.0","0.0","0.0","0.0","0.0","0.0","23"
"bottleneck","4","14475","constant_velocity_mpc","0","0","0","0","1.0900145406167372","16.8","140","8.182113647460938","0.2654440999031067","10.048700002487749","2.580946047816958","1.436812911740876","0.0","0.0135714285714285","0.0","0.5242300066181519","0.5834858952829118","0.5834858963472805","0.5834858965601543","0.0","0.0","0.0","0.0","0.0","0.0","24"
"bottleneck","4","14492","constant_velocity_mpc","0","0","0","0","1.1232982349395753","16.8","140","8.061505317687988","0.2790835499763489","9.41975299519254","2.560904598236084","1.515893423131534","0.0","0.0135714285714285","0.0","0.5321860716123279","0.5920820392664501","0.5920820405436924","0.5920820392664501","0.0","0.0","0.0","0.0","0.0","0.0","25"
"bottleneck","4","14509","constant_velocity_mpc","0","0","0","0","1.066378678904317","16.8","140","8.005168914794922","0.2839708924293518","10.23073848511558","2.524927337041923","1.4661318606717582","0.0","0.0217857142857142","0.0","0.5157966088797316","0.5737919256651551","0.5737919267295238","0.5737919260909026","0.0","0.0","0.0","0.0","0.0","0.0","26"
"bottleneck","4","14526","constant_velocity_mpc","0","0","0","0","1.080122060775757","16.8","140","7.99759578704834","0.2827684879302978","9.87824026614544","2.591438577430589","1.4833916058782166","0.0","0.0153571428571428","0.0","0.5201038832140347","0.5794496028730223","0.5794496041502646","0.5794496032987697","0.0","0.0","0.0","0.0","0.0","0.0","27"
"bottleneck","4","14543","constant_velocity_mpc","0","0","0","0","1.1036153507232669","16.8","140","8.175972938537598","0.2678209543228149","9.334832658874802","2.6261097205536705","1.6380482855084673","0.0","0.0125","0.0","0.5297879718175686","0.590694578649595","0.59069457950109","0.5906945788624688","0.0","0.0","0.0","0.0","0.0","0.0","28"
"bottleneck","4","14560","constant_velocity_mpc","0","0","0","0","1.0902579498291016","16.8","140","8.165071487426758","0.2690514922142029","10.028622090700082","2.4872958157743725","1.274965986102401","0.0","0.0146428571428571","0.0","0.5202500848127747","0.5789926654971899","0.5789926667744323","0.578992666987306","0.0","0.0","0.0","0.0","0.0","0.0","29"
"bottleneck","4","14067","icgp_rvo_mpc","1","0","1","0","0.4653908312320709","13.56","113","0.1849410086870193","0.9834414422512054","11.968833504477516","0.7778754544057276","0.4740871545916373","0.6410334073123007","0.2942477876106195","0.1504424778761062","0.1731467667241966","0.3299486770416738","0.340910230178112","0.6732976721160421","0.754424778761062","0.0","0.0","0.0","0.0","0.0","0"
"bottleneck","4","14084","icgp_rvo_mpc","1","0","1","0","0.4738689959049225","13.56","113","0.1726897656917572","0.9844792056828736","11.948667397489771","0.865288802585101","0.5558438472186042","0.4797387166068254","0.3238938053097345","0.1946902654867256","0.1253131840423773","0.2813649657033789","0.3032847046937174","0.6139452902316218","0.7477876106194691","0.0","0.0","0.0","0.0","0.0","1"
"bottleneck","4","14101","icgp_rvo_mpc","0","0","0","0","0.5569123029708862","16.8","140","0.2655909657478332","0.9760907646268606","11.84614652867458","0.5660497867373384","0.3885838926736532","0.8037174998337703","0.2585714285714285","0.0946428571428571","0.2218231500430707","0.3695124328742503","0.3775910909901988","0.7338990020555473","0.675","0.0071428571428571","1.0","0.0","0.9640183545368232","0.0422897932818159","2"
"bottleneck","4","14118","icgp_rvo_mpc","1","0","0","0","0.5704319477081299","13.2","110","0.1440891325473785","0.987073597498238","12.424247056711463","0.8573465283662451","0.5528906007297337","0.6810388636123125","0.3522727272727273","0.2181818181818181","0.144733068821997","0.2931763141835301","0.3128735964698405","0.618809702353627","0.7704545454545455","0.0","0.0","0.0","0.0","0.0","3"
"bottleneck","4","14135","icgp_rvo_mpc","0","0","0","0","0.8127322196960449","16.8","140","0.2199965268373489","0.9802333153784276","11.7717564613813","0.4324090553645094","0.3288087446508663","0.5368846430428675","0.2042857142857143","0.0642857142857142","0.2477971627020372","0.3921366325234723","0.4012296401816815","0.7855672107692951","0.6875","0.0089285714285714","1.0","0.0","0.98708732671017","0.0411154243722558","4"
"bottleneck","4","14152","icgp_rvo_mpc","0","0","0","0","0.6437116861343384","16.8","140","0.2607662975788116","0.9765863846987486","11.812849332411131","0.4782263657856674","0.3689566046132573","0.6482001785635865","0.2275","0.0571428571428571","0.2420435099300509","0.4020300543426606","0.4117637018293247","0.7753852408540148","0.7142857142857143","0.0071428571428571","1.0","0.0","0.9805082548217574","0.0546908204443752","5"
"bottleneck","4","14169","icgp_rvo_mpc","0","0","0","0","0.621059775352478","16.8","140","0.3488788902759552","0.968661032617092","11.679531615664018","0.4683074655878174","0.3801033831001925","0.8292378571370916","0.2210714285714285","0.0625","0.248177488660469","0.4052226019580086","0.4167718430981587","0.7663949540958043","0.6946428571428571","0.0053571428571428","1.0","0.0","0.7926673618952433","0.0622995478411515","6"
"bottleneck","4","14186","icgp_rvo_mpc","0","0","1","0","0.519385814666748","16.8","140","0.5148772597312927","0.9536430984735488","11.38926492709288","0.5060783029658653","0.2823845199043197","0.4874851786163552","0.2657142857142857","0.0946428571428571","0.2037501976092481","0.3616220362776423","0.367259712617085","0.7370619054243953","0.6696428571428571","0.0107142857142857","1.0","0.0","1.0587339766820272","0.0413493925705552","7"
"bottleneck","4","14203","icgp_rvo_mpc","1","0","1","0","0.5028550624847412","13.32","111","0.1596929132938385","0.985735452733934","12.430464527802542","0.8426458853829719","0.5007863573243355","0.4456477480096772","0.377027027027027","0.2432432432432432","0.1427932980721358","0.2907676366724553","0.3119997911643672","0.6048546241904401","0.7815315315315315","0.0","0.0","0.0","0.0","0.0","8"
"bottleneck","4","14220","icgp_rvo_mpc","1","0","1","0","0.4653663039207458","16.439999999999998","137","0.132882073521614","0.988091710023582","12.34465881648066","0.7104271200165173","0.4464576461991417","0.5212881386511191","0.2784671532846715","0.0985401459854014","0.1909908814224857","0.359243975698681","0.3704573872046016","0.6716203843545886","0.7244525547445255","0.0054744525547445","1.0","0.0","0.8272495480086451","0.0770467265198628","9"
"bottleneck","4","14237","icgp_rvo_mpc","1","0","1","0","0.4572475254535675","16.439999999999998","137","0.1637384444475174","0.985301992855966","12.590142143650157","0.7472091576961434","0.4845391395127904","0.6993160583795835","0.2978102189781021","0.1222627737226277","0.1741509904223613","0.3438657846869311","0.3514294824729199","0.682790431190456","0.6751824817518248","0.0036496350364963","1.0","0.0","0.5634882989174204","0.1247652983292937","10"
"bottleneck","4","14254","icgp_rvo_mpc","0","0","0","0","0.5889140367507935","16.8","140","0.2809469103813171","0.9747030213475228","12.459743614253966","0.6331599823225198","0.4780562256529395","0.7161026785070135","0.3378571428571428","0.2178571428571428","0.2193896813181781","0.3624987356980953","0.4008935126325769","0.8132130581912049","0.625","0.0071428571428571","1.0","0.0","1.2494226503372192","0.1291696091531776","11"
"bottleneck","4","14271","icgp_rvo_mpc","1","0","0","0","0.5822569131851196","13.8","115","0.1480254232883453","0.9867193652316928","12.011633986548986","0.6763242992291572","0.4546843295350023","0.4973789131485239","0.2865217391304347","0.1347826086956521","0.2105989959385049","0.3659979983330177","0.3821601551214917","0.7219953208098683","0.7478260869565218","0.0","0.0","0.0","0.0","0.0","12"
"bottleneck","4","14288","icgp_rvo_mpc","0","0","1","0","0.5150189399719238","16.8","140","0.2222736179828643","0.9799808170646428","12.107220241427058","0.6375564914779845","0.4118437154883785","0.648273571433882","0.2810714285714286","0.1089285714285714","0.1921229199767246","0.3583588876276023","0.3664701571355649","0.7273111579118879","0.6875","0.0071428571428571","1.0","0.0","0.9446545919193317","0.055050023458898","13"
"bottleneck","4","14305","icgp_rvo_mpc","0","0","0","0","0.6487406492233276","16.8","140","0.2560531198978424","0.9769653510302304","11.664056625952073","0.4314408228199681","0.31187519649975","0.7646482145121679","0.2178571428571428","0.075","0.2730819123004868","0.4224366081814446","0.4321518066216064","0.7833307689850562","0.6660714285714285","0.0107142857142857","1.0","0.0","1.0457758873735357","0.0393287078787883","14"
"bottleneck","4","14322","icgp_rvo_mpc","0","0","0","0","0.5573691129684448","16.8","140","0.3118484616279602","0.9720479659736156","11.990046900398738","0.5383716394553111","0.3385630833251136","0.714390892829085","0.2860714285714286","0.1285714285714285","0.2066808232942363","0.3640785009357882","0.3735009465768441","0.7330078858106078","0.65","0.0071428571428571","1.0","0.0","0.9223540470869724","0.0631557554006576","15"
"bottleneck","4","14339","icgp_rvo_mpc","0","0","0","0","0.5315501689910889","16.8","140","0.2442428469657898","0.9781157448887824","12.298977089209076","0.6535725887054079","0.4413315551422004","0.7761071429220985","0.2610714285714285","0.1089285714285714","0.2316701793737885","0.3857896096510673","0.3964777269991806","0.7812667375628323","0.7","0.0053571428571428","1.0","0.0","0.9574910220970182","0.0597043555229902","16"
"bottleneck","4","14356","icgp_rvo_mpc","0","0","1","0","0.4742416441440582","16.8","140","0.2280760407447815","0.979537345468998","12.196320983508484","0.6752820401152608","0.4507000913843512","1.190765535907953","0.2914285714285714","0.0964285714285714","0.1676023567009534","0.3327644139723825","0.3393791789336371","0.6699520206232181","0.7196428571428571","0.0071428571428571","1.0","0.0","0.9067495445227728","0.0524245753884315","17"
"bottleneck","4","14373","icgp_rvo_mpc","0","0","0","0","0.6187453866004944","16.8","140","0.4225425720214844","0.9620694890618324","11.526739437000288","0.4532739821821451","0.3090863888684128","1.0934712499355166","0.2367857142857143","0.0785714285714285","0.2465473485362293","0.4053998310591298","0.4178290268256483","0.7618307797023794","0.7339285714285714","0.0107142857142857","1.0","0.0","1.0602290002504986","0.0373212113976478","18"
"bottleneck","4","14390","icgp_rvo_mpc","0","0","0","0","0.5826217532157898","16.8","140","0.1855473071336746","0.9833127353340388","12.202758855681168","0.662002886798291","0.5259801935604108","0.7184091069835371","0.2960714285714286","0.1392857142857143","0.2959068800822371","0.4442045772096898","0.4624301504131438","0.8012354112544438","0.6732142857142858","0.0053571428571428","1.0","0.0","1.2898942438761394","0.103802935903271","19"
"bottleneck","4","14407","icgp_rvo_mpc","1","0","0","0","0.535991907119751","13.68","114","0.1557143628597259","0.986053640022874","12.102088684448972","0.798973241028618","0.5201927277815055","0.8495686401657989","0.3263157894736842","0.1798245614035087","0.193477711586843","0.3390355480951008","0.3524310756917994","0.673665929705169","0.7587719298245614","0.0","0.0","0.0","0.0","0.0","20"
"bottleneck","4","14424","icgp_rvo_mpc","0","0","0","0","0.6509554386138916","16.8","140","0.4072504639625549","0.9634637907147408","11.613061302421556","0.4486586170077706","0.336901060791154","0.9446917858180574","0.2225","0.0517857142857142","0.2483095456345319","0.4104197351492683","0.4206834920807941","0.7734913155723523","0.7428571428571429","0.0089285714285714","1.0","0.0","0.9968764781951904","0.0559840537980198","21"
"bottleneck","4","14441","icgp_rvo_mpc","0","0","0","0","0.5351569652557373","16.8","140","0.876980721950531","0.9214653372764589","11.43414980632224","0.5961551269475811","0.3644431713236762","0.8369098212564755","0.2967857142857142","0.1214285714285714","0.1806782764207735","0.3357865995274615","0.3470546575634964","0.6957080153994084","0.6946428571428571","0.0053571428571428","1.0","0.0","0.8435208527247111","0.0651892592509587","22"
"bottleneck","4","14458","icgp_rvo_mpc","1","0","1","0","0.450894147157669","13.56","113","0.1245887354016304","0.9888245677575468","12.040236829197966","0.7826858042320546","0.5330533898163554","0.7867305310967427","0.3176991150442478","0.1703539823008849","0.1404495965089549","0.2916277666872644","0.315094016629051","0.6431050916807863","0.7765486725663717","0.0","0.0","0.0","0.0","0.0","23"
"bottleneck","4","14475","icgp_rvo_mpc","0","0","0","0","0.6194468140602112","16.8","140","0.202413871884346","0.9818281307816504","11.923263132397553","0.5106353510941777","0.3472565513436815","0.7003424998921608","0.25","0.0982142857142857","0.2596298269686505","0.4137295305464291","0.4281509578112487","0.7828099320146499","0.6803571428571429","0.0089285714285714","1.0","0.0","1.0532854366970343","0.042484672665596","24"
"bottleneck","4","14492","icgp_rvo_mpc","0","0","0","0","0.6578382849693298","16.8","140","0.3632486164569855","0.9675157554447652","11.839912068295234","0.4939237519572738","0.3679796103986778","1.257938035321006","0.25","0.0803571428571428","0.2110642367116855","0.3677942869880482","0.3792623317476485","0.7612544037547045","0.6875","0.0071428571428571","1.0","0.0","1.0128466992054392","0.0454831978306174","25"
"bottleneck","4","14509","icgp_rvo_mpc","0","0","1","0","0.456816017627716","16.8","140","0.5541142821311951","0.9504367783665656","12.283684499587253","0.7112535532317582","0.4722428776822718","0.926993035994071","0.2957142857142857","0.1107142857142857","0.1609407139870426","0.3258096940393942","0.3349392001586742","0.6487746654490862","0.6892857142857143","0.0071428571428571","1.0","0.0","0.9777090895175934","0.0634398830588907","26"
"bottleneck","4","14526","icgp_rvo_mpc","0","0","0","0","0.6035760641098022","16.8","140","0.1751319617033004","0.9842940084636213","12.786270813150622","0.6345679529156769","0.4382475789968988","1.3408396424763072","0.3164285714285714","0.1696428571428571","0.2413858456423855","0.3953329914576241","0.4244800554567244","0.8169272959694731","0.6732142857142858","0.0053571428571428","1.0","0.0","1.1458669312795002","0.0905573811382055","27"
"bottleneck","4","14543","icgp_rvo_mpc","1","0","0","0","0.5458711385726929","13.32","111","0.191160038113594","0.982881136238575","11.969037824950648","0.8450664396739674","0.5790312444992565","0.8920612611922201","0.3306306306306306","0.1981981981981982","0.1627338594255606","0.3142112923505106","0.326685495933788","0.615323168350088","0.7522522522522522","0.0","0.0","0.0","0.0","0.0","28"
"bottleneck","4","14560","icgp_rvo_mpc","1","0","1","0","0.5192922949790955","13.32","111","0.1669036000967025","0.9850585581734776","11.785952794161858","0.7380716919104269","0.4823354721858023","0.8181968468151198","0.3027027027027027","0.1869369369369369","0.1785117711225224","0.331868383564222","0.3453264369546026","0.6906134916906115","0.713963963963964","0.0","0.0","0.0","0.0","0.0","29"
"bottleneck","4","14067","passive_rvo_mpc","0","0","1","0","0.4653908312320709","16.8","140","0.4087803959846496","0.9634001478552818","12.853366850111344","0.9007103026725027","0.6015385213441082","0.5063476786095374","0.3096428571428571","0.1482142857142857","0.1715422503910758","0.2962866650812557","0.3218352287134167","0.7237128545710494","0.6928571428571428","0.0017857142857142","1.0","0.0","0.0549512672424316","0.1988005638122558","0"
"bottleneck","4","14084","passive_rvo_mpc","0","0","1","0","0.5009819865226746","16.8","140","0.8216095566749573","0.9261564090847968","11.744907941407291","0.7305484542668896","0.4198219205319349","0.3980855356790665","0.2753571428571428","0.0857142857142857","0.1905837853843313","0.3183832078930211","0.3728467007338722","0.6876743591427626","0.65","0.0053571428571428","1.0","0.0","0.8996552356084188","0.0855348099643985","1"
"bottleneck","4","14101","passive_rvo_mpc","0","0","0","0","0.5569123029708862","16.8","140","0.7477728128433228","0.932683415710926","11.535791047217572","0.6412222504062811","0.4111421747399228","0.6394751786501729","0.2892857142857143","0.1160714285714285","0.1792289930477548","0.3098401228068043","0.3299449910772947","0.717825151927387","0.725","0.0035714285714285","1.0","0.0","0.5739622402191162","0.1217841941863298","2"
"bottleneck","4","14118","passive_rvo_mpc","0","0","0","0","0.6188603639602661","16.8","140","0.3137329816818237","0.9718546513468028","11.974768609303284","0.5980746988905074","0.448836285494534","0.5486728575306188","0.2828571428571428","0.1321428571428571","0.1833781659755203","0.3102645711587175","0.3362581712696647","0.7306188052861813","0.8","0.0053571428571428","1.0","0.0","0.8001818944949023","0.091349174020191","3"
"bottleneck","4","14135","passive_rvo_mpc","0","0","0","0","0.7189207673072815","16.8","140","0.2845704257488251","0.9744313526898624","12.510662639560906","0.648385669707516","0.4257522530853748","0.4745330356594682","0.2932142857142857","0.1321428571428571","0.1830031712005709","0.3076031723645365","0.3441879969182245","0.7721337361789695","0.7196428571428571","0.0017857142857142","1.0","0.0","0.0573842156995808","0.1977028846740722","4"
"bottleneck","4","14152","passive_rvo_mpc","0","0","0","0","0.5236055254936218","16.8","140","1.191730260848999","0.8929972425103188","12.180104198720072","0.8465998563009115","0.547913587918239","0.5524262500849935","0.3889285714285714","0.1714285714285714","0.0965567496067038","0.2292445769501534","0.2791702031375362","0.5429889770305288","0.7785714285714286","0.0035714285714285","1.0","0.0","0.060961442736577","0.1869583129882812","5"
"bottleneck","4","14169","passive_rvo_mpc","0","0","0","0","0.624144971370697","16.8","140","0.6100088357925415","0.945204347372055","11.808222130246577","0.6025800646898071","0.3653323576719101","0.6929428571701075","0.2682142857142857","0.0821428571428571","0.1979838520938175","0.3265891197972352","0.3654511292464579","0.7261275490080219","0.6875","0.0053571428571428","1.0","0.0","0.9323508469263712","0.0623479649424552","6"
"bottleneck","4","14186","passive_rvo_mpc","0","0","0","0","0.612211287021637","16.8","140","0.342730849981308","0.9691422767937184","11.899826648594171","0.6081499436441975","0.3924201569054276","0.4043662499498168","0.2628571428571428","0.1125","0.2025951451974166","0.3292935695304804","0.3549535599394269","0.7578102096135159","0.6928571428571428","0.0053571428571428","1.0","0.0","0.7380962810674312","0.0641553457981596","7"
"bottleneck","4","14203","passive_rvo_mpc","0","0","1","0","0.5028550624847412","16.8","140","0.2970909774303436","0.9734623897820712","12.843079161766582","0.8770937348167146","0.6340700803790241","0.3807528571867026","0.3125","0.1589285714285714","0.1782517221631878","0.3014289495674384","0.3333176817541015","0.6792751625486387","0.7303571428571428","0.0035714285714285","1.0","0.0","0.6858623585846413","0.1053068917244672","8"
"bottleneck","4","14220","passive_rvo_mpc","0","0","1","0","0.4795611798763275","16.8","140","0.4867952466011047","0.9563756100833416","12.533799106826336","0.8439269321472759","0.5722740086760106","0.4324230355190853","0.3114285714285714","0.15","0.1730365187929778","0.2998977770354527","0.3400054238841066","0.6733733605724723","0.6839285714285714","0.0035714285714285","1.0","0.0","0.6567316937446595","0.1260064141824841","9"
"bottleneck","4","14237","passive_rvo_mpc","0","0","1","0","0.4401367306709289","16.8","140","0.7907238006591797","0.9290205538272858","12.653188311698614","0.9772899667923672","0.9121827085968108","0.50807482154726","0.3071428571428571","0.1875","0.1987869496106463","0.3135353929012411","0.3590947751888655","0.6393331668889474","0.7","0.0017857142857142","1.0","0.0","0.4630343127250671","-0.0986686825752258","10"
"bottleneck","4","14254","passive_rvo_mpc","0","0","0","0","0.5487334132194519","16.8","140","0.5720627903938293","0.9484904110431672","11.961774762290588","0.633018108217844","0.3821934735202896","0.5998439285446823","0.2664285714285714","0.0839285714285714","0.2094958653125925","0.3320772785884619","0.3726688153360692","0.7283558268376596","0.6535714285714286","0.0053571428571428","1.0","0.0","0.9808787234624228","0.0651998195797204","11"
"bottleneck","4","14271","passive_rvo_mpc","0","0","0","0","0.6185287833213806","16.8","140","0.2615030705928802","0.9765383079648018","12.172744184426849","0.5932843786061442","0.404242380555453","0.4128298215878853","0.2696428571428571","0.1178571428571428","0.205532728309645","0.3321810134582217","0.3590209118439299","0.7609169918857651","0.7375","0.0035714285714285","1.0","0.0","0.670682859374385","0.1004605062305927","12"
"bottleneck","4","14288","passive_rvo_mpc","0","0","1","0","0.4542732238769531","16.8","140","0.195093959569931","0.9824287667870522","12.77256080209918","0.9043492742564664","0.6024281232750841","0.5533325000994539","0.2960714285714286","0.1428571428571428","0.1769921803911153","0.2972000712594504","0.3267367009337336","0.6795565842044112","0.7375","0.0017857142857142","1.0","0.0","0.0625739700211679","0.1994233131408691","13"
"bottleneck","4","14305","passive_rvo_mpc","0","0","0","0","0.621055006980896","16.8","140","0.3830216228961944","0.9655432105064392","12.442660282787983","0.6555875701275519","0.4387525644752064","0.5848539283111417","0.3096428571428571","0.1392857142857143","0.1791587792979651","0.3055621541900388","0.3572361609383714","0.7153016454428833","0.7285714285714285","0.0017857142857142","1.0","0.0","0.0548599843045294","0.1989998817443847","14"
"bottleneck","4","14322","passive_rvo_mpc","0","0","0","0","0.6672753691673279","16.8","140","0.2993240654468536","0.9731705710291862","12.049605098814936","0.5836900983571208","0.3833286384253629","0.6227641071356109","0.2610714285714285","0.1160714285714285","0.1882575002757895","0.3119994202652895","0.3331895990184883","0.7566606076037488","0.7607142857142857","0.0053571428571428","1.0","0.0","0.8112722107590552","0.0665202647447586","15"
"bottleneck","4","14339","passive_rvo_mpc","0","0","0","0","0.5624023079872131","16.8","140","0.1698376983404159","0.984782475978136","12.116676255824132","0.6444708691897436","0.3952594523783773","0.5692660715145134","0.2478571428571428","0.1035714285714285","0.1984600104919818","0.3251404200761096","0.3490088686491742","0.758787215570582","0.6875","0.0089285714285714","1.0","0.0","1.000384877113062","0.0473595306649804","16"
"bottleneck","4","14356","passive_rvo_mpc","0","0","0","0","0.620015025138855","16.8","140","0.3111821115016937","0.9720811881124972","12.001302975722863","0.6104253808369062","0.402534662220361","1.0319323213999658","0.2764285714285714","0.125","0.1882640674699461","0.3151437750122747","0.3390005383026133","0.7477002438336471","0.7553571428571428","0.0053571428571428","1.0","0.0","0.7847291954134111","0.0595143356050054","17"
"bottleneck","4","14373","passive_rvo_mpc","0","1","1","0","0.3775711059570312","16.8","140","0.6768788695335388","0.939238402992487","11.875863725501404","0.7136266029335925","0.4363449163851328","0.7871266069092339","0.3117857142857143","0.1357142857142857","0.1877802254505776","0.3135121967491233","0.3692631053782406","0.6855580542044795","0.6160714285714286","0.0017857142857142","1.0","0.0","0.0549674797058105","0.1995935440063476","18"
"bottleneck","4","14390","passive_rvo_mpc","0","0","0","0","0.5657835602760315","16.8","140","0.2625506520271301","0.9763874113559724","12.986438808344246","0.777703809751048","0.5374008665160676","1.1416541072841415","0.3153571428571428","0.1535714285714285","0.1747719184102762","0.3014193463963249","0.3365246025200242","0.6957493594620962","0.7","0.0035714285714285","1.0","0.0","0.6981883156549902","0.1066879506688564","19"
"bottleneck","4","14407","passive_rvo_mpc","0","0","1","0","0.4671242237091064","16.8","140","0.2534748613834381","0.9772978443652393","13.015341859703767","0.8227823200339377","0.55217850797344","0.7512564284427624","0.3157142857142857","0.1625","0.1653058202681782","0.292293121956994","0.3276763375641188","0.651316686095448","0.7464285714285714","0.0017857142857142","1.0","0.0","0.0594931245374806","0.1986489295959472","20"
"bottleneck","4","14424","passive_rvo_mpc","0","0","0","0","0.6200733184814453","16.8","140","1.2300937175750732","0.8896429464221001","11.32705456763506","0.5872483633524098","0.3468665877822786","0.7197976782013679","0.2932142857142857","0.0821428571428571","0.1834498051260971","0.313252576253063","0.3554114455065207","0.6994739111844708","0.6571428571428571","0.0089285714285714","1.0","0.0","0.8879730415344238","0.1294248595461249","21"
"bottleneck","4","14441","passive_rvo_mpc","0","0","1","0","0.4774226248264313","16.8","140","0.6865966320037842","0.938514456152916","11.763598713449028","0.698932979392079","0.4025783371196926","0.836925535427976","0.2832142857142857","0.1017857142857142","0.2073832445325527","0.3330020803054769","0.3900495345904278","0.7239673294979226","0.6339285714285714","0.0053571428571428","1.0","0.0","0.924667092959086","0.1786551820735137","22"
"bottleneck","4","14458","passive_rvo_mpc","0","0","1","0","0.4664212763309479","16.8","140","1.322148084640503","0.88140519708395","11.210287110614445","0.659746113125792","0.3942127405200153","0.6047039285606713","0.2882142857142857","0.0857142857142857","0.1916137233239932","0.3230352171566654","0.3703458837061359","0.6937213082713202","0.6803571428571429","0.0071428571428571","1.0","0.0","0.7169368851184845","0.1015679957228712","23"
"bottleneck","4","14475","passive_rvo_mpc","0","0","1","0","0.4560973048210144","16.8","140","0.8226267695426941","0.9261480122804642","11.736671646038303","0.7149079018565186","0.4130525009839662","0.598997857248053","0.2732142857142857","0.0857142857142857","0.185975363104422","0.3142983483743124","0.3593954723431184","0.710781968765986","0.6303571428571428","0.0053571428571428","1.0","0.0","0.9204687404632568","0.0773600504423181","24"
"bottleneck","4","14492","passive_rvo_mpc","0","0","0","0","0.6452730298042297","16.8","140","0.6469147801399231","0.942148331552744","12.081630748551106","0.6333124897780035","0.402043818788869","1.0462278572958894","0.2803571428571428","0.1017857142857142","0.1749447858673316","0.3022608376130812","0.3421356806251057","0.7192147208240683","0.7053571428571429","0.0053571428571428","1.0","0.0","0.9592752981185914","0.0699196753654784","25"
"bottleneck","4","14509","passive_rvo_mpc","0","0","0","0","0.5640290379524231","16.8","140","0.8574767708778381","0.9233022630214692","11.93589162540593","0.6799092380059717","0.4191084900737873","0.7432137500602819","0.2885714285714286","0.0946428571428571","0.1797191796441875","0.3056569595907308","0.3598266615628648","0.6837357126814817","0.6839285714285714","0.0035714285714285","1.0","0.0","0.5920856881141663","0.1081984583288431","26"
"bottleneck","4","14526","passive_rvo_mpc","0","0","0","0","0.6004281640052795","16.8","140","0.5922252535820007","0.9468887113034724","11.92445915616554","0.6294128724511081","0.4095533252128266","0.8029630356759299","0.2717857142857143","0.1125","0.2027613423279444","0.3273677534388198","0.3716353217909095","0.7517524933065243","0.6714285714285714","0.0053571428571428","1.0","0.0","1.034235291481018","0.0689513107140858","27"
"bottleneck","4","14543","passive_rvo_mpc","0","0","0","0","0.520744800567627","16.8","140","0.4770826995372772","0.957276038825512","12.216099895289515","0.7184860477296752","0.4444120315502264","0.7120694646281274","0.2871428571428571","0.1089285714285714","0.1846765511001968","0.308993792274388","0.3500462711683117","0.703081510278265","0.6875","0.0017857142857142","1.0","0.0","0.0559161828889527","0.2005500793457031","28"
"bottleneck","4","14560","passive_rvo_mpc","0","0","0","0","0.6214678287506104","16.8","140","0.3134375214576721","0.9719406384974718","11.981759696693189","0.5823539092230411","0.374351094004565","0.7656423214159856","0.2860714285714286","0.1482142857142857","0.1987817493046491","0.3236002121049095","0.3449290178294862","0.7619946881226466","0.7553571428571428","0.0089285714285714","1.0","0.0","0.979288895911164","0.0503300501871853","29"
"bottleneck","4","14067","rvo_reactive","0","0","0","0","0.8380710786214062","16.8","140","0.1830272674560547","0.9836127869784832","12.095405492989812","0.2317908998977925","0.1858709376438387","0.0","0.0","0.0","0.0","0.0","0.0","0.0","0.5625","0.0017857142857142","1.0","0.0","1.2950728940963745","-0.0072855059057474","0"
"bottleneck","4","14084","rvo_reactive","0","0","0","0","0.840029067993164","16.8","140","0.3095293641090393","0.9721805080771446","12.049937742420298","0.2489578044075252","0.1677494525310716","0.0","0.0","0.0","0.0","0.0","0.0","0.0","0.6053571428571428","0.0017857142857142","1.0","0.0","1.1885695266723633","0.026672214269638","1"
"bottleneck","4","14101","rvo_reactive","0","0","0","0","0.8400816683769907","16.8","140","0.2673794627189636","0.9759297594428062","11.973087456564826","0.2429248125758022","0.205237759463489","0.0","0.0","0.0","0.0","0.0","0.0","0.0","0.5660714285714286","0.0017857142857142","1.0","0.0","1.3011979866027832","0.0024900324642658","2"
"bottleneck","4","14118","rvo_reactive","1","0","0","0","0.8383155760256609","16.68","139","0.1828643679618835","0.9835950266569852","12.173258391627314","0.2414803328109811","0.189995979796425","0.0","0.0","0.0","0.0","0.0","0.0","0.0","0.6007194244604317","0.0","0.0","0.0","0.0","0.0","3"
"bottleneck","4","14135","rvo_reactive","1","0","0","0","0.8395488416917506","16.439999999999998","137","0.1833810806274414","0.9835232123732568","12.073788838315522","0.242457089163057","0.1835281511523971","0.0","0.0","0.0","0.0","0.0","0.0","0.0","0.6003649635036497","0.0","0.0","0.0","0.0","0.0","4"
"bottleneck","4","14152","rvo_reactive","1","0","0","0","0.839411438763259","16.68","139","0.1581545174121856","0.985799664631486","12.188227472244762","0.2257579098499159","0.1604554144357391","0.0","0.0","0.0","0.0","0.0","0.0","0.0","0.6205035971223022","0.0","0.0","0.0","0.0","0.0","5"
"bottleneck","4","14169","rvo_reactive","0","0","0","0","0.8364224305371449","16.8","140","0.2009184956550598","0.9819519650191068","12.179514735798875","0.2325768072740174","0.1579649628938308","0.0","0.0","0.0","0.0","0.0","0.0","0.0","0.6196428571428572","0.0","0.0","0.0","0.0","0.0","6"
"bottleneck","4","14186","rvo_reactive","1","0","0","0","0.838522158645831","15.84","132","0.1791439950466156","0.9838707968592644","11.924559753402718","0.2641977493467768","0.2201160706904237","0.0","0.0","0.0","0.0","0.0","0.0","0.0","0.5492424242424242","0.0","0.0","0.0","0.0","0.0","7"
"bottleneck","4","14203","rvo_reactive","1","0","0","0","0.840068822426784","16.32","136","0.1622805893421173","0.9855043087154628","12.133732729984333","0.2497065495768123","0.2064223780556965","0.0","0.0","0.0","0.0","0.0","0.0","0.0","0.5588235294117647","0.0","0.0","0.0","0.0","0.0","8"
"bottleneck","4","14220","rvo_reactive","1","0","0","0","0.8357543769555462","16.439999999999998","137","0.1700235605239868","0.9847632572054864","12.129943488107529","0.2368900502477874","0.1895786876633872","0.0","0.0","0.0","0.0","0.0","0.0","0.0","0.5638686131386861","0.0018248175182481","1.0","0.0","1.2649990129470825","0.0005668085068464","9"
"bottleneck","4","14237","rvo_reactive","0","0","0","0","0.8401690196990966","16.8","140","0.1957296729087829","0.9824302941560744","12.044555696193129","0.2239183617356632","0.1966603538154491","0.0","0.0","0.0","0.0","0.0","0.0","0.0","0.5714285714285714","0.0017857142857142","1.0","0.0","1.2927884864807129","-0.0029408570379018","10"
"bottleneck","4","14254","rvo_reactive","0","0","0","0","0.8400144102538321","16.8","140","0.2537756562232971","0.9771495722234248","12.068444971533609","0.2418917971288985","0.1615170226565429","0.0","0.0","0.0","0.0","0.0","0.0","0.0","0.6160714285714286","0.0017857142857142","1.0","0.0","1.056850175857544","0.0238975062966346","11"
"bottleneck","4","14271","rvo_reactive","0","0","0","0","0.8398523814171829","16.8","140","0.3528491258621216","0.9683428667485714","12.011591512142331","0.2325196280942431","0.1659207959260259","0.0","0.0","0.0","0.0","0.0","0.0","0.0","0.5928571428571429","0.0017857142857142","1.0","0.0","1.300129632949829","-0.0072438836097717","12"
"bottleneck","4","14288","rvo_reactive","1","0","0","0","0.8400437307357788","16.68","139","0.1654810309410095","0.985095868818462","12.109412734687794","0.2462693687089511","0.1611375004160318","0.0","0.0","0.0","0.0","0.0","0.0","0.0","0.60431654676259","0.0","0.0","0.0","0.0","0.0","13"
"bottleneck","4","14305","rvo_reactive","1","0","0","0","0.838404982843951","16.32","136","0.1790749579668045","0.98389033973217","12.022965478143306","0.2501446817837217","0.1814830348525634","0.0","0.0","0.0","0.0","0.0","0.0","0.0","0.6121323529411765","0.0","0.0","0.0","0.0","0.0","14"
"bottleneck","4","14322","rvo_reactive","0","0","0","0","0.8399863948137364","16.8","140","0.2157011032104492","0.9806659799069166","12.119502945774002","0.2440307754025395","0.1840990716857569","0.0","0.0","0.0","0.0","0.0","0.0","0.0","0.6035714285714285","0.0017857142857142","1.0","0.0","1.1747779655456545","0.0182669542729854","15"
"bottleneck","4","14339","rvo_reactive","1","0","0","0","0.8389285346145429","16.8","140","0.1531157046556472","0.9862807728350164","12.190391142794397","0.2524625630417306","0.2070614678186497","0.0","0.0","0.0","0.0","0.0","0.0","0.0","0.5732142857142857","0.0017857142857142","1.0","0.0","1.2606116342544555","0.0122304409742355","16"
"bottleneck","4","14356","rvo_reactive","1","0","0","0","0.8400642347335815","16.8","140","0.1719296425580978","0.9845747193321586","12.184372001094744","0.2260549131805809","0.1524312795206372","0.0","0.0","0.0","0.0","0.0","0.0","0.0","0.6142857142857143","0.0017857142857142","1.0","0.0","1.272134404182434","-0.0078288555145263","17"
"bottleneck","4","14373","rvo_reactive","1","0","0","0","0.8400860500335693","16.08","134","0.167193979024887","0.9849914461374284","12.07032319396967","0.2318486502826728","0.170468883915568","0.0","0.0","0.0","0.0","0.0","0.0","0.0","0.5615671641791045","0.0","0.0","0.0","0.0","0.0","18"
"bottleneck","4","14390","rvo_reactive","1","0","0","0","0.8400099270169531","16.08","134","0.1679332852363586","0.9848968591541052","11.984173468314111","0.2602111680820626","0.188332622008982","0.0","0.0","0.0","0.0","0.0","0.0","0.0","0.6007462686567164","0.0","0.0","0.0","0.0","0.0","19"
"bottleneck","4","14407","rvo_reactive","1","0","0","0","0.8400072782818423","16.2","135","0.1742728650569915","0.9843914713710546","12.118873441504547","0.2416903227550426","0.1903833000679259","0.0","0.0","0.0","0.0","0.0","0.0","0.0","0.6018518518518519","0.0018518518518518","1.0","0.0","1.091199140548706","-0.001363668590784","20"
"bottleneck","4","14424","rvo_reactive","1","0","0","0","0.8380859311639384","16.8","140","0.1702060997486114","0.9847300704568624","12.163239901601628","0.2425808257764271","0.1692006872102086","0.0","0.0","0.0","0.0","0.0","0.0","0.0","0.6196428571428572","0.0017857142857142","1.0","0.0","1.1947047519683838","0.0333755165338516","21"
"bottleneck","4","14441","rvo_reactive","1","0","0","0","0.8401334742374803","16.2","135","0.1709766387939453","0.9846888389438392","12.05831452637358","0.2365701340190652","0.1745505751559028","0.0","0.0","0.0","0.0","0.0","0.0","0.0","0.5555555555555556","0.0","0.0","0.0","0.0","0.0","22"
"bottleneck","4","14458","rvo_reactive","0","0","0","0","0.8351288989291231","16.8","140","0.2484453916549682","0.9777148012071848","12.155797543688095","0.2410301138314285","0.1745204589595752","0.0","0.0","0.0","0.0","0.0","0.0","0.0","0.5625","0.0","0.0","0.0","0.0","0.0","23"
"bottleneck","4","14475","rvo_reactive","1","0","0","0","0.8391165153936491","16.2","135","0.182181715965271","0.9836444891989232","12.050851360487286","0.2275570065990366","0.1829128007438999","0.0","0.0","0.0","0.0","0.0","0.0","0.0","0.5796296296296296","0.0","0.0","0.0","0.0","0.0","24"
"bottleneck","4","14492","rvo_reactive","1","0","0","0","0.8400162638161547","16.68","139","0.1694068908691406","0.984850444830954","12.222478753399628","0.2345429234836491","0.1820268700060119","0.0","0.0","0.0","0.0","0.0","0.0","0.0","0.5863309352517986","0.0017985611510791","1.0","0.0","1.2847490119934082","0.0142184421420097","25"
"bottleneck","4","14509","rvo_reactive","0","0","0","0","0.8394510209425214","16.8","140","0.3808422684669494","0.9659352414309978","12.073423314359388","0.2507696947032984","0.1593043943800564","0.0","0.0","0.0","0.0","0.0","0.0","0.0","0.6303571428571428","0.0","0.0","0.0","0.0","0.0","26"
"bottleneck","4","14526","rvo_reactive","1","0","0","0","0.8400094640234645","16.8","140","0.1640875339508056","0.9852844830602407","12.177908173282049","0.2538256376316505","0.1960115737015647","0.0","0.0","0.0","0.0","0.0","0.0","0.0","0.5767857142857142","0.0017857142857142","1.0","0.0","1.0662834453582763","0.0433439392130821","27"
"bottleneck","4","14543","rvo_reactive","0","0","0","0","0.5529485940933228","16.8","140","0.1245819777250289","0.9888433692976832","12.213142240590969","0.2765734469850681","0.2155063061110143","0.0","0.0","0.0","0.0","0.0","0.0","0.0","0.5607142857142857","0.0017857142857142","1.0","0.0","1.2906660842895508","-0.0056778215803205","28"
"bottleneck","4","14560","rvo_reactive","1","0","0","0","0.8400053453445434","16.32","136","0.1652384251356125","0.9852076265960932","12.10686669316783","0.2214219810198033","0.1569593684364329","0.0","0.0","0.0","0.0","0.0","0.0","0.0","0.5533088235294118","0.0","0.0","0.0","0.0","0.0","29"
"bottleneck","8","18067","constant_velocity_mpc","0","1","1","0","0.3536301851272583","16.8","140","8.753592491149902","0.2020654678344726","9.99768562571262","2.1948977765361115","1.009843643541847","0.0","0.0644642857142857","0.0348214285714285","0.448637000968636","0.5027915015245025","0.5027930769763789","0.502791502455825","0.0","0.0008928571428571","1.0","0.0","0.9174661445617676","0.1154994964599609","0"
"bottleneck","8","18084","constant_velocity_mpc","0","0","1","0","0.470184713602066","16.8","140","7.289688110351562","0.3357593417167663","10.108065858521512","1.9221010896776405","1.0456237401813269","0.0","0.0660714285714285","0.0205357142857142","0.6432869695078456","0.7027650635931367","0.7027650667862427","0.7027650650300344","0.0","0.0035714285714285","1.0","0.0","2.415010206699371","0.0248881294915918","1"
"bottleneck","8","18101","constant_velocity_mpc","0","0","1","0","0.4667282402515411","16.8","140","6.364251613616943","0.420546293258667","10.862512196588796","1.909338011007224","0.95729481450149","0.0","0.0626785714285714","0.0223214285714285","0.4788039385707747","0.5379392528946221","0.5379392570988782","0.5379392543315197","0.0","0.0008928571428571","1.0","0.0","1.1239288854599","0.1977167129516601","2"
"bottleneck","8","18118","constant_velocity_mpc","0","1","1","0","0.4163516759872436","16.8","140","8.383354187011719","0.237034797668457","10.39571112158592","2.2085768718804637","1.0401233632649691","0.0","0.0553571428571428","0.0151785714285714","0.4688448821493438","0.526520105433968","0.5270997304827757","0.52652010740305","0.0","0.0","0.0","0.0","0.0","0.0","3"
"bottleneck","8","18135","constant_velocity_mpc","0","1","1","0","0.4019790589809418","16.8","140","8.549032211303711","0.2206121683120727","9.543113971565615","2.085191615937012","1.1383789630872865","0.0","0.0630357142857142","0.0285714285714285","0.4387769937344247","0.4946631890472976","0.4946631935974735","0.4946631902713215","0.0","0.0017857142857142","1.0","0.0","0.6043580281734466","0.082344913482666","4"
"bottleneck","8","18152","constant_velocity_mpc","0","1","1","0","0.4064435660839081","16.8","140","8.76766300201416","0.2010398507118225","10.383842393799569","2.089519236507892","1.048818918836436","0.0","0.0810714285714285","0.0392857142857142","0.4104621679708808","0.467646337278049","0.4676463422273633","0.467646340471155","0.0","0.0026785714285714","1.0","0.0","1.061223686536153","-0.0251326560974121","5"
"bottleneck","8","18169","constant_velocity_mpc","0","1","1","0","0.3284784257411957","16.8","140","8.63734245300293","0.214286208152771","8.779996956203831","2.093783946388534","1.2289327573563371","0.0","0.0517857142857142","0.0223214285714285","0.4568389894535468","0.5097257324918438","0.5097457873925965","0.5097257333433387","0.0","0.0","0.0","0.0","0.0","0.0","6"
"bottleneck","8","18186","constant_velocity_mpc","0","1","1","0","0.4317308664321899","16.8","140","8.505720138549805","0.225407063961029","10.520702090638224","2.2194551059177945","1.0338142777660064","0.0","0.0676785714285714","0.0258928571428571","0.4553501753022002","0.5139749802209538","0.5140056871502628","0.5139749823496912","0.0","0.0008928571428571","1.0","0.0","1.0389996576309204","0.1256961822509765","7"
"bottleneck","8","18203","constant_velocity_mpc","0","0","1","0","0.453862190246582","16.8","140","8.449756622314453","0.2289986610412597","9.802979752188548","1.7901056307234935","0.9862501019878048","0.0","0.08125","0.0383928571428571","0.4122702023466241","0.4684250048964585","0.4684250103779571","0.4684250073711157","0.0","0.0026785714285714","1.0","0.0","0.4681052772204081","-0.1684657414754231","8"
"bottleneck","8","18220","constant_velocity_mpc","0","1","1","0","0.412042498588562","16.8","140","8.976053237915039","0.1826134324073791","10.60812499606982","2.1601520748010703","0.9524854338594846","0.0","0.0557142857142857","0.0223214285714285","0.4498538406117617","0.4998094550665423","0.4998094604948224","0.4998094555987266","0.0","0.0","0.0","0.0","0.0","0.0","9"
"bottleneck","8","18237","constant_velocity_mpc","0","1","1","0","0.3767370581626892","16.8","140","8.509852409362793","0.2249484658241272","9.412461323510795","2.037106649780513","1.1292286212156926","0.0","0.0907142857142857","0.05","0.4060554651033572","0.4637653926726714","0.4638418485882842","0.4637653946949719","0.0","0.0026785714285714","1.0","0.0","0.3708257683118184","0.0254617055257161","10"
"bottleneck","8","18254","constant_velocity_mpc","0","1","1","0","0.3951341211795807","16.8","140","8.551674842834473","0.2191493511199951","10.40438564406577","2.033436263086541","1.0579841873475484","0.0","0.0921428571428571","0.0330357142857142","0.4030033741115983","0.4612623892965938","0.4612623950441845","0.4612623909463652","0.0","0.0017857142857142","1.0","0.0","0.1405274677276611","-0.1872312545776367","11"
"bottleneck","8","18271","constant_velocity_mpc","0","1","1","0","0.4174475967884063","16.8","140","8.514999389648438","0.2230387926101684","9.970149157888956","2.0907537024102307","0.997036884139691","0.0","0.0521428571428571","0.0258928571428571","0.4559962491750655","0.5108059125949836","0.511379790532011","0.5108059140318814","0.0","0.0","0.0","0.0","0.0","0.0","12"
"bottleneck","8","18288","constant_velocity_mpc","0","1","1","0","0.3715158402919769","16.8","140","8.637289047241211","0.2147788405418396","9.757590004999656","2.0048875479825905","1.080388523318938","0.0","0.0653571428571428","0.0348214285714285","0.4209045271744452","0.4745681882118626","0.4747949205819071","0.4745681899148524","0.0","0.0026785714285714","1.0","0.0","0.6455673185984293","0.070139726003011","13"
"bottleneck","8","18305","constant_velocity_mpc","0","1","1","0","0.4132653772830963","16.8","140","8.810652732849121","0.1973658800125122","10.125167345788212","2.1417189306845623","0.9899837959025588","0.0","0.0782142857142857","0.0366071428571428","0.4227047861382515","0.4762392826289645","0.4762392889087396","0.4762392845448281","0.0","0.0","0.0","0.0","0.0","0.0","14"
"bottleneck","8","18322","constant_velocity_mpc","0","0","1","0","0.4554477632045746","16.8","140","8.590509414672852","0.2163558006286621","8.964474247775797","2.082196740806103","1.082508325204253","0.0","0.0598214285714285","0.0258928571428571","0.4150241972577871","0.4667144586748087","0.4667144635442953","0.466714460803546","0.0","0.0","0.0","0.0","0.0","0.0","15"
"bottleneck","8","18339","constant_velocity_mpc","0","1","1","0","0.4352782964706421","16.8","140","8.83300495147705","0.1944819688796997","10.057071594143054","2.138415638250964","0.9931254230439664","0.0","0.0596428571428571","0.0205357142857142","0.4537923031257551","0.5028981371649003","0.5031588415481544","0.5028981384687519","0.0","0.0","0.0","0.0","0.0","0.0","16"
"bottleneck","8","18356","constant_velocity_mpc","0","1","1","0","0.3673462569713592","16.8","140","8.806741714477539","0.1986867785453796","10.49993321216607","2.161505858280829","1.1167702884014163","0.0","0.0776785714285714","0.0428571428571428","0.4498483802802317","0.503042294202085","0.5030422995771466","0.5030422967565698","0.0","0.0026785714285714","1.0","0.0","0.4079635349909464","-0.1616200764973958","17"
"bottleneck","8","18373","constant_velocity_mpc","0","1","1","0","0.3967268168926239","16.8","140","8.248331069946289","0.2482879161834716","10.507092336658388","2.0901213092463355","1.004245942671384","0.0","0.0967857142857142","0.0410714285714285","0.3803338642858617","0.4426338410716886","0.4427051041721084","0.4426338424553679","0.0","0.0017857142857142","1.0","0.0","0.0980380284786224","-0.200092601776123","18"
"bottleneck","8","18390","constant_velocity_mpc","0","1","1","0","0.3676729500293731","16.8","140","8.424638748168945","0.2318580150604248","10.627085538464598","2.2159410528672328","1.0119864460613046","0.0","0.0867857142857142","0.0428571428571428","0.4002316899156375","0.4619145665839749","0.4619145715998122","0.4619145686594939","0.0","0.0026785714285714","1.0","0.0","0.7771070607503255","-0.1205155372619628","19"
"bottleneck","8","18407","constant_velocity_mpc","0","0","1","0","0.488802969455719","16.8","140","8.92226505279541","0.1863002181053161","10.080565770607793","2.1273170606366225","1.0123200065855469","0.0","0.0578571428571428","0.0125","0.4329722434755264","0.4900383313176731","0.4900383361339413","0.490038333765721","0.0","0.0008928571428571","1.0","0.0","0.8260490703582763","-0.0301750183105468","20"
"bottleneck","8","18424","constant_velocity_mpc","0","1","1","0","0.3518964350223541","16.8","140","8.541424751281738","0.2219757437705993","10.185629407787928","2.209216637051265","1.014312674424478","0.0","0.0735714285714285","0.0401785714285714","0.4599840990784389","0.5180011736867279","0.5182473507150605","0.5180011760283391","0.0","0.0","0.0","0.0","0.0","0.0","21"
"bottleneck","8","18441","constant_velocity_mpc","0","0","1","0","0.4401736259460449","16.8","140","8.517375946044922","0.2227910757064819","10.722374297154602","2.220409499002354","1.1082975677081517","0.0","0.0760714285714285","0.0276785714285714","0.4391893235651084","0.4947172946588767","0.4947172988099144","0.4947172979318103","0.0","0.0026785714285714","1.0","0.0","0.5749253439903259","-0.1745871225992838","22"
"bottleneck","8","18458","constant_velocity_mpc","0","1","1","0","0.4391058087348938","16.8","140","7.143881320953369","0.3485622406005859","10.485492400119256","1.830358367200409","0.8802948170474597","0.0","0.0508928571428571","0.0223214285714285","0.6509917682626443","0.7039218668821915","0.7039218704212172","0.7039218679997786","0.0","0.0026785714285714","1.0","0.0","2.979024176597596","-0.0559632819611579","23"
"bottleneck","8","18475","constant_velocity_mpc","0","1","1","0","0.3723911643028259","16.8","140","8.41292667388916","0.2337421178817749","10.468977263604756","1.999927716209952","1.0675794148019382","0.0","0.0633928571428571","0.03125","0.4447241872275834","0.4954873518222096","0.495487357410145","0.4954873541638206","0.0","0.0017857142857142","1.0","0.0","0.6906406688690185","-0.1879515647888183","24"
"bottleneck","8","18492","constant_velocity_mpc","0","1","1","0","0.4196532666683197","16.8","140","8.601600646972656","0.216562271118164","9.544077806365747","2.094826000290257","1.1568867821246385","0.0","0.0648214285714285","0.0214285714285714","0.4109215670262991","0.46810834542984","0.4681083500864528","0.4681083466006455","0.0","0.0008928571428571","1.0","0.0","0.9223807859420776","0.2461366653442382","25"
"bottleneck","8","18509","constant_velocity_mpc","0","1","1","0","0.2852755188941955","16.8","140","7.364475727081299","0.3286134600639343","11.161160423125692","1.8649674656135693","0.7050344582114901","0.0","0.0717857142857142","0.03125","0.6295529918407183","0.6852917728817924","0.68529177737875","0.6852917744783454","0.0","0.0044642857142857","1.0","0.0","1.8947566699981688","-0.0236780635174363","26"
"bottleneck","8","18526","constant_velocity_mpc","0","1","1","0","0.3448233604431152","16.8","140","8.455988883972168","0.228738248348236","10.790825828589732","2.0607176201684134","0.995042214010443","0.0","0.1055357142857142","0.0526785714285714","0.3968225057957788","0.4594254684611331","0.4594254720400726","0.4594254708559626","0.0","0.0008928571428571","1.0","0.0","0.2882315325736999","-0.1784330368041992","27"
"bottleneck","8","18543","constant_velocity_mpc","0","1","1","0","0.391168862581253","16.8","140","8.708674430847168","0.2057053446769714","9.410352721461097","2.089769778951138","1.0946692715265922","0.0","0.0803571428571428","0.0375","0.4265793665799599","0.4790386786247369","0.479342827024141","0.4790386801680715","0.0","0.0008928571428571","1.0","0.0","1.1496826219558716","-0.2134941101074218","28"
"bottleneck","8","18560","constant_velocity_mpc","0","1","1","0","0.4295635223388672","16.8","140","8.783257484436035","0.201601505279541","9.729950614768311","2.2096316970352614","1.1323033015642847","0.0","0.0569642857142857","0.025","0.4721390074591359","0.5277458328406487","0.52791494909927","0.5277458353951334","0.0","0.0008928571428571","1.0","0.0","1.0164092588424682","0.0825557708740234","29"
"bottleneck","8","18067","icgp_rvo_mpc","0","0","0","0","0.6914556622505188","16.8","140","2.628988742828369","0.7603542804718018","10.23289876335548","0.9285550220736436","0.8999288952776364","0.5978103571643649","0.5225","0.2446428571428571","-0.0760375017977495","0.0921639812029434","0.0932908533656772","0.3588695833905855","0.8116071428571429","0.0071428571428571","1.0","0.0","0.2129144498221679","0.1770610809326172","0"
"bottleneck","8","18084","icgp_rvo_mpc","0","0","0","0","0.7449414134025574","16.8","140","3.2020628452301025","0.7082261443138123","9.972623527053656","0.9001231813537223","0.8749817996684994","0.6400182143092285","0.5594642857142857","0.2321428571428571","-0.0922198848166549","0.0860588851996801","0.0882771417229533","0.3654820208052629","0.8383928571428572","0.0071428571428571","1.0","0.0","0.1639120030403136","0.1493357986211776","1"
"bottleneck","8","18101","icgp_rvo_mpc","0","0","0","0","0.7348219752311707","16.8","140","1.5880725383758545","0.8554088324308395","11.990890888647757","1.007656814424055","0.9329306597156184","0.7795793749859773","0.4451785714285714","0.2205357142857142","-0.0645096614953309","0.1009971550058593","0.1018937710343763","0.4319645069870186","0.7928571428571428","0.0017857142857142","1.0","0.0","0.059380965232849","0.2418601512908935","2"
"bottleneck","8","18118","icgp_rvo_mpc","0","0","0","0","0.5963367819786072","16.8","140","1.8048772811889648","0.835738942027092","11.879009077063529","1.0424244377229894","1.0269406364432403","0.596603124846037","0.5419642857142857","0.3294642857142857","-0.0814189069877588","0.0793480909964235","0.0810183532139452","0.4033025277960559","0.8821428571428571","0.0026785714285714","1.0","0.0","0.2677949714660644","0.1350388507048289","3"
"bottleneck","8","18135","icgp_rvo_mpc","0","0","0","0","0.633661687374115","16.8","140","2.726937294006348","0.7513938844203949","10.42305669070629","0.9752468160885784","0.958542814691152","0.5629434822107474","0.52","0.1875","-0.0641880407248667","0.1141433643786433","0.1166769003998419","0.3398230680008258","0.8044642857142857","0.00625","1.0","0.0","0.2443254314150129","0.1668404000146048","4"
"bottleneck","8","18152","icgp_rvo_mpc","0","0","0","0","0.6569600105285645","16.8","140","2.447514295578003","0.7769683450460434","10.88474595361913","0.8643147126904556","0.8310818178313119","0.6269391963022437","0.5126785714285714","0.2008928571428571","-0.0839509492476958","0.0911180259492988","0.0952564380204246","0.3794615251107843","0.8008928571428572","0.0026785714285714","1.0","0.0","0.0604050127665201","0.1630846659342447","5"
"bottleneck","8","18169","icgp_rvo_mpc","0","0","0","0","0.6955360770225525","16.8","140","2.8675522804260254","0.7391471564769745","10.008703746490935","0.7848452937124031","0.7453397467998522","0.8073521429521081","0.5383928571428571","0.2089285714285714","-0.0610344331551139","0.1260995200116724","0.1301700707322387","0.3842844353582738","0.8428571428571429","0.0080357142857142","1.0","0.0","0.1556891414407014","0.1906073358323839","6"
"bottleneck","8","18186","icgp_rvo_mpc","0","0","0","0","0.6180113554000854","16.8","140","3.2367594242095947","0.7052370607852936","9.682712725894817","0.8380693613784388","0.843704783490726","0.5195596428360919","0.5494642857142857","0.2","-0.0948034179650614","0.08440500689539","0.0859695652779352","0.3458241609512345","0.85625","0.0071428571428571","1.0","0.0","0.0559083891057624","0.1853783726692199","7"
"bottleneck","8","18203","icgp_rvo_mpc","0","0","0","0","0.7163686156272888","16.8","140","2.6339259147644043","0.7596663981676102","10.346849462566752","0.8334930588624307","0.8095172832054751","0.4808367856380106","0.50375","0.2383928571428571","-0.0636398899403425","0.1107868658744097","0.1141030334301591","0.4135011070719999","0.8446428571428571","0.0044642857142857","1.0","0.0","0.0568478155136108","0.2079408645629882","8"
"bottleneck","8","18220","icgp_rvo_mpc","0","0","0","0","0.6438340544700623","16.8","140","2.472651958465576","0.7748328298330307","10.527398851636235","1.1306688009628227","1.030193351634911","0.5161427679857817","0.58375","0.2848214285714285","-0.1159203021033221","0.0708082586783824","0.0723233151905679","0.3636214099418362","0.8017857142857143","0.0044642857142857","1.0","0.0","0.1806021308898925","0.1632342219352722","9"
"bottleneck","8","18237","icgp_rvo_mpc","0","0","0","0","0.6222900152206421","16.8","140","2.61669397354126","0.7616794556379318","10.609773263597162","1.1603258215423142","1.16266176940075","0.5246796428244644","0.5394642857142857","0.2107142857142857","-0.1005834617307165","0.0812853908161883","0.0894684544307696","0.3194887017250876","0.8455357142857143","0.0017857142857142","1.0","0.0","0.057433145046234","0.2290859222412109","10"
"bottleneck","8","18254","icgp_rvo_mpc","0","0","0","0","0.6913743019104004","16.8","140","2.933166980743408","0.7321734726428986","10.036573342509657","0.8916466527485422","0.8411180442465204","0.6484061608781693","0.5753571428571429","0.2607142857142857","-0.0718131048168541","0.1097755286176378","0.1144080126175628","0.3904004501564292","0.8125","0.0071428571428571","1.0","0.0","0.0623130518198012","0.2000167369842529","11"
"bottleneck","8","18271","icgp_rvo_mpc","0","0","0","0","0.6414969563484192","16.8","140","2.5310845375061035","0.7690481841564178","10.492233292584842","0.827021532534023","0.7688074249774217","0.5137255357047772","0.5044642857142857","0.1723214285714285","-0.0859717741812847","0.0908523053913517","0.0916632575088601","0.3985976348212641","0.8401785714285714","0.0071428571428571","1.0","0.0","0.1493654331320875","0.1918730810284614","12"
"bottleneck","8","18288","icgp_rvo_mpc","0","0","0","0","0.6233829855918884","16.8","140","2.4613242149353027","0.7762395292520523","10.623506545844975","1.0460787410448704","0.9645512323294368","0.6579296427389636","0.5330357142857143","0.2473214285714285","-0.0965603475456776","0.0842461992297742","0.0908739687053109","0.3673492880147794","0.84375","0.0053571428571428","1.0","0.0","0.1577136325836181","0.1903148094813029","13"
"bottleneck","8","18305","icgp_rvo_mpc","0","0","0","0","0.6128511428833008","16.8","140","2.254854202270508","0.7945869714021683","10.852824592224351","1.0042252649153982","1.021360970394952","0.846929999988788","0.6041071428571428","0.3571428571428571","-0.113553684133302","0.0627851378528586","0.0645767217956831","0.3933899152019622","0.8366071428571429","0.0053571428571428","1.0","0.0","0.2100060192743937","0.1326711575190226","14"
"bottleneck","8","18322","icgp_rvo_mpc","0","0","0","0","0.6449649333953857","16.8","140","2.441201448440552","0.7773085087537766","10.790348126465688","0.9247524520648376","0.9008042751146216","0.7412274107212268","0.5407142857142857","0.23125","-0.0896441406792175","0.0857632569743181","0.0866759411765124","0.3726708841054529","0.8375","0.0035714285714285","1.0","0.0","0.0563264656066894","0.216976523399353","15"
"bottleneck","8","18339","icgp_rvo_mpc","0","0","0","0","0.599867582321167","16.8","140","2.3359055519104004","0.7869791686534882","11.108618029684294","1.0193961815110275","0.9672701625951698","0.7829565179300906","0.58625","0.2767857142857143","-0.1168845517635416","0.0592699288685469","0.0624448021364002","0.3548934513090736","0.8526785714285714","0.0035714285714285","1.0","0.0","0.0562772321701049","0.2177436351776123","16"
"bottleneck","8","18356","icgp_rvo_mpc","0","0","0","0","0.6051993370056152","16.8","140","2.446305274963379","0.7774140685796738","10.206020267429269","0.990809148230723","1.016195510221379","1.4429171428024088","0.5189285714285714","0.1741071428571428","-0.0679030839049238","0.113415615348452","0.1167163358283235","0.3711505871243731","0.84375","0.0071428571428571","1.0","0.0","0.2374461941655096","0.1634455248713493","17"
"bottleneck","8","18373","icgp_rvo_mpc","0","0","0","0","0.5576432347297668","16.8","140","2.505239963531494","0.7716848254203796","10.474767169602272","0.8560473811679653","0.8297759409727795","0.8848293753674495","0.5064285714285715","0.2","-0.0759839351921484","0.0933381129865644","0.0949299450974888","0.3490569348394634","0.84375","0.00625","1.0","0.0","0.1406899295534406","0.1571471095085144","18"
"bottleneck","8","18390","icgp_rvo_mpc","0","0","0","0","0.6178951263427734","16.8","140","2.537097454071045","0.768672451376915","10.4187088826111","0.8849452724414212","0.8536551906594209","0.8814405356913214","0.5255357142857143","0.2017857142857143","-0.0875704582976103","0.0979227413222487","0.1025398581347154","0.3870641708029388","0.8392857142857143","0.0035714285714285","1.0","0.0","0.2219764518737792","0.1423772379755973","19"
"bottleneck","8","18407","icgp_rvo_mpc","0","0","0","0","0.6919577121734619","16.8","140","3.262608528137207","0.7024540305137634","10.048254367909976","1.0119962306427104","0.9679813792130776","0.8751111607125495","0.5373214285714286","0.2294642857142857","-0.0932075525176538","0.0823426130409213","0.0824735505820911","0.3396856136120245","0.8339285714285715","0.00625","1.0","0.0","0.1713469618460205","0.1721284304346357","20"
"bottleneck","8","18424","icgp_rvo_mpc","0","0","0","0","0.7293425798416138","16.8","140","2.636249303817749","0.759868398308754","10.73492236654056","1.0292819760739804","0.9705116716878754","0.9202417856613464","0.4842857142857142","0.1794642857142857","-0.061044393655402","0.1170704849669849","0.1211953003805864","0.378968564050038","0.85625","0.0026785714285714","1.0","0.0","0.0572500197092691","0.227755864461263","21"
"bottleneck","8","18441","icgp_rvo_mpc","0","0","0","0","0.6233334541320801","16.8","140","2.5354607105255127","0.7686396986246109","10.967271670422631","0.9551209088947092","0.9363845293010984","0.8662535715042655","0.5796428571428571","0.26875","-0.1209401363661599","0.0582045474462911","0.0655944241000856","0.3079169126986338","0.8633928571428572","0.0026785714285714","1.0","0.0","0.1296053179105122","0.2030269702275594","22"
"bottleneck","8","18458","icgp_rvo_mpc","0","0","0","0","0.7134564518928528","16.8","140","3.162513732910156","0.7116160094738007","10.013452747893098","0.8178294702832188","0.8162137440804924","0.7450724106222749","0.5310714285714285","0.1928571428571428","-0.0672409893383947","0.1114817879084479","0.1137993563553566","0.3686324889891372","0.8026785714285715","0.00625","1.0","0.0","0.1812099334171839","0.1563232268605913","23"
"bottleneck","8","18475","icgp_rvo_mpc","0","0","0","0","0.5656846761703491","16.8","140","3.06580138206482","0.7207637131214142","10.609650932361546","1.0707396055970873","0.97248825840652","0.732399375146997","0.5246428571428572","0.2392857142857143","-0.0923671678989885","0.0807305999168712","0.0822048203300106","0.3236397813760355","0.8392857142857143","0.00625","1.0","0.0","0.1477350401878356","0.1251729897090367","24"
"bottleneck","8","18492","icgp_rvo_mpc","0","0","0","0","0.7289033532142639","16.8","140","2.513463020324707","0.7710726261138916","10.55556839028759","0.9296345629330192","0.8400466677333628","1.4283391071330698","0.5121428571428571","0.2035714285714285","-0.092913727748399","0.0842742877212428","0.0874337387535663","0.3559862527151665","0.8214285714285714","0.0026785714285714","1.0","0.0","0.0579486258824665","0.2349254290262858","25"
"bottleneck","8","18509","icgp_rvo_mpc","0","0","0","0","0.7138089537620544","16.8","140","2.4973862171173096","0.7723243981599808","10.743866755707131","0.934823716538293","0.8495651872030326","1.071870267930665","0.5207142857142857","0.2232142857142857","-0.0885189862302861","0.0930617036511441","0.095612574682769","0.3737354502597874","0.8410714285714286","0.0044642857142857","1.0","0.0","0.2070487356185912","0.1874307572841644","26"
"bottleneck","8","18526","icgp_rvo_mpc","0","0","0","0","0.6670596599578857","16.8","140","2.565713882446289","0.7659839540719986","10.362581537312508","0.9739497569256595","0.9094064796609538","0.9359430357497852","0.4744642857142857","0.16875","-0.0615202362753584","0.1059514811675279","0.1091714008098209","0.3775961204401894","0.8178571428571428","0.0044642857142857","1.0","0.0","0.181047806739807","0.1390546870231628","27"
"bottleneck","8","18543","icgp_rvo_mpc","0","0","0","0","0.6429846882820129","16.8","140","1.784558653831482","0.837235227227211","11.967220906895818","1.0851798950561455","0.9532131235514368","0.8910216963938312","0.4835714285714286","0.2258928571428571","-0.0700308323291281","0.1016642895270948","0.1043521336928287","0.40841367158152","0.8428571428571429","0.0026785714285714","1.0","0.0","0.3014656352996825","0.1591452360153198","28"
"bottleneck","8","18560","icgp_rvo_mpc","0","1","1","0","0.40260711312294","16.8","140","2.520948648452759","0.7708456516265869","10.801789542394545","1.0220850024904524","0.9527507531855788","0.936977946236896","0.5508928571428572","0.2178571428571428","-0.0877335537997479","0.0956660837524603","0.0995729978773664","0.3536559638444148","0.7741071428571429","0.0044642857142857","1.0","0.0","0.2113734984397887","0.1879918575286865","29"
"bottleneck","8","18067","passive_rvo_mpc","0","0","0","0","0.7136222720146179","16.8","140","2.923924446105957","0.7334693968296051","10.16301700994336","0.8911564856767654","0.8505535578089101","0.5145015180135358","0.5383928571428571","0.3044642857142857","-0.0780287128600167","0.0691618264652632","0.0777020915677348","0.4124982653414281","0.8419642857142857","0.0053571428571428","1.0","0.0","0.2212869520836614","0.1662454903125763","0"
"bottleneck","8","18084","passive_rvo_mpc","0","0","0","0","0.5445495843887329","16.8","140","2.5597848892211914","0.7667509019374847","11.013449054400551","0.9294969631625072","0.8316040634842855","0.5103693749853326","0.5380357142857143","0.3044642857142857","-0.0865601004119438","0.0582697680121042","0.0655584072127861","0.3878789783499101","0.8482142857142857","0.0026785714285714","1.0","0.0","0.0566782522201537","0.2203858693440755","1"
"bottleneck","8","18101","passive_rvo_mpc","0","0","0","0","0.7071895003318787","16.8","140","2.4457812309265137","0.7773160040378571","11.087938597047469","1.0240203516823905","0.9593716675681728","0.6474374107840829","0.5182142857142857","0.2482142857142857","-0.0852631485625374","0.0615121141175939","0.0706881960808334","0.3759500775545042","0.8383928571428572","0.0035714285714285","1.0","0.0","0.0575267541408538","0.2293462753295898","2"
"bottleneck","8","18118","passive_rvo_mpc","0","0","1","0","0.4886167645454407","16.8","140","2.769974946975708","0.7479058504104614","10.65993357554089","0.8810942644519465","0.786192926125867","0.486159821392513","0.5680357142857143","0.3169642857142857","-0.0930284584143064","0.0590332013372908","0.0676318466339283","0.382855793217501","0.8410714285714286","0.0053571428571428","1.0","0.0","0.0986189055944447","0.1677184482415517","3"
"bottleneck","8","18135","passive_rvo_mpc","0","0","0","0","0.6224271059036255","16.8","140","2.5484914779663086","0.7676622122526169","10.419007911314113","0.940709114926202","0.9229459707226072","0.450995089171816","0.5630357142857143","0.2883928571428571","-0.1020560278304304","0.0467260074239845","0.0574382713349345","0.399859009623246","0.8660714285714286","0.0035714285714285","1.0","0.0","0.0587134826183318","0.2234752178192138","4"
"bottleneck","8","18152","passive_rvo_mpc","0","0","0","0","0.5984268188476562","16.8","140","2.410013198852539","0.7803856581449509","11.179688112842086","1.0249939762055873","1.0199218340218068","0.4496838392502208","0.5321428571428571","0.2526785714285714","-0.0795310521147245","0.0599840347376286","0.0710247995186098","0.3257303605598176","0.8776785714285714","0.0044642857142857","1.0","0.0","0.1437442636489868","0.1664419651031494","5"
"bottleneck","8","18169","passive_rvo_mpc","0","0","0","0","0.5762905478477478","16.8","140","2.464414358139038","0.7758194357156754","10.90972602146212","1.1367152157638754","1.0340025235499657","0.7464424999917745","0.5633928571428571","0.3142857142857143","-0.1032861990513106","0.0399434695335297","0.0526314554612017","0.3670961573468048","0.8910714285714286","0.0044642857142857","1.0","0.0","0.0456887102127074","0.1836445331573486","6"
"bottleneck","8","18186","passive_rvo_mpc","0","0","0","0","0.5524336695671082","16.8","140","2.8899316787719727","0.7368217408657074","10.570539510768867","1.0297955613583327","0.9739432988156166","0.4580941963987633","0.5573214285714285","0.2910714285714286","-0.1102472540219493","0.0426667942085478","0.0545601196481392","0.3196878047965457","0.8401785714285714","0.0044642857142857","1.0","0.0","0.0583365964889526","0.1814368247985839","7"
"bottleneck","8","18203","passive_rvo_mpc","0","0","0","0","0.7041224241256714","16.8","140","2.8096470832824707","0.7436326444149017","10.245446377884946","0.8770715779491833","0.8340972197907311","0.3981049999895601","0.5517857142857143","0.3151785714285714","-0.0892076958200116","0.0527293181171834","0.0603678239333369","0.4219016233310829","0.8571428571428571","0.0044642857142857","1.0","0.0","0.2567686223983764","0.110752128958702","8"
"bottleneck","8","18220","passive_rvo_mpc","0","0","0","0","0.6224626302719116","16.8","140","2.5600178241729736","0.7668770253658295","10.890448839491","0.8257611231080123","0.802075558634741","0.4199908928902524","0.5607142857142857","0.2758928571428571","-0.105492873669785","0.0481375005362427","0.0637300007612797","0.3560847312630872","0.8571428571428571","0.0044642857142857","1.0","0.0","0.2262262201309203","0.1864566326141357","9"
"bottleneck","8","18237","passive_rvo_mpc","0","0","0","0","0.5615825057029724","16.8","140","3.1419665813446045","0.7138392329216003","10.309144310365356","1.0376295448413917","0.9645266687231404","0.4312985715387185","0.5501785714285714","0.3330357142857142","-0.0943486492532618","0.041559056311955","0.0622547294447612","0.3151268595402893","0.8508928571428571","0.00625","1.0","0.0","0.2908663787412455","0.1840567759105137","10"
"bottleneck","8","18254","passive_rvo_mpc","0","0","0","0","0.6615979075431824","16.8","140","3.2717771530151367","0.7012550830841064","10.236015918647354","0.9349061956363064","0.8536230923341853","0.4750260714445176","0.55375","0.2803571428571428","-0.0885974391372407","0.0614365552938279","0.066538573839244","0.3915490815652275","0.84375","0.0044642857142857","1.0","0.0","0.2048452949523925","0.1681151151657104","11"
"bottleneck","8","18271","passive_rvo_mpc","0","0","1","0","0.5078821778297424","16.8","140","3.321903705596924","0.6968889534473419","9.666824883820482","0.9113124429647412","0.8410048090453659","0.4163166070806515","0.6230357142857142","0.3741071428571428","-0.1285201593821016","0.0383023208585327","0.0490071278043695","0.4151826718507422","0.7964285714285714","0.0089285714285714","1.0","0.0","0.2305732703208923","0.1535252392292022","12"
"bottleneck","8","18288","passive_rvo_mpc","0","0","0","0","0.6061502695083618","16.8","140","2.496265172958374","0.7730630189180374","10.836322675226256","0.9844393786575112","0.9409823138266802","0.5327290178684052","0.5780357142857143","0.275","-0.106063828235966","0.0483881908975012","0.0628842167466589","0.4020250349030682","0.8732142857142857","0.0035714285714285","1.0","0.0","0.2600423622131347","0.1926329433917999","13"
"bottleneck","8","18305","passive_rvo_mpc","0","0","0","0","0.5537927746772766","16.8","140","2.823641300201416","0.7427715063095093","10.704484033572951","0.8816369846463203","0.862879460730723","0.6734222321873469","0.5644642857142858","0.3169642857142857","-0.0966104301101981","0.0444188632851461","0.0547227331383666","0.3590665746955272","0.86875","0.0035714285714285","1.0","0.0","0.069455396622349","0.09195396900177","14"
"bottleneck","8","18322","passive_rvo_mpc","0","0","0","0","0.6325862407684326","16.8","140","3.315195083618164","0.6975809931755066","10.023459860123694","0.960947454294988","0.8892986258225781","0.6389069642409595","0.585","0.3169642857142857","-0.1256714686760595","0.0319018847635853","0.0467186509982626","0.3172435924102362","0.8223214285714285","0.0044642857142857","1.0","0.0","0.0664310985453799","0.1641390800476074","15"
"bottleneck","8","18339","passive_rvo_mpc","0","0","1","0","0.5138779878616333","16.8","140","2.632431507110596","0.7599377483129501","10.95063850270526","0.940050198244197","0.8709038196929864","0.5800858928133883","0.5557142857142857","0.3214285714285714","-0.090475975600771","0.0499512458708397","0.0607486232347751","0.3699869552814278","0.8580357142857142","0.0035714285714285","1.0","0.0","0.1099723505973815","0.2054244130849838","16"
"bottleneck","8","18356","passive_rvo_mpc","0","0","0","0","0.6460905075073242","16.8","140","2.54044246673584","0.7688486576080322","10.619566090601438","1.0050477391374963","0.9324455005781992","1.2048808038603709","0.55875","0.3223214285714286","-0.1028915478903684","0.041145096871001","0.0507156646738525","0.4193550224441324","0.8678571428571429","0.00625","1.0","0.0","0.2255900566918509","0.1756871683256966","17"
"bottleneck","8","18373","passive_rvo_mpc","0","0","0","0","0.6977510452270508","16.8","140","3.863583087921143","0.64789217710495","8.997131511500811","0.8319083056811776","0.7991990345397166","0.9684557142073962","0.6189285714285714","0.3482142857142857","-0.1160380990981126","0.0473408647092032","0.0590722084788046","0.3726775576644049","0.7892857142857143","0.0071428571428571","1.0","0.0","0.0662447805570206","0.0896987318992614","18"
"bottleneck","8","18390","passive_rvo_mpc","0","0","0","0","0.6339299082756042","16.8","140","3.1119327545166016","0.7162601053714752","9.93403877624678","0.8322794438472816","0.8457547183547701","0.7960935711058222","0.5360714285714285","0.2508928571428571","-0.0810333198571646","0.0669809989884668","0.0723472737029367","0.3525054380705835","0.8928571428571429","0.00625","1.0","0.0","0.0656894517885409","0.1993953841073172","19"
"bottleneck","8","18407","passive_rvo_mpc","0","0","0","0","0.6816700100898743","16.8","140","3.1815056800842285","0.7098505198955536","9.949931728446929","0.7932820073728051","0.7443129027528422","0.7553375001797187","0.56125","0.3","-0.0866370287326623","0.0634076580324926","0.0753987327541202","0.399843229167761","0.8339285714285715","0.00625","1.0","0.0","0.1354427756869952","0.1600196627633912","20"
"bottleneck","8","18424","passive_rvo_mpc","0","0","0","0","0.5406148433685303","16.8","140","2.7236075401306152","0.7519110888242722","11.161188098085404","0.9765609757176468","0.9013302859983274","0.8377455355912389","0.5723214285714285","0.3098214285714286","-0.092871753037519","0.0562207140613695","0.0618473482770395","0.3795988055300282","0.8258928571428571","0.0044642857142857","1.0","0.0","0.0597836780548095","0.2114974021911621","21"
"bottleneck","8","18441","passive_rvo_mpc","0","0","0","0","0.5663489103317261","16.8","140","2.385824680328369","0.7822939604520798","11.060894964903127","0.9673345608370644","0.8881858002926623","0.5607153571613058","0.5305357142857143","0.2616071428571428","-0.081672605447286","0.0589748769569444","0.0677648057732033","0.3901296333105231","0.8660714285714286","0.0044642857142857","1.0","0.0","0.0468306636810302","0.2013976335525512","22"
"bottleneck","8","18458","passive_rvo_mpc","0","0","0","0","0.6567561030387878","16.8","140","2.887766599655152","0.7366697192192078","10.387976842431726","1.0860725121838706","1.0011448109788554","0.6210197322486367","0.5189285714285714","0.2366071428571428","-0.0719895665408798","0.0768286863033206","0.0856076908018277","0.365750864244091","0.8383928571428572","0.0080357142857142","1.0","0.0","0.1723685895008948","0.1596229473749796","23"
"bottleneck","8","18475","passive_rvo_mpc","0","0","0","0","0.602467954158783","16.8","140","2.735213279724121","0.7508739978075027","10.399245947468444","0.8874211647680827","0.8665657715605838","0.5985750893095039","0.6198214285714285","0.34375","-0.1115703865428309","0.0415018182615394","0.0515400556629567","0.3243727561236021","0.8633928571428572","0.0035714285714285","1.0","0.0","0.057735549211502","0.2278511524200439","24"
"bottleneck","8","18492","passive_rvo_mpc","0","0","0","0","0.5226501822471619","16.8","140","2.7651658058166504","0.7481474280357361","10.50819929334466","1.010392782304968","0.9392713504178184","1.1025755354239664","0.6226785714285714","0.3625","-0.1115674301637426","0.0431617249693374","0.0485442983301488","0.4312954484800005","0.8026785714285715","0.0035714285714285","1.0","0.0","0.0464713203907012","0.2001138925552368","25"
"bottleneck","8","18509","passive_rvo_mpc","0","0","0","0","0.6390166878700256","16.8","140","2.981200695037842","0.7282171845436096","10.229338653611194","0.8699116370507649","0.7628700547984668","0.828436607090615","0.5858928571428571","0.2794642857142857","-0.1113350653876175","0.0467276036040851","0.060624409024603","0.3928984303970672","0.8892857142857142","0.0026785714285714","1.0","0.0","0.0596071449915567","0.1856846809387207","26"
"bottleneck","8","18526","passive_rvo_mpc","0","0","0","0","0.6507568955421448","16.8","140","2.455453872680664","0.7760406583547592","10.290744986014031","0.8844874764659575","0.8533287898238217","0.7348613390604442","0.5326785714285714","0.2839285714285714","-0.0668189345098108","0.0726636181448816","0.0835633866007536","0.3963829106242796","0.8348214285714286","0.0044642857142857","1.0","0.0","0.2065259790420532","0.207716703414917","27"
"bottleneck","8","18543","passive_rvo_mpc","0","0","0","0","0.6805846095085144","16.8","140","2.429415702819824","0.778419554233551","11.054598291852017","0.9604932693498476","0.8395337537463222","0.6993377678814535","0.5826785714285714","0.3339285714285714","-0.0983108134635861","0.0490327930941012","0.0575068785554495","0.4158820038325785","0.8419642857142857","0.0035714285714285","1.0","0.0","0.2983161139488219","0.1839411258697509","28"
"bottleneck","8","18560","passive_rvo_mpc","0","0","0","0","0.5946474075317383","16.8","140","2.9172909259796143","0.7348181307315826","10.068624876970716","0.7693034080123263","0.7996671271111284","0.7643268748194844","0.5689285714285715","0.2955357142857143","-0.10125198450408","0.0494088529125477","0.0677305811156828","0.3461100184381809","0.9053571428571427","0.0053571428571428","1.0","0.0","0.0541998513539631","0.1999802589416504","29"
"bottleneck","8","18067","rvo_reactive","0","0","0","0","0.7088007926940918","16.8","140","1.751858472824097","0.8403091728687286","11.712883936874276","0.8005372860069786","0.8350005407684615","0.0","0.0","0.0","0.0","0.0","0.0","0.0","0.7232142857142857","0.0008928571428571","1.0","0.0","0.6276210355758667","-0.0489277839660644","0"
"bottleneck","8","18084","rvo_reactive","0","0","0","0","0.7257430553436279","16.8","140","1.732743740081787","0.8421113640069962","12.070371179812357","0.7370223550924233","0.736390988714993","0.0","0.0","0.0","0.0","0.0","0.0","0.0","0.7160714285714286","0.0026785714285714","1.0","0.0","0.6371020682652792","-0.0109021286169687","1"
"bottleneck","8","18101","rvo_reactive","0","0","0","0","0.7338907122612","16.8","140","2.188202381134033","0.8007680922746658","10.978802757701487","0.7887458867260388","0.7766965860500932","0.0","0.0","0.0","0.0","0.0","0.0","0.0","0.6973214285714285","0.0","0.0","0.0","0.0","0.0","2"
"bottleneck","8","18118","rvo_reactive","0","0","0","0","0.6989003419876099","16.8","140","2.0389232635498047","0.81443852186203","11.909804129929398","0.7955280320984977","0.801739858144096","0.0","0.0","0.0","0.0","0.0","0.0","0.0","0.74375","0.0035714285714285","1.0","0.0","0.6068036067485809","0.0157366156578064","3"
"bottleneck","8","18135","rvo_reactive","0","0","0","0","0.6266343593597412","16.8","140","1.9074578285217283","0.8261031955480576","11.39074013226491","0.829696823656559","0.8180808034858533","0.0","0.0","0.0","0.0","0.0","0.0","0.0","0.7383928571428572","0.0008928571428571","1.0","0.0","0.92596266746521","-0.2910065650939941","4"
"bottleneck","8","18152","rvo_reactive","0","0","0","0","0.725564181804657","16.8","140","1.5591599941253662","0.8579203188419342","12.015100823206922","0.8712817353329488","0.864621084609202","0.0","0.0","0.0","0.0","0.0","0.0","0.0","0.7223214285714286","0.0008928571428571","1.0","0.0","0.3673995542526245","1.929402351379399e-05","5"
"bottleneck","8","18169","rvo_reactive","0","0","0","0","0.7337053418159485","16.8","140","2.7357451915740967","0.7511372715234756","11.218193798333232","0.8077011767242636","0.7951868345694882","0.0","0.0","0.0","0.0","0.0","0.0","0.0","0.7303571428571428","0.0035714285714285","1.0","0.0","0.4088224160671234","0.0765531823039054","6"
"bottleneck","8","18186","rvo_reactive","0","0","0","0","0.7195924520492554","16.8","140","3.409538745880127","0.6895025074481964","10.680656573007582","0.7299717031951461","0.7329389810828226","0.0","0.0","0.0","0.0","0.0","0.0","0.0","0.7732142857142857","0.0044642857142857","1.0","0.0","0.3080866003036498","-0.0062915050983428","7"
"bottleneck","8","18203","rvo_reactive","0","0","0","0","0.7348682880401611","16.8","140","1.990721583366394","0.8183558285236359","11.420698261752024","0.7559197913855314","0.7747486187677298","0.0","0.0","0.0","0.0","0.0","0.0","0.0","0.7151785714285714","0.0008928571428571","1.0","0.0","0.6895608711242676","0.1799837350845336","8"
"bottleneck","8","18220","rvo_reactive","0","0","0","0","0.6962039470672607","16.8","140","2.730010986328125","0.7513969391584396","10.876192487445223","0.7673677496079888","0.7982491315741624","0.0","0.0","0.0","0.0","0.0","0.0","0.0","0.7446428571428572","0.0026785714285714","1.0","0.0","0.5112528928120931","0.0418209294478098","9"
"bottleneck","8","18237","rvo_reactive","0","0","0","0","0.7043434381484985","16.8","140","2.0915744304656982","0.8095057457685471","11.29789319029078","0.7819768419755356","0.8259535898188395","0.0","0.0","0.0","0.0","0.0","0.0","0.0","0.6892857142857143","0.0008928571428571","1.0","0.0","0.9511073637008668","-0.0106979608535766","10"
"bottleneck","8","18254","rvo_reactive","0","0","0","0","0.7009289860725403","16.8","140","2.731261730194092","0.7506093829870224","10.634212247012329","0.8214157392403909","0.8257673978273358","0.0","0.0","0.0","0.0","0.0","0.0","0.0","0.7125","0.0017857142857142","1.0","0.0","0.8004108476638794","0.0619948834180831","11"
"bottleneck","8","18271","rvo_reactive","0","0","0","0","0.6625837087631226","16.8","140","2.124274015426636","0.8061680942773819","11.518528086002334","0.8244593621364662","0.8033019162980574","0.0","0.0","0.0","0.0","0.0","0.0","0.0","0.7339285714285714","0.0017857142857142","1.0","0.0","0.4175949382781982","0.1294305324554443","12"
"bottleneck","8","18288","rvo_reactive","0","0","0","0","0.640364408493042","16.8","140","1.7023499011993408","0.8452383428812027","11.821583484343137","0.743255875153201","0.7900833785533905","0.0","0.0","0.0","0.0","0.0","0.0","0.0","0.7330357142857142","0.0","0.0","0.0","0.0","0.0","13"
"bottleneck","8","18305","rvo_reactive","0","0","0","0","0.7303590178489685","16.8","140","2.3179731369018555","0.7888369411230087","11.33758336311439","0.8834752893873623","0.8852103581119861","0.0","0.0","0.0","0.0","0.0","0.0","0.0","0.7392857142857143","0.0008928571428571","1.0","0.0","0.6189819383621216","-0.0266108512878417","14"
"bottleneck","8","18322","rvo_reactive","0","0","0","0","0.6291843056678772","16.8","140","1.8639211654663088","0.8299692273139954","11.636330061754052","0.7869711976232273","0.7971509182027408","0.0","0.0","0.0","0.0","0.0","0.0","0.0","0.7008928571428571","0.0008928571428571","1.0","0.0","0.5662454175949097","-0.022548159956932","15"
"bottleneck","8","18339","rvo_reactive","0","0","0","0","0.7112533450126648","16.8","140","2.254823446273804","0.7943733781576157","11.360108887238312","0.7384595329740218","0.7653191566467286","0.0","0.0","0.0","0.0","0.0","0.0","0.0","0.6892857142857143","0.0008928571428571","1.0","0.0","0.7171958494186401","0.065825343132019","16"
"bottleneck","8","18356","rvo_reactive","0","0","0","0","0.6203477382659912","16.8","140","1.8213104009628296","0.8342814892530441","11.65020430360164","0.843144581879356","0.8463860570053969","0.0","0.0","0.0","0.0","0.0","0.0","0.0","0.6982142857142857","0.0","0.0","0.0","0.0","0.0","17"
"bottleneck","8","18373","rvo_reactive","0","0","0","0","0.7193266749382019","16.8","140","1.82844352722168","0.8333647102117538","11.833024319741526","0.679958763346076","0.6698592533623534","0.0","0.0","0.0","0.0","0.0","0.0","0.0","0.7107142857142857","0.0008928571428571","1.0","0.0","0.6722506093978882","-0.0445575237274169","18"
"bottleneck","8","18390","rvo_reactive","0","0","0","0","0.7097268104553223","16.8","140","1.716475009918213","0.8434951901435852","11.83401254011551","0.7149796757847071","0.7269781654168452","0.0","0.0","0.0","0.0","0.0","0.0","0.0","0.7303571428571428","0.0026785714285714","1.0","0.0","0.6623470195134481","-0.0094755887985229","19"
"bottleneck","8","18407","rvo_reactive","0","0","0","0","0.703339695930481","16.8","140","2.1683716773986816","0.8022471219301224","11.589317069765457","0.7876939802829709","0.7810029914336545","0.0","0.0","0.0","0.0","0.0","0.0","0.0","0.7205357142857143","0.0035714285714285","1.0","0.0","0.5860577929019928","-0.0049325883388519","20"
"bottleneck","8","18424","rvo_reactive","0","0","0","0","0.7291722893714905","16.8","140","2.138859272003174","0.8051748424768448","11.313422379738768","0.8284515687397548","0.783265053906611","0.0","0.0","0.0","0.0","0.0","0.0","0.0","0.7116071428571429","0.0008928571428571","1.0","0.0","0.7129027652740478","-0.0632782697677612","21"
"bottleneck","8","18441","rvo_reactive","0","0","0","0","0.6261131763458252","16.8","140","1.8369147777557373","0.8323818743228912","11.93924581632018","0.7098191166828786","0.7219049913409565","0.0","0.0","0.0","0.0","0.0","0.0","0.0","0.7089285714285715","0.0008928571428571","1.0","0.0","0.6795747089385986","0.1487503051757812","22"
"bottleneck","8","18458","rvo_reactive","0","0","0","0","0.7395484447479248","16.8","140","2.1661696434021","0.802470862865448","11.514898094028467","0.785371133312583","0.7690254896347012","0.0","0.0","0.0","0.0","0.0","0.0","0.0","0.69375","0.0008928571428571","1.0","0.0","0.7774343299865722","0.1818153858184814","23"
"bottleneck","8","18475","rvo_reactive","0","0","0","0","0.6247485280036926","16.8","140","1.4239763021469116","0.8703027963638306","12.129751177883008","0.7677583687805704","0.775134676082858","0.0","0.0","0.0","0.0","0.0","0.0","0.0","0.7089285714285715","0.0008928571428571","1.0","0.0","0.7434255886077881","-0.0244539976119995","24"
"bottleneck","8","18492","rvo_reactive","0","0","0","0","0.7300095558166504","16.8","140","2.124499559402466","0.8064996004104614","11.402819612267194","0.8911269146949052","0.871980259061924","0.0","0.0","0.0","0.0","0.0","0.0","0.0","0.7321428571428571","0.0008928571428571","1.0","0.0","0.8058864879608154","0.066264271736145","25"
"bottleneck","8","18509","rvo_reactive","0","0","0","0","0.6024380326271057","16.8","140","1.8151171207427976","0.8345238417387009","11.42808007649728","0.8090316309992757","0.7689887862918633","0.0","0.0","0.0","0.0","0.0","0.0","0.0","0.6866071428571429","0.0","0.0","0.0","0.0","0.0","26"
"bottleneck","8","18526","rvo_reactive","0","0","0","0","0.711454451084137","16.8","140","1.6667890548706057","0.8479739427566528","11.891533995018108","0.7770739719803844","0.7786325852785791","0.0","0.0","0.0","0.0","0.0","0.0","0.0","0.7","0.0008928571428571","1.0","0.0","0.8621842670440674","0.0392749309539794","27"
"bottleneck","8","18543","rvo_reactive","0","0","0","0","0.7444634437561035","16.8","140","1.551727533340454","0.8584711253643036","11.830143268758547","0.7910412464290857","0.8032320224813052","0.0","0.0","0.0","0.0","0.0","0.0","0.0","0.7098214285714286","0.0","0.0","0.0","0.0","0.0","28"
"bottleneck","8","18560","rvo_reactive","0","0","0","0","0.7330753803253174","16.8","140","2.956760883331299","0.7312303185462952","10.640778456516273","0.8379032561289412","0.8411212636956147","0.0","0.0","0.0","0.0","0.0","0.0","0.0","0.7482142857142857","0.0008928571428571","1.0","0.0","0.6881060409545898","-0.1006388545036315","29"
"corridor","4","13868","constant_velocity_mpc","0","0","0","0","0.9075860166549684","16.8","140","0.8580223321914673","0.91607616096735","13.379000435990749","1.6400462441146373","1.024088307682957","0.0","0.0321428571428571","0.0196428571428571","0.5932312040776013","0.6929171508390988","0.6929171561609421","0.6929171511584094","0.0","0.0035714285714285","1.0","0.0","0.712832465171814","-0.0941675186157226","0"
"corridor","4","13885","constant_velocity_mpc","1","0","0","0","1.012144684791565","16.08","134","0.2885968685150146","0.9717520866543056","12.707011930993758","1.51851131828196","1.031430177140369","0.0","0.0324626865671641","0.0167910447761194","0.5867967716259743","0.6876448880814351","0.6876448942531846","0.6876448887486513","0.0","0.001865671641791","1.0","0.0","0.4868211030960083","-0.1398732662200927","1"
"corridor","4","13902","constant_velocity_mpc","1","0","0","0","0.967985451221466","16.439999999999998","137","0.2830321788787842","0.9722936637699604","12.89636381395394","1.457429896686634","0.9418119748469688","0.0","0.0302919708029197","0.0145985401459854","0.5723772907083051","0.67081397706466","0.6708139811434449","0.6708139782611036","0.0","0.0018248175182481","1.0","0.0","0.1841317892074585","-0.1612414360046386","2"
"corridor","4","13919","constant_velocity_mpc","1","0","0","0","0.9900333285331726","15.96","133","0.2816784977912903","0.97245336137712","13.05739933811128","1.724552972438304","1.0618224491022137","0.0","0.037593984962406","0.0225563909774436","0.5772851216143235","0.6781979270402652","0.6781979311296815","0.6781979284967696","0.0","0.0","0.0","0.0","0.0","0.0","3"
"corridor","4","13936","constant_velocity_mpc","0","0","0","0","1.0716681480407717","16.8","140","0.9353475570678712","0.9087061211466788","12.485841227986384","1.6841471976600588","1.3183116033141102","0.0","0.0296428571428571","0.0196428571428571","0.6217338226661085","0.7195668182218713","0.7195668216810694","0.7195668192862399","0.0","0.0053571428571428","1.0","0.0","0.9362292742729188","-0.0842926661173502","4"
"corridor","4","13953","constant_velocity_mpc","0","0","0","0","0.9442411661148072","16.8","140","2.510140180587769","0.7543896287679672","12.666700990055688","2.0583058009722404","1.32250948920846","0.0","0.04","0.0267857142857142","0.5806458388370063","0.6782721369128142","0.6782721435118999","0.6782721385093672","0.0","0.0053571428571428","1.0","0.0","0.8678195532162984","0.0163337071736653","5"
"corridor","4","13970","constant_velocity_mpc","0","0","0","0","0.990026354789734","16.8","140","5.076313495635986","0.5036294460296631","11.186995784402823","2.2133877385407685","1.5594569469402944","0.0","0.0292857142857142","0.0142857142857142","0.5967358177102037","0.6835356297801648","0.683535635102008","0.6835356314831547","0.0","0.0089285714285714","1.0","0.0","0.8298634111881256","-0.139439468383789","6"
"corridor","4","13987","constant_velocity_mpc","0","0","0","0","1.0467542791366578","16.8","140","6.091288566589356","0.4045092463493347","10.560708448960211","2.1513454188193597","1.6908323651977948","0.0","0.0328571428571428","0.0196428571428571","0.584676130889782","0.670939454268132","0.6709394614526204","0.6709394562904324","0.0","0.0125","1.0","0.0","0.8114361473492213","-0.1787352493831089","7"
"corridor","4","14004","constant_velocity_mpc","0","0","0","0","1.0498533248901367","16.8","140","0.4261474311351776","0.9582609310746192","13.01437965533114","1.5892100447855355","1.0470545937440223","0.0","0.0275","0.0142857142857142","0.5939514264560172","0.6935359808515225","0.6935359868119869","0.6935359821287649","0.0","0.0053571428571428","1.0","0.0","0.8178638672828674","0.0656187117099762","8"
"corridor","4","14021","constant_velocity_mpc","0","0","0","0","0.8744918489456177","16.8","140","1.4624651670455933","0.8568467944860458","12.96668837510515","1.8482191388096127","1.1526775392038482","0.0","0.0282142857142857","0.0142857142857142","0.5972702882566622","0.6959792916168059","0.6959792962468097","0.6959792926811746","0.0","0.0053571428571428","1.0","0.0","0.957140649954478","-0.1429627736409505","9"
"corridor","4","14038","constant_velocity_mpc","0","0","0","0","1.0241020107269287","16.8","140","0.3997695446014404","0.9608467034995556","13.136011069291271","1.683185701986908","1.08457323089242","0.0","0.03","0.0178571428571428","0.5822951794298631","0.6806144785157271","0.6806144833586045","0.6806144795800958","0.0","0.0017857142857142","1.0","0.0","0.9764358806610108","0.0694994926452636","10"
"corridor","4","14055","constant_velocity_mpc","0","0","0","0","0.8678906345367432","16.8","140","0.8364843130111694","0.918162889778614","13.371869646500272","1.6809448350753102","1.074327555751162","0.0","0.0375","0.0214285714285714","0.5761038357200366","0.6783780883880598","0.6783780930712818","0.6783780888670257","0.0","0.0017857142857142","1.0","0.0","0.8504479932785034","-0.0217208862304687","11"
"corridor","4","14072","constant_velocity_mpc","0","0","0","0","0.9985989713668824","16.8","140","3.033821821212769","0.7036310136318207","12.547248486662284","1.9603030098336085","1.3759840994940271","0.0","0.0267857142857142","0.0142857142857142","0.58903041520289","0.6813444483040699","0.6813444554885583","0.6813444488362542","0.0","0.0089285714285714","1.0","0.0","0.8555546374320985","-0.0856892585754394","12"
"corridor","4","14089","constant_velocity_mpc","1","0","0","0","0.9667683029174804","16.08","134","0.2528160512447357","0.975258769467473","13.026768946729137","1.5938785018037949","0.971439895929018","0.0","0.033955223880597","0.0186567164179104","0.5778637987497582","0.680803623660954","0.6808036271638389","0.6808036251065891","0.0","0.001865671641791","1.0","0.0","0.58900146484375","0.1190929412841796","13"
"corridor","4","14106","constant_velocity_mpc","0","0","0","0","1.038632869720459","16.8","140","3.0133726596832275","0.7045625150203705","12.369604243081994","2.023779613418238","1.3971649977777685","0.0","0.0296428571428571","0.0160714285714285","0.5787339870770063","0.6706503576891762","0.6706503648736647","0.6706503604565347","0.0","0.0089285714285714","1.0","0.0","0.8698971214294433","-0.1832675552368164","14"
"corridor","4","14123","constant_velocity_mpc","0","0","0","0","0.9103908920288086","16.8","140","1.146384835243225","0.8875696733593941","13.458486318471842","1.888151507665004","1.1913035626390152","0.0","0.0371428571428571","0.0214285714285714","0.5824550288724047","0.6843957688829728","0.6843957720760788","0.684395769521594","0.0","0.0035714285714285","1.0","0.0","0.7506840968132019","-0.12549409866333","15"
"corridor","4","14140","constant_velocity_mpc","1","0","0","0","0.7547494554519654","16.56","138","0.2696353197097778","0.9736748188734056","13.042502959084231","1.4858207530949428","1.0138801210222468","0.0","0.0394927536231884","0.019927536231884","0.5660412387717245","0.6677047964628192","0.6677047999721506","0.6677047977585723","0.0","0.0018115942028985","1.0","0.0","1.0204782962799073","-0.1566119194030761","16"
"corridor","4","14157","constant_velocity_mpc","0","0","0","0","0.985505142211914","16.8","140","4.30677604675293","0.578292578458786","10.88094155403087","2.231842551114304","1.5729675317981413","0.0","0.0317857142857142","0.0178571428571428","0.5692830281736594","0.6599109473207168","0.6599109523232495","0.659910948704396","0.0","0.0017857142857142","1.0","0.0","0.5729330658912659","0.1411647796630859","17"
"corridor","4","14174","constant_velocity_mpc","0","0","0","0","0.8817042493820191","16.8","140","0.9947229027748108","0.9025808721780776","13.260420962033097","1.6428357903712565","0.9733478150197438","0.0","0.0335714285714285","0.0214285714285714","0.5868577014452644","0.6866811867420162","0.6866811902544327","0.6866811875935112","0.0","0.0035714285714285","1.0","0.0","0.7075776600837708","-0.1240775346755981","18"
"corridor","4","14191","constant_velocity_mpc","0","0","0","0","1.0239628553390503","16.8","140","3.228944778442383","0.6839700937271118","11.643193035619332","2.116270747301834","1.5240756746913706","0.0","0.0307142857142857","0.0214285714285714","0.6050838784575461","0.6980565324814192","0.6980565376436072","0.6980565348230302","0.0","0.0071428571428571","1.0","0.0","0.8047879332304001","-0.0582980751991271","19"
"corridor","4","14208","constant_velocity_mpc","1","0","1","0","0.7098110103607178","16.68","139","0.2683363556861877","0.97374202683568","13.410514284216331","1.6361260887423008","1.0471363762567798","0.0","0.0446043165467625","0.026978417266187","0.5725086666118326","0.6765221824941875","0.6765221871575005","0.6765221829229978","0.0","0.0017985611510791","1.0","0.0","1.0875176000595093","0.0453929901123046","20"
"corridor","4","14225","constant_velocity_mpc","0","0","0","0","1.025414743423462","16.8","140","1.4870144128799438","0.854230672121048","12.676902007195167","1.8029759278787036","1.244504435892616","0.0","0.0335714285714285","0.0178571428571428","0.5963346534584248","0.6960151566447956","0.6960151615941098","0.6960151572834168","0.0","0.0053571428571428","1.0","0.0","0.7956895860036214","0.2069446245829264","21"
"corridor","4","14242","constant_velocity_mpc","0","0","0","0","1.075884461402893","16.8","140","0.5684077143669128","0.9443747848272324","12.592674615967551","1.6886595504674395","1.2072019414177964","0.0","0.0289285714285714","0.0196428571428571","0.6099626412721616","0.7081326285291994","0.708132632041616","0.708132630445063","0.0","0.0","0.0","0.0","0.0","0.0","22"
"corridor","4","14259","constant_velocity_mpc","1","0","0","0","0.9903721809387208","15.84","132","0.2413796782493591","0.9763568863272668","13.217778414546046","1.7270525431429795","1.0260150095899447","0.0","0.0356060606060606","0.0170454545454545","0.5707086319363478","0.671447034538018","0.671447039166409","0.6714470358926691","0.0","0.0","0.0","0.0","0.0","0.0","23"
"corridor","4","14276","constant_velocity_mpc","0","0","0","0","0.9976105093955994","16.8","140","0.3643047213554382","0.964305967092514","13.047747510485353","1.5848869657742657","1.0656453262748462","0.0","0.0303571428571428","0.0160714285714285","0.5893888929454343","0.688771447959223","0.6887714525360081","0.6887714488107178","0.0","0.0017857142857142","1.0","0.0","0.9138743686676024","0.2226839065551757","24"
"corridor","4","14293","constant_velocity_mpc","0","0","0","0","1.048509120941162","16.8","140","3.0174686908721924","0.7044367492198944","12.074413824811929","1.5457185443756836","1.1278748688953264","0.0","0.0260714285714285","0.0160714285714285","0.5886157788911035","0.676560839508261","0.676560843818954","0.6765608414241245","0.0","0.0071428571428571","1.0","0.0","0.7501902759075165","-0.1586747407913208","25"
"corridor","4","14310","constant_velocity_mpc","0","0","0","0","0.8569963359832764","16.8","140","1.346035718917847","0.868105873465538","13.690299685113132","1.783104882389307","1.11338547686381","0.0","0.0342857142857142","0.0196428571428571","0.5860810523341808","0.6905278455955641","0.6905278507045337","0.6905278469792434","0.0","0.0035714285714285","1.0","0.0","0.7520185852050781","-0.1180591583251953","26"
"corridor","4","14327","constant_velocity_mpc","0","0","0","0","0.8496710443496704","16.8","140","0.8187780976295471","0.9198816567659378","13.419293988496063","1.8024670641869307","1.1870568519724267","0.0","0.0414285714285714","0.0214285714285714","0.566277676552534","0.6664807028302124","0.6664807072473423","0.6664807038945811","0.0","0.0035714285714285","1.0","0.0","0.5776955032348633","0.1187586784362793","27"
"corridor","4","14344","constant_velocity_mpc","1","0","0","0","0.965668797492981","16.2","135","0.2633418440818786","0.9741420038044452","12.808314259018516","1.424836990789131","0.9307883649512574","0.0","0.0292592592592592","0.0148148148148148","0.575756199815759","0.673517780923181","0.6735177841793607","0.673517781143939","0.0","0.0018518518518518","1.0","0.0","0.2091194868087769","-0.1391623020172119","28"
"corridor","4","14361","constant_velocity_mpc","0","0","0","0","0.9869124078750612","16.8","140","1.9389636516571045","0.8100203573703766","13.069573012646288","2.0631955548056533","1.266776385105082","0.0","0.0342857142857142","0.0196428571428571","0.5790609958650811","0.6740389768534473","0.6740389824413827","0.6740389779178159","0.0","0.0035714285714285","1.0","0.0","0.9513125449419022","-0.2462018489837646","29"
"corridor","4","13868","icgp_rvo_mpc","1","0","0","0","0.7285234928131104","10.68","89","0.1797493398189544","0.9824185762554408","10.899844501633195","0.6851953988936678","0.5260198337517763","0.6121502807994996","0.1337078651685393","0.0561797752808988","0.2781923334861403","0.4206749781413693","0.4661843741191237","0.5880721705683162","0.8623595505617978","0.0","0.0","0.0","0.0","0.0","0"
"corridor","4","13885","icgp_rvo_mpc","1","0","1","0","0.5040075182914734","12.72","106","0.1325127780437469","0.9870296251028776","11.862562750116922","0.6572792971755744","0.4328493383308908","0.5057146225844231","0.1132075471698113","0.0518867924528301","0.2905569334744634","0.422742919805196","0.4863461598514947","0.5568717710645694","0.7995283018867925","0.0","0.0","0.0","0.0","0.0","1"
"corridor","4","13902","icgp_rvo_mpc","1","0","0","0","0.6952347755432129","11.76","98","0.1580853462219238","0.9845248488709332","11.758030429366045","0.7166820750489376","0.4789289291377883","0.7532997447664717","0.1056122448979591","0.0408163265306122","0.2835526157719824","0.4212917109974184","0.4788260357005863","0.5625592510006865","0.8520408163265306","0.0","0.0","0.0","0.0","0.0","2"
"corridor","4","13919","icgp_rvo_mpc","1","0","1","0","0.5112671256065369","13.44","112","0.1192993223667144","0.9883331693708896","12.003524735104293","0.6666894745334763","0.4096455056527962","0.7254004462018722","0.084375","0.0535714285714285","0.3015281756390218","0.4322435533281948","0.5080525484973831","0.5393575100308018","0.7790178571428571","0.0","0.0","0.0","0.0","0.0","3"
"corridor","4","13936","icgp_rvo_mpc","1","0","0","0","0.533781886100769","12.6","105","0.1284705400466919","0.9874607315286994","12.000245330156758","0.7177174159602838","0.4826139573894796","0.5763197617766093","0.1119047619047619","0.0571428571428571","0.2836176455911425","0.4184615786799362","0.4845868011642069","0.5468178659876187","0.8047619047619048","0.0","0.0","0.0","0.0","0.0","4"
"corridor","4","13953","icgp_rvo_mpc","1","0","0","0","0.6693981885910034","11.88","99","0.1264371573925018","0.9876284692436456","11.720506437821314","0.6818623242434114","0.4841127722251295","0.5265578282235609","0.1166666666666666","0.0454545454545454","0.2859342859940357","0.4234411313527761","0.4783367166464978","0.5670713923043675","0.8282828282828283","0.0","0.0","0.0","0.0","0.0","5"
"corridor","4","13970","icgp_rvo_mpc","1","0","1","0","0.4970448613166809","12.84","107","0.1219501122832298","0.9880755115300416","12.01098304684274","0.6731700753884512","0.4372960284665644","0.8198378503795335","0.1","0.0490654205607476","0.2889362601807044","0.4251736914554488","0.4866696725521132","0.5472897820244325","0.7873831775700935","0.0","0.0","0.0","0.0","0.0","6"
"corridor","4","13987","icgp_rvo_mpc","1","0","0","0","0.5243379473686218","12.36","103","0.1225725710391998","0.988017177209258","11.666641405550765","0.6454579752521789","0.4434402624452577","0.4959390776490994","0.1097087378640776","0.0558252427184466","0.3034360871807608","0.4312089124452142","0.486118173645538","0.5623792941246217","0.7961165048543689","0.0","0.0","0.0","0.0","0.0","7"
"corridor","4","14004","icgp_rvo_mpc","1","0","1","0","0.4990583658218384","12.96","108","0.1414860785007476","0.9861421259120108","12.059518602211028","0.7015378659405677","0.4701451071003383","0.4862428238791633","0.1092592592592592","0.0532407407407407","0.2876716895798151","0.4241444528406417","0.4919153560201326","0.548984007479416","0.7916666666666666","0.0","0.0","0.0","0.0","0.0","8"
"corridor","4","14021","icgp_rvo_mpc","1","0","0","0","0.655632495880127","11.88","99","0.1468305140733719","0.9856275143101813","11.701330693787895","0.6647625967902555","0.4555299603568409","0.5123164140270385","0.1191919191919192","0.0454545454545454","0.2831535655294892","0.4209324713457713","0.4744183752753517","0.5671202061573664","0.8333333333333334","0.0","0.0","0.0","0.0","0.0","9"
"corridor","4","14038","icgp_rvo_mpc","1","0","0","0","0.5232574939727783","13.08","109","0.1139406636357307","0.9888406889513136","11.989537976682186","0.6463757305130482","0.4122966163270517","0.5153449539748264","0.1045871559633027","0.0481651376146789","0.2916219949891465","0.4271052592500634","0.49047554471624","0.5540937006090758","0.786697247706422","0.0","0.0","0.0","0.0","0.0","10"
"corridor","4","14055","icgp_rvo_mpc","1","0","0","0","0.7041006088256836","11.16","93","0.1385673284530639","0.9864433202892542","11.379848804790528","0.7330820512036562","0.510443265659995","0.5047811825133194","0.1134408602150537","0.0564516129032258","0.2818697846855126","0.4203937305542088","0.4807071548075445","0.5625193758805592","0.8413978494623656","0.0","0.0","0.0","0.0","0.0","11"
"corridor","4","14072","icgp_rvo_mpc","1","0","0","0","0.527911901473999","12.72","106","0.1229351311922073","0.9879906717687844","11.855421548127197","0.6470901916190138","0.44538340704375","0.5726101415622804","0.1174528301886792","0.0566037735849056","0.2915925976764059","0.4249605586703093","0.4865792732643631","0.5604984178717407","0.7877358490566038","0.0","0.0","0.0","0.0","0.0","12"
"corridor","4","14089","icgp_rvo_mpc","1","0","1","0","0.5179093480110168","12.96","108","0.1312454044818878","0.9871559860184788","12.041006894316524","0.6783494793214939","0.4530338873327882","0.795310879446468","0.1004629629629629","0.0532407407407407","0.2941882995245288","0.4290961844004965","0.4989302042954497","0.5528180775819002","0.7731481481481481","0.0","0.0","0.0","0.0","0.0","13"
"corridor","4","14106","icgp_rvo_mpc","1","0","0","0","0.5359490513801575","12.72","106","0.1332286894321441","0.9869379755109547","11.87062097818125","0.6384070557888096","0.4253835023363244","0.7506577830665848","0.110377358490566","0.0518867924528301","0.2910014296793993","0.4238808872016533","0.4879017592924383","0.5568126771022689","0.7877358490566038","0.0","0.0","0.0","0.0","0.0","14"
"corridor","4","14123","icgp_rvo_mpc","1","0","0","0","0.7181321978569031","11.52","96","0.1794315725564956","0.9824024625122548","11.42292907112278","0.7112338829817114","0.4979090932368611","0.6543343749664624","0.125","0.0520833333333333","0.3047241828078404","0.4349167938437312","0.4845442487796148","0.5853624168472985","0.8411458333333334","0.0","0.0","0.0","0.0","0.0","15"
"corridor","4","14140","icgp_rvo_mpc","1","0","1","0","0.5172944068908691","12.72","106","0.1273228526115417","0.9875691467896104","11.882233817013912","0.6483574705923257","0.4174593617823326","0.7693306607284027","0.1212264150943396","0.0589622641509434","0.2933510970533386","0.4264681432255596","0.4907661823127067","0.5628341186974408","0.7900943396226415","0.0","0.0","0.0","0.0","0.0","16"
"corridor","4","14157","icgp_rvo_mpc","1","0","1","0","0.5122687816619873","12.72","106","0.124186210334301","0.9878400349989532","11.747209970781114","0.6438687708479229","0.4262041859153025","0.8880051888277279","0.1198113207547169","0.0589622641509434","0.3003520276464241","0.4303602156591302","0.4909226694745275","0.5640944838045903","0.7877358490566038","0.0","0.0","0.0","0.0","0.0","17"
"corridor","4","14174","icgp_rvo_mpc","1","0","0","0","0.7363187670707703","10.68","89","0.1657146364450454","0.9837705809623004","10.843788416590542","0.6961229582117043","0.5188986925994244","0.9213471906589936","0.1342696629213483","0.0589887640449438","0.2683066027787294","0.4158324235761432","0.4597628314022937","0.5899865996971558","0.8398876404494382","0.0","0.0","0.0","0.0","0.0","18"
"corridor","4","14191","icgp_rvo_mpc","1","0","0","0","0.7123808264732361","11.16","93","0.1437244415283203","0.985933106392622","11.31899343477562","0.7312198718534082","0.5092169386284646","0.7187833325588144","0.1172043010752688","0.0564516129032258","0.2827358313707975","0.4238800416982942","0.4824950629040118","0.5682358500073033","0.8440860215053764","0.0","0.0","0.0","0.0","0.0","19"
"corridor","4","14208","icgp_rvo_mpc","1","0","0","0","0.5314164757728577","12.84","107","0.1278858780860901","0.9874857664108276","11.972063503228128","0.6700384850944523","0.4429673504467322","0.7720792056257166","0.1018691588785046","0.0490654205607476","0.2931109573674674","0.426967088142845","0.4907417073873715","0.5562522810725408","0.8060747663551402","0.0","0.0","0.0","0.0","0.0","20"
"corridor","4","14225","icgp_rvo_mpc","1","0","0","0","0.5325857400894165","12.72","106","0.1449857801198959","0.9857873059809208","11.99125457648188","0.6724066484745873","0.4431984254844346","0.9649653304634584","0.105188679245283","0.0542452830188679","0.2823364891732146","0.4170362110435962","0.4772045261005185","0.5438304454116326","0.7948113207547169","0.0","0.0","0.0","0.0","0.0","21"
"corridor","4","14242","icgp_rvo_mpc","1","0","0","0","0.5250000953674316","12.48","104","0.1126953065395355","0.9889714708551764","11.890357343363576","0.6483799719314377","0.4526264418068771","0.736896634599851","0.1163461538461538","0.0552884615384615","0.288865909490806","0.4227227860703492","0.4845536917605653","0.5588095345806617","0.8028846153846154","0.0","0.0","0.0","0.0","0.0","22"
"corridor","4","14259","icgp_rvo_mpc","1","0","0","0","0.6320257186889648","12.0","100","0.1381943523883819","0.9864638783037664","11.645910294842906","0.6847759856889024","0.4561558420211076","0.7545237501472002","0.121","0.0475","0.2952027887530624","0.4271945824503897","0.485392737969756","0.570717456895113","0.805","0.0","0.0","0.0","0.0","0.0","23"
"corridor","4","14276","icgp_rvo_mpc","1","0","0","0","0.6228366494178772","10.68","89","0.1838003993034362","0.9819915108382702","10.610836855135858","0.6946115735290426","0.4929146456710073","0.653484831479106","0.146067415730337","0.0702247191011236","0.2896711530984284","0.4194203961766168","0.4712681874164034","0.61193109197563","0.7752808988764045","0.0","0.0","0.0","0.0","0.0","24"
"corridor","4","14293","icgp_rvo_mpc","1","0","0","0","0.6840735077857971","11.76","98","0.1453295946121215","0.9857648611068726","11.70691199589055","0.7264881766055549","0.4907283524089322","0.9908188776349488","0.1045918367346938","0.0408163265306122","0.2904011213386013","0.4269952736034684","0.4868741906114986","0.5729438746279599","0.8367346938775511","0.0","0.0","0.0","0.0","0.0","25"
"corridor","4","14310","icgp_rvo_mpc","1","0","0","0","0.6053303480148315","12.0","100","0.1502042412757873","0.9852819219231606","11.7170891641872","0.7034118595870678","0.4606278881710022","0.9096927496648276","0.1165","0.0475","0.2959415885385125","0.4321988387614488","0.4922297202795744","0.5694558225333691","0.83","0.0","0.0","0.0","0.0","0.0","26"
"corridor","4","14327","icgp_rvo_mpc","1","0","1","0","0.5090450048446655","13.08","109","0.1181922927498817","0.9884347533807158","11.945337811950594","0.6752231460750325","0.4424374664304863","0.7660594035419016","0.1133027522935779","0.0573394495412844","0.2953868526850032","0.4264695278001488","0.4965798762468023","0.5523812535268451","0.7821100917431193","0.0","0.0","0.0","0.0","0.0","27"
"corridor","4","14344","icgp_rvo_mpc","1","0","0","0","0.7095966339111328","11.52","96","0.1713036745786667","0.9831793922930956","11.659696058137342","0.7282163469232424","0.4734417622094042","0.8909875001184749","0.10625","0.0390625","0.2889885787608606","0.4284900948544964","0.4854669329850004","0.5735599267513801","0.8515625","0.0","0.0","0.0","0.0","0.0","28"
"corridor","4","14361","icgp_rvo_mpc","1","0","1","0","0.5190713405609131","12.48","104","0.1186143159866333","0.9883781699463724","11.80030220351182","0.6663361418294909","0.437765833384429","0.7944103365914018","0.0870192307692307","0.0625","0.3010741336469968","0.4303338139045696","0.4921043260939992","0.5524243695002335","0.7956730769230769","0.0","0.0","0.0","0.0","0.0","29"
"corridor","4","13868","passive_rvo_mpc","1","0","1","0","0.5030941963195801","13.32","111","0.1057450771331787","0.9896569913253188","11.828147216583602","0.6190664605195592","0.4341275943928069","0.4777635135601363","0.1391891891891891","0.09009009009009","0.2306134660911184","0.3377893650786833","0.3705997881467814","0.5547930812567203","0.6869369369369369","0.0","0.0","0.0","0.0","0.0","0"
"corridor","4","13885","passive_rvo_mpc","1","0","0","0","0.5469114780426025","12.12","101","0.1304651796817779","0.9872300447896124","11.565573543077337","0.6424381128900758","0.4296822434770736","0.4189138614159368","0.145049504950495","0.0965346534653465","0.2241697015425209","0.3328246140775114","0.360422873553073","0.5620535184162678","0.7153465346534653","0.0","0.0","0.0","0.0","0.0","1"
"corridor","4","13902","passive_rvo_mpc","1","0","1","0","0.5063604116439819","12.72","106","0.116895891726017","0.9885569298639894","11.708934347960168","0.6249089390687416","0.4310945935178337","0.6165563678944138","0.1400943396226415","0.0919811320754716","0.2218898863176692","0.331149859952758","0.3637633965417461","0.5499716417913167","0.714622641509434","0.0","0.0","0.0","0.0","0.0","2"
"corridor","4","13919","passive_rvo_mpc","1","0","1","0","0.5009498596191406","13.08","109","0.1273505389690399","0.9875458041206002","11.745949020725677","0.6641947732735831","0.4524878268277472","0.5536575687291163","0.1440366972477064","0.1009174311926605","0.2264884649654594","0.3339682753616517","0.3667700437012068","0.5513742139388661","0.6903669724770642","0.0","0.0","0.0","0.0","0.0","3"
"corridor","4","13936","passive_rvo_mpc","1","0","1","0","0.5120435953140259","13.32","111","0.1561666280031204","0.9847574764862655","11.687400413677096","0.6334621146455541","0.4265853836078581","0.4471020269406139","0.1666666666666666","0.1148648648648648","0.2093346016006628","0.3166502220720589","0.3682432061078043","0.5433704957070651","0.6891891891891891","0.0","0.0","0.0","0.0","0.0","4"
"corridor","4","13953","passive_rvo_mpc","1","0","0","0","0.6804435849189758","14.64","122","0.1523882895708084","0.9850892210379244","11.95528580386599","0.5460231348957588","0.3936015656141595","0.5300747949358545","0.1540983606557377","0.0922131147540983","0.2375064835828713","0.3412654150607156","0.3679254570603371","0.5755427788564417","0.6762295081967213","0.0040983606557377","1.0","0.0","0.4981189250946045","-0.0009956590365618","5"
"corridor","4","13970","passive_rvo_mpc","1","0","0","0","0.6189442276954651","11.88","99","0.1566673517227172","0.9846808006986976","11.525933585944586","0.6590584805282304","0.4269709221619335","0.5635709595949403","0.1358585858585858","0.0909090909090909","0.2250778569552031","0.3343117551535668","0.3645162853011579","0.5607720015386138","0.7323232323232324","0.0","0.0","0.0","0.0","0.0","6"
"corridor","4","13987","passive_rvo_mpc","1","0","0","0","0.547603189945221","12.12","101","0.1503415554761886","0.9853024519979954","11.581904991762713","0.6629827023025068","0.4642469408245253","0.3950183167539267","0.1386138613861386","0.0891089108910891","0.2228296747888521","0.3329007197134565","0.3646078767162737","0.5596101296302115","0.7227722772277227","0.0","0.0","0.0","0.0","0.0","7"
"corridor","4","14004","passive_rvo_mpc","1","0","0","0","0.6250761151313782","12.0","100","0.1492070108652115","0.9853858985006808","11.538982016500086","0.6748954730480909","0.45702129334169","0.4020317496724601","0.1355","0.0825","0.2271360989326611","0.3370835997357965","0.3685448481336236","0.5618592536985874","0.7325","0.0","0.0","0.0","0.0","0.0","8"
"corridor","4","14021","passive_rvo_mpc","1","0","0","0","0.5442267060279846","12.48","104","0.1251422762870788","0.9877504650503396","11.632859577424824","0.6467404622638312","0.4295657739569357","0.4066533653643161","0.1427884615384615","0.0961538461538461","0.2248620495167919","0.3340551011751477","0.3659346586867021","0.5608544285452136","0.6899038461538461","0.0","0.0","0.0","0.0","0.0","9"
"corridor","4","14038","passive_rvo_mpc","1","0","0","0","0.5324076414108276","12.84","107","0.1114595383405685","0.9890836896374822","11.67719883157406","0.6397759555490844","0.4450581690737794","0.4844672897140817","0.1518691588785046","0.1004672897196261","0.2219764980259482","0.33304085817571","0.3656614204322066","0.5554155077081975","0.6728971962616822","0.0","0.0","0.0","0.0","0.0","10"
"corridor","4","14055","passive_rvo_mpc","1","0","0","0","0.5409210920333862","13.44","112","0.1226148158311843","0.9880040278658272","11.858522386231924","0.6145980968763719","0.4402834893326935","0.40560022302673","0.1397321428571428","0.0825892857142857","0.2309289611007885","0.3372398459685168","0.3660341193354023","0.5654915346577764","0.6941964285714286","0.0","0.0","0.0","0.0","0.0","11"
"corridor","4","14072","passive_rvo_mpc","1","0","0","0","0.6248181462287903","12.0","100","0.1475472748279571","0.9855863526463507","11.571265638165642","0.6690609331359155","0.4533354768529534","0.575742749915662","0.1295","0.08","0.2256242762576788","0.3335102875500917","0.3644394950538874","0.5514225773096085","0.72","0.0","0.0","0.0","0.0","0.0","12"
"corridor","4","14089","passive_rvo_mpc","1","0","1","0","0.4973822832107544","13.2","110","0.1136288195848465","0.9888799907639624","11.753801702754572","0.6568467410789295","0.454051622604457","0.4879611368530525","0.1495454545454545","0.1","0.226417645284398","0.3359404253878376","0.3670154005993495","0.5602632362436164","0.675","0.0","0.0","0.0","0.0","0.0","13"
"corridor","4","14106","passive_rvo_mpc","1","0","0","0","0.5380753874778748","12.6","105","0.1242534592747688","0.9878179263323544","11.652537249377929","0.6419318785220163","0.4472294759448795","0.6161107142751072","0.1457142857142857","0.0976190476190476","0.2190376260486387","0.3282649987070333","0.360399665728921","0.556317251336007","0.6904761904761905","0.0","0.0","0.0","0.0","0.0","14"
"corridor","4","14123","passive_rvo_mpc","1","0","0","0","0.5221496224403381","12.48","104","0.1103695333003997","0.9891756400465964","11.6566467891098","0.6396537102801421","0.4155720569942872","0.5776687499886836","0.1495192307692307","0.1033653846153846","0.2227613075127682","0.3328662625685907","0.3623827078465659","0.5579533124256593","0.7115384615384616","0.0","0.0","0.0","0.0","0.0","15"
"corridor","4","14140","passive_rvo_mpc","1","0","1","0","0.5080302357673645","13.2","110","0.1003760248422622","0.9902000343427062","11.81413177784998","0.6360201541482555","0.4428406813984814","0.5220909090150433","0.14","0.0931818181818181","0.2186834270469844","0.3282361868254163","0.3582803410223939","0.5538025086278264","0.6818181818181818","0.0","0.0","0.0","0.0","0.0","16"
"corridor","4","14157","passive_rvo_mpc","1","0","0","0","0.5217593312263489","12.6","105","0.1044963672757148","0.989768009632826","11.688150109257547","0.6537028587134999","0.4643667719859097","0.8209273810886467","0.1442857142857143","0.0928571428571428","0.2257969863783746","0.3355194394545895","0.3695563101811068","0.5604828365501904","0.7","0.0","0.0","0.0","0.0","0.0","17"
"corridor","4","14174","passive_rvo_mpc","1","0","0","0","0.5510130524635315","12.36","103","0.1156311556696891","0.9886755533516408","11.61672068783082","0.6740556914829513","0.4467015820691206","0.6598533983882042","0.1349514563106796","0.087378640776699","0.234043863091654","0.3418032270228689","0.3721991419582401","0.5656630579100071","0.7038834951456311","0.0","0.0","0.0","0.0","0.0","18"
"corridor","4","14191","passive_rvo_mpc","1","0","1","0","0.5092074275016785","12.84","107","0.1119064912199974","0.9890472581610084","11.72136689152103","0.630872705265897","0.4212047859734972","0.6403327112319492","0.1397196261682243","0.0934579439252336","0.2295838191294085","0.3387589046414767","0.3702208631812969","0.5595107113423748","0.6962616822429907","0.0","0.0","0.0","0.0","0.0","19"
"corridor","4","14208","passive_rvo_mpc","1","0","1","0","0.5097702145576477","13.08","109","0.1226000189781189","0.9880030127242208","11.777016552514397","0.6500137684580554","0.4575778098452255","0.7152772939645412","0.141743119266055","0.0963302752293578","0.2267872387556991","0.3358175923203656","0.3652881497349761","0.5560072240342787","0.6926605504587156","0.0","0.0","0.0","0.0","0.0","20"
"corridor","4","14225","passive_rvo_mpc","1","0","0","0","0.5399239659309387","12.6","105","0.1187203750014305","0.9883620562031864","11.6670942340279","0.6345093470942672","0.4215275044153843","0.6283138095265409","0.1457142857142857","0.1","0.223175599314982","0.3337915314010211","0.3622295270817621","0.5565769216702098","0.7142857142857143","0.0","0.0","0.0","0.0","0.0","21"
"corridor","4","14242","passive_rvo_mpc","1","0","0","0","0.6956079006195068","13.32","111","0.1930825561285019","0.9811046570539474","11.732032137049828","0.5745044542510096","0.4092314052101862","0.5997470721463738","0.1234234234234234","0.0765765765765765","0.2382876735845966","0.3461268037691846","0.3778614775527705","0.5756487064587104","0.7004504504504504","0.0","0.0","0.0","0.0","0.0","22"
"corridor","4","14259","passive_rvo_mpc","1","0","1","0","0.5198355913162231","12.72","106","0.1020670384168624","0.9900025445967912","11.664750281372108","0.6354139363524979","0.4621570675489244","0.5155728775996908","0.1363207547169811","0.0896226415094339","0.2298848747043818","0.3385537431979517","0.3709627384017661","0.5635195205880786","0.6745283018867925","0.0","0.0","0.0","0.0","0.0","23"
"corridor","4","14276","passive_rvo_mpc","1","0","0","0","0.5494157075881958","12.96","108","0.1387845873832702","0.9864020934328436","11.726081978878938","0.6049575258991724","0.4117147289130284","0.6372217592932564","0.1648148148148148","0.1157407407407407","0.2170782888497881","0.3246064845603649","0.352074019488775","0.5554576022922992","0.6875","0.0","0.0","0.0","0.0","0.0","24"
"corridor","4","14293","passive_rvo_mpc","1","0","1","0","0.5076318979263306","13.08","109","0.1097957044839859","0.9892454314976932","11.69767482043244","0.6425262790668859","0.4382010176777839","0.7162137614088367","0.1458715596330275","0.0940366972477064","0.2280494834448493","0.3381493504386429","0.3695686320017237","0.5589118753961466","0.676605504587156","0.0","0.0","0.0","0.0","0.0","25"
"corridor","4","14310","passive_rvo_mpc","1","0","0","0","0.5499778985977173","13.2","110","0.1263736933469772","0.9876170083880424","11.775938087317629","0.5886297499422323","0.4042998743328181","0.7391147728908849","0.1604545454545454","0.1022727272727272","0.2238090015863153","0.3317833688475869","0.3583965122889389","0.5593350655219772","0.6818181818181818","0.0","0.0","0.0","0.0","0.0","26"
"corridor","4","14327","passive_rvo_mpc","1","0","0","0","0.5219547152519226","12.6","105","0.1261854916810989","0.9876526100561024","11.663117991469337","0.6659240672630923","0.4471917703068049","0.5886716666282155","0.1461904761904762","0.1","0.2234669972438187","0.3322459376014414","0.3659892502725124","0.5587157993089585","0.6785714285714286","0.0","0.0","0.0","0.0","0.0","27"
"corridor","4","14344","passive_rvo_mpc","1","0","0","0","0.5568325519561768","12.36","103","0.1229996457695961","0.9879224505275488","11.636046370025724","0.6277930596707733","0.4001602197554215","0.6687599516138028","0.1422330097087378","0.0946601941747572","0.2275571257064065","0.3361710544364545","0.3630689650962074","0.5614440107634924","0.7427184466019418","0.0","0.0","0.0","0.0","0.0","28"
"corridor","4","14361","passive_rvo_mpc","1","0","0","0","0.5430896878242493","13.8","115","0.1602925807237625","0.9842945337295532","11.9132018747041","0.63334967065805","0.438815012042147","0.8180767388536048","0.1578260869565217","0.0978260869565217","0.227083125255354","0.3314639357658832","0.3582072240185479","0.5590470693733381","0.658695652173913","0.0021739130434782","1.0","0.0","0.5069315910339356","-0.0165722580160945","29"
"corridor","4","13868","rvo_reactive","1","0","0","0","0.8400508546829224","15.0","125","0.1448541432619094","0.9858317030593752","11.18669841735391","0.4140239232783206","0.4236746378093958","0.0","0.0","0.0","0.0","0.0","0.0","0.0","0.476","0.0","0.0","0.0","0.0","0.0","0"
"corridor","4","13885","rvo_reactive","0","0","0","0","0.8400116348266602","16.8","140","0.5165108442306519","0.9494438245892524","11.62960265565198","0.4596905036979088","0.5219440643010395","0.0","0.0","0.0","0.0","0.0","0.0","0.0","0.5321428571428571","0.0017857142857142","1.0","0.0","0.968333821296692","-0.0436492443084716","1"
"corridor","4","13902","rvo_reactive","0","0","0","0","0.8402754449844361","16.8","140","0.4548657834529876","0.9554726779460908","12.058699808367235","0.3829485956529554","0.3493701575723077","0.0","0.0","0.0","0.0","0.0","0.0","0.0","0.4696428571428571","0.0017857142857142","1.0","0.0","0.100344705581665","-0.2862269401550293","2"
"corridor","4","13919","rvo_reactive","0","0","0","0","0.8401095056533814","16.8","140","0.6829748153686523","0.933208741247654","11.420142376271542","0.4188744752738525","0.4750557509650077","0.0","0.0","0.0","0.0","0.0","0.0","0.0","0.5178571428571429","0.0035714285714285","1.0","0.0","0.1921613693237305","0.0691830396652221","3"
"corridor","4","13936","rvo_reactive","1","0","0","0","0.8400625371932984","15.72","131","0.1636514514684677","0.984026925638318","11.27206407187623","0.396978019764478","0.4070568917646208","0.0","0.0","0.0","0.0","0.0","0.0","0.0","0.4599236641221374","0.0019083969465648","1.0","0.0","0.1001935482025146","0.2050395011901855","4"
"corridor","4","13953","rvo_reactive","1","0","0","0","0.6578728556632996","13.92","116","0.1955582648515701","0.9808651562780142","11.153675189096248","0.4010352870772576","0.3215192299143508","0.0","0.0","0.0","0.0","0.0","0.0","0.0","0.4245689655172414","0.0","0.0","0.0","0.0","0.0","5"
"corridor","4","13970","rvo_reactive","1","0","0","0","0.8400357151031494","16.439999999999998","137","0.1918824911117553","0.9812374040484428","11.693094815535003","0.4607119121962443","0.4657162769976323","0.0","0.0","0.0","0.0","0.0","0.0","0.0","0.5602189781021898","0.0018248175182481","1.0","0.0","0.2853650331497193","0.1095190048217773","6"
"corridor","4","13987","rvo_reactive","0","0","0","0","0.8400998497009278","16.8","140","0.4710187315940857","0.9539527148008348","11.343413251976015","0.3926355942867563","0.4544760856311768","0.0","0.0","0.0","0.0","0.0","0.0","0.0","0.6107142857142858","0.0","0.0","0.0","0.0","0.0","7"
"corridor","4","14004","rvo_reactive","0","0","0","0","0.8400148534774781","16.8","140","1.964061617851257","0.8076297044754028","10.640057903990964","0.423449919250353","0.5026093746735049","0.0","0.0","0.0","0.0","0.0","0.0","0.0","0.6928571428571428","0.0053571428571428","1.0","0.0","0.9778577693303426","0.006574789683024","8"
"corridor","4","14021","rvo_reactive","1","0","0","0","0.8400190258026123","15.48","129","0.1388013660907745","0.9864134462550282","11.221233550459146","0.3531947726123901","0.3533996808624198","0.0","0.0","0.0","0.0","0.0","0.0","0.0","0.4612403100775193","0.001937984496124","1.0","0.0","0.4145540475845337","0.2585864067077636","9"
"corridor","4","14038","rvo_reactive","1","0","0","0","0.8401042604446411","16.68","139","0.192795917391777","0.981117632240057","11.721002482547192","0.413571906962526","0.4578046131570883","0.0","0.0","0.0","0.0","0.0","0.0","0.0","0.4964028776978417","0.0017985611510791","1.0","0.0","0.1751647472381592","-0.0650321006774902","10"
"corridor","4","14055","rvo_reactive","1","0","0","0","0.8401258373260498","15.0","125","0.1574531495571136","0.9845956340432168","11.164615454472369","0.3974949383782223","0.4080052000582218","0.0","0.0","0.0","0.0","0.0","0.0","0.0","0.446","0.002","1.0","0.0","0.1023445606231689","0.307105541229248","11"
"corridor","4","14072","rvo_reactive","1","0","0","0","0.8401397848129273","14.88","124","0.1727523207664489","0.983124114573002","11.24124937767192","0.4796937303354723","0.502940216304494","0.0","0.0","0.0","0.0","0.0","0.0","0.0","0.5060483870967742","0.0","0.0","0.0","0.0","0.0","12"
"corridor","4","14089","rvo_reactive","0","0","0","0","0.8400067472457886","16.8","140","2.663409948348999","0.7393518388271332","9.90070412127534","0.4215744478628039","0.576478086717959","0.0","0.0","0.0","0.0","0.0","0.0","0.0","0.7535714285714286","0.0089285714285714","1.0","0.0","0.6088702650070191","0.0658262157440185","13"
"corridor","4","14106","rvo_reactive","1","0","0","0","0.6652939319610596","12.96","108","0.2157553136348724","0.97884688898921","10.953569029719802","0.3158471178203062","0.2896457443410462","0.0","0.0","0.0","0.0","0.0","0.0","0.0","0.6296296296296297","0.0","0.0","0.0","0.0","0.0","14"
"corridor","4","14123","rvo_reactive","1","0","0","0","0.8400683784484864","16.56","138","0.2303913384675979","0.9774046447128056","11.653517653467134","0.4708049188914668","0.5047011225943224","0.0","0.0","0.0","0.0","0.0","0.0","0.0","0.5942028985507246","0.0018115942028985","1.0","0.0","0.1755869865417481","0.1693711280822754","15"
"corridor","4","14140","rvo_reactive","0","0","0","0","0.8400257015228272","16.8","140","0.2562702894210815","0.9749796818941832","11.77658839135256","0.359731750364881","0.3778237006078208","0.0","0.0","0.0","0.0","0.0","0.0","0.0","0.6142857142857143","0.0035714285714285","1.0","0.0","0.5474934124946594","0.0684890031814575","16"
"corridor","4","14157","rvo_reactive","1","0","0","0","0.8400495433807373","15.6","130","0.1561186909675598","0.984713296405971","11.563019798370078","0.3776268260087818","0.3480291759523635","0.0","0.0","0.0","0.0","0.0","0.0","0.0","0.5403846153846154","0.0","0.0","0.0","0.0","0.0","17"
"corridor","4","14174","rvo_reactive","1","0","0","0","0.8403616333007813","15.24","127","0.1766858100891113","0.982696108520031","11.86061105277622","0.49865034584132","0.5094800710230772","0.0","0.0","0.0","0.0","0.0","0.0","0.0","0.5118110236220472","0.0","0.0","0.0","0.0","0.0","18"
"corridor","4","14191","rvo_reactive","1","0","0","0","0.8400040054321289","13.8","115","0.1976054906845092","0.9806595500558616","11.051045785599854","0.4582358777381318","0.4338062074521313","0.0","0.0","0.0","0.0","0.0","0.0","0.0","0.4673913043478261","0.0","0.0","0.0","0.0","0.0","19"
"corridor","4","14208","rvo_reactive","0","0","0","0","0.8400856637954712","16.8","140","2.177523136138916","0.7869191318750381","11.039965573079826","0.4393716335047169","0.5033783972662474","0.0","0.0","0.0","0.0","0.0","0.0","0.0","0.6839285714285714","0.0053571428571428","1.0","0.0","1.008162859280904","-0.0744039217631022","20"
"corridor","4","14225","rvo_reactive","0","0","0","0","0.8400986576080323","16.8","140","1.0662813186645508","0.895474374294281","10.535842013574438","0.4181642194927137","0.5494598892866633","0.0","0.0","0.0","0.0","0.0","0.0","0.0","0.6589285714285714","0.0071428571428571","1.0","0.0","0.7357347750663757","0.1662014722824096","21"
"corridor","4","14242","rvo_reactive","1","0","0","0","0.8400457286834717","15.84","132","0.2611709535121918","0.9744414258748292","11.286382808815688","0.4441897274743744","0.4979157498967128","0.0","0.0","0.0","0.0","0.0","0.0","0.0","0.5587121212121212","0.0","0.0","0.0","0.0","0.0","22"
"corridor","4","14259","rvo_reactive","1","0","0","0","0.8401065254211426","16.68","139","0.2024607062339782","0.9801689963787794","11.70692239163327","0.3921548811159357","0.4350284174245467","0.0","0.0","0.0","0.0","0.0","0.0","0.0","0.5449640287769785","0.0017985611510791","1.0","0.0","0.2274108409881592","0.0088734626770019","23"
"corridor","4","14276","rvo_reactive","1","0","0","0","0.8400415563583374","15.24","127","0.1469509303569793","0.9856019672006368","11.249254069582094","0.4292468697760312","0.4709563173324339","0.0","0.0","0.0","0.0","0.0","0.0","0.0","0.4980314960629921","0.0","0.0","0.0","0.0","0.0","24"
"corridor","4","14293","rvo_reactive","0","0","0","0","0.8402490997314453","16.8","140","6.114992618560791","0.401032030582428","6.239786926656961","0.3570065140724182","0.49363126270473","0.0","0.0","0.0","0.0","0.0","0.0","0.0","0.8785714285714286","0.0160714285714285","1.0","0.0","0.5313772018750508","0.0652894761827257","25"
"corridor","4","14310","rvo_reactive","1","0","0","0","0.8401148700714112","15.72","131","0.1627439111471176","0.9840531963855028","11.291602669894928","0.3994328688158305","0.4327854950066286","0.0","0.0","0.0","0.0","0.0","0.0","0.0","0.5419847328244275","0.0019083969465648","1.0","0.0","0.1395794630050659","0.2341866493225097","26"
"corridor","4","14327","rvo_reactive","1","0","0","0","0.8401929521560669","15.6","130","0.1564089059829712","0.9846952147781848","11.441223894420546","0.492368033092638","0.5065687918104231","0.0","0.0","0.0","0.0","0.0","0.0","0.0","0.4442307692307692","0.0","0.0","0.0","0.0","0.0","27"
"corridor","4","14344","rvo_reactive","1","0","0","0","0.8400174760818482","16.8","140","0.1467950493097305","0.9855859382078052","11.693213322010706","0.3950610454826216","0.3951096362567374","0.0","0.0","0.0","0.0","0.0","0.0","0.0","0.4678571428571428","0.0017857142857142","1.0","0.0","0.3939733982086182","0.0158519744873046","28"
"corridor","4","14361","rvo_reactive","1","0","0","0","0.8355093598365784","14.28","119","0.1598786562681198","0.9843350909650326","10.932782024145126","0.4230608012734623","0.411590123623453","0.0","0.0","0.0","0.0","0.0","0.0","0.0","0.4222689075630252","0.0","0.0","0.0","0.0","0.0","29"
"corridor","8","17868","constant_velocity_mpc","0","1","1","0","0.3254903852939605","16.8","140","2.555432081222534","0.7476009428501129","12.78467526123859","1.8862742338329557","0.8251490290409752","0.0","0.0566071428571428","0.03125","0.469290143741694","0.5725181961071545","0.5726905950383683","0.5725181980629319","0.0","0.0053571428571428","1.0","0.0","0.2695652500788371","0.0338681062062581","0"
"corridor","8","17885","constant_velocity_mpc","0","1","1","0","0.3864294588565826","16.8","140","4.665183067321777","0.5391000807285309","12.501930573000209","1.986459223872849","1.137863966184003","0.0","0.0542857142857142","0.0303571428571428","0.4968876836401011","0.5996187453976433","0.5996187504267851","0.5996187470474147","0.0","0.0107142857142857","0.9166666666666666","0.0833333333333333","0.6750869701306025","-0.07829314560416","1"
"corridor","8","17902","constant_velocity_mpc","0","1","1","0","0.3772783875465393","16.8","140","4.877283096313477","0.518239289522171","12.59118985578607","1.822806752366679","1.0809877167322806","0.0","0.0719642857142857","0.0419642857142857","0.4829435593011522","0.5851209430355312","0.5851209488363404","0.5851209445123428","0.0","0.0133928571428571","0.8","0.2","0.500259547551473","-0.1294458938917765","2"
"corridor","8","17919","constant_velocity_mpc","0","0","1","0","0.446289449930191","16.8","140","4.7594990730285645","0.5297892093658447","12.565631061519523","2.086350892697062","1.1458379115909338","0.0","0.055","0.03125","0.5049232878738217","0.607727861710691","0.6077660233716348","0.6077278640523022","0.0","0.0089285714285714","1.0","0.0","0.6643935085535049","-0.1287235108716413","3"
"corridor","8","17936","constant_velocity_mpc","0","1","1","0","0.319136768579483","16.8","140","6.102573394775391","0.3966106176376343","12.450163780886214","2.1351114267749445","1.3040132873824664","0.0","0.0892857142857142","0.0580357142857142","0.4521374358349879","0.5432193130281354","0.5434291945062578","0.5432193159551493","0.0","0.0160714285714285","0.8333333333333334","0.1666666666666666","0.3495857515103288","-0.144532569249471","4"
"corridor","8","17953","constant_velocity_mpc","0","0","1","0","0.5602561235427856","16.8","140","4.879011154174805","0.5180499851703644","12.50552705411792","1.9008387523038048","1.109472895147545","0.0","0.0457142857142857","0.01875","0.4915525668779655","0.5967796057204583","0.5967827414569578","0.596779607050919","0.0","0.0107142857142857","1.0","0.0","0.7527076558272046","-0.113282038125908","5"
"corridor","8","17970","constant_velocity_mpc","0","0","1","0","0.4722459316253662","16.8","140","4.452134132385254","0.5599975287914276","12.590632316414483","1.9549497480903355","1.16475117121424","0.0","0.0467857142857142","0.0223214285714285","0.5069431128193226","0.6007295095750265","0.6007303892225028","0.600729512714914","0.0","0.0125","1.0","0.0","0.6039304572343828","-0.1507966071774717","6"
"corridor","8","17987","constant_velocity_mpc","0","0","1","0","0.4753655195236206","16.8","140","6.17133092880249","0.3899494409561157","13.303093926864676","2.129211693576404","1.178547843758549","0.0","0.0798214285714285","0.0348214285714285","0.422343898168898","0.5258198665026576","0.5259153535693352","0.5258198683386934","0.0","0.0116071428571428","1.0","0.0","0.5375611721552335","-0.1630596784444955","7"
"corridor","8","18004","constant_velocity_mpc","0","1","1","0","0.2917334139347076","16.8","140","6.248723030090332","0.3828611373901367","12.567863248696083","2.086935404794557","1.257716090338571","0.0","0.0803571428571428","0.0464285714285714","0.4442867288954024","0.5406868867717151","0.5406868921999952","0.5406868884347911","0.0","0.0142857142857142","0.6875","0.3125","0.2730147376656532","-0.1226654261350631","8"
"corridor","8","18021","constant_velocity_mpc","0","1","1","0","0.4215331375598907","16.8","140","4.8004655838012695","0.5257812142372131","12.402633729092486","1.968969096669129","1.1823407568569697","0.0","0.0614285714285714","0.0348214285714285","0.5042639830453055","0.5951722013885156","0.595172206231393","0.5951722039962188","0.0","0.0107142857142857","0.9166666666666666","0.0833333333333333","0.6320095832149187","-0.1720011580366796","9"
"corridor","8","18038","constant_velocity_mpc","0","0","1","0","0.5093933343887329","16.8","140","4.178686618804932","0.5870339572429657","13.7363558083307","2.173255621535437","1.0199296541512013","0.0","0.0585714285714285","0.0267857142857142","0.4588241015379982","0.5494574275288199","0.549457432212042","0.5494574288592807","0.0","0.00625","0.8571428571428571","0.1428571428571428","0.444350562947137","-0.1585217544010707","10"
"corridor","8","18055","constant_velocity_mpc","0","1","1","0","0.2784607112407684","16.8","140","4.786739349365234","0.5271431505680084","12.750611048370049","2.028903038374015","1.1153505789382117","0.0","0.0675","0.0401785714285714","0.4753434879020123","0.5797632892272834","0.5797776979982321","0.579763291515676","0.0","0.0107142857142857","0.8333333333333334","0.1666666666666666","0.5609487493832906","-0.1170753662784894","11"
"corridor","8","18072","constant_velocity_mpc","0","1","1","0","0.3525625467300415","16.8","140","2.9193344116210938","0.7115322649478912","13.455642178014386","2.0976415808711733","1.120395998071347","0.0","0.0510714285714285","0.0241071428571428","0.5027195943476898","0.6018112514234547","0.6018112569581717","0.6018112546963883","0.0","0.0053571428571428","1.0","0.0","0.7137541627883911","-0.106025743484497","12"
"corridor","8","18089","constant_velocity_mpc","0","0","1","0","0.5750056505203247","16.8","140","2.710427761077881","0.7322392761707306","12.404687153915802","1.9974882970963208","1.0732847132853098","0.0","0.0358928571428571","0.01875","0.5415878544391266","0.6443136120628832","0.6443136147770232","0.6443136139255283","0.0","0.0035714285714285","1.0","0.0","0.9856198945641516","0.0324443676101509","13"
"corridor","8","18106","constant_velocity_mpc","0","0","1","0","0.5068720579147339","16.8","140","4.88613224029541","0.5170074701309204","11.92018490704504","2.1737970632101806","1.2929087275905269","0.0","0.0423214285714285","0.0196428571428571","0.4821060631841953","0.5847278350360159","0.5852690758835525","0.5847278369518795","0.0","0.0071428571428571","1.0","0.0","0.7297530782222748","-0.155370557308197","14"
"corridor","8","18123","constant_velocity_mpc","0","1","1","0","0.3676049709320068","16.8","140","6.135729789733887","0.3936629891395569","12.745045509898771","1.9395247248666627","1.2346696373075248","0.0","0.1351785714285714","0.1008928571428571","0.4046852795529578","0.4980974728206971","0.4988422303622855","0.4980974758275386","0.0","0.0142857142857142","0.6875","0.3125","0.2260405746102333","-0.1205606788396835","15"
"corridor","8","18140","constant_velocity_mpc","0","1","1","0","0.2956209182739258","16.8","140","4.635814666748047","0.5420461893081665","12.227347906804424","1.9953130852963243","1.1745513115610395","0.0","0.0457142857142857","0.0258928571428571","0.5243878948512887","0.6267325135378966","0.6267325180614634","0.6267325160391629","0.0","0.0116071428571428","0.9230769230769232","0.0769230769230769","0.6556343404146342","-0.0642368612202027","16"
"corridor","8","18157","constant_velocity_mpc","0","1","1","0","0.3547174632549286","16.8","140","4.812751770019531","0.5244956314563751","12.350345014791856","1.8996886305511","1.2598212225096566","0.0","0.0785714285714285","0.0446428571428571","0.476560129482033","0.5768930649906396","0.5768930687691484","0.5768930666670203","0.0","0.0133928571428571","0.9333333333333332","0.0666666666666666","0.5287710399627685","-0.1017803459835704","17"
"corridor","8","18174","constant_velocity_mpc","0","0","1","0","0.5092787146568298","16.8","140","4.609964370727539","0.5446297824382782","12.164520185971924","1.929529389419726","1.102622848536287","0.0","0.0323214285714285","0.0133928571428571","0.529696838877563","0.6313681315545525","0.6314338030538388","0.631368135545935","0.0","0.0080357142857142","1.0","0.0","0.7571635939015282","-0.1113995711700732","18"
"corridor","8","18191","constant_velocity_mpc","0","1","1","0","0.2894132435321808","16.8","140","6.108984470367432","0.3961036801338196","12.669262749317568","2.021873335646732","1.309620190411806","0.0","0.1057142857142857","0.0767857142857142","0.4216201020764585","0.5082792471508896","0.5083826618748053","0.5082792508761799","0.0","0.0151785714285714","0.8235294117647058","0.1764705882352941","0.2221814394873731","-0.1242427825927734","19"
"corridor","8","18208","constant_velocity_mpc","0","1","1","0","0.37715545296669","16.8","140","4.666022777557373","0.5390300154685974","12.631135952668956","1.8746005793767315","1.1105129196175507","0.0","0.0605357142857142","0.0330357142857142","0.4937620299809745","0.591685699215691","0.5917566748365228","0.5916857012379915","0.0","0.0133928571428571","0.9333333333333332","0.0666666666666666","0.5052693631251653","-0.1266971426767607","20"
"corridor","8","18225","constant_velocity_mpc","0","0","1","0","0.4843634963035583","16.8","140","4.554636478424072","0.5500874519348145","12.922423189484109","1.968215900872435","1.1828946766044413","0.0","0.0589285714285714","0.0285714285714285","0.4746159239363458","0.5754220248045665","0.5754220291152596","0.5754220264277288","0.0","0.0107142857142857","0.9166666666666666","0.0833333333333333","0.4542967279752095","-0.155015992730235","21"
"corridor","8","18242","constant_velocity_mpc","0","0","1","0","0.5266811847686768","16.8","140","4.648385047912598","0.5407634377479553","12.485486791947553","1.9254351900092197","1.1496797579739777","0.0","0.0389285714285714","0.0205357142857142","0.4969949398487806","0.5972050439582338","0.5972796807081571","0.5972050452886947","0.0","0.0089285714285714","1.0","0.0","0.6975853235721587","-0.157639771066606","22"
"corridor","8","18259","constant_velocity_mpc","0","0","1","0","0.579697847366333","16.8","140","4.345148086547852","0.5705966353416443","13.278955601876078","2.0407938808202744","1.0982660997658968","0.0","0.0607142857142857","0.0214285714285714","0.4429065644584063","0.5409171083219616","0.5409392155846581","0.5409171115948953","0.0","0.0080357142857142","1.0","0.0","0.580789663526747","-0.1132579061720106","23"
"corridor","8","18276","constant_velocity_mpc","0","1","1","0","0.2710238695144653","16.8","140","6.028792381286621","0.4039674997329712","12.31469808361726","2.008249868665423","1.303482528829149","0.0","0.0960714285714285","0.0589285714285714","0.4252808154740237","0.5174893067777157","0.5177324191161564","0.5174893091725451","0.0","0.0133928571428571","0.8","0.2","0.2816491133769353","-0.1421375052134195","24"
"corridor","8","18293","constant_velocity_mpc","0","0","1","0","0.4975991249084472","16.8","140","2.3763794898986816","0.7653165608644485","13.45033508524648","1.8466223128139971","0.919319719501904","0.0","0.0414285714285714","0.0178571428571428","0.5087557063223794","0.6161423951584314","0.616142398431365","0.6161423968082028","0.0","0.0044642857142857","1.0","0.0","0.7558771939277649","-0.1582741641998291","25"
"corridor","8","18310","constant_velocity_mpc","0","1","1","0","0.3805401623249054","16.8","140","4.5770673751831055","0.5477466583251953","12.419691307537503","1.9033628165721892","1.1317097946469272","0.0","0.04375","0.0214285714285714","0.5068717703122113","0.6118971564378589","0.6118971606155059","0.6118971586730331","0.0","0.0107142857142857","1.0","0.0","0.6838173264265062","-0.086832838433717","26"
"corridor","8","18327","constant_velocity_mpc","0","1","1","0","0.3480169475078583","16.8","140","4.706429958343506","0.535160481929779","13.099133524272474","1.952182597560542","1.1150287255112614","0.0","0.0666071428571428","0.0375","0.4719528949266033","0.5714989238485162","0.5714989290107042","0.5714989245935742","0.0","0.0107142857142857","0.9166666666666666","0.0833333333333333","0.6255766134460768","-0.1555195761689295","27"
"corridor","8","18344","constant_velocity_mpc","0","0","1","0","0.5996026992797852","16.8","140","4.890000343322754","0.5167554020881653","11.737713361217176","1.849172706263406","0.905346461199224","0.0","0.0432142857142857","0.0142857142857142","0.4494274011711989","0.5492779396724488","0.5495423707828989","0.5492779420938875","0.0","0.0098214285714285","0.9090909090909092","0.0909090909090909","0.4586818879300898","-0.0273155905983664","28"
"corridor","8","18361","constant_velocity_mpc","0","1","1","0","0.3526611924171448","16.8","140","6.096931457519531","0.397584319114685","12.530572188727092","2.0680690459907054","1.2767937803907057","0.0","0.0867857142857142","0.0625","0.4465909233950412","0.534376964526384","0.5352148209106442","0.5343769678259268","0.0","0.0133928571428571","0.6666666666666666","0.3333333333333333","0.2640735637346904","-0.1384341653188069","29"
"corridor","8","17868","icgp_rvo_mpc","0","0","0","0","0.6208211183547974","16.8","140","1.687049388885498","0.8333707749843597","12.301118635718012","0.947500514877694","0.8341468790812152","0.6215720535887418","0.425","0.2875","-0.0157630292645522","0.1327965391169169","0.1743320894079016","0.4466160258145205","0.75","0.0026785714285714","1.0","0.0","0.4587281004587809","-0.0494831869999567","0"
"corridor","8","17885","icgp_rvo_mpc","0","0","0","0","0.6434546709060669","16.8","140","0.8058078289031982","0.9203896746039392","12.166407536613406","1.0003471724689006","0.901794736300196","0.5544515178826259","0.4833928571428571","0.3633928571428571","-0.0767043799018886","0.0734306965709797","0.0968320077066974","0.4399330879982029","0.6982142857142857","0.0017857142857142","1.0","0.0","0.3151973962783814","-0.02482590675354","1"
"corridor","8","17902","icgp_rvo_mpc","0","0","0","0","0.6738054156303406","16.8","140","0.6949067711830139","0.9313595741987228","12.666897703984432","1.0624891197042805","0.9214424758617368","0.7948482143092406","0.5239285714285714","0.4116071428571428","-0.0755785764723883","0.0729494002806022","0.0922595692398026","0.4133127752127392","0.7071428571428572","0.0017857142857142","1.0","0.0","0.3512281620502472","0.1708720624446869","2"
"corridor","8","17919","icgp_rvo_mpc","0","0","0","0","0.6433482766151428","16.8","140","0.8166279196739197","0.9193219169974328","12.572331453673542","0.9649113604000636","0.8525955219353948","0.711986428619379","0.5208928571428572","0.3919642857142857","-0.0800513082426041","0.0752695395081703","0.0951039587810103","0.4548330596185156","0.7767857142857143","0.0035714285714285","1.0","0.0","0.4376002544164658","0.0516524642705917","3"
"corridor","8","17936","icgp_rvo_mpc","0","0","0","0","0.6364139914512634","16.8","140","1.0136427879333496","0.8997764959931374","12.606626951193904","1.1289941704698971","1.010045303617205","0.559570535675188","0.4748214285714285","0.3491071428571428","-0.0738441394774376","0.0810277733126921","0.096873642070485","0.4183993422277272","0.7669642857142858","0.0026785714285714","1.0","0.0","0.6628239758809408","-0.0981587012608845","4"
"corridor","8","17953","icgp_rvo_mpc","0","0","0","0","0.6092249155044556","16.8","140","0.714372992515564","0.9294340461492538","12.615101022238376","1.0902952688080925","0.9196646424276488","0.6142508927950985","0.5176785714285714","0.3598214285714285","-0.086734497716351","0.0694550658613443","0.0872911451661161","0.4097113042314138","0.6928571428571428","0.0","0.0","0.0","0.0","0.0","5"
"corridor","8","17970","icgp_rvo_mpc","0","0","0","0","0.6269530653953552","16.8","140","1.03762686252594","0.8974517956376076","12.407934792106971","1.051203082714762","0.9070896674479756","0.8092061607255475","0.4635714285714286","0.30625","-0.0638995697229568","0.0894642110890043","0.1096995725735489","0.4500585865019155","0.7116071428571429","0.0026785714285714","1.0","0.0","0.174497450987498","-0.0274444063504536","6"
"corridor","8","17987","icgp_rvo_mpc","0","0","0","0","0.6183520555496216","16.8","140","0.6930285692214966","0.9314925000071526","12.012960718522663","1.0786000379494258","0.9674744965774672","0.5080483035336718","0.5092857142857142","0.3919642857142857","-0.0945947734306495","0.0669842323015576","0.0725667513240394","0.487770184936268","0.7991071428571429","0.0008928571428571","1.0","0.0","0.6657486438751221","0.127234548330307","7"
"corridor","8","18004","icgp_rvo_mpc","0","0","0","0","0.6185622811317444","16.8","140","0.6411625742912292","0.9366772472858428","11.58637564174569","1.0368313566914626","1.0511570465351854","0.4753133035592327","0.4796428571428571","0.3357142857142857","-0.0639010105869051","0.0912093814257532","0.0967317573414849","0.5077767061984966","0.775","0.0017857142857142","1.0","0.0","0.569716169834137","0.0285982355475425","8"
"corridor","8","18021","icgp_rvo_mpc","0","0","0","0","0.6373245120048523","16.8","140","0.7995720505714417","0.9210134819149972","12.048558914601015","0.9255793027579784","0.8484292717916625","0.5188913393859755","0.4853571428571429","0.3526785714285714","-0.0634139322515444","0.0890485412466472","0.0950738372801403","0.4707273533336286","0.7241071428571428","0.0044642857142857","1.0","0.0","0.2180366859436035","0.1011681079864501","9"
"corridor","8","18038","icgp_rvo_mpc","0","0","0","0","0.5746774077415466","16.8","140","0.7814882397651672","0.9227680489420892","11.842620820971206","0.9897060772137982","0.9331253355635064","0.5443998215598965","0.5183928571428571","0.3446428571428571","-0.0926283700710794","0.0700423710783943","0.0828029298198276","0.448198222349797","0.75625","0.0017857142857142","1.0","0.0","0.0786585319042205","0.0940150201320648","10"
"corridor","8","18055","icgp_rvo_mpc","0","0","0","0","0.6713079214096069","16.8","140","3.114954948425293","0.6922899484634399","11.176421819604002","1.060882253465908","1.083367502263614","0.5097022322388511","0.3939285714285714","0.2705357142857142","-0.001912410101188","0.1425901256791715","0.1647553542455924","0.4439101174697279","0.7848214285714286","0.0080357142857142","1.0","0.0","0.3762926308314005","-0.0478999429278903","11"
"corridor","8","18072","icgp_rvo_mpc","0","0","0","0","0.5840884447097778","16.8","140","0.942182183265686","0.9069003015756608","11.674061458543292","0.9012549741459744","0.8485339665519339","0.6128441965172117","0.5498214285714286","0.40625","-0.1084473160679252","0.0425807254450129","0.0513295389027999","0.461274394051837","0.7232142857142857","0.0035714285714285","1.0","0.0","0.1667166048288345","0.0944499418139457","12"
"corridor","8","18089","icgp_rvo_mpc","0","0","0","0","0.6207587122917175","16.8","140","0.9986190795898438","0.901347316801548","11.41625146390288","1.0451990681035177","1.0085325854165212","0.6919182143779575","0.4451785714285714","0.3071428571428571","-0.044173332636045","0.1114198491501488","0.1193178683341081","0.4632968765103391","0.7089285714285715","0.0017857142857142","1.0","0.0","0.298212218284607","-0.0816384315490722","13"
"corridor","8","18106","icgp_rvo_mpc","0","0","0","0","0.6195116639137268","16.8","140","1.8524644374847408","0.8168845027685165","11.3124711169512","0.9191296761057206","0.7944585855518068","0.7175968751978091","0.4892857142857142","0.3357142857142857","-0.0956519516955928","0.0646087856546842","0.0719263301724568","0.3853922033331224","0.8160714285714286","0.0044642857142857","1.0","0.0","0.3613678560256958","-0.0367480897903442","14"
"corridor","8","18123","icgp_rvo_mpc","0","0","0","0","0.580826461315155","16.8","140","1.235914707183838","0.8778660669922829","12.23990908365522","1.042153801981892","0.9222249094929014","0.7315074999886357","0.4525","0.3482142857142857","-0.0264385062410562","0.125682571117101","0.1444782222751528","0.4854673287456057","0.7339285714285714","0.0017857142857142","1.0","0.0","0.6946161794662475","0.029733657836914","15"
"corridor","8","18140","icgp_rvo_mpc","0","0","0","0","0.54417484998703","16.8","140","2.051657199859619","0.7973248809576035","11.965292133012554","1.0803959882685117","0.9754998679671968","0.7616342857220714","0.4776785714285714","0.33125","-0.0149743161858891","0.1363067381288856","0.1811855211516043","0.4345028653389641","0.7482142857142857","0.0044642857142857","1.0","0.0","0.1212432384490967","-0.0240667343139648","16"
"corridor","8","18157","icgp_rvo_mpc","0","0","0","0","0.5561408996582031","16.8","140","0.6958087682723999","0.9312534406781195","11.920334292226473","1.05929151901177","0.9577301400048392","0.9469067858974866","0.4351785714285714","0.2973214285714285","-0.0345671857629204","0.1185170950962762","0.1281337002227082","0.4583145910693067","0.7125","0.0026785714285714","1.0","0.0","0.3123898514111836","0.080516775449117","17"
"corridor","8","18174","icgp_rvo_mpc","0","0","0","0","0.6226320266723633","16.8","140","0.9754267334938048","0.903647780418396","11.465170221861626","1.00295803190342","0.9322647328887668","0.9652449103798842","0.4707142857142857","0.3553571428571428","-0.0513110200707867","0.1044070654249351","0.1137080299826338","0.491440947634035","0.7428571428571429","0.0026785714285714","1.0","0.0","0.6110154422124227","0.1042537242174148","18"
"corridor","8","18191","icgp_rvo_mpc","0","0","0","0","0.5261161923408508","16.8","140","0.7443760633468628","0.9264155998826028","11.91251015161106","1.0870914841336865","0.9952127406639713","0.8255758038493306","0.4789285714285714","0.3401785714285714","-0.06937213708304","0.0837110662452344","0.0921865241838885","0.4475585737902937","0.7089285714285715","0.0026785714285714","1.0","0.0","0.5319190653165181","0.0920593589544296","19"
"corridor","8","18208","icgp_rvo_mpc","0","0","0","0","0.6169358491897583","16.8","140","0.7197927236557007","0.9288895800709724","11.71347920131666","0.9811824086521354","0.9125723408801216","0.8854572320940081","0.5339285714285714","0.39375","-0.0949485750577545","0.0557879601344466","0.0652569278169955","0.4680429306360228","0.7660714285714286","0.0035714285714285","1.0","0.0","0.1651438784599304","0.1007313281297683","20"
"corridor","8","18225","icgp_rvo_mpc","0","0","0","0","0.6642932891845703","16.8","140","0.7284685373306274","0.9280409887433052","11.654061671979434","0.8860620257577726","0.7883310150355101","0.9997383927449326","0.5521428571428572","0.4089285714285714","-0.1080026005900165","0.055054676967673","0.0674419498684417","0.5264168862591365","0.7473214285714286","0.0008928571428571","1.0","0.0","0.9726972389221192","0.1403498947620391","21"
"corridor","8","18242","icgp_rvo_mpc","0","0","0","0","0.6217228174209595","16.8","140","0.7330620288848877","0.9275772348046304","11.873082559875913","0.9759993512715612","0.8824787258037499","0.7432239285662945","0.5007142857142857","0.3857142857142857","-0.0746574321703519","0.0785855345104687","0.096307603109761","0.4235672301894852","0.725","0.0008928571428571","1.0","0.0","0.5242652177810669","0.144615888595581","22"
"corridor","8","18259","icgp_rvo_mpc","0","0","0","0","0.6185845136642456","16.8","140","0.6753142476081848","0.9332629814743996","12.100219479201767","1.0893019390425511","1.0910424975412232","0.8661102679200537","0.5242857142857142","0.3517857142857143","-0.0992869436942939","0.0568090281086042","0.0601790306274113","0.4693483747680272","0.7223214285714286","0.0035714285714285","1.0","0.0","0.2695393443107605","0.1737879766733385","23"
"corridor","8","18276","icgp_rvo_mpc","0","0","0","0","0.6269292235374451","16.8","140","0.8658144474029541","0.9144018366932868","11.546227567945609","1.0031010720346656","0.9332143564309392","0.7234995536756677","0.5160714285714286","0.3705357142857143","-0.0933440487428036","0.0725067740592307","0.0912680733074833","0.4723906637291823","0.7616071428571428","0.0017857142857142","1.0","0.0","0.21663494348526","-0.0227729808539152","24"
"corridor","8","18293","icgp_rvo_mpc","0","0","1","0","0.48569256067276","16.8","140","0.7985551953315735","0.921137310564518","12.037689909921028","1.037008689556803","0.9248391721929824","0.9784760713565837","0.5696428571428571","0.4","-0.1050516984895553","0.048558616558622","0.0583682157751172","0.4404503900461963","0.7223214285714286","0.0035714285714285","1.0","0.0","0.4227615290880203","0.1847083568572998","25"
"corridor","8","18310","icgp_rvo_mpc","0","0","0","0","0.6425275206565857","16.8","140","0.6861751079559326","0.9322000369429588","11.950959694833728","0.9863954725010056","0.8968702872948987","0.9890889291065312","0.4760714285714286","0.3392857142857143","-0.0479954679839845","0.1067822893522679","0.1155178129359015","0.4710923790559172","0.7258928571428571","0.0026785714285714","1.0","0.0","0.6650906809171041","0.0771257181962331","26"
"corridor","8","18327","icgp_rvo_mpc","0","0","0","0","0.6891962885856628","16.8","140","0.9852532148361206","0.902689591050148","12.081504286325073","1.0260823921433515","0.929471711122564","1.14369089309808","0.5164285714285715","0.3607142857142857","-0.0941470539680615","0.0671365643553435","0.070982041683048","0.4558552365255143","0.7696428571428572","0.0017857142857142","1.0","0.0","0.112510073184967","-0.0288884103298187","27"
"corridor","8","18344","icgp_rvo_mpc","0","0","0","0","0.6369578242301941","16.8","140","2.1271259784698486","0.7897909879684448","11.694292400672566","0.9944383975650584","0.9482444089438234","0.91469589261968","0.4748214285714285","0.3178571428571428","-0.0834314881758099","0.0892392472362678","0.0960006311305665","0.411589849876506","0.7482142857142857","0.00625","1.0","0.0","0.4729348175866262","0.0117204087121146","28"
"corridor","8","18361","icgp_rvo_mpc","0","1","1","0","0.4378857016563415","16.8","140","0.6677268743515015","0.9340243339538574","12.134596509858966","1.0547888615301677","0.9589834332466124","0.8720991070861471","0.5728571428571428","0.4357142857142857","-0.1082625499948626","0.0511565933573458","0.0572618311404117","0.463456721178522","0.7223214285714286","0.0008928571428571","1.0","0.0","0.1464739322662354","0.1211060285568237","29"
"corridor","8","17868","passive_rvo_mpc","0","0","0","0","0.620000958442688","16.8","140","1.0760107040405271","0.8937228322029114","12.026284121799108","1.073516762043749","0.9338371325816428","0.4941783928643417","0.4973214285714286","0.4116071428571428","-0.074269863088532","0.041184844823155","0.0537814481081441","0.4405574663302728","0.7526785714285714","0.0026785714285714","1.0","0.0","0.4993833557764689","0.0078678450547158","0"
"corridor","8","17885","passive_rvo_mpc","0","0","0","0","0.616507887840271","16.8","140","0.7880796790122986","0.922141134738922","12.068322632840136","1.1826240405440331","1.0463751492755753","0.4321796428355031","0.4498214285714286","0.3669642857142857","-0.0451710681432492","0.0645960455035258","0.0840234676438516","0.4140874850478555","0.7821428571428571","0.0026785714285714","1.0","0.0","0.2489684279759725","0.0097467521826426","1"
"corridor","8","17902","passive_rvo_mpc","0","0","0","0","0.5728650689125061","16.8","140","2.6193881034851074","0.7412661612033844","11.12608042669308","1.0998687603643962","1.1446800218096802","0.6588489284760206","0.3717857142857143","0.2598214285714286","-0.0060975411344718","0.1048367725565497","0.1408776319950286","0.349345355777336","0.8598214285714286","0.0053571428571428","1.0","0.0","0.3780910031000773","-0.1513112703959147","2"
"corridor","8","17919","passive_rvo_mpc","0","0","0","0","0.6194247007369995","16.8","140","2.041667938232422","0.7982950955629349","10.867957996975749","1.14965545215777","1.0491875774094035","0.5571857141343831","0.4178571428571428","0.3196428571428571","-0.0393340252468229","0.0702775353657613","0.0830288670101602","0.4063176031644855","0.8071428571428572","0.0035714285714285","1.0","0.0","0.3337725710868836","0.0794105529785156","3"
"corridor","8","17936","passive_rvo_mpc","0","0","0","0","0.6151037216186523","16.8","140","0.8403469324111938","0.9169110506772996","12.28079756957959","1.018259047716856","0.8838564889771597","0.4648645536300527","0.5164285714285715","0.3991071428571429","-0.0809879547055835","0.0333627838600826","0.0391723964791079","0.4264720638878644","0.7508928571428571","0.0","0.0","0.0","0.0","0.0","4"
"corridor","8","17953","passive_rvo_mpc","0","0","0","0","0.620635449886322","16.8","140","0.951507568359375","0.9060098305344582","12.832272834290052","0.9838258501674448","0.8907102738906231","0.5569549999173822","0.3875","0.2857142857142857","-0.0129224221202644","0.1038020346422812","0.1219751710575073","0.3909482084853309","0.7875","0.0035714285714285","1.0","0.0","0.2814219176769257","-0.07743671387434","5"
"corridor","8","17970","passive_rvo_mpc","0","0","0","0","0.6199641227722168","16.8","140","0.7752307653427124","0.9233842864632608","12.037922511080978","0.9707688221974032","0.8707772814801761","0.6415697321764517","0.4869642857142857","0.3803571428571428","-0.0611877602645129","0.0496649285705893","0.0619508761680418","0.4377123092639127","0.7491071428571429","0.0017857142857142","1.0","0.0","0.2371111989021301","0.0643805097788572","6"
"corridor","8","17987","passive_rvo_mpc","0","0","0","0","0.6840431094169617","16.8","140","3.305095195770264","0.673283576965332","10.793590532237433","0.9329469407243388","0.8447356397552149","0.4020895535372152","0.4044642857142857","0.26875","-0.0312244879339954","0.0758597111624798","0.0806318716542529","0.4157681686266192","0.8232142857142857","0.0089285714285714","1.0","0.0","0.3480429873466492","-0.052595739364624","7"
"corridor","8","18004","passive_rvo_mpc","0","0","0","0","0.6333358883857727","16.8","140","0.9182903170585632","0.9093074426054956","11.788731735607143","1.045676104458315","1.015945625943797","0.3812450894071974","0.5360714285714285","0.375","-0.0859182051803218","0.0372675872896797","0.0645311035199223","0.4356651474929282","0.8276785714285714","0.0026785714285714","1.0","0.0","0.0998377482096354","0.1172029773394266","8"
"corridor","8","18021","passive_rvo_mpc","0","0","0","0","0.6163480281829834","16.8","140","0.6867835521697998","0.9321554005146028","11.96827034058515","1.0688948655234916","0.9504373206623964","0.4132725892759481","0.4830357142857143","0.3580357142857143","-0.0668958945172406","0.0530544752130018","0.08006241533719","0.4267820277453533","0.8008928571428572","0.0008928571428571","1.0","0.0","0.3787260460853576","0.1530925035476684","9"
"corridor","8","18038","passive_rvo_mpc","0","1","1","0","0.3595815002918243","16.8","140","4.832546234130859","0.5224151313304901","11.633202869787056","1.3452633991837502","1.3238095008901187","0.5879683928924351","0.4621428571428571","0.375","-0.0580964164103414","0.043609790227775","0.0717596099773155","0.2771577192707253","0.9044642857142856","0.0107142857142857","0.9166666666666666","0.0833333333333333","0.1552629166841507","-0.1297452052434285","10"
"corridor","8","18055","passive_rvo_mpc","0","0","0","0","0.6074168086051941","16.8","140","1.717216968536377","0.8303651511669159","12.38434357420192","1.2005725519997732","1.107727952514376","0.4174762499133067","0.4980357142857143","0.4017857142857143","-0.0517939755159147","0.058620901549368","0.0773204583801062","0.41992109069308","0.7785714285714286","0.0053571428571428","1.0","0.0","0.4550293739636739","0.092417584080249","11"
"corridor","8","18072","passive_rvo_mpc","0","0","1","0","0.5040583610534668","16.8","140","1.1755459308624268","0.8838409632444382","11.95633957182872","1.025751619786024","0.906794858617442","0.4223608035902413","0.5028571428571429","0.40625","-0.0821092896120806","0.0300969609112611","0.0515989183501473","0.374723452431549","0.80625","0.0017857142857142","1.0","0.0","0.1064333200454712","0.1530928611755371","12"
"corridor","8","18089","passive_rvo_mpc","0","0","0","0","0.6161665320396423","16.8","140","0.8740764856338501","0.9136507660150528","11.853815867847516","1.133970811537334","1.0267414636377776","0.5977987498551686","0.4792857142857142","0.3642857142857142","-0.0496606462043543","0.0682164152593218","0.0814645458405305","0.3909652815067342","0.7973214285714286","0.0017857142857142","1.0","0.0","0.2553082585334778","0.1703171929344535","13"
"corridor","8","18106","passive_rvo_mpc","0","1","1","0","0.4193035066127777","16.8","140","1.5240955352783203","0.8493436723947525","12.767580791638466","1.1219036981463433","0.9963680058717728","0.5779112500152094","0.4232142857142857","0.3294642857142857","-0.0313248695196816","0.0791075511718434","0.113160781313266","0.3467658875068383","0.8330357142857143","0.0017857142857142","1.0","0.0","0.7518068361282348","-0.2731717109680175","14"
"corridor","8","18123","passive_rvo_mpc","0","0","0","0","0.6192240715026855","16.8","140","0.5911689400672913","0.941580280661583","12.554395233375544","1.0592674584261008","0.8860761051731451","0.7504981249374916","0.5173214285714286","0.4125","-0.0809423014404352","0.0327688635421384","0.0444651273791012","0.4484412887176233","0.7160714285714286","0.0","0.0","0.0","0.0","0.0","15"
"corridor","8","18140","passive_rvo_mpc","0","0","0","0","0.6285906434059143","16.8","140","0.7019052505493164","0.9306615516543388","12.166961779483245","1.1398373056735311","0.9908532598188944","0.5776618750912478","0.4883928571428571","0.3901785714285714","-0.0658447249093691","0.0473379075819227","0.0670022626023606","0.4114422941356897","0.7678571428571429","0.0008928571428571","1.0","0.0","0.423064398765564","0.0893559467047452","16"
"corridor","8","18157","passive_rvo_mpc","0","0","0","0","0.676397979259491","16.8","140","0.6390243768692017","0.9368637949228288","11.905822116630588","1.0085629081087453","0.931499655544758","0.9476978571521092","0.4589285714285714","0.3446428571428571","-0.0456090664879302","0.069064588313257","0.0808626402665727","0.4058411996625363","0.7991071428571429","0.0044642857142857","1.0","0.0","0.1981788396835327","0.1713408884778618","17"
"corridor","8","18174","passive_rvo_mpc","0","0","0","0","0.5670037865638733","16.8","140","1.162996530532837","0.8851197212934494","12.456823220018125","1.0927326954901218","0.985706959239074","0.8215639284961591","0.4241071428571428","0.31875","-0.0162094844214651","0.0969062491531616","0.1201600019680336","0.4143551076267446","0.8017857142857143","0.0026785714285714","1.0","0.0","0.489511870543162","-0.0453395947813987","18"
"corridor","8","18191","passive_rvo_mpc","0","0","0","0","0.6207934021949768","16.8","140","0.681951105594635","0.9325865432620049","12.432541421236238","1.0367391788533755","0.9302032547337667","0.9745960717607106","0.4728571428571428","0.35625","-0.0537430711647445","0.0583281083351799","0.0734135879842298","0.3763086274809071","0.7553571428571428","0.0035714285714285","1.0","0.0","0.1784976601600647","0.1337263397872448","19"
"corridor","8","18208","passive_rvo_mpc","0","0","0","0","0.6218523383140564","16.8","140","0.8334519267082214","0.917660854756832","11.795697878827925","1.1140919873757025","0.8977439144892352","0.823103303732101","0.50125","0.4008928571428571","-0.0857658621096883","0.0399752073691093","0.0585895739047388","0.3972874897013285","0.7169642857142857","0.0017857142857142","1.0","0.0","0.4401542687416077","0.0718546494841575","20"
"corridor","8","18225","passive_rvo_mpc","0","0","0","0","0.6199756264686584","16.8","140","1.3875877857208252","0.8629323840141296","12.113490960437048","0.9898418762854168","0.8989562911646707","0.7241680357245579","0.4353571428571428","0.31875","-0.0234805015280643","0.0834597152150901","0.0924770528161898","0.4315130098643047","0.7008928571428571","0.0044642857142857","1.0","0.0","0.1780753374099732","0.0072982965409755","21"
"corridor","8","18242","passive_rvo_mpc","0","0","1","0","0.5049561858177185","16.8","140","1.9160181283950808","0.8107072412967682","12.140149851060414","1.1720345712133815","1.0566843326602664","0.5498755357556158","0.4307142857142857","0.3071428571428571","-0.0344742314011922","0.0786065297768052","0.1046070958932063","0.3619312502188342","0.775","0.00625","1.0","0.0","0.3470410704612731","-0.0384001731872558","22"
"corridor","8","18259","passive_rvo_mpc","0","0","0","0","0.6016188263893127","16.8","140","0.9578107595443726","0.9053456485271454","11.504166923954472","0.9110078765877656","0.8773260145315103","0.5818401784641277","0.5069642857142858","0.3696428571428571","-0.0571177392387014","0.0464644510344202","0.0575912582962108","0.4159206768146583","0.8357142857142857","0.0017857142857142","1.0","0.0","0.7140657448768616","0.1116812564432621","23"
"corridor","8","18276","passive_rvo_mpc","0","0","1","0","0.4897341430187225","16.8","140","1.6139521598815918","0.8404377102851868","12.84269336370926","1.0788068874606065","1.0103064144296303","0.5919482142222218","0.4244642857142857","0.3142857142857143","-0.0317092686525097","0.0754208397958427","0.1093364832451833","0.3689805865032332","0.7794642857142857","0.0044642857142857","1.0","0.0","0.410398015499115","-0.0117376772500574","24"
"corridor","8","18293","passive_rvo_mpc","0","0","0","0","0.6126070618629456","16.8","140","1.2654834985733032","0.8750250041484833","12.62660560144286","1.1667000313954694","1.127555269428662","0.9151613391363104","0.4371428571428571","0.3258928571428571","-0.029959887622789","0.0857389506921172","0.1155218157118984","0.3935668368195849","0.7866071428571428","0.0053571428571428","1.0","0.0","0.4944379957516987","0.0186083684364954","25"
"corridor","8","18310","passive_rvo_mpc","0","0","0","0","0.6149932742118835","16.8","140","3.139425039291382","0.6897979974746704","11.7807976982549","1.0409496734184878","0.9687577205044884","0.7847510714262691","0.4741071428571428","0.3660714285714285","-0.0519307197915955","0.0685119945139491","0.0824799079457297","0.3493856567304049","0.8383928571428572","0.0071428571428571","1.0","0.0","0.4389890667796134","-0.0640340971760451","26"
"corridor","8","18327","passive_rvo_mpc","0","0","0","0","0.6121448874473572","16.8","140","0.6771405339241028","0.9331209287047386","12.25775665868423","1.2066868956599917","1.1458262025245598","0.6310683928859362","0.535","0.4223214285714285","-0.1011523535333607","0.0167571422223533","0.0339100003114768","0.3867529518678784","0.8008928571428572","0.0008928571428571","1.0","0.0","0.3579934120178223","0.1294608321040868","27"
"corridor","8","18344","passive_rvo_mpc","0","0","0","0","0.6667078137397766","16.8","140","1.8247281312942505","0.8196748495101929","12.64259425304772","0.9465546042259252","0.8761458072279181","0.8204558035036565","0.4589285714285714","0.3580357142857143","-0.0388274994842275","0.0782938033808022","0.0899748296032526","0.3715596094019711","0.7330357142857142","0.0044642857142857","1.0","0.0","0.354578182220459","-0.0005892477184533","28"
"corridor","8","18361","passive_rvo_mpc","0","0","0","0","0.6251707673072815","16.8","140","0.8980482816696167","0.9112671092152596","12.794522337790111","1.1176506664071764","1.0410956332726138","0.7797473214460686","0.39625","0.2973214285714285","0.0068830292992559","0.1212464066516341","0.156383923063986","0.4173419831842184","0.7446428571428572","0.0053571428571428","1.0","0.0","0.5030769650141398","0.0964728186838328","29"
"corridor","8","17868","rvo_reactive","0","0","0","0","0.6226149201393127","16.8","140","1.2032015323638916","0.881160244345665","11.29796398022154","0.4841357809624502","0.5332496862858533","0.0","0.0","0.0","0.0","0.0","0.0","0.0","0.6446428571428572","0.0035714285714285","1.0","0.0","0.3544322580099106","0.1147248521447181","0"
"corridor","8","17885","rvo_reactive","0","0","0","0","0.6245163679122925","16.8","140","0.9191564917564392","0.9091913104057312","11.856535149927367","0.6695076308878405","0.6631377829238773","0.0","0.0","0.0","0.0","0.0","0.0","0.0","0.6241071428571429","0.0008928571428571","1.0","0.0","0.28850350856781","-0.4135535240173339","1"
"corridor","8","17902","rvo_reactive","0","0","0","0","0.6481572389602661","16.8","140","0.6088520288467407","0.9398597590625286","12.089931753100243","0.6659685407366072","0.692252155393362","0.0","0.0","0.0","0.0","0.0","0.0","0.0","0.6178571428571429","0.0008928571428571","1.0","0.0","0.3950626063346862","0.023569107055664","2"
"corridor","8","17919","rvo_reactive","0","0","0","0","0.6203022003173828","16.8","140","0.7946300506591797","0.9214951768517494","11.415969744310132","0.5907737358606288","0.5856053438037634","0.0","0.0","0.0","0.0","0.0","0.0","0.0","0.6151785714285715","0.0035714285714285","1.0","0.0","0.4716028714179993","0.1383436799049377","3"
"corridor","8","17936","rvo_reactive","0","0","0","0","0.6141798496246338","16.8","140","0.8614325523376465","0.9148262143135072","11.601768683380214","0.6383001651614905","0.6375372385340078","0.0","0.0","0.0","0.0","0.0","0.0","0.0","0.6401785714285714","0.0026785714285714","1.0","0.0","0.3816421683629354","0.0642740567525227","4"
"corridor","8","17953","rvo_reactive","0","0","0","0","0.6288520097732544","16.8","140","0.7486803531646729","0.9260451570153236","11.869875393022085","0.5472579027659127","0.5910910356789827","0.0","0.0","0.0","0.0","0.0","0.0","0.0","0.6258928571428571","0.0044642857142857","1.0","0.0","0.337807963848114","0.0400262594223022","5"
"corridor","8","17970","rvo_reactive","0","0","0","0","0.6181702613830566","16.8","140","3.601125478744507","0.6441023647785187","9.639878943751684","0.7909373242940222","0.8472123203533036","0.0","0.0","0.0","0.0","0.0","0.0","0.0","0.7241071428571428","0.0053571428571428","1.0","0.0","0.3477765885988872","0.0631787041823069","6"
"corridor","8","17987","rvo_reactive","0","0","0","0","0.6622578501701355","16.8","140","0.8302775025367737","0.9179251194000244","11.92969843155879","0.7194250088717257","0.7527500381693244","0.0","0.0","0.0","0.0","0.0","0.0","0.0","0.65","0.0026785714285714","1.0","0.0","0.5358151626586914","0.0860668222109476","7"
"corridor","8","18004","rvo_reactive","0","0","0","0","0.6115491390228271","16.8","140","2.34013032913208","0.7688831090927124","10.310296015919448","0.6103429029562644","0.6702974727643388","0.0","0.0","0.0","0.0","0.0","0.0","0.0","0.6455357142857143","0.0044642857142857","1.0","0.0","0.4285597190856933","0.0519478321075439","8"
"corridor","8","18021","rvo_reactive","0","0","0","0","0.6220973134040833","16.8","140","2.259795665740967","0.776763841509819","11.230582985313958","0.826847188600472","0.9662029534578324","0.0","0.0","0.0","0.0","0.0","0.0","0.0","0.6741071428571429","0.00625","1.0","0.0","0.4333755915505545","0.0126928295407976","9"
"corridor","8","18038","rvo_reactive","0","0","0","0","0.6180691719055176","16.8","140","1.1344281435012815","0.8878881484270096","11.606095163762802","0.6756441316434315","0.7432456191629171","0.0","0.0","0.0","0.0","0.0","0.0","0.0","0.7008928571428571","0.0026785714285714","1.0","0.0","0.6047781562805176","0.0592020034790038","10"
"corridor","8","18055","rvo_reactive","0","0","0","0","0.6058142185211182","16.8","140","2.29824447631836","0.7729685008525848","10.956622543482808","0.6689503441963877","0.781335175409913","0.0","0.0","0.0","0.0","0.0","0.0","0.0","0.7348214285714286","0.0044642857142857","0.8","0.2","0.4929784626960754","-0.0436275339126586","11"
"corridor","8","18072","rvo_reactive","0","0","0","0","0.6880037188529968","16.8","140","3.030606269836426","0.7005371749401093","10.79260721783794","1.0097119322312729","1.0989034866648062","0.0","0.0","0.0","0.0","0.0","0.0","0.0","0.7294642857142857","0.0071428571428571","1.0","0.0","0.2723058381676674","0.0107789099216461","12"
"corridor","8","18089","rvo_reactive","0","1","1","0","0.3647576868534088","16.8","140","4.3651862144470215","0.5687671601772308","11.123271269398174","1.1118564612099102","1.191983741734709","0.0","0.0","0.0","0.0","0.0","0.0","0.0","0.7473214285714286","0.0098214285714285","0.8181818181818182","0.1818181818181818","0.1972975552082062","-0.0685466029427268","13"
"corridor","8","18106","rvo_reactive","0","0","0","0","0.6428836584091187","16.8","140","0.86114102602005","0.9148764982819556","11.915251743615954","0.6828743325812476","0.7136411472622838","0.0","0.0","0.0","0.0","0.0","0.0","0.0","0.6973214285714285","0.0017857142857142","1.0","0.0","0.6300744223594665","0.0725464850664138","14"
"corridor","8","18123","rvo_reactive","0","0","0","0","0.6397792100906372","16.8","140","0.9039161801338196","0.910674385726452","11.044366259186065","0.6708911278418133","0.723128390578287","0.0","0.0","0.0","0.0","0.0","0.0","0.0","0.5910714285714286","0.0026785714285714","1.0","0.0","0.4368331114451091","0.0409305095672607","15"
"corridor","8","18140","rvo_reactive","0","0","0","0","0.6052369475364685","16.8","140","0.7427150011062622","0.9266301169991492","11.768229348177556","0.6784971650157656","0.6802608983857291","0.0","0.0","0.0","0.0","0.0","0.0","0.0","0.6232142857142857","0.0008928571428571","1.0","0.0","0.1003638982772827","-0.1444866180419922","16"
"corridor","8","18157","rvo_reactive","0","0","0","0","0.650554895401001","16.8","140","0.6493055820465088","0.935848005115986","11.676522046516766","0.6325847663517509","0.6511215854968343","0.0","0.0","0.0","0.0","0.0","0.0","0.0","0.5848214285714286","0.0026785714285714","1.0","0.0","0.4145248365402221","0.1244459152221679","17"
"corridor","8","18174","rvo_reactive","0","0","0","0","0.6876832246780396","16.8","140","2.427973985671997","0.760165810585022","10.098887712927535","0.7801279611885548","0.8872127646314246","0.0","0.0","0.0","0.0","0.0","0.0","0.0","0.7651785714285714","0.00625","1.0","0.0","0.3886981466838292","0.0125906058720179","18"
"corridor","8","18191","rvo_reactive","0","0","0","0","0.6299146413803101","16.8","140","0.7154126167297363","0.9292787462472916","11.50164887146093","0.539797100477985","0.5808989127033524","0.0","0.0","0.0","0.0","0.0","0.0","0.0","0.6526785714285714","0.0026785714285714","1.0","0.0","0.5461217594146729","0.1590392390886942","19"
"corridor","8","18208","rvo_reactive","0","0","0","0","0.6601071953773499","16.8","140","1.1949894428253174","0.881943516433239","11.128269268025178","0.7909794780824866","0.8300657133970942","0.0","0.0","0.0","0.0","0.0","0.0","0.0","0.6571428571428571","0.0008928571428571","1.0","0.0","0.2597859382629395","0.2040562629699706","20"
"corridor","8","18225","rvo_reactive","0","0","0","0","0.6517691016197205","16.8","140","1.6364686489105225","0.8383476287126541","10.547261632513257","0.6002288063189813","0.6710445541356291","0.0","0.0","0.0","0.0","0.0","0.0","0.0","0.6330357142857143","0.0035714285714285","1.0","0.0","0.1900329470634461","0.1628149151802063","21"
"corridor","8","18242","rvo_reactive","0","0","0","0","0.6884174346923828","16.8","140","3.022013664245605","0.7014405727386475","9.700689440229326","0.7097435764968395","0.8618010754563978","0.0","0.0","0.0","0.0","0.0","0.0","0.0","0.7169642857142857","0.0053571428571428","1.0","0.0","0.6835680449008942","0.0792477250099182","22"
"corridor","8","18259","rvo_reactive","0","0","0","0","0.6884433627128601","16.8","140","2.219082355499268","0.7807021886110306","11.16988694097381","0.8598485262266227","0.91631639807352","0.0","0.0","0.0","0.0","0.0","0.0","0.0","0.6875","0.0026785714285714","1.0","0.0","0.3424978733062744","-0.0769664446512858","23"
"corridor","8","18276","rvo_reactive","0","0","0","0","0.6451123952865601","16.8","140","1.2478209733963013","0.8766350224614143","10.852028966633952","0.6304807886348239","0.6564076311886311","0.0","0.0","0.0","0.0","0.0","0.0","0.0","0.5419642857142857","0.0017857142857142","1.0","0.0","0.447298276424408","0.0639401376247406","24"
"corridor","8","18293","rvo_reactive","0","0","0","0","0.6232003569602966","16.8","140","2.567476272583008","0.7464444637298584","10.512584314245032","0.6473515676600593","0.7268442336203796","0.0","0.0","0.0","0.0","0.0","0.0","0.0","0.7107142857142857","0.0071428571428571","1.0","0.0","0.3166751202940941","0.1112692072987556","25"
"corridor","8","18310","rvo_reactive","0","0","0","0","0.628775417804718","16.8","140","1.1458070278167725","0.8867844790220261","10.993608121025318","0.6116168359560626","0.6943642053487046","0.0","0.0","0.0","0.0","0.0","0.0","0.0","0.6732142857142858","0.0017857142857142","1.0","0.0","0.7005087018013001","0.1855866909027099","26"
"corridor","8","18327","rvo_reactive","0","0","0","0","0.6293856501579285","16.8","140","3.235196113586426","0.6804696917533875","9.150909860366482","0.7210937291383743","0.8508349420768874","0.0","0.0","0.0","0.0","0.0","0.0","0.0","0.7071428571428572","0.0071428571428571","1.0","0.0","0.4139628338813782","0.0791544616222381","27"
"corridor","8","18344","rvo_reactive","0","0","0","0","0.630495548248291","16.8","140","2.062840461730957","0.7961438745260239","10.601670647192805","0.840467820050461","0.9211910926337752","0.0","0.0","0.0","0.0","0.0","0.0","0.0","0.6580357142857143","0.0053571428571428","1.0","0.0","0.5964376362164815","0.0575720945994059","28"
"corridor","8","18361","rvo_reactive","0","0","0","0","0.6163904666900635","16.8","140","1.1652987003326416","0.8848610669374466","11.52800200675847","0.6331085152924061","0.7481075732303517","0.0","0.0","0.0","0.0","0.0","0.0","0.0","0.6732142857142858","0.0026785714285714","1.0","0.0","0.2190659300486247","0.0806027968724568","29"
"merge_bottleneck","4","14690","constant_velocity_mpc","0","0","0","0","1.0835433918989632","16.8","140","3.8258776664733887","0.6310626864433289","11.661872327225865","1.533963914614703","0.5959232208518578","0.0","0.0228571428571428","0.0","0.7524325013320818","0.8129764081803178","0.8129764103090551","0.8129764090318127","0.0","0.0017857142857142","1.0","0.0","0.5888519096374512","0.0024834904354065","0"
"merge_bottleneck","4","14707","constant_velocity_mpc","0","0","0","0","1.1077053985224776","16.8","140","4.037049770355225","0.6113771200180054","10.049514389233082","1.2002890591842257","0.5088357103722436","0.0","0.0153571428571428","0.0","0.7128826380657076","0.7708537126089291","0.7708537145247927","0.7708537129282397","0.0","0.0089285714285714","1.0","0.0","0.7874217319488526","-0.0302711129188537","1"
"merge_bottleneck","4","14724","constant_velocity_mpc","0","0","0","0","1.1091626060170243","16.8","140","3.84923267364502","0.6290985941886902","11.481391982979405","1.6562552542026554","0.6090522099513725","0.0","0.0246428571428571","0.0","0.772688284097755","0.8374091642540034","0.8374091665956145","0.8374091646797509","0.0","0.0017857142857142","1.0","0.0","1.1174425888061523","0.0024897246970795","2"
"merge_bottleneck","4","14741","constant_velocity_mpc","0","0","0","0","1.1107075985184258","16.8","140","3.8194756507873535","0.6317532658576965","12.082813168060966","1.6951883991914136","0.6886333571081715","0.0","0.0289285714285714","0.0","0.7515450320250286","0.8168155120342109","0.8168155141629482","0.8168155130985795","0.0","0.0017857142857142","1.0","0.0","0.9300463008880616","-0.3569691509008407","3"
"merge_bottleneck","4","14758","constant_velocity_mpc","0","0","0","0","1.10277644080235","16.8","140","3.785219669342041","0.6351891458034515","11.755921206378844","1.5491528131599936","0.6312650851905346","0.0","0.0203571428571428","0.0","0.7137353217888612","0.7725138167004059","0.7725138186162694","0.7725138167004059","0.0","0.0017857142857142","1.0","0.0","1.016531925201416","-0.2563129350543022","4"
"merge_bottleneck","4","14775","constant_velocity_mpc","0","0","0","0","1.081622569963149","16.8","140","4.33809232711792","0.582656741142273","11.561413762741722","1.7236689727221215","0.6876978312803771","0.0","0.03","0.0","0.603574693576675","0.6647281990303181","0.6647281994560655","0.6647281992431918","0.0","0.0","0.0","0.0","0.0","0.0","5"
"merge_bottleneck","4","14792","constant_velocity_mpc","0","0","0","0","1.091402003113604","16.8","140","4.6204352378845215","0.5544005632400513","10.912686022686104","1.6930400846259934","0.6379035309156669","0.0","0.025","0.0","0.8615322143455265","0.933201256909332","0.9332012573350796","0.933201256909332","0.0","0.0017857142857142","1.0","0.0","4.292587643027401","0.0036368011496961","6"
"merge_bottleneck","4","14809","constant_velocity_mpc","0","0","0","0","1.0834033314144582","16.8","140","3.7967429161071777","0.633979082107544","11.872253231500508","1.5954531205585227","0.648684869626803","0.0","0.0232142857142857","0.0","0.7489028403665121","0.8103045708761183","0.8103045722597975","0.8103045715147394","0.0","0.0017857142857142","1.0","0.0","0.6498449850082397","0.0015149989398196","7"
"merge_bottleneck","4","14826","constant_velocity_mpc","0","0","0","0","1.0580526657168077","16.8","140","3.728336334228516","0.6415498852729797","11.965238909557227","1.5817991962124194","0.6715325672925813","0.0","0.0242857142857142","0.0","0.7409930796152719","0.8015502150715337","0.8015502167745235","0.801550215710155","0.0","0.0017857142857142","1.0","0.0","1.0368225383758545","-0.2626686215400696","8"
"merge_bottleneck","4","14843","constant_velocity_mpc","0","0","0","0","1.074546172839004","16.8","140","4.051249027252197","0.6093375384807587","11.419462619487604","1.6258605405422193","0.5950189573756818","0.0","0.0246428571428571","0.0","0.825238319012085","0.8919824061577999","0.8919824080736635","0.8919824063706736","0.0","0.0017857142857142","1.0","0.0","2.604305725097656","-9.3182735145092e-05","9"
"merge_bottleneck","4","14860","constant_velocity_mpc","0","0","0","0","1.0931907915681094","16.8","140","3.698662042617798","0.6437056958675385","11.94969526733621","1.5827109058919762","0.6103323617667359","0.0","0.0203571428571428","0.0","0.7166543127893027","0.7756834894478262","0.7756834922151847","0.7756834909379423","0.0","0.0017857142857142","1.0","0.0","1.070765357017517","-0.2007043600082397","10"
"merge_bottleneck","4","14877","constant_velocity_mpc","0","0","0","0","1.0975533426607045","16.8","140","3.619346857070923","0.6511524319648743","12.285495218326105","1.7111988285290345","0.6747360350564122","0.0","0.02","0.0","0.7338430585386175","0.798523682689624","0.7985236866277882","0.7985236831153716","0.0","0.0017857142857142","1.0","0.0","1.0708129215240478","-0.1945873469114303","11"
"merge_bottleneck","4","14894","constant_velocity_mpc","0","0","0","0","1.073338097102108","16.8","140","3.8588576316833496","0.6276659667491913","11.716446841812283","1.5723640334393296","0.5731788570660034","0.0","0.0257142857142857","0.0","0.779389892004513","0.8445178964526816","0.8445178975170502","0.8445178966655553","0.0","0.0017857142857142","1.0","0.0","1.18536208152771","-0.0011039108969271","12"
"merge_bottleneck","4","14911","constant_velocity_mpc","0","0","0","0","1.067246907770918","16.8","140","4.064450263977051","0.60833939909935","11.292875743867626","1.59980692943292","0.6905447799196865","0.0","0.0225","0.0","0.8145500292005209","0.8760105358317344","0.8760105385990928","0.8760105358317344","0.0","0.0017857142857142","1.0","0.0","2.3663956928253174","0.003438263433054","13"
"merge_bottleneck","4","14928","constant_velocity_mpc","0","0","0","0","1.0808892249041393","16.8","140","4.115331649780273","0.6032035052776337","11.59524227764996","1.7188320123324436","0.5936777569819242","0.0","0.0271428571428571","0.0","0.8249719640428528","0.894084036009776","0.8940840364355235","0.8940840364355235","0.0","0.0017857142857142","1.0","0.0","2.6705901432037358","0.0024564571678638","14"
"merge_bottleneck","4","14945","constant_velocity_mpc","0","0","0","0","1.0868015980859569","16.8","140","3.827907085418701","0.6314589381217957","11.93416501620959","1.66504246830591","0.6075818842942161","0.0","0.0235714285714285","0.0","0.7543994834687684","0.8189739578633718","0.8189739610564778","0.8189739587148667","0.0","0.0017857142857142","1.0","0.0","0.7967750835418701","0.0014754906063899","15"
"merge_bottleneck","4","14962","constant_velocity_mpc","0","0","0","0","1.1063862565075266","16.8","140","3.717173576354981","0.6422501504421234","11.753945801232476","1.5424392681036676","0.5834478879480489","0.0","0.0182142857142857","0.0","0.6886883714565666","0.7467133087519151","0.7467133115192737","0.7467133098162838","0.0","0.0017857142857142","1.0","0.0","1.12686918258667","-0.2032363533973693","16"
"merge_bottleneck","4","14979","constant_velocity_mpc","0","0","0","0","1.091744802797667","16.8","140","5.259395599365234","0.4921810626983642","11.03445230809848","1.9514832479579909","0.7051653185626492","0.0","0.0346428571428571","0.0","0.8560664025619295","0.9256245182052936","0.9256245190567884","0.9256245184181672","0.0","0.0035714285714285","1.0","0.0","2.4657036925961204","-0.0121947581588756","17"
"merge_bottleneck","4","14996","constant_velocity_mpc","0","0","0","0","1.099308655120847","16.8","140","5.042107582092285","0.5136508047580719","10.481110398497549","1.657460452642824","0.6419619659161461","0.0","0.0225","0.0","0.8462899347956989","0.9134656541717004","0.913465654597448","0.9134656543845742","0.0","0.0017857142857142","1.0","0.0","4.293280232368703","0.0032111431472003","18"
"merge_bottleneck","4","15013","constant_velocity_mpc","0","0","0","0","1.0892779530858951","16.8","140","3.99257755279541","0.6149689853191376","11.435604539157794","1.668227383494377","0.6715513443013017","0.0","0.0214285714285714","0.0","0.7766485729690012","0.8378394050426416","0.8378394065327578","0.8378394054683891","0.0","0.0017857142857142","1.0","0.0","1.4701318550109863","0.0006098103534895","19"
"merge_bottleneck","4","15030","constant_velocity_mpc","0","0","0","0","1.084606793734789","16.8","140","5.40878438949585","0.4793596863746643","10.480624967254698","1.7716507800987789","0.7580704892186967","0.0","0.0307142857142857","0.0","0.5868021528008338","0.6425957114947928","0.6425957114947928","0.6425957114947928","0.0","0.0035714285714285","1.0","0.0","0.722264449596405","0.0261411666870117","20"
"merge_bottleneck","4","15047","constant_velocity_mpc","0","0","0","0","1.0995996580313914","16.8","140","3.859839916229248","0.6277863085269928","11.859756480465876","1.6272841627576522","0.6508480647181776","0.0","0.025","0.0","0.7450644823796377","0.8074139810923994","0.8074139827953891","0.807413982156768","0.0","0.0017857142857142","1.0","0.0","0.9829993057250976","-0.354911732673645","21"
"merge_bottleneck","4","15064","constant_velocity_mpc","0","0","0","0","1.0670636225311516","16.8","140","4.36056661605835","0.579673558473587","11.086421545493067","1.5706697039572255","0.6165196338352481","0.0","0.0214285714285714","0.0","0.6974153959324735","0.7588013209187812","0.7588013236861397","0.7588013209187812","0.0","0.0","0.0","0.0","0.0","0.0","22"
"merge_bottleneck","4","15081","constant_velocity_mpc","0","0","0","0","1.1143716287612917","16.8","140","3.7816877365112314","0.6350858509540558","11.846866399457213","1.5127688527905516","0.5651503417724079","0.0","0.0235714285714285","0.0","0.678888672544284","0.7375085739386007","0.737508576067338","0.7375085747900956","0.0","0.0017857142857142","1.0","0.0","1.0742742824554443","-0.0960192322731018","23"
"merge_bottleneck","4","15098","constant_velocity_mpc","0","0","0","0","1.0788269612339767","16.8","140","3.660571575164795","0.6474249064922333","11.950254171271808","1.600277713712837","0.6451079614727631","0.0","0.0217857142857142","0.0","0.7318569134398042","0.79397904648454","0.7939790494647722","0.7939790471231611","0.0","0.0017857142857142","1.0","0.0","1.0680647897720337","-0.1944759517908096","24"
"merge_bottleneck","4","15115","constant_velocity_mpc","0","0","0","0","1.1073320560761777","16.8","140","3.857495069503784","0.6275446116924286","11.150894642050844","1.3911826392901796","0.5220860732187118","0.0","0.0192857142857142","0.0","0.7147309867789394","0.7750235381632389","0.7750235409305974","0.7750235381632389","0.0","0.0035714285714285","1.0","0.0","0.7726980029286266","-0.0890076272189617","25"
"merge_bottleneck","4","15132","constant_velocity_mpc","0","0","0","0","1.1104740738951846","16.8","140","4.879550933837891","0.5297665596008301","11.574037931161","1.972589563924287","0.7903176221464362","0.0","0.0282142857142857","0.0","0.5846413093839311","0.6453432606917845","0.6453432613304056","0.6453432606917845","0.0","0.0","0.0","0.0","0.0","0.0","26"
"merge_bottleneck","4","15149","constant_velocity_mpc","0","0","0","0","1.1072176430814384","16.8","140","4.003817558288574","0.614593505859375","11.522764984580135","1.6931842166664346","0.6337840594218246","0.0","0.0235714285714285","0.0","0.7802237061193849","0.8449056442914212","0.8449056459944111","0.844905644504295","0.0","0.0017857142857142","1.0","0.0","1.9171845722198488","0.00092725364957","27"
"merge_bottleneck","4","15166","constant_velocity_mpc","0","0","0","0","1.0939249100173063","16.8","140","3.841387033462525","0.6296209692955017","11.911585136753274","1.6558565530127711","0.6689378987532109","0.0","0.0232142857142857","0.0","0.735229877477508","0.7990917674305679","0.7990917708365476","0.7990917682820627","0.0","0.0017857142857142","1.0","0.0","0.9584935712814332","-0.35852612555027","28"
"merge_bottleneck","4","15183","constant_velocity_mpc","0","0","0","0","1.1055028774611486","16.8","140","4.335730075836182","0.582892119884491","11.67342580940931","1.8691328715533015","0.7278432645693621","0.0","0.0396428571428571","0.0","0.8465224865694844","0.9172033472724392","0.9172033476981868","0.9172033476981868","0.0","0.0017857142857142","1.0","0.0","3.0895411777496338","0.0039587742649018","29"
"merge_bottleneck","4","14690","icgp_rvo_mpc","0","0","0","0","0.8400894849687921","16.8","140","2.107139825820923","0.7968041449785233","9.794764549209503","0.5506216738555979","0.5084055627064247","0.6902935715645852","0.4085714285714286","0.1267857142857142","0.0907652044555098","0.2485609569891895","0.2572750764405762","0.7053606108728878","0.6767857142857143","0.0142857142857142","1.0","0.0","0.5638934925597181","0.0706129672704264","0"
"merge_bottleneck","4","14707","icgp_rvo_mpc","0","0","0","0","0.8401431004949906","16.8","140","1.9712178707122805","0.8102425336837769","10.043835755204782","0.5196036460127549","0.4135281386785209","0.5005137500120327","0.4021428571428571","0.1375","0.0835558575176415","0.2381511086602743","0.2466409758536326","0.7037118017900788","0.6803571428571429","0.0125","1.0","0.0","0.5222493617855982","0.0652088165283203","1"
"merge_bottleneck","4","14724","icgp_rvo_mpc","0","0","0","0","0.8400322579523536","16.8","140","2.054323673248291","0.8020510524511337","10.581320850978956","0.6262659070281578","0.4969934053087075","0.7750076783980019","0.4382142857142857","0.1696428571428571","0.0601629330902603","0.2224463639068741","0.2395806889002801","0.630575088142735","0.6428571428571429","0.0107142857142857","1.0","0.0","0.2842237938397993","0.0483547513683637","2"
"merge_bottleneck","4","14741","icgp_rvo_mpc","0","0","0","0","0.8375952323216205","16.8","140","2.143316984176636","0.7933565974235535","9.850115949637257","0.5247072676246587","0.4883277226106396","0.5760825002523363","0.4117857142857143","0.1446428571428571","0.0797205858613754","0.2335095134631601","0.2453714506369354","0.7021962413720252","0.6875","0.0125","1.0","0.0","0.3374957774214019","0.078043805701392","3"
"merge_bottleneck","4","14758","icgp_rvo_mpc","0","0","0","0","0.840041763847048","16.8","140","2.1737589836120605","0.7904980629682541","9.953016880492214","0.5158286320186952","0.437203616465974","0.5691085715885232","0.4171428571428571","0.1553571428571428","0.0814648588058638","0.2369179547009037","0.2496458498670965","0.7082697668815474","0.675","0.0089285714285714","1.0","0.0","0.2541370781414839","0.0892257630825042","4"
"merge_bottleneck","4","14775","icgp_rvo_mpc","0","0","0","0","0.8400874485407112","16.8","140","2.021688461303711","0.8055048137903214","10.10323537059594","0.538912719370897","0.4404179997409561","0.4848682143087249","0.42","0.1571428571428571","0.087433548362175","0.2442065935848965","0.2526719132439253","0.7171388698176175","0.6821428571428572","0.0089285714285714","1.0","0.0","0.2585556738609906","0.0904332637786865","5"
"merge_bottleneck","4","14792","icgp_rvo_mpc","0","0","0","0","0.8400498360596085","16.8","140","2.084845304489136","0.7989354133605957","9.949098806479014","0.503195298700926","0.408041065445702","0.7545823211590427","0.3925","0.1303571428571428","0.0982555472554672","0.2527643207014713","0.2684155380173494","0.6996172994735171","0.6714285714285714","0.0142857142857142","1.0","0.0","0.4485919801234322","0.0663377304561436","6"
"merge_bottleneck","4","14809","icgp_rvo_mpc","0","0","0","0","0.836350232500565","16.8","140","3.4703497886657715","0.6654446721076965","8.678658533550333","0.4254228178420037","0.3943095112618591","0.5820732142248224","0.4282142857142857","0.0982142857142857","0.032788096298673","0.2012828370169277","0.2112446567721072","0.4653535675773325","0.8","0.0160714285714285","1.0","0.0","0.0537125528055328","0.0747564103868272","7"
"merge_bottleneck","4","14826","icgp_rvo_mpc","0","0","0","0","0.8348503580718861","16.8","140","3.400294303894043","0.673088550567627","8.7378807557252","0.516235106835146","0.4871857138849528","0.6423012497180025","0.4253571428571429","0.0875","0.0496634269738734","0.216769908204707","0.2593414370992677","0.4554962031734598","0.8160714285714286","0.0160714285714285","1.0","0.0","0.057698862081628","0.0774032804701063","8"
"merge_bottleneck","4","14843","icgp_rvo_mpc","0","0","0","0","0.8382000007200119","16.8","140","1.8105218410491943","0.8254111409187317","11.216060301288962","0.6731822483823635","0.5743799197221441","0.4970794642498991","0.4132142857142857","0.1785714285714285","0.0573030985746568","0.2158043335203467","0.236295438944853","0.5897769572133157","0.7232142857142857","0.0071428571428571","1.0","0.0","0.0680165989844663","0.0774170160293579","9"
"merge_bottleneck","4","14860","icgp_rvo_mpc","0","0","0","0","0.8400678673545717","16.8","140","2.1464333534240723","0.7932328134775162","9.806599113653649","0.5741206446026419","0.5140287017117121","0.4781576785457478","0.4289285714285714","0.1553571428571428","0.0791205065694963","0.2372165627430806","0.2500639918312644","0.720798130084986","0.6714285714285714","0.0142857142857142","1.0","0.0","0.4323259696640398","0.09316545445472","10"
"merge_bottleneck","4","14877","icgp_rvo_mpc","0","0","0","0","0.840084285736084","16.8","140","2.17501163482666","0.7903634011745453","10.161586468515452","0.5600053502063799","0.4579961658538585","0.6076271426666479","0.4232142857142857","0.1482142857142857","0.0658011218953098","0.2250885006555193","0.2309906990383056","0.7132792107536705","0.6839285714285714","0.0107142857142857","1.0","0.0","0.2456513450057735","0.0976781050364176","11"
"merge_bottleneck","4","14894","icgp_rvo_mpc","0","0","0","0","0.8283718821973255","16.8","140","3.4373412132263184","0.6683373153209686","8.81834357464686","0.5133517833551325","0.4985291114210018","0.5050180355933013","0.4196428571428571","0.0910714285714285","0.0394105011275623","0.2021467952721335","0.2175805125783047","0.4510042248003807","0.8267857142857142","0.0178571428571428","1.0","0.0","0.057102696586815","0.0802180290222168","12"
"merge_bottleneck","4","14911","icgp_rvo_mpc","0","0","0","0","0.8388472740339787","16.8","140","3.4584126472473145","0.6667386889457703","8.604313305520918","0.4529427999530785","0.4449339911690913","0.6409380356931901","0.4428571428571428","0.1107142857142857","0.0376248417757489","0.2082784626896442","0.2403489569199486","0.4627582241564805","0.8232142857142857","0.0178571428571428","1.0","0.0","0.0563847769091866","0.0836380958557128","13"
"merge_bottleneck","4","14928","icgp_rvo_mpc","0","0","0","0","0.8400927976893889","16.8","140","1.9791717529296875","0.8091700822114944","10.3081771696161","0.6574324256590833","0.5869076477929152","0.7798416071117182","0.4017857142857143","0.1553571428571428","0.0960398017835023","0.2491250661680139","0.2747162829365511","0.6326443696084871","0.7321428571428571","0.0089285714285714","1.0","0.0","0.2395204345232119","0.0326549112796783","14"
"merge_bottleneck","4","14945","icgp_rvo_mpc","0","0","0","0","0.8400119166358788","16.8","140","2.14931869506836","0.7930691093206406","9.8881532298401","0.5202323445692725","0.4515807445793013","0.9149312500604928","0.4178571428571428","0.1607142857142857","0.0824131116335094","0.2393497958466569","0.2498795349370314","0.7120701496031435","0.6785714285714286","0.0089285714285714","1.0","0.0","0.2503573576531989","0.0664341628551483","15"
"merge_bottleneck","4","14962","icgp_rvo_mpc","0","0","0","0","0.840139906923203","16.8","140","2.0316638946533203","0.8044677078723907","10.03508396295365","0.564707669254858","0.4687406474857458","0.9524383929082044","0.4321428571428571","0.1767857142857143","0.0877129319237123","0.2438121932922165","0.2553524263167455","0.7231250864543138","0.6821428571428572","0.0089285714285714","1.0","0.0","0.2617100301854547","0.0950252830982208","16"
"merge_bottleneck","4","14979","icgp_rvo_mpc","0","0","0","0","0.840041313638412","16.8","140","2.126908302307129","0.7946371883153915","9.77644831762882","0.5210145927125788","0.4935307278830025","1.1273866070301406","0.4117857142857143","0.1410714285714285","0.0803693917097637","0.2359062125694915","0.2459188464551475","0.7074777683574724","0.6678571428571428","0.0107142857142857","1.0","0.0","0.3805358791072361","0.0896380717555681","17"
"merge_bottleneck","4","14996","icgp_rvo_mpc","0","0","0","0","0.8400044155120849","16.8","140","2.166409730911255","0.7910334914922714","9.878019769472305","0.5593798945973893","0.5155434827320278","0.9302869641812452","0.4360714285714285","0.1625","0.0705495031472955","0.2306261410298366","0.2411197905721683","0.7151963736630744","0.6803571428571429","0.0107142857142857","1.0","0.0","0.2217607212944405","0.0962343364953994","18"
"merge_bottleneck","4","15013","icgp_rvo_mpc","0","0","0","0","0.8400029952888953","16.8","140","3.4609599113464355","0.6662364602088928","8.662871772656217","0.4202209329748127","0.3817988668235817","0.8653962496932114","0.4260714285714285","0.0946428571428571","0.0248366751746352","0.1898043927000386","0.1989591815304892","0.4593677246707746","0.8089285714285714","0.0160714285714285","1.0","0.0","0.0601562317003511","0.0876922607421875","19"
"merge_bottleneck","4","15030","icgp_rvo_mpc","0","0","0","0","0.8400105174078237","16.8","140","2.2575478553771973","0.7826923131942749","9.879445470891367","0.494906087212647","0.4109152032012519","0.9469233924651884","0.4189285714285714","0.1071428571428571","0.0840891449450015","0.2496340683017006","0.2645951564311529","0.608762187698219","0.65","0.0089285714285714","1.0","0.0","0.0701318550919274","0.0687393188476562","20"
"merge_bottleneck","4","15047","icgp_rvo_mpc","0","0","0","0","0.8400321912765503","16.8","140","2.2642409801483154","0.7816537767648697","11.181956084037664","0.7053599845618009","0.5984910115666155","0.7795903569006312","0.4246428571428571","0.1660714285714285","0.0683222744008324","0.2288211433263282","0.2620660920540723","0.6303052770986598","0.7267857142857143","0.0089285714285714","1.0","0.0","0.0574485991006188","0.0741285324096679","21"
"merge_bottleneck","4","15064","icgp_rvo_mpc","0","0","0","0","0.8233996033668518","16.8","140","2.1002771854400635","0.797548770904541","10.806423152615023","0.5858810630214326","0.4383829697467652","0.7438080357003075","0.4121428571428571","0.1571428571428571","0.0665875542957797","0.2243333536140439","0.2484141965603008","0.5979727121557346","0.6696428571428571","0.0089285714285714","1.0","0.0","0.1304834219982613","0.0850916743278503","22"
"merge_bottleneck","4","15081","icgp_rvo_mpc","0","0","0","0","0.8401099463695226","16.8","140","2.110137224197388","0.7963822036981583","9.932776802685112","0.5365712817966206","0.4656568419038584","0.9511373213821832","0.4067857142857143","0.1375","0.0885150217084775","0.242016460307878","0.2578102666223464","0.6984290430469601","0.6928571428571428","0.0107142857142857","1.0","0.0","0.4064976391206924","0.092986782391866","23"
"merge_bottleneck","4","15098","icgp_rvo_mpc","0","0","0","0","0.8401395733497093","16.8","140","1.8805689811706543","0.8188693225383759","10.088374754763208","0.5740242974737028","0.4459225100664688","0.8798651785062768","0.4192857142857142","0.1571428571428571","0.0752404775496979","0.2310434492428459","0.2379536226249238","0.7242690678489578","0.6589285714285714","0.0160714285714285","1.0","0.0","0.6159240694620008","0.1110874357633292","24"
"merge_bottleneck","4","15115","icgp_rvo_mpc","0","0","0","0","0.8401381569808165","16.8","140","2.1509950160980225","0.7923134863376617","10.22157620638609","0.5607461399673151","0.4523663597979716","1.2075232143875578","0.42","0.1660714285714285","0.0821398910111732","0.2312279958614236","0.2467061742944332","0.6962555223532938","0.65","0.0107142857142857","1.0","0.0","0.3848704115096248","0.097459410627683","25"
"merge_bottleneck","4","15132","icgp_rvo_mpc","0","0","0","0","0.8400976356154821","16.8","140","2.1712396144866943","0.7907615900039673","10.720871410390828","0.5561883494191404","0.4461538191119741","1.0534439285038388","0.455","0.1964285714285714","0.0656466022359698","0.2332537679211268","0.2585381721222938","0.652088986277682","0.6928571428571428","0.0107142857142857","1.0","0.0","0.3081114657452168","0.0697994170089562","26"
"merge_bottleneck","4","15149","icgp_rvo_mpc","0","0","0","0","0.8400499895873307","16.8","140","3.4861490726470947","0.6644241511821747","8.640412931214087","0.3954880788373495","0.3566595819379602","0.9546421428240136","0.425","0.0946428571428571","0.0292406150355347","0.1932483629253262","0.2020977392589375","0.4631831648485824","0.7982142857142858","0.0160714285714285","1.0","0.0","0.055038176728212","0.0759632322523329","27"
"merge_bottleneck","4","15166","icgp_rvo_mpc","0","0","0","0","0.8400140650272023","16.8","140","2.0710790157318115","0.8003106117248535","10.152988319227006","0.5544524235709105","0.4521582867650847","0.9838758932476463","0.4360714285714285","0.175","0.0787941607852956","0.2337329082449678","0.2495770732465646","0.6774986746849567","0.6964285714285714","0.0160714285714285","1.0","0.0","0.512738781452103","0.0818867236375808","28"
"merge_bottleneck","4","15183","icgp_rvo_mpc","0","0","0","0","0.8400794602785961","16.8","140","2.107341051101685","0.7972686141729355","9.989914503821636","0.5241944733857443","0.3942579901111977","0.859919464372589","0.4217857142857142","0.1428571428571428","0.0788130419379432","0.2502484777003321","0.2678287188780954","0.6429461738896777","0.65","0.0089285714285714","1.0","0.0","0.0669669970593153","0.0909102439880371","29"
"merge_bottleneck","4","14690","passive_rvo_mpc","0","0","0","0","0.825758176173042","16.8","140","3.4299635887146","0.6692415177822113","8.850994589563925","0.5266445466932574","0.4549515821305769","0.5255223214070222","0.4007142857142857","0.0553571428571428","0.0669274664317074","0.2260513177198494","0.2614856366923348","0.4527991396883628","0.8482142857142857","0.0178571428571428","1.0","0.0","0.0565740427530182","0.0801004886627197","0"
"merge_bottleneck","4","14707","passive_rvo_mpc","0","0","0","0","0.8401469898223877","16.8","140","3.440457344055176","0.6688075363636017","8.55083866629866","0.472233766971788","0.4509818329675389","0.3986914283424475","0.3964285714285714","0.0446428571428571","0.0618530526697829","0.2223638548352539","0.2616189379747076","0.4483260880815353","0.8214285714285714","0.0196428571428571","1.0","0.0","0.1230261435020774","0.0740532376888123","1"
"merge_bottleneck","4","14724","passive_rvo_mpc","0","0","0","0","0.8400962831923374","16.8","140","3.3039536476135254","0.6816401779651642","8.247187516837585","0.4949204082421992","0.3791240781479116","0.666951428619151","0.4260714285714285","0.0785714285714285","0.0757440512604685","0.231595244425356","0.2582935646779107","0.5791411159565306","0.6767857142857143","0.0160714285714285","1.0","0.0","0.0559240916528561","0.0762644873725043","2"
"merge_bottleneck","4","14741","passive_rvo_mpc","0","0","0","0","0.7006165981292725","16.8","140","3.4565141201019287","0.6667474508285522","8.170297700271476","0.3894591371582854","0.3303063928764979","0.4898937500261776","0.4167857142857142","0.075","0.0754292691145417","0.2367158142882732","0.2846639263077441","0.5038175621626682","0.7267857142857143","0.0178571428571428","1.0","0.0","0.0511238052775691","0.0795491218566894","3"
"merge_bottleneck","4","14758","passive_rvo_mpc","0","0","0","0","0.7290158867835999","16.8","140","3.441185474395752","0.6683464050292969","8.884522017586278","0.4410915795385206","0.3465112377623362","0.4747466073760214","0.3978571428571428","0.0464285714285714","0.0575959992988482","0.2173606044953739","0.2773838275719218","0.4016067791984289","0.8160714285714286","0.0178571428571428","1.0","0.0","0.0504205438289786","0.0827566623687744","4"
"merge_bottleneck","4","14775","passive_rvo_mpc","0","0","0","0","0.8400904846191406","16.8","140","3.429487705230713","0.6700684428215027","8.19820756741683","0.4326716478007646","0.3173201528394462","0.4092630358042827","0.4557142857142857","0.0892857142857142","0.0828956592147409","0.248829289919148","0.2654164519369703","0.6102035088275878","0.6821428571428572","0.0178571428571428","1.0","0.0","0.1398394903642221","0.0734481036663055","5"
"merge_bottleneck","4","14792","passive_rvo_mpc","0","0","0","0","0.8400759247207501","16.8","140","3.462920665740967","0.6660324335098267","8.046006694152311","0.4353989624125201","0.3302803245772208","0.6100925002231504","0.4621428571428571","0.1","0.0948252771352469","0.2600810405104772","0.2761441989374432","0.6219436069041964","0.6607142857142857","0.0214285714285714","1.0","0.0","0.194398578722609","0.0862921770506848","6"
"merge_bottleneck","4","14809","passive_rvo_mpc","0","0","0","0","0.8067396427511145","16.8","140","3.3809587955474854","0.6740623116493225","8.91789184953086","0.537164122496532","0.4909094641118177","0.4126269644595076","0.3832142857142857","0.0160714285714285","0.1232583293216284","0.2812049348710888","0.311489702359605","0.465064035600257","0.8446428571428571","0.0160714285714285","1.0","0.0","0.1473115821986161","0.088431888156467","7"
"merge_bottleneck","4","14826","passive_rvo_mpc","0","0","0","0","0.8400353348062575","16.8","140","3.45800256729126","0.6675403416156769","8.559892827965086","0.4575025889448755","0.4079402211787445","0.8167028570954115","0.3921428571428571","0.0464285714285714","0.0596451930791129","0.2248203955647629","0.2656702897435281","0.4566447713707119","0.8107142857142857","0.0160714285714285","1.0","0.0","0.0553049919134417","0.0760766665140787","8"
"merge_bottleneck","4","14843","passive_rvo_mpc","0","0","0","0","0.8401223134994507","16.8","140","3.504690647125244","0.6620422303676605","8.834581617586082","0.4953689989816796","0.3890559804160148","0.4411326785365028","0.4264285714285714","0.0571428571428571","0.0495773336626828","0.2206611525128425","0.246080656921168","0.4876917523962397","0.7785714285714286","0.0178571428571428","1.0","0.0","0.1136389044572542","0.0787243545055389","9"
"merge_bottleneck","4","14860","passive_rvo_mpc","0","0","0","0","0.8385043567370245","16.8","140","3.4430036544799805","0.6683334410190582","8.155975843808847","0.4497542036123507","0.4044102881386477","0.4201223215074736","0.42","0.0857142857142857","0.0699570303165624","0.2224880354877501","0.2529900561618425","0.5105004984911852","0.7625","0.0196428571428571","1.0","0.0","0.0998895402076821","0.0862647635354237","10"
"merge_bottleneck","4","14877","passive_rvo_mpc","0","0","0","0","0.8401391220092773","16.8","140","3.4171247482299805","0.6706434190273285","8.124218219032628","0.4285964188581732","0.3721140490412446","0.4800600000505385","0.4160714285714286","0.0714285714285714","0.0759750529210108","0.2359728959571329","0.2678153238707647","0.5319444065071175","0.7071428571428572","0.0196428571428571","1.0","0.0","0.1130298418257616","0.0749167589809406","11"
"merge_bottleneck","4","14894","passive_rvo_mpc","0","0","0","0","0.8148245221447671","16.8","140","3.477097749710083","0.664501279592514","8.555416783492547","0.5011709050192231","0.5056557856500149","0.4016391070763347","0.395","0.025","0.1076402462266604","0.268998516457176","0.2962225970578752","0.4663420307799066","0.8571428571428571","0.0214285714285714","1.0","0.0","0.2633534065369894","0.0706111706172426","12"
"merge_bottleneck","4","14911","passive_rvo_mpc","0","0","0","0","0.7649481296539307","16.8","140","3.362560272216797","0.6759752631187439","8.341408699503518","0.437422101791682","0.469927182088473","0.5251850002813236","0.3585714285714286","0.0142857142857142","0.0950134874563773","0.2535695912488435","0.318738506192777","0.3945180148261166","0.8339285714285715","0.0178571428571428","1.0","0.0","0.0884264632460725","0.0769277703016996","13"
"merge_bottleneck","4","14928","passive_rvo_mpc","0","0","0","0","0.823035699341497","16.8","140","3.411681652069092","0.6710487902164459","8.578376501915045","0.6530550458734589","0.6383792779142303","0.5237710713897415","0.375","0.0178571428571428","0.1044250567793536","0.2604395202015689","0.2964057024549443","0.4265658865423514","0.8392857142857143","0.0178571428571428","1.0","0.0","0.1690919036173945","0.0524983215145766","14"
"merge_bottleneck","4","14945","passive_rvo_mpc","0","0","0","0","0.8400407394778722","16.8","140","3.407196283340454","0.6719639003276825","8.13893473922144","0.4845449685239665","0.3939807370978607","0.7349210715411962","0.4182142857142857","0.0785714285714285","0.0838307539327483","0.2377055124836974","0.2693912212662","0.5674883526050666","0.7089285714285715","0.0196428571428571","1.0","0.0","0.1028263282670526","0.0758671882477673","15"
"merge_bottleneck","4","14962","passive_rvo_mpc","0","0","0","0","0.7210483551025391","16.8","140","3.597132682800293","0.6538031697273254","8.732784157269634","0.3783993341941303","0.2713840744620289","0.5619307143855882","0.4192857142857142","0.0892857142857142","0.0658936805342903","0.2275402766543149","0.2769196809692416","0.5074376791647406","0.75","0.0196428571428571","1.0","0.0","0.0844361238516769","0.0752229060639034","16"
"merge_bottleneck","4","14979","passive_rvo_mpc","0","0","0","0","0.8401273769965824","16.8","140","3.4718234539031982","0.6647794246673584","8.144532896403689","0.3939978281570283","0.3310309647037814","1.017484106939394","0.4242857142857142","0.0803571428571428","0.0963720887159911","0.2555443635581266","0.2822500268900439","0.5652312805089603","0.7392857142857143","0.0214285714285714","1.0","0.0","0.1956084260994189","0.0653919831539193","17"
"merge_bottleneck","4","14996","passive_rvo_mpc","0","0","0","0","0.7521674036979675","16.8","140","3.401735782623291","0.6718769967556","8.26600288201007","0.3790412823603089","0.3182273873726704","0.8381519640222125","0.4175","0.0785714285714285","0.0637373987505647","0.222041317028158","0.2693496491818871","0.4839521937337745","0.7642857142857142","0.0196428571428571","1.0","0.0","0.0879133645801928","0.0850152373313903","18"
"merge_bottleneck","4","15013","passive_rvo_mpc","0","0","0","0","0.810863442901511","16.8","140","3.422523021697998","0.6699431836605072","8.70770084724063","0.5066099156559046","0.4995258165057749","0.8162033928394001","0.3946428571428571","0.025","0.1129207627164069","0.2744867442656419","0.3108386752335468","0.4601294760028821","0.8392857142857143","0.0178571428571428","1.0","0.0","0.1953571107665822","0.0983648955821991","19"
"merge_bottleneck","4","15030","passive_rvo_mpc","0","0","0","0","0.8304044551078867","16.8","140","3.4555482864379883","0.667374849319458","8.556115308121662","0.5061923366156407","0.4683483400648193","0.7217701791107954","0.3821428571428571","0.0375","0.0705009382019357","0.2303976925539405","0.2723955113091926","0.4508880565402647","0.8125","0.0178571428571428","1.0","0.0","0.1313319639764378","0.0681676367297768","20"
"merge_bottleneck","4","15047","passive_rvo_mpc","0","0","0","0","0.8400062036514282","16.8","140","3.4647209644317627","0.6658885776996613","8.50064930182998","0.440015523630635","0.4316651878878474","0.534974999780908","0.3953571428571428","0.05","0.0546449623059961","0.2194058541704999","0.2619901814595363","0.4488593386672516","0.8321428571428572","0.0196428571428571","1.0","0.0","0.1324091780521732","0.072221235118129","21"
"merge_bottleneck","4","15064","passive_rvo_mpc","0","0","0","0","0.81157021281535","16.8","140","3.468827724456787","0.6656306087970734","8.751912813241688","0.5196319820068311","0.4848227163510663","0.7818137499530816","0.3875","0.0178571428571428","0.1208867658784761","0.2804311691606932","0.3071809600509501","0.4803660403107535","0.85","0.0160714285714285","1.0","0.0","0.1506903839718178","0.100161032544242","22"
"merge_bottleneck","4","15081","passive_rvo_mpc","0","0","0","0","0.702637255191803","16.8","140","3.719418525695801","0.6410945355892181","8.589257992833154","0.4385799178965888","0.4087085840890982","0.6574405357371559","0.4210714285714286","0.0660714285714285","0.0530100219310059","0.214873788889134","0.2789665048251817","0.4198543980711645","0.8232142857142857","0.0196428571428571","1.0","0.0","0.0620806950772112","0.0785063180056485","23"
"merge_bottleneck","4","15098","passive_rvo_mpc","0","0","0","0","0.8401419830322265","16.8","140","3.4781651496887207","0.6649937331676483","8.008318055421114","0.4034475925378501","0.3221663017665768","0.5969999999641524","0.4510714285714285","0.0982142857142857","0.0876163802426341","0.2533634274482332","0.2713150998660102","0.5940300747221514","0.6821428571428572","0.0196428571428571","1.0","0.0","0.1235873078071911","0.0799679398917677","24"
"merge_bottleneck","4","15115","passive_rvo_mpc","0","0","0","0","0.8400299146345824","16.8","140","3.4183478355407715","0.6699458956718445","8.252174484408897","0.3991895421408117","0.2862337481596374","0.9431105356270564","0.4689285714285714","0.0892857142857142","0.0744583925262616","0.2393573431284418","0.2555673378820581","0.6207258427572724","0.6321428571428571","0.0214285714285714","1.0","0.0","0.2744881490648958","0.0673762272267291","25"
"merge_bottleneck","4","15132","passive_rvo_mpc","0","0","0","0","0.8037437581302372","16.8","140","3.455857038497925","0.6669653356075287","8.228244675501628","0.5630090249901903","0.5745137516808297","0.816888035348841","0.3957142857142857","0.0214285714285714","0.104080403862734","0.2652577320069555","0.2879494432522537","0.453625767632714","0.8","0.0178571428571428","1.0","0.0","0.1989579996079148","0.0557711683446541","26"
"merge_bottleneck","4","15149","passive_rvo_mpc","0","0","0","0","0.8352176938577499","16.8","140","3.421391010284424","0.6706577241420746","8.659332022391027","0.523421575377662","0.5313354920329793","0.7127353573845799","0.3717857142857143","0.0160714285714285","0.0805830793801527","0.2430122540719063","0.2905909685512803","0.4077363992298968","0.8464285714285714","0.0160714285714285","1.0","0.0","0.1003541431241653","0.0688847489655017","27"
"merge_bottleneck","4","15166","passive_rvo_mpc","0","0","0","0","0.8285745943639674","16.8","140","3.491585254669189","0.6633481979370117","8.146305615111487","0.4463041200302541","0.4200258986026581","0.7383580358301904","0.4260714285714285","0.025","0.0856845769384432","0.2559394576356805","0.2700115876986251","0.4852589852605612","0.7732142857142857","0.0214285714285714","1.0","0.0","0.3522389003270808","0.0695088426252671","28"
"merge_bottleneck","4","15183","passive_rvo_mpc","0","0","0","0","0.803887892541674","16.8","140","3.3848347663879395","0.6743705868721008","8.83175913159721","0.537044806661184","0.5182410275031414","0.597251428501165","0.3814285714285714","0.0178571428571428","0.1265875053279335","0.2837875746385159","0.3145007957730891","0.4672459930631396","0.8607142857142858","0.0178571428571428","1.0","0.0","0.2113185964789448","0.0644554312527179","29"
"merge_bottleneck","4","14690","rvo_reactive","0","0","0","0","0.8385315327207599","16.8","140","1.8430404663085935","0.8222717940807343","10.286791525839362","0.261296293857075","0.2613535068397011","0.0","0.0","0.0","0.0","0.0","0.0","0.0","0.5982142857142857","0.0125","1.0","0.0","0.2731420049475171","0.1139976808003016","0"
"merge_bottleneck","4","14707","rvo_reactive","0","0","0","0","0.8400229488062665","16.8","140","1.8457324504852293","0.8223222643136978","10.396570021286609","0.2827246681687289","0.2933085827273317","0.0","0.0","0.0","0.0","0.0","0.0","0.0","0.6142857142857143","0.0125","1.0","0.0","0.2857341854376318","0.1274784973689488","1"
"merge_bottleneck","4","14724","rvo_reactive","0","0","0","0","0.8400076133613014","16.8","140","2.058006048202514","0.8016962260007858","10.175823923083954","0.2923687234828581","0.3033821987678363","0.0","0.0","0.0","0.0","0.0","0.0","0.0","0.6","0.0125","1.0","0.0","0.3135753967389165","0.0764358213969639","2"
"merge_bottleneck","4","14741","rvo_reactive","0","0","0","0","0.8400747170567898","16.8","140","2.13960075378418","0.7937148809432983","10.10812189902208","0.2239148991061873","0.241767378168879","0.0","0.0","0.0","0.0","0.0","0.0","0.0","0.65","0.0107142857142857","1.0","0.0","0.1936062265851576","0.0890737573305765","3"
"merge_bottleneck","4","14758","rvo_reactive","0","0","0","0","0.8400787404298012","16.8","140","1.958801746368408","0.8112151473760605","10.218594959613256","0.2706622966274153","0.2977967267240664","0.0","0.0","0.0","0.0","0.0","0.0","0.0","0.6053571428571428","0.0125","1.0","0.0","0.2824235403486915","0.1283764668873378","4"
"merge_bottleneck","4","14775","rvo_reactive","0","0","0","0","0.8402255565967621","16.8","140","1.911848783493042","0.8160718679428101","10.252805098687531","0.2508408884102079","0.2605121158745273","0.0","0.0","0.0","0.0","0.0","0.0","0.0","0.5875","0.0125","1.0","0.0","0.2684417257465966","0.1226473918982914","5"
"merge_bottleneck","4","14792","rvo_reactive","0","0","0","0","0.8360488918114553","16.8","140","1.7910455465316772","0.8272697627544403","10.353042469301728","0.2603227216234829","0.269542187337564","0.0","0.0","0.0","0.0","0.0","0.0","0.0","0.5946428571428571","0.0107142857142857","1.0","0.0","0.1753740454773037","0.1140230596065521","6"
"merge_bottleneck","4","14809","rvo_reactive","0","0","0","0","0.8400275421142578","16.8","140","2.054748058319092","0.8019142299890518","10.165349765506107","0.2330789029344617","0.260031657127547","0.0","0.0","0.0","0.0","0.0","0.0","0.0","0.6714285714285714","0.0107142857142857","1.0","0.0","0.2025508796022774","0.0816339651743571","7"
"merge_bottleneck","4","14826","rvo_reactive","0","0","0","0","0.8400091975945742","16.8","140","1.967451095581055","0.8108451068401337","10.194126998689171","0.2487923656532075","0.2543288161179849","0.0","0.0","0.0","0.0","0.0","0.0","0.0","0.6142857142857143","0.0125","1.0","0.0","0.2696919454600714","0.1212880483695438","8"
"merge_bottleneck","4","14843","rvo_reactive","0","0","0","0","0.8106628883792198","16.8","140","2.005426406860352","0.8066164702177048","10.320228529861197","0.308236653309515","0.3137763723132333","0.0","0.0","0.0","0.0","0.0","0.0","0.0","0.6517857142857143","0.0107142857142857","1.0","0.0","0.2204963641855985","0.0879993140697479","9"
"merge_bottleneck","4","14860","rvo_reactive","0","0","0","0","0.8400597287940722","16.8","140","2.098252534866333","0.7978740930557251","10.150943573680706","0.2279222099696718","0.2486701081764684","0.0","0.0","0.0","0.0","0.0","0.0","0.0","0.6535714285714286","0.0107142857142857","1.0","0.0","0.1928943366246573","0.0877960224946339","10"
"merge_bottleneck","4","14877","rvo_reactive","0","0","0","0","0.838651511319658","16.8","140","2.015296459197998","0.8057574182748795","10.126320583076447","0.3013157526904251","0.3183927322288842","0.0","0.0","0.0","0.0","0.0","0.0","0.0","0.5767857142857142","0.0107142857142857","1.0","0.0","0.3507535431519437","0.0779993732770284","11"
"merge_bottleneck","4","14894","rvo_reactive","0","0","0","0","0.8401850574877158","16.8","140","2.0175023078918457","0.8053349405527115","10.184007769770687","0.3048413213134543","0.3276728354760312","0.0","0.0","0.0","0.0","0.0","0.0","0.0","0.6142857142857143","0.0125","1.0","0.0","0.2981209449232875","0.1108972855976649","12"
"merge_bottleneck","4","14911","rvo_reactive","0","0","0","0","0.8400627088546753","16.8","140","2.0278139114379883","0.8045947700738907","10.27011409588522","0.3075558476212401","0.3511693898580104","0.0","0.0","0.0","0.0","0.0","0.0","0.0","0.6285714285714286","0.0125","1.0","0.0","0.3246665070777742","0.1063652208873203","13"
"merge_bottleneck","4","14928","rvo_reactive","0","0","0","0","0.8400000271355246","16.8","140","2.134083747863769","0.7942336052656174","10.199625178007407","0.257811268822739","0.2837085964025131","0.0","0.0","0.0","0.0","0.0","0.0","0.0","0.6482142857142857","0.0107142857142857","1.0","0.0","0.2128644089558848","0.0730696320533752","14"
"merge_bottleneck","4","14945","rvo_reactive","0","0","0","0","0.8400085449762479","16.8","140","1.8380489349365237","0.8230373710393906","10.33732302027238","0.2550711080939176","0.2728779515500978","0.0","0.0","0.0","0.0","0.0","0.0","0.0","0.6035714285714285","0.0125","1.0","0.0","0.282049024152693","0.1349780431815556","15"
"merge_bottleneck","4","14962","rvo_reactive","0","0","0","0","0.8389968863177398","16.8","140","1.860329031944275","0.8209573924541473","10.304022326439735","0.257481851468661","0.2593413266702555","0.0","0.0","0.0","0.0","0.0","0.0","0.0","0.5910714285714286","0.0125","1.0","0.0","0.2706898567507633","0.1235304815428597","16"
"merge_bottleneck","4","14979","rvo_reactive","0","0","0","0","0.8400383901596069","16.8","140","2.178849697113037","0.7896219938993454","10.07646157106501","0.224220825118495","0.2379618241784296","0.0","0.0","0.0","0.0","0.0","0.0","0.0","0.6571428571428571","0.0107142857142857","1.0","0.0","0.2045066723938843","0.0715564787387847","17"
"merge_bottleneck","4","14996","rvo_reactive","0","0","0","0","0.8400114718870014","16.8","140","2.027010202407837","0.8044796288013458","10.149017910065597","0.2549732909787313","0.2660202023606481","0.0","0.0","0.0","0.0","0.0","0.0","0.0","0.5964285714285714","0.0125","1.0","0.0","0.2639274926372131","0.1119596234389713","18"
"merge_bottleneck","4","15013","rvo_reactive","0","0","0","0","0.8349830391188084","16.8","140","2.1747560501098637","0.7902737110853195","10.16645256467018","0.3014866186239358","0.2967069884949264","0.0","0.0","0.0","0.0","0.0","0.0","0.0","0.6303571428571428","0.0089285714285714","1.0","0.0","0.2585800585150771","0.0712757110595703","19"
"merge_bottleneck","4","15030","rvo_reactive","0","0","0","0","0.8390003242779418","16.8","140","2.0241787433624268","0.805156022310257","10.18881351442542","0.2679118152753549","0.2839095405332045","0.0","0.0","0.0","0.0","0.0","0.0","0.0","0.6160714285714286","0.0125","1.0","0.0","0.3015475026571023","0.1026907818658011","20"
"merge_bottleneck","4","15047","rvo_reactive","0","0","0","0","0.8364045290538057","16.8","140","2.0081934928894043","0.8063450455665588","10.223034908500267","0.2461188887561937","0.2796308256677418","0.0","0.0","0.0","0.0","0.0","0.0","0.0","0.6642857142857143","0.0107142857142857","1.0","0.0","0.2021313270839159","0.0838651657104492","21"
"merge_bottleneck","4","15064","rvo_reactive","0","0","0","0","0.8400087309187965","16.8","140","1.6686097383499146","0.8391583263874054","10.590367284137756","0.3121649313385465","0.3549708976451906","0.0","0.0","0.0","0.0","0.0","0.0","0.0","0.6553571428571429","0.0089285714285714","1.0","0.0","0.2681776557051502","0.0872364044189453","22"
"merge_bottleneck","4","15081","rvo_reactive","0","0","0","0","0.8143134915810434","16.8","140","1.814021348953247","0.8249559253454208","10.12392472240026","0.3624422072632504","0.4030836317372242","0.0","0.0","0.0","0.0","0.0","0.0","0.0","0.65","0.0107142857142857","1.0","0.0","0.3729153827657586","0.1150359362363815","23"
"merge_bottleneck","4","15098","rvo_reactive","0","0","0","0","0.840073914527893","16.8","140","1.895247459411621","0.817455530166626","10.26374785004191","0.2544729215408941","0.2538007808932369","0.0","0.0","0.0","0.0","0.0","0.0","0.0","0.5910714285714286","0.0125","1.0","0.0","0.2718974665395518","0.1211452782154083","24"
"merge_bottleneck","4","15115","rvo_reactive","0","0","0","0","0.840033860206604","16.8","140","1.9819869995117188","0.8086318373680115","10.312538048659915","0.2987523008408191","0.3157300193877225","0.0","0.0","0.0","0.0","0.0","0.0","0.0","0.6142857142857143","0.0125","1.0","0.0","0.3188448527111429","0.1095154796327863","25"
"merge_bottleneck","4","15132","rvo_reactive","0","0","0","0","0.8400870275497436","16.8","140","2.015683889389038","0.8057522177696228","10.21428512764396","0.2984612765414308","0.3045403534771009","0.0","0.0","0.0","0.0","0.0","0.0","0.0","0.6107142857142858","0.0125","1.0","0.0","0.3044301233307186","0.1072501880781991","26"
"merge_bottleneck","4","15149","rvo_reactive","0","0","0","0","0.8400754472961197","16.8","140","2.1590800285339355","0.7921674847602844","10.104619889636524","0.2702197844436991","0.2860852726818328","0.0","0.0","0.0","0.0","0.0","0.0","0.0","0.6142857142857143","0.0125","1.0","0.0","0.296680078520968","0.0985193678310939","27"
"merge_bottleneck","4","15166","rvo_reactive","0","0","0","0","0.840064377784729","16.8","140","2.0153589248657227","0.8056830316781998","10.292473673835048","0.2845022541316991","0.2988266804051818","0.0","0.0","0.0","0.0","0.0","0.0","0.0","0.6232142857142857","0.0125","1.0","0.0","0.3280178359884952","0.1016383681978498","28"
"merge_bottleneck","4","15183","rvo_reactive","0","0","0","0","0.8400103759765625","16.8","140","2.0380475521087646","0.8039348125457764","10.284833348938264","0.2661155367232692","0.3012120888539357","0.0","0.0","0.0","0.0","0.0","0.0","0.0","0.6517857142857143","0.0107142857142857","1.0","0.0","0.1996708866645085","0.0970112780729929","29"
"merge_bottleneck","8","18690","constant_velocity_mpc","0","1","1","0","0.3731151819229126","16.8","140","4.449765205383301","0.5706389546394348","11.477807975330506","1.4433804430067538","0.743288189704929","0.0","0.07375","0.0223214285714285","0.5204413755979584","0.5764217025409016","0.5764217061863643","0.5764217047228574","0.0","0.0035714285714285","1.0","0.0","0.9086865293979643","-0.0249306589365005","0"
"merge_bottleneck","8","18707","constant_velocity_mpc","0","1","1","0","0.3135745227336883","16.8","140","4.8355560302734375","0.5333859920501709","12.135769327604066","1.5480093334843072","0.6607347027531691","0.0","0.0839285714285714","0.0464285714285714","0.5549992295526234","0.6153501787294627","0.6153501842109613","0.6153501801663604","0.0","0.0044642857142857","1.0","0.0","0.6501649308204651","0.0659229810209944","1"
"merge_bottleneck","8","18724","constant_velocity_mpc","0","1","1","0","0.2372239679098129","16.8","140","4.026146411895752","0.6114652752876282","12.810643358978268","1.6130893556816903","0.7048910360650292","0.0","0.0925","0.0357142857142857","0.558694631064076","0.6275519475937955","0.6275519536340877","0.6275519496693144","0.0","0.0026785714285714","1.0","0.0","0.7806916840871175","0.0301845375758906","2"
"merge_bottleneck","8","18741","constant_velocity_mpc","0","1","1","0","0.4096337258815765","16.8","140","4.885782241821289","0.52814120054245","11.462255424667092","1.8023957139679363","0.7872881290635892","0.0","0.0748214285714285","0.0294642857142857","0.5648081153201611","0.617501817808573","0.6175018235029454","0.6175018210548974","0.0","0.0017857142857142","1.0","0.0","0.7119168448448181","0.0044914303580299","3"
"merge_bottleneck","8","18758","constant_velocity_mpc","0","0","1","0","0.4458838999271393","16.8","140","4.659071922302246","0.5502075552940369","11.3824094782467","1.670370543215956","0.7496613278985024","0.0","0.0608928571428571","0.0285714285714285","0.5916608350923247","0.6476765575979383","0.6476765622811604","0.6476765604717337","0.0","0.0026785714285714","1.0","0.0","0.7910240514444303","0.1170826964351969","4"
"merge_bottleneck","8","18775","constant_velocity_mpc","0","1","1","0","0.3858086764812469","16.8","140","4.418957710266113","0.5736825466156006","11.823362401599296","1.651377720059827","0.7433076709508896","0.0","0.06625","0.0276785714285714","0.5680368767306303","0.6257940396814994","0.6257940442050661","0.6257940413844892","0.0","0.0017857142857142","1.0","0.0","0.9050994920730592","-0.0641752645373344","5"
"merge_bottleneck","8","18792","constant_velocity_mpc","0","1","1","0","0.4283781349658966","16.8","140","5.2555036544799805","0.4923915266990661","11.761970109160757","1.8236232489347457","0.7332011778971979","0.0","0.08375","0.03125","0.5515865800531154","0.6064185986902241","0.6064186030541355","0.6064186007125245","0.0","0.0026785714285714","1.0","0.0","0.888254345258077","-0.1043320804834365","6"
"merge_bottleneck","8","18809","constant_velocity_mpc","0","1","1","0","0.3873108029365539","16.8","140","4.869208812713623","0.530085563659668","11.364685307751644","1.5974631882172876","0.7846607823590083","0.0","0.0826785714285714","0.0285714285714285","0.5068519535983333","0.564216654332441","0.5642166571796271","0.5642166562483045","0.0","0.0017857142857142","1.0","0.0","0.9160485672950744","-0.0011502563953399","7"
"merge_bottleneck","8","18826","constant_velocity_mpc","0","0","1","0","0.4485934674739837","16.8","140","4.547060489654541","0.5608641505241394","12.176426574849756","1.8798697594021048","0.6966133274137973","0.0","0.0673214285714285","0.0160714285714285","0.568880704183844","0.6300133367851327","0.6300133422400221","0.6300133407765152","0.0","0.0017857142857142","1.0","0.0","0.8624769854545593","-0.0843547463417053","8"
"merge_bottleneck","8","18843","constant_velocity_mpc","0","1","1","0","0.3939762115478515","16.8","140","4.653277397155762","0.5507171154022217","11.77384289362817","1.7426013301525798","0.7072820173842567","0.0","0.0621428571428571","0.0205357142857142","0.5376821831582795","0.5909482944777901","0.5909483003318178","0.590948295941297","0.0","0.0026785714285714","1.0","0.0","0.9258971818288168","-0.1403065572182337","9"
"merge_bottleneck","8","18860","constant_velocity_mpc","0","1","1","0","0.4023878276348114","16.8","140","3.973353147506714","0.6164523661136627","11.799595828721069","1.7378396315234048","0.7939997015254838","0.0","0.0571428571428571","0.0178571428571428","0.5495407172513495","0.60476181038026","0.6047618134403199","0.6047618131742277","0.0","0.0017857142857142","1.0","0.0","0.5927972304821014","0.0004295855760574","10"
"merge_bottleneck","8","18877","constant_velocity_mpc","0","1","1","0","0.3471132516860962","16.8","140","4.96856164932251","0.52040895819664","11.836341476919188","1.750185678546716","0.6685255468823016","0.0","0.0946428571428571","0.0383928571428571","0.5592602447228262","0.6234383698689402","0.6234383754568756","0.62343837157193","0.0","0.0017857142857142","1.0","0.0","1.1665009665489197","0.0139406209113076","11"
"merge_bottleneck","8","18894","constant_velocity_mpc","0","0","1","0","0.4625928997993469","16.8","140","5.553354740142822","0.463789165019989","11.37304105768726","1.7310149639844894","0.8111995776849134","0.0","0.0507142857142857","0.0133928571428571","0.5885046463705759","0.6375215077190362","0.6375215115507633","0.6375215096881182","0.0","0.0017857142857142","1.0","0.0","1.022501389980316","0.005640133988345","12"
"merge_bottleneck","8","18911","constant_velocity_mpc","0","1","1","0","0.3166160583496094","16.8","140","4.849223136901856","0.532073974609375","11.418654224835336","1.549401979411154","0.7818576770701579","0.0","0.0591071428571428","0.01875","0.5408788564794502","0.5921981871113833","0.5921981917946054","0.5921981886547178","0.0","0.0017857142857142","1.0","0.0","0.8460918474197388","0.007854613661766","13"
"merge_bottleneck","8","18928","constant_velocity_mpc","0","1","1","0","0.3427084982395172","16.8","140","4.991328239440918","0.5179325640201569","12.4818337865363","1.716550793445536","0.6903187776782683","0.0","0.0919642857142857","0.0392857142857142","0.552458477243489","0.6141678576149702","0.6142088400923371","0.6141678602226734","0.0","0.0017857142857142","1.0","0.0","0.6884383368492126","-0.0845429436769336","14"
"merge_bottleneck","8","18945","constant_velocity_mpc","0","0","1","0","0.4445168375968933","16.8","140","4.569269180297852","0.5584582090377808","12.012971161238966","1.8105637216142243","0.7429123617176498","0.0","0.0648214285714285","0.0178571428571428","0.5935714590324502","0.6535909986345222","0.6535910030516522","0.653590999964983","0.0","0.0044642857142857","1.0","0.0","1.1277654457092283","0.0797293778136372","15"
"merge_bottleneck","8","18962","constant_velocity_mpc","0","1","1","0","0.4107120633125305","16.8","140","4.213271617889404","0.5929418206214905","12.17734378237219","1.5205825038786445","0.5911126406331147","0.0","0.06625","0.0205357142857142","0.5527106644692389","0.6086958637431822","0.6086958689851978","0.6086958670427249","0.0","0.0017857142857142","1.0","0.0","0.8077446627616882","-0.1357411205768585","16"
"merge_bottleneck","8","18979","constant_velocity_mpc","0","1","1","0","0.3695189654827118","16.8","140","4.505967140197754","0.5653155744075775","11.795511558360886","1.736757178937218","0.7739305751664298","0.0","0.0826785714285714","0.025","0.4877565180094536","0.5491432468974555","0.5491432503965675","0.5491432492390665","0.0","0.0017857142857142","1.0","0.0","0.9203141736984252","-0.0401967257261276","17"
"merge_bottleneck","8","18996","constant_velocity_mpc","0","1","1","0","0.3370430171489715","16.8","140","5.035174369812012","0.5133808851242065","12.241104752727551","1.766783632205001","0.751058716326952","0.0","0.0708928571428571","0.0232142857142857","0.5722339602939582","0.6270184521605568","0.6270184552738352","0.6270184543425126","0.0","0.0026785714285714","1.0","0.0","0.8366879431406656","-0.0718240947773059","18"
"merge_bottleneck","8","19013","constant_velocity_mpc","0","1","1","0","0.2946420907974243","16.8","140","4.140008926391602","0.6002114415168762","12.435928498074643","1.7372016723666872","0.7274242062653814","0.0","0.0730357142857142","0.0375","0.5650802440692683","0.6204784623800484","0.6204784658658558","0.6204784634976355","0.0","0.0017857142857142","1.0","0.0","0.812611620426178","-0.1360772902145981","19"
"merge_bottleneck","8","19030","constant_velocity_mpc","0","1","1","0","0.4206487834453583","16.8","140","5.057078361511231","0.5120630860328674","11.650315604226307","1.7862346289413316","0.7552391232124397","0.0","0.0598214285714285","0.0232142857142857","0.5955051439382609","0.649682870277829","0.649682873843464","0.649682872991969","0.0","0.0035714285714285","1.0","0.0","1.2204166758060455","-0.0150416226126253","20"
"merge_bottleneck","8","19047","constant_velocity_mpc","0","1","1","0","0.3608938753604889","16.8","140","4.664066314697266","0.549895703792572","12.139680470092571","1.7088831497323034","0.6834544733831925","0.0","0.0757142857142857","0.0294642857142857","0.5303069424753999","0.5882792248692823","0.5882792293795445","0.5882792265722722","0.0","0.0017857142857142","1.0","0.0","0.7197375702857971","-0.0972709476947784","21"
"merge_bottleneck","8","19064","constant_velocity_mpc","0","0","1","0","0.4743773937225342","16.8","140","4.9343438148498535","0.5236756205558777","12.08259783461108","1.75862220036132","0.7894049518874713","0.0","0.0541071428571428","0.0125","0.5635467908487257","0.6158167152833328","0.6158167199931641","0.6158167180506913","0.0","0.0026785714285714","1.0","0.0","0.8014682340621948","-0.099161530045482","22"
"merge_bottleneck","8","19081","constant_velocity_mpc","0","1","1","0","0.4385522603988647","16.8","140","4.863425254821777","0.5303535461425781","11.51092812832212","1.8545803922627653","0.875213125454528","0.0","0.0694642857142857","0.0214285714285714","0.5602459339537352","0.6162536415570841","0.6162536450162822","0.6162536435793845","0.0","0.0026785714285714","1.0","0.0","1.0010713148117063","-0.0304771423339843","23"
"merge_bottleneck","8","19098","constant_velocity_mpc","0","1","1","0","0.3840742111206054","16.8","140","5.271744728088379","0.4907435178756714","11.820117163042596","1.845256693022592","0.7214886962303093","0.0","0.0860714285714285","0.0339285714285714","0.5520717674514405","0.6108910139758692","0.6108910203886904","0.6108910162376525","0.0","0.0017857142857142","1.0","0.0","0.7164956736564636","0.0014327431563287","24"
"merge_bottleneck","8","19115","constant_velocity_mpc","0","1","1","0","0.4228358864784241","16.8","140","4.722999095916748","0.544321745634079","10.272636567853624","1.5954758666189657","0.8840205051537071","0.0","0.0535714285714285","0.0151785714285714","0.5597432676462181","0.6122880396393419","0.6122880428856663","0.6122880420607806","0.0","0.0017857142857142","1.0","0.0","0.934548954963684","-0.0509417861700057","25"
"merge_bottleneck","8","19132","constant_velocity_mpc","0","1","1","0","0.3813259303569793","16.8","140","4.455924034118652","0.5699877440929413","11.410210570145864","1.734764827042818","0.8128886374511889","0.0","0.0542857142857142","0.0125","0.5472286046791619","0.5976363904254195","0.5976363951352508","0.5976363938580084","0.0","0.0017857142857142","1.0","0.0","0.8530023503303528","-0.0116598278284072","26"
"merge_bottleneck","8","19149","constant_velocity_mpc","0","1","1","0","0.4221988916397095","16.8","140","5.20445442199707","0.4976926445960998","12.05643488199712","1.7739406589950837","0.6716652738196509","0.0","0.0860714285714285","0.0410714285714285","0.5697091469800318","0.6191823833548168","0.6191823884105679","0.6191823845788408","0.0","0.0026785714285714","1.0","0.0","0.8417897431055704","0.0047249028847242","27"
"merge_bottleneck","8","19166","constant_velocity_mpc","0","1","1","0","0.3143357038497925","16.8","140","4.958144187927246","0.5213276147842407","11.75780066142761","1.7865590702210157","0.7726169985319887","0.0","0.08375","0.0258928571428571","0.5611771795456927","0.6218125308260645","0.6218125359882525","0.6218125330080202","0.0","0.0017857142857142","1.0","0.0","0.7057348299026489","0.0085945518454536","28"
"merge_bottleneck","8","19183","constant_velocity_mpc","0","1","1","0","0.3898372054100036","16.8","140","4.782722473144531","0.5383118689060211","11.29914476169506","1.6220233732036182","0.7621297645781722","0.0","0.0564285714285714","0.0196428571428571","0.563846523013694","0.6136299080400025","0.6136299122176495","0.6136299105545735","0.0","0.0017857142857142","1.0","0.0","0.8740522074699402","-0.0835836723446846","29"
"merge_bottleneck","8","18690","icgp_rvo_mpc","0","0","0","0","0.6082912683486938","16.8","140","2.991295337677002","0.7113677561283112","9.35741847618192","0.9329732377614294","0.9010324024728368","0.8089125892248765","0.5885714285714285","0.2553571428571428","-0.124766537717986","0.0598447728431955","0.0626958470853617","0.3530686564310564","0.7758928571428572","0.0116071428571428","1.0","0.0","0.1386626768112182","0.125557358448322","0"
"merge_bottleneck","8","18707","icgp_rvo_mpc","0","0","0","0","0.5652245879173279","16.8","140","2.423389673233032","0.766151487827301","10.18184136238051","0.9610005792762552","0.8984863054539476","0.506887678466228","0.57875","0.2839285714285714","-0.1057425866419854","0.0711937651590174","0.0736964216741729","0.3420904883532493","0.8375","0.0098214285714285","1.0","0.0","0.1144628442417491","0.11717735637318","1"
"merge_bottleneck","8","18724","icgp_rvo_mpc","0","0","0","0","0.6525933146476746","16.8","140","3.021899700164795","0.7083779573440552","9.278492607456428","0.911802102146404","0.9174663143764648","0.640608482288891","0.6008928571428571","0.2669642857142857","-0.131638613608739","0.0513655475354756","0.0557013613718032","0.2903987734561222","0.8107142857142857","0.0151785714285714","1.0","0.0","0.1378830552309514","0.1079198640935561","2"
"merge_bottleneck","8","18741","icgp_rvo_mpc","0","0","0","0","0.5631396174430847","16.8","140","2.3316099643707275","0.7748178988695145","10.19025645687178","1.0074541861457484","1.027357759007386","0.6099974106096592","0.5532142857142858","0.2571428571428571","-0.113164781965662","0.0572132421405557","0.0586041819318434","0.3519155839487197","0.8330357142857143","0.0151785714285714","1.0","0.0","0.1576287589261132","0.0729037537294275","3"
"merge_bottleneck","8","18758","icgp_rvo_mpc","0","0","0","0","0.5591644048690796","16.8","140","2.374809741973877","0.7707329839468002","10.561119273006623","0.886588111945561","0.8158031737697976","0.4563279462217906","0.5226785714285714","0.2508928571428571","-0.0855715192937428","0.0877612914515129","0.0925290876624576","0.388252919004097","0.7955357142857142","0.0080357142857142","1.0","0.0","0.1108951068944252","0.1079516410827636","4"
"merge_bottleneck","8","18775","icgp_rvo_mpc","0","0","0","0","0.5493677258491516","16.8","140","2.961806058883667","0.7142607569694519","9.825600749050407","0.8178730949759483","0.8072354326822928","0.5302708035742398","0.5691071428571428","0.2589285714285714","-0.1164694514276749","0.0687148572746703","0.0811347016668252","0.3291718360765917","0.8616071428571429","0.0125","0.9285714285714286","0.0714285714285714","0.0760891556088583","0.0918314720903124","5"
"merge_bottleneck","8","18792","icgp_rvo_mpc","0","0","0","0","0.5809785723686218","16.8","140","2.297545909881592","0.7780890613794327","10.192637447295056","0.9482882361526468","0.9393392101462398","0.7356573215344854","0.5717857142857142","0.3044642857142857","-0.1153268035968229","0.0612219924976519","0.0643506935203449","0.3617057908708374","0.8419642857142857","0.0125","1.0","0.0","0.1767752661023821","0.0945987445967538","6"
"merge_bottleneck","8","18809","icgp_rvo_mpc","0","0","0","0","0.6255264282226562","16.8","140","2.519704818725586","0.7568299621343613","10.445742877722296","0.9117988434753248","0.8690552522029196","0.5038483929118749","0.5417857142857143","0.2669642857142857","-0.0987988041199878","0.0748247685334629","0.0767822124487704","0.3440518969314714","0.8276785714285714","0.0116071428571428","1.0","0.0","0.1519965304145517","0.0704512000083923","7"
"merge_bottleneck","8","18826","icgp_rvo_mpc","0","0","0","0","0.6045043468475342","16.8","140","2.300344944000244","0.7778424322605133","10.089750717289917","0.8865519123417991","0.847740450501442","0.6876462500128712","0.5751785714285714","0.2848214285714285","-0.1105997663521357","0.0669329992171721","0.0722836397397543","0.3380750811468789","0.8107142857142857","0.0125","1.0","0.0","0.0558759395918006","0.0870221133743013","8"
"merge_bottleneck","8","18843","icgp_rvo_mpc","0","0","0","0","0.7001092433929443","16.8","140","3.2042150497436523","0.690626859664917","9.292018089602609","0.6797096703733717","0.6536181440044727","0.5465283034936874","0.5989285714285715","0.2955357142857143","-0.131636967246885","0.0495118833933912","0.0500516528385381","0.3660752672083731","0.7928571428571428","0.0116071428571428","1.0","0.0","0.0556283924639151","0.1160864096421461","9"
"merge_bottleneck","8","18860","icgp_rvo_mpc","0","0","0","0","0.6599416136741638","16.8","140","3.073094367980957","0.7033543288707733","9.624239151671643","0.9153515140925136","0.9112204261124134","0.5050502678386692","0.5883928571428572","0.2928571428571428","-0.1216825122267302","0.0518558751339975","0.0531407073220588","0.3355359325634772","0.8330357142857143","0.0133928571428571","1.0","0.0","0.1474593436123122","0.0858113535245259","10"
"merge_bottleneck","8","18877","icgp_rvo_mpc","0","0","0","0","0.630427360534668","16.8","140","2.339991569519043","0.7741320133209229","10.280869779719978","0.8633402783423663","0.7762131221326334","0.7390163393210969","0.5416071428571428","0.2839285714285714","-0.093150012561388","0.0754358586342287","0.0808628568844151","0.3563049151559698","0.8357142857142857","0.0107142857142857","1.0","0.0","0.12683531721433","0.1207156479358673","11"
"merge_bottleneck","8","18894","icgp_rvo_mpc","0","0","0","0","0.6375072598457336","16.8","140","3.6156160831451416","0.6508898437023163","8.62746638047247","0.816126241614776","0.7764277176665408","0.493385357133645","0.6226785714285714","0.2732142857142857","-0.1247215863124413","0.0537657138334942","0.0538197238905178","0.3230704620724871","0.8116071428571429","0.0151785714285714","1.0","0.0","0.147670174564891","0.1053464868489433","12"
"merge_bottleneck","8","18911","icgp_rvo_mpc","0","0","0","0","0.6222987174987793","16.8","140","3.0424721240997314","0.7064164876937866","9.313003652796397","0.809697944351605","0.8195300063916615","0.6473801786796685","0.5980357142857143","0.3142857142857143","-0.1318355496255262","0.0475314108396422","0.0493342564581967","0.3231606208902283","0.8258928571428571","0.0125","1.0","0.0","0.1176925973320695","0.1231827735900878","13"
"merge_bottleneck","8","18928","icgp_rvo_mpc","0","0","0","0","0.6350001096725464","16.8","140","3.0418155193328857","0.706218421459198","9.422996100911403","0.8209263756072946","0.7868457937879222","0.8261397321608196","0.6185714285714285","0.3178571428571428","-0.1356318409718299","0.0437523312189217","0.0450257154036313","0.3508145402050068","0.8616071428571429","0.0107142857142857","1.0","0.0","0.0537298813464534","0.1168779134750366","14"
"merge_bottleneck","8","18945","icgp_rvo_mpc","0","0","0","0","0.6525143980979919","16.8","140","3.00974702835083","0.7091593742370605","9.385352357432566","0.8717804473957845","0.8273101379030517","1.6500287500613402","0.6067857142857143","0.2991071428571428","-0.1285303073594114","0.0532871824774173","0.0559714720137232","0.367020893768595","0.8089285714285714","0.0125","1.0","0.0","0.16395030043587","0.118107761655535","15"
"merge_bottleneck","8","18962","icgp_rvo_mpc","0","0","1","0","0.5105454325675964","16.8","140","3.1565804481506348","0.6950322687625885","9.596161218601992","0.9302353985873716","0.9237018498459032","0.7503483927523901","0.5819642857142857","0.2678571428571428","-0.1200894930915277","0.0495605843493468","0.0531595037005328","0.3534919548119761","0.7955357142857142","0.0116071428571428","1.0","0.0","0.0874099346507742","0.084449709378756","16"
"merge_bottleneck","8","18979","icgp_rvo_mpc","0","0","0","0","0.5504130721092224","16.8","140","2.371145725250244","0.7712588459253311","10.087153996631969","0.7795904879192156","0.7816369964608124","1.1227192856235235","0.5467857142857143","0.2526785714285714","-0.0991168028385533","0.0697732653292114","0.0806779389225963","0.2947147811587945","0.8178571428571428","0.0125","1.0","0.0","0.0538857558795383","0.1021165685994284","17"
"merge_bottleneck","8","18996","icgp_rvo_mpc","0","0","0","0","0.6256207823753357","16.8","140","2.501366138458252","0.7582581043243408","10.679003938741516","1.0176315706755434","0.9905604032799602","0.9927272322914048","0.5744642857142858","0.3008928571428571","-0.1112055005110247","0.063334122715151","0.0655676487725816","0.3114920499364297","0.8473214285714286","0.0098214285714285","1.0","0.0","0.0490633546222339","0.0898043990135192","18"
"merge_bottleneck","8","19013","icgp_rvo_mpc","0","0","0","0","0.6497619152069092","16.8","140","2.558691501617432","0.7529146522283554","9.92097198953843","0.8858173288937126","0.8717155715450644","0.9082774103392564","0.5371428571428571","0.2580357142857143","-0.0989141660168649","0.0697504340112408","0.0700787756166486","0.3584135904659045","0.8401785714285714","0.0142857142857142","1.0","0.0","0.1786584212595597","0.1068666577339172","19"
"merge_bottleneck","8","19030","icgp_rvo_mpc","0","0","0","0","0.6742280125617981","16.8","140","2.454991102218628","0.7631278932094574","9.691315907779426","0.8707566010632686","0.8764779906187739","0.9604833926459831","0.5507142857142857","0.2410714285714285","-0.1071806659303232","0.0722799802759548","0.0757032148302285","0.3802652439562483","0.8107142857142857","0.0142857142857142","1.0","0.0","0.1126992588484352","0.0882350075989961","20"
"merge_bottleneck","8","19047","icgp_rvo_mpc","0","0","0","0","0.5381190180778503","16.8","140","2.3456597328186035","0.773632824420929","10.192023745133156","0.9599629156291484","1.011501732096076","0.7067556250279138","0.5339285714285714","0.2651785714285714","-0.0950676657957931","0.0733712630969253","0.0771178793784943","0.3463158131405661","0.8508928571428571","0.0116071428571428","1.0","0.0","0.0515368344233586","0.1063468685516944","21"
"merge_bottleneck","8","19064","icgp_rvo_mpc","0","0","0","0","0.6315426230430603","16.8","140","2.5641629695892334","0.7524750232696533","9.849107524957615","0.8569986501974719","0.8617760424103056","0.7066055357492067","0.5157142857142857","0.2","-0.077187864286376","0.0868473573727098","0.0913410332326209","0.3549978582990533","0.8428571428571429","0.0133928571428571","1.0","0.0","0.159929232598712","0.0860016457239786","22"
"merge_bottleneck","8","19081","icgp_rvo_mpc","0","0","0","0","0.6325133442878723","16.8","140","3.1611151695251465","0.6947405636310577","9.31742415140252","1.0135861520256315","0.9891556335080948","1.7048804465048306","0.5976785714285714","0.2508928571428571","-0.1336502433900182","0.0464104364855752","0.0479442599140451","0.2742814458690161","0.8205357142857143","0.0116071428571428","1.0","0.0","0.0863644307925744","0.12035183264659","23"
"merge_bottleneck","8","19098","icgp_rvo_mpc","0","0","0","0","0.6310763359069824","16.8","140","2.945016860961914","0.7155080437660217","9.713064527604727","0.7969858696950334","0.8061323257429259","0.7203344642740765","0.6332142857142857","0.3348214285714285","-0.1344124214772513","0.043403220689413","0.0479401239717744","0.3034245790462468","0.8464285714285714","0.0151785714285714","1.0","0.0","0.1116299837819024","0.1199796690660364","24"
"merge_bottleneck","8","19115","icgp_rvo_mpc","0","1","1","0","0.4326717257499695","16.8","140","2.594390392303467","0.7496913969516754","10.500405594280892","0.9014214314254266","0.911298369855753","1.1684550892303898","0.6064285714285714","0.3339285714285714","-0.1530764203569332","0.026458902417626","0.0287758389887771","0.3264795296336802","0.8241071428571428","0.0142857142857142","1.0","0.0","0.1091398029668959","0.0538218688219785","25"
"merge_bottleneck","8","19132","icgp_rvo_mpc","0","0","0","0","0.6408618688583374","16.8","140","2.854614734649658","0.7245196998119354","9.591619812521458","0.9480186176353268","0.9296289504106556","1.2533290177478713","0.6021428571428571","0.2767857142857143","-0.1409418054001296","0.044450347348681","0.05370359870836","0.3420975999741624","0.8196428571428571","0.0151785714285714","1.0","0.0","0.1476956354935911","0.0925961403285755","26"
"merge_bottleneck","8","19149","icgp_rvo_mpc","0","0","0","0","0.5494277477264404","16.8","140","2.2906651496887207","0.7789167016744614","10.181038036904283","0.9870150255571518","0.945440802297422","0.9341883035371472","0.6075","0.34375","-0.1503124714928173","0.027514389814003","0.0333699931155363","0.3465224662609384","0.7928571428571428","0.0098214285714285","1.0","0.0","0.1256751823425292","0.0769785794344815","27"
"merge_bottleneck","8","19166","icgp_rvo_mpc","0","0","0","0","0.6840718388557434","16.8","140","2.3287572860717773","0.7751756012439728","10.084563364691803","1.0396597047735538","0.953671201265284","1.0001690175938296","0.5551785714285714","0.2553571428571428","-0.1126869000933957","0.0603705696687387","0.063833352170913","0.366741133511445","0.7830357142857143","0.0116071428571428","1.0","0.0","0.1281612504356899","0.1026442238917717","28"
"merge_bottleneck","8","19183","icgp_rvo_mpc","0","0","0","0","0.6110812425613403","16.8","140","2.2676963806152344","0.7810936123132706","10.12760667367911","0.8733607270089644","0.8186033957770893","0.644238214395695","0.5530357142857143","0.275","-0.1065885285369553","0.0783387878024698","0.0820954569129553","0.3872714433061146","0.7455357142857143","0.0098214285714285","1.0","0.0","0.1368620963530107","0.0887531638145446","29"
"merge_bottleneck","8","18690","passive_rvo_mpc","0","0","0","0","0.6610377430915833","16.8","140","3.190303325653076","0.692165344953537","9.63441756747443","0.830914612167648","0.7428795228313122","0.6128403571178102","0.5871428571428572","0.3276785714285714","-0.102431249841207","0.0358968513274743","0.0407070971947607","0.3804941384781565","0.8107142857142857","0.0098214285714285","1.0","0.0","0.0541436959779348","0.1179729374972256","0"
"merge_bottleneck","8","18707","passive_rvo_mpc","0","0","0","0","0.6384889483451843","16.8","140","2.379574775695801","0.7703794687986374","10.128735189209692","0.91986405333238","0.8688784861404981","0.4016464286516046","0.6230357142857142","0.3785714285714285","-0.1321338153858717","0.0105392523081191","0.0198014661641009","0.3742527220863955","0.8196428571428571","0.0089285714285714","1.0","0.0","0.1003981280326843","0.1082499861717224","1"
"merge_bottleneck","8","18724","passive_rvo_mpc","0","0","0","0","0.569497287273407","16.8","140","2.797240257263184","0.7300582528114319","9.938777696501347","0.8382380020405565","0.8112546962286745","0.6828133034949653","0.6182142857142857","0.34375","-0.1331463439706826","0.0121236617051274","0.0211595103716421","0.3720192147242285","0.7973214285714286","0.0107142857142857","1.0","0.0","0.0623091476773354","0.0978972400228182","2"
"merge_bottleneck","8","18741","passive_rvo_mpc","0","0","0","0","0.5481394529342651","16.8","140","2.60054349899292","0.7488448619842529","10.016814897024233","0.9231431466128144","0.8302701600428138","0.5800417856984755","0.6167857142857143","0.3571428571428571","-0.1302942878620423","0.0131049144470787","0.0248800441080427","0.3850122014457875","0.8098214285714286","0.0116071428571428","1.0","0.0","0.1159325139467434","0.091686639877466","3"
"merge_bottleneck","8","18758","passive_rvo_mpc","0","0","0","0","0.6874346137046814","16.8","140","2.745408058166504","0.7349549829959869","10.880483603544237","0.8065280100064618","0.6793402938438313","0.4547634820223071","0.6414285714285715","0.3660714285714285","-0.1315592319037217","0.0157358135838571","0.0214890386187582","0.3901394596357087","0.8375","0.0107142857142857","1.0","0.0","0.1534763527425208","0.095744780699412","4"
"merge_bottleneck","8","18775","passive_rvo_mpc","0","0","0","0","0.5394147038459778","16.8","140","3.095527172088623","0.7013600468635559","9.331583673643763","0.6749825168933187","0.6274516415117043","0.4010695535985827","0.6067857142857143","0.2973214285714285","-0.1146243672809023","0.0364265969578402","0.0486854859251754","0.3268781445166726","0.8241071428571428","0.0116071428571428","1.0","0.0","0.0525279486220333","0.1144584142244779","5"
"merge_bottleneck","8","18792","passive_rvo_mpc","0","0","0","0","0.6746506690979004","16.8","140","3.199491500854492","0.6909736692905426","9.620033647692251","0.8830417674567018","0.8231792742652553","0.662334732097796","0.6298214285714285","0.3571428571428571","-0.1323182378044196","0.0135304018570673","0.0181924683422679","0.3838174805806498","0.8375","0.0133928571428571","1.0","0.0","0.1091915306989299","0.1015135049819946","6"
"merge_bottleneck","8","18809","passive_rvo_mpc","0","0","1","0","0.4932508766651153","16.8","140","3.934544086456299","0.6202875673770905","8.191634188257467","0.8238747560552189","0.7965591692498752","0.401590714253481","0.6392857142857142","0.3348214285714285","-0.1383658467235805","0.0123712415115832","0.0186743038015365","0.3414723585862664","0.8","0.0125","1.0","0.0","0.1581091921526247","0.1217934574399675","7"
"merge_bottleneck","8","18826","passive_rvo_mpc","0","0","0","0","0.579892098903656","16.8","140","3.286317110061645","0.682621419429779","9.572299112453948","0.8468463284628732","0.8001050357307706","0.4036591071261292","0.5851785714285714","0.3517857142857143","-0.1205183855007907","0.0244298410215465","0.0437304832320045","0.3412888601903914","0.8669642857142857","0.0116071428571428","1.0","0.0","0.1075376402414761","0.0725310857479388","8"
"merge_bottleneck","8","18843","passive_rvo_mpc","0","0","0","0","0.5531294345855713","16.8","140","2.4502928256988525","0.763419508934021","10.173800588745507","0.936201450335128","0.8815620943371739","0.4394693748249015","0.6003571428571428","0.3267857142857143","-0.1193338169525444","0.021339784547298","0.0262213129397321","0.349834648975358","0.8607142857142858","0.0098214285714285","1.0","0.0","0.1031936324726451","0.1122929237105629","9"
"merge_bottleneck","8","18860","passive_rvo_mpc","0","0","0","0","0.5698339939117432","16.8","140","3.2837231159210205","0.6830223500728607","8.962384430584734","0.8063684082190905","0.7651612534586872","0.5773247321680434","0.6044642857142857","0.28125","-0.1194537887214852","0.0380877140371897","0.0437006006278068","0.3536876868829136","0.84375","0.0142857142857142","1.0","0.0","0.0735769669123331","0.1052626967430114","10"
"merge_bottleneck","8","18877","passive_rvo_mpc","0","0","0","0","0.61296546459198","16.8","140","2.959190368652344","0.7143637835979462","9.499592433436192","0.9000394879840314","0.8715670666657388","0.483428750145062","0.60875","0.3071428571428571","-0.1213466977078807","0.0210712486677991","0.0303202573009954","0.3831785127077022","0.8464285714285714","0.0125","1.0","0.0","0.16065322100293","0.1088241040706634","11"
"merge_bottleneck","8","18894","passive_rvo_mpc","0","0","0","0","0.5208550095558167","16.8","140","3.145449161529541","0.6962873935699463","9.69574827211909","0.8334949663707188","0.7744404847068446","0.4304527679258691","0.61375","0.3205357142857143","-0.1307242421400794","0.0123910947078874","0.0204768610955463","0.3775883364841994","0.8678571428571429","0.0107142857142857","1.0","0.0","0.1229942890401571","0.1213079690933227","12"
"merge_bottleneck","8","18911","passive_rvo_mpc","0","0","0","0","0.6298865675926208","16.8","140","2.5165212154388428","0.7571681588888168","10.396943978263153","0.9888114354440144","0.8986294755978244","0.5362247322084711","0.61375","0.3553571428571428","-0.1189995426926976","0.0239435245703385","0.027246542915703","0.4191131802121418","0.8125","0.0098214285714285","1.0","0.0","0.1563300028714266","0.0914577570828524","13"
"merge_bottleneck","8","18928","passive_rvo_mpc","0","0","0","0","0.5245065689086914","16.8","140","3.257138967514038","0.685422271490097","9.371141248911954","0.9477752864360808","0.949599550079022","0.5570282142148894","0.6316071428571428","0.3044642857142857","-0.1402417884549698","0.0184288146830905","0.0247265045988583","0.3128094428319831","0.8785714285714286","0.0125","1.0","0.0","0.0934109095353438","0.1144236666815621","14"
"merge_bottleneck","8","18945","passive_rvo_mpc","0","0","0","0","0.6635658740997314","16.8","140","3.1108314990997314","0.6993913054466248","9.564808857725438","0.856972080043384","0.8326788419591529","0.931639017978471","0.5989285714285715","0.3107142857142857","-0.1187640962669536","0.0273087219212065","0.0355514554316837","0.2976435908978402","0.8642857142857143","0.0142857142857142","1.0","0.0","0.0548061383281396","0.107629545032978","15"
"merge_bottleneck","8","18962","passive_rvo_mpc","0","0","1","0","0.4943521618843078","16.8","140","3.85957670211792","0.6271134614944458","8.754878479168838","0.7867897362581321","0.7775286849588156","0.953882232059706","0.6532142857142857","0.4026785714285714","-0.1310444419899954","0.0144027467877198","0.0233366912823164","0.3319873347927074","0.8607142857142858","0.0151785714285714","0.9411764705882352","0.0588235294117647","0.0535559586216421","0.0918848093818215","16"
"merge_bottleneck","8","18979","passive_rvo_mpc","0","0","0","0","0.5847399830818176","16.8","140","4.043891906738281","0.6098913252353668","7.958874879480845","0.6917607472710577","0.6053284839460892","0.8650455356083901","0.66","0.3491071428571428","-0.1617621229075234","0.0026924556205729","0.0092085973311097","0.2881845794653115","0.7883928571428571","0.01875","1.0","0.0","0.0584472837961294","0.1118102942903836","17"
"merge_bottleneck","8","18996","passive_rvo_mpc","0","0","0","0","0.6245227456092834","16.8","140","3.056965112686157","0.7045628130435944","9.581127926556292","0.8208939085581473","0.8226212830415793","1.207429464258374","0.6525","0.3357142857142857","-0.1409112538127652","0.0118013112286062","0.0199211184347005","0.3438969117774039","0.8741071428571429","0.0142857142857142","1.0","0.0","0.053327787220478","0.1137141063809394","18"
"merge_bottleneck","8","19013","passive_rvo_mpc","0","0","0","0","0.6669133901596069","16.8","140","3.094806671142578","0.7011435627937317","9.39821456580114","0.8457710829164301","0.7794511798503143","0.7861606248297903","0.5891071428571428","0.3169642857142857","-0.1008624946767131","0.0433832034973669","0.0558361813931036","0.3820045762917364","0.8357142857142857","0.0125","1.0","0.0","0.180508941088243","0.1013545755829129","19"
"merge_bottleneck","8","19030","passive_rvo_mpc","0","0","0","0","0.5468873381614685","16.8","140","3.0066616535186768","0.7098994553089142","9.517510791100449","0.8300480781921319","0.7264521413615772","0.9827895537845116","0.6257142857142857","0.3482142857142857","-0.1265739221541006","0.0269565413298744","0.0347808117571014","0.3095906473801474","0.8232142857142857","0.0116071428571428","1.0","0.0","0.0651488425027413","0.1157636092259333","20"
"merge_bottleneck","8","19047","passive_rvo_mpc","0","0","0","0","0.6592546105384827","16.8","140","3.486166000366211","0.6635686159133911","8.740099352366087","0.8312947365322283","0.7579207448554891","0.5017508930125457","0.6432142857142857","0.3410714285714286","-0.1510234489787783","0.0053728636046576","0.0082684667287378","0.3340696550633631","0.8241071428571428","0.0116071428571428","1.0","0.0","0.0542489315277005","0.1124350841228778","21"
"merge_bottleneck","8","19064","passive_rvo_mpc","0","0","0","0","0.6559156775474548","16.8","140","3.2392303943634038","0.6873090863227844","10.030579988365387","0.988839438451188","0.9225746644394738","0.546164285541246","0.6142857142857143","0.31875","-0.1299860518427361","0.0150505964331945","0.0229865950752134","0.3132817903347211","0.875","0.0133928571428571","1.0","0.0","0.1274151376059297","0.1074003227551778","22"
"merge_bottleneck","8","19081","passive_rvo_mpc","0","0","0","0","0.7017725706100464","16.8","140","3.5685336589813232","0.655397355556488","8.900767167717277","0.7663781224616937","0.7397789429873228","0.8792838391595329","0.6310714285714286","0.3571428571428571","-0.1140821206301342","0.0418887569882396","0.0476644794770005","0.3874611363753202","0.8151785714285714","0.0142857142857142","1.0","0.0","0.1392762787137166","0.0872585343196988","23"
"merge_bottleneck","8","19098","passive_rvo_mpc","0","0","0","0","0.6745339632034302","16.8","140","3.0328807830810547","0.7070202827453613","9.676995094480844","0.9704189661358084","0.8864731754575457","0.9026166965538452","0.6530357142857143","0.3758928571428571","-0.1457901377140165","0.006324442659593","0.0171702340663786","0.352105180607062","0.8446428571428571","0.0133928571428571","1.0","0.0","0.0797136153690202","0.1087806344032287","24"
"merge_bottleneck","8","19115","passive_rvo_mpc","0","0","0","0","0.6978657841682434","16.8","140","3.15547776222229","0.6955572962760925","9.45923773200525","0.7576465907107507","0.6794744998615767","0.8179989286613168","0.59625","0.3008928571428571","-0.1132873444572736","0.035572777021781","0.040325216920885","0.3421703030136597","0.8410714285714286","0.0116071428571428","1.0","0.0","0.1250389435122492","0.1274483387286846","25"
"merge_bottleneck","8","19132","passive_rvo_mpc","0","0","0","0","0.5972210168838501","16.8","140","3.03113055229187","0.7074853181838989","9.56407584588851","0.8446944271879536","0.7662427155034882","1.0041404461974577","0.5678571428571428","0.2910714285714286","-0.0922302234443703","0.0525089879022709","0.0550884845701244","0.3679724066017552","0.7714285714285715","0.0116071428571428","1.0","0.0","0.0828765737241845","0.1071166946337773","26"
"merge_bottleneck","8","19149","passive_rvo_mpc","0","0","0","0","0.5930500030517578","16.8","140","2.4351794719696045","0.7649689167737961","10.230384042292712","0.924548847654036","0.8543481494699205","0.7599412496607069","0.5519642857142857","0.3071428571428571","-0.0871885938149355","0.0435690758123974","0.0611903278595615","0.3565968477421206","0.8178571428571428","0.0116071428571428","1.0","0.0","0.1249601377460937","0.1157259115805992","27"
"merge_bottleneck","8","19166","passive_rvo_mpc","0","0","0","0","0.6367942094802856","16.8","140","3.714616060256958","0.6413811147212982","8.712638145650999","0.8658864844856518","0.8505199716559478","1.099895267933399","0.6739285714285714","0.3383928571428571","-0.165634762944175","0.0019302631224944","0.014066399304147","0.3262112464177195","0.8357142857142857","0.0160714285714285","1.0","0.0","0.1539045359898715","0.1015639768706427","28"
"merge_bottleneck","8","19183","passive_rvo_mpc","0","0","0","0","0.6803467273712158","16.8","140","2.9933032989501958","0.71104896068573","9.294540419476109","0.8592179742242608","0.8314064306340048","0.5551434823766093","0.6096428571428572","0.2928571428571428","-0.123664080633875","0.0273292275955651","0.0293892506521744","0.3602172123538993","0.8375","0.0133928571428571","1.0","0.0","0.1490454959869384","0.1284934679667154","29"
"merge_bottleneck","8","18690","rvo_reactive","0","0","0","0","0.7096195816993713","16.8","140","2.63541316986084","0.745707094669342","10.113167038660322","0.7739197003522089","0.7873117656047856","0.0","0.0","0.0","0.0","0.0","0.0","0.0","0.7008928571428571","0.0125","1.0","0.0","0.1523114627829902","0.1034219903605324","0"
"merge_bottleneck","8","18707","rvo_reactive","0","0","0","0","0.5336893796920776","16.8","140","2.5063750743865967","0.7581436932086945","10.27736748438474","0.7279885371880872","0.7750383480984185","0.0","0.0","0.0","0.0","0.0","0.0","0.0","0.7669642857142858","0.0116071428571428","1.0","0.0","0.1728600189421755","0.1213499789054577","1"
"merge_bottleneck","8","18724","rvo_reactive","0","0","0","0","0.6448765397071838","16.8","140","2.5872366428375244","0.7503242045640945","9.993263344433217","0.7391920052734869","0.8083777098517333","0.0","0.0","0.0","0.0","0.0","0.0","0.0","0.76875","0.0107142857142857","1.0","0.0","0.1430805192758864","0.0898122290770212","2"
"merge_bottleneck","8","18741","rvo_reactive","0","0","1","0","0.5069965720176697","16.8","140","2.379069328308105","0.7702343761920929","10.462004940698534","0.8134904846282942","0.8207913502784712","0.0","0.0","0.0","0.0","0.0","0.0","0.0","0.7285714285714285","0.0089285714285714","1.0","0.0","0.1209632735113229","0.0992300510406494","3"
"merge_bottleneck","8","18758","rvo_reactive","0","0","0","0","0.68962562084198","16.8","140","2.5666942596435547","0.7522082328796387","9.8189875231933","0.6501425488718918","0.7176489608096225","0.0","0.0","0.0","0.0","0.0","0.0","0.0","0.7482142857142857","0.0098214285714285","1.0","0.0","0.1720632272720136","0.0941411581906405","4"
"merge_bottleneck","8","18775","rvo_reactive","0","0","0","0","0.5270838141441345","16.8","140","2.315450668334961","0.7766176760196686","10.29403627992724","0.6577814563576664","0.6907400796988181","0.0","0.0","0.0","0.0","0.0","0.0","0.0","0.6919642857142857","0.0089285714285714","1.0","0.0","0.0748520506170576","0.0546206456422805","5"
"merge_bottleneck","8","18792","rvo_reactive","0","0","1","0","0.4827238023281097","16.8","140","2.298607110977173","0.7779865562915802","10.302028207908734","0.714617905286806","0.7445597791512097","0.0","0.0","0.0","0.0","0.0","0.0","0.0","0.7321428571428571","0.0107142857142857","1.0","0.0","0.0591417777365136","0.1158676296472549","6"
"merge_bottleneck","8","18809","rvo_reactive","0","0","0","0","0.616998016834259","16.8","140","2.59792423248291","0.7492812275886536","10.056375073533673","0.7171438188425132","0.7661469475233129","0.0","0.0","0.0","0.0","0.0","0.0","0.0","0.73125","0.0125","1.0","0.0","0.1009673909557709","0.10654947076525","7"
"merge_bottleneck","8","18826","rvo_reactive","0","0","0","0","0.6657462120056152","16.8","140","2.60896110534668","0.748037576675415","9.9164655836139","0.6444882477500609","0.702931121257799","0.0","0.0","0.0","0.0","0.0","0.0","0.0","0.6875","0.0098214285714285","1.0","0.0","0.1500626890495786","0.0965875062075528","8"
"merge_bottleneck","8","18843","rvo_reactive","0","0","0","0","0.6096225380897522","16.8","140","2.567538261413574","0.7520992457866669","9.985695784635029","0.7286892988452954","0.7553555473419172","0.0","0.0","0.0","0.0","0.0","0.0","0.0","0.6928571428571428","0.0142857142857142","1.0","0.0","0.1128714189892947","0.1166034834459424","9"
"merge_bottleneck","8","18860","rvo_reactive","0","0","0","0","0.567813515663147","16.8","140","2.4851861000061035","0.760105088353157","9.913359687638147","0.6934880106044667","0.7616285703011921","0.0","0.0","0.0","0.0","0.0","0.0","0.0","0.7116071428571429","0.0107142857142857","1.0","0.0","0.0971973799920526","0.0897815575202306","10"
"merge_bottleneck","8","18877","rvo_reactive","0","0","1","0","0.508196234703064","16.8","140","2.6349124908447266","0.7456647455692291","9.915275385428686","0.6902973671975945","0.7009096765491579","0.0","0.0","0.0","0.0","0.0","0.0","0.0","0.7125","0.0107142857142857","1.0","0.0","0.0955126470809514","0.0869370142618815","11"
"merge_bottleneck","8","18894","rvo_reactive","0","0","1","0","0.481990247964859","16.8","140","2.9227828979492188","0.7177871763706207","9.751634994074266","0.715996729555939","0.7942212659333433","0.0","0.0","0.0","0.0","0.0","0.0","0.0","0.7303571428571428","0.0125","1.0","0.0","0.1288617385146953","0.09188169666699","12"
"merge_bottleneck","8","18911","rvo_reactive","0","0","0","0","0.6193236708641052","16.8","140","2.344990968704224","0.7737199813127518","10.338695545797236","0.7860358422355992","0.8305008737636465","0.0","0.0","0.0","0.0","0.0","0.0","0.0","0.7","0.0098214285714285","1.0","0.0","0.1668707011133905","0.1038495735688643","13"
"merge_bottleneck","8","18928","rvo_reactive","0","0","0","0","0.5784389972686768","16.8","140","2.501957893371582","0.7583584189414978","9.855830251326552","0.630961999842631","0.6850225943938962","0.0","0.0","0.0","0.0","0.0","0.0","0.0","0.74375","0.0098214285714285","1.0","0.0","0.0647180881300826","0.1054620417681607","14"
"merge_bottleneck","8","18945","rvo_reactive","0","0","1","0","0.4978979229927063","16.8","140","2.7863290309906006","0.7307489216327667","9.672910882596623","0.7579498263475086","0.796282517590693","0.0","0.0","0.0","0.0","0.0","0.0","0.0","0.7285714285714285","0.0089285714285714","1.0","0.0","0.1643261742956374","0.1041234910488128","15"
"merge_bottleneck","8","18962","rvo_reactive","0","0","0","0","0.6778319478034973","16.8","140","2.768038749694824","0.7325705885887146","10.236801276664664","0.8486064485673394","0.9053498000970908","0.0","0.0","0.0","0.0","0.0","0.0","0.0","0.725","0.0107142857142857","1.0","0.0","0.1803843307548982","0.0894367883602778","16"
"merge_bottleneck","8","18979","rvo_reactive","0","0","0","0","0.6864645481109619","16.8","140","2.508490562438965","0.7580093741416931","10.168530111065593","0.6330501154331224","0.6651934968573706","0.0","0.0","0.0","0.0","0.0","0.0","0.0","0.6973214285714285","0.0116071428571428","1.0","0.0","0.2404722139651498","0.093190298630641","17"
"merge_bottleneck","8","18996","rvo_reactive","0","0","0","0","0.5865427851676941","16.8","140","2.4469480514526367","0.7635172754526138","9.930549253767822","0.6847854215119566","0.7401334379666618","0.0","0.0","0.0","0.0","0.0","0.0","0.0","0.7035714285714286","0.0107142857142857","1.0","0.0","0.0981053307548512","0.1043340017398198","18"
"merge_bottleneck","8","19013","rvo_reactive","0","0","0","0","0.6389854550361633","16.8","140","2.4171533584594727","0.7665825635194778","10.05777804551144","0.647696364564555","0.6726478565218194","0.0","0.0","0.0","0.0","0.0","0.0","0.0","0.6866071428571429","0.0107142857142857","0.9166666666666666","0.0833333333333333","0.0491413386178049","0.1095133523146311","19"
"merge_bottleneck","8","19030","rvo_reactive","0","0","0","0","0.7017178535461426","16.8","140","2.6906368732452397","0.7403914034366608","9.782204046616243","0.691958826514227","0.688100827791329","0.0","0.0","0.0","0.0","0.0","0.0","0.0","0.6830357142857143","0.0125","1.0","0.0","0.1801062107354042","0.1000593815531049","20"
"merge_bottleneck","8","19047","rvo_reactive","0","1","1","0","0.4386424720287323","16.8","140","2.911296129226685","0.7190462648868561","9.745989256623943","0.7789086155859487","0.7978474873783333","0.0","0.0","0.0","0.0","0.0","0.0","0.0","0.7276785714285714","0.0116071428571428","1.0","0.0","0.1777157189490561","0.0953623973406278","21"
"merge_bottleneck","8","19064","rvo_reactive","0","0","0","0","0.5353866815567017","16.8","140","2.3087377548217773","0.7771318554878235","10.076444242411526","0.6704676214871662","0.7506464964843222","0.0","0.0","0.0","0.0","0.0","0.0","0.0","0.71875","0.0098214285714285","1.0","0.0","0.063574489613057","0.0889347845857793","22"
"merge_bottleneck","8","19081","rvo_reactive","0","0","0","0","0.6910771727561951","16.8","140","2.3912158012390137","0.7690874338150024","10.405244015302742","0.7750827879245792","0.801063145351197","0.0","0.0","0.0","0.0","0.0","0.0","0.0","0.7232142857142857","0.0116071428571428","1.0","0.0","0.1828884646923506","0.1075295439133277","23"
"merge_bottleneck","8","19098","rvo_reactive","0","0","0","0","0.674920380115509","16.8","140","2.5905003547668457","0.7497547268867493","10.093063576912757","0.5811380509819303","0.6213981548590319","0.0","0.0","0.0","0.0","0.0","0.0","0.0","0.7294642857142857","0.0116071428571428","1.0","0.0","0.1957884451263669","0.0866372621976412","24"
"merge_bottleneck","8","19115","rvo_reactive","0","0","0","0","0.6156374216079712","16.8","140","2.832114696502685","0.7267555892467499","9.990114531989091","0.752804731471198","0.7648620799183845","0.0","0.0","0.0","0.0","0.0","0.0","0.0","0.7258928571428571","0.0142857142857142","1.0","0.0","0.1252271380211717","0.0940306477248668","25"
"merge_bottleneck","8","19132","rvo_reactive","0","0","0","0","0.7115240097045898","16.8","140","2.6787004470825195","0.7414960563182831","9.89883203234058","0.734786262003971","0.7841478043368885","0.0","0.0","0.0","0.0","0.0","0.0","0.0","0.6866071428571429","0.0107142857142857","1.0","0.0","0.1286196344265702","0.092565502723058","26"
"merge_bottleneck","8","19149","rvo_reactive","0","0","0","0","0.5597684383392334","16.8","140","2.446185111999512","0.7639067023992538","10.00752520281094","0.6599479675692107","0.7039663663932255","0.0","0.0","0.0","0.0","0.0","0.0","0.0","0.7089285714285715","0.0098214285714285","0.9090909090909092","0.0909090909090909","0.0926840880724804","0.0896384011615406","27"
"merge_bottleneck","8","19166","rvo_reactive","0","0","1","0","0.497197687625885","16.8","140","2.247544288635254","0.7830161154270172","10.27604334487114","0.730206492729485","0.7840062788022416","0.0","0.0","0.0","0.0","0.0","0.0","0.0","0.725","0.0098214285714285","1.0","0.0","0.089889939430347","0.0980378118428317","28"
"merge_bottleneck","8","19183","rvo_reactive","0","0","1","0","0.4804283380508423","16.8","140","2.610527992248535","0.7479992210865021","9.835816333918046","0.6437452528093542","0.7047068550650563","0.0","0.0","0.0","0.0","0.0","0.0","0.0","0.7455357142857143","0.0098214285714285","1.0","0.0","0.0518699249448973","0.1034421216357838","29"
"narrow_gate","4","14177","constant_velocity_mpc","0","0","0","0","1.101972183948016","16.8","140","4.343518257141113","0.5901964902877808","12.790050136507489","2.059194940115724","0.9037100594704296","0.0","0.0317857142857142","0.0035714285714285","0.6211725531090401","0.6978267816136724","0.6978267836359728","0.6978267845939046","0.0","0.0017857142857142","1.0","0.0","1.1434690761566162","-0.3878102302551269","0"
"narrow_gate","4","14194","constant_velocity_mpc","0","0","0","0","1.0999619848704834","16.8","140","5.010131359100342","0.5258290469646454","12.103175470634596","2.017652594404561","0.904271096048788","0.0","0.0189285714285714","0.0","0.6283534904794298","0.7008186493894708","0.7008186538598191","0.7008186504538395","0.0","0.0017857142857142","1.0","0.0","0.8882052707672119","0.148406982421875","1"
"narrow_gate","4","14211","constant_velocity_mpc","0","0","0","0","1.0921031279126765","16.8","140","6.075381278991699","0.4243236184120178","11.723159682762343","2.296783493246351","0.9622041419132608","0.0","0.0242857142857142","0.0","0.5415120385082862","0.6261652495531423","0.6261652520011903","0.626165249872453","0.0","0.0035714285714285","1.0","0.0","1.0785968887158466","-0.2752151012420654","2"
"narrow_gate","4","14228","constant_velocity_mpc","0","0","0","0","1.089713506102562","16.8","140","5.190574169158936","0.5119820535182953","12.68814895336982","2.227456644071","0.966085281963488","0.0","0.0367857142857142","0.0053571428571428","0.5598547320913164","0.649470383443115","0.649470388232774","0.6494703838688625","0.0","0.0035714285714285","1.0","0.0","0.9951032209396362","-0.1911519527435302","3"
"narrow_gate","4","14245","constant_velocity_mpc","0","0","0","0","1.0042609345912934","16.8","140","5.357750415802002","0.4971555471420288","12.252809430588968","2.172861438457455","1.0852656596981745","0.0","0.0289285714285714","0.0017857142857142","0.5545186457524","0.6457101550024137","0.6457101573440247","0.6457101563860929","0.0","0.0017857142857142","1.0","0.0","1.0640716361999512","-0.1395755767822265","4"
"narrow_gate","4","14262","constant_velocity_mpc","0","0","0","0","1.099656366936267","16.8","140","5.444971561431885","0.486208438873291","12.086272522661602","1.7994125382708652","0.7413893225586496","0.0","0.0214285714285714","0.0","0.7086665064871318","0.7854743878513054","0.7854743928538381","0.7854743880641791","0.0","0.0035714285714285","1.0","0.0","1.0768844294548034","-0.3801439285278319","5"
"narrow_gate","4","14279","constant_velocity_mpc","0","0","0","0","1.0235393047332764","16.8","140","4.537844181060791","0.5722579061985016","12.929881946649402","2.0500696703791617","1.0394124123640045","0.0","0.0307142857142857","0.0107142857142857","0.6147974083192946","0.6990733108235493","0.6990733147617133","0.6990733111428599","0.0","0.0053571428571428","1.0","0.0","0.8883913951190859","-0.2348554929097493","6"
"narrow_gate","4","14296","constant_velocity_mpc","0","0","0","0","1.1079766099200163","16.8","140","5.187933921813965","0.5087260603904724","11.645344684133306","2.142631268501282","1.059830862702982","0.0","0.0235714285714285","0.0","0.5900717088596608","0.6644473047240603","0.6644473069592345","0.664447304936934","0.0","0.0017857142857142","1.0","0.0","1.1261143493652344","-0.3188959121704101","7"
"narrow_gate","4","14313","constant_velocity_mpc","0","0","0","0","0.9970908236503602","16.8","140","5.308767318725586","0.4973753094673157","12.586946787545456","2.09200674955334","1.0182376770050487","0.0","0.0303571428571428","0.0107142857142857","0.6089325127534935","0.6913004861927668","0.6913004936965659","0.6913004867249513","0.0","0.0071428571428571","1.0","0.0","1.0617721486091614","-0.0757451653480529","8"
"narrow_gate","4","14330","constant_velocity_mpc","0","0","0","0","0.9703511958256438","16.8","140","4.906652450561523","0.5374731719493866","12.939548056689093","2.0705850946051734","1.0017782529271753","0.0","0.0310714285714285","0.0","0.6793933265333759","0.752183853119453","0.7521838574833646","0.752183857057617","0.0","0.0035714285714285","1.0","0.0","1.059340398311615","-0.1313641548156738","9"
"narrow_gate","4","14347","constant_velocity_mpc","0","0","0","0","1.065948325820799","16.8","140","4.404130935668945","0.5873525738716125","12.652484307764098","2.140484136555876","0.8700932407698468","0.0","0.0364285714285714","0.0035714285714285","0.6291465662823366","0.7120708059952781","0.7120708085497629","0.7120708065274624","0.0","0.0017857142857142","1.0","0.0","1.135917763710022","-0.3634798049926758","10"
"narrow_gate","4","14364","constant_velocity_mpc","0","0","0","0","1.0658133101463318","16.8","140","4.4650702476501465","0.5783528387546539","13.175963763846084","2.1158953266484395","0.9324232139464216","0.0","0.0253571428571428","0.0","0.6059973470556667","0.6926025485856185","0.6926025524173457","0.692602549862861","0.0","0.0017857142857142","1.0","0.0","0.9908890533447264","-0.1727124214172363","11"
"narrow_gate","4","14381","constant_velocity_mpc","0","0","0","0","1.0256633420681318","16.8","140","3.439145565032959","0.6759667992591858","12.74696488067275","1.783224704010146","0.7108265428450316","0.0","0.0264285714285714","0.0","0.7328529244741696","0.8105785560477997","0.8105785594537794","0.8105785568992947","0.0","0.0017857142857142","1.0","0.0","1.0100118923187256","0.1753263473510742","12"
"narrow_gate","4","14398","constant_velocity_mpc","0","0","0","0","0.9487172436714172","16.8","140","6.017172813415527","0.432982861995697","12.287000251410063","2.1800806363778453","0.8248804203625436","0.0","0.0275","0.0","0.5549878291571262","0.6380128304656486","0.6380128342973759","0.6380128311042699","0.0","0.0035714285714285","1.0","0.0","1.092644076347351","-0.0532599449157714","13"
"narrow_gate","4","14415","constant_velocity_mpc","0","0","0","0","1.1006458909194377","16.8","140","5.831077098846436","0.44656503200531","11.91416750429198","2.1922101212399348","0.9432254385940744","0.0","0.0228571428571428","0.0","0.5535672514659182","0.6306076453742033","0.630607649631678","0.6306076453742033","0.0","0.0017857142857142","1.0","0.0","1.0273544597625732","-0.4499503135681152","14"
"narrow_gate","4","14432","constant_velocity_mpc","0","0","0","0","1.0329274308681489","16.8","140","4.981879234313965","0.5277322828769684","13.250814337981865","2.011512680138862","0.7965449316486154","0.0","0.0367857142857142","0.0071428571428571","0.6335971237811164","0.7142384467068666","0.7142384546364131","0.7142384484098565","0.0","0.0035714285714285","1.0","0.0","1.1076587843894958","-0.1207050561904907","15"
"narrow_gate","4","14449","constant_velocity_mpc","0","0","0","0","1.0657717537792375","16.8","140","6.080789566040039","0.4229938387870788","12.236411990365012","2.0442246522222245","0.8997100280316884","0.0","0.0253571428571428","0.0","0.584431792587989","0.662860761840426","0.6628607662043375","0.6628607619468628","0.0","0.0053571428571428","1.0","0.0","0.9596313842137656","-0.2713638305664062","16"
"narrow_gate","4","14466","constant_velocity_mpc","0","0","0","0","1.0732215714454652","16.8","140","6.229130268096924","0.4122941493988037","11.90950664342381","2.143921108330999","0.8251116317829915","0.0","0.0225","0.0","0.5783125659421617","0.6555306666073432","0.655530669906886","0.6555306668202169","0.0","0.0035714285714285","1.0","0.0","1.047944586277008","0.1673474311828613","17"
"narrow_gate","4","14483","constant_velocity_mpc","0","0","0","0","0.7590799999237061","16.8","140","4.6925435066223145","0.5567181706428528","12.7897349067498","2.1270773142576216","0.7983533848010536","0.0","0.0457142857142857","0.0035714285714285","0.5429844673018019","0.6323098043737068","0.6323098071410653","0.6323098043737068","0.0","0.0017857142857142","1.0","0.0","1.1583668994903564","-0.2166225433349609","18"
"narrow_gate","4","14500","constant_velocity_mpc","0","0","0","0","1.088293240428632","16.8","140","5.297614574432373","0.4999814033508301","11.045027380110696","1.972269031405451","0.9872061272616424","0.0","0.0325","0.0035714285714285","0.5901603184909401","0.669838114701841","0.6698381190657524","0.6698381153404621","0.0","0.0","0.0","0.0","0.0","0.0","19"
"narrow_gate","4","14517","constant_velocity_mpc","0","0","0","0","0.99529958486557","16.8","140","5.177842140197754","0.5074670314788818","13.116582883987576","2.110679303535393","0.9477128825249668","0.0","0.0264285714285714","0.0","0.5737259268926702","0.6595739926816259","0.6595739958747319","0.6595739937459945","0.0","0.0053571428571428","1.0","0.0","0.9028329576335116","-0.1391056219736735","20"
"narrow_gate","4","14534","constant_velocity_mpc","0","0","0","0","1.0076188679689253","16.8","140","4.174461364746094","0.6071256101131439","13.532781737390906","1.966942084367786","0.822419699871439","0.0","0.0232142857142857","0.0","0.7457707193214673","0.8276513488922924","0.8276513519789616","0.8276513493180399","0.0","0.0017857142857142","1.0","0.0","1.1409933376312256","-0.354494285583496","21"
"narrow_gate","4","14551","constant_velocity_mpc","0","0","0","0","0.9475191009044648","16.8","140","4.439218997955322","0.5770365595817566","13.148556086292956","2.1075301078813418","0.7775829305859219","0.0","0.0289285714285714","0.0","0.6724323270864888","0.7523435620598683","0.752343566955964","0.7523435629113632","0.0","0.0017857142857142","1.0","0.0","1.085461597442627","0.0839710235595703","22"
"narrow_gate","4","14568","constant_velocity_mpc","0","0","0","0","1.1003940702011523","16.8","140","5.022333145141602","0.5229908525943756","12.306644836673511","2.130012202050005","0.8674756421091226","0.0","0.0232142857142857","0.0","0.5812480790030614","0.6631806233658664","0.6631806241109245","0.6631806237916139","0.0","0.0017857142857142","1.0","0.0","0.8725862312316894","-0.1070426940917968","23"
"narrow_gate","4","14585","constant_velocity_mpc","0","0","0","0","1.098494930549798","16.8","140","5.066988945007324","0.5227206945419312","11.902064998575952","1.9899205126932689","0.8643537401601314","0.0","0.0217857142857142","0.0","0.6325623020184573","0.7047453715231409","0.7047453734390045","0.7047453716295777","0.0","0.0017857142857142","1.0","0.0","0.993729691505432","-0.0529499053955078","24"
"narrow_gate","4","14602","constant_velocity_mpc","0","0","0","0","1.0837051904840411","16.8","140","4.072258472442627","0.6141990423202515","12.420633255853318","1.982827102659004","0.7408476573231025","0.0","0.0271428571428571","0.0","0.6300902707213841","0.7080745600033089","0.708074564686531","0.7080745608548038","0.0","0.0","0.0","0.0","0.0","0.0","25"
"narrow_gate","4","14619","constant_velocity_mpc","0","0","0","0","1.0494023334980012","16.8","140","4.942997932434082","0.5316535532474518","12.289224736043252","2.190658798175199","0.893096383120057","0.0","0.0339285714285714","0.0035714285714285","0.5766772718601733","0.656375095675051","0.6563750997196519","0.6563750961007985","0.0","0.0035714285714285","1.0","0.0","1.1560133504867554","-0.1189742803573608","26"
"narrow_gate","4","14636","constant_velocity_mpc","0","0","0","0","1.1080395246434285","16.8","140","4.988039016723633","0.5273600220680237","12.707859868591186","2.123600539405431","0.8160196046182232","0.0","0.025","0.0","0.6244988689517301","0.7029689529052913","0.7029689569498921","0.7029689536503493","0.0","0.0017857142857142","1.0","0.0","1.1465438413619995","-0.26259765625","27"
"narrow_gate","4","14653","constant_velocity_mpc","0","0","0","0","1.0786999498581529","16.8","140","4.4301958084106445","0.5820345282554626","13.140012608491816","2.107932851782867","0.8481917392100983","0.0","0.0271428571428571","0.0","0.6383487516666323","0.7169457146008414","0.7169457191776266","0.7169457148137152","0.0","0.0017857142857142","1.0","0.0","1.068780403137207","-0.2439960479736328","28"
"narrow_gate","4","14670","constant_velocity_mpc","0","0","0","0","1.097126512110257","16.8","140","5.3711676597595215","0.4898357391357422","11.880043124838268","1.9980943105050493","1.0895413129977356","0.0","0.0235714285714285","0.0053571428571428","0.5833304164222639","0.6613941738080046","0.6613941791298479","0.6613941738080046","0.0","0.0035714285714285","1.0","0.0","1.121128957271576","-0.4156357288360595","29"
"narrow_gate","4","14177","icgp_rvo_mpc","0","0","0","0","0.7455446124076843","16.8","140","2.573519468307495","0.757192850112915","11.29836593993241","1.0601544219468322","0.8180368143879532","0.7670805357520294","0.2357142857142857","0.0732142857142857","0.1988564738794733","0.3409513513211046","0.3648842232379652","0.5546955538374035","0.7214285714285714","0.0071428571428571","1.0","0.0","0.3430907313723177","0.0062499403953552","0"
"narrow_gate","4","14194","icgp_rvo_mpc","0","0","0","0","0.7632236480712891","16.8","140","3.740268230438232","0.6460119783878326","9.783098438550953","0.7569832026164348","0.5049830466968983","0.4732730355239515","0.3228571428571428","0.0214285714285714","0.2152627355753245","0.3883428108392162","0.4054909505588984","0.7410480057979081","0.675","0.0178571428571428","1.0","0.0","0.7431075763702392","0.0392203667154535","1"
"narrow_gate","4","14211","icgp_rvo_mpc","0","0","0","0","0.8081538510262147","16.8","140","0.5706998109817505","0.945923000574112","11.475330520406716","0.6848623262810568","0.4269441950114938","0.8041244641260293","0.2125","0.0857142857142857","0.5268006240467155","0.6816050125956792","0.6943418076993397","1.0807069129427622","0.4821428571428571","0.0107142857142857","1.0","0.0","1.4992888220151268","0.0369587610960782","2"
"narrow_gate","4","14228","icgp_rvo_mpc","0","0","0","0","0.8062792129769377","16.8","140","2.379367589950561","0.7762917876243591","12.911660336118077","1.0259564331136062","0.734510386030417","0.6369428573504722","0.2039285714285714","0.1071428571428571","0.2605988893737817","0.3868648402185314","0.4265468576212445","0.7243505347425498","0.6892857142857143","0.0071428571428571","1.0","0.0","1.210840504169464","-0.2006096545606851","3"
"narrow_gate","4","14245","icgp_rvo_mpc","0","0","0","0","0.8126888214515686","16.8","140","1.772460699081421","0.8336480855941772","11.76266852128174","0.9261145268013934","0.6734534016021617","0.5002778573205953","0.2271428571428571","0.075","0.4265313924247897","0.5693198553994624","0.5854891621998204","0.8833794929807234","0.6017857142857143","0.0053571428571428","1.0","0.0","1.758111418088277","-0.0069030904211103","4"
"narrow_gate","4","14262","icgp_rvo_mpc","0","0","0","0","0.8237032109113747","16.8","140","0.7639631032943726","0.9279118776321412","12.184422417893074","0.9530204974613816","0.6076458534176251","0.5418746430223109","0.3232142857142857","0.2","0.2755155904210422","0.4327069899517463","0.4575984101689107","0.900344419362216","0.6321428571428571","0.0017857142857142","1.0","0.0","0.7772555160522461","-0.0740147590637207","5"
"narrow_gate","4","14279","icgp_rvo_mpc","0","0","0","0","0.7503676414489746","16.8","140","2.493080377578736","0.7649995535612106","12.25587720796466","1.150153521431743","0.9067751590069068","0.7815617857886537","0.1671428571428571","0.0464285714285714","0.2520238255764218","0.3887912420233846","0.426375088939385","0.5911636225571838","0.7446428571428572","0.0035714285714285","1.0","0.0","0.7441942501068115","-0.2077393531799316","6"
"narrow_gate","4","14296","icgp_rvo_mpc","0","0","0","0","0.8140377037149968","16.8","140","1.9115365743637085","0.8189861178398132","10.76046547354781","0.8790451016450659","0.7485614894575112","0.512079285947818","0.2453571428571428","0.0875","0.2778301980032081","0.4165708515892841","0.4280443514876837","0.6763682515650083","0.6767857142857143","0.0071428571428571","1.0","0.0","0.1021864481570281","0.0411220431327819","7"
"narrow_gate","4","14313","icgp_rvo_mpc","0","0","0","0","0.6945748925209045","16.8","140","1.7114182710647583","0.8379659503698349","10.24181672933264","0.6615247054058793","0.5014254918119695","0.5169212498393401","0.3296428571428571","0.15","0.4459915187146821","0.6142569961599182","0.6297811865596993","1.0369063087948769","0.5571428571428572","0.0071428571428571","1.0","0.0","0.5908798623085021","0.0465254265815019","8"
"narrow_gate","4","14330","icgp_rvo_mpc","0","0","0","0","0.8020493736243904","16.8","140","0.1936498284339904","0.9817455504089594","12.425490420748249","0.8337410551080082","0.5652885359223102","0.529175000234058","0.3039285714285714","0.1625","0.3413933269638173","0.5103187360416687","0.5485399040635394","0.9156781450709964","0.5803571428571429","0.0017857142857142","1.0","0.0","0.1003448534011841","-0.092000675201416","9"
"narrow_gate","4","14347","icgp_rvo_mpc","1","0","0","0","0.7357878088951111","14.88","124","0.1050846427679061","0.9901540381833912","11.535087005846435","0.7982711458687611","0.5826767040447274","0.7215862904030795","0.2266129032258064","0.0967741935483871","0.4763198356212916","0.6397669676722033","0.6562459904168224","1.0444880700644976","0.4979838709677419","0.002016129032258","1.0","0.0","2.374749402999878","-0.0009836751967668","10"
"narrow_gate","4","14364","icgp_rvo_mpc","0","0","0","0","0.8033265678178362","16.8","140","2.456192970275879","0.768055871129036","11.157145187768036","0.9226750909974466","0.7071745060212744","0.6734826784590301","0.2642857142857143","0.0803571428571428","0.2240193966640046","0.3840222205129408","0.3966026992046986","0.7299571363099371","0.6571428571428571","0.0125","1.0","0.0","0.4779837160800605","0.1252307354139962","11"
"narrow_gate","4","14381","icgp_rvo_mpc","0","0","0","0","0.707712709903717","16.8","140","1.685725212097168","0.8411724865436554","10.365818306471285","0.6372510887233928","0.4193945269919291","0.5160182144468958","0.27","0.1267857142857142","0.5472921708638653","0.7068255386151768","0.7201825229303384","1.088450842400833","0.5178571428571429","0.0125","1.0","0.0","1.712863133294242","0.0152169347873755","12"
"narrow_gate","4","14398","icgp_rvo_mpc","0","0","0","0","0.8066623696059076","16.8","140","3.715322971343994","0.6498934030532837","9.387186530005238","0.7440861721973177","0.5420562427790303","0.6805183927878845","0.3175","0.0339285714285714","0.2014731604371724","0.3593515149849758","0.3779407934261177","0.7694378533267081","0.6178571428571429","0.0214285714285714","1.0","0.0","0.6035689750829292","0.0592910718201892","13"
"narrow_gate","4","14415","icgp_rvo_mpc","1","0","0","0","0.8008804409014885","15.96","133","0.1117396727204322","0.9893946452066302","12.131616476741328","0.9039090730782068","0.6229789439842378","0.7667537593352565","0.2432330827067669","0.1090225563909774","0.4015081021402672","0.5581810344342834","0.5866573293453317","0.9742363625358772","0.5488721804511278","0.0037593984962406","1.0","0.0","1.2709800308174286","0.0194923188537359","14"
"narrow_gate","4","14432","icgp_rvo_mpc","0","0","0","0","0.6521060466766357","16.8","140","1.6087316274642944","0.847496896982193","11.051013636148127","0.7764851762114909","0.5791261323609314","0.7202051785627971","0.3071428571428571","0.1178571428571428","0.3702581396663109","0.5417210721390266","0.5703463365197076","0.8820324490132908","0.6089285714285714","0.0035714285714285","1.0","0.0","1.0569548177719117","0.0869197953492403","15"
"narrow_gate","4","14449","icgp_rvo_mpc","0","0","0","0","0.7761451601982117","16.8","140","1.4665921926498413","0.8608350604772568","10.919879518810376","0.7527631668149427","0.5199111200471747","0.748810714308742","0.2314285714285714","0.0803571428571428","0.5651040873940605","0.7123841590663709","0.7358986150245858","1.0107221974245573","0.5357142857142857","0.0071428571428571","1.0","0.0","1.6422925834804607","0.0429518654374987","16"
"narrow_gate","4","14466","icgp_rvo_mpc","0","0","0","0","0.8157378229518151","16.8","140","1.876985788345337","0.8229101747274399","10.185156138475577","0.7486073631042798","0.5202957016174748","1.033867499713129","0.305","0.2","0.5433989850237304","0.7139459720824491","0.7237344882806855","1.0865406549378829","0.5321428571428571","0.0071428571428571","1.0","0.0","1.4809840667247771","0.0796445606567431","17"
"narrow_gate","4","14483","icgp_rvo_mpc","1","0","0","0","0.7862071394920349","14.64","122","0.0847657769918441","0.9919925881549716","11.855938176398922","0.7559056751747942","0.5031944020507193","0.5898139345353244","0.2004098360655737","0.1168032786885246","0.5066736421654303","0.6605586503312225","0.6765795274783392","1.084989095120259","0.4692622950819672","0.0040983606557377","1.0","0.0","2.3390224981307983","0.0006903628353029","18"
"narrow_gate","4","14500","icgp_rvo_mpc","0","0","0","0","0.8244474405733211","16.8","140","3.682105302810669","0.6524622440338135","9.880596846651317","0.8786538877108685","0.6384639539499869","0.8788071429080446","0.2828571428571428","0.0285714285714285","0.215753403932102","0.3662207667960609","0.3811166333879592","0.6868104344922448","0.6660714285714285","0.0160714285714285","1.0","0.0","0.3020853116777207","0.0590719929275413","19"
"narrow_gate","4","14517","icgp_rvo_mpc","1","0","0","0","0.7701929807662964","16.68","139","0.1000427827239036","0.9904836090281606","12.608481517305336","0.9200142081944178","0.6383710389490619","1.002478776741463","0.2388489208633093","0.118705035971223","0.3559314977131446","0.5114576270340503","0.570901804667862","0.9214428165859896","0.5323741007194245","0.0035971223021582","1.0","0.0","1.1794891293628922","-0.0250776133500039","20"
"narrow_gate","4","14534","icgp_rvo_mpc","0","0","0","0","0.8067983794982747","16.8","140","2.174921989440918","0.795309841632843","11.172384357574629","0.9100872819992608","0.7217872717214137","0.6848057141853913","0.2364285714285714","0.0517857142857142","0.2897618903280589","0.4320506706427864","0.4430616681138437","0.7286866950224584","0.6660714285714285","0.0089285714285714","1.0","0.0","0.5456113457679749","0.0868876088038086","21"
"narrow_gate","4","14551","icgp_rvo_mpc","0","0","0","0","0.6114909052848816","16.8","140","3.6859962940216064","0.6488027274608612","9.45741184831786","0.7752820550331048","0.5863500313265894","0.7451117856622399","0.3375","0.0357142857142857","0.2115533870550943","0.3802550947649692","0.3994145810553365","0.722035043530757","0.6714285714285714","0.0178571428571428","1.0","0.0","0.7477993679046631","0.0552282957872375","22"
"narrow_gate","4","14568","icgp_rvo_mpc","0","0","0","0","0.8085153578072906","16.8","140","3.769733428955078","0.6419597566127777","10.02145329871928","1.0399674103262704","0.8210141180259544","0.750106249948398","0.2792857142857143","0.0303571428571428","0.1878480697788306","0.3377405843721894","0.3547232063802987","0.5495385939364695","0.7107142857142857","0.0089285714285714","1.0","0.0","0.0527250337600707","0.048003454208374","23"
"narrow_gate","4","14585","icgp_rvo_mpc","0","0","0","0","0.8147307475262554","16.8","140","3.717162847518921","0.6498660445213318","9.999615707871271","0.8167609539593936","0.582839014889783","0.7041087499471489","0.3314285714285714","0.0392857142857142","0.1895926824103899","0.3557927981889285","0.3670386602061506","0.6702861964894704","0.6660714285714285","0.0142857142857142","1.0","0.0","0.3379439848661422","0.048243472923059","24"
"narrow_gate","4","14602","icgp_rvo_mpc","0","0","0","0","0.807292431045577","16.8","140","1.7811511754989624","0.8312558382749557","12.71107053644664","0.8978640938337776","0.6086456349974891","1.093092678976453","0.1475","0.0178571428571428","0.4295734272635813","0.5646915708227201","0.6070944460514154","0.840842793998279","0.6446428571428572","0.0071428571428571","1.0","0.0","0.983248530626297","-0.0340209573158062","25"
"narrow_gate","4","14619","icgp_rvo_mpc","0","0","0","0","0.7953501343727112","16.8","140","3.7072787284851074","0.6487373113632202","9.910237838417745","0.8887644332035312","0.6511862989831845","0.5968458932329668","0.3160714285714285","0.0125","0.1898152348062352","0.3508195611741322","0.3773209773749756","0.6796743547082074","0.6839285714285714","0.0196428571428571","1.0","0.0","0.4471446345069191","0.0751079145522618","26"
"narrow_gate","4","14636","icgp_rvo_mpc","0","0","0","0","0.8024523494019078","16.8","140","3.769619941711426","0.6428109109401703","9.767120600253293","0.842862453327481","0.5613649180062792","0.959603035724805","0.3278571428571428","0.0392857142857142","0.1936905909296187","0.3623016713531025","0.3732517871625472","0.6537499510515196","0.6553571428571429","0.0160714285714285","1.0","0.0","0.2950515397389729","0.0454781600998507","27"
"narrow_gate","4","14653","icgp_rvo_mpc","1","0","0","0","0.8005155114281596","16.08","134","0.084895521402359","0.9919905578717588","11.886754684215704","0.8149009684127815","0.5803596772859266","1.0326744405615296","0.2944029850746268","0.1940298507462686","0.4702555274484027","0.6284709719221446","0.685002910937208","1.024850299307586","0.5279850746268657","0.0055970149253731","1.0","0.0","1.7312552835043682","0.0871208427939563","28"
"narrow_gate","4","14670","icgp_rvo_mpc","1","0","0","0","0.7767080068588257","14.88","124","0.0820877850055694","0.9922031373716892","11.489998486948023","0.8117211366601799","0.576754959464014","0.5937372986497188","0.2302419354838709","0.1088709677419354","0.4859460502816174","0.6542068865429151","0.6690916321011077","1.0633983294389104","0.4979838709677419","0.0040322580645161","1.0","0.0","1.2427609269933182","0.0920290770474821","29"
"narrow_gate","4","14177","passive_rvo_mpc","0","0","0","0","0.7696086764335632","16.8","140","3.7223150730133057","0.6488059461116791","9.832102717689397","0.8839203043225488","0.6433291601164123","0.6333764286864607","0.4175","0.1321428571428571","0.1196248379763447","0.277172148602218","0.2933571953446046","0.7121973923430338","0.6964285714285714","0.0178571428571428","1.0","0.0","0.2829149222373962","0.0781802503066137","0"
"narrow_gate","4","14194","passive_rvo_mpc","0","0","0","0","0.7602821588516235","16.8","140","3.700747013092041","0.6497523486614227","9.996335455292863","0.8615171112702229","0.6519314941994492","0.4274801786258259","0.4078571428571428","0.125","0.1234655488579277","0.2747621840409101","0.2880011993673151","0.7048591521070986","0.6928571428571428","0.0196428571428571","1.0","0.0","0.4685096588721142","0.0753505962477488","1"
"narrow_gate","4","14211","passive_rvo_mpc","0","0","0","0","0.729317843914032","16.8","140","0.4069923758506775","0.9614351950585842","12.163381736267183","0.8947645664215088","0.6546209281760264","0.6412666071940164","0.2714285714285714","0.1535714285714285","0.3363211032932276","0.4613923835471991","0.4981870492123588","0.9038117532280104","0.5928571428571429","0.0017857142857142","1.0","0.0","2.142650346755981","-0.0005401162430644","2"
"narrow_gate","4","14228","passive_rvo_mpc","0","0","0","0","0.7819613814353943","16.8","140","1.9272308349609373","0.818801686167717","10.606367902735656","0.758394771886794","0.504912338035342","0.5271773215489313","0.3221428571428571","0.2","0.4072807452324519","0.5377933005729094","0.5537375277825032","0.9943747324738914","0.5982142857142857","0.0071428571428571","1.0","0.0","1.418906544446945","0.0784502401598729","3"
"narrow_gate","4","14245","passive_rvo_mpc","0","0","0","0","0.8126888214515686","16.8","140","3.005043029785156","0.7179657220840454","12.389772134876694","0.959290764693703","0.7423378394227699","0.4177144643888044","0.3110714285714285","0.1339285714285714","0.1296776525391841","0.2628687855170211","0.2829801500238145","0.6293136049995388","0.7767857142857143","0.0107142857142857","1.0","0.0","0.7614720431963603","-0.0489851440303027","4"
"narrow_gate","4","14262","passive_rvo_mpc","0","0","0","0","0.8237032109113747","16.8","140","1.8200962543487549","0.828254371881485","10.218496521567433","0.6781079560682494","0.4551356063657096","0.5317037498441225","0.3167857142857143","0.2196428571428571","0.4630071893409475","0.5909283096566615","0.6061234836693044","1.1787989167900828","0.5517857142857143","0.0107142857142857","1.0","0.0","1.7673268286387127","0.0600413766456767","5"
"narrow_gate","4","14279","passive_rvo_mpc","0","0","0","0","0.802324105486084","16.8","140","3.762453079223633","0.6453471183776855","9.865646512435887","0.8854785140745143","0.684235802629399","0.6371798213746972","0.4060714285714286","0.15","0.1020123291307752","0.2633773554857584","0.2812417790060274","0.6827253519821099","0.7089285714285715","0.0160714285714285","1.0","0.0","0.3222758817672729","0.05128011410642","6"
"narrow_gate","4","14296","passive_rvo_mpc","0","0","0","0","0.8140377037149968","16.8","140","2.409137487411499","0.7718655467033386","12.274636505229864","0.9112619240010514","0.676635917381098","0.4207214285738051","0.3260714285714285","0.1857142857142857","0.1538900464923196","0.2902825701305185","0.322044032399775","0.5688270350425467","0.7232142857142857","0.0071428571428571","1.0","0.0","0.3546735215187072","0.0488577485084533","7"
"narrow_gate","4","14313","passive_rvo_mpc","1","0","0","0","0.6563585996627808","13.2","110","0.0980349406599998","0.99071822501719","11.09351177077042","0.8259201511359688","0.5740634759397785","0.4175606819361829","0.3231818181818182","0.2727272727272727","0.3035035098229753","0.42897597101615","0.4580939759575579","1.0523961220175355","0.4545454545454545","0.0","0.0","0.0","0.0","0.0","8"
"narrow_gate","4","14330","passive_rvo_mpc","0","0","0","0","0.8020493736243904","16.8","140","1.827212691307068","0.8277573436498642","10.443272655167677","0.7132243700965775","0.5048268399178152","0.4312171430033881","0.2832142857142857","0.1589285714285714","0.4510960078646779","0.5723477648531219","0.585796085388185","1.10932175302231","0.5910714285714286","0.0107142857142857","1.0","0.0","1.4066491208742649","0.0745760952006094","9"
"narrow_gate","4","14347","passive_rvo_mpc","0","0","0","0","0.8035943130571281","16.8","140","3.77527117729187","0.6462739408016205","9.73920530171108","0.8284060675783882","0.6818995347573051","0.6210676786914908","0.4471428571428571","0.1785714285714285","0.0850674693907831","0.243964540897681","0.2589554858102521","0.6668312205865476","0.7321428571428571","0.0160714285714285","1.0","0.0","0.3067036252551608","0.0411321756274749","10"
"narrow_gate","4","14364","passive_rvo_mpc","0","0","0","0","0.8033265678178362","16.8","140","2.90406346321106","0.7257623970508575","11.207442882761825","1.1617586726921478","0.9406777057824756","0.4665523213848895","0.2882142857142857","0.1160714285714285","0.1353451110671177","0.2674030707138006","0.2928637564828394","0.5896365324358657","0.7303571428571428","0.0071428571428571","1.0","0.0","0.8161477285623551","0.0845835317741148","11"
"narrow_gate","4","14381","passive_rvo_mpc","0","0","0","0","0.7429363131523132","16.8","140","1.909544825553894","0.8200843930244446","10.28478955272294","0.7427126757667534","0.5088600825065039","0.5868130356767713","0.3539285714285714","0.2321428571428571","0.3976932166573362","0.5298687703810915","0.544201202576751","1.0323615681508762","0.5821428571428572","0.0071428571428571","1.0","0.0","1.4029488015174865","0.0839400605531409","12"
"narrow_gate","4","14398","passive_rvo_mpc","0","0","0","0","0.8066623696059076","16.8","140","1.8145242929458616","0.8290116637945175","10.205981425518983","0.6303710758452715","0.3892737412060212","0.5274460715164813","0.3103571428571428","0.2035714285714285","0.4758674302202296","0.6082889291794995","0.6214251282869455","1.1349589974818644","0.5446428571428571","0.0125","1.0","0.0","1.5085945517676218","0.0755062108593327","13"
"narrow_gate","4","14415","passive_rvo_mpc","0","0","0","0","0.7875328063964844","16.8","140","1.2967950105667114","0.8769195303320885","11.323841902019922","0.9195347549293988","0.6589492691143383","0.5044039283997596","0.36","0.1946428571428571","0.1782676630440385","0.311646199402962","0.3278259225217486","0.839239798208989","0.6482142857142857","0.0071428571428571","1.0","0.0","0.0845899650014314","0.1210594177246093","14"
"narrow_gate","4","14432","passive_rvo_mpc","0","0","0","0","0.807576960393716","16.8","140","1.803442120552063","0.8290389031171799","10.262487934900491","0.6474681835644481","0.4493095702157147","0.5867448213913511","0.2767857142857143","0.1446428571428571","0.436996751371475","0.5676993685556372","0.5849239452274263","1.074911885505157","0.5535714285714286","0.0107142857142857","1.0","0.0","1.3134693090373135","0.0862732419996367","15"
"narrow_gate","4","14449","passive_rvo_mpc","0","0","0","0","0.8012381705913629","16.8","140","1.7072057723999023","0.8380032330751419","11.734122886864045","0.9372979388950624","0.6713150454836571","0.5566146427164702","0.2760714285714286","0.1535714285714285","0.3578152391743616","0.4950707170004233","0.5119110023134316","0.8813253637643096","0.6","0.0089285714285714","1.0","0.0","1.046626416467926","0.0384300981089472","16"
"narrow_gate","4","14466","passive_rvo_mpc","0","0","0","0","0.8157378229518151","16.8","140","1.7934235334396362","0.8307941108942032","10.243877098218944","0.6736089344127062","0.4260899480798149","0.888767321339401","0.3178571428571428","0.2089285714285714","0.4688235107557947","0.6044988120675666","0.6166571398392948","1.096948933145401","0.5625","0.0089285714285714","1.0","0.0","1.6277455084181054","0.0688873263821005","17"
"narrow_gate","4","14483","passive_rvo_mpc","0","0","0","0","0.8066993253951796","16.8","140","1.92875611782074","0.817799761891365","10.125598188107688","0.7372812653074992","0.5083605687795041","0.4849139288645737","0.3225","0.2196428571428571","0.4911231608299363","0.6231623819163546","0.6371338835282035","1.1196152107959647","0.5321428571428571","0.0125","1.0","0.0","1.5327353014264788","0.0767343940412891","18"
"narrow_gate","4","14500","passive_rvo_mpc","0","0","0","0","0.8244474405733211","16.8","140","1.7313497066497805","0.8365855067968369","11.63722688552116","0.7991408591416483","0.5479053185697348","0.7607394643335803","0.3517857142857143","0.1767857142857143","0.2847931820567076","0.4339635982295974","0.4484866891169078","0.8062650893465547","0.6035714285714285","0.0125","1.0","0.0","0.6750484173638479","0.0682710626162588","19"
"narrow_gate","4","14517","passive_rvo_mpc","0","0","0","0","0.8165745794527667","16.8","140","3.726305484771729","0.6455418467521667","10.12528405028752","0.9718668255339644","0.7261190725839148","0.874935357335614","0.4132142857142857","0.1142857142857142","0.0849901867740529","0.2466663414651649","0.2569337790810221","0.6417423010461147","0.6982142857142857","0.0142857142857142","1.0","0.0","0.3286473590135574","0.0510710215894505","20"
"narrow_gate","4","14534","passive_rvo_mpc","0","0","0","0","0.8067983794982747","16.8","140","2.46531343460083","0.7679799944162369","12.24499737325823","1.0661534854292898","0.8156279171147703","0.6255367855763845","0.3182142857142857","0.1857142857142857","0.1541913451270241","0.2894510433415506","0.327982718583421","0.5572822460944133","0.7392857142857143","0.0071428571428571","1.0","0.0","0.2519492375850677","0.0864718079566955","21"
"narrow_gate","4","14551","passive_rvo_mpc","0","0","0","0","0.75770503282547","16.8","140","3.6899685859680176","0.6484242379665375","9.274522350237476","0.7451874883562726","0.5391177231942815","0.5946058925603991","0.4264285714285714","0.1035714285714285","0.0941823028088726","0.2625596517860197","0.2772912215744555","0.8197936736758132","0.6285714285714286","0.0214285714285714","1.0","0.0","0.4373424061139424","0.0712246665343021","22"
"narrow_gate","4","14568","passive_rvo_mpc","0","0","0","0","0.8085153578072906","16.8","140","3.7102770805358887","0.6476067900657654","10.076070974912","0.9852901459297368","0.7554814344914067","0.5611798216055571","0.3753571428571428","0.1035714285714285","0.1097736653905094","0.2649223123994744","0.2804871114750964","0.6599588112872394","0.7160714285714286","0.0142857142857142","1.0","0.0","0.3605593192577362","0.0663401856436394","23"
"narrow_gate","4","14585","passive_rvo_mpc","0","0","0","0","0.8147307475262554","16.8","140","3.790905714035034","0.6429198980331421","9.884493208715869","0.9778901615047028","0.7974665781214076","0.58980071420852","0.4153571428571428","0.1464285714285714","0.081896374550244","0.2405064231359617","0.2533914791733276","0.5953683650296867","0.7553571428571428","0.0160714285714285","1.0","0.0","0.054183742476995","0.0410084618462456","24"
"narrow_gate","4","14602","passive_rvo_mpc","0","0","0","0","0.6833127737045288","16.8","140","1.9920191764831543","0.811278447508812","11.04362965535256","0.9365009031990276","0.7433833083203256","0.793078393378112","0.3675","0.2392857142857143","0.2129984581570002","0.3383844486119576","0.3649060313593422","0.7861266264443797","0.6964285714285714","0.0071428571428571","1.0","0.0","1.1740071928967617","0.1074303860077634","25"
"narrow_gate","4","14619","passive_rvo_mpc","1","0","0","0","0.7843415141105652","15.72","131","0.1102029532194137","0.9895583288744092","12.065652949386276","0.9894657558903724","0.7181640459378281","0.5285597325459066","0.3339694656488549","0.2442748091603053","0.2691913788819313","0.3989228314681279","0.426664968711892","0.8716190973398196","0.6335877862595419","0.0038167938931297","1.0","0.0","1.1900820580973406","0.1855306572746485","26"
"narrow_gate","4","14636","passive_rvo_mpc","0","0","0","0","0.8024523494019078","16.8","140","3.646573066711426","0.6544701755046844","10.919875146501","1.10093899566148","0.8703677314437006","0.7390608928160093","0.3603571428571429","0.1589285714285714","0.0727672066764667","0.2112798276580271","0.231629832058086","0.5518752893085075","0.7767857142857143","0.0125","1.0","0.0","0.3125303354953577","0.0473628316606794","27"
"narrow_gate","4","14653","passive_rvo_mpc","0","0","0","0","0.7818752527236938","16.8","140","3.697066783905029","0.6512013673782349","9.771698471951822","0.871166897445398","0.6579347228552591","0.8387423215806068","0.4214285714285714","0.1767857142857143","0.1094441648501308","0.2555081755532903","0.2704052275149362","0.7500072215427606","0.6339285714285714","0.0178571428571428","1.0","0.0","0.55096786737442","0.0677021615672856","28"
"narrow_gate","4","14670","passive_rvo_mpc","0","0","0","0","0.8100562783233364","16.8","140","1.761432409286499","0.8326956182718277","11.096697446424514","0.9008598908050252","0.6837708086661204","0.5399112501826104","0.3978571428571428","0.2232142857142857","0.186411975343874","0.3286191813083597","0.344261002480873","0.6891024201897851","0.6321428571428571","0.0089285714285714","1.0","0.0","0.4803966400817041","0.0622277660574764","29"
"narrow_gate","4","14177","rvo_reactive","0","0","0","0","0.7287347912788391","16.8","140","1.1779570579528809","0.8888617679476738","10.447861983033365","0.4502096821786835","0.4493026896379888","0.0","0.0","0.0","0.0","0.0","0.0","0.0","0.5982142857142857","0.0053571428571428","1.0","0.0","0.0771412079777635","0.1004746754964192","0"
"narrow_gate","4","14194","rvo_reactive","1","0","0","0","0.8124484419822693","15.24","127","0.1428113579750061","0.9864839874207972","11.26130271560396","0.3840552314191939","0.2989275016799921","0.0","0.0","0.0","0.0","0.0","0.0","0.0","0.4074803149606299","0.0","0.0","0.0","0.0","0.0","1"
"narrow_gate","4","14211","rvo_reactive","1","0","0","0","0.7385460138320923","14.64","122","0.1450375616550445","0.9862568797543644","11.006074564618755","0.3602736505191223","0.2618874413434599","0.0","0.0","0.0","0.0","0.0","0.0","0.0","0.4180327868852459","0.0","0.0","0.0","0.0","0.0","2"
"narrow_gate","4","14228","rvo_reactive","0","0","0","0","0.8400172364711762","16.8","140","0.2852868735790252","0.973177319392562","11.624878748589254","0.3581164805268469","0.3077932616097054","0.0","0.0","0.0","0.0","0.0","0.0","0.0","0.4589285714285714","0.0","0.0","0.0","0.0","0.0","3"
"narrow_gate","4","14245","rvo_reactive","0","0","0","0","0.8400052565565679","16.8","140","3.1859734058380127","0.7009847462177277","9.098735638512151","0.4286519049001591","0.4324773236111339","0.0","0.0","0.0","0.0","0.0","0.0","0.0","0.6392857142857142","0.0071428571428571","1.0","0.0","0.0536607432091462","0.0830774307250976","4"
"narrow_gate","4","14262","rvo_reactive","0","0","0","0","0.8084851503372192","16.8","140","1.33309805393219","0.8742078840732574","11.006214810029633","0.3620190958613031","0.2797764011625466","0.0","0.0","0.0","0.0","0.0","0.0","0.0","0.4892857142857142","0.0053571428571428","1.0","0.0","0.0443614061238526","0.0702285925547281","5"
"narrow_gate","4","14279","rvo_reactive","0","0","0","0","0.8217619061470032","16.8","140","0.5996186137199402","0.9434793032705784","11.019687960604642","0.3221942743490217","0.2326690740151596","0.0","0.0","0.0","0.0","0.0","0.0","0.0","0.4410714285714285","0.0035714285714285","1.0","0.0","0.050302379131317","0.1259183883666992","6"
"narrow_gate","4","14296","rvo_reactive","0","0","0","0","0.8400025559413723","16.8","140","1.308295488357544","0.8761103227734566","11.572564287867865","0.4640292765689082","0.410169036480199","0.0","0.0","0.0","0.0","0.0","0.0","0.0","0.5464285714285714","0.0035714285714285","1.0","0.0","0.3827585711495783","-0.0820524454116821","7"
"narrow_gate","4","14313","rvo_reactive","1","0","0","0","0.7562149167060852","15.0","125","0.1326286941766739","0.9874429497867824","11.281682972738054","0.3293215599283576","0.260238555021584","0.0","0.0","0.0","0.0","0.0","0.0","0.0","0.4","0.0","0.0","0.0","0.0","0.0","8"
"narrow_gate","4","14330","rvo_reactive","0","0","0","0","0.7952066659927368","16.8","140","0.7193538546562195","0.9321899265050888","10.909250087230248","0.315443023150978","0.2331347491525645","0.0","0.0","0.0","0.0","0.0","0.0","0.0","0.4142857142857143","0.0017857142857142","1.0","0.0","0.0504111576080321","0.0516557693481445","9"
"narrow_gate","4","14347","rvo_reactive","0","0","0","0","0.8313506245613098","16.8","140","0.3453013896942138","0.967646799981594","11.581084334993648","0.3157817866062812","0.2531401580332645","0.0","0.0","0.0","0.0","0.0","0.0","0.0","0.4107142857142857","0.0017857142857142","1.0","0.0","0.0512171316146849","0.1622223854064941","10"
"narrow_gate","4","14364","rvo_reactive","0","0","0","0","0.8400466300330646","16.8","140","0.6943395137786865","0.9344318732619286","11.010300644678864","0.3403480180273098","0.2388707062495606","0.0","0.0","0.0","0.0","0.0","0.0","0.0","0.4232142857142857","0.0017857142857142","1.0","0.0","0.0501813220977782","0.1265459060668945","11"
"narrow_gate","4","14381","rvo_reactive","0","0","0","0","0.8177843477506397","16.8","140","0.6553389430046082","0.9382545500993728","11.090335600256369","0.3776096865493205","0.2660598855099774","0.0","0.0","0.0","0.0","0.0","0.0","0.0","0.4125","0.0017857142857142","1.0","0.0","0.050630383491516","0.0693531036376953","12"
"narrow_gate","4","14398","rvo_reactive","1","0","0","0","0.8400622779556808","15.84","132","0.145131304860115","0.9863238194957376","11.440473723392644","0.3562483813782984","0.262518260063547","0.0","0.0","0.0","0.0","0.0","0.0","0.0","0.4128787878787879","0.0018939393939393","1.0","0.0","0.1006972424739247","0.2400040626525879","13"
"narrow_gate","4","14415","rvo_reactive","0","0","0","0","0.7280245423316956","16.8","140","1.3083574771881104","0.8758221194148064","10.892703564357362","0.418321936040385","0.3363213202151071","0.0","0.0","0.0","0.0","0.0","0.0","0.0","0.6053571428571428","0.0035714285714285","1.0","0.0","0.4527936714887619","0.1471519470214843","14"
"narrow_gate","4","14432","rvo_reactive","1","0","0","0","0.6989977359771729","14.28","119","0.1582425236701965","0.9849990671500564","11.163710389307198","0.3206061581697534","0.2448529282882183","0.0","0.0","0.0","0.0","0.0","0.0","0.0","0.3802521008403361","0.0","0.0","0.0","0.0","0.0","15"
"narrow_gate","4","14449","rvo_reactive","1","0","0","0","0.818385899066925","15.36","128","0.1328565627336502","0.9873932404443622","11.269132109664495","0.3482034248081618","0.2634052528665052","0.0","0.0","0.0","0.0","0.0","0.0","0.0","0.421875","0.0","0.0","0.0","0.0","0.0","16"
"narrow_gate","4","14466","rvo_reactive","0","0","0","0","0.8400147737556332","16.8","140","1.2283347845077517","0.8841090947389603","11.129561640169412","0.3594129010321921","0.2779016024000676","0.0","0.0","0.0","0.0","0.0","0.0","0.0","0.4910714285714285","0.0053571428571428","1.0","0.0","0.0466783638277341","0.1165005366007487","17"
"narrow_gate","4","14483","rvo_reactive","0","0","0","0","0.8370852844035978","16.8","140","1.4094371795654297","0.8668573051691055","11.476793445763178","0.4772629840997979","0.4847579389877085","0.0","0.0","0.0","0.0","0.0","0.0","0.0","0.5553571428571429","0.0035714285714285","1.0","0.0","0.4381999442023143","0.1118302345275878","18"
"narrow_gate","4","14500","rvo_reactive","0","0","0","0","0.7761035561561584","16.8","140","0.3536042869091034","0.9666248448193072","11.46300050761056","0.2841120892096244","0.2033987192270745","0.0","0.0","0.0","0.0","0.0","0.0","0.0","0.4214285714285714","0.0","0.0","0.0","0.0","0.0","19"
"narrow_gate","4","14517","rvo_reactive","1","0","0","0","0.7086277604103088","14.52","121","0.1554891467094421","0.9852093728259206","11.148472622677218","0.3357216090672026","0.2466211410331701","0.0","0.0","0.0","0.0","0.0","0.0","0.0","0.4070247933884297","0.0","0.0","0.0","0.0","0.0","20"
"narrow_gate","4","14534","rvo_reactive","0","0","0","0","0.8126296401023865","16.8","140","0.7744834423065186","0.9271104261279106","11.320665156815268","0.3762443778778626","0.2586940111043597","0.0","0.0","0.0","0.0","0.0","0.0","0.0","0.4125","0.0","0.0","0.0","0.0","0.0","21"
"narrow_gate","4","14551","rvo_reactive","1","0","0","0","0.7783243060112","15.0","125","0.1402289569377899","0.9866391541436316","11.261860928294482","0.3371229007765651","0.251063022442162","0.0","0.0","0.0","0.0","0.0","0.0","0.0","0.41","0.0","0.0","0.0","0.0","0.0","22"
"narrow_gate","4","14568","rvo_reactive","0","0","0","0","0.8343820571899414","16.8","140","0.4729991853237152","0.9550756700336932","11.290800438328006","0.4039990762747558","0.3216429959184357","0.0","0.0","0.0","0.0","0.0","0.0","0.0","0.4642857142857143","0.0017857142857142","1.0","0.0","0.0510433244705199","0.1213159561157226","23"
"narrow_gate","4","14585","rvo_reactive","1","0","0","0","0.7693604826927185","15.84","132","0.0992790162563324","0.9906485248357058","11.417793170294315","0.3464992806636446","0.2766385752439612","0.0","0.0","0.0","0.0","0.0","0.0","0.0","0.3787878787878788","0.0","0.0","0.0","0.0","0.0","24"
"narrow_gate","4","14602","rvo_reactive","0","0","0","0","0.8328284621238708","16.8","140","1.043326735496521","0.9011564552783966","11.233859047597434","0.3651183493726421","0.2734813914534503","0.0","0.0","0.0","0.0","0.0","0.0","0.0","0.4696428571428571","0.0053571428571428","1.0","0.0","0.0584278382531327","0.0904237429300944","25"
"narrow_gate","4","14619","rvo_reactive","0","0","0","0","0.8244555490805975","16.8","140","0.765695333480835","0.9274507761001588","11.415564015525888","0.4087016982288333","0.3087754911942673","0.0","0.0","0.0","0.0","0.0","0.0","0.0","0.4660714285714286","0.0035714285714285","1.0","0.0","0.0588507896605341","-0.0219187021255493","26"
"narrow_gate","4","14636","rvo_reactive","0","0","0","0","0.8316660362388183","16.8","140","0.1880093216896057","0.9821852389723064","11.568892462633812","0.4028676379605063","0.3108375286151256","0.0","0.0","0.0","0.0","0.0","0.0","0.0","0.4607142857142857","0.0","0.0","0.0","0.0","0.0","27"
"narrow_gate","4","14653","rvo_reactive","0","0","0","0","0.8399694174702561","16.8","140","1.732280969619751","0.8365684747695923","10.596844167799643","0.4133179311274684","0.3760650088112535","0.0","0.0","0.0","0.0","0.0","0.0","0.0","0.5410714285714285","0.0053571428571428","1.0","0.0","0.3103894559427504","0.1050594647725423","28"
"narrow_gate","4","14670","rvo_reactive","1","0","0","0","0.8090015649795532","16.2","135","0.1300209462642669","0.9876503497362136","11.226345046386996","0.2979843258547286","0.2131346943822724","0.0","0.0","0.0","0.0","0.0","0.0","0.0","0.4185185185185185","0.0018518518518518","1.0","0.0","0.1003737043637431","0.2152981758117675","29"
"narrow_gate","8","18177","constant_velocity_mpc","0","0","0","0","0.7877854108810425","16.8","140","5.0661702156066895","0.5122746527194977","12.907336195974494","1.8840497468964064","0.7726195235603622","0.0","0.0344642857142857","0.0071428571428571","0.4837678114302337","0.5517454022700465","0.552126895465938","0.5517454033876337","0.0","0.0026785714285714","1.0","0.0","1.129094780286153","-0.249349053700765","0"
"narrow_gate","8","18194","constant_velocity_mpc","0","0","0","0","0.8287328481674194","16.8","140","5.082669734954834","0.5116561055183411","12.41397088309168","2.019199491318848","0.939206880277821","0.0","0.0276785714285714","0.0","0.5010560993604319","0.5608675089109273","0.5608675119975964","0.5608675104010434","0.0","0.0017857142857142","1.0","0.0","0.9433071422576904","-0.158446455001831","1"
"narrow_gate","8","18211","constant_velocity_mpc","0","0","0","0","0.7901715636253357","16.8","140","6.219259262084961","0.4067721962928772","12.544346165261231","2.044502705335617","0.8468662024342588","0.0","0.0360714285714285","0.00625","0.4714401775661613","0.5319082380593104","0.5319082416249454","0.53190823875115","0.0","0.0017857142857142","1.0","0.0","0.9195897388458252","0.0137735843658447","2"
"narrow_gate","8","18228","constant_velocity_mpc","0","0","0","0","0.8288553953170776","16.8","140","5.8986406326293945","0.4341054558753967","12.149632251341243","2.0152978705566578","0.980246444671814","0.0","0.0244642857142857","0.0","0.4827887793686599","0.5443446937296054","0.544415225981287","0.5443446949536294","0.0","0.0035714285714285","1.0","0.0","0.986306767463684","-0.2279657363891601","3"
"narrow_gate","8","18245","constant_velocity_mpc","0","0","0","0","0.8742460608482361","16.8","140","5.012142658233643","0.517355889081955","12.67614521124051","2.0614485323163017","0.8633895666604595","0.0","0.02875","0.0017857142857142","0.4841113051917791","0.5438879608156358","0.5438879640619603","0.5438879625718441","0.0","0.0017857142857142","1.0","0.0","1.0580996084213257","-0.242951488494873","4"
"narrow_gate","8","18262","constant_velocity_mpc","0","0","0","0","0.7437995076179504","16.8","140","5.288217067718506","0.4923490881919861","12.67112727375934","1.9923214386350343","0.8173046963023288","0.0","0.0341071428571428","0.0044642857142857","0.4902607563335473","0.5533040675258951","0.5533040711181394","0.553304068244344","0.0","0.0017857142857142","1.0","0.0","1.168010275363922","-0.1032551765441894","5"
"narrow_gate","8","18279","constant_velocity_mpc","0","0","0","0","0.8055940270423889","16.8","140","5.125905990600586","0.5044960379600525","12.69853421082371","2.072299338637718","0.859486871106284","0.0","0.0330357142857142","0.0017857142857142","0.4970068260170799","0.5582060033443631","0.5582060061117217","0.5582060049409161","0.0","0.0017857142857142","1.0","0.0","1.0466082501411438","-0.1892152070999145","6"
"narrow_gate","8","18296","constant_velocity_mpc","0","0","0","0","0.7645919322967529","16.8","140","5.966114044189453","0.43198162317276","12.357899016213196","1.9328970760639224","0.8872026992163488","0.0","0.0435714285714285","0.0080357142857142","0.4815653526234414","0.5466767538219423","0.5466767593034408","0.5466767546734372","0.0","0.0044642857142857","1.0","0.0","0.9936790037155152","-0.22622980941087","7"
"narrow_gate","8","18313","constant_velocity_mpc","0","0","0","0","0.7450884580612183","16.8","140","6.163613319396973","0.4067405462265014","11.72835320268132","1.7743239882402122","0.7920781352690288","0.0","0.0283928571428571","0.0053571428571428","0.4569495611241883","0.5150112923158856","0.5150112958815206","0.5150112936995649","0.0","0.0026785714285714","1.0","0.0","1.0563037999471028","-0.0929348031679789","8"
"narrow_gate","8","18330","constant_velocity_mpc","0","0","0","0","0.7806652784347534","16.8","140","5.179528713226318","0.5043515264987946","12.458246512745973","1.9053335716803437","0.7742484459038158","0.0","0.0271428571428571","0.0","0.4765605161968955","0.5371328605791811","0.5371328657945875","0.5371328618032051","0.0","0.0017857142857142","1.0","0.0","1.1440082001686096","-0.2832316398620605","9"
"narrow_gate","8","18347","constant_velocity_mpc","0","0","0","0","0.7698371410369873","16.8","140","4.943650245666504","0.5252081155776978","13.029383508430328","1.947912013559004","0.7847759575716087","0.0","0.0394642857142857","0.0035714285714285","0.493557167162038","0.5609071330016359","0.5609071384831344","0.560907134864281","0.0","0.0035714285714285","1.0","0.0","1.0637202072143557","-0.1956577524542808","10"
"narrow_gate","8","18364","constant_velocity_mpc","0","0","0","0","0.825294017791748","16.8","140","5.121631145477295","0.5098318457603455","13.504226927936545","2.055884757425104","0.8082326183361667","0.0","0.0373214285714285","0.0035714285714285","0.505337310026716","0.5684450299690085","0.5684450341732646","0.5684450316719983","0.0","0.0026785714285714","1.0","0.0","0.9695708560943604","-0.3516154289245605","11"
"narrow_gate","8","18381","constant_velocity_mpc","0","0","0","0","0.6397626399993896","16.8","140","5.703544616699219","0.4523876905441284","12.424678284616675","2.2497867339423725","0.9681804893272264","0.0","0.0517857142857142","0.0053571428571428","0.4797382125709558","0.5486714892024135","0.5486714931937959","0.5486714897878162","0.0","0.0026785714285714","1.0","0.0","1.0819764693113412","-0.1843076070149739","12"
"narrow_gate","8","18398","constant_velocity_mpc","0","0","0","0","0.72161865234375","16.8","140","4.820462226867676","0.5369263589382172","12.526338094903622","1.9716541443020104","0.8750157323798963","0.0","0.0294642857142857","0.0","0.491185540890054","0.5494184790192025","0.5494184826380559","0.5494184805093186","0.0","0.0017857142857142","1.0","0.0","1.160577516555786","-0.3867335319519043","13"
"narrow_gate","8","18415","constant_velocity_mpc","0","0","0","0","0.8625235557556152","16.8","140","5.396458148956299","0.4806609153747558","12.562959761806267","2.0811217066565795","0.934628507441708","0.0","0.0246428571428571","0.0","0.4756485631403102","0.53291888589969","0.5329188889863592","0.5329188865383112","0.0","0.0026785714285714","1.0","0.0","0.9148645210266112","-0.132585604985555","14"
"narrow_gate","8","18432","constant_velocity_mpc","0","0","0","0","0.7938854098320007","16.8","140","5.214001655578613","0.4980169534683227","12.40503989852732","1.95800761657634","0.855051375074046","0.0","0.0258928571428571","0.0053571428571428","0.4834278076440272","0.5414665880444379","0.5414665917963375","0.5414665892684619","0.0","0.0026785714285714","1.0","0.0","1.0070998080571492","-0.1730281511942545","15"
"narrow_gate","8","18449","constant_velocity_mpc","0","0","0","0","0.7072234749794006","16.8","140","5.186068058013916","0.4975296258926391","12.761538363003638","2.1229212351542497","0.8743058225406067","0.0","0.0321428571428571","0.0","0.4745928231209212","0.5400725107760834","0.5401591038718289","0.5400725116807968","0.0","0.0017857142857142","1.0","0.0","0.828172664642334","-0.1039858818054199","16"
"narrow_gate","8","18466","constant_velocity_mpc","0","0","0","0","0.8188406229019165","16.8","140","6.357207298278809","0.3872963786125183","11.102234982608934","2.158247957491715","0.8780553121651922","0.0","0.0373214285714285","0.0008928571428571","0.4544882323314399","0.5107014187695408","0.5107014213240255","0.5107014194613804","0.0","0.0026785714285714","1.0","0.0","0.9995785760879516","-0.1631367524464925","17"
"narrow_gate","8","18483","constant_velocity_mpc","0","0","0","0","0.8141787052154541","16.8","140","5.08525276184082","0.5091904103755951","12.746338462398851","1.930662393142952","0.763085644984884","0.0","0.0396428571428571","0.0053571428571428","0.4676114723383057","0.5305132468745744","0.5305303815069574","0.5305132470342296","0.0","0.0026785714285714","1.0","0.0","1.0618123817443847","-0.1673378626505533","18"
"narrow_gate","8","18500","constant_velocity_mpc","0","0","0","0","0.709890604019165","16.8","140","5.330513000488281","0.486821174621582","12.668082469928777","2.0523598864624675","0.9521269587799908","0.0","0.0314285714285714","0.0017857142857142","0.4801278762278623","0.5406634217195649","0.5406634250191077","0.5406634231032441","0.0","0.0017857142857142","1.0","0.0","0.999938349723816","-0.2041979312896728","19"
"narrow_gate","8","18517","constant_velocity_mpc","0","0","0","0","0.7810235023498535","16.8","140","5.111738204956055","0.510388046503067","12.718311684206128","2.06342620455793","0.8033765976982458","0.0","0.0325","0.0","0.4944070647212542","0.553629133174457","0.5536291367400921","0.5536291341323889","0.0","0.0017857142857142","1.0","0.0","1.1517803478240969","-0.1659108161926269","20"
"narrow_gate","8","18534","constant_velocity_mpc","0","0","0","0","0.6312898993492126","16.8","140","5.4718194007873535","0.4762313961982727","12.806664611038286","2.124602600666029","0.8815573814191988","0.0","0.0371428571428571","0.0017857142857142","0.501121922197506","0.5668267005844883","0.5669169238159741","0.5668267015956384","0.0","0.0035714285714285","1.0","0.0","0.9731338727474212","-0.0062382698059082","21"
"narrow_gate","8","18551","constant_velocity_mpc","0","0","0","0","0.7472987771034241","16.8","140","5.359873294830322","0.4846922159194946","12.87201760028256","1.9287082710702503","0.8204385872930289","0.0","0.0269642857142857","0.0017857142857142","0.5039238292506381","0.5674489756516593","0.5677395581403494","0.5674489759177515","0.0","0.0026785714285714","1.0","0.0","0.9379002459843954","-0.2581347465515136","22"
"narrow_gate","8","18568","constant_velocity_mpc","0","0","0","0","0.8303705453872681","16.8","140","5.1217241287231445","0.509489893913269","12.7322364874708","1.9099728115801036","0.8139120074521218","0.0","0.02625","0.0053571428571428","0.5063783534155881","0.5718392783793826","0.5719403400236813","0.5718392790180038","0.0","0.0026785714285714","1.0","0.0","0.9861747630437216","0.0054677645365397","23"
"narrow_gate","8","18585","constant_velocity_mpc","0","0","0","0","0.7337191700935364","16.8","140","5.887585639953613","0.4335923194885254","10.722579506778857","2.155903302851532","1.1006272479359591","0.0","0.0205357142857142","0.0017857142857142","0.4753126938135918","0.5376946948751948","0.5378011355436606","0.5376946951945054","0.0","0.0035714285714285","1.0","0.0","1.0426478448673548","-0.1157815933227539","24"
"narrow_gate","8","18602","constant_velocity_mpc","0","0","0","0","0.8694482445716858","16.8","140","4.85565185546875","0.5331482291221619","13.050453054478568","1.9901472149682895","0.8757481626101903","0.0","0.0407142857142857","0.0035714285714285","0.4794534606586743","0.5494599037174439","0.5494599082144015","0.5494599056333075","0.0","0.0017857142857142","1.0","0.0","1.0194052863121033","-0.3174615383148193","25"
"narrow_gate","8","18619","constant_velocity_mpc","0","0","0","0","0.8720487952232361","16.8","140","5.29726505279541","0.4912140369415283","12.624492883187486","2.155410639742123","0.8067302885332278","0.0","0.0296428571428571","0.0035714285714285","0.4822856192737528","0.5456638676385006","0.5456638707251696","0.5456638699801116","0.0","0.0026785714285714","1.0","0.0","1.0147966353098552","-0.1270895322163899","26"
"narrow_gate","8","18636","constant_velocity_mpc","0","0","0","0","0.802946150302887","16.8","140","5.261590003967285","0.491000235080719","12.628508182649966","1.9937750606531544","0.827959222559418","0.0","0.0298214285714285","0.0053571428571428","0.4750468703676485","0.5369000338277028","0.5369000385641433","0.5369000345727608","0.0","0.0026785714285714","1.0","0.0","0.9748593378067016","-0.2618651072184244","27"
"narrow_gate","8","18653","constant_velocity_mpc","0","0","0","0","0.8344787359237671","16.8","140","5.182394504547119","0.5008620917797089","13.06302872498054","2.1740473276669428","0.9683202171964304","0.0","0.0342857142857142","0.0071428571428571","0.4941523282239381","0.5562614948998625","0.5575403251396779","0.5562614955917021","0.0","0.0035714285714285","1.0","0.0","0.8876556265354156","-0.2072582602500915","28"
"narrow_gate","8","18670","constant_velocity_mpc","0","0","0","0","0.850125253200531","16.8","140","5.642951011657715","0.4596461653709411","13.214773479208816","2.1249316421736566","0.8852395373795714","0.0","0.0364285714285714","0.0","0.4863266661976788","0.550498537781238","0.5505656337719299","0.5504985384198593","0.0","0.0035714285714285","1.0","0.0","1.0082204747200012","-0.1867265582084655","29"
"narrow_gate","8","18177","icgp_rvo_mpc","0","0","0","0","0.6401856541633606","16.8","140","2.425563335418701","0.7664885520935059","10.265764224932354","0.9940090053847858","0.8966182718319552","0.7750341071576778","0.5208928571428572","0.2223214285714285","-0.0638726762748741","0.1114741256672186","0.119803700594945","0.4317623565705141","0.7830357142857143","0.0116071428571428","1.0","0.0","0.2880688018065232","0.1471482354861039","0"
"narrow_gate","8","18194","icgp_rvo_mpc","0","0","0","0","0.6191797852516174","16.8","140","2.737506866455078","0.7369798123836517","9.510630631427375","0.8977425963218723","0.8259241438071643","0.5114342857593458","0.5155357142857143","0.2196428571428571","-0.0275427526299076","0.1419041939607034","0.1577345612701551","0.3994589820024021","0.8205357142857143","0.0089285714285714","1.0","0.0","0.0624842091975709","0.1589321613311767","1"
"narrow_gate","8","18211","icgp_rvo_mpc","0","0","0","0","0.6295400261878967","16.8","140","1.7437987327575684","0.8336667120456696","10.865577802000187","1.1114384670874902","1.030517142372472","0.8056925893275287","0.4482142857142857","0.2339285714285714","-0.0244131027399804","0.1320557327730692","0.1561376476298161","0.439919572285208","0.7410714285714286","0.0044642857142857","1.0","0.0","0.2419778966903686","0.1285115182399749","2"
"narrow_gate","8","18228","icgp_rvo_mpc","0","0","0","0","0.6487419009208679","16.8","140","2.6009953022003174","0.7504697889089584","10.959356030021809","0.994802392593452","0.8023592193744012","0.5887507142428409","0.5451785714285714","0.2830357142857143","-0.0990359337135346","0.0741715930632713","0.0790571451457333","0.4381368981250147","0.78125","0.0080357142857142","1.0","0.0","0.1147820699566458","0.1701030201382107","3"
"narrow_gate","8","18245","icgp_rvo_mpc","0","0","0","0","0.6255404353141785","16.8","140","2.208334445953369","0.7873485088348389","10.846512165982858","1.069901482015848","0.9383567318320274","0.5190496428570311","0.5526785714285715","0.3044642857142857","-0.1045723392388526","0.0669619553745411","0.0781025562383684","0.3812182076868961","0.7848214285714286","0.0080357142857142","1.0","0.0","0.3642391901584405","0.071524403989315","4"
"narrow_gate","8","18262","icgp_rvo_mpc","0","0","0","0","0.7208003401756287","16.8","140","3.476361036300659","0.6662811040878296","10.073394610575631","1.0935653152210372","0.9458290516797986","0.695606428598694","0.5844642857142858","0.3455357142857143","-0.1394011653960795","0.0325671204309597","0.0405672604294243","0.381906324482632","0.7928571428571428","0.0089285714285714","1.0","0.0","0.2154678297042846","0.0980933332443237","5"
"narrow_gate","8","18279","icgp_rvo_mpc","0","0","0","0","0.541434645652771","16.8","140","2.7802493572235107","0.7312427163124084","10.021263278917104","1.0097123506878103","0.9350855311112743","0.7603088394586978","0.5794642857142858","0.3392857142857143","-0.0969610460810926","0.0772758267540783","0.0806019645118054","0.3946807980507251","0.8044642857142857","0.0044642857142857","1.0","0.0","0.0489265418790102","0.1303445816040039","6"
"narrow_gate","8","18296","icgp_rvo_mpc","0","0","0","0","0.7677881717681885","16.8","140","3.2136247158050537","0.6940390467643738","10.022636502972093","0.8885060303445373","0.7958938240472759","0.4965440178693825","0.5939285714285715","0.2892857142857143","-0.1228373176293146","0.0546398084951737","0.0599462583450852","0.4281151372724228","0.7473214285714286","0.0107142857142857","1.0","0.0","0.2074649441242217","0.1530405730009079","7"
"narrow_gate","8","18313","icgp_rvo_mpc","0","0","0","0","0.6203245520591736","16.8","140","2.975438117980957","0.71360844373703","9.492996329609014","0.9219491316803864","0.8051767140360815","0.5206137499564127","0.5885714285714285","0.2830357142857143","-0.1092117429903413","0.0703411742129687","0.0811031070158209","0.4110322546718555","0.8178571428571428","0.0071428571428571","1.0","0.0","0.0495099092433977","0.167380690574646","8"
"narrow_gate","8","18330","icgp_rvo_mpc","0","0","0","0","0.6089868545532227","16.8","140","4.862687587738037","0.5346712470054626","8.382785291814798","0.952546596207789","0.8160228811204433","0.5264129466273256","0.62375","0.35625","-0.1531157070146101","0.0308105234801331","0.0323558891313114","0.3508379084148553","0.8294642857142858","0.0107142857142857","1.0","0.0","0.1621366562426903","0.1265490055084228","9"
"narrow_gate","8","18347","icgp_rvo_mpc","0","0","0","0","0.7152623534202576","16.8","140","3.206727981567383","0.6920234262943268","9.002360672664508","0.7650138621484595","0.6248061585639204","0.7865405356304629","0.6235714285714286","0.2705357142857142","-0.1575019827053481","0.0458980666830589","0.0466010130164331","0.4801835196109401","0.71875","0.0080357142857142","1.0","0.0","0.0506013891432019","0.1528174612257215","10"
"narrow_gate","8","18364","icgp_rvo_mpc","0","0","0","0","0.7536239624023438","16.8","140","6.34034538269043","0.3931941986083984","6.075662247942091","0.8445036469825676","0.952361986041069","0.5171274999806234","0.6373214285714286","0.3","-0.1735358579321068","0.0219300661026082","0.0236884038670013","0.1566246983129843","0.9142857142857144","0.0169642857142857","1.0","0.0","0.0800133028276985","0.1159570593582956","11"
"narrow_gate","8","18381","icgp_rvo_mpc","0","0","0","0","0.7431570887565613","16.8","140","3.2900424003601074","0.6841143667697906","9.73046586373357","0.8265888073614666","0.7319109153002501","0.6552862500614408","0.5930357142857143","0.2946428571428571","-0.1051433524157346","0.0634981221049199","0.0663393116370012","0.4347678627738427","0.8008928571428572","0.0098214285714285","1.0","0.0","0.1845387770221457","0.1171469428322531","12"
"narrow_gate","8","18398","icgp_rvo_mpc","0","0","0","0","0.6134073138237","16.8","140","3.1690030097961426","0.6955724060535431","10.133397512314332","1.0303980054599895","0.9653281530099256","0.7421670535157838","0.5930357142857143","0.3267857142857143","-0.1426632445329475","0.0286246732797541","0.0383035828483781","0.3164434057927286","0.8535714285714285","0.0080357142857142","1.0","0.0","0.1374065435397821","0.1213019106123182","13"
"narrow_gate","8","18415","icgp_rvo_mpc","0","0","0","0","0.6152037978172302","16.8","140","3.878032684326172","0.6267896890640259","8.299840147465147","0.7122811853619558","0.6451276199892163","0.7573782143091583","0.56375","0.2080357142857143","-0.0647029254264672","0.1174371750863284","0.1266113971748201","0.485564552575515","0.8008928571428572","0.0116071428571428","1.0","0.0","0.1517093281570762","0.1419622534106915","14"
"narrow_gate","8","18432","icgp_rvo_mpc","0","0","0","0","0.6321480870246887","16.8","140","3.2712621688842773","0.6850560903549194","9.01521813979707","1.036474046616682","0.988442958678518","0.7729228571406566","0.5417857142857143","0.2633928571428571","-0.0919473601239581","0.087241809034832","0.0927041918275482","0.3952347743968004","0.7705357142857143","0.0125","1.0","0.0","0.1490851187651067","0.1377359814941883","15"
"narrow_gate","8","18449","icgp_rvo_mpc","0","0","0","0","0.6527002453804016","16.8","140","2.8979713916778564","0.7192198932170868","9.168972818312795","0.8531949821327414","0.8035767081592764","0.7836015177352758","0.5955357142857143","0.3008928571428571","-0.0966338230230092","0.0851488841651123","0.0927738113029577","0.3780669949333393","0.7955357142857142","0.0089285714285714","1.0","0.0","0.1158062583903546","0.1463170935958623","16"
"narrow_gate","8","18466","icgp_rvo_mpc","0","0","0","0","0.6799484491348267","16.8","140","3.808749437332153","0.6329151391983032","8.417270334804527","0.7276329632133378","0.6571411165674882","0.9597472323938356","0.5591071428571428","0.225","-0.0673751536371871","0.1126299342954303","0.1150253448862113","0.4870491836675237","0.7214285714285714","0.0116071428571428","1.0","0.0","0.150087283640658","0.1235589468636765","17"
"narrow_gate","8","18483","icgp_rvo_mpc","0","0","0","0","0.6082166433334351","16.8","140","2.468787670135498","0.7617218494415283","10.274049051779002","0.8494002353932176","0.728253565302917","0.6449390174956144","0.5757142857142857","0.3214285714285714","-0.1046412914510393","0.0611461597347941","0.0631794861017135","0.5190724333735884","0.78125","0.0080357142857142","1.0","0.0","0.3535710339366162","0.1619289876608592","18"
"narrow_gate","8","18500","icgp_rvo_mpc","0","0","0","0","0.7107819318771362","16.8","140","4.159575462341309","0.5995495915412903","9.053121888225178","1.0759021847375805","1.0502511311854634","1.0364598216386054","0.48625","0.1991071428571428","-0.0842756287079597","0.0739898978645911","0.0803851197779905","0.2974943139768949","0.8678571428571429","0.0142857142857142","1.0","0.0","0.1431730092573518","0.068692871928215","19"
"narrow_gate","8","18517","icgp_rvo_mpc","0","0","0","0","0.6316515803337097","16.8","140","2.621310234069824","0.7489259541034698","9.486355778676623","0.7883466410450637","0.71899162057255","0.9404732143463792","0.5551785714285714","0.2803571428571428","-0.0870828249731262","0.0961098165397811","0.1017033079060674","0.4938233330172443","0.73125","0.0089285714285714","1.0","0.0","0.3204072532510016","0.141245037317276","20"
"narrow_gate","8","18534","icgp_rvo_mpc","0","0","0","0","0.6938883066177368","16.8","140","3.004530668258667","0.7124029994010925","9.90374456587233","0.814398276114038","0.7360223462006875","0.8465045533739612","0.5314285714285715","0.2196428571428571","-0.0982018329391564","0.0819319874060715","0.0889247387465424","0.4470780863994479","0.76875","0.0080357142857142","1.0","0.0","0.0578065186324678","0.1502116521199544","21"
"narrow_gate","8","18551","icgp_rvo_mpc","0","0","0","0","0.7165629863739014","16.8","140","3.77192497253418","0.6373603940010071","9.052274979059804","0.8241664188248771","0.7918800958565303","0.71488857166904","0.5585714285714286","0.2607142857142857","-0.0839968819120184","0.0945838494086697","0.1005063308736645","0.4101423169700141","0.8169642857142857","0.0125","1.0","0.0","0.2433576975273511","0.0741358007703508","22"
"narrow_gate","8","18568","icgp_rvo_mpc","0","0","0","0","0.6716451644897461","16.8","140","3.313360452651977","0.6826778054237366","9.575219074326014","0.838624370949609","0.6757230828915324","0.7588812501256014","0.575","0.2410714285714285","-0.1272918965527331","0.0666638446078328","0.0694990427081995","0.5687265108274722","0.7330357142857142","0.0080357142857142","1.0","0.0","0.0561029773288302","0.144167423248291","23"
"narrow_gate","8","18585","icgp_rvo_mpc","0","0","0","0","0.6337929964065552","16.8","140","1.9455400705337524","0.8128317892551422","10.588526233168524","0.9610677009182316","0.8859745588685785","0.7721824999472509","0.5321428571428571","0.2598214285714286","-0.0531869239545648","0.1207523053778915","0.1443864624514199","0.4405857107448978","0.7910714285714285","0.00625","1.0","0.0","0.0569332048426659","0.155407224382673","24"
"narrow_gate","8","18602","icgp_rvo_mpc","0","0","0","0","0.8108733886919928","16.8","140","4.510885238647461","0.5662961900234222","8.991100178725901","0.9287230094628676","0.8355012828218086","0.9472186609595415","0.5494642857142857","0.2258928571428571","-0.0928363439893617","0.0874722758931522","0.0945429865162095","0.3932578266819724","0.8410714285714286","0.0107142857142857","1.0","0.0","0.0960986371002158","0.1245078285535176","25"
"narrow_gate","8","18619","icgp_rvo_mpc","0","0","0","0","0.6213533282279968","16.8","140","2.503610610961914","0.759535938501358","9.862188563974996","0.898743914280619","0.8262591565027833","0.7210266072563952","0.5407142857142857","0.25","-0.0743209014284735","0.110268375382466","0.1134725335005353","0.4513021736275104","0.7857142857142857","0.0089285714285714","1.0","0.0","0.1452333773033423","0.1500225305557251","26"
"narrow_gate","8","18636","icgp_rvo_mpc","0","0","0","0","0.616255521774292","16.8","140","4.003587245941162","0.6126978695392609","9.67257366661579","1.021122097330434","0.9463519259222916","1.0529713391406403","0.59375","0.2580357142857143","-0.1440524889330104","0.0578491944470647","0.0626895573026971","0.3246557469844942","0.8580357142857142","0.0089285714285714","1.0","0.0","0.33567263440218","0.0985456705093383","27"
"narrow_gate","8","18653","icgp_rvo_mpc","0","0","0","0","0.6416948437690735","16.8","140","2.933103084564209","0.7175006568431854","9.384668154238398","0.866609793475696","0.8149251400892223","0.9398980358907596","0.5642857142857143","0.2705357142857142","-0.1098594141347163","0.0714587190126411","0.076444061870293","0.4329752224072226","0.775","0.0071428571428571","1.0","0.0","0.1462038362836648","0.1256106853485107","28"
"narrow_gate","8","18670","icgp_rvo_mpc","0","0","0","0","0.6109907627105713","16.8","140","3.793025493621826","0.6367900669574738","8.997745487699035","1.008118061481842","0.9089505503752402","0.7943761606838962","0.5526785714285715","0.2758928571428571","-0.097965428378778","0.076249254412315","0.0792548052471857","0.3750466977874405","0.8017857142857143","0.0071428571428571","1.0","0.0","0.0683840301302863","0.0923807024955749","29"
"narrow_gate","8","18177","passive_rvo_mpc","0","0","0","0","0.7614993453025818","16.8","140","3.146254539489746","0.6971068680286407","8.862771352098207","0.7491702156673584","0.6817346213385462","0.6410508034670264","0.5848214285714286","0.3017857142857142","-0.069345950734604","0.0830901423600659","0.101352867319674","0.4602704278046141","0.7366071428571429","0.0107142857142857","1.0","0.0","0.3115922856330871","0.1793539176384607","0"
"narrow_gate","8","18194","passive_rvo_mpc","0","0","0","0","0.7798824310302734","16.8","140","2.533400535583496","0.7565903812646866","10.08320378357348","0.8055237120283502","0.7516969699944769","0.440223392797634","0.5003571428571428","0.2535714285714285","-0.0341420311297906","0.0998098183895285","0.1311534809207766","0.4108378536515116","0.8044642857142857","0.0116071428571428","1.0","0.0","0.3160042241903451","0.1314488691385262","1"
"narrow_gate","8","18211","passive_rvo_mpc","0","0","0","0","0.6612882018089294","16.8","140","3.719906806945801","0.6451744437217712","9.647727412231234","0.995454347559384","0.8693967522255012","0.6307558036041883","0.5896428571428571","0.3241071428571428","-0.1215888358859409","0.0307660573116735","0.0395293285842325","0.3479100520299744","0.8526785714285714","0.0116071428571428","1.0","0.0","0.1413020408402795","0.0989950583531306","2"
"narrow_gate","8","18228","passive_rvo_mpc","0","0","0","0","0.6213890314102173","16.8","140","2.843794107437134","0.7271765470504761","9.692527472835993","0.8191336450832231","0.6894543176250798","0.638132499943822","0.5725","0.26875","-0.085922414049055","0.0579481260420727","0.0635262755750438","0.4237272982991426","0.8339285714285715","0.0116071428571428","1.0","0.0","0.2391660597912072","0.1438702676695986","3"
"narrow_gate","8","18245","passive_rvo_mpc","0","0","0","0","0.6783171892166138","16.8","140","2.742363929748535","0.7359241545200348","9.495988488813964","0.8406672739024673","0.7813246726989747","0.4043022321444108","0.6041071428571428","0.3214285714285714","-0.0935718087587516","0.0536656349026","0.0677929954476988","0.4168381457162483","0.7678571428571429","0.0107142857142857","1.0","0.0","0.1681551814226902","0.1652325948079427","4"
"narrow_gate","8","18262","passive_rvo_mpc","0","0","0","0","0.7456197142601013","16.8","140","5.985171318054199","0.4254438281059265","6.451949039155807","0.7649317289037364","0.8018002286553383","0.5481336606278221","0.6251785714285715","0.3053571428571429","-0.1369053582691116","0.0264335593602657","0.0281561693658345","0.2155590262998178","0.8803571428571428","0.0160714285714285","1.0","0.0","0.0787717914947146","0.1210571659935845","5"
"narrow_gate","8","18279","passive_rvo_mpc","0","0","0","0","0.604831874370575","16.8","140","2.249811172485352","0.7825183719396591","10.277833278002618","0.8901705044720855","0.7439208309033087","0.4802433927384949","0.5376785714285715","0.2901785714285714","-0.0632027414002934","0.0688223812676001","0.0815904536923225","0.4672016083840787","0.7419642857142857","0.0071428571428571","1.0","0.0","0.1499733784971151","0.1489367336034774","6"
"narrow_gate","8","18296","passive_rvo_mpc","0","0","0","0","0.6518241763114929","16.8","140","3.0757882595062256","0.7071621119976044","9.479622271373955","0.8080639480480126","0.6933507379676614","0.4049304465232645","0.5332142857142858","0.2544642857142857","-0.0568070962468753","0.0902588797273948","0.1016330477223323","0.4579644699935573","0.76875","0.0089285714285714","1.0","0.0","0.0522931985466957","0.1693893909454345","7"
"narrow_gate","8","18313","passive_rvo_mpc","0","0","0","0","0.6284047961235046","16.8","140","3.6626839637756343","0.6474597454071045","9.084912488433474","0.8308597807373319","0.7644475535622665","0.4345330356565163","0.5496428571428571","0.3080357142857143","-0.0623856065469632","0.0856248160505325","0.1001237074161076","0.3743482071614411","0.8339285714285715","0.0107142857142857","1.0","0.0","0.1728018850492886","0.1085527608791987","8"
"narrow_gate","8","18330","passive_rvo_mpc","0","0","0","0","0.6180759072303772","16.8","140","4.317598819732666","0.5868328213691711","8.357843728659304","0.8866149910858699","0.8587321030508195","0.4312011605569361","0.6235714285714286","0.3160714285714285","-0.1416452332674423","0.0100795080844839","0.0121109526244652","0.3129672976453295","0.8357142857142857","0.0133928571428571","1.0","0.0","0.0987585089330815","0.1307382265726725","9"
"narrow_gate","8","18347","passive_rvo_mpc","0","0","0","0","0.635189414024353","16.8","140","1.8790881633758545","0.8195309638977051","10.874293319031494","0.7978613355330059","0.6951523883002145","0.6092646429286626","0.5473214285714286","0.3098214285714286","-0.0784713704335915","0.0535062206577758","0.061385306753575","0.4825981316709843","0.775","0.0035714285714285","1.0","0.0","0.0506783652305602","0.1803951263427734","10"
"narrow_gate","8","18364","passive_rvo_mpc","0","0","0","0","0.7339819669723511","16.8","140","2.7167234420776367","0.7399946749210358","9.9438492142599","0.8818872923297542","0.7776438768953085","0.4612994643529028","0.5198214285714285","0.2589285714285714","-0.0629063190430197","0.0770333821580834","0.0873485613309867","0.4703384489925571","0.7857142857142857","0.0098214285714285","1.0","0.0","0.2300928800381968","0.1838111931627447","11"
"narrow_gate","8","18381","passive_rvo_mpc","0","0","0","0","0.6551072597503662","16.8","140","3.756481647491455","0.6393303275108337","9.562693087534171","0.835854135453701","0.6719137531306062","0.4947360715375128","0.5971428571428572","0.3410714285714286","-0.1147236000752948","0.0363437585621848","0.0402683531146958","0.4132079955877014","0.8348214285714286","0.0080357142857142","1.0","0.0","0.055279428834005","0.1499567031860351","12"
"narrow_gate","8","18398","passive_rvo_mpc","0","0","0","0","0.6285044550895691","16.8","140","3.0344629287719727","0.7084968686103821","9.566228782181495","0.8578613292958055","0.7818182896290506","0.5632292856651995","0.55","0.2910714285714286","-0.0646141757659983","0.079304410712138","0.0828862287923543","0.5039220327016305","0.7776785714285714","0.0089285714285714","1.0","0.0","0.2317920660972595","0.1473006501747295","13"
"narrow_gate","8","18415","passive_rvo_mpc","0","0","0","0","0.7274542450904846","16.8","140","3.0166239738464355","0.7096890807151794","9.375486323086989","0.8078068587662918","0.743219223698335","0.5635941070652605","0.5919642857142857","0.2794642857142857","-0.0903477973898689","0.0578597507296582","0.0630210067774222","0.4320077990034425","0.7508928571428571","0.0098214285714285","1.0","0.0","0.1443504988063464","0.1661083427342501","14"
"narrow_gate","8","18432","passive_rvo_mpc","0","0","0","0","0.7514064908027649","16.8","140","2.4122674465179443","0.7677566260099411","10.541857872469336","0.9799138175589698","0.8066344931189503","0.6251184822823623","0.5851785714285714","0.3357142857142857","-0.12307582891509","0.0224976844587282","0.0326143841633893","0.3669093325130695","0.8116071428571429","0.00625","1.0","0.0","0.0571133607804323","0.1673885072980608","15"
"narrow_gate","8","18449","passive_rvo_mpc","0","0","0","0","0.6222512125968933","16.8","140","3.1524763107299805","0.6945613026618958","9.514803146190388","0.7693495627492666","0.7153833347771849","0.6255642858637397","0.6023214285714286","0.2991071428571428","-0.1084937671882951","0.0392868052664972","0.0419602700936012","0.3982434602473708","0.7633928571428571","0.0098214285714285","1.0","0.0","0.1610412309638648","0.1713196635246276","16"
"narrow_gate","8","18466","passive_rvo_mpc","0","0","0","0","0.6960297226905823","16.8","140","4.516393661499023","0.5647128224372864","8.916423320260947","0.9585168878946986","0.8120521022805146","0.658493392672556","0.695","0.3821428571428571","-0.1729925138976201","-0.0261136413035165","-0.024534689825512","0.3754134094310437","0.8026785714285715","0.0133928571428571","1.0","0.0","0.1431910608440764","0.1361471096674601","17"
"narrow_gate","8","18483","passive_rvo_mpc","0","0","0","0","0.6822841763496399","16.8","140","4.126870155334473","0.6016899347305298","8.988464802980161","0.979035309702158","0.8878768933670861","0.6869775893522144","0.6014285714285714","0.3294642857142857","-0.1180129020909793","0.0319020721523083","0.0370480003796328","0.2968205871838705","0.8580357142857142","0.0116071428571428","1.0","0.0","0.1924758378624938","0.0945326364957369","18"
"narrow_gate","8","18500","passive_rvo_mpc","0","0","0","0","0.6182889938354492","16.8","140","3.034195899963379","0.7078920602798462","9.458751784114156","0.8434796899557113","0.7754501247512443","0.8190361606596396","0.5185714285714286","0.2428571428571428","-0.0344264437284453","0.1087617594179981","0.1226243561710225","0.4133746244641486","0.8053571428571429","0.0098214285714285","1.0","0.0","0.2119372373598285","0.1396281544457782","19"
"narrow_gate","8","18517","passive_rvo_mpc","0","0","0","0","0.6498379111289978","16.8","140","2.333496570587158","0.7764932811260223","10.446900080236446","0.8492610422628266","0.7409728871924537","0.8246087499043954","0.56125","0.3410714285714286","-0.0790350922011006","0.0537458529627638","0.0560131107920936","0.5154417691181445","0.7526785714285714","0.0080357142857142","1.0","0.0","0.257261096039149","0.1312251050439145","20"
"narrow_gate","8","18534","passive_rvo_mpc","0","0","0","0","0.6417087912559509","16.8","140","3.715766429901123","0.6443227231502533","9.62802633274805","0.942792451594557","0.7960894421807357","0.6495968753500035","0.6201785714285715","0.3267857142857143","-0.1292159132756596","0.0300793405207583","0.0355085280357092","0.377673184554035","0.8330357142857143","0.0089285714285714","1.0","0.0","0.1260113731925424","0.1562573432922363","21"
"narrow_gate","8","18551","passive_rvo_mpc","0","0","0","0","0.6322725415229797","16.8","140","3.0897459983825684","0.7029463052749634","9.21989268777179","0.7442062578563179","0.6594220277454171","0.5528998214296215","0.5869642857142857","0.3017857142857142","-0.0731856431618533","0.0738515476982942","0.0793959363968598","0.4728889157892392","0.7669642857142858","0.0089285714285714","1.0","0.0","0.1168009473254459","0.1589599407091736","22"
"narrow_gate","8","18568","passive_rvo_mpc","0","0","0","0","0.7876559495925903","16.8","140","3.857632160186768","0.6305526196956635","9.07990219961357","0.8455373654408115","0.6797131310084037","0.5860365179159999","0.6289285714285714","0.3758928571428571","-0.1139671328494449","0.0316843843746688","0.0336885609266757","0.4407556511271682","0.7964285714285714","0.0080357142857142","1.0","0.0","0.0523629580603704","0.1317987283070882","23"
"narrow_gate","8","18585","passive_rvo_mpc","0","0","0","0","0.6967818737030029","16.8","140","2.924598217010498","0.7186427414417267","9.078212775930297","0.8464952585952622","0.7965976322069764","0.5854382142907915","0.5626785714285715","0.2830357142857143","-0.0867709219217777","0.0621746992018077","0.0750744137234167","0.4388598040992911","0.7741071428571429","0.0098214285714285","1.0","0.0","0.2539687659523703","0.1624662252989682","24"
"narrow_gate","8","18602","passive_rvo_mpc","0","0","0","0","0.6279759407043457","16.8","140","3.212890863418579","0.6910932064056396","9.979154144846008","0.9487294158765248","0.8135570605418512","0.6509855358022573","0.5916071428571429","0.3526785714285714","-0.1295527166112357","0.0157077231041743","0.023506401246516","0.3691930449449428","0.8196428571428571","0.0116071428571428","1.0","0.0","0.1481633269591818","0.094785935145158","25"
"narrow_gate","8","18619","passive_rvo_mpc","0","0","0","0","0.6418721079826355","16.8","140","3.540965795516968","0.6599011719226837","9.38326698745368","0.8508380855300597","0.7722651407122612","0.7228105357431299","0.5907142857142857","0.2955357142857143","-0.1109349560610524","0.0470474277829553","0.0540096728535964","0.4093347352181747","0.8071428571428572","0.0089285714285714","1.0","0.0","0.0546619844770676","0.1479815483093261","26"
"narrow_gate","8","18636","passive_rvo_mpc","0","0","0","0","0.6917615532875061","16.8","140","5.286701679229736","0.4885709285736084","7.4258344302458","0.8662743098501648","0.8316050039870398","0.7441691076694822","0.6210714285714286","0.3258928571428571","-0.1324258773581684","0.0358140783942899","0.0564543845548013","0.226051416153809","0.8982142857142857","0.0133928571428571","1.0","0.0","0.1101980440846993","0.1115881729125976","27"
"narrow_gate","8","18653","passive_rvo_mpc","0","0","0","0","0.625456690788269","16.8","140","3.2593650817871094","0.6860770285129547","9.299655158249152","0.7858895778389914","0.708760992065072","0.8435195531741816","0.5064285714285715","0.2428571428571428","-0.0282851415767566","0.1137544107520751","0.1319396695115879","0.4206523480460418","0.8089285714285714","0.0107142857142857","1.0","0.0","0.1208059895077194","0.141031543413798","28"
"narrow_gate","8","18670","passive_rvo_mpc","0","0","0","0","0.768096923828125","16.8","140","4.592657089233398","0.5602194964885712","9.314710648775415","0.975809960173709","0.7807514610567263","0.705770803714196","0.6669642857142857","0.4133928571428571","-0.1425625784755698","0.0037390041119615","0.0085138089464237","0.3317117675596429","0.8035714285714286","0.0071428571428571","1.0","0.0","0.1491381096839904","0.1243978500366211","29"
"narrow_gate","8","18177","rvo_reactive","0","0","0","0","0.7556662559509277","16.8","140","5.134953498840332","0.5056528151035309","8.566973738151319","0.9693207083003862","1.0423312553337645","0.0","0.0","0.0","0.0","0.0","0.0","0.0","0.8651785714285715","0.0080357142857142","1.0","0.0","0.38722304660441","-0.0097643481360541","0"
"narrow_gate","8","18194","rvo_reactive","0","0","0","0","0.8240338563919067","16.8","140","3.6539173126220703","0.6489309072494507","10.275071902171476","0.8911946035921574","0.8742486885615758","0.0","0.0","0.0","0.0","0.0","0.0","0.0","0.8321428571428572","0.0080357142857142","1.0","0.0","0.4352488777372572","0.0286346594492594","1"
"narrow_gate","8","18211","rvo_reactive","0","0","0","0","0.7963454127311707","16.8","140","4.393434047698975","0.5809296667575836","9.368625047194657","0.8500472554138728","0.9446049714727062","0.0","0.0","0.0","0.0","0.0","0.0","0.0","0.8044642857142857","0.0044642857142857","1.0","0.0","0.4356812810897826","-0.0407843112945556","2"
"narrow_gate","8","18228","rvo_reactive","0","0","0","0","0.7536981105804443","16.8","140","3.8869452476501465","0.6271003484725952","9.922270958893932","0.7996132569653648","0.7913993709853717","0.0","0.0","0.0","0.0","0.0","0.0","0.0","0.7660714285714286","0.0035714285714285","1.0","0.0","0.4106419648561008","-0.0191098690032958","3"
"narrow_gate","8","18245","rvo_reactive","0","0","0","0","0.81902676820755","16.8","140","2.7841522693634038","0.731900155544281","10.388698942712836","0.7022321901151112","0.718479318597487","0.0","0.0","0.0","0.0","0.0","0.0","0.0","0.7375","0.0053571428571428","1.0","0.0","0.2429793365796406","0.0907216866811116","4"
"narrow_gate","8","18262","rvo_reactive","0","0","0","0","0.7571449875831604","16.8","140","4.5792317390441895","0.5604092478752136","8.23770445962964","0.7034453128065382","0.7344605139323643","0.0","0.0","0.0","0.0","0.0","0.0","0.0","0.7946428571428571","0.0071428571428571","1.0","0.0","0.3714481988188221","0.1253102198243141","5"
"narrow_gate","8","18279","rvo_reactive","0","0","0","0","0.761748194694519","16.8","140","2.260887384414673","0.7814476788043976","10.24213214374322","0.6017194742070777","0.6388416798519236","0.0","0.0","0.0","0.0","0.0","0.0","0.0","0.7071428571428572","0.0053571428571428","1.0","0.0","0.0568229457228113","0.1162837346394856","6"
"narrow_gate","8","18296","rvo_reactive","0","0","0","0","0.6221808195114136","16.8","140","5.981195449829102","0.4305457472801208","6.049990454714589","0.5205244651463415","0.5791278323025576","0.0","0.0","0.0","0.0","0.0","0.0","0.0","0.775","0.0160714285714285","1.0","0.0","0.0645616050059804","0.1420892079671224","7"
"narrow_gate","8","18313","rvo_reactive","0","0","0","0","0.69500732421875","16.8","140","6.585833549499512","0.3661010861396789","6.326079382080934","0.960796849748918","1.1170561125235898","0.0","0.0","0.0","0.0","0.0","0.0","0.0","0.8669642857142857","0.0169642857142857","1.0","0.0","0.1355981052877153","0.0897533617521587","8"
"narrow_gate","8","18330","rvo_reactive","0","0","0","0","0.6256810426712036","16.8","140","1.4424225091934204","0.8619692027568817","10.755707628450182","0.6153641896588462","0.5842448331947837","0.0","0.0","0.0","0.0","0.0","0.0","0.0","0.6794642857142857","0.0035714285714285","1.0","0.0","0.130930443406105","0.1334742158651352","9"
"narrow_gate","8","18347","rvo_reactive","0","0","0","0","0.612511396408081","16.8","140","2.2962937355041504","0.7794622182846069","9.875407904954043","0.6037861136985677","0.5719644704833626","0.0","0.0","0.0","0.0","0.0","0.0","0.0","0.7321428571428571","0.0053571428571428","1.0","0.0","0.3554862659349346","0.1297008295853932","10"
"narrow_gate","8","18364","rvo_reactive","0","0","0","0","0.8137176435440192","16.8","140","4.927725791931152","0.5283896625041962","7.773182685000393","0.7297655070200563","0.7673096293051328","0.0","0.0","0.0","0.0","0.0","0.0","0.0","0.8098214285714286","0.0107142857142857","1.0","0.0","0.3227536618515566","0.1107779110471407","11"
"narrow_gate","8","18381","rvo_reactive","0","0","0","0","0.7966317534446716","16.8","140","2.6152901649475098","0.7488991022109985","10.859991242250544","0.7098469371774367","0.7362535434642008","0.0","0.0","0.0","0.0","0.0","0.0","0.0","0.75625","0.0035714285714285","1.0","0.0","0.1915480542182921","0.0648188591003418","12"
"narrow_gate","8","18398","rvo_reactive","0","0","0","0","0.6223396062850952","16.8","140","4.79738187789917","0.5391435623168945","7.71480529049586","0.635120610573462","0.6793150282331876","0.0","0.0","0.0","0.0","0.0","0.0","0.0","0.7491071428571429","0.0071428571428571","1.0","0.0","0.0614819001300196","0.0987639427185058","13"
"narrow_gate","8","18415","rvo_reactive","0","0","0","0","0.7940466403961182","16.8","140","3.652656316757202","0.6484792232513428","10.043574490700848","0.7404364453362567","0.7052600155451468","0.0","0.0","0.0","0.0","0.0","0.0","0.0","0.7580357142857143","0.0080357142857142","1.0","0.0","0.3613026111303919","0.0784606337547302","14"
"narrow_gate","8","18432","rvo_reactive","0","0","0","0","0.7813659906387329","16.8","140","4.172545909881592","0.598284125328064","9.363917923405095","0.9247562322765588","0.9882480990673814","0.0","0.0","0.0","0.0","0.0","0.0","0.0","0.8258928571428571","0.00625","1.0","0.0","0.382182490485055","-0.0460039343152727","15"
"narrow_gate","8","18449","rvo_reactive","0","0","0","0","0.7067911028862","16.8","140","3.5336971282958984","0.6576253771781921","9.46948928439815","0.7699704351169723","0.7404888131788798","0.0","0.0","0.0","0.0","0.0","0.0","0.0","0.80625","0.0053571428571428","1.0","0.0","0.4241997402838152","0.0967943370342254","16"
"narrow_gate","8","18466","rvo_reactive","0","0","0","0","0.745249330997467","16.8","140","2.401808500289917","0.7685152143239975","9.994879659654544","0.5875771006835359","0.5820353535137006","0.0","0.0","0.0","0.0","0.0","0.0","0.0","0.7339285714285714","0.0053571428571428","1.0","0.0","0.3621267962455749","0.176925703883171","17"
"narrow_gate","8","18483","rvo_reactive","0","0","0","0","0.6493945717811584","16.8","140","5.941556930541992","0.4265431761741638","6.455767092300448","0.5459584468376956","0.5864522682902004","0.0","0.0","0.0","0.0","0.0","0.0","0.0","0.7785714285714286","0.0151785714285714","1.0","0.0","0.0632707205339069","0.1196620604571174","18"
"narrow_gate","8","18500","rvo_reactive","0","0","0","0","0.7100321054458618","16.8","140","3.873902320861816","0.6270518898963928","9.136762719901526","0.6849069475063256","0.6716919899252909","0.0","0.0","0.0","0.0","0.0","0.0","0.0","0.7946428571428571","0.00625","1.0","0.0","0.2301978400065237","0.0622519629342215","19"
"narrow_gate","8","18517","rvo_reactive","0","0","0","0","0.7683998942375183","16.8","140","2.2116823196411133","0.7881608754396439","10.445823738930812","0.5725578121840954","0.5968734984419175","0.0","0.0","0.0","0.0","0.0","0.0","0.0","0.7321428571428571","0.0044642857142857","1.0","0.0","0.2312351846694945","0.1201897978782653","20"
"narrow_gate","8","18534","rvo_reactive","0","0","0","0","0.6810846924781799","16.8","140","2.907264232635498","0.7217134535312653","9.652289207400829","0.6578949447721243","0.6589116049531315","0.0","0.0","0.0","0.0","0.0","0.0","0.0","0.7294642857142857","0.0053571428571428","1.0","0.0","0.2118000101439748","0.1207763428489367","21"
"narrow_gate","8","18551","rvo_reactive","0","0","0","0","0.7375920414924622","16.8","140","6.613980293273926","0.3641201257705688","5.968044788961379","0.805523133650422","0.9435952933239086","0.0","0.0","0.0","0.0","0.0","0.0","0.0","0.8705357142857143","0.01875","1.0","0.0","0.1341773568958049","0.1164207458496093","22"
"narrow_gate","8","18568","rvo_reactive","0","0","0","0","0.8262366652488708","16.8","140","2.95630145072937","0.7168735265731812","9.618763426773512","0.5922164739774806","0.5924402444756457","0.0","0.0","0.0","0.0","0.0","0.0","0.0","0.7535714285714286","0.0044642857142857","1.0","0.0","0.2703541030571612","0.117143577337265","23"
"narrow_gate","8","18585","rvo_reactive","0","0","0","0","0.7111835479736328","16.8","140","3.1841182708740234","0.6936759650707245","10.546665722205944","0.8737095667847565","0.8891964411096913","0.0","0.0","0.0","0.0","0.0","0.0","0.0","0.7973214285714286","0.00625","1.0","0.0","0.3927112252371652","0.0015575545174734","24"
"narrow_gate","8","18602","rvo_reactive","0","0","0","0","0.7703088521957397","16.8","140","4.255871772766113","0.5908147096633911","8.629340943272837","0.6770426372864417","0.6420831330120563","0.0","0.0","0.0","0.0","0.0","0.0","0.0","0.80625","0.00625","1.0","0.0","0.346266601489044","0.0809082916804722","25"
"narrow_gate","8","18619","rvo_reactive","0","0","0","0","0.6387083530426025","16.8","140","4.555812358856201","0.5624282956123352","8.72456094437075","0.7323529316910675","0.8029038845960583","0.0","0.0","0.0","0.0","0.0","0.0","0.0","0.8098214285714286","0.0089285714285714","1.0","0.0","0.3047143010016676","0.0445738339424133","26"
"narrow_gate","8","18636","rvo_reactive","0","0","0","0","0.7754002809524536","16.8","140","3.978515863418579","0.6151232421398163","9.790959038618894","0.9347464883966106","0.9400221154093742","0.0","0.0","0.0","0.0","0.0","0.0","0.0","0.8321428571428572","0.0071428571428571","1.0","0.0","0.331721017062664","0.0425401747226715","27"
"narrow_gate","8","18653","rvo_reactive","0","0","0","0","0.7417793869972229","16.8","140","2.6274526119232178","0.7469391226768494","9.883316735882543","0.7153999453676598","0.7267821261925357","0.0","0.0","0.0","0.0","0.0","0.0","0.0","0.7892857142857143","0.0053571428571428","1.0","0.0","0.3366903395767774","0.0547673722108205","28"
"narrow_gate","8","18670","rvo_reactive","0","0","0","0","0.840028442144394","16.8","140","3.4461820125579834","0.6700028777122498","10.120620179921389","0.7363354649926935","0.7784632427351815","0.0","0.0","0.0","0.0","0.0","0.0","0.0","0.7669642857142858","0.0053571428571428","1.0","0.0","0.228773918370181","0.1252110799153646","29"
