time_s,robot_i,robot_j,distance_m
0.1,robot1,robot2,1.1996870026673625
0.1,robot1,robot3,4.404562543726335
0.1,robot1,robot4,4.681888080849115
0.1,robot2,robot3,4.512086311377698
0.1,robot2,robot4,4.418110917725131
0.1,robot3,robot4,1.4
0.15000000000000002,robot1,robot2,1.1996870026673625
0.15000000000000002,robot1,robot3,4.404562543726335
0.15000000000000002,robot1,robot4,4.681888080849115
0.15000000000000002,robot2,robot3,4.512086311377698
0.15000000000000002,robot2,robot4,4.418110917725131
0.15000000000000002,robot3,robot4,1.4
0.20000000000000004,robot1,robot2,1.1996870026673625
0.20000000000000004,robot1,robot3,4.404562543726335
0.20000000000000004,robot1,robot4,4.681888080849115
0.20000000000000004,robot2,robot3,4.512086311377698
0.20000000000000004,robot2,robot4,4.418110917725131
0.20000000000000004,robot3,robot4,1.4
0.25000000000000006,robot1,robot2,1.1996875026673615
0.25000000000000006,robot1,robot3,4.404562543726335
0.25000000000000006,robot1,robot4,4.681888080849115
0.25000000000000006,robot2,robot3,4.512086422160291
0.25000000000000006,robot2,robot4,4.418110872425369
0.25000000000000006,robot3,robot4,1.4
0.30000000000000004,robot1,robot2,1.1996880026673602
0.30000000000000004,robot1,robot3,4.404562543726335
0.30000000000000004,robot1,robot4,4.681888080849115
0.30000000000000004,robot2,robot3,4.512086532942936
0.30000000000000004,robot2,robot4,4.418110827125662
0.30000000000000004,robot3,robot4,1.4
0.3500000000000001,robot1,robot2,1.1996880026673602
0.3500000000000001,robot1,robot3,4.404562543726335
0.3500000000000001,robot1,robot4,4.681888080849115
0.3500000000000001,robot2,robot3,4.512086532942936
0.3500000000000001,robot2,robot4,4.418110827125662
0.3500000000000001,robot3,robot4,1.4
0.40000000000000013,robot1,robot2,1.1996880026673602
0.40000000000000013,robot1,robot3,4.404562543726335
0.40000000000000013,robot1,robot4,4.681888080849115
0.40000000000000013,robot2,robot3,4.512086532942936
0.40000000000000013,robot2,robot4,4.418110827125662
0.40000000000000013,robot3,robot4,1.4
0.45000000000000007,robot1,robot2,1.1998500059011543
0.45000000000000007,robot1,robot3,4.404563020510945
0.45000000000000007,robot1,robot4,4.681888379879694
0.45000000000000007,robot2,robot3,4.512084997298532
0.45000000000000007,robot2,robot4,4.418057765901946
0.45000000000000007,robot3,robot4,1.4
0.5000000000000001,robot1,robot2,1.2000120104015628
0.5000000000000001,robot1,robot3,4.404563497295618
0.5000000000000001,robot1,robot4,4.681888678910361
0.5000000000000001,robot2,robot3,4.512083467834455
0.5000000000000001,robot2,robot4,4.4180047103534195
0.5000000000000001,robot3,robot4,1.4
0.5500000000000002,robot1,robot2,1.1999595084612231
0.5500000000000002,robot1,robot3,4.404563497295618
0.5500000000000002,robot1,robot4,4.681888678910361
0.5500000000000002,robot2,robot3,4.512086946696673
0.5500000000000002,robot2,robot4,4.418024899720519
0.5500000000000002,robot3,robot4,1.4
0.6000000000000002,robot1,robot2,1.1999070067209376
0.6000000000000002,robot1,robot3,4.404563497295618
0.6000000000000002,robot1,robot4,4.681888678910361
0.6000000000000002,robot2,robot3,4.512090426220313
0.6000000000000002,robot2,robot4,4.418045089673599
0.6000000000000002,robot3,robot4,1.4
0.6500000000000001,robot1,robot2,1.1998965064589946
0.6500000000000001,robot1,robot3,4.404563474595894
0.6500000000000001,robot1,robot4,4.681888508042908
0.6500000000000001,robot2,robot3,4.512090647929211
0.6500000000000001,robot2,robot4,4.418048484922981
0.6500000000000001,robot3,robot4,1.4
0.7000000000000002,robot1,robot2,1.1998860062022558
0.7000000000000002,robot1,robot3,4.404563451896226
0.7000000000000002,robot1,robot4,4.681888337175503
0.7000000000000002,robot2,robot3,4.512090869661648
0.7000000000000002,robot2,robot4,4.418051880193803
0.7000000000000002,robot3,robot4,1.4
0.7500000000000002,robot1,robot2,1.1998845062022636
0.7500000000000002,robot1,robot3,4.404563451896226
0.7500000000000002,robot1,robot4,4.681888337175503
0.7500000000000002,robot2,robot3,4.512090537247702
0.7500000000000002,robot2,robot4,4.418052016027002
0.7500000000000002,robot3,robot4,1.4
0.8000000000000002,robot1,robot2,1.1998830062022714
0.8000000000000002,robot1,robot3,4.404563451896226
0.8000000000000002,robot1,robot4,4.681888337175503
0.8000000000000002,robot2,robot3,4.51209020483423
0.8000000000000002,robot2,robot4,4.418052151860705
0.8000000000000002,robot3,robot4,1.4
0.8500000000000002,robot1,robot2,1.199882506202274
0.8500000000000002,robot1,robot3,4.404563451896226
0.8500000000000002,robot1,robot4,4.681888337175503
0.8500000000000002,robot2,robot3,4.512090094029845
0.8500000000000002,robot2,robot4,4.418052197138718
0.8500000000000002,robot3,robot4,1.4
0.9000000000000002,robot1,robot2,1.1998820062022766
0.9000000000000002,robot1,robot3,4.404563451896226
0.9000000000000002,robot1,robot4,4.681888337175503
0.9000000000000002,robot2,robot3,4.512089983225512
0.9000000000000002,robot2,robot4,4.418052242416787
0.9000000000000002,robot3,robot4,1.4
0.9500000000000003,robot1,robot2,1.1998820062022764
0.9500000000000003,robot1,robot3,4.404563429196616
0.9500000000000003,robot1,robot4,4.681888166308146
0.9500000000000003,robot2,robot3,4.512090094029845
0.9500000000000003,robot2,robot4,4.418052197138718
0.9500000000000003,robot3,robot4,1.4
1.0000000000000004,robot1,robot2,1.1998820062022764
1.0000000000000004,robot1,robot3,4.404563406497061
1.0000000000000004,robot1,robot4,4.681887995440835
1.0000000000000004,robot2,robot3,4.51209020483423
1.0000000000000004,robot2,robot4,4.418052151860705
1.0000000000000004,robot3,robot4,1.4
1.0500000000000003,robot1,robot2,1.1998820063043698
1.0500000000000003,robot1,robot3,4.404563905981528
1.0500000000000003,robot1,robot4,4.681888465339094
1.0500000000000003,robot2,robot3,4.512089717266408
1.0500000000000003,robot2,robot4,4.418051653915021
1.0500000000000003,robot3,robot4,1.4
1.1000000000000005,robot1,robot2,1.1998820064072966
1.1000000000000005,robot1,robot3,4.404564405465994
1.1000000000000005,robot1,robot4,4.681888935237358
1.1000000000000005,robot2,robot3,4.512089229698588
1.1000000000000005,robot2,robot4,4.418051155969337
1.1000000000000005,robot3,robot4,1.4
1.1500000000000004,robot1,robot2,1.1998820064072968
1.1500000000000004,robot1,robot3,4.404564382766502
1.1500000000000004,robot1,robot4,4.681888764370129
1.1500000000000004,robot2,robot3,4.51208934050305
1.1500000000000004,robot2,robot4,4.41805111069137
1.1500000000000004,robot3,robot4,1.4
1.2000000000000004,robot1,robot2,1.1998820064072968
1.2000000000000004,robot1,robot3,4.404564360067066
1.2000000000000004,robot1,robot4,4.681888593502947
1.2000000000000004,robot2,robot3,4.512089451307564
1.2000000000000004,robot2,robot4,4.418051065413459
1.2000000000000004,robot3,robot4,1.4
1.2500000000000004,robot1,robot2,1.1998820064072968
1.2500000000000004,robot1,robot3,4.404564360067066
1.2500000000000004,robot1,robot4,4.681888593502947
1.2500000000000004,robot2,robot3,4.512089451307564
1.2500000000000004,robot2,robot4,4.418051065413459
1.2500000000000004,robot3,robot4,1.4
1.3000000000000005,robot1,robot2,1.1998820064072968
1.3000000000000005,robot1,robot3,4.404564360067066
1.3000000000000005,robot1,robot4,4.681888593502947
1.3000000000000005,robot2,robot3,4.512089451307564
1.3000000000000005,robot2,robot4,4.418051065413459
1.3000000000000005,robot3,robot4,1.4
1.3500000000000005,robot1,robot2,1.1998820064072968
1.3500000000000005,robot1,robot3,4.404564360067066
1.3500000000000005,robot1,robot4,4.681888593502947
1.3500000000000005,robot2,robot3,4.512089451307564
1.3500000000000005,robot2,robot4,4.418051065413459
1.3500000000000005,robot3,robot4,1.4
1.4000000000000006,robot1,robot2,1.1998820064072968
1.4000000000000006,robot1,robot3,4.404564360067066
1.4000000000000006,robot1,robot4,4.681888593502947
1.4000000000000006,robot2,robot3,4.512089451307564
1.4000000000000006,robot2,robot4,4.418051065413459
1.4000000000000006,robot3,robot4,1.4
1.4500000000000006,robot1,robot2,1.1996965148088494
1.4500000000000006,robot1,robot3,4.404619853942562
1.4500000000000006,robot1,robot4,4.681885182033515
1.4500000000000006,robot2,robot3,4.512089074544352
1.4500000000000006,robot2,robot4,4.418050522189906
1.4500000000000006,robot3,robot4,1.4
1.5000000000000004,robot1,robot2,1.1995110266812892
1.5000000000000004,robot1,robot3,4.404675355903202
1.5000000000000004,robot1,robot4,4.6818817788257965
1.5000000000000004,robot2,robot3,4.512088697781217
1.5000000000000004,robot2,robot4,4.418049978966399
1.5000000000000004,robot3,robot4,1.4
1.5500000000000005,robot1,robot2,1.19957052185824
1.5500000000000005,robot1,robot3,4.4046540771074465
1.5500000000000005,robot1,robot4,4.681879551951251
1.5500000000000005,robot2,robot3,4.512088697781217
1.5500000000000005,robot2,robot4,4.418049978966399
1.5500000000000005,robot3,robot4,1.4
1.6000000000000005,robot1,robot2,1.1996300175158172
1.6000000000000005,robot1,robot3,4.40463279914342
1.6000000000000005,robot1,robot4,4.681877325954835
1.6000000000000005,robot2,robot3,4.512088697781217
1.6000000000000005,robot2,robot4,4.418049978966399
1.6000000000000005,robot3,robot4,1.4
1.6500000000000006,robot1,robot2,1.1996560163396839
1.6500000000000006,robot1,robot3,4.404626985278208
1.6500000000000006,robot1,robot4,4.681879631028653
1.6500000000000006,robot2,robot3,4.512088697781217
1.6500000000000006,robot2,robot4,4.418049978966399
1.6500000000000006,robot3,robot4,1.4
1.7000000000000006,robot1,robot2,1.1996820152044458
1.7000000000000006,robot1,robot3,4.404621171569923
1.7000000000000006,robot1,robot4,4.681881936256189
1.7000000000000006,robot2,robot3,4.512088697781217
1.7000000000000006,robot2,robot4,4.418049978966399
1.7000000000000006,robot3,robot4,1.4
1.7500000000000007,robot1,robot2,1.1996865149665141
1.7500000000000007,robot1,robot3,4.404619854525614
1.7500000000000007,robot1,robot4,4.681881893307567
1.7500000000000007,robot2,robot3,4.512088808585914
1.7500000000000007,robot2,robot4,4.418049933688646
1.7500000000000007,robot3,robot4,1.4
1.8000000000000007,robot1,robot2,1.1996910147304598
1.8000000000000007,robot1,robot3,4.404618537485057
1.8000000000000007,robot1,robot4,4.681881850362843
1.8000000000000007,robot2,robot3,4.5120889193906635
1.8000000000000007,robot2,robot4,4.418049888410949
1.8000000000000007,robot3,robot4,1.4
1.8500000000000008,robot1,robot2,1.1996910147304598
1.8500000000000008,robot1,robot3,4.404618537485057
1.8500000000000008,robot1,robot4,4.681881850362843
1.8500000000000008,robot2,robot3,4.5120889193906635
1.8500000000000008,robot2,robot4,4.418049888410949
1.8500000000000008,robot3,robot4,1.4
1.9000000000000008,robot1,robot2,1.1996910147304598
1.9000000000000008,robot1,robot3,4.404618537485057
1.9000000000000008,robot1,robot4,4.681881850362843
1.9000000000000008,robot2,robot3,4.5120889193906635
1.9000000000000008,robot2,robot4,4.418049888410949
1.9000000000000008,robot3,robot4,1.4
1.9500000000000006,robot1,robot2,1.1996915148875773
1.9500000000000006,robot1,robot3,4.404619036970536
1.9500000000000006,robot1,robot4,4.681882320268554
1.9500000000000006,robot2,robot3,4.512088542627737
1.9500000000000006,robot2,robot4,4.41804934518759
1.9500000000000006,robot3,robot4,1.4
2.0000000000000004,robot1,robot2,1.1996920150455284
2.0000000000000004,robot1,robot3,4.404619536456015
2.0000000000000004,robot1,robot4,4.681882790174269
2.0000000000000004,robot2,robot3,4.512088165864892
2.0000000000000004,robot2,robot4,4.418048801964279
2.0000000000000004,robot3,robot4,1.4
2.0500000000000007,robot1,robot2,1.1996920150455284
2.0500000000000007,robot1,robot3,4.404619536456015
2.0500000000000007,robot1,robot4,4.681882790174269
2.0500000000000007,robot2,robot3,4.512088165864892
2.0500000000000007,robot2,robot4,4.418048801964279
2.0500000000000007,robot3,robot4,1.4
2.100000000000001,robot1,robot2,1.1996920150455284
2.100000000000001,robot1,robot3,4.404619536456015
2.100000000000001,robot1,robot4,4.681882790174269
2.100000000000001,robot2,robot3,4.512088165864892
2.100000000000001,robot2,robot4,4.418048801964279
2.100000000000001,robot3,robot4,1.4
2.150000000000001,robot1,robot2,1.1996920151248194
2.150000000000001,robot1,robot3,4.404620013264311
2.150000000000001,robot1,robot4,4.681883089233273
2.150000000000001,robot2,robot3,4.5120882766698225
2.150000000000001,robot2,robot4,4.418048756686741
2.150000000000001,robot3,robot4,1.4
2.2000000000000006,robot1,robot2,1.1996920152043191
2.2000000000000006,robot1,robot3,4.40462049007267
2.2000000000000006,robot1,robot4,4.681883388292366
2.2000000000000006,robot2,robot3,4.512088387474806
2.2000000000000006,robot2,robot4,4.4180487114092575
2.2000000000000006,robot3,robot4,1.4
2.250000000000001,robot1,robot2,1.1996920152043191
2.250000000000001,robot1,robot3,4.40462049007267
2.250000000000001,robot1,robot4,4.681883388292366
2.250000000000001,robot2,robot3,4.512088387474806
2.250000000000001,robot2,robot4,4.4180487114092575
2.250000000000001,robot3,robot4,1.4
2.3000000000000007,robot1,robot2,1.1996920152043191
2.3000000000000007,robot1,robot3,4.40462049007267
2.3000000000000007,robot1,robot4,4.681883388292366
2.3000000000000007,robot2,robot3,4.512088387474806
2.3000000000000007,robot2,robot4,4.4180487114092575
2.3000000000000007,robot3,robot4,1.4
2.350000000000001,robot1,robot2,1.199692015284027
2.350000000000001,robot1,robot3,4.40462049007267
2.350000000000001,robot1,robot4,4.681883388292366
2.350000000000001,robot2,robot3,4.5120878999071214
2.350000000000001,robot2,robot4,4.418048213463526
2.350000000000001,robot3,robot4,1.4
2.400000000000001,robot1,robot2,1.1996920153639434
2.400000000000001,robot1,robot3,4.40462049007267
2.400000000000001,robot1,robot4,4.681883388292366
2.400000000000001,robot2,robot3,4.512087412339437
2.400000000000001,robot2,robot4,4.418047715517794
2.400000000000001,robot3,robot4,1.4
2.450000000000001,robot1,robot2,1.199692015444068
2.450000000000001,robot1,robot3,4.40462096688109
2.450000000000001,robot1,robot4,4.6818836873515455
2.450000000000001,robot2,robot3,4.512087523144498
2.450000000000001,robot2,robot4,4.418047670240357
2.450000000000001,robot3,robot4,1.4
2.500000000000001,robot1,robot2,1.1996920155244013
2.500000000000001,robot1,robot3,4.404621443689571
2.500000000000001,robot1,robot4,4.681883986410813
2.500000000000001,robot2,robot3,4.512087633949611
2.500000000000001,robot2,robot4,4.418047624962977
2.500000000000001,robot3,robot4,1.4
2.5500000000000007,robot1,robot2,1.1996920155244013
2.5500000000000007,robot1,robot3,4.404621443689571
2.5500000000000007,robot1,robot4,4.681883986410813
2.5500000000000007,robot2,robot3,4.512087633949611
2.5500000000000007,robot2,robot4,4.418047624962977
2.5500000000000007,robot3,robot4,1.4
2.600000000000001,robot1,robot2,1.1996920155244013
2.600000000000001,robot1,robot3,4.404621443689571
2.600000000000001,robot1,robot4,4.681883986410813
2.600000000000001,robot2,robot3,4.512087633949611
2.600000000000001,robot2,robot4,4.418047624962977
2.600000000000001,robot3,robot4,1.4
2.650000000000001,robot1,robot2,1.1996920156049427
2.650000000000001,robot1,robot3,4.404621943175061
2.650000000000001,robot1,robot4,4.681884456316628
2.650000000000001,robot2,robot3,4.512087633949611
2.650000000000001,robot2,robot4,4.418047624962977
2.650000000000001,robot3,robot4,1.4
2.700000000000001,robot1,robot2,1.1996920156856925
2.700000000000001,robot1,robot3,4.404622442660552
2.700000000000001,robot1,robot4,4.681884926222451
2.700000000000001,robot2,robot3,4.512087633949611
2.700000000000001,robot2,robot4,4.418047624962977
2.700000000000001,robot3,robot4,1.4
2.750000000000001,robot1,robot2,1.1996920156856925
2.750000000000001,robot1,robot3,4.404622419983609
2.750000000000001,robot1,robot4,4.681884755376007
2.750000000000001,robot2,robot3,4.512087744754777
2.750000000000001,robot2,robot4,4.418047579685652
2.750000000000001,robot3,robot4,1.4
2.800000000000001,robot1,robot2,1.1996920156856925
2.800000000000001,robot1,robot3,4.404622397306721
2.800000000000001,robot1,robot4,4.681884584529611
2.800000000000001,robot2,robot3,4.5120878555599955
2.800000000000001,robot2,robot4,4.418047534408384
2.800000000000001,robot3,robot4,1.4
2.850000000000001,robot1,robot2,1.1996920157666509
2.850000000000001,robot1,robot3,4.404622397306721
2.850000000000001,robot1,robot4,4.681884584529611
2.850000000000001,robot2,robot3,4.512087367992363
2.850000000000001,robot2,robot4,4.418047036462632
2.850000000000001,robot3,robot4,1.4
2.900000000000001,robot1,robot2,1.1996920158478175
2.900000000000001,robot1,robot3,4.404622397306721
2.900000000000001,robot1,robot4,4.681884584529611
2.900000000000001,robot2,robot3,4.512086880424734
2.900000000000001,robot2,robot4,4.418046538516882
2.900000000000001,robot3,robot4,1.4
2.950000000000001,robot1,robot2,1.1996920159291926
2.950000000000001,robot1,robot3,4.404622896792215
2.950000000000001,robot1,robot4,4.681885054435472
2.950000000000001,robot2,robot3,4.512086880424734
2.950000000000001,robot2,robot4,4.418046538516882
2.950000000000001,robot3,robot4,1.4
3.000000000000001,robot1,robot2,1.199692016010776
3.000000000000001,robot1,robot3,4.404623396277711
3.000000000000001,robot1,robot4,4.681885524341341
3.000000000000001,robot2,robot3,4.512086880424734
3.000000000000001,robot2,robot4,4.418046538516882
3.000000000000001,robot3,robot4,1.4
3.050000000000001,robot1,robot2,1.199692016010776
3.050000000000001,robot1,robot3,4.404623373600886
3.050000000000001,robot1,robot4,4.681885353495026
3.050000000000001,robot2,robot3,4.512086991230029
3.050000000000001,robot2,robot4,4.41804649323966
3.050000000000001,robot3,robot4,1.4
3.100000000000001,robot1,robot2,1.199692016010776
3.100000000000001,robot1,robot3,4.404623350924117
3.100000000000001,robot1,robot4,4.681885182648759
3.100000000000001,robot2,robot3,4.512087102035377
3.100000000000001,robot2,robot4,4.418046447962493
3.100000000000001,robot3,robot4,1.4
3.1500000000000012,robot1,robot2,1.199692016010776
3.1500000000000012,robot1,robot3,4.404623350924117
3.1500000000000012,robot1,robot4,4.681885182648759
3.1500000000000012,robot2,robot3,4.512087102035377
3.1500000000000012,robot2,robot4,4.418046447962493
3.1500000000000012,robot3,robot4,1.4
3.200000000000001,robot1,robot2,1.199692016010776
3.200000000000001,robot1,robot3,4.404623350924117
3.200000000000001,robot1,robot4,4.681885182648759
3.200000000000001,robot2,robot3,4.512087102035377
3.200000000000001,robot2,robot4,4.418046447962493
3.200000000000001,robot3,robot4,1.4
3.2500000000000013,robot1,robot2,1.199692016174568
3.2500000000000013,robot1,robot3,4.404623850409618
3.2500000000000013,robot1,robot4,4.681885652554668
3.2500000000000013,robot2,robot3,4.512086614467773
3.2500000000000013,robot2,robot4,4.418045950016732
3.2500000000000013,robot3,robot4,1.4
3.300000000000001,robot1,robot2,1.1996920163391935
3.300000000000001,robot1,robot3,4.40462434989512
3.300000000000001,robot1,robot4,4.681886122460584
3.300000000000001,robot2,robot3,4.512086126900172
3.300000000000001,robot2,robot4,4.418045452070972
3.300000000000001,robot3,robot4,1.4
3.350000000000001,robot1,robot2,1.199692516339187
3.350000000000001,robot1,robot3,4.40462434989512
3.350000000000001,robot1,robot4,4.681886122460584
3.350000000000001,robot2,robot3,4.5120862377055975
3.350000000000001,robot2,robot4,4.418045406793851
3.350000000000001,robot3,robot4,1.4
3.4000000000000012,robot1,robot2,1.19969301633918
3.4000000000000012,robot1,robot3,4.40462434989512
3.4000000000000012,robot1,robot4,4.681886122460584
3.4000000000000012,robot2,robot3,4.512086348511074
3.4000000000000012,robot2,robot4,4.418045361516787
3.4000000000000012,robot3,robot4,1.4
3.450000000000001,robot1,robot2,1.1996925163391867
3.450000000000001,robot1,robot3,4.404624327218413
3.450000000000001,robot1,robot4,4.681885951614398
3.450000000000001,robot2,robot3,4.512086348511074
3.450000000000001,robot2,robot4,4.418045361516787
3.450000000000001,robot3,robot4,1.4
3.5000000000000013,robot1,robot2,1.1996920163391935
3.5000000000000013,robot1,robot3,4.404624304541763
3.5000000000000013,robot1,robot4,4.681885780768258
3.5000000000000013,robot2,robot3,4.512086348511074
3.5000000000000013,robot2,robot4,4.418045361516787
3.5000000000000013,robot3,robot4,1.4
3.550000000000001,robot1,robot2,1.199692016421819
3.550000000000001,robot1,robot3,4.404624804027269
3.550000000000001,robot1,robot4,4.681886250674214
3.550000000000001,robot2,robot3,4.512086348511074
3.550000000000001,robot2,robot4,4.418045361516787
3.550000000000001,robot3,robot4,1.4
3.6000000000000014,robot1,robot2,1.1996920165046527
3.6000000000000014,robot1,robot3,4.404625303512774
3.6000000000000014,robot1,robot4,4.681886720580176
3.6000000000000014,robot2,robot3,4.512086348511074
3.6000000000000014,robot2,robot4,4.418045361516787
3.6000000000000014,robot3,robot4,1.4
3.6500000000000012,robot1,robot2,1.199692516504646
3.6500000000000012,robot1,robot3,4.404625303512774
3.6500000000000012,robot1,robot4,4.681886720580176
3.6500000000000012,robot2,robot3,4.512086459316604
3.6500000000000012,robot2,robot4,4.418045316239779
3.6500000000000012,robot3,robot4,1.4
3.7000000000000015,robot1,robot2,1.1996930165046389
3.7000000000000015,robot1,robot3,4.404625303512774
3.7000000000000015,robot1,robot4,4.681886720580176
3.7000000000000015,robot2,robot3,4.512086570122187
3.7000000000000015,robot2,robot4,4.418045270962827
3.7000000000000015,robot3,robot4,1.4
3.7500000000000013,robot1,robot2,1.1996925166709382
3.7500000000000013,robot1,robot3,4.4046257803216955
3.7500000000000013,robot1,robot4,4.681887019640105
3.7500000000000013,robot2,robot3,4.512086082554637
3.7500000000000013,robot2,robot4,4.418044773017047
3.7500000000000013,robot3,robot4,1.4
3.800000000000001,robot1,robot2,1.1996920168380716
3.800000000000001,robot1,robot3,4.404626257130678
3.800000000000001,robot1,robot4,4.68188731870012
3.800000000000001,robot2,robot3,4.512085594987091
3.800000000000001,robot2,robot4,4.418044275071268
3.800000000000001,robot3,robot4,1.4
3.8500000000000014,robot1,robot2,1.1996920168380716
3.8500000000000014,robot1,robot3,4.404626257130678
3.8500000000000014,robot1,robot4,4.68188731870012
3.8500000000000014,robot2,robot3,4.512085594987091
3.8500000000000014,robot2,robot4,4.418044275071268
3.8500000000000014,robot3,robot4,1.4
3.9000000000000012,robot1,robot2,1.1996920168380716
3.9000000000000012,robot1,robot3,4.404626257130678
3.9000000000000012,robot1,robot4,4.68188731870012
3.9000000000000012,robot2,robot3,4.512085594987091
3.9000000000000012,robot2,robot4,4.418044275071268
3.9000000000000012,robot3,robot4,1.4
3.9500000000000015,robot1,robot2,1.1996925168380648
3.9500000000000015,robot1,robot3,4.404626257130678
3.9500000000000015,robot1,robot4,4.68188731870012
3.9500000000000015,robot2,robot3,4.5120857057927495
3.9500000000000015,robot2,robot4,4.418044229794361
3.9500000000000015,robot3,robot4,1.4
4.000000000000001,robot1,robot2,1.1996930168380575
4.000000000000001,robot1,robot3,4.404626257130678
4.000000000000001,robot1,robot4,4.68188731870012
4.000000000000001,robot2,robot3,4.512085816598462
4.000000000000001,robot2,robot4,4.418044184517512
4.000000000000001,robot3,robot4,1.4
4.050000000000002,robot1,robot2,1.199693016921933
4.050000000000002,robot1,robot3,4.404626756616189
4.050000000000002,robot1,robot4,4.681887788606136
4.050000000000002,robot2,robot3,4.512085816598462
4.050000000000002,robot2,robot4,4.418044184517512
4.050000000000002,robot3,robot4,1.4
4.100000000000001,robot1,robot2,1.1996930170060172
4.100000000000001,robot1,robot3,4.404627256101701
4.100000000000001,robot1,robot4,4.681888258512157
4.100000000000001,robot2,robot3,4.512085816598462
4.100000000000001,robot2,robot4,4.418044184517512
4.100000000000001,robot3,robot4,1.4
4.150000000000001,robot1,robot2,1.1996930170903095
4.150000000000001,robot1,robot3,4.404627233425237
4.150000000000001,robot1,robot4,4.6818880876662625
4.150000000000001,robot2,robot3,4.512085439836717
4.150000000000001,robot2,robot4,4.418043641294923
4.150000000000001,robot3,robot4,1.4
4.200000000000001,robot1,robot2,1.1996930171748104
4.200000000000001,robot1,robot3,4.404627210748829
4.200000000000001,robot1,robot4,4.681887916820415
4.200000000000001,robot2,robot3,4.512085063075053
4.200000000000001,robot2,robot4,4.418043098072381
4.200000000000001,robot3,robot4,1.4
4.250000000000001,robot1,robot2,1.1996930171748104
4.250000000000001,robot1,robot3,4.404627210748829
4.250000000000001,robot1,robot4,4.681887916820415
4.250000000000001,robot2,robot3,4.512085063075053
4.250000000000001,robot2,robot4,4.418043098072381
4.250000000000001,robot3,robot4,1.4
4.300000000000001,robot1,robot2,1.1996930171748104
4.300000000000001,robot1,robot3,4.404627210748829
4.300000000000001,robot1,robot4,4.681887916820415
4.300000000000001,robot2,robot3,4.512085063075053
4.300000000000001,robot2,robot4,4.418043098072381
4.300000000000001,robot3,robot4,1.4
4.350000000000001,robot1,robot2,1.1996930172595195
4.350000000000001,robot1,robot3,4.404627710234346
4.350000000000001,robot1,robot4,4.681888386726477
4.350000000000001,robot2,robot3,4.512085063075053
4.350000000000001,robot2,robot4,4.418043098072381
4.350000000000001,robot3,robot4,1.4
4.400000000000001,robot1,robot2,1.1996930173444371
4.400000000000001,robot1,robot3,4.404628209719862
4.400000000000001,robot1,robot4,4.681888856632545
4.400000000000001,robot2,robot3,4.512085063075053
4.400000000000001,robot2,robot4,4.418043098072381
4.400000000000001,robot3,robot4,1.4
4.450000000000001,robot1,robot2,1.1996930173444371
4.450000000000001,robot1,robot3,4.4046281870435156
4.450000000000001,robot1,robot4,4.681888685786778
4.450000000000001,robot2,robot3,4.512085173880947
4.450000000000001,robot2,robot4,4.4180430527956895
4.450000000000001,robot3,robot4,1.4
4.500000000000001,robot1,robot2,1.1996930173444371
4.500000000000001,robot1,robot3,4.404628164367226
4.500000000000001,robot1,robot4,4.681888514941059
4.500000000000001,robot2,robot3,4.5120852846868935
4.500000000000001,robot2,robot4,4.418043007519053
4.500000000000001,robot3,robot4,1.4
4.550000000000001,robot1,robot2,1.1996930173444371
4.550000000000001,robot1,robot3,4.404628164367226
4.550000000000001,robot1,robot4,4.681888514941059
4.550000000000001,robot2,robot3,4.5120852846868935
4.550000000000001,robot2,robot4,4.418043007519053
4.550000000000001,robot3,robot4,1.4
4.600000000000001,robot1,robot2,1.1996930173444371
4.600000000000001,robot1,robot3,4.404628164367226
4.600000000000001,robot1,robot4,4.681888514941059
4.600000000000001,robot2,robot3,4.5120852846868935
4.600000000000001,robot2,robot4,4.418043007519053
4.600000000000001,robot3,robot4,1.4
4.650000000000001,robot1,robot2,1.19969351751489
4.650000000000001,robot1,robot3,4.4046286638527485
4.650000000000001,robot1,robot4,4.681888984847168
4.650000000000001,robot2,robot3,4.512084907925438
4.650000000000001,robot2,robot4,4.4180424642966605
4.650000000000001,robot3,robot4,1.4
4.700000000000001,robot1,robot2,1.1996940176861766
4.700000000000001,robot1,robot3,4.404629163338272
4.700000000000001,robot1,robot4,4.681889454753284
4.700000000000001,robot2,robot3,4.512084531164061
4.700000000000001,robot2,robot4,4.4180419210743125
4.700000000000001,robot3,robot4,1.4
4.750000000000001,robot1,robot2,1.1996935176861838
4.750000000000001,robot1,robot3,4.404629140662044
4.750000000000001,robot1,robot4,4.681889283907647
4.750000000000001,robot2,robot3,4.512084531164061
4.750000000000001,robot2,robot4,4.4180419210743125
4.750000000000001,robot3,robot4,1.4
4.800000000000002,robot1,robot2,1.199693017686191
4.800000000000002,robot1,robot3,4.4046291179858725
4.800000000000002,robot1,robot4,4.681889113062056
4.800000000000002,robot2,robot3,4.512084531164061
4.800000000000002,robot2,robot4,4.4180419210743125
4.800000000000002,robot3,robot4,1.4
4.850000000000001,robot1,robot2,1.199693017686191
4.850000000000001,robot1,robot3,4.4046291179858725
4.850000000000001,robot1,robot4,4.681889113062056
4.850000000000001,robot2,robot3,4.512084531164061
4.850000000000001,robot2,robot4,4.4180419210743125
4.850000000000001,robot3,robot4,1.4
4.900000000000001,robot1,robot2,1.199693017686191
4.900000000000001,robot1,robot3,4.4046291179858725
4.900000000000001,robot1,robot4,4.681889113062056
4.900000000000001,robot2,robot3,4.512084531164061
4.900000000000001,robot2,robot4,4.4180419210743125
4.900000000000001,robot3,robot4,1.4
4.950000000000001,robot1,robot2,1.1996935177721433
4.950000000000001,robot1,robot3,4.4046296174714
4.950000000000001,robot1,robot4,4.6818895829682114
4.950000000000001,robot2,robot3,4.51208464197019
4.950000000000001,robot2,robot4,4.418041875797835
4.950000000000001,robot3,robot4,1.4
5.000000000000001,robot1,robot2,1.1996940178583038
5.000000000000001,robot1,robot3,4.404630116956928
5.000000000000001,robot1,robot4,4.6818900528743725
5.000000000000001,robot2,robot3,4.512084752776371
5.000000000000001,robot2,robot4,4.418041830521413
5.000000000000001,robot3,robot4,1.4
5.050000000000002,robot1,robot2,1.199693517858311
5.050000000000002,robot1,robot3,4.404630094280819
5.050000000000002,robot1,robot4,4.681889882028864
5.050000000000002,robot2,robot3,4.512084752776371
5.050000000000002,robot2,robot4,4.418041830521413
5.050000000000002,robot3,robot4,1.4
5.100000000000001,robot1,robot2,1.1996930178583185
5.100000000000001,robot1,robot3,4.404630071604765
5.100000000000001,robot1,robot4,4.681889711183402
5.100000000000001,robot2,robot3,4.512084752776371
5.100000000000001,robot2,robot4,4.418041830521413
5.100000000000001,robot3,robot4,1.4
5.150000000000001,robot1,robot2,1.1996930178583185
5.150000000000001,robot1,robot3,4.404630071604765
5.150000000000001,robot1,robot4,4.681889711183402
5.150000000000001,robot2,robot3,4.512084752776371
5.150000000000001,robot2,robot4,4.418041830521413
5.150000000000001,robot3,robot4,1.4
5.200000000000001,robot1,robot2,1.1996930178583185
5.200000000000001,robot1,robot3,4.404630071604765
5.200000000000001,robot1,robot4,4.681889711183402
5.200000000000001,robot2,robot3,4.512084752776371
5.200000000000001,robot2,robot4,4.418041830521413
5.200000000000001,robot3,robot4,1.4
5.250000000000002,robot1,robot2,1.199693518031272
5.250000000000002,robot1,robot3,4.404630571090299
5.250000000000002,robot1,robot4,4.681890181089605
5.250000000000002,robot2,robot3,4.512084376015202
5.250000000000002,robot2,robot4,4.418041287299214
5.250000000000002,robot3,robot4,1.4
5.300000000000002,robot1,robot2,1.1996940182050588
5.300000000000002,robot1,robot3,4.404631070575832
5.300000000000002,robot1,robot4,4.681890650995813
5.300000000000002,robot2,robot3,4.512083999254114
5.300000000000002,robot2,robot4,4.418040744077063
5.300000000000002,robot3,robot4,1.4
5.350000000000001,robot1,robot2,1.1996935182050663
5.350000000000001,robot1,robot3,4.404631047899841
5.350000000000001,robot1,robot4,4.681890480150432
5.350000000000001,robot2,robot3,4.512083999254114
5.350000000000001,robot2,robot4,4.418040744077063
5.350000000000001,robot3,robot4,1.4
5.400000000000001,robot1,robot2,1.1996930182050738
5.400000000000001,robot1,robot3,4.404631025223907
5.400000000000001,robot1,robot4,4.6818903093051
5.400000000000001,robot2,robot3,4.512083999254114
5.400000000000001,robot2,robot4,4.418040744077063
5.400000000000001,robot3,robot4,1.4
5.450000000000001,robot1,robot2,1.1996935182050663
5.450000000000001,robot1,robot3,4.404631025223907
5.450000000000001,robot1,robot4,4.6818903093051
5.450000000000001,robot2,robot3,4.512084110060478
5.450000000000001,robot2,robot4,4.418040698800799
5.450000000000001,robot3,robot4,1.4
5.500000000000002,robot1,robot2,1.1996940182050588
5.500000000000002,robot1,robot3,4.404631025223907
5.500000000000002,robot1,robot4,4.6818903093051
5.500000000000002,robot2,robot3,4.512084220866893
5.500000000000002,robot2,robot4,4.418040653524592
5.500000000000002,robot3,robot4,1.4
5.550000000000002,robot1,robot2,1.1996940182922686
5.550000000000002,robot1,robot3,4.404631524709445
5.550000000000002,robot1,robot4,4.681890779211348
5.550000000000002,robot2,robot3,4.512084220866893
5.550000000000002,robot2,robot4,4.418040653524592
5.550000000000002,robot3,robot4,1.4
5.600000000000001,robot1,robot2,1.1996940183796867
5.600000000000001,robot1,robot3,4.404632024194984
5.600000000000001,robot1,robot4,4.681891249117604
5.600000000000001,robot2,robot3,4.512084220866893
5.600000000000001,robot2,robot4,4.418040653524592
5.600000000000001,robot3,robot4,1.4
5.650000000000001,robot1,robot2,1.1996935184673208
5.650000000000001,robot1,robot3,4.404632001519111
5.650000000000001,robot1,robot4,4.681891078272352
5.650000000000001,robot2,robot3,4.512083733299534
5.650000000000001,robot2,robot4,4.418040155578744
5.650000000000001,robot3,robot4,1.4
5.700000000000001,robot1,robot2,1.1996930185551635
5.700000000000001,robot1,robot3,4.4046319788432955
5.700000000000001,robot1,robot4,4.681890907427148
5.700000000000001,robot2,robot3,4.512083245732175
5.700000000000001,robot2,robot4,4.418039657632896
5.700000000000001,robot3,robot4,1.4
5.750000000000002,robot1,robot2,1.1996935185551558
5.750000000000002,robot1,robot3,4.4046319788432955
5.750000000000002,robot1,robot4,4.681890907427148
5.750000000000002,robot2,robot3,4.5120833565386675
5.750000000000002,robot2,robot4,4.4180396123567345
5.750000000000002,robot3,robot4,1.4
5.800000000000002,robot1,robot2,1.1996940185551481
5.800000000000002,robot1,robot3,4.4046319788432955
5.800000000000002,robot1,robot4,4.681890907427148
5.800000000000002,robot2,robot3,4.512083467345213
5.800000000000002,robot2,robot4,4.41803956708063
5.800000000000002,robot3,robot4,1.4
5.850000000000001,robot1,robot2,1.1996940186431913
5.850000000000001,robot1,robot3,4.40463247832884
5.850000000000001,robot1,robot4,4.681891377333444
5.850000000000001,robot2,robot3,4.512083467345213
5.850000000000001,robot2,robot4,4.41803956708063
5.850000000000001,robot3,robot4,1.4
5.900000000000001,robot1,robot2,1.199694018731443
5.900000000000001,robot1,robot3,4.404632977814384
5.900000000000001,robot1,robot4,4.681891847239746
5.900000000000001,robot2,robot3,4.512083467345213
5.900000000000001,robot2,robot4,4.41803956708063
5.900000000000001,robot3,robot4,1.4
5.950000000000002,robot1,robot2,1.1996935187314508
5.950000000000002,robot1,robot3,4.404632955138629
5.950000000000002,robot1,robot4,4.681891676394622
5.950000000000002,robot2,robot3,4.512083467345213
5.950000000000002,robot2,robot4,4.41803956708063
5.950000000000002,robot3,robot4,1.4
6.000000000000002,robot1,robot2,1.1996930187314585
6.000000000000002,robot1,robot3,4.404632932462931
6.000000000000002,robot1,robot4,4.6818915055495465
6.000000000000002,robot2,robot3,4.512083467345213
6.000000000000002,robot2,robot4,4.41803956708063
6.000000000000002,robot3,robot4,1.4
6.050000000000002,robot1,robot2,1.199693518819911
6.050000000000002,robot1,robot3,4.404632932462931
6.050000000000002,robot1,robot4,4.6818915055495465
6.050000000000002,robot2,robot3,4.512083090584492
6.050000000000002,robot2,robot4,4.418039023858719
6.050000000000002,robot3,robot4,1.4
6.100000000000001,robot1,robot2,1.1996940189085714
6.100000000000001,robot1,robot3,4.404632932462931
6.100000000000001,robot1,robot4,4.6818915055495465
6.100000000000001,robot2,robot3,4.512082713823851
6.100000000000001,robot2,robot4,4.418038480636855
6.100000000000001,robot3,robot4,1.4
6.150000000000001,robot1,robot2,1.1996940189974483
6.150000000000001,robot1,robot3,4.40463343194848
6.150000000000001,robot1,robot4,4.681891975455889
6.150000000000001,robot2,robot3,4.512082713823851
6.150000000000001,robot2,robot4,4.418038480636855
6.150000000000001,robot3,robot4,1.4
6.200000000000002,robot1,robot2,1.1996940190865337
6.200000000000002,robot1,robot3,4.40463393143403
6.200000000000002,robot1,robot4,4.681892445362239
6.200000000000002,robot2,robot3,4.512082713823851
6.200000000000002,robot2,robot4,4.418038480636855
6.200000000000002,robot3,robot4,1.4
6.250000000000002,robot1,robot2,1.1996935190865414
6.250000000000002,robot1,robot3,4.404633908758394
6.250000000000002,robot1,robot4,4.681892274517244
6.250000000000002,robot2,robot3,4.512082713823851
6.250000000000002,robot2,robot4,4.418038480636855
6.250000000000002,robot3,robot4,1.4
6.300000000000002,robot1,robot2,1.1996930190865494
6.300000000000002,robot1,robot3,4.404633886082816
6.300000000000002,robot1,robot4,4.681892103672297
6.300000000000002,robot2,robot3,4.512082713823851
6.300000000000002,robot2,robot4,4.418038480636855
6.300000000000002,robot3,robot4,1.4
6.350000000000001,robot1,robot2,1.199693519175835
6.350000000000001,robot1,robot3,4.404633886082816
6.350000000000001,robot1,robot4,4.681892103672297
6.350000000000001,robot2,robot3,4.512082337063288
6.350000000000001,robot2,robot4,4.418037937415035
6.350000000000001,robot3,robot4,1.4
6.400000000000002,robot1,robot2,1.1996940192653291
6.400000000000002,robot1,robot3,4.404633886082816
6.400000000000002,robot1,robot4,4.681892103672297
6.400000000000002,robot2,robot3,4.512081960302805
6.400000000000002,robot2,robot4,4.418037394193263
6.400000000000002,robot3,robot4,1.4
6.450000000000002,robot1,robot2,1.1996940193550396
6.450000000000002,robot1,robot3,4.40463438556837
6.450000000000002,robot1,robot4,4.681892573578686
6.450000000000002,robot2,robot3,4.512081960302805
6.450000000000002,robot2,robot4,4.418037394193263
6.450000000000002,robot3,robot4,1.4
6.500000000000002,robot1,robot2,1.1996940194449583
6.500000000000002,robot1,robot3,4.404634885053924
6.500000000000002,robot1,robot4,4.681893043485082
6.500000000000002,robot2,robot3,4.512081960302805
6.500000000000002,robot2,robot4,4.418037394193263
6.500000000000002,robot3,robot4,1.4
6.550000000000002,robot1,robot2,1.1996935194449663
6.550000000000002,robot1,robot3,4.404634862378407
6.550000000000002,robot1,robot4,4.681892872640216
6.550000000000002,robot2,robot3,4.512081960302805
6.550000000000002,robot2,robot4,4.418037394193263
6.550000000000002,robot3,robot4,1.4
6.600000000000001,robot1,robot2,1.1996930194449746
6.600000000000001,robot1,robot3,4.404634839702946
6.600000000000001,robot1,robot4,4.681892701795396
6.600000000000001,robot2,robot3,4.512081960302805
6.600000000000001,robot2,robot4,4.418037394193263
6.600000000000001,robot3,robot4,1.4
6.650000000000002,robot1,robot2,1.1996935195350935
6.650000000000002,robot1,robot3,4.404634839702946
6.650000000000002,robot1,robot4,4.681892701795396
6.650000000000002,robot2,robot3,4.512081583542401
6.650000000000002,robot2,robot4,4.4180368509715375
6.650000000000002,robot3,robot4,1.4
6.700000000000002,robot1,robot2,1.199694019625421
6.700000000000002,robot1,robot3,4.404634839702946
6.700000000000002,robot1,robot4,4.681892701795396
6.700000000000002,robot2,robot3,4.512081206782077
6.700000000000002,robot2,robot4,4.418036307749858
6.700000000000002,robot3,robot4,1.4
6.750000000000002,robot1,robot2,1.199694019625421
6.750000000000002,robot1,robot3,4.404634839702946
6.750000000000002,robot1,robot4,4.681892701795396
6.750000000000002,robot2,robot3,4.512081206782077
6.750000000000002,robot2,robot4,4.418036307749858
6.750000000000002,robot3,robot4,1.4
6.800000000000002,robot1,robot2,1.199694019625421
6.800000000000002,robot1,robot3,4.404634839702946
6.800000000000002,robot1,robot4,4.681892701795396
6.800000000000002,robot2,robot3,4.512081206782077
6.800000000000002,robot2,robot4,4.418036307749858
6.800000000000002,robot3,robot4,1.4
6.850000000000002,robot1,robot2,1.1995830012380344
6.850000000000002,robot1,robot3,4.4043585862008605
6.850000000000002,robot1,robot4,4.681599615071887
6.850000000000002,robot2,robot3,4.512081206782077
6.850000000000002,robot2,robot4,4.418036307749858
6.850000000000002,robot3,robot4,1.4
6.900000000000002,robot1,robot2,1.1994720443011584
6.900000000000002,robot1,robot3,4.404082334905196
6.900000000000002,robot1,robot4,4.68130652837688
6.900000000000002,robot2,robot3,4.512081206782077
6.900000000000002,robot2,robot4,4.418036307749858
6.900000000000002,robot3,robot4,1.4
6.950000000000002,robot1,robot2,1.2000373027019826
6.950000000000002,robot1,robot3,4.403673166568848
6.950000000000002,robot1,robot4,4.681039580900647
6.950000000000002,robot2,robot3,4.512737604051476
6.950000000000002,robot2,robot4,4.418652813134367
6.950000000000002,robot3,robot4,1.4
7.000000000000002,robot1,robot2,1.2006034997870862
7.000000000000002,robot1,robot3,4.403264037060008
7.000000000000002,robot1,robot4,4.680772690493098
7.000000000000002,robot2,robot3,4.513394001461095
7.000000000000002,robot2,robot4,4.419269330152328
7.000000000000002,robot3,robot4,1.4
7.050000000000002,robot1,robot2,1.200803039207513
7.050000000000002,robot1,robot3,4.4035230184037015
7.050000000000002,robot1,robot4,4.681870746747501
7.050000000000002,robot2,robot3,4.5133010464964824
7.050000000000002,robot2,robot4,4.42002610271116
7.050000000000002,robot3,robot4,1.3999646913705537
7.100000000000002,robot1,robot2,1.2010026255495865
7.100000000000002,robot1,robot3,4.403782077807325
7.100000000000002,robot1,robot4,4.68296881141803
7.100000000000002,robot2,robot3,4.513208124632632
7.100000000000002,robot2,robot4,4.420782894919971
7.100000000000002,robot3,robot4,1.3999297655014697
7.150000000000002,robot1,robot2,1.2009100056994277
7.150000000000002,robot1,robot3,4.406133601514173
7.150000000000002,robot1,robot4,4.684788733818875
7.150000000000002,robot2,robot3,4.513491971546006
7.150000000000002,robot2,robot4,4.4205569094552155
7.150000000000002,robot3,robot4,1.4004043107992064
7.200000000000002,robot1,robot2,1.200821033651976
7.200000000000002,robot1,robot3,4.408485144805639
7.200000000000002,robot1,robot4,4.686608683061239
7.200000000000002,robot2,robot3,4.513775818700015
7.200000000000002,robot2,robot4,4.420330960574332
7.200000000000002,robot3,robot4,1.4008790576794985
7.250000000000002,robot1,robot2,1.2012748867917369
7.250000000000002,robot1,robot3,4.409389255109743
7.250000000000002,robot1,robot4,4.687654140600525
7.250000000000002,robot2,robot3,4.5133233258077405
7.250000000000002,robot2,robot4,4.420022561422085
7.250000000000002,robot3,robot4,1.4005481425956052
7.3000000000000025,robot1,robot2,1.2017303393960725
7.3000000000000025,robot1,robot3,4.4102933815174925
7.3000000000000025,robot1,robot4,4.688699633162696
7.3000000000000025,robot2,robot3,4.5128708467008005
7.3000000000000025,robot2,robot4,4.419714207654721
7.3000000000000025,robot3,robot4,1.4002172653317058
7.350000000000002,robot1,robot2,1.20176637089515
7.350000000000002,robot1,robot3,4.410817456601101
7.350000000000002,robot1,robot4,4.689089096382366
7.350000000000002,robot2,robot3,4.5124693332952965
7.350000000000002,robot2,robot4,4.41919706715332
7.350000000000002,robot3,robot4,1.4001702442306792
7.400000000000002,robot1,robot2,1.201803223440926
7.400000000000002,robot1,robot3,4.411341541414925
7.400000000000002,robot1,robot4,4.689478591422718
7.400000000000002,robot2,robot3,4.512067841356112
7.400000000000002,robot2,robot4,4.418679937168227
7.400000000000002,robot3,robot4,1.400123224003159
7.450000000000002,robot1,robot2,1.2021563825177863
7.450000000000002,robot1,robot3,4.410867618878995
7.450000000000002,robot1,robot4,4.689122022257819
7.450000000000002,robot2,robot3,4.511725134931204
7.450000000000002,robot2,robot4,4.418308765661924
7.450000000000002,robot3,robot4,1.4001372665796021
7.500000000000002,robot1,robot2,1.2025095445924745
7.500000000000002,robot1,robot3,4.410393697730397
7.500000000000002,robot1,robot4,4.688765462019294
7.500000000000002,robot2,robot3,4.511382460940327
7.500000000000002,robot2,robot4,4.417937608354491
7.500000000000002,robot3,robot4,1.4001513128576497
7.5500000000000025,robot1,robot2,1.2030642658217598
7.5500000000000025,robot1,robot3,4.410004867753124
7.5500000000000025,robot1,robot4,4.688367035092922
7.5500000000000025,robot2,robot3,4.511121371443967
7.5500000000000025,robot2,robot4,4.417466945290054
7.5500000000000025,robot3,robot4,1.4001277574054625
7.600000000000002,robot1,robot2,1.2036189891826232
7.600000000000002,robot1,robot3,4.409616047728532
7.600000000000002,robot1,robot4,4.6879686305013815
7.600000000000002,robot2,robot3,4.510860323362053
7.600000000000002,robot2,robot4,4.416996309314509
7.600000000000002,robot3,robot4,1.4001042073574381
7.650000000000002,robot1,robot2,1.205363655028017
7.650000000000002,robot1,robot3,4.409028203363242
7.650000000000002,robot1,robot4,4.68757485943302
7.650000000000002,robot2,robot3,4.510324110387745
7.650000000000002,robot2,robot4,4.416058052726322
7.650000000000002,robot3,robot4,1.400129200339026
7.700000000000002,robot1,robot2,1.2071083538643084
7.700000000000002,robot1,robot3,4.408440433489489
7.700000000000002,robot1,robot4,4.687181208461754
7.700000000000002,robot2,robot3,4.509788302090687
7.700000000000002,robot2,robot4,4.415120066685616
7.700000000000002,robot3,robot4,1.4001541934415653
7.750000000000002,robot1,robot2,1.2094980032084592
7.750000000000002,robot1,robot3,4.407432007808628
7.750000000000002,robot1,robot4,4.686596158602772
7.750000000000002,robot2,robot3,4.508974008237489
7.750000000000002,robot2,robot4,4.413710390279646
7.750000000000002,robot3,robot4,1.4009066965027508
7.8000000000000025,robot1,robot2,1.2118877105119932
7.8000000000000025,robot1,robot3,4.406423615397071
7.8000000000000025,robot1,robot4,4.686011510132044
7.8000000000000025,robot2,robot3,4.508160878794922
7.8000000000000025,robot2,robot4,4.412301028361505
7.8000000000000025,robot3,robot4,1.401659199586333
7.850000000000002,robot1,robot2,1.214457600632583
7.850000000000002,robot1,robot3,4.405564354584325
7.850000000000002,robot1,robot4,4.685569853049066
7.850000000000002,robot2,robot3,4.507668871009743
7.850000000000002,robot2,robot4,4.411100641852099
7.850000000000002,robot3,robot4,1.402642163622016
7.900000000000002,robot1,robot2,1.2170275046296202
7.900000000000002,robot1,robot3,4.404705123216423
7.900000000000002,robot1,robot4,4.6851287075248
7.900000000000002,robot2,robot3,4.507178163238058
7.900000000000002,robot2,robot4,4.4099005624453715
7.900000000000002,robot3,robot4,1.403625131249081
7.950000000000002,robot1,robot2,1.2197040584413295
7.950000000000002,robot1,robot3,4.403948194466699
7.950000000000002,robot1,robot4,4.684847271931605
7.950000000000002,robot2,robot3,4.507088863742676
7.950000000000002,robot2,robot4,4.409104467065988
7.950000000000002,robot3,robot4,1.4047446094399152
8.000000000000004,robot1,robot2,1.2223806315284942
8.000000000000004,robot1,robot3,4.403191294019487
8.000000000000004,robot1,robot4,4.6845664055241025
8.000000000000004,robot2,robot3,4.507000888134037
8.000000000000004,robot2,robot4,4.408308684684978
8.000000000000004,robot3,robot4,1.4058640896260206
8.050000000000002,robot1,robot2,1.22520319920585
8.050000000000002,robot1,robot3,4.40262776876992
8.050000000000002,robot1,robot4,4.684579127495874
8.050000000000002,robot2,robot3,4.507279931529685
8.050000000000002,robot2,robot4,4.407934111148355
8.050000000000002,robot3,robot4,1.4070710942471956
8.100000000000003,robot1,robot2,1.2280258500377754
8.100000000000003,robot1,robot3,4.402064281650713
8.100000000000003,robot1,robot4,4.684592458207757
8.100000000000003,robot2,robot3,4.507560297471794
8.100000000000003,robot2,robot4,4.40755986772046
8.100000000000003,robot3,robot4,1.4082780989804538
8.150000000000002,robot1,robot2,1.230933296040549
8.150000000000002,robot1,robot3,4.401330281464941
8.150000000000002,robot1,robot4,4.684748739650453
8.150000000000002,robot2,robot3,4.508141408055264
8.150000000000002,robot2,robot4,4.407552886566223
8.150000000000002,robot3,robot4,1.4103197337569415
8.200000000000003,robot1,robot2,1.233840990160402
8.200000000000003,robot1,robot3,4.400596313945873
8.200000000000003,robot1,robot4,4.684905621698798
8.200000000000003,robot2,robot3,4.50872490064874
8.200000000000003,robot2,robot4,4.407546280814871
8.200000000000003,robot3,robot4,1.4123614252509875
8.250000000000002,robot1,robot2,1.236724769619033
8.250000000000002,robot1,robot3,4.399807704253051
8.250000000000002,robot1,robot4,4.685283048963104
8.250000000000002,robot2,robot3,4.509555441835286
8.250000000000002,robot2,robot4,4.407734460791195
8.250000000000002,robot3,robot4,1.4156571848609747
8.300000000000002,robot1,robot2,1.2396089442566152
8.300000000000002,robot1,robot3,4.399019300974253
8.300000000000002,robot1,robot4,4.685661624327241
8.300000000000002,robot2,robot3,4.5103891607865725
8.300000000000002,robot2,robot4,4.407922722063988
8.300000000000002,robot3,robot4,1.4189530052207509
8.350000000000003,robot1,robot2,1.2421158428302894
8.350000000000003,robot1,robot3,4.3983525901642135
8.350000000000003,robot1,robot4,4.686293503883027
8.350000000000003,robot2,robot3,4.511254676832516
8.350000000000003,robot2,robot4,4.408140668253595
8.350000000000003,robot3,robot4,1.4232017582748062
8.400000000000002,robot1,robot2,1.2446230257764799
8.400000000000002,robot1,robot3,4.397686266744935
8.400000000000002,robot1,robot4,4.686927144535533
8.400000000000002,robot2,robot3,4.512123300900586
8.400000000000002,robot2,robot4,4.408358648514093
8.400000000000002,robot3,robot4,1.4274505388338332
8.450000000000003,robot1,robot2,1.2464315616512005
8.450000000000003,robot1,robot3,4.3969410130717295
8.450000000000003,robot1,robot4,4.687494722405563
8.450000000000003,robot2,robot3,4.512734782774631
8.450000000000003,robot2,robot4,4.408346672163187
8.450000000000003,robot3,robot4,1.432398327336447
8.500000000000002,robot1,robot2,1.2482402012825897
8.500000000000002,robot1,robot3,4.396196707741818
8.500000000000002,robot1,robot4,4.6880640385907695
8.500000000000002,robot2,robot3,4.513349542035715
8.500000000000002,robot2,robot4,4.4083349553301865
8.500000000000002,robot3,robot4,1.4373461395001557
8.550000000000002,robot1,robot2,1.2499566410265
8.550000000000002,robot1,robot3,4.395394332586242
8.550000000000002,robot1,robot4,4.688203571712544
8.550000000000002,robot2,robot3,4.513806720207734
8.550000000000002,robot2,robot4,4.407998350745665
8.550000000000002,robot3,robot4,1.4415552748784908
8.600000000000003,robot1,robot2,1.2516731352813322
8.600000000000003,robot1,robot3,4.394592948511273
8.600000000000003,robot1,robot4,4.688344115158464
8.600000000000003,robot2,robot3,4.514267159429978
8.600000000000003,robot2,robot4,4.407661782910753
8.600000000000003,robot3,robot4,1.445764414006653
8.650000000000002,robot1,robot2,1.253439387473124
8.650000000000002,robot1,robot3,4.393366268733379
8.650000000000002,robot1,robot4,4.687784651434646
8.650000000000002,robot2,robot3,4.514327365937283
8.650000000000002,robot2,robot4,4.406975029502464
8.650000000000002,robot3,robot4,1.4485665293472028
8.700000000000003,robot1,robot2,1.2552058009541704
8.700000000000003,robot1,robot3,4.392140037106513
8.700000000000003,robot1,robot4,4.687225765944073
8.700000000000003,robot2,robot3,4.514389985277413
8.700000000000003,robot2,robot4,4.406288305716842
8.700000000000003,robot3,robot4,1.451368647153438
8.750000000000002,robot1,robot2,1.2570023851449128
8.750000000000002,robot1,robot3,4.390696654617607
8.750000000000002,robot1,robot4,4.686272633620989
8.750000000000002,robot2,robot3,4.513830934203479
8.750000000000002,robot2,robot4,4.405192077109124
8.750000000000002,robot3,robot4,1.4526180653359129
8.800000000000002,robot1,robot2,1.2587991201542048
8.800000000000002,robot1,robot3,4.389253273202743
8.800000000000002,robot1,robot4,4.68532011603583
8.800000000000002,robot2,robot3,4.513272750675944
8.800000000000002,robot2,robot4,4.4040958938621
8.800000000000002,robot3,robot4,1.4538674848723319
8.850000000000003,robot1,robot2,1.2602740252945985
8.850000000000003,robot1,robot3,4.387515335848126
8.850000000000003,robot1,robot4,4.684144760980225
8.850000000000003,robot2,robot3,4.51234538539818
8.850000000000003,robot2,robot4,4.402729813181619
8.850000000000003,robot3,robot4,1.455301659081374
8.900000000000002,robot1,robot2,1.2617490008024574
8.900000000000002,robot1,robot3,4.385777429388887
8.900000000000002,robot1,robot4,4.682969885772916
8.900000000000002,robot2,robot3,4.5114190933369285
8.900000000000002,robot2,robot4,4.401363762909174
8.900000000000002,robot3,robot4,1.4567358390130312
8.950000000000003,robot1,robot2,1.262855021958281
8.950000000000003,robot1,robot3,4.38378980598229
8.950000000000003,robot1,robot4,4.68161708876842
8.950000000000003,robot2,robot3,4.510114651856036
8.950000000000003,robot2,robot4,4.399771295360277
8.950000000000003,robot3,robot4,1.4582362326657672
9.000000000000002,robot1,robot2,1.2639610717886056
9.000000000000002,robot1,robot3,4.381802253103168
9.000000000000002,robot1,robot4,4.68026472608484
9.000000000000002,robot2,robot3,4.508811205517149
9.000000000000002,robot2,robot4,4.398178830480293
9.000000000000002,robot3,robot4,1.4597366514251808
9.050000000000002,robot1,robot2,1.264617607733757
9.050000000000002,robot1,robot3,4.379656556059762
9.050000000000002,robot1,robot4,4.678669568139457
9.050000000000002,robot2,robot3,4.507191022857252
9.050000000000002,robot2,robot4,4.396398174915461
9.050000000000002,robot3,robot4,1.460926233378332
9.100000000000003,robot1,robot2,1.265274150925403
9.100000000000003,robot1,robot3,4.3775109633522336
9.100000000000003,robot1,robot4,4.677074646398644
9.100000000000003,robot2,robot3,4.505571611752831
9.100000000000003,robot2,robot4,4.394617520786649
9.100000000000003,robot3,robot4,1.462115857817704
9.150000000000002,robot1,robot2,1.2654991540895038
9.150000000000002,robot1,robot3,4.3752470725617885
9.150000000000002,robot1,robot4,4.674967202230407
9.150000000000002,robot2,robot3,4.50367415145426
9.150000000000002,robot2,robot4,4.392171243113848
9.150000000000002,robot3,robot4,1.4636356812043425
9.200000000000003,robot1,robot2,1.26572415728586
9.200000000000003,robot1,robot3,4.372983316153516
9.200000000000003,robot1,robot4,4.672860238059448
9.200000000000003,robot2,robot3,4.50177725134685
9.200000000000003,robot2,robot4,4.389725061488931
9.200000000000003,robot3,robot4,1.4651555559352734
9.250000000000004,robot1,robot2,1.2655136666715614
9.250000000000004,robot1,robot3,4.370573858013985
9.250000000000004,robot1,robot4,4.670262977817871
9.250000000000004,robot2,robot3,4.499655907184264
9.250000000000004,robot2,robot4,4.386859246524928
9.250000000000004,robot3,robot4,1.4665268879439275
9.300000000000002,robot1,robot2,1.2653031763308742
9.300000000000002,robot1,robot3,4.368164545038339
9.300000000000002,robot1,robot4,4.667666192287962
9.300000000000002,robot2,robot3,4.497534900734512
9.300000000000002,robot2,robot4,4.3839936332847245
9.300000000000002,robot3,robot4,1.4678984524939047
9.350000000000003,robot1,robot2,1.2643450052866305
9.350000000000003,robot1,robot3,4.364354608748841
9.350000000000003,robot1,robot4,4.663491320931347
9.350000000000003,robot2,robot3,4.495205278344749
9.350000000000003,robot2,robot4,4.380981907809053
9.350000000000003,robot3,robot4,1.4689187220933122
9.400000000000002,robot1,robot2,1.2633881391765556
9.400000000000002,robot1,robot3,4.360544956516903
9.400000000000002,robot1,robot4,4.6593168188587475
9.400000000000002,robot2,robot3,4.492875835634122
9.400000000000002,robot2,robot4,4.377970401091355
9.400000000000002,robot3,robot4,1.4699392446033273
9.450000000000003,robot1,robot2,1.2619288912051463
9.450000000000003,robot1,robot3,4.355960791566081
9.450000000000003,robot1,robot4,4.6547664502022545
9.450000000000003,robot2,robot3,4.488733433624261
9.450000000000003,robot2,robot4,4.373719584451803
9.450000000000003,robot3,robot4,1.4706776966305362
9.500000000000004,robot1,robot2,1.260469706952531
9.500000000000004,robot1,robot3,4.351376959906024
9.500000000000004,robot1,robot4,4.650216307437106
9.500000000000004,robot2,robot3,4.484591236877002
9.500000000000004,robot2,robot4,4.369469090399542
9.500000000000004,robot3,robot4,1.4714161539092196
9.550000000000002,robot1,robot2,1.2586993319714004
9.550000000000002,robot1,robot3,4.346351994804407
9.550000000000002,robot1,robot4,4.645570325448211
9.550000000000002,robot2,robot3,4.4798734435194145
9.550000000000002,robot2,robot4,4.365163738008719
9.550000000000002,robot3,robot4,1.4718318773923365
9.600000000000003,robot1,robot2,1.2569289904159262
9.600000000000003,robot1,robot3,4.34132736666011
9.600000000000003,robot1,robot4,4.640924447780851
9.600000000000003,robot2,robot3,4.475155795055631
9.600000000000003,robot2,robot4,4.3608586951528245
9.600000000000003,robot3,robot4,1.4722476993474978
9.650000000000002,robot1,robot2,1.2548488002469658
9.650000000000002,robot1,robot3,4.33633695297229
9.650000000000002,robot1,robot4,4.6362036020633575
9.650000000000002,robot2,robot3,4.470386424574083
9.650000000000002,robot2,robot4,4.356635542459915
9.650000000000002,robot3,robot4,1.472165150496455
9.700000000000003,robot1,robot2,1.2527686559173643
9.700000000000003,robot1,robot3,4.331346801114407
9.700000000000003,robot1,robot4,4.6314827829710215
9.700000000000003,robot2,robot3,4.465617081067856
9.700000000000003,robot2,robot4,4.352412676238548
9.700000000000003,robot3,robot4,1.4720827133952086
9.750000000000004,robot1,robot2,1.2503856422665167
9.750000000000004,robot1,robot3,4.326401673014105
9.750000000000004,robot1,robot4,4.626807259996924
9.750000000000004,robot2,robot3,4.4607968404338365
9.750000000000004,robot2,robot4,4.348383693916453
9.750000000000004,robot3,robot4,1.47151564303272
9.800000000000002,robot1,robot2,1.2480026838753193
9.800000000000002,robot1,robot3,4.321456741392305
9.800000000000002,robot1,robot4,4.622131737174525
9.800000000000002,robot2,robot3,4.455976602229078
9.800000000000002,robot2,robot4,4.344354973491461
9.800000000000002,robot3,robot4,1.4709487738357852
9.850000000000003,robot1,robot2,1.245357451620317
9.850000000000003,robot1,robot3,4.3165562227914105
9.850000000000003,robot1,robot4,4.616346198320729
9.850000000000003,robot2,robot3,4.451124543276058
9.850000000000003,robot2,robot4,4.339355270326975
9.850000000000003,robot3,robot4,1.46968775753015
9.900000000000002,robot1,robot2,1.2427122933748584
9.900000000000002,robot1,robot3,4.311655835193017
9.900000000000002,robot1,robot4,4.610560665019493
9.900000000000002,robot2,robot3,4.446272551355461
9.900000000000002,robot2,robot4,4.334355753858928
9.900000000000002,robot3,robot4,1.4684268996681449
9.950000000000003,robot1,robot2,1.2403689372219056
9.950000000000003,robot1,robot3,4.30698017568795
9.950000000000003,robot1,robot4,4.604934167380137
9.950000000000003,robot2,robot3,4.441431775303319
9.950000000000003,robot2,robot4,4.329324949365662
9.950000000000003,robot3,robot4,1.466768130390758
10.000000000000004,robot1,robot2,1.23802559758068
10.000000000000004,robot1,robot3,4.302304539155034
10.000000000000004,robot1,robot4,4.599307675901342
10.000000000000004,robot2,robot3,4.436591109351976
10.000000000000004,robot2,robot4,4.324294242517962
10.000000000000004,robot3,robot4,1.465109559139179
10.050000000000002,robot1,robot2,1.236920046533425
10.050000000000002,robot1,robot3,4.297189054989843
10.050000000000002,robot1,robot4,4.594396376013638
10.050000000000002,robot2,robot3,4.431475870097258
10.050000000000002,robot2,robot4,4.319953875810076
10.050000000000002,robot3,robot4,1.462784149083948
10.100000000000003,robot1,robot2,1.235814565430429
10.100000000000003,robot1,robot3,4.292073709626152
10.100000000000003,robot1,robot4,4.589485076155058
10.100000000000003,robot2,robot3,4.426360678289331
10.100000000000003,robot2,robot4,4.315613523836443
10.100000000000003,robot3,robot4,1.460458950678861
10.150000000000002,robot1,robot2,1.2354309647071542
10.150000000000002,robot1,robot3,4.286728347532765
10.150000000000002,robot1,robot4,4.58466986900093
10.150000000000002,robot2,robot3,4.4211224556701945
10.150000000000002,robot2,robot4,4.31131988257497
10.150000000000002,robot3,robot4,1.4578365760022622
10.200000000000003,robot1,robot2,1.2350474620989267
10.200000000000003,robot1,robot3,4.281383348540049
10.200000000000003,robot1,robot4,4.579854665482956
10.200000000000003,robot2,robot3,4.415884239044429
10.200000000000003,robot2,robot4,4.3070263957242005
10.200000000000003,robot3,robot4,1.4552146943739948
10.250000000000004,robot1,robot2,1.2353240860551535
10.250000000000004,robot1,robot3,4.27589640062084
10.250000000000004,robot1,robot4,4.574685688137628
10.250000000000004,robot2,robot3,4.411044609073484
10.250000000000004,robot2,robot4,4.302660206554225
10.250000000000004,robot3,robot4,1.4526783816117037
10.300000000000002,robot1,robot2,1.235601159567682
10.300000000000002,robot1,robot3,4.270409845500195
10.300000000000002,robot1,robot4,4.569516745441798
10.300000000000002,robot2,robot3,4.406205011005502
10.300000000000002,robot2,robot4,4.298294438235705
10.300000000000002,robot3,robot4,1.4501422910080237
10.350000000000003,robot1,robot2,1.2366307487581936
10.350000000000003,robot1,robot3,4.265241832146948
10.350000000000003,robot1,robot4,4.563038880437684
10.350000000000003,robot2,robot3,4.402220196857604
10.350000000000003,robot2,robot4,4.292769050825964
10.350000000000003,robot3,robot4,1.4478527022598844
10.400000000000004,robot1,robot2,1.2376611569456322
10.400000000000004,robot1,robot3,4.260074013871824
10.400000000000004,robot1,robot4,4.556561144201292
10.400000000000004,robot2,robot3,4.398235779599133
10.400000000000004,robot2,robot4,4.2872447105693645
10.400000000000004,robot3,robot4,1.4455639815715524
10.450000000000003,robot1,robot2,1.2394344215396191
10.450000000000003,robot1,robot3,4.254956389744347
10.450000000000003,robot1,robot4,4.550039454608416
10.450000000000003,robot2,robot3,4.393901386694118
10.450000000000003,robot2,robot4,4.280923856937015
10.450000000000003,robot3,robot4,1.4435818624674528
10.500000000000004,robot1,robot2,1.2412078250498586
10.500000000000004,robot1,robot3,4.249838983316545
10.500000000000004,robot1,robot4,4.5435180642779445
10.500000000000004,robot2,robot3,4.389568027802736
10.500000000000004,robot2,robot4,4.274604403701588
10.500000000000004,robot3,robot4,1.4416010167868916
10.550000000000002,robot1,robot2,1.2436189116164165
10.550000000000002,robot1,robot3,4.2448679343516975
10.550000000000002,robot1,robot4,4.539253840447568
10.550000000000002,robot2,robot3,4.3856340484413705
10.550000000000002,robot2,robot4,4.270298523321291
10.550000000000002,robot3,robot4,1.4411346041901325
10.600000000000003,robot1,robot2,1.2460302134093701
10.600000000000003,robot1,robot3,4.239897110376618
10.600000000000003,robot1,robot4,4.534990455088963
10.600000000000003,robot2,robot3,4.381701698710331
10.600000000000003,robot2,robot4,4.265993345389208
10.600000000000003,robot3,robot4,1.4406682663264296
10.650000000000004,robot1,robot2,1.2492554326337753
10.650000000000004,robot1,robot3,4.234569821751821
10.650000000000004,robot1,robot4,4.530558457116214
10.650000000000004,robot2,robot3,4.3781586773644054
10.650000000000004,robot2,robot4,4.261824215162945
10.650000000000004,robot3,robot4,1.4407624108047794
10.700000000000003,robot1,robot2,1.25248166524744
10.700000000000003,robot1,robot3,4.229242886026883
10.700000000000003,robot1,robot4,4.526128269327881
10.700000000000003,robot2,robot3,4.374617963409604
10.700000000000003,robot2,robot4,4.257655816971822
10.700000000000003,robot3,robot4,1.4408565864568201
10.750000000000004,robot1,robot2,1.2564682531381368
10.750000000000004,robot1,robot3,4.222859358622366
10.750000000000004,robot1,robot4,4.520878738068546
10.750000000000004,robot2,robot3,4.371213359970489
10.750000000000004,robot2,robot4,4.253378099270537
10.750000000000004,robot3,robot4,1.4415317459505532
10.800000000000002,robot1,robot2,1.2604583961071467
10.800000000000002,robot1,robot3,4.2164762148966295
10.800000000000002,robot1,robot4,4.5156324186082735
10.800000000000002,robot2,robot3,4.367812266966153
10.800000000000002,robot2,robot4,4.249101251481895
10.800000000000002,robot3,robot4,1.442206924517075
10.850000000000003,robot1,robot2,1.2647037108856765
10.850000000000003,robot1,robot3,4.209502705405117
10.850000000000003,robot1,robot4,4.510635723879534
10.850000000000003,robot2,robot3,4.363893440635897
10.850000000000003,robot2,robot4,4.244814787236805
10.850000000000003,robot3,robot4,1.4436866421454657
10.900000000000004,robot1,robot2,1.2689520641556957
10.900000000000004,robot1,robot3,4.2025293826486205
10.900000000000004,robot1,robot4,4.50564283196893
10.900000000000004,robot2,robot3,4.359979779792562
10.900000000000004,robot2,robot4,4.240529078591255
10.900000000000004,robot3,robot4,1.4451668619401705
10.950000000000003,robot1,robot2,1.2735196253392607
10.950000000000003,robot1,robot3,4.195761040585188
10.950000000000003,robot1,robot4,4.50084583587363
10.950000000000003,robot2,robot3,4.355524745358847
10.950000000000003,robot2,robot4,4.235422406500235
10.950000000000003,robot3,robot4,1.4471301966860137
11.000000000000004,robot1,robot2,1.2780880398478036
11.000000000000004,robot1,robot3,4.188992825454466
11.000000000000004,robot1,robot4,4.496053206434394
11.000000000000004,robot2,robot3,4.351076403170254
11.000000000000004,robot2,robot4,4.230316438444882
11.000000000000004,robot3,robot4,1.4490938837066425
11.050000000000002,robot1,robot2,1.2824054690523004
11.050000000000002,robot1,robot3,4.182437936063277
11.050000000000002,robot1,robot4,4.491308032585523
11.050000000000002,robot2,robot3,4.346510329187312
11.050000000000002,robot2,robot4,4.224832561617086
11.050000000000002,robot3,robot4,1.451607135592823
11.100000000000003,robot1,robot2,1.2867233192357246
11.100000000000003,robot1,robot3,4.175883141144876
11.100000000000003,robot1,robot4,4.486568240566279
11.100000000000003,robot2,robot3,4.341950683230867
11.100000000000003,robot2,robot4,4.219348918670865
11.100000000000003,robot3,robot4,1.454120477298907
11.150000000000004,robot1,robot2,1.2907470401736356
11.150000000000004,robot1,robot3,4.1694107411836985
11.150000000000004,robot1,robot4,4.4815082610789085
11.150000000000004,robot2,robot3,4.337333215624203
11.150000000000004,robot2,robot4,4.213303263773983
11.150000000000004,robot3,robot4,1.4571710460452132
11.200000000000003,robot1,robot2,1.2947710779859893
11.200000000000003,robot1,robot3,4.162938412263386
11.200000000000003,robot1,robot4,4.476455146314325
11.200000000000003,robot2,robot3,4.332721736442925
11.200000000000003,robot2,robot4,4.2072576180601295
11.200000000000003,robot3,robot4,1.4602216599578304
11.250000000000004,robot1,robot2,1.2985484094980828
11.250000000000004,robot1,robot3,4.155553923224316
11.250000000000004,robot1,robot4,4.470946363569937
11.250000000000004,robot2,robot3,4.327687719374516
11.250000000000004,robot2,robot4,4.2010258884284735
11.250000000000004,robot3,robot4,1.464070216378385
11.300000000000002,robot1,robot2,1.302326556651979
11.300000000000002,robot1,robot3,4.148169436886831
11.300000000000002,robot1,robot4,4.465445862528959
11.300000000000002,robot2,robot3,4.322660572666446
11.300000000000002,robot2,robot4,4.194794195949308
11.300000000000002,robot3,robot4,1.4679187728634717
11.350000000000003,robot1,robot2,1.3053420418312782
11.350000000000003,robot1,robot3,4.140597283301196
11.350000000000003,robot1,robot4,4.45989653982612
11.350000000000003,robot2,robot3,4.3174347837772835
11.350000000000003,robot2,robot4,4.18857459617723
11.350000000000003,robot3,robot4,1.4723133371359003
11.400000000000004,robot1,robot2,1.3083583139553172
11.400000000000004,robot1,robot3,4.133025203904883
11.400000000000004,robot1,robot4,4.454355267109372
11.400000000000004,robot2,robot3,4.312215802464552
11.400000000000004,robot2,robot4,4.1823552545953095
11.400000000000004,robot3,robot4,1.4767079172768054
11.450000000000003,robot1,robot2,1.310577558763788
11.450000000000003,robot1,robot3,4.125509197222871
11.450000000000003,robot1,robot4,4.448827124938689
11.450000000000003,robot2,robot3,4.307028099831861
11.450000000000003,robot2,robot4,4.176289658050612
11.450000000000003,robot3,robot4,1.4814374618542798
11.500000000000004,robot1,robot2,1.3127976684733258
11.500000000000004,robot1,robot3,4.117993452998316
11.500000000000004,robot1,robot4,4.443306669148102
11.500000000000004,robot2,robot3,4.301846429921923
11.500000000000004,robot2,robot4,4.170224742850797
11.500000000000004,robot3,robot4,1.4861670192360616
11.550000000000004,robot1,robot2,1.3141979654208304
11.550000000000004,robot1,robot3,4.110540594789205
11.550000000000004,robot1,robot4,4.437761735304436
11.550000000000004,robot2,robot3,4.296731141722652
11.550000000000004,robot2,robot4,4.16431057367513
11.550000000000004,robot3,robot4,1.4912458376187514
11.600000000000003,robot1,robot2,1.3155992789569324
11.600000000000003,robot1,robot3,4.103088308224062
11.600000000000003,robot1,robot4,4.432224198522566
11.600000000000003,robot2,robot3,4.291621086094274
11.600000000000003,robot2,robot4,4.158397753838008
11.600000000000003,robot3,robot4,1.4963246594967285
11.650000000000004,robot1,robot2,1.3163598594887533
11.650000000000004,robot1,robot3,4.09492408521907
11.650000000000004,robot1,robot4,4.426015713668106
11.650000000000004,robot2,robot3,4.286378831139229
11.650000000000004,robot2,robot4,4.152563195847385
11.650000000000004,robot3,robot4,1.5014096451426078
11.700000000000003,robot1,robot2,1.3171231031551305
11.700000000000003,robot1,robot3,4.086760550113255
11.700000000000003,robot1,robot4,4.41981494609548
11.700000000000003,robot2,robot3,4.2811408464932565
11.700000000000003,robot2,robot4,4.146730625050294
11.700000000000003,robot3,robot4,1.506494639076091
11.750000000000004,robot1,robot2,1.3174217225331646
11.750000000000004,robot1,robot3,4.077888168408649
11.750000000000004,robot1,robot4,4.412549613514986
11.750000000000004,robot2,robot3,4.275634828267844
11.750000000000004,robot2,robot4,4.140300964959069
11.750000000000004,robot3,robot4,1.5117247460420833
11.800000000000004,robot1,robot2,1.3177251998865318
11.800000000000004,robot1,robot3,4.069016270404555
11.800000000000004,robot1,robot4,4.405294557760468
11.800000000000004,robot2,robot3,4.270131834723724
11.800000000000004,robot2,robot4,4.133874839109911
11.800000000000004,robot3,robot4,1.5169550123049136
11.850000000000003,robot1,robot2,1.3173261097322295
11.850000000000003,robot1,robot3,4.059784238698652
11.850000000000003,robot1,robot4,4.397623234543547
11.850000000000003,robot2,robot3,4.262580877042832
11.850000000000003,robot2,robot4,4.125640241337882
11.850000000000003,robot3,robot4,1.5216597053580183
11.900000000000004,robot1,robot2,1.316927771265
11.900000000000004,robot1,robot3,4.050552628158902
11.900000000000004,robot1,robot4,4.389961396883235
11.900000000000004,robot2,robot3,4.255032653014074
11.900000000000004,robot2,robot4,4.11740994873282
11.900000000000004,robot3,robot4,1.526364504337021
11.950000000000003,robot1,robot2,1.3163299244904372
11.950000000000003,robot1,robot3,4.040974012931165
11.950000000000003,robot1,robot4,4.381921910228548
11.950000000000003,robot2,robot3,4.246925625563273
11.950000000000003,robot2,robot4,4.108839529240586
11.950000000000003,robot3,robot4,1.5303438792663566
12.000000000000004,robot1,robot2,1.3157326568452268
12.000000000000004,robot1,robot3,4.031395720514794
12.000000000000004,robot1,robot4,4.3738907095227
12.000000000000004,robot2,robot3,4.238821035761713
12.000000000000004,robot2,robot4,4.100272787421344
12.000000000000004,robot3,robot4,1.534323287285962
12.050000000000004,robot1,robot2,1.3150188797855715
12.050000000000004,robot1,robot3,4.0206198400174875
12.050000000000004,robot1,robot4,4.364642841771706
12.050000000000004,robot2,robot3,4.2300193492222045
12.050000000000004,robot2,robot4,4.091166377757386
12.050000000000004,robot3,robot4,1.5375094971805054
12.100000000000003,robot1,robot2,1.314306754375477
12.100000000000003,robot1,robot3,4.009844136147438
12.100000000000003,robot1,robot4,4.35540317180683
12.100000000000003,robot2,robot3,4.221219812092352
12.100000000000003,robot2,robot4,4.082063058282417
12.100000000000003,robot3,robot4,1.540695715845605
12.150000000000004,robot1,robot2,1.3136604268592398
12.150000000000004,robot1,robot3,3.9984975905643907
12.150000000000004,robot1,robot4,4.345561581803265
12.150000000000004,robot2,robot3,4.21193236740706
12.150000000000004,robot2,robot4,4.07259402915789
12.150000000000004,robot3,robot4,1.5431102580030536
12.200000000000003,robot1,robot2,1.313016070962195
12.200000000000003,robot1,robot3,3.987151118528741
12.200000000000003,robot1,robot4,4.335727554960181
12.200000000000003,robot2,robot3,4.202646968803351
12.200000000000003,robot2,robot4,4.063127290360468
12.200000000000003,robot3,robot4,1.5455248002875919
12.250000000000004,robot1,robot2,1.3123824246621105
12.250000000000004,robot1,robot3,3.9752123249542586
12.250000000000004,robot1,robot4,4.325598940545111
12.250000000000004,robot2,robot3,4.192770645138038
12.250000000000004,robot2,robot4,4.053483389948575
12.250000000000004,robot3,robot4,1.5474082343261104
12.300000000000004,robot1,robot2,1.3117506314543934
12.300000000000004,robot1,robot3,3.9632736205863948
12.300000000000004,robot1,robot4,4.315476645902396
12.300000000000004,robot2,robot3,4.182896774047501
12.300000000000004,robot2,robot4,4.043840988510303
12.300000000000004,robot3,robot4,1.5492918534430498
12.350000000000003,robot1,robot2,1.3111589893344362
12.350000000000003,robot1,robot3,3.9512380375244724
12.350000000000003,robot1,robot4,4.305077329946176
12.350000000000003,robot2,robot3,4.172891025749443
12.350000000000003,robot2,robot4,4.034071051574823
12.350000000000003,robot3,robot4,1.5504622871380167
12.400000000000004,robot1,robot2,1.3105691930306465
12.400000000000004,robot1,robot3,3.9392025036264626
12.400000000000004,robot1,robot4,4.294683287503398
12.400000000000004,robot2,robot3,4.1628876406151045
12.400000000000004,robot2,robot4,4.024301997427628
12.400000000000004,robot3,robot4,1.5516329317419115
12.450000000000005,robot1,robot2,1.3101677950462107
12.450000000000005,robot1,robot3,3.9269782728105636
12.450000000000005,robot1,robot4,4.283845029724727
12.450000000000005,robot2,robot3,4.152694927610562
12.450000000000005,robot2,robot4,4.014201694338801
12.450000000000005,robot3,robot4,1.5520838759129612
12.500000000000004,robot1,robot2,1.3097682879815042
12.500000000000004,robot1,robot3,3.91475404848095
12.500000000000004,robot1,robot4,4.273011494957625
12.500000000000004,robot2,robot3,4.142504554533161
12.500000000000004,robot2,robot4,4.004101809086526
12.500000000000004,robot3,robot4,1.5525349661254009
12.550000000000004,robot1,robot2,1.3102143093257683
12.550000000000004,robot1,robot3,3.9021166732885173
12.550000000000004,robot1,robot4,4.260915881862283
12.550000000000004,robot2,robot3,4.132117253008104
12.550000000000004,robot2,robot4,3.992700450781556
12.550000000000004,robot3,robot4,1.5523912529373836
12.600000000000003,robot1,robot2,1.3106625919656059
12.600000000000003,robot1,robot3,3.8894793745216067
12.600000000000003,robot1,robot4,4.248826569424197
12.600000000000003,robot2,robot3,4.121732658334962
12.600000000000003,robot2,robot4,3.9812992111250556
12.600000000000003,robot3,robot4,1.5522477046141832
12.650000000000004,robot1,robot2,1.3120338518249064
12.650000000000004,robot1,robot3,3.8759725345488443
12.650000000000004,robot1,robot4,4.23689543719328
12.650000000000004,robot2,robot3,4.1105892391659005
12.650000000000004,robot2,robot4,3.9698403227477854
12.650000000000004,robot3,robot4,1.5519128662979922
12.700000000000005,robot1,robot2,1.3134071710844282
12.700000000000005,robot1,robot3,3.862466001831601
12.700000000000005,robot1,robot4,4.224971403539909
12.700000000000005,robot2,robot3,4.0994497560400704
12.700000000000005,robot2,robot4,3.958381435990472
12.700000000000005,robot3,robot4,1.551578138633372
12.750000000000004,robot1,robot2,1.3156861930295158
12.750000000000004,robot1,robot3,3.8490553609822555
12.750000000000004,robot1,robot4,4.21298979625687
12.750000000000004,robot2,robot3,4.088456063255082
12.750000000000004,robot2,robot4,3.946653405786983
12.750000000000004,robot3,robot4,1.5509198129588293
12.800000000000004,robot1,robot2,1.3179670962941374
12.800000000000004,robot1,robot3,3.835645464968053
12.800000000000004,robot1,robot4,4.201016293304751
12.800000000000004,robot2,robot3,4.077466949692173
12.800000000000004,robot2,robot4,3.9349254468873984
12.800000000000004,robot3,robot4,1.5502615022743742
12.850000000000003,robot1,robot2,1.3212921424645272
12.850000000000003,robot1,robot3,3.8217677072504346
12.850000000000003,robot1,robot4,4.188426196945876
12.850000000000003,robot2,robot3,4.06626138874129
12.850000000000003,robot2,robot4,3.9223900926115185
12.850000000000003,robot3,robot4,1.5494552945923448
12.900000000000004,robot1,robot2,1.324619275301398
12.900000000000004,robot1,robot3,3.8078914431234763
12.900000000000004,robot1,robot4,4.175846890341885
12.900000000000004,robot2,robot3,4.0550615098285485
12.900000000000004,robot2,robot4,3.9098549814715624
12.900000000000004,robot3,robot4,1.5486491322055491
12.950000000000005,robot1,robot2,1.3286431503384386
12.950000000000005,robot1,robot3,3.7932277939138443
12.950000000000005,robot1,robot4,4.163218611203745
12.950000000000005,robot2,robot3,4.043271361146472
12.950000000000005,robot2,robot4,3.897170524554961
12.950000000000005,robot3,robot4,1.5477684852267954
13.000000000000004,robot1,robot2,1.3326692595032725
13.000000000000004,robot1,robot3,3.7785663467824664
13.000000000000004,robot1,robot4,4.1506027775643615
13.000000000000004,robot2,robot3,4.031488070251479
13.000000000000004,robot2,robot4,3.884486493740195
13.000000000000004,robot3,robot4,1.5468879009165466
13.050000000000004,robot1,robot2,1.3373500884185119
13.050000000000004,robot1,robot3,3.763670401046861
13.050000000000004,robot1,robot4,4.138208658912995
13.050000000000004,robot2,robot3,4.019592059227683
13.050000000000004,robot2,robot4,3.871874754961024
13.050000000000004,robot3,robot4,1.5460220439114862
13.100000000000003,robot1,robot2,1.342033057432268
13.100000000000003,robot1,robot3,3.7487772334957423
13.100000000000003,robot1,robot4,4.125828138420818
13.100000000000003,robot2,robot3,4.007704111746399
13.100000000000003,robot2,robot4,3.85926370853716
13.100000000000003,robot3,robot4,1.5451564567657863
13.150000000000004,robot1,robot2,1.347271028102457
13.150000000000004,robot1,robot3,3.734797597831841
13.150000000000004,robot1,robot4,4.113474306535928
13.150000000000004,robot2,robot3,3.9970852713286265
13.150000000000004,robot2,robot4,3.846692690728035
13.150000000000004,robot3,robot4,1.5447407000300242
13.200000000000005,robot1,robot2,1.3525115306924378
13.200000000000005,robot1,robot3,3.720820553863084
13.200000000000005,robot1,robot4,4.101135747864242
13.200000000000005,robot2,robot3,3.9864754876429367
13.200000000000005,robot2,robot4,3.8341225572318356
13.200000000000005,robot3,robot4,1.5443250568516982
13.250000000000004,robot1,robot2,1.3577820246262842
13.250000000000004,robot1,robot3,3.705472295316245
13.250000000000004,robot1,robot4,4.088862488985689
13.250000000000004,robot2,robot3,3.974361314133001
13.250000000000004,robot2,robot4,3.8209874140923956
13.250000000000004,robot3,robot4,1.5449928024558885
13.300000000000004,robot1,robot2,1.3630538449617464
13.300000000000004,robot1,robot3,3.6901256799037334
13.300000000000004,robot1,robot4,4.076606225418515
13.300000000000004,robot2,robot3,3.962260734215505
13.300000000000004,robot2,robot4,3.8078528698955783
13.300000000000004,robot3,robot4,1.5456609725583421
13.350000000000003,robot1,robot2,1.3673926622797494
13.350000000000003,robot1,robot3,3.674437431085335
13.350000000000003,robot1,robot4,4.064317854815153
13.350000000000003,robot2,robot3,3.9497614260340455
13.350000000000003,robot2,robot4,3.794622593791937
13.350000000000003,robot3,robot4,1.5472506542368145
13.400000000000004,robot1,robot2,1.3717326572685367
13.400000000000004,robot1,robot3,3.6587498658198805
13.400000000000004,robot1,robot4,4.052046905143127
13.400000000000004,robot2,robot3,3.9372764065785364
13.400000000000004,robot2,robot4,3.781392404694994
13.400000000000004,robot3,robot4,1.5488410428914263
13.450000000000005,robot1,robot2,1.3751627300856073
13.450000000000005,robot1,robot3,3.6431343483949696
13.450000000000005,robot1,robot4,4.0392565374843725
13.450000000000005,robot2,robot3,3.924898179262902
13.450000000000005,robot2,robot4,3.7676122830208048
13.450000000000005,robot3,robot4,1.5514072091855835
13.500000000000004,robot1,robot2,1.3785940704794144
13.500000000000004,robot1,robot3,3.627518969387478
13.500000000000004,robot1,robot4,4.02648548486307
13.500000000000004,robot2,robot3,3.9125342678147867
13.500000000000004,robot2,robot4,3.753832226680888
13.500000000000004,robot3,robot4,1.5539734262441558
13.550000000000004,robot1,robot2,1.3813918723854215
13.550000000000004,robot1,robot3,3.6113271661857556
13.550000000000004,robot1,robot4,4.012800912115407
13.550000000000004,robot2,robot3,3.899823241687531
13.550000000000004,robot2,robot4,3.7391706416427746
13.550000000000004,robot3,robot4,1.5573888595821215
13.600000000000005,robot1,robot2,1.38419130368927
13.600000000000005,robot1,robot3,3.59513536312626
13.600000000000005,robot1,robot4,3.999138774132499
13.600000000000005,robot2,robot3,3.887127559823576
13.600000000000005,robot2,robot4,3.724509561163857
13.600000000000005,robot3,robot4,1.5608043444496822
13.650000000000004,robot1,robot2,1.38658826170109
13.650000000000004,robot1,robot3,3.578457435809631
13.650000000000004,robot1,robot4,3.9855277916494622
13.650000000000004,robot2,robot3,3.8740581803055036
13.650000000000004,robot2,robot4,3.7097576436786937
13.650000000000004,robot3,robot4,1.5651977416481604
13.700000000000005,robot1,robot2,1.388986696037079
13.700000000000005,robot1,robot3,3.56177966964662
13.700000000000005,robot1,robot4,3.9719405772087004
13.700000000000005,robot2,robot3,3.8610067571103768
13.700000000000005,robot2,robot4,3.6950067720177437
13.700000000000005,robot3,robot4,1.5695911458698413
13.750000000000004,robot1,robot2,1.3909002341215024
13.750000000000004,robot1,robot3,3.544960342300777
13.750000000000004,robot1,robot4,3.9585329837110734
13.750000000000004,robot2,robot3,3.8478915476152644
13.750000000000004,robot2,robot4,3.6804294150881693
13.750000000000004,robot3,robot4,1.574679654866745
13.800000000000004,robot1,robot2,1.3928153434626573
13.800000000000004,robot1,robot3,3.5281414908295545
13.800000000000004,robot1,robot4,3.945150144242547
13.800000000000004,robot2,robot3,3.8347950004473503
13.800000000000004,robot2,robot4,3.6658539243109503
13.800000000000004,robot3,robot4,1.5797682250260643
13.850000000000005,robot1,robot2,1.394208100183488
13.850000000000005,robot1,robot3,3.5114800913798785
13.850000000000005,robot1,robot4,3.9319256633772963
13.850000000000005,robot2,robot3,3.821866487725597
13.850000000000005,robot2,robot4,3.651423643933177
13.850000000000005,robot3,robot4,1.5854615906713891
13.900000000000004,robot1,robot2,1.3956024898487394
13.900000000000004,robot1,robot3,3.4948196183093616
13.900000000000004,robot1,robot4,3.9187268096718593
13.900000000000004,robot2,robot3,3.8089565958692666
13.900000000000004,robot2,robot4,3.636996312846769
13.900000000000004,robot3,robot4,1.5911549844779425
13.950000000000005,robot1,robot2,1.3966318093737164
13.950000000000005,robot1,robot3,3.47733250606244
13.950000000000005,robot1,robot4,3.9047500847465884
13.950000000000005,robot2,robot3,3.795247727313856
13.950000000000005,robot2,robot4,3.621625679061268
13.950000000000005,robot3,robot4,1.597297974298159
14.000000000000004,robot1,robot2,1.3976626651728232
14.000000000000004,robot1,robot3,3.4598467792030894
14.000000000000004,robot1,robot4,3.8908019072768267
14.000000000000004,robot2,robot3,3.7815593826700633
14.000000000000004,robot2,robot4,3.606259054387107
14.000000000000004,robot3,robot4,1.6034409698286374
14.050000000000004,robot1,robot2,1.39850320600142
14.050000000000004,robot1,robot3,3.442192735516489
14.050000000000004,robot1,robot4,3.8767664040234604
14.050000000000004,robot2,robot3,3.7674929127864645
14.050000000000004,robot2,robot4,3.5904767134685946
14.050000000000004,robot3,robot4,1.6098745818691906
14.100000000000005,robot1,robot2,1.3993447418720664
14.100000000000005,robot1,robot3,3.4245404730334235
14.100000000000005,robot1,robot4,3.8627605556778937
14.100000000000005,robot2,robot3,3.7534485845889765
14.100000000000005,robot2,robot4,3.5746990114707544
14.100000000000005,robot3,robot4,1.616308200995405
14.150000000000004,robot1,robot2,1.399903519248559
14.150000000000004,robot1,robot3,3.4062907397532127
14.150000000000004,robot1,robot4,3.847935882090454
14.150000000000004,robot2,robot3,3.7388424668398357
14.150000000000004,robot2,robot4,3.5579164377984256
14.150000000000004,robot3,robot4,1.62315892480812
14.200000000000005,robot1,robot2,1.4004633140289682
14.200000000000005,robot1,robot3,3.3880431531162625
14.200000000000005,robot1,robot4,3.833145344307464
14.200000000000005,robot2,robot3,3.724259724944675
14.200000000000005,robot2,robot4,3.5411400937868844
14.200000000000005,robot3,robot4,1.6300097294065463
14.250000000000004,robot1,robot2,1.4007465307765357
14.250000000000004,robot1,robot3,3.3694476547399415
14.250000000000004,robot1,robot4,3.8178403162192684
14.250000000000004,robot2,robot3,3.7091815327745814
14.250000000000004,robot2,robot4,3.5239417064177214
14.250000000000004,robot3,robot4,1.6362268503408235
14.300000000000004,robot1,robot2,1.4010307722576973
14.300000000000004,robot1,robot3,3.3508540281713244
14.300000000000004,robot1,robot4,3.802569057361745
14.300000000000004,robot2,robot3,3.694125637853292
14.300000000000004,robot2,robot4,3.5067494483889194
14.300000000000004,robot3,robot4,1.6424440644980887
14.350000000000005,robot1,robot2,1.4005597570460888
14.350000000000005,robot1,robot3,3.3329337874783067
14.350000000000005,robot1,robot4,3.787522639168806
14.350000000000005,robot2,robot3,3.6779806094263856
14.350000000000005,robot2,robot4,3.4885862174699422
14.350000000000005,robot3,robot4,1.6477976042804077
14.400000000000004,robot1,robot2,1.4000888524393729
14.400000000000004,robot1,robot3,3.3150155998875768
14.400000000000004,robot1,robot4,3.772504258829934
14.400000000000004,robot2,robot3,3.661857485653011
14.400000000000004,robot2,robot4,3.4704287834567342
14.400000000000004,robot3,robot4,1.6531512194521107
14.450000000000005,robot1,robot2,1.3997650179942704
14.450000000000005,robot1,robot3,3.297007015458147
14.450000000000005,robot1,robot4,3.7574656343371915
14.450000000000005,robot2,robot3,3.6450357806879263
14.450000000000005,robot2,robot4,3.4518162899714824
14.450000000000005,robot3,robot4,1.6576365235398414
14.500000000000005,robot1,robot2,1.3994417247091784
14.500000000000005,robot1,robot3,3.2789995741849354
14.500000000000005,robot1,robot4,3.742454777993982
14.500000000000005,robot2,robot3,3.628235228461626
14.500000000000005,robot2,robot4,3.4332089798544136
14.500000000000005,robot3,robot4,1.6621218485372848
14.550000000000004,robot1,robot2,1.3995266281419942
14.550000000000004,robot1,robot3,3.2584053881937387
14.550000000000004,robot1,robot4,3.725212937793756
14.550000000000004,robot2,robot3,3.61109523393395
14.550000000000004,robot2,robot4,3.41447442322453
14.550000000000004,robot3,robot4,1.6658043001421268
14.600000000000005,robot1,robot2,1.3996132084418895
14.600000000000005,robot1,robot3,3.2378116004222646
14.600000000000005,robot1,robot4,3.708006252894672
14.600000000000005,robot2,robot3,3.593974941012804
14.600000000000005,robot2,robot4,3.395744576247893
14.600000000000005,robot3,robot4,1.6694867569360952
14.650000000000004,robot1,robot2,1.3992766900875966
14.650000000000004,robot1,robot3,3.217430972266264
14.650000000000004,robot1,robot4,3.6903424054543015
14.650000000000004,robot2,robot3,3.576582647822113
14.650000000000004,robot2,robot4,3.376466913764777
14.650000000000004,robot3,robot4,1.6723964603944845
14.700000000000005,robot1,robot2,1.3989412993921508
14.700000000000005,robot1,robot3,3.1970506647133368
14.700000000000005,robot1,robot4,3.6727119882404318
14.700000000000005,robot2,robot3,3.5592084431801667
14.700000000000005,robot2,robot4,3.3571937347570495
14.700000000000005,robot3,robot4,1.6753063197997553
14.750000000000005,robot1,robot2,1.3984832589001557
14.750000000000005,robot1,robot3,3.177110701027624
14.750000000000005,robot1,robot4,3.6551511440374442
14.750000000000005,robot2,robot3,3.5416450252192466
14.750000000000005,robot2,robot4,3.3375777179532817
14.750000000000005,robot3,robot4,1.677675660240978
14.800000000000004,robot1,robot2,1.3980256687174955
14.800000000000004,robot1,robot3,3.1571708768524065
14.800000000000004,robot1,robot4,3.6376234435059374
14.800000000000004,robot2,robot3,3.5240983935372734
14.800000000000004,robot2,robot4,3.3179662467127344
14.800000000000004,robot3,robot4,1.680045381563546
14.850000000000005,robot1,robot2,1.3985643656143434
14.850000000000005,robot1,robot3,3.1372345582956482
14.850000000000005,robot1,robot4,3.62070997062413
14.850000000000005,robot2,robot3,3.506392589019695
14.850000000000005,robot2,robot4,3.2985518241501435
14.850000000000005,robot3,robot4,1.6818357804704063
14.900000000000004,robot1,robot2,1.3991032042969527
14.900000000000004,robot1,robot3,3.1172982445792687
14.900000000000004,robot1,robot4,3.603830051187763
14.900000000000004,robot2,robot3,3.488705529597617
14.900000000000004,robot2,robot4,3.27914029971058
14.900000000000004,robot3,robot4,1.6836262082888234
14.950000000000005,robot1,robot2,1.4006157138389173
14.950000000000005,robot1,robot3,3.096746958544803
14.950000000000005,robot1,robot4,3.5870275569033807
14.950000000000005,robot2,robot3,3.4706960835897154
14.950000000000005,robot2,robot4,3.259623223170316
14.950000000000005,robot3,robot4,1.6851785056890116
15.000000000000005,robot1,robot2,1.4021283373985423
15.000000000000005,robot1,robot3,3.0761957795077004
15.000000000000005,robot1,robot4,3.570260749632299
15.000000000000005,robot2,robot3,3.452709558617548
15.000000000000005,robot2,robot4,3.240107829216951
15.000000000000005,robot3,robot4,1.6867308779037635
15.050000000000004,robot1,robot2,1.404623801688997
15.050000000000004,robot1,robot3,3.0557013899565657
15.050000000000004,robot1,robot4,3.553623710410824
15.050000000000004,robot2,robot3,3.4349796811150477
15.050000000000004,robot2,robot4,3.2205461101844572
15.050000000000004,robot3,robot4,1.6878921953443888
15.100000000000005,robot1,robot2,1.4071193529651282
15.100000000000005,robot1,robot3,3.0352074267365956
15.100000000000005,robot1,robot4,3.5370242620294516
15.100000000000005,robot2,robot3,3.4172754220358046
15.100000000000005,robot2,robot4,3.2009851341488584
15.100000000000005,robot3,robot4,1.689053578125928
15.150000000000004,robot1,robot2,1.4105744916554392
15.150000000000004,robot1,robot3,3.0147886039822493
15.150000000000004,robot1,robot4,3.519848252972312
15.150000000000004,robot2,robot3,3.399826823034114
15.150000000000004,robot2,robot4,3.180508317723951
15.150000000000004,robot3,robot4,1.6898973296484612
15.200000000000005,robot1,robot2,1.4140296909418137
15.200000000000005,robot1,robot3,2.9943707714636782
15.200000000000005,robot1,robot4,3.502715480876514
15.200000000000005,robot2,robot3,3.3824065219126145
15.200000000000005,robot2,robot4,3.1600317968813205
15.200000000000005,robot3,robot4,1.6907412861393076
15.250000000000005,robot1,robot2,1.4185805061607364
15.250000000000005,robot1,robot3,2.973315823238298
15.250000000000005,robot1,robot4,3.4848942951062716
15.250000000000005,robot2,robot3,3.3649553846225047
15.250000000000005,robot2,robot4,3.138774171325644
15.250000000000005,robot3,robot4,1.6914023413194745
15.300000000000004,robot1,robot2,1.4231315804605005
15.300000000000004,robot1,robot3,2.952262829022002
15.300000000000004,robot1,robot4,3.4671248707142053
15.300000000000004,robot2,robot3,3.3475364237535925
15.300000000000004,robot2,robot4,3.1175166133461087
15.300000000000004,robot3,robot4,1.692064050708483
15.350000000000005,robot1,robot2,1.4282711038350708
15.350000000000005,robot1,robot3,2.9304648598004444
15.350000000000005,robot1,robot4,3.449399920984263
15.350000000000005,robot2,robot3,3.3295336514650953
15.350000000000005,robot2,robot4,3.0961065663954446
15.350000000000005,robot3,robot4,1.69249799915347
15.400000000000004,robot1,robot2,1.4334108638171408
15.400000000000004,robot1,robot3,2.908669807736861
15.400000000000004,robot1,robot4,3.431730390396366
15.400000000000004,robot2,robot3,3.311566783855792
15.400000000000004,robot2,robot4,3.07469652313281
15.400000000000004,robot3,robot4,1.6929320548379962
15.450000000000005,robot1,robot2,1.4391133541144359
15.450000000000005,robot1,robot3,2.886544647383267
15.450000000000005,robot1,robot4,3.4143054509233632
15.450000000000005,robot2,robot3,3.2933932662897227
15.450000000000005,robot2,robot4,3.0533411651052833
15.450000000000005,robot3,robot4,1.693188079649157
15.500000000000005,robot1,robot2,1.4448160467675468
15.500000000000005,robot1,robot3,2.8644234672471156
15.500000000000005,robot1,robot4,3.396938871664603
15.500000000000005,robot2,robot3,3.2752587522943872
15.500000000000005,robot2,robot4,3.0319858264716513
15.500000000000005,robot3,robot4,1.6934441044906088
15.550000000000004,robot1,robot2,1.4510631527788518
15.550000000000004,robot1,robot3,2.8424343167588306
15.550000000000004,robot1,robot4,3.379196177710461
15.550000000000004,robot2,robot3,3.257297094429097
15.550000000000004,robot2,robot4,3.0099235392924
15.550000000000004,robot3,robot4,1.6934832855650657
15.600000000000005,robot1,robot2,1.457310411183905
15.600000000000005,robot1,robot3,2.8204504508984
15.600000000000005,robot1,robot4,3.3615183512052984
15.600000000000005,robot2,robot3,3.2393762104828125
15.600000000000005,robot2,robot4,2.987861331246312
15.600000000000005,robot3,robot4,1.6935228069172852
15.650000000000006,robot1,robot2,1.4640538334276687
15.650000000000006,robot1,robot3,2.798283897830103
15.650000000000006,robot1,robot4,3.343609408817249
15.650000000000006,robot2,robot3,3.2216388181927664
15.650000000000006,robot2,robot4,2.9656290283541846
15.650000000000006,robot3,robot4,1.6933362495011144
15.700000000000005,robot1,robot2,1.470797610333931
15.700000000000005,robot1,robot3,2.7761239186642928
15.700000000000005,robot1,robot4,3.3257704221309363
15.700000000000005,robot2,robot3,3.2039441350248277
15.700000000000005,robot2,robot4,2.943396959746508
15.700000000000005,robot3,robot4,1.6931502629196855
15.750000000000005,robot1,robot2,1.4775392321601826
15.750000000000005,robot1,robot3,2.7533630679815886
15.750000000000005,robot1,robot4,3.3073056739867557
15.750000000000005,robot2,robot3,3.1861098188145505
15.750000000000005,robot2,robot4,2.920828122960419
15.750000000000005,robot3,robot4,1.6928453606428437
15.800000000000004,robot1,robot2,1.4842815231895874
15.800000000000004,robot1,robot3,2.730608354970004
15.800000000000004,robot1,robot4,3.2889130774456463
15.800000000000004,robot2,robot3,3.1683223445404023
15.800000000000004,robot2,robot4,2.8982597585062986
15.800000000000004,robot3,robot4,1.692541005956724
15.850000000000005,robot1,robot2,1.490294265557142
15.850000000000005,robot1,robot3,2.707816845433649
15.850000000000005,robot1,robot4,3.2702171947787333
15.850000000000005,robot2,robot3,3.149947736902668
15.850000000000005,robot2,robot4,2.8748226653183298
15.850000000000005,robot3,robot4,1.6925582295466972
15.900000000000006,robot1,robot2,1.4963070428772303
15.900000000000006,robot1,robot3,2.685029264915559
15.900000000000006,robot1,robot4,3.2515915948921053
15.900000000000006,robot2,robot3,3.1316263125968575
15.900000000000006,robot2,robot4,2.8513859358650464
15.900000000000006,robot3,robot4,1.6925760720422585
15.950000000000005,robot1,robot2,1.5013257201424517
15.950000000000005,robot1,robot3,2.6621342255683667
15.950000000000005,robot1,robot4,3.232679933465806
15.950000000000005,robot2,robot3,3.1132239340833228
15.950000000000005,robot2,robot4,2.8279057459330637
15.950000000000005,robot3,robot4,1.692948511317459
16.000000000000007,robot1,robot2,1.5063444478010342
16.000000000000007,robot1,robot3,2.6392413528809717
16.000000000000007,robot1,robot4,3.213836949469743
16.000000000000007,robot2,robot3,3.094876425250285
16.000000000000007,robot2,robot4,2.8044256799237846
16.000000000000007,robot3,robot4,1.6933215535798272
16.050000000000004,robot1,robot2,1.5104009918946197
16.050000000000004,robot1,robot3,2.6164594267768115
16.050000000000004,robot1,robot4,3.194716128544912
16.050000000000004,robot2,robot3,3.0766386117152256
16.050000000000004,robot2,robot4,2.7808702884608336
16.050000000000004,robot3,robot4,1.6940768082803241
16.10000000000001,robot1,robot2,1.514457589764072
16.10000000000001,robot1,robot3,2.593678366432504
16.10000000000001,robot1,robot4,3.175662540929213
16.10000000000001,robot2,robot3,3.058457078213455
16.10000000000001,robot2,robot4,2.7573149072322116
16.10000000000001,robot3,robot4,1.6948329332535996
16.150000000000006,robot1,robot2,1.5177552444192874
16.150000000000006,robot1,robot3,2.570289668644371
16.150000000000006,robot1,robot4,3.155276733394472
16.150000000000006,robot2,robot3,3.040304015722809
16.150000000000006,robot2,robot4,2.7329454523528707
16.150000000000006,robot3,robot4,1.695947483837427
16.200000000000006,robot1,robot2,1.521053451743561
16.200000000000006,robot1,robot3,2.5469012105419364
16.200000000000006,robot1,robot4,3.1349653833024984
16.200000000000006,robot2,robot3,3.0222089630938793
16.200000000000006,robot2,robot4,2.708576038630627
16.200000000000006,robot3,robot4,1.6970645633543238
16.250000000000007,robot1,robot2,1.5238523418304843
16.250000000000007,robot1,robot3,2.523316666817699
16.250000000000007,robot1,robot4,3.114251018686232
16.250000000000007,robot2,robot3,3.0038099734833814
16.250000000000007,robot2,robot4,2.68337403573607
16.250000000000007,robot3,robot4,1.698770610595866
16.300000000000008,robot1,robot2,1.5266515372474496
16.300000000000008,robot1,robot3,2.4997321497224423
16.300000000000008,robot1,robot4,3.0936181299329726
16.300000000000008,robot2,robot3,2.9854735434808304
16.300000000000008,robot2,robot4,2.658172380506949
16.300000000000008,robot3,robot4,1.7004804018776578
16.35000000000001,robot1,robot2,1.5291002774528069
16.35000000000001,robot1,robot3,2.475415693012484
16.35000000000001,robot1,robot4,3.073480052993549
16.35000000000001,robot2,robot3,2.9665956128718034
16.35000000000001,robot2,robot4,2.6332944646744267
16.35000000000001,robot3,robot4,1.7029602216165387
16.400000000000006,robot1,robot2,1.5315491830199255
16.400000000000006,robot1,robot3,2.451099317656872
16.400000000000006,robot1,robot4,3.053423899393758
16.400000000000006,robot2,robot3,2.9477902255264
16.400000000000006,robot2,robot4,2.6084172005739386
16.400000000000006,robot3,robot4,1.705441078357444
16.450000000000006,robot1,robot2,1.5336914261314925
16.450000000000006,robot1,robot3,2.4265174032821677
16.450000000000006,robot1,robot4,3.034177745409122
16.450000000000006,robot2,robot3,2.928878122337798
16.450000000000006,robot2,robot4,2.584214119396694
16.450000000000006,robot3,robot4,1.708725562457369
16.500000000000007,robot1,robot2,1.5358338259238857
16.500000000000007,robot1,robot3,2.401935819912137
16.500000000000007,robot1,robot4,3.0150157080076694
16.500000000000007,robot2,robot3,2.9100440821075177
16.500000000000007,robot2,robot4,2.560012476703382
16.500000000000007,robot3,robot4,1.712010160349524
16.550000000000008,robot1,robot2,1.5367356854310539
16.550000000000008,robot1,robot3,2.385997943966526
16.550000000000008,robot1,robot4,3.002354597002033
16.550000000000008,robot2,robot3,2.891443888198461
16.550000000000008,robot2,robot4,2.5353087098325884
16.550000000000008,robot3,robot4,1.7160017755658798
16.60000000000001,robot1,robot2,1.5376784928602596
16.60000000000001,robot1,robot3,2.3700614454104336
16.60000000000001,robot1,robot4,2.9897375803103516
16.60000000000001,robot2,robot3,2.872924112574153
16.60000000000001,robot2,robot4,2.51060787470385
16.60000000000001,robot3,robot4,1.7199942207824428
16.650000000000006,robot1,robot2,1.5378334002384655
16.650000000000006,robot1,robot3,2.3612914799099336
16.650000000000006,robot1,robot4,2.982768200689587
16.650000000000006,robot2,robot3,2.854629252138049
16.650000000000006,robot2,robot4,2.4857997463778103
16.650000000000006,robot3,robot4,1.7246299544169619
16.700000000000006,robot1,robot2,1.5381330352102187
16.700000000000006,robot1,robot3,2.3525241478684107
16.700000000000006,robot1,robot4,2.9758183098737723
16.700000000000006,robot2,robot3,2.836417494548534
16.700000000000006,robot2,robot4,2.4609963027548383
16.700000000000006,robot3,robot4,1.7292670197710944
16.750000000000007,robot1,robot2,1.5379096892546227
16.750000000000007,robot1,robot3,2.3425343546759874
16.750000000000007,robot1,robot4,2.9681379969395363
16.750000000000007,robot2,robot3,2.817536181587112
16.750000000000007,robot2,robot4,2.435661027605028
16.750000000000007,robot3,robot4,1.734577935363673
16.800000000000008,robot1,robot2,1.5378248260878091
16.800000000000008,robot1,robot3,2.3325489579541507
16.800000000000008,robot1,robot4,2.9604801123805906
16.800000000000008,robot2,robot3,2.7987471281830705
16.800000000000008,robot2,robot4,2.410332897984215
16.800000000000008,robot3,robot4,1.7398896929432055
16.85000000000001,robot1,robot2,1.5374666188345358
16.85000000000001,robot1,robot3,2.3223924438578942
16.85000000000001,robot1,robot4,2.9525730479727748
16.85000000000001,robot2,robot3,2.7792603256764616
16.85000000000001,robot2,robot4,2.3841888254090167
16.85000000000001,robot3,robot4,1.7452353407391805
16.900000000000006,robot1,robot2,1.5372551908365766
16.900000000000006,robot1,robot3,2.312240135309478
16.900000000000006,robot1,robot4,2.9446909843435174
16.900000000000006,robot2,robot3,2.7598683633916283
16.900000000000006,robot2,robot4,2.3580548580913003
16.900000000000006,robot3,robot4,1.750582235655898
16.950000000000006,robot1,robot2,1.5376625289399493
16.950000000000006,robot1,robot3,2.3019632885139574
16.950000000000006,robot1,robot4,2.936773012935796
16.950000000000006,robot2,robot3,2.7401333466442805
16.950000000000006,robot2,robot4,2.3314609229601047
16.950000000000006,robot3,robot4,1.755394199015709
17.000000000000007,robot1,robot2,1.538215766108903
17.000000000000007,robot1,robot3,2.291688226111046
17.000000000000007,robot1,robot4,2.928885316261119
17.000000000000007,robot2,robot3,2.7204914773036846
17.000000000000007,robot2,robot4,2.3048785352256598
17.000000000000007,robot3,robot4,1.7602080935076974
17.050000000000008,robot1,robot2,1.5384525478100552
17.050000000000008,robot1,robot3,2.2813210148159757
17.050000000000008,robot1,robot4,2.9206740756526126
17.050000000000008,robot2,robot3,2.7004877047937534
17.050000000000008,robot2,robot4,2.27816367697933
17.050000000000008,robot3,robot4,1.7644335135573264
17.10000000000001,robot1,robot2,1.5388354050011328
17.10000000000001,robot1,robot3,2.2709553028811453
17.10000000000001,robot1,robot4,2.91249214702821
17.10000000000001,robot2,robot3,2.68057545520304
17.10000000000001,robot2,robot4,2.2514615887285268
17.10000000000001,robot3,robot4,1.768660908524017
17.150000000000006,robot1,robot2,1.5394685633966352
17.150000000000006,robot1,robot3,2.2605166050793004
17.150000000000006,robot1,robot4,2.904014675806795
17.150000000000006,robot2,robot3,2.66036931173385
17.150000000000006,robot2,robot4,2.2245407369675743
17.150000000000006,robot3,robot4,1.771934413446785
17.200000000000006,robot1,robot2,1.540247250635105
17.200000000000006,robot1,robot3,2.2500785244735333
17.200000000000006,robot1,robot4,2.895566430163534
17.200000000000006,robot2,robot3,2.640253707521303
17.200000000000006,robot2,robot4,2.197631879055494
17.200000000000006,robot3,robot4,1.7752100927476164
17.250000000000007,robot1,robot2,1.5412838272736307
17.250000000000007,robot1,robot3,2.2391375897189736
17.250000000000007,robot1,robot4,2.8868375388064784
17.250000000000007,robot2,robot3,2.619632209202703
17.250000000000007,robot2,robot4,2.170608004314456
17.250000000000007,robot3,robot4,1.7776436368972415
17.300000000000008,robot1,robot2,1.5424651486325391
17.300000000000008,robot1,robot3,2.2281969012241696
17.300000000000008,robot1,robot4,2.8781366643752326
17.300000000000008,robot2,robot3,2.5991057515278184
17.300000000000008,robot2,robot4,2.1435946522785003
17.300000000000008,robot3,robot4,1.7800784683136865
17.35000000000001,robot1,robot2,1.5439475845903905
17.35000000000001,robot1,robot3,2.216863908351839
17.35000000000001,robot1,robot4,2.8691640896362554
17.35000000000001,robot2,robot3,2.578315028618978
17.35000000000001,robot2,robot4,2.116505123872898
17.35000000000001,robot3,robot4,1.781822517803401
17.400000000000006,robot1,robot2,1.5455734778495651
17.400000000000006,robot1,robot3,2.2055310248901496
17.400000000000006,robot1,robot4,2.8602180161973654
17.400000000000006,robot2,robot3,2.557625814737759
17.400000000000006,robot2,robot4,2.0894243246492525
17.400000000000006,robot3,robot4,1.783567291700821
17.450000000000006,robot1,robot2,1.5474606201519314
17.450000000000006,robot1,robot3,2.194191666381949
17.450000000000006,robot1,robot4,2.8510037509923576
17.450000000000006,robot2,robot3,2.5369173656934483
17.450000000000006,robot2,robot4,2.062244457082255
17.450000000000006,robot3,robot4,1.7845825369857513
17.500000000000007,robot1,robot2,1.5494901173289233
17.500000000000007,robot1,robot3,2.1828523243978264
17.500000000000007,robot1,robot4,2.84181462706947
17.500000000000007,robot2,robot3,2.5163136255357728
17.500000000000007,robot2,robot4,2.035071854270012
17.500000000000007,robot3,robot4,1.7855985271916528
17.550000000000008,robot1,robot2,1.551811441069195
17.550000000000008,robot1,robot3,2.171532624826586
17.550000000000008,robot1,robot4,2.8319178684606117
17.550000000000008,robot2,robot3,2.4957450265830414
17.550000000000008,robot2,robot4,2.007204392610836
17.550000000000008,robot3,robot4,1.785940563655255
17.60000000000001,robot1,robot2,1.5542731917166304
17.60000000000001,robot1,robot3,2.160212933125342
17.60000000000001,robot1,robot4,2.82204768494439
17.60000000000001,robot2,robot3,2.475284318377383
17.60000000000001,robot2,robot4,1.9793432315111454
17.60000000000001,robot3,robot4,1.7862844686449022
17.650000000000006,robot1,robot2,1.557014913040415
17.650000000000006,robot1,robot3,2.1488903463420357
17.650000000000006,robot1,robot4,2.81185966999693
17.650000000000006,robot2,robot3,2.454848244843913
17.650000000000006,robot2,robot4,1.9511554279190548
17.650000000000006,robot3,robot4,1.7861662105096072
17.700000000000006,robot1,robot2,1.5598951403764296
17.700000000000006,robot1,robot3,2.137567841264925
17.700000000000006,robot1,robot4,2.8016991538066667
17.700000000000006,robot2,robot3,2.4345239843024724
17.700000000000006,robot2,robot4,1.922973465528057
17.700000000000006,robot3,robot4,1.7860504679333673
17.750000000000007,robot1,robot2,1.5635524513655599
17.750000000000007,robot1,robot3,2.1261140368968907
17.750000000000007,robot1,robot4,2.791706290384832
17.750000000000007,robot2,robot3,2.4141698750510985
17.750000000000007,robot2,robot4,1.8947209642205853
17.750000000000007,robot3,robot4,1.785470406524076
17.800000000000008,robot1,robot2,1.567342579626101
17.800000000000008,robot1,robot3,2.114661018726641
17.800000000000008,robot1,robot4,2.781744143463951
17.800000000000008,robot2,robot3,2.3939313997725553
17.800000000000008,robot2,robot4,1.866473903966778
17.800000000000008,robot3,robot4,1.7848928927333423
17.85000000000001,robot1,robot2,1.5710139306140007
17.85000000000001,robot1,robot3,2.103418159695842
17.85000000000001,robot1,robot4,2.772193276253342
17.85000000000001,robot2,robot3,2.3730491302955534
17.85000000000001,robot2,robot4,1.8383229059689108
17.85000000000001,robot3,robot4,1.7837732977120437
17.900000000000006,robot1,robot2,1.5748296404894089
17.900000000000006,robot1,robot3,2.0921764732175423
17.900000000000006,robot1,robot4,2.7626692635567127
17.900000000000006,robot2,robot3,2.352285696492878
17.900000000000006,robot2,robot4,1.81017817826892
17.900000000000006,robot3,robot4,1.7826551354493665
17.950000000000006,robot1,robot2,1.577678435326493
17.950000000000006,robot1,robot3,2.0800153764174416
17.950000000000006,robot1,robot4,2.7521395541128526
17.950000000000006,robot2,robot3,2.331092043586704
17.950000000000006,robot2,robot4,1.7820500401807566
17.950000000000006,robot3,robot4,1.781195568104889
18.000000000000007,robot1,robot2,1.5806628535411973
18.000000000000007,robot1,robot3,2.067854787798455
18.000000000000007,robot1,robot4,2.7416353591053992
18.000000000000007,robot2,robot3,2.3100219673055027
18.000000000000007,robot2,robot4,1.7539292192389027
18.000000000000007,robot3,robot4,1.7797368992550553
18.050000000000008,robot1,robot2,1.584042561385426
18.050000000000008,robot1,robot3,2.0553367953063657
18.050000000000008,robot1,robot4,2.731144020666155
18.050000000000008,robot2,robot3,2.2888300460880084
18.050000000000008,robot2,robot4,1.7257937348507169
18.050000000000008,robot3,robot4,1.7779948588115346
18.10000000000001,robot1,robot2,1.5875484582314334
18.10000000000001,robot1,robot3,2.0428203313835493
18.10000000000001,robot1,robot4,2.7206826197094345
18.10000000000001,robot2,robot3,2.26776440997053
18.10000000000001,robot2,robot4,1.6976667283127118
18.10000000000001,robot3,robot4,1.7762537751213927
18.150000000000006,robot1,robot2,1.5906245129380006
18.150000000000006,robot1,robot3,2.0307465374676856
18.150000000000006,robot1,robot4,2.7097101980450313
18.150000000000006,robot2,robot3,2.2465775070529483
18.150000000000006,robot2,robot4,1.6689523892138114
18.150000000000006,robot3,robot4,1.7741958465855028
18.200000000000006,robot1,robot2,1.593834537080936
18.200000000000006,robot1,robot3,2.018673952457403
18.200000000000006,robot1,robot4,2.6987668085275525
18.200000000000006,robot2,robot3,2.2255184140100903
18.200000000000006,robot2,robot4,1.6402484904580732
18.200000000000006,robot3,robot4,1.7721401647601125
18.250000000000007,robot1,robot2,1.5967954891071685
18.250000000000007,robot1,robot3,2.0066053613942736
18.250000000000007,robot1,robot4,2.6876738974623096
18.250000000000007,robot2,robot3,2.204823976199968
18.250000000000007,robot2,robot4,1.6120067784585266
18.250000000000007,robot3,robot4,1.7699481574173295
18.300000000000008,robot1,robot2,1.5998785355607474
18.300000000000008,robot1,robot3,1.9945382378207226
18.300000000000008,robot1,robot4,2.6766117272172654
18.300000000000008,robot2,robot3,2.184253830584941
18.300000000000008,robot2,robot4,1.5837774577272488
18.300000000000008,robot3,robot4,1.7677589713736426
18.35000000000001,robot1,robot2,1.602805624400539
18.35000000000001,robot1,robot3,1.9822956903985065
18.35000000000001,robot1,robot4,2.665585996915873
18.35000000000001,robot2,robot3,2.163669370376279
18.35000000000001,robot2,robot4,1.5558688008247947
18.35000000000001,robot3,robot4,1.765486686853939
18.40000000000001,robot1,robot2,1.6058498936488435
18.40000000000001,robot1,robot3,1.970054827077914
18.40000000000001,robot1,robot4,2.6545917661638647
18.40000000000001,robot2,robot3,2.1432120642729178
18.40000000000001,robot2,robot4,1.5279749567257255
18.40000000000001,robot3,robot4,1.763216799364729
18.450000000000006,robot1,robot2,1.60882710339466
18.450000000000006,robot1,robot3,1.9572946726707356
18.450000000000006,robot1,robot4,2.644149750375769
18.450000000000006,robot2,robot3,2.122597582951721
18.450000000000006,robot2,robot4,1.5007812965933738
18.450000000000006,robot3,robot4,1.7612988482327465
18.500000000000007,robot1,robot2,1.6119209880341534
18.500000000000007,robot1,robot3,1.9445357724711556
18.500000000000007,robot1,robot4,2.63373736675812
18.500000000000007,robot2,robot3,2.1021247982279707
18.500000000000007,robot2,robot4,1.4736051572266533
18.500000000000007,robot3,robot4,1.7593813545704067
18.550000000000008,robot1,robot2,1.6149120980698148
18.550000000000008,robot1,robot3,1.9317490823878998
18.550000000000008,robot1,robot4,2.6251046296071694
18.550000000000008,robot2,robot3,2.0819695956176303
18.550000000000008,robot2,robot4,1.4483866121682567
18.550000000000008,robot3,robot4,1.7585525364180905
18.60000000000001,robot1,robot2,1.618019148769878
18.60000000000001,robot1,robot3,1.9189630632552555
18.60000000000001,robot1,robot4,2.6164973959020097
18.60000000000001,robot2,robot3,2.0619671397624133
18.60000000000001,robot2,robot4,1.4231918944597717
18.60000000000001,robot3,robot4,1.7577241926593599
18.65000000000001,robot1,robot2,1.6209367932595342
18.65000000000001,robot1,robot3,1.90613688383501
18.65000000000001,robot1,robot4,2.6132115941984106
18.65000000000001,robot2,robot3,2.0426374211874303
18.65000000000001,robot2,robot4,1.407341915157256
18.65000000000001,robot3,robot4,1.7550783118710822
18.700000000000006,robot1,robot2,1.6239620813307194
18.700000000000006,robot1,robot3,1.8933109801881447
18.700000000000006,robot1,robot4,2.6099258058944894
18.700000000000006,robot2,robot3,2.0234667423936057
18.700000000000006,robot2,robot4,1.391495409769646
18.700000000000006,robot3,robot4,1.7524930216377468
18.750000000000007,robot1,robot2,1.6267596981848613
18.750000000000007,robot1,robot3,1.8806681613586813
18.750000000000007,robot1,robot4,2.6099779316398926
18.750000000000007,robot2,robot3,2.005554226549669
18.750000000000007,robot2,robot4,1.3795485036700394
18.750000000000007,robot3,robot4,1.7525489660565836
18.800000000000008,robot1,robot2,1.6296496604393231
18.800000000000008,robot1,robot3,1.8680253843162822
18.800000000000008,robot1,robot4,2.610030058840894
18.800000000000008,robot2,robot3,1.987799504614082
18.800000000000008,robot2,robot4,1.3676115124365527
18.800000000000008,robot3,robot4,1.7526973141592361
18.85000000000001,robot1,robot2,1.6326571678562838
18.85000000000001,robot1,robot3,1.8555192119375217
18.85000000000001,robot1,robot4,2.6100304155557748
18.85000000000001,robot2,robot3,1.9703490240074824
18.85000000000001,robot2,robot4,1.355295436258178
18.85000000000001,robot3,robot4,1.7533927367177327
18.90000000000001,robot1,robot2,1.6357613350852875
18.90000000000001,robot1,robot3,1.8430130556404096
18.90000000000001,robot1,robot4,2.6100307722707026
18.90000000000001,robot2,robot3,1.953072008803821
18.90000000000001,robot2,robot4,1.3429908777798876
18.90000000000001,robot3,robot4,1.754177064344703
18.950000000000006,robot1,robot2,1.6389516425552348
18.950000000000006,robot1,robot3,1.8430732454805614
18.950000000000006,robot1,robot4,2.610032173724301
18.950000000000006,robot2,robot3,1.9444301787017824
18.950000000000006,robot2,robot4,1.3309589666073465
18.950000000000006,robot3,robot4,1.754796643587584
19.000000000000007,robot1,robot2,1.6422329630019006
19.000000000000007,robot1,robot3,1.843133646293182
19.000000000000007,robot1,robot4,2.6100335751786794
19.000000000000007,robot2,robot3,1.9358305871682047
19.000000000000007,robot2,robot4,1.3189382926619406
19.000000000000007,robot3,robot4,1.7554162275090202
19.050000000000008,robot1,robot2,1.6459410939672177
19.050000000000008,robot1,robot3,1.843059079113445
19.050000000000008,robot1,robot4,2.6100346326206574
19.050000000000008,robot2,robot3,1.927637024302681
19.050000000000008,robot2,robot4,1.3069221334449292
19.050000000000008,robot3,robot4,1.7561640069974245
19.10000000000001,robot1,robot2,1.6497359328844123
19.10000000000001,robot1,robot3,1.8429848126351989
19.10000000000001,robot1,robot4,2.6100356900626855
19.10000000000001,robot2,robot3,1.919490452507122
19.10000000000001,robot2,robot4,1.2949155340673753
19.10000000000001,robot3,robot4,1.7569117872747628
19.15000000000001,robot1,robot2,1.6539987949388757
19.15000000000001,robot1,robot3,1.8424567180176852
19.15000000000001,robot1,robot4,2.610034645322596
19.15000000000001,robot2,robot3,1.9112350612586209
19.15000000000001,robot2,robot4,1.282805397410104
19.15000000000001,robot3,robot4,1.7574607290637394
19.200000000000006,robot1,robot2,1.6583452571720407
19.200000000000006,robot1,robot3,1.8419287714919923
19.200000000000006,robot1,robot4,2.6100336005837166
19.200000000000006,robot2,robot3,1.903033014822653
19.200000000000006,robot2,robot4,1.2707032888322103
19.200000000000006,robot3,robot4,1.7580098124259718
19.250000000000007,robot1,robot2,1.6631410698537428
19.250000000000007,robot1,robot3,1.842538991636066
19.250000000000007,robot1,robot4,2.610032199130884
19.250000000000007,robot2,robot3,1.8959702818157504
19.250000000000007,robot2,robot4,1.2585119588697777
19.250000000000007,robot3,robot4,1.7586216274620448
19.300000000000008,robot1,robot2,1.668017109902654
19.300000000000008,robot1,robot3,1.8431494363770398
19.300000000000008,robot1,robot4,2.610030797678832
19.300000000000008,robot2,robot3,1.8889561860183512
19.300000000000008,robot2,robot4,1.2463272393717453
19.300000000000008,robot3,robot4,1.7592336781704128
19.35000000000001,robot1,robot2,1.673332961020984
19.35000000000001,robot1,robot3,1.8425120674899933
19.35000000000001,robot1,robot4,2.610030460021348
19.35000000000001,robot2,robot3,1.8811528676889857
19.35000000000001,robot2,robot4,1.2340530249648898
19.35000000000001,robot3,robot4,1.759416240715795
19.40000000000001,robot1,robot2,1.6787255689852956
19.40000000000001,robot1,robot3,1.8418747108487048
19.40000000000001,robot1,robot4,2.6100301223650657
19.40000000000001,robot2,robot3,1.8734096593252088
19.40000000000001,robot2,robot4,1.2217841215943157
19.40000000000001,robot3,robot4,1.759599027150504
19.450000000000006,robot1,robot2,1.6845472553678194
19.450000000000006,robot1,robot3,1.841989308783645
19.450000000000006,robot1,robot4,2.6100311798057603
19.450000000000006,robot2,robot3,1.866622904783528
19.450000000000006,robot2,robot4,1.2094562949559176
19.450000000000006,robot3,robot4,1.7598917737216115
19.500000000000007,robot1,robot2,1.6904416735906636
19.500000000000007,robot1,robot3,1.8421039550332114
19.500000000000007,robot1,robot4,2.610032237246506
19.500000000000007,robot2,robot3,1.8598943385195292
19.500000000000007,robot2,robot4,1.1971325088167961
19.500000000000007,robot3,robot4,1.7601845296459686
19.550000000000008,robot1,robot2,1.6961515722016867
19.550000000000008,robot1,robot3,1.84244644216026
19.550000000000008,robot1,robot4,2.6098365717031498
19.550000000000008,robot2,robot3,1.8543003058540024
19.550000000000008,robot2,robot4,1.1856610004341444
19.550000000000008,robot3,robot4,1.760433156135231
19.60000000000001,robot1,robot2,1.7019198933807085
19.60000000000001,robot1,robot3,1.84278904999053
19.60000000000001,robot1,robot4,2.6096409096013575
19.60000000000001,robot2,robot3,1.8487570032213527
19.60000000000001,robot2,robot4,1.1741916893761413
19.60000000000001,robot3,robot4,1.7606818905980717
19.65000000000001,robot1,robot2,1.706845487079327
19.65000000000001,robot1,robot3,1.8427841438283334
19.65000000000001,robot1,robot4,2.6095366300481033
19.65000000000001,robot2,robot3,1.8436575944309206
19.65000000000001,robot2,robot4,1.164627272247433
19.65000000000001,robot3,robot4,1.7604894645238753
19.700000000000006,robot1,robot2,1.7118106545349143
19.700000000000006,robot1,robot3,1.842779243841893
19.700000000000006,robot1,robot4,2.6094323506092754
19.700000000000006,robot2,robot3,1.8385940723855412
19.700000000000006,robot2,robot4,1.1550644876689775
19.700000000000006,robot3,robot4,1.7602970399407736
19.750000000000007,robot1,robot2,1.7168150523960244
19.750000000000007,robot1,robot3,1.842774350031258
19.750000000000007,robot1,robot4,2.609328071284888
19.750000000000007,robot2,robot3,1.8335667343964632
19.750000000000007,robot2,robot4,1.1455033765268863
19.750000000000007,robot3,robot4,1.760104616849255
19.800000000000008,robot1,robot2,1.7218583386057054
19.800000000000008,robot1,robot3,1.8427694623964765
19.800000000000008,robot1,robot4,2.6092237920749533
19.800000000000008,robot2,robot3,1.8285758789082283
19.800000000000008,robot2,robot4,1.1359439810765317
19.800000000000008,robot3,robot4,1.7599121952498085
19.85000000000001,robot1,robot2,1.7221703209944856
19.85000000000001,robot1,robot3,1.8427302651593505
19.85000000000001,robot1,robot4,2.6091410496150838
19.85000000000001,robot2,robot3,1.8283601655687263
19.85000000000001,robot2,robot4,1.1352316039563248
19.85000000000001,robot3,robot4,1.7600645361691287
19.90000000000001,robot1,robot2,1.7224825338983845
19.90000000000001,robot1,robot3,1.8426911063919529
19.90000000000001,robot1,robot4,2.6090583096443054
19.90000000000001,robot2,robot3,1.828144759626272
19.90000000000001,robot2,robot4,1.1345192304253815
19.90000000000001,robot3,robot4,1.7602168774432316
19.950000000000006,robot1,robot2,1.7222835189004888
19.950000000000006,robot1,robot3,1.8427372999194704
19.950000000000006,robot1,robot4,2.6089016911563094
19.950000000000006,robot2,robot3,1.828275769590094
19.950000000000006,robot2,robot4,1.1345498004816712
19.950000000000006,robot3,robot4,1.7602902555445936
20.000000000000007,robot1,robot2,1.7220845058201995
20.000000000000007,robot1,robot3,1.8427835421150254
20.000000000000007,robot1,robot4,2.6087450824197065
20.000000000000007,robot2,robot3,1.8284067797839734
20.000000000000007,robot2,robot4,1.1345803712390763
20.000000000000007,robot3,robot4,1.7603636355585741
20.050000000000008,robot1,robot2,1.7220746595490568
20.050000000000008,robot1,robot3,1.8427883798364504
20.050000000000008,robot1,robot4,2.6087752779659366
20.050000000000008,robot2,robot3,1.8283464548458122
20.050000000000008,robot2,robot4,1.1346046122981566
20.050000000000008,robot3,robot4,1.7603260807982424
20.10000000000001,robot1,robot2,1.722064813277944
20.10000000000001,robot1,robot3,1.8427932202428463
20.10000000000001,robot1,robot4,2.608805473614696
20.10000000000001,robot2,robot3,1.8282861313878085
20.10000000000001,robot2,robot4,1.1346288545546512
20.10000000000001,robot3,robot4,1.7602885260766201
20.15000000000001,robot1,robot2,1.7232499908417964
20.15000000000001,robot1,robot3,1.8429912840727163
20.15000000000001,robot1,robot4,2.609236775452929
20.15000000000001,robot2,robot3,1.8273852578939804
20.15000000000001,robot2,robot4,1.133061593315319
20.15000000000001,robot3,robot4,1.7603514464219923
20.200000000000006,robot1,robot2,1.7244363674328498
20.200000000000006,robot1,robot3,1.843189411991345
20.200000000000006,robot1,robot4,2.609668086621362
20.200000000000006,robot2,robot3,1.8264853960658973
20.200000000000006,robot2,robot4,1.1314944691800295
20.200000000000006,robot3,robot4,1.7604143668548606
20.250000000000007,robot1,robot2,1.7293259300759365
20.250000000000007,robot1,robot3,1.8439682297312636
20.250000000000007,robot1,robot4,2.6096938915669785
20.250000000000007,robot2,robot3,1.822032605825496
20.250000000000007,robot2,robot4,1.122373447268331
20.250000000000007,robot3,robot4,1.7601930924404998
20.300000000000008,robot1,robot2,1.7342509522145295
20.300000000000008,robot1,robot3,1.8447470761603064
20.300000000000008,robot1,robot4,2.6097196971065686
20.300000000000008,robot2,robot3,1.8176082156804303
20.300000000000008,robot2,robot4,1.1132544916329765
20.300000000000008,robot3,robot4,1.7599721606252754
20.35000000000001,robot1,robot2,1.739977634443904
20.35000000000001,robot1,robot3,1.8439725450713738
20.35000000000001,robot1,robot4,2.6099258587872285
20.35000000000001,robot2,robot3,1.8121673290582183
20.35000000000001,robot2,robot4,1.1032484473817519
20.35000000000001,robot3,robot4,1.7600593282418777
20.40000000000001,robot1,robot2,1.7457450570129087
20.40000000000001,robot1,robot3,1.8431980381527107
20.40000000000001,robot1,robot4,2.6101320305940465
20.40000000000001,robot2,robot3,1.8067764298642477
20.40000000000001,robot2,robot4,1.093244721772758
20.40000000000001,robot3,robot4,1.7601468724367861
20.45000000000001,robot1,robot2,1.75157751992033
20.45000000000001,robot1,robot3,1.843641748952125
20.45000000000001,robot1,robot4,2.6112663299556886
20.45000000000001,robot2,robot3,1.8016600596810697
20.45000000000001,robot2,robot4,1.0841204654421464
20.45000000000001,robot3,robot4,1.7601840802434559
20.500000000000007,robot1,robot2,1.7574526330942757
20.500000000000007,robot1,robot3,1.844085565722209
20.500000000000007,robot1,robot4,2.6124007002579064
20.500000000000007,robot2,robot3,1.7965844744261257
20.500000000000007,robot2,robot4,1.0749990132283829
20.500000000000007,robot3,robot4,1.760221553647438
20.550000000000008,robot1,robot2,1.762303421629914
20.550000000000008,robot1,robot3,1.8434675059769834
20.550000000000008,robot1,robot4,2.6117930204072928
20.550000000000008,robot2,robot3,1.7915511994616558
20.550000000000008,robot2,robot4,1.0651275653588386
20.550000000000008,robot3,robot4,1.7602748984173608
20.60000000000001,robot1,robot2,1.7671907583020012
20.60000000000001,robot1,robot3,1.8428494717510162
20.60000000000001,robot1,robot4,2.6111853837628995
20.60000000000001,robot2,robot3,1.7865598322197322
20.60000000000001,robot2,robot4,1.0552597899271046
20.60000000000001,robot3,robot4,1.7603282452457552
20.65000000000001,robot1,robot2,1.7720162902643566
20.65000000000001,robot1,robot3,1.842827796321322
20.65000000000001,robot1,robot4,2.610776248973952
20.65000000000001,robot2,robot3,1.7813438172408622
20.65000000000001,robot2,robot4,1.0454477041905283
20.65000000000001,robot3,robot4,1.7601433868401177
20.70000000000001,robot1,robot2,1.7768847362856726
20.70000000000001,robot1,robot3,1.8428061923395527
20.70000000000001,robot1,robot4,2.6103671655613887
20.70000000000001,robot2,robot3,1.7761687064521758
20.70000000000001,robot2,robot4,1.035639780619688
20.70000000000001,robot3,robot4,1.7599585287915167
20.750000000000007,robot1,robot2,1.7822592323976056
20.750000000000007,robot1,robot3,1.8427766785881845
20.750000000000007,robot1,robot4,2.6104253233127546
20.750000000000007,robot2,robot3,1.7710118806405555
20.750000000000007,robot2,robot4,1.0258927897923822
20.750000000000007,robot3,robot4,1.7598701606772018
20.800000000000008,robot1,robot2,1.7876737386763282
20.800000000000008,robot1,robot3,1.8427471763020016
20.800000000000008,robot1,robot4,2.610483481217416
20.800000000000008,robot2,robot3,1.7658971740857388
20.800000000000008,robot2,robot4,1.016150521012511
20.800000000000008,robot3,robot4,1.759781794853555
20.85000000000001,robot1,robot2,1.7913576638865292
20.85000000000001,robot1,robot3,1.8424349999742868
20.85000000000001,robot1,robot4,2.6096710612702227
20.85000000000001,robot2,robot3,1.7620052947458038
20.85000000000001,robot2,robot4,1.0079116689949803
20.85000000000001,robot3,robot4,1.7601069712993298
20.90000000000001,robot1,robot2,1.7950703373207977
20.90000000000001,robot1,robot3,1.8421234614704844
20.90000000000001,robot1,robot4,2.608858671170978
20.90000000000001,robot2,robot3,1.7581446258351439
20.90000000000001,robot2,robot4,0.9996764829288515
20.90000000000001,robot3,robot4,1.760432155472059
20.95000000000001,robot1,robot2,1.7970627808517154
20.95000000000001,robot1,robot3,1.8423426771418638
20.95000000000001,robot1,robot4,2.608992594302684
20.95000000000001,robot2,robot3,1.7563845691716402
20.95000000000001,robot2,robot4,0.99604645686396
20.95000000000001,robot3,robot4,1.7607075741613087
21.000000000000007,robot1,robot2,1.7990623273897435
21.000000000000007,robot1,robot3,1.8425619962164095
21.000000000000007,robot1,robot4,2.609126563653247
21.000000000000007,robot2,robot3,1.754631296400471
21.000000000000007,robot2,robot4,0.9924173521598657
21.000000000000007,robot3,robot4,1.760982998598226
21.050000000000008,robot1,robot2,1.8009719944147524
21.050000000000008,robot1,robot3,1.8427151442589413
21.050000000000008,robot1,robot4,2.6089681002385308
21.050000000000008,robot2,robot3,1.7514186294551337
21.050000000000008,robot2,robot4,0.9886813224242172
21.050000000000008,robot3,robot4,1.7593365334366813
21.10000000000001,robot1,robot2,1.8028877293015229
21.10000000000001,robot1,robot3,1.8428694031862378
21.10000000000001,robot1,robot4,2.6088096441626396
21.10000000000001,robot2,robot3,1.7482091886619289
21.10000000000001,robot2,robot4,0.984946090424242
21.10000000000001,robot3,robot4,1.7576900736830712
21.15000000000001,robot1,robot2,1.804823605339453
21.15000000000001,robot1,robot3,1.842860405546226
21.15000000000001,robot1,robot4,2.608661281655832
21.15000000000001,robot2,robot3,1.746965471061892
21.15000000000001,robot2,robot4,0.9812279533218815
21.15000000000001,robot3,robot4,1.7583749197282275
21.20000000000001,robot1,robot2,1.80676535832299
21.20000000000001,robot1,robot3,1.8428518203545288
21.20000000000001,robot1,robot4,2.6085129242303937
21.20000000000001,robot2,robot3,1.7457294370216707
21.20000000000001,robot2,robot4,0.9775106050703483
21.20000000000001,robot3,robot4,1.7590597676193382
21.250000000000007,robot1,robot2,1.808510763082847
21.250000000000007,robot1,robot3,1.842715458856372
21.250000000000007,robot1,robot4,2.608189907316662
21.250000000000007,robot2,robot3,1.7446007840916642
21.250000000000007,robot2,robot4,0.9738113741423433
21.250000000000007,robot3,robot4,1.7598867702997971
21.300000000000008,robot1,robot2,1.8102624530608815
21.300000000000008,robot1,robot3,1.842580001223556
21.300000000000008,robot1,robot4,2.6078669346508074
21.300000000000008,robot2,robot3,1.7434806890943757
21.300000000000008,robot2,robot4,0.970112855276642
21.300000000000008,robot3,robot4,1.7607137772664812
21.35000000000001,robot1,robot2,1.812164784767448
21.35000000000001,robot1,robot3,1.8425091855988804
21.35000000000001,robot1,robot4,2.607609935035913
21.35000000000001,robot2,robot3,1.742483290252879
21.35000000000001,robot2,robot4,0.9663588710568392
21.35000000000001,robot3,robot4,1.7616148463825032
21.40000000000001,robot1,robot2,1.8140731151420004
21.40000000000001,robot1,robot3,1.842439204509066
21.40000000000001,robot1,robot4,2.607352954840023
21.40000000000001,robot2,robot3,1.741494553152837
21.40000000000001,robot2,robot4,0.9626055888576579
21.40000000000001,robot3,robot4,1.7625159155471477
21.45000000000001,robot1,robot2,1.8163031432166004
21.45000000000001,robot1,robot3,1.8423753086013719
21.45000000000001,robot1,robot4,2.6073635558061325
21.45000000000001,robot2,robot3,1.7408557229197654
21.45000000000001,robot2,robot4,0.958867044092401
21.45000000000001,robot3,robot4,1.7638088586947287
21.500000000000007,robot1,robot2,1.8185385206975961
21.500000000000007,robot1,robot3,1.8423123081540762
21.500000000000007,robot1,robot4,2.60737415677248
21.500000000000007,robot2,robot3,1.7402265759518212
21.500000000000007,robot2,robot4,0.9551291886828708
21.500000000000007,robot3,robot4,1.7651018019459954
21.550000000000008,robot1,robot2,1.8208080811769403
21.550000000000008,robot1,robot3,1.8424080985637385
21.550000000000008,robot1,robot4,2.607412081052111
21.550000000000008,robot2,robot3,1.7395380316270754
21.550000000000008,robot2,robot4,0.9513893577060072
21.550000000000008,robot3,robot4,1.7662337458194062
21.60000000000001,robot1,robot2,1.8230828369868444
21.60000000000001,robot1,robot3,1.8425045087448226
21.60000000000001,robot1,robot4,2.607450006671844
21.60000000000001,robot2,robot3,1.7388581223391977
21.60000000000001,robot2,robot4,0.9476502697962993
21.60000000000001,robot3,robot4,1.7673657037953407
21.65000000000001,robot1,robot2,1.8255661592997667
21.65000000000001,robot1,robot3,1.842941351229401
21.65000000000001,robot1,robot4,2.6074652063472006
21.65000000000001,robot2,robot3,1.7382365006561247
21.65000000000001,robot2,robot4,0.9436502672405963
21.65000000000001,robot3,robot4,1.7683650901017303
21.70000000000001,robot1,robot2,1.8280552469140539
21.70000000000001,robot1,robot3,1.843378745459001
21.70000000000001,robot1,robot4,2.6074804060226415
21.70000000000001,robot2,robot3,1.7376232480604072
21.70000000000001,robot2,robot4,0.9396509105758364
21.70000000000001,robot3,robot4,1.7693646004015116
21.750000000000007,robot1,robot2,1.8307095812247915
21.750000000000007,robot1,robot3,1.8441021196241414
21.750000000000007,robot1,robot4,2.6075427660378363
21.750000000000007,robot2,robot3,1.7368677611033028
21.750000000000007,robot2,robot4,0.9353604594251347
21.750000000000007,robot3,robot4,1.7703003008551967
21.800000000000008,robot1,robot2,1.8333709115116343
21.800000000000008,robot1,robot3,1.8448259753713898
21.800000000000008,robot1,robot4,2.6076051263780333
21.800000000000008,robot2,robot3,1.7361207478674976
21.800000000000008,robot2,robot4,0.931070947957243
21.800000000000008,robot3,robot4,1.77123627537435
21.85000000000001,robot1,robot2,1.8359451662648458
21.85000000000001,robot1,robot3,1.8455526129607498
21.85000000000001,robot1,robot4,2.6075316268299606
21.85000000000001,robot2,robot3,1.7352541647155035
21.85000000000001,robot2,robot4,0.9267842232792101
21.85000000000001,robot3,robot4,1.7719009053288648
21.90000000000001,robot1,robot2,1.8385259637274647
21.90000000000001,robot1,robot3,1.8462795485586685
21.90000000000001,robot1,robot4,2.6074581272935142
21.90000000000001,robot2,robot3,1.7343950968894026
21.90000000000001,robot2,robot4,0.9224983688663078
21.90000000000001,robot3,robot4,1.7725659063529908
21.95000000000001,robot1,robot2,1.8412181816239224
21.95000000000001,robot1,robot3,1.8472586122907915
21.95000000000001,robot1,robot4,2.6075379969045516
21.95000000000001,robot2,robot3,1.7335166808095614
21.95000000000001,robot2,robot4,0.9182097223023171
21.95000000000001,robot3,robot4,1.7732019778622232
22.000000000000007,robot1,robot2,1.843917014731954
22.000000000000007,robot1,robot3,1.8482378421372074
22.000000000000007,robot1,robot4,2.607617869518653
22.000000000000007,robot2,robot3,1.7326449839669982
22.000000000000007,robot2,robot4,0.913922183591688
22.000000000000007,robot3,robot4,1.7738386189157684
22.050000000000008,robot1,robot2,1.8464884237333445
22.050000000000008,robot1,robot3,1.8498621426652992
22.050000000000008,robot1,robot4,2.607623186166715
22.050000000000008,robot2,robot3,1.7321961635455725
22.050000000000008,robot2,robot4,0.9096647303795498
22.050000000000008,robot3,robot4,1.7746103589307995
22.10000000000001,robot1,robot2,1.849066665187873
22.10000000000001,robot1,robot3,1.8514868107348215
22.10000000000001,robot1,robot4,2.607628502815921
22.10000000000001,robot2,robot3,1.7317521637399504
22.10000000000001,robot2,robot4,0.9054084861922816
22.10000000000001,robot3,robot4,1.7753836324200472
22.15000000000001,robot1,robot2,1.8515450013106627
22.15000000000001,robot1,robot3,1.8532253870132747
22.15000000000001,robot1,robot4,2.607558317743344
22.15000000000001,robot2,robot3,1.731194028483809
22.15000000000001,robot2,robot4,0.9011768399443022
22.15000000000001,robot3,robot4,1.7759496890875033
22.20000000000001,robot1,robot2,1.8540301296723853
22.20000000000001,robot1,robot3,1.8549642195452185
22.20000000000001,robot1,robot4,2.6074881328826787
22.20000000000001,robot2,robot3,1.7306399057002009
22.20000000000001,robot2,robot4,0.8969464727111637
22.20000000000001,robot3,robot4,1.7765175563796156
22.250000000000007,robot1,robot2,1.8565295763130198
22.250000000000007,robot1,robot3,1.856956100221341
22.250000000000007,robot1,robot4,2.6074789069667466
22.250000000000007,robot2,robot3,1.7299467454512145
22.250000000000007,robot2,robot4,0.892710777329645
22.250000000000007,robot3,robot4,1.7769104847631605
22.300000000000008,robot1,robot2,1.8590365660860468
22.300000000000008,robot1,robot3,1.8589481714480371
22.300000000000008,robot1,robot4,2.6074696950204426
22.300000000000008,robot2,robot3,1.7292571194605502
22.300000000000008,robot2,robot4,0.8884764775530068
22.300000000000008,robot3,robot4,1.7773054044648602
22.35000000000001,robot1,robot2,1.8615019280009493
22.35000000000001,robot1,robot3,1.8608208025196844
22.35000000000001,robot1,robot4,2.607402653946068
22.35000000000001,robot2,robot3,1.7283363522492516
22.35000000000001,robot2,robot4,0.8842662992313167
22.35000000000001,robot3,robot4,1.777431229545886
22.40000000000001,robot1,robot2,1.8639739679727294
22.40000000000001,robot1,robot3,1.8626934575098504
22.40000000000001,robot1,robot4,2.6073356129984493
22.40000000000001,robot2,robot3,1.7274185488207539
22.40000000000001,robot2,robot4,0.8800576384817067
22.40000000000001,robot3,robot4,1.7775591680841458
22.45000000000001,robot1,robot2,1.866295940411448
22.45000000000001,robot1,robot3,1.864495644541038
22.45000000000001,robot1,robot4,2.6071496220034054
22.45000000000001,robot2,robot3,1.7262421123359983
22.45000000000001,robot2,robot4,0.8758522338478384
22.45000000000001,robot3,robot4,1.7774539207836022
22.500000000000007,robot1,robot2,1.8686249389069496
22.500000000000007,robot1,robot3,1.866297841938419
22.500000000000007,robot1,robot4,2.6069636346101954
22.500000000000007,robot2,robot3,1.7250684919611161
22.500000000000007,robot2,robot4,0.8716484552186157
22.500000000000007,robot3,robot4,1.77735064139522
22.550000000000008,robot1,robot2,1.8709390075425363
22.550000000000008,robot1,robot3,1.8681658647800121
22.550000000000008,robot1,robot4,2.606801098399818
22.550000000000008,robot2,robot3,1.723672843270584
22.550000000000008,robot2,robot4,0.8674542165003575
22.550000000000008,robot3,robot4,1.7770370550158063
22.60000000000001,robot1,robot2,1.8732604673403004
22.60000000000001,robot1,robot3,1.8700338881167369
22.60000000000001,robot1,robot4,2.6066385743040787
22.60000000000001,robot2,robot3,1.7222797563012227
22.60000000000001,robot2,robot4,0.8632617516431498
22.60000000000001,robot3,robot4,1.7767254141383244
22.65000000000001,robot1,robot2,1.8742321646296918
22.65000000000001,robot1,robot3,1.8717820201258082
22.65000000000001,robot1,robot4,2.6058417221161476
22.65000000000001,robot2,robot3,1.7213392781251025
22.65000000000001,robot2,robot4,0.8602153118767702
22.65000000000001,robot3,robot4,1.7762048067703227
22.70000000000001,robot1,robot2,1.8752088708626569
22.70000000000001,robot1,robot3,1.8735303415840379
22.70000000000001,robot1,robot4,2.605045075726138
22.70000000000001,robot2,robot3,1.7203993754317626
22.70000000000001,robot2,robot4,0.8571696171079556
22.70000000000001,robot3,robot4,1.7756860689843235
22.75000000000001,robot1,robot2,1.8749261035398834
22.75000000000001,robot1,robot3,1.875218436908218
22.75000000000001,robot1,robot4,2.6039990044666395
22.75000000000001,robot2,robot3,1.7195861470441804
22.75000000000001,robot2,robot4,0.8554389858762573
22.75000000000001,robot3,robot4,1.774942897247472
22.800000000000008,robot1,robot2,1.8746464674452619
22.800000000000008,robot1,robot3,1.8769068582074075
22.800000000000008,robot1,robot4,2.6029533717129856
22.800000000000008,robot2,robot3,1.718772964509565
22.800000000000008,robot2,robot4,0.8537088726732314
22.800000000000008,robot3,robot4,1.7742013785210515
22.85000000000001,robot1,robot2,1.8746419838951915
22.85000000000001,robot1,robot3,1.8785287654188987
22.85000000000001,robot1,robot4,2.6020632493412315
22.85000000000001,robot2,robot3,1.7177948856066168
22.85000000000001,robot2,robot4,0.8519075864131328
22.85000000000001,robot3,robot4,1.7732715959312322
22.90000000000001,robot1,robot2,1.8746403126853428
22.90000000000001,robot1,robot3,1.8801507424664121
22.90000000000001,robot1,robot4,2.601173440095258
22.90000000000001,robot2,robot3,1.7168168375275215
22.90000000000001,robot2,robot4,0.850106750177882
22.90000000000001,robot3,robot4,1.7723433390288688
22.95000000000001,robot1,robot2,1.8745677502546587
22.95000000000001,robot1,robot3,1.8815239938133264
22.95000000000001,robot1,robot4,2.6003621028041577
22.95000000000001,robot2,robot3,1.7158254553749959
22.95000000000001,robot2,robot4,0.8488810165933149
22.95000000000001,robot3,robot4,1.770888480755511
23.00000000000001,robot1,robot2,1.874497732105123
23.00000000000001,robot1,robot3,1.8828973303741234
23.00000000000001,robot1,robot4,2.5995519649534318
23.00000000000001,robot2,robot3,1.714834080031724
23.00000000000001,robot2,robot4,0.8476553151487931
23.00000000000001,robot3,robot4,1.7694339365289253
23.050000000000008,robot1,robot2,1.874430258521856
23.050000000000008,robot1,robot3,1.8842707519624802
23.050000000000008,robot1,robot4,2.598743027664829
23.050000000000008,robot2,robot3,1.7138427115095223
23.050000000000008,robot2,robot4,0.846429645983941
23.050000000000008,robot3,robot4,1.7679797071242256
23.10000000000001,robot1,robot2,1.8743653297796563
23.10000000000001,robot1,robot3,1.8856442583926056
23.10000000000001,robot1,robot4,2.5979352920598315
23.10000000000001,robot2,robot3,1.7128513498202347
23.10000000000001,robot2,robot4,0.8452040092391895
23.10000000000001,robot3,robot4,1.7665257933189087
23.15000000000001,robot1,robot2,1.875003833438348
23.15000000000001,robot1,robot3,1.886932220892155
23.15000000000001,robot1,robot4,2.597911906296334
23.15000000000001,robot2,robot3,1.7121348722827008
23.15000000000001,robot2,robot4,0.8445919759524417
23.15000000000001,robot3,robot4,1.7648338809180453
23.20000000000001,robot1,robot2,1.8756447158995755
23.20000000000001,robot1,robot3,1.8882202396502907
23.20000000000001,robot1,robot4,2.5978914051947974
23.20000000000001,robot2,robot3,1.7114185574186696
23.20000000000001,robot2,robot4,0.8439815876101799
23.20000000000001,robot3,robot4,1.7631421554060804
23.25000000000001,robot1,robot2,1.875576723640225
23.25000000000001,robot1,robot3,1.8893211199900617
23.25000000000001,robot1,robot4,2.5971538381425345
23.25000000000001,robot2,robot3,1.710847899496767
23.25000000000001,robot2,robot4,0.843308697935993
23.25000000000001,robot3,robot4,1.7615497024347624
23.300000000000008,robot1,robot2,1.8755115854534194
23.300000000000008,robot1,robot3,1.890422699836468
23.300000000000008,robot1,robot4,2.5964198736593045
23.300000000000008,robot2,robot3,1.7102774053951015
23.300000000000008,robot2,robot4,0.842637492078889
23.300000000000008,robot3,robot4,1.7599573644432411
23.35000000000001,robot1,robot2,1.8747497906580761
23.35000000000001,robot1,robot3,1.8916211461474655
23.35000000000001,robot1,robot4,2.5949916003972917
23.35000000000001,robot2,robot3,1.7098875798394613
23.35000000000001,robot2,robot4,0.8418488695276604
23.35000000000001,robot3,robot4,1.7584714813664877
23.40000000000001,robot1,robot2,1.8739923610538014
23.40000000000001,robot1,robot3,1.8928221616042014
23.40000000000001,robot1,robot4,2.593568625515238
23.40000000000001,robot2,robot3,1.7094979313529457
23.40000000000001,robot2,robot4,0.8410620211595574
23.40000000000001,robot3,robot4,1.756985642432231
23.45000000000001,robot1,robot2,1.8747129278503551
23.45000000000001,robot1,robot3,1.893831976682792
23.45000000000001,robot1,robot4,2.593323241588869
23.45000000000001,robot2,robot3,1.7092263513218489
23.45000000000001,robot2,robot4,0.8402274440621716
23.45000000000001,robot3,robot4,1.755683139030574
23.50000000000001,robot1,robot2,1.875435057575975
23.50000000000001,robot1,robot3,1.89484194274483
23.50000000000001,robot1,robot4,2.593079854270786
23.50000000000001,robot2,robot3,1.708955108339596
23.50000000000001,robot2,robot4,0.8393946640407003
23.50000000000001,robot3,robot4,1.7543807101595708
23.550000000000008,robot1,robot2,1.8760122300908648
23.550000000000008,robot1,robot3,1.8957668714272993
23.550000000000008,robot1,robot4,2.592852576940164
23.550000000000008,robot2,robot3,1.7090971329536102
23.550000000000008,robot2,robot4,0.8390016973494451
23.550000000000008,robot3,robot4,1.7531582521234357
23.60000000000001,robot1,robot2,1.8765901260213964
23.60000000000001,robot1,robot3,1.8966919691810795
23.60000000000001,robot1,robot4,2.5926272081519937
23.60000000000001,robot2,robot3,1.7092392901922773
23.60000000000001,robot2,robot4,0.8386114968666957
23.60000000000001,robot3,robot4,1.751935895910007
23.65000000000001,robot1,robot2,1.8768419656024586
23.65000000000001,robot1,robot3,1.8977061614304915
23.65000000000001,robot1,robot4,2.5923211763102385
23.65000000000001,robot2,robot3,1.709832345213779
23.65000000000001,robot2,robot4,0.8386794996451267
23.65000000000001,robot3,robot4,1.7508335833151731
23.70000000000001,robot1,robot2,1.8770940705316292
23.70000000000001,robot1,robot3,1.8987206323451065
23.70000000000001,robot1,robot4,2.5920170185035434
23.70000000000001,robot2,robot3,1.7104254005767106
23.70000000000001,robot2,robot4,0.8387509759022638
23.70000000000001,robot3,robot4,1.749731308776579
23.75000000000001,robot1,robot2,1.8773937148399376
23.75000000000001,robot1,robot3,1.8995303165609783
23.75000000000001,robot1,robot4,2.591633676423522
23.75000000000001,robot2,robot3,1.7110579156335564
23.75000000000001,robot2,robot4,0.8386982068753932
23.75000000000001,robot3,robot4,1.7487328653337104
23.800000000000008,robot1,robot2,1.8776936603442533
23.800000000000008,robot1,robot3,1.900340428602202
23.800000000000008,robot1,robot4,2.591252251185515
23.800000000000008,robot2,robot3,1.7116904838401714
23.800000000000008,robot2,robot4,0.8386491161963983
23.800000000000008,robot3,robot4,1.7477345224495622
23.85000000000001,robot1,robot2,1.877926586382439
23.85000000000001,robot1,robot3,1.9009567225947706
23.85000000000001,robot1,robot4,2.590870895823738
23.85000000000001,robot2,robot3,1.7123063912107699
23.85000000000001,robot2,robot4,0.8387118827729222
23.85000000000001,robot3,robot4,1.746759464180243
23.90000000000001,robot1,robot2,1.878159785333772
23.90000000000001,robot1,robot3,1.9015735226598525
23.90000000000001,robot1,robot4,2.5904915952683574
23.90000000000001,robot2,robot3,1.712922408748861
23.90000000000001,robot2,robot4,0.838778572273398
23.90000000000001,robot3,robot4,1.74578465918824
23.95000000000001,robot1,robot2,1.8784548549371638
23.95000000000001,robot1,robot3,1.9020417286959033
23.95000000000001,robot1,robot4,2.590413964668678
23.95000000000001,robot2,robot3,1.71351968170211
23.95000000000001,robot2,robot4,0.8389220409981489
23.95000000000001,robot3,robot4,1.7452806692108291
24.00000000000001,robot1,robot2,1.8787501785008565
24.00000000000001,robot1,robot3,1.9025104406286448
24.00000000000001,robot1,robot4,2.590337796784427
24.00000000000001,robot2,robot3,1.7141171721968136
24.00000000000001,robot2,robot4,0.8390678930819604
24.00000000000001,robot3,robot4,1.7447770365593995
24.050000000000008,robot1,robot2,1.8790827810270894
24.050000000000008,robot1,robot3,1.9028449692601075
24.050000000000008,robot1,robot4,2.5906749899121366
24.050000000000008,robot2,robot3,1.714703947937661
24.050000000000008,robot2,robot4,0.8394641457210963
24.050000000000008,robot3,robot4,1.7447423631007102
24.10000000000001,robot1,robot2,1.8794156009752074
24.10000000000001,robot1,robot3,1.9031799906233249
24.10000000000001,robot1,robot4,2.5910132646424255
24.10000000000001,robot2,robot3,1.7152910380737145
24.10000000000001,robot2,robot4,0.839861706779158
24.10000000000001,robot3,robot4,1.74470831251817
24.15000000000001,robot1,robot2,1.8796906131063165
24.15000000000001,robot1,robot3,1.903320441915391
24.15000000000001,robot1,robot4,2.59159379678013
24.15000000000001,robot2,robot3,1.715768231458142
24.15000000000001,robot2,robot4,0.8404696362054076
24.15000000000001,robot3,robot4,1.7449311746720126
24.20000000000001,robot1,robot2,1.879965977436028
24.20000000000001,robot1,robot3,1.9034615900997318
24.20000000000001,robot1,robot4,2.592175578437927
24.20000000000001,robot2,robot3,1.7162460276790155
24.20000000000001,robot2,robot4,0.8410784829164282
24.20000000000001,robot3,robot4,1.745155324347091
24.25000000000001,robot1,robot2,1.8801386819823294
24.25000000000001,robot1,robot3,1.9032228236169562
24.25000000000001,robot1,robot4,2.5929302482309953
24.25000000000001,robot2,robot3,1.7165433309157245
24.25000000000001,robot2,robot4,0.8419320649295288
24.25000000000001,robot3,robot4,1.7455307774740756
24.300000000000008,robot1,robot2,1.8803115736244351
24.300000000000008,robot1,robot3,1.9029845566879937
24.300000000000008,robot1,robot4,2.5936858055294594
24.300000000000008,robot2,robot3,1.7168413157170352
24.300000000000008,robot2,robot4,0.8427861589211111
24.300000000000008,robot3,robot4,1.7459081180245426
24.35000000000001,robot1,robot2,1.8805432867424907
24.35000000000001,robot1,robot3,1.9025255045051301
24.35000000000001,robot1,robot4,2.5947248860881187
24.35000000000001,robot2,robot3,1.7170937898682905
24.35000000000001,robot2,robot4,0.8438119223027429
24.35000000000001,robot3,robot4,1.7465731923301981
24.40000000000001,robot1,robot2,1.8807751299464273
24.40000000000001,robot1,robot3,1.9020668877431726
24.40000000000001,robot1,robot4,2.5957646203808618
24.40000000000001,robot2,robot3,1.7173471826279043
24.40000000000001,robot2,robot4,0.8448379263799657
24.40000000000001,robot3,robot4,1.7472407867864121
24.45000000000001,robot1,robot2,1.8807570857838738
24.45000000000001,robot1,robot3,1.901496019961651
24.45000000000001,robot1,robot4,2.5968877203768845
24.45000000000001,robot2,robot3,1.7176347773864065
24.45000000000001,robot2,robot4,0.8463208997705897
24.45000000000001,robot3,robot4,1.7478863794661397
24.50000000000001,robot1,robot2,1.880739083422791
24.50000000000001,robot1,robot3,1.900925593537264
24.50000000000001,robot1,robot4,2.5980115978467073
24.50000000000001,robot2,robot3,1.7179230004528725
24.50000000000001,robot2,robot4,0.8478042058966214
24.50000000000001,robot3,robot4,1.7485351342277915
24.550000000000008,robot1,robot2,1.8807026677399727
24.550000000000008,robot1,robot3,1.9003151922568662
24.550000000000008,robot1,robot4,2.5999017984517225
24.550000000000008,robot2,robot3,1.7185494436625905
24.550000000000008,robot2,robot4,0.8503482102575689
24.550000000000008,robot3,robot4,1.7495337667816675
24.60000000000001,robot1,robot2,1.8806662520673358
24.60000000000001,robot1,robot3,1.8997053702556088
24.60000000000001,robot1,robot4,2.6017933037756866
24.60000000000001,robot2,robot3,1.7191764644448229
24.60000000000001,robot2,robot4,0.8528929006768674
24.60000000000001,robot3,robot4,1.7505383820784968
24.65000000000001,robot1,robot2,1.8805460664392801
24.65000000000001,robot1,robot3,1.8982902513683197
24.65000000000001,robot1,robot4,2.6040448952773936
24.65000000000001,robot2,robot3,1.7206366307928733
24.65000000000001,robot2,robot4,0.855831070803696
24.65000000000001,robot3,robot4,1.7531984955966202
24.70000000000001,robot1,robot2,1.8804258838688646
24.70000000000001,robot1,robot3,1.8968784940744094
24.70000000000001,robot1,robot4,2.6062979532127564
24.70000000000001,robot2,robot3,1.7221000057609899
24.70000000000001,robot2,robot4,0.8587696508988899
24.70000000000001,robot3,robot4,1.7558694192282644
24.75000000000001,robot1,robot2,1.8800557638139355
24.75000000000001,robot1,robot3,1.8955529229210402
24.75000000000001,robot1,robot4,2.608522268972848
24.75000000000001,robot2,robot3,1.7237476473789606
24.75000000000001,robot2,robot4,0.8617422283329575
24.75000000000001,robot3,robot4,1.7590329568760936
24.80000000000001,robot1,robot2,1.8796856905568018
24.80000000000001,robot1,robot3,1.8942322290838574
24.80000000000001,robot1,robot4,2.610748056361625
24.80000000000001,robot2,robot3,1.725398588201579
24.80000000000001,robot2,robot4,0.8647148980328724
24.80000000000001,robot3,robot4,1.7622066781600854
24.85000000000001,robot1,robot2,1.8793696149039576
24.85000000000001,robot1,robot3,1.8929895550356317
24.85000000000001,robot1,robot4,2.613146118733748
24.85000000000001,robot2,robot3,1.727185533990269
24.85000000000001,robot2,robot4,0.8676947193529536
24.85000000000001,robot3,robot4,1.7657572080317983
24.90000000000001,robot1,robot2,1.8790535561758213
24.90000000000001,robot1,robot3,1.8917516658134597
24.90000000000001,robot1,robot4,2.615545114893835
24.90000000000001,robot2,robot3,1.7289755261405526
24.90000000000001,robot2,robot4,0.8706745412173259
24.90000000000001,robot3,robot4,1.7693167858778154
24.95000000000001,robot1,robot2,1.8789928777508043
24.95000000000001,robot1,robot3,1.8907290482689472
24.95000000000001,robot1,robot4,2.6182867827243452
24.95000000000001,robot2,robot3,1.7308824623371313
24.95000000000001,robot2,robot4,0.8736346761394326
24.95000000000001,robot3,robot4,1.7732072736724838
25.00000000000001,robot1,robot2,1.8789322008683549
25.00000000000001,robot1,robot3,1.8897105047673304
25.00000000000001,robot1,robot4,2.6210289176033528
25.00000000000001,robot2,robot3,1.7327921023134893
25.00000000000001,robot2,robot4,0.8765949301752785
25.00000000000001,robot3,robot4,1.7771055182518014
25.05000000000001,robot1,robot2,1.8785305462042663
25.05000000000001,robot1,robot3,1.8887679476513912
25.05000000000001,robot1,robot4,2.6235769102113724
25.05000000000001,robot2,robot3,1.7348059192063103
25.05000000000001,robot2,robot4,0.8795112004785677
25.05000000000001,robot3,robot4,1.7813465266484518
25.10000000000001,robot1,robot2,1.878128922912908
25.10000000000001,robot1,robot3,1.8878308834016353
25.10000000000001,robot1,robot4,2.6261253332318324
25.10000000000001,robot2,robot3,1.7368222379175715
25.10000000000001,robot2,robot4,0.882427921249096
25.10000000000001,robot3,robot4,1.7855941904881416
25.15000000000001,robot1,robot2,1.8776534312575497
25.15000000000001,robot1,robot3,1.8870693363957243
25.15000000000001,robot1,robot4,2.628681388055664
25.15000000000001,robot2,robot3,1.73901410658633
25.15000000000001,robot2,robot4,0.885268232144925
25.15000000000001,robot3,robot4,1.7902216035511505
25.20000000000001,robot1,robot2,1.8771780044558906
25.20000000000001,robot1,robot3,1.8863141890599773
25.20000000000001,robot1,robot4,2.63123774569023
25.20000000000001,robot2,robot3,1.741208339985196
25.20000000000001,robot2,robot4,0.88810947339841
25.20000000000001,robot3,robot4,1.7948545240375344
25.25000000000001,robot1,robot2,1.8768473847676053
25.25000000000001,robot1,robot3,1.8857460233240584
25.25000000000001,robot1,robot4,2.63393012561315
25.25000000000001,robot2,robot3,1.743442464126219
25.25000000000001,robot2,robot4,0.8908368141901754
25.25000000000001,robot3,robot4,1.7996548022398642
25.30000000000001,robot1,robot2,1.8765167920945975
25.30000000000001,robot1,robot3,1.885183373291044
25.30000000000001,robot1,robot4,2.6366225786382476
25.30000000000001,robot2,robot3,1.7456784817416986
25.30000000000001,robot2,robot4,0.8935657162637793
25.30000000000001,robot3,robot4,1.8044592249496811
25.35000000000001,robot1,robot2,1.875926150380193
25.35000000000001,robot1,robot3,1.8845963417774638
25.35000000000001,robot1,robot4,2.6391067887164024
25.35000000000001,robot2,robot3,1.7481959738405335
25.35000000000001,robot2,robot4,0.8962009509464106
25.35000000000001,robot3,robot4,1.8097731536394288
25.40000000000001,robot1,robot2,1.8753355554806717
25.40000000000001,robot1,robot3,1.8840168384727882
25.40000000000001,robot1,robot4,2.6415910289666344
25.40000000000001,robot2,robot3,1.750715516524887
25.40000000000001,robot2,robot4,0.8988384881195293
25.40000000000001,robot3,robot4,1.8150904759052657
25.45000000000001,robot1,robot2,1.8746797427057376
25.45000000000001,robot1,robot3,1.883969300948731
25.45000000000001,robot1,robot4,2.644459838712294
25.45000000000001,robot2,robot3,1.7536467789395338
25.45000000000001,robot2,robot4,0.9017815879471599
25.45000000000001,robot3,robot4,1.8210437749665724
25.50000000000001,robot1,robot2,1.8740241352407925
25.50000000000001,robot1,robot3,1.8839316380824436
25.50000000000001,robot1,robot4,2.647328751581867
25.50000000000001,robot2,robot3,1.7565798344706691
25.50000000000001,robot2,robot4,0.9047277943939833
25.50000000000001,robot3,robot4,1.8270001646984066
25.55000000000001,robot1,robot2,1.874019567541652
25.55000000000001,robot1,robot3,1.8840882399389498
25.55000000000001,robot1,robot4,2.651549615006903
25.55000000000001,robot2,robot3,1.7596078672210613
25.55000000000001,robot2,robot4,0.9084685790126436
25.55000000000001,robot3,robot4,1.8334283963408566
25.60000000000001,robot1,robot2,1.8740149998879412
25.60000000000001,robot1,robot3,1.8842508440812762
25.60000000000001,robot1,robot4,2.6557704859330378
25.60000000000001,robot2,robot3,1.7626370933853632
25.60000000000001,robot2,robot4,0.9122136021623449
25.60000000000001,robot3,robot4,1.8398605506342058
25.65000000000001,robot1,robot2,1.8740252591554096
25.65000000000001,robot1,robot3,1.8847266318918774
25.65000000000001,robot1,robot4,2.660020443677314
25.65000000000001,robot2,robot3,1.7657710645822695
25.65000000000001,robot2,robot4,0.9160404363696238
25.65000000000001,robot3,robot4,1.8461519627609895
25.70000000000001,robot1,robot2,1.8740355184651651
25.70000000000001,robot1,robot3,1.8852081568444903
25.70000000000001,robot1,robot4,2.6642704015609984
25.70000000000001,robot2,robot3,1.7689057767586158
25.70000000000001,robot2,robot4,0.9198709104504834
25.70000000000001,robot3,robot4,1.8524466641080397
25.75000000000001,robot1,robot2,1.8740246334182749
25.75000000000001,robot1,robot3,1.8859947543103746
25.75000000000001,robot1,robot4,2.6685145213959873
25.75000000000001,robot2,robot3,1.7721209102765116
25.75000000000001,robot2,robot4,0.9237866999493182
25.75000000000001,robot3,robot4,1.8585587846206275
25.80000000000001,robot1,robot2,1.8740137483820658
25.80000000000001,robot1,robot3,1.886786916847263
25.80000000000001,robot1,robot4,2.672758651385681
25.80000000000001,robot2,robot3,1.7753364441764277
25.80000000000001,robot2,robot4,0.9277054932261647
25.80000000000001,robot3,robot4,1.8646736915559794
25.85000000000001,robot1,robot2,1.8740167217347943
25.85000000000001,robot1,robot3,1.888034099558404
25.85000000000001,robot1,robot4,2.6769511614556265
25.85000000000001,robot2,robot3,1.7786521188668583
25.85000000000001,robot2,robot4,0.9316870803604078
25.85000000000001,robot3,robot4,1.8704126215022223
25.90000000000001,robot1,robot2,1.8740196950876744
25.90000000000001,robot1,robot3,1.8892863496712857
25.90000000000001,robot1,robot4,2.6811437423581945
25.90000000000001,robot2,robot3,1.7819678775573513
25.90000000000001,robot2,robot4,0.935670689131599
25.90000000000001,robot3,robot4,1.8761536278610698
25.95000000000001,robot1,robot2,1.8740226684407062
25.95000000000001,robot1,robot3,1.8905436571163368
25.95000000000001,robot1,robot4,2.685336393761614
25.95000000000001,robot2,robot3,1.7852837197798743
25.95000000000001,robot2,robot4,0.9396562938279621
25.95000000000001,robot3,robot4,1.8818966916293032
26.00000000000001,robot1,robot2,1.8740256417938896
26.00000000000001,robot1,robot3,1.8918060118101439
26.00000000000001,robot1,robot4,2.6895291153361782
26.00000000000001,robot2,robot3,1.7885996450698527
26.00000000000001,robot2,robot4,0.9436438691593358
26.00000000000001,robot3,robot4,1.8876417940282006
26.05000000000001,robot1,robot2,1.874026621283233
26.05000000000001,robot1,robot3,1.8934951086832128
26.05000000000001,robot1,robot4,2.693678102226444
26.05000000000001,robot2,robot3,1.791942667036254
26.05000000000001,robot2,robot4,0.9477055087275276
26.05000000000001,robot3,robot4,1.892965056278246
26.10000000000001,robot1,robot2,1.8740276007727315
26.10000000000001,robot1,robot3,1.895188600850586
26.10000000000001,robot1,robot4,2.6978272704845287
26.10000000000001,robot2,robot3,1.7952856928132641
26.10000000000001,robot2,robot4,0.9517684061030818
26.10000000000001,robot3,robot4,1.898289822379081
26.15000000000001,robot1,robot2,1.8740290615624136
26.15000000000001,robot1,robot3,1.8971436419178311
26.15000000000001,robot1,robot4,2.7019652903812443
26.15000000000001,robot2,robot3,1.7986016893123538
26.15000000000001,robot2,robot4,0.9558945551568443
26.15000000000001,robot3,robot4,1.9033073648870413
26.20000000000001,robot1,robot2,1.8740305223608287
26.20000000000001,robot1,robot3,1.8991025277001243
26.20000000000001,robot1,robot4,2.70610358760525
26.20000000000001,robot2,robot3,1.8019177726946927
26.20000000000001,robot2,robot4,0.9600215908874142
26.20000000000001,robot3,robot4,1.908326146060207
26.25000000000001,robot1,robot2,1.8740314729674366
26.25000000000001,robot1,robot3,1.9013111513975038
26.25000000000001,robot1,robot4,2.7101988299319024
26.25000000000001,robot2,robot3,1.8051872829834035
26.25000000000001,robot2,robot4,0.9641747135583114
26.25000000000001,robot3,robot4,1.9130119842016813
26.30000000000001,robot1,robot2,1.8740324235748962
26.30000000000001,robot1,robot3,1.9035230803163385
26.30000000000001,robot1,robot4,2.714294458377168
26.30000000000001,robot2,robot3,1.8084570640745115
26.30000000000001,robot2,robot4,0.9683284229562827
26.30000000000001,robot3,robot4,1.9176987999041986
26.35000000000001,robot1,robot2,1.874019125509996
26.35000000000001,robot1,robot3,1.905959883130611
26.35000000000001,robot1,robot4,2.718334555923949
26.35000000000001,robot2,robot3,1.811239677506128
26.35000000000001,robot2,robot4,0.9722517602856274
26.35000000000001,robot3,robot4,1.921994616127996
26.40000000000001,robot1,robot2,1.8740059304327186
26.40000000000001,robot1,robot3,1.9083993928740393
26.40000000000001,robot1,robot4,2.7223751755178793
26.40000000000001,robot2,robot3,1.8140226531962058
26.40000000000001,robot2,robot4,0.9761759841058382
26.40000000000001,robot3,robot4,1.9262912127780687
26.45000000000001,robot1,robot2,1.8740451136064602
26.45000000000001,robot1,robot3,1.9110261397461972
26.45000000000001,robot1,robot4,2.726360440938295
26.45000000000001,robot2,robot3,1.8163594860010512
26.45000000000001,robot2,robot4,0.9798426666894036
26.45000000000001,robot3,robot4,1.930184886329028
26.50000000000001,robot1,robot2,1.874084668055315
26.50000000000001,robot1,robot3,1.9136550245833241
26.50000000000001,robot1,robot4,2.7303463804222723
26.50000000000001,robot2,robot3,1.81869672542758
26.50000000000001,robot2,robot4,0.9835104351886673
26.50000000000001,robot3,robot4,1.9340792069473274
26.55000000000001,robot1,robot2,1.8742581298732572
26.55000000000001,robot1,robot3,1.916336202333114
26.55000000000001,robot1,robot4,2.7342904709441544
26.55000000000001,robot2,robot3,1.8209824093303324
26.55000000000001,robot2,robot4,0.987107979149192
26.55000000000001,robot3,robot4,1.9376526109291374
26.60000000000001,robot1,robot2,1.8744319409869221
26.60000000000001,robot1,robot3,1.9190191286615674
26.60000000000001,robot1,robot4,2.738235386411658
26.60000000000001,robot2,robot3,1.8232685244979694
26.60000000000001,robot2,robot4,0.9907061255109918
26.60000000000001,robot3,robot4,1.9412266874839739
26.65000000000001,robot1,robot2,1.8747163682841468
26.65000000000001,robot1,robot3,1.921238857994107
26.65000000000001,robot1,robot4,2.742121446726832
26.65000000000001,robot2,robot3,1.8252974026642894
26.65000000000001,robot2,robot4,0.9942507675029731
26.65000000000001,robot3,robot4,1.9445174828862437
26.70000000000001,robot1,robot2,1.875001119537266
26.70000000000001,robot1,robot3,1.9234601049642284
26.70000000000001,robot1,robot4,2.7460085331349577
26.70000000000001,robot2,robot3,1.8273263951382634
26.70000000000001,robot2,robot4,0.9977956498482046
26.70000000000001,robot3,robot4,1.9478097448952763
26.75000000000001,robot1,robot2,1.8754057092035445
26.75000000000001,robot1,robot3,1.9241876584538864
26.75000000000001,robot1,robot4,2.7493825938456173
26.75000000000001,robot2,robot3,1.8280388923067257
26.75000000000001,robot2,robot4,1.0007660071517726
26.75000000000001,robot3,robot4,1.9500400204771446
26.80000000000001,robot1,robot2,1.8758105750989358
26.80000000000001,robot1,robot3,1.9249156566010888
26.80000000000001,robot1,robot4,2.752757549720825
26.80000000000001,robot2,robot3,1.828751540067978
26.80000000000001,robot2,robot4,1.0037364308273364
26.80000000000001,robot3,robot4,1.9522741680196976
26.850000000000012,robot1,robot2,1.8763068480295273
26.850000000000012,robot1,robot3,1.9255355768612148
26.850000000000012,robot1,robot4,2.7541605988829434
26.850000000000012,robot2,robot3,1.8296130122860002
26.850000000000012,robot2,robot4,1.0044537410355197
26.850000000000012,robot3,robot4,1.9539371034054553
26.90000000000001,robot1,robot2,1.876803351595739
26.90000000000001,robot1,robot3,1.9261560667715896
26.90000000000001,robot1,robot4,2.7555637567379927
26.90000000000001,robot2,robot3,1.8304747776448602
26.90000000000001,robot2,robot4,1.0051711411918867
26.90000000000001,robot3,robot4,1.9556003217971205
26.95000000000001,robot1,robot2,1.8773959958371198
26.95000000000001,robot1,robot3,1.9265895020580412
26.95000000000001,robot1,robot4,2.7560775583612482
26.95000000000001,robot2,robot3,1.8314374842321266
26.95000000000001,robot2,robot4,1.0048522050735869
26.95000000000001,robot3,robot4,1.9570536925856814
27.00000000000001,robot1,robot2,1.877988819807509
27.00000000000001,robot1,robot3,1.927023614450534
27.00000000000001,robot1,robot4,2.756591362074909
27.00000000000001,robot2,robot3,1.83240072771542
27.00000000000001,robot2,robot4,1.004533336159632
27.00000000000001,robot3,robot4,1.958507063790172
27.05000000000001,robot1,robot2,1.8786540813433432
27.05000000000001,robot1,robot3,1.927247695068605
27.05000000000001,robot1,robot4,2.7576827757801476
27.05000000000001,robot2,robot3,1.8334180467234553
27.05000000000001,robot2,robot4,1.004796069644234
27.05000000000001,robot3,robot4,1.9603266757806597
27.100000000000012,robot1,robot2,1.8793194671353777
27.100000000000012,robot1,robot3,1.9274725071940717
27.100000000000012,robot1,robot4,2.758774205494172
27.100000000000012,robot2,robot3,1.8344361707241275
27.100000000000012,robot2,robot4,1.0050588629617672
27.100000000000012,robot3,robot4,1.9621465244127414
27.15000000000001,robot1,robot2,1.8796203975109573
27.15000000000001,robot1,robot3,1.927545894156868
27.15000000000001,robot1,robot4,2.7595428111844904
27.15000000000001,robot2,robot3,1.8354931190067836
27.15000000000001,robot2,robot4,1.0052948359288683
27.15000000000001,robot3,robot4,1.964110574636011
27.20000000000001,robot1,robot2,1.8799216182588574
27.20000000000001,robot1,robot3,1.92762091833768
27.20000000000001,robot1,robot4,2.7603115141338668
27.20000000000001,robot2,robot3,1.8365511902198646
27.20000000000001,robot2,robot4,1.0055308733425343
27.20000000000001,robot3,robot4,1.9660749702127336
27.25000000000001,robot1,robot2,1.8805668714037398
27.25000000000001,robot1,robot3,1.9273756617572635
27.25000000000001,robot1,robot4,2.7613377535149968
27.25000000000001,robot2,robot3,1.8376151256491389
27.25000000000001,robot2,robot4,1.005793462821518
27.25000000000001,robot3,robot4,1.9681111585319568
27.30000000000001,robot1,robot2,1.8812121764697356
27.30000000000001,robot1,robot3,1.9271313478375054
27.30000000000001,robot1,robot4,2.7623639945765657
27.30000000000001,robot2,robot3,1.8386804626296547
27.30000000000001,robot2,robot4,1.006056101656861
27.30000000000001,robot3,robot4,1.9701478583408407
27.350000000000012,robot1,robot2,1.8820016640219133
27.350000000000012,robot1,robot3,1.9268161137641675
27.350000000000012,robot1,robot4,2.76348661022204
27.350000000000012,robot2,robot3,1.839483855387837
27.350000000000012,robot2,robot4,1.0062504576571631
27.350000000000012,robot3,robot4,1.9719841094928356
27.40000000000001,robot1,robot2,1.8827911853822241
27.40000000000001,robot1,robot3,1.926501344812663
27.40000000000001,robot1,robot4,2.7646092310728116
27.40000000000001,robot2,robot3,1.8402885772840085
27.40000000000001,robot2,robot4,1.0064449036445067
27.40000000000001,robot3,robot4,1.973820875204739
27.45000000000001,robot1,robot2,1.8840517928247755
27.45000000000001,robot1,robot3,1.9260442785853211
27.45000000000001,robot1,robot4,2.766223406640044
27.45000000000001,robot2,robot3,1.840939739478862
27.45000000000001,robot2,robot4,1.0065155419689256
27.45000000000001,robot3,robot4,1.9759999699900055
27.50000000000001,robot1,robot2,1.8853125184711423
27.50000000000001,robot1,robot3,1.9255875634216169
27.50000000000001,robot1,robot4,2.767837610965644
27.50000000000001,robot2,robot3,1.8415933951630041
27.50000000000001,robot2,robot4,1.0065864807774838
27.50000000000001,robot3,robot4,1.9781800205340268
27.55000000000001,robot1,robot2,1.886974021271756
27.55000000000001,robot1,robot3,1.925013342143503
27.55000000000001,robot1,robot4,2.7695006319073574
27.55000000000001,robot2,robot3,1.8420545991169752
27.55000000000001,robot2,robot4,1.0061698582079717
27.55000000000001,robot3,robot4,1.9803867660359304
27.600000000000012,robot1,robot2,1.8886358329678068
27.600000000000012,robot1,robot3,1.9244394114551904
27.600000000000012,robot1,robot4,2.7711637035774346
27.600000000000012,robot2,robot3,1.8425197503820685
27.600000000000012,robot2,robot4,1.0057536703313588
27.600000000000012,robot3,robot4,1.982594582509748
27.65000000000001,robot1,robot2,1.8899711265456547
27.65000000000001,robot1,robot3,1.9237676334251623
27.65000000000001,robot1,robot4,2.7725985875393144
27.65000000000001,robot2,robot3,1.8426422639249593
27.65000000000001,robot2,robot4,1.0052343043471257
27.65000000000001,robot3,robot4,1.9847569168548704
27.70000000000001,robot1,robot2,1.891307049569953
27.70000000000001,robot1,robot3,1.92309629211046
27.70000000000001,robot1,robot4,2.774033504171318
27.70000000000001,robot2,robot3,1.8427688206050152
27.70000000000001,robot2,robot4,1.0047158587988942
27.70000000000001,robot3,robot4,1.9869203028486073
27.75000000000001,robot1,robot2,1.8922659241832265
27.75000000000001,robot1,robot3,1.9222980481411431
27.75000000000001,robot1,robot4,2.7752272396072812
27.75000000000001,robot2,robot3,1.8425650943405636
27.75000000000001,robot2,robot4,1.004165346834499
27.75000000000001,robot3,robot4,1.9890169144645304
27.80000000000001,robot1,robot2,1.8932258093563488
27.80000000000001,robot1,robot3,1.921500442950248
27.80000000000001,robot1,robot4,2.7764209863682425
27.80000000000001,robot2,robot3,1.8423654403567713
27.80000000000001,robot2,robot4,1.0036162987681099
27.80000000000001,robot3,robot4,1.9911146416115777
27.850000000000012,robot1,robot2,1.89425996771259
27.850000000000012,robot1,robot3,1.920762950782644
27.850000000000012,robot1,robot4,2.777742663084992
27.850000000000012,robot2,robot3,1.8418378095883605
27.850000000000012,robot2,robot4,1.0029701209477777
27.850000000000012,robot3,robot4,1.9931279442816137
27.90000000000001,robot1,robot2,1.8952954054365776
27.90000000000001,robot1,robot3,1.9200258184943761
27.90000000000001,robot1,robot4,2.779064377048506
27.90000000000001,robot2,robot3,1.8413141321567048
27.90000000000001,robot2,robot4,1.0023261840164608
27.90000000000001,robot3,robot4,1.9951422486441917
27.95000000000001,robot1,robot2,1.89615438950788
27.95000000000001,robot1,robot3,1.9191304313189606
27.95000000000001,robot1,robot4,2.780282598015713
27.95000000000001,robot2,robot3,1.8404708715251374
27.95000000000001,robot2,robot4,1.0016538464145184
27.95000000000001,robot3,robot4,1.9970443069753112
28.00000000000001,robot1,robot2,1.8970147107350013
28.00000000000001,robot1,robot3,1.918235288103365
28.00000000000001,robot1,robot4,2.7815009011697267
28.00000000000001,robot2,robot3,1.8396313586721658
28.00000000000001,robot2,robot4,1.0009845217969155
28.00000000000001,robot3,robot4,1.9989473258555366
28.05000000000001,robot1,robot2,1.8976243555090138
28.05000000000001,robot1,robot3,1.9172583822946896
28.05000000000001,robot1,robot4,2.7825754163100864
28.05000000000001,robot2,robot3,1.8384967717905434
28.05000000000001,robot2,robot4,1.0003119227232322
28.05000000000001,robot3,robot4,2.0007352482225134
28.100000000000012,robot1,robot2,1.8982354999085338
28.100000000000012,robot1,robot3,1.916281678402212
28.100000000000012,robot1,robot4,2.783650040327807
28.100000000000012,robot2,robot3,1.837365565493432
28.100000000000012,robot2,robot4,0.999643214953215
28.100000000000012,robot3,robot4,2.0025240323154683
28.15000000000001,robot1,robot2,1.8989046957841909
28.15000000000001,robot1,robot3,1.9154477295751247
28.15000000000001,robot1,robot4,2.7849029727585215
28.15000000000001,robot2,robot3,1.8359283173531717
28.15000000000001,robot2,robot4,0.9989826282315922
28.15000000000001,robot3,robot4,2.004182617077159
28.20000000000001,robot1,robot2,1.8995756654842684
28.20000000000001,robot1,robot3,1.91461383041124
28.20000000000001,robot1,robot4,2.7861560477482237
28.20000000000001,robot2,robot3,1.8344940487845685
28.20000000000001,robot2,robot4,0.9983269315770258
28.20000000000001,robot3,robot4,2.005841963418355
28.25000000000001,robot1,robot2,1.9000569294267213
28.25000000000001,robot1,robot3,1.9136088243176161
28.25000000000001,robot1,robot4,2.7873480720311914
28.25000000000001,robot2,robot3,1.8330353367781127
28.25000000000001,robot2,robot4,0.9979152305514232
28.25000000000001,robot3,robot4,2.0073787288776006
28.30000000000001,robot1,robot2,1.90053916823674
28.30000000000001,robot1,robot3,1.9126038182239935
28.30000000000001,robot1,robot4,2.7885404279780492
28.30000000000001,robot2,robot3,1.8315786959726845
28.30000000000001,robot2,robot4,0.9975084182552046
28.30000000000001,robot3,robot4,2.0089161239974658
28.350000000000012,robot1,robot2,1.9005228532475609
28.350000000000012,robot1,robot3,1.911744279735982
28.350000000000012,robot1,robot4,2.7898535747675455
28.350000000000012,robot2,robot3,1.8308726612481818
28.350000000000012,robot2,robot4,0.9983312398688126
28.350000000000012,robot3,robot4,2.0103099310474497
28.40000000000001,robot1,robot2,1.9005065382747306
28.40000000000001,robot1,robot3,1.9108847935173903
28.40000000000001,robot1,robot4,2.7911671439240253
28.40000000000001,robot2,robot3,1.8301668145130923
28.40000000000001,robot2,robot4,0.9991563478905592
28.40000000000001,robot3,robot4,2.0117042083827834
28.45000000000001,robot1,robot2,1.9004608346138707
28.45000000000001,robot1,robot3,1.9102424597807601
28.45000000000001,robot1,robot4,2.7923637845222866
28.45000000000001,robot2,robot3,1.8293732937972225
28.45000000000001,robot2,robot4,0.999810950642733
28.45000000000001,robot3,robot4,2.012969129529965
28.50000000000001,robot1,robot2,1.9004151665622961
28.50000000000001,robot1,robot3,1.9096001628249302
28.50000000000001,robot1,robot4,2.793560747567968
28.50000000000001,robot2,robot3,1.8285799193639305
28.50000000000001,robot2,robot4,1.0004680130631365
28.50000000000001,robot3,robot4,2.0142343468133244
28.55000000000001,robot1,robot2,1.9001893538809493
28.55000000000001,robot1,robot3,1.908355901883215
28.55000000000001,robot1,robot4,2.7945273635456007
28.55000000000001,robot2,robot3,1.8273179735626195
28.55000000000001,robot2,robot4,1.0011298938542517
28.55000000000001,robot3,robot4,2.015113505735626
28.600000000000012,robot1,robot2,1.8999635413475702
28.600000000000012,robot1,robot3,1.9071118613696991
28.600000000000012,robot1,robot4,2.795494475996868
28.600000000000012,robot2,robot3,1.8260562051275966
28.600000000000012,robot2,robot4,1.0017942049647723
28.600000000000012,robot3,robot4,2.015993214592252
28.65000000000001,robot1,robot2,1.8996568839983972
28.65000000000001,robot1,robot3,1.9055813437674338
28.65000000000001,robot1,robot4,2.796358860101695
28.65000000000001,robot2,robot3,1.8242695689149118
28.65000000000001,robot2,robot4,1.0023619734238975
28.65000000000001,robot3,robot4,2.016536895492183
28.70000000000001,robot1,robot2,1.8993502413467611
28.70000000000001,robot1,robot3,1.9040512167158212
28.70000000000001,robot1,robot4,2.7972236769915275
28.70000000000001,robot2,robot3,1.8224832290962238
28.70000000000001,robot2,robot4,1.002932446862699
28.70000000000001,robot3,robot4,2.017081450579773
28.75000000000001,robot1,robot2,1.8992150111209762
28.75000000000001,robot1,robot3,1.902700870166669
28.75000000000001,robot1,robot4,2.7983933467315225
28.75000000000001,robot2,robot3,1.82065287827643
28.75000000000001,robot2,robot4,1.0036331798999076
28.75000000000001,robot3,robot4,2.0176259841765147
28.80000000000001,robot1,robot2,1.8990797902207792
28.80000000000001,robot1,robot3,1.9013512072189604
28.80000000000001,robot1,robot4,2.7995635146102686
28.80000000000001,robot2,robot3,1.8188227128249743
28.80000000000001,robot2,robot4,1.0043368283608844
28.80000000000001,robot3,robot4,2.018171355395275
28.850000000000012,robot1,robot2,1.8988921931558542
28.850000000000012,robot1,robot3,1.9001379962227083
28.850000000000012,robot1,robot4,2.8013975951174803
28.850000000000012,robot2,robot3,1.8169546147420683
28.850000000000012,robot2,robot4,1.0056051528394485
28.850000000000012,robot3,robot4,2.0193028541876155
28.900000000000013,robot1,robot2,1.8987046180298819
28.900000000000013,robot1,robot3,1.898925493403572
28.900000000000013,robot1,robot4,2.803232330332433
28.900000000000013,robot2,robot3,1.8150866242320223
28.900000000000013,robot2,robot4,1.006878283649519
28.900000000000013,robot3,robot4,2.020435445638638
28.95000000000001,robot1,robot2,1.8983119954399619
28.95000000000001,robot1,robot3,1.89763942590426
28.95000000000001,robot1,robot4,2.8050289542138422
28.95000000000001,robot2,robot3,1.8131939977536873
28.95000000000001,robot2,robot4,1.0084500061154498
28.95000000000001,robot3,robot4,2.021371539819746
29.00000000000001,robot1,robot2,1.8979193800720304
29.00000000000001,robot1,robot3,1.8963540250588757
29.00000000000001,robot1,robot4,2.8068259680929635
29.00000000000001,robot2,robot3,1.8113014222204977
29.00000000000001,robot2,robot4,1.0100254135357194
29.00000000000001,robot3,robot4,2.0223091607630126
29.05000000000001,robot1,robot2,1.8977850494468544
29.05000000000001,robot1,robot3,1.8953569934327672
29.05000000000001,robot1,robot4,2.80907338477059
29.05000000000001,robot2,robot3,1.809389853520379
29.05000000000001,robot2,robot4,1.011872534758455
29.05000000000001,robot3,robot4,2.023128017787555
29.100000000000012,robot1,robot2,1.8976507310390394
29.100000000000012,robot1,robot3,1.8943610094765462
29.100000000000012,robot1,robot4,2.8113210316819037
29.100000000000012,robot2,robot3,1.8074782990520242
29.100000000000012,robot2,robot4,1.01372268640393
29.100000000000012,robot3,robot4,2.0239487660951303
29.150000000000013,robot1,robot2,1.8974218941686374
29.150000000000013,robot1,robot3,1.8934544362117616
29.150000000000013,robot1,robot4,2.8135643794136387
29.150000000000013,robot2,robot3,1.8055586806156423
29.150000000000013,robot2,robot4,1.01579469603668
29.150000000000013,robot3,robot4,2.0244883202691613
29.20000000000001,robot1,robot2,1.8971930732935431
29.20000000000001,robot1,robot3,1.8925488895785492
29.20000000000001,robot1,robot4,2.8158077750205184
29.20000000000001,robot2,robot3,1.80363906236087
29.20000000000001,robot2,robot4,1.0178686456537511
29.20000000000001,robot3,robot4,2.0250302334920827
29.25000000000001,robot1,robot2,1.8971392743889417
29.25000000000001,robot1,robot3,1.8917456649351676
29.25000000000001,robot1,robot4,2.81828104259161
29.25000000000001,robot2,robot3,1.801726428337554
29.25000000000001,robot2,robot4,1.0201348654801732
29.25000000000001,robot3,robot4,2.0253621575894147
29.30000000000001,robot1,robot2,1.8970854760039144
29.30000000000001,robot1,robot3,1.8909439314535479
29.30000000000001,robot1,robot4,2.82075432796566
29.30000000000001,robot2,robot3,1.799813802319006
29.30000000000001,robot2,robot4,1.022402342917895
29.30000000000001,robot3,robot4,2.0256968141580316
29.350000000000012,robot1,robot2,1.8965900797474
29.350000000000012,robot1,robot3,1.8902749776160213
29.350000000000012,robot1,robot4,2.8231872351723335
29.350000000000012,robot2,robot3,1.7976143130674604
29.350000000000012,robot2,robot4,1.0250684474152207
29.350000000000012,robot3,robot4,2.025731844798627
29.400000000000013,robot1,robot2,1.8960947053905295
29.400000000000013,robot1,robot3,1.8896074914754122
29.400000000000013,robot1,robot4,2.825620156331173
29.400000000000013,robot2,robot3,1.7954149830459802
29.400000000000013,robot2,robot4,1.0277357204364368
29.400000000000013,robot3,robot4,2.025769977718349
29.45000000000001,robot1,robot2,1.8952756065945922
29.45000000000001,robot1,robot3,1.889093132897502
29.45000000000001,robot1,robot4,2.828106699935224
29.45000000000001,robot2,robot3,1.7929835948042019
29.45000000000001,robot2,robot4,1.030810364915391
29.45000000000001,robot3,robot4,2.025523686533436
29.50000000000001,robot1,robot2,1.8944565385619168
29.50000000000001,robot1,robot3,1.8885804870669398
29.50000000000001,robot1,robot4,2.8305933254801903
29.50000000000001,robot2,robot3,1.790552763793907
29.50000000000001,robot2,robot4,1.0338860611658334
29.50000000000001,robot3,robot4,2.0252807528086074
29.55000000000001,robot1,robot2,1.8934825730427418
29.55000000000001,robot1,robot3,1.8881574423063878
29.55000000000001,robot1,robot4,2.833216766953797
29.55000000000001,robot2,robot3,1.7881960546120388
29.55000000000001,robot2,robot4,1.0374844950264626
29.55000000000001,robot3,robot4,2.0247555874244734
29.600000000000012,robot1,robot2,1.8925086356569811
29.600000000000012,robot1,robot3,1.887735911261424
29.600000000000012,robot1,robot4,2.835840733460274
29.600000000000012,robot2,robot3,1.7858401112051572
29.600000000000012,robot2,robot4,1.0410831330394572
29.600000000000012,robot3,robot4,2.024235349524482
29.650000000000013,robot1,robot2,1.8915196305613806
29.650000000000013,robot1,robot3,1.8873158949463122
29.650000000000013,robot1,robot4,2.838465223543549
29.650000000000013,robot2,robot3,1.783581160522997
29.650000000000013,robot2,robot4,1.0447553797399487
29.650000000000013,robot3,robot4,2.0237200429087583
29.70000000000001,robot1,robot2,1.8905306322871362
29.70000000000001,robot1,robot3,1.8868973943725715
29.70000000000001,robot1,robot4,2.841090235752642
29.70000000000001,robot2,robot3,1.78132307511299
29.70000000000001,robot2,robot4,1.0484277536315993
29.70000000000001,robot3,robot4,2.023209671345261
29.75000000000001,robot1,robot2,1.8896518918335856
29.75000000000001,robot1,robot3,1.8863050776004526
29.75000000000001,robot1,robot4,2.8437213027835555
29.75000000000001,robot2,robot3,1.7797779378255307
29.75000000000001,robot2,robot4,1.0522377625894501
29.75000000000001,robot3,robot4,2.0231187776023556
29.80000000000001,robot1,robot2,1.888773166165011
29.80000000000001,robot1,robot3,1.88571343925343
29.80000000000001,robot1,robot4,2.846353114919687
29.80000000000001,robot2,robot3,1.7782332183535428
29.80000000000001,robot2,robot4,1.056047795238455
29.80000000000001,robot3,robot4,2.023033900573097
29.850000000000012,robot1,robot2,1.8878491482663544
29.850000000000012,robot1,robot3,1.8849846096036167
29.850000000000012,robot1,robot4,2.8487883200147137
29.850000000000012,robot2,robot3,1.7768137775739188
29.850000000000012,robot2,robot4,1.0598355571357532
29.850000000000012,robot3,robot4,2.0228135346134226
29.900000000000013,robot1,robot2,1.8869251461902241
29.900000000000013,robot1,robot3,1.884256208118471
29.900000000000013,robot1,robot4,2.851224672915834
29.900000000000013,robot2,robot3,1.7753945930981088
29.900000000000013,robot2,robot4,1.0636235925707
29.900000000000013,robot3,robot4,2.0226001173897425
29.95000000000001,robot1,robot2,1.8861529401436408
29.95000000000001,robot1,robot3,1.883350127288338
29.95000000000001,robot1,robot4,2.8535862588882788
29.95000000000001,robot2,robot3,1.7741580132204966
29.95000000000001,robot2,robot4,1.0673528049049674
29.95000000000001,robot3,robot4,2.0222939613827164
30.00000000000001,robot1,robot2,1.8853807989753688
30.00000000000001,robot1,robot3,1.8824444349900475
30.00000000000001,robot1,robot4,2.855949182548598
30.00000000000001,robot2,robot3,1.772921546245067
30.00000000000001,robot2,robot4,1.0710828252310844
30.00000000000001,robot3,robot4,2.0219956645415933
30.05000000000001,robot1,robot2,1.8847268521333533
30.05000000000001,robot1,robot3,1.8814239288130945
30.05000000000001,robot1,robot4,2.8581794677926107
30.05000000000001,robot2,robot3,1.7718913011302357
30.05000000000001,robot2,robot4,1.0747081800406337
30.05000000000001,robot3,robot4,2.021610428454565
30.100000000000012,robot1,robot2,1.8840730133699701
30.100000000000012,robot1,robot3,1.8804037025907494
30.100000000000012,robot1,robot4,2.860411372593984
30.100000000000012,robot2,robot3,1.7708610855377676
30.100000000000012,robot2,robot4,1.0783351159950239
30.100000000000012,robot3,robot4,2.0212337411838344
30.150000000000013,robot1,robot2,1.8834763479381018
30.150000000000013,robot1,robot3,1.8793232562335438
30.150000000000013,robot1,robot4,2.8624348905063766
30.150000000000013,robot2,robot3,1.7700621645874473
30.150000000000013,robot2,robot4,1.0818198572676052
30.150000000000013,robot3,robot4,2.02077934719813
30.20000000000001,robot1,robot2,1.882879799763118
30.20000000000001,robot1,robot3,1.8782429331319206
30.20000000000001,robot1,robot4,2.864460450309273
30.20000000000001,robot2,robot3,1.7692632438390845
30.20000000000001,robot2,robot4,1.085307159118561
30.20000000000001,robot3,robot4,2.0203339623443446
30.25000000000001,robot1,robot2,1.8820785346258133
30.25000000000001,robot1,robot3,1.876925014511568
30.25000000000001,robot1,robot4,2.8659889270520575
30.25000000000001,robot2,robot3,1.7687244668513238
30.25000000000001,robot2,robot4,1.08862221107336
30.25000000000001,robot3,robot4,2.019840918266894
30.30000000000001,robot1,robot2,1.8812774249751154
30.30000000000001,robot1,robot3,1.8756070961512699
30.30000000000001,robot1,robot4,2.867519858814931
30.30000000000001,robot2,robot3,1.7681857107945422
30.30000000000001,robot2,robot4,1.0919409418430106
30.30000000000001,robot3,robot4,2.019357128355705
30.350000000000012,robot1,robot2,1.8807850802673467
30.350000000000012,robot1,robot3,1.8742942434583207
30.350000000000012,robot1,robot4,2.868855306025428
30.350000000000012,robot2,robot3,1.7676871307921687
30.350000000000012,robot2,robot4,1.0946982399887657
30.350000000000012,robot3,robot4,2.0188303717363794
30.400000000000013,robot1,robot2,1.880292753861483
30.400000000000013,robot1,robot3,1.8729814142935322
30.400000000000013,robot1,robot4,2.8701935913044268
30.400000000000013,robot2,robot3,1.767188858102325
30.400000000000013,robot2,robot4,1.097459604514445
30.400000000000013,robot3,robot4,2.0183128875677325
30.45000000000001,robot1,robot2,1.8800554353443943
30.45000000000001,robot1,robot3,1.8721274863852755
30.45000000000001,robot1,robot4,2.87131040784208
30.45000000000001,robot2,robot3,1.7668394554874673
30.45000000000001,robot2,robot4,1.0996370403302407
30.45000000000001,robot3,robot4,2.0176844556175033
30.50000000000001,robot1,robot2,1.879818152575403
30.50000000000001,robot1,robot3,1.8712736627981488
30.50000000000001,robot1,robot4,2.8724304973736094
30.50000000000001,robot2,robot3,1.766490486697848
30.50000000000001,robot2,robot4,1.1018186327858142
30.50000000000001,robot3,robot4,2.01706344216041
30.55000000000001,robot1,robot2,1.8797409467026298
30.55000000000001,robot1,robot3,1.8705501662593813
30.55000000000001,robot1,robot4,2.873474400737242
30.55000000000001,robot2,robot3,1.7663570378659295
30.55000000000001,robot2,robot4,1.1038693309994854
30.55000000000001,robot3,robot4,2.016327483402498
30.600000000000012,robot1,robot2,1.8796637408456864
30.600000000000012,robot1,robot3,1.8698267079197473
30.600000000000012,robot1,robot4,2.874521173610833
30.600000000000012,robot2,robot3,1.7662238617457302
30.600000000000012,robot2,robot4,1.1059247660564444
30.600000000000012,robot3,robot4,2.0155978101290444
30.650000000000013,robot1,robot2,1.8794535029013755
30.650000000000013,robot1,robot3,1.8692790898812435
30.650000000000013,robot1,robot4,2.8755254323683617
30.650000000000013,robot2,robot3,1.7662009913271481
30.650000000000013,robot2,robot4,1.107982753845249
30.650000000000013,robot3,robot4,2.015057718892067
30.70000000000001,robot1,robot2,1.8792432992970869
30.70000000000001,robot1,robot3,1.868731683433713
30.70000000000001,robot1,robot4,2.876532952978638
30.70000000000001,robot2,robot3,1.7661784092497566
30.70000000000001,robot2,robot4,1.1100450503673265
30.70000000000001,robot3,robot4,2.0145236073734654
30.75000000000001,robot1,robot2,1.879139806465248
30.75000000000001,robot1,robot3,1.8680712050538248
30.75000000000001,robot1,robot4,2.876701719512296
30.75000000000001,robot2,robot3,1.7662799605413635
30.75000000000001,robot2,robot4,1.1105077047279999
30.75000000000001,robot3,robot4,2.0148338563512502
30.80000000000001,robot1,robot2,1.879036314008859
30.80000000000001,robot1,robot3,1.8674108565476424
30.80000000000001,robot1,robot4,2.8768706013208174
30.80000000000001,robot2,robot3,1.7663817974526344
30.80000000000001,robot2,robot4,1.1109705378217731
30.80000000000001,robot3,robot4,2.015144771265826
30.850000000000012,robot1,robot2,1.878781584954728
30.850000000000012,robot1,robot3,1.8669519088338216
30.850000000000012,robot1,robot4,2.8767616212521414
30.850000000000012,robot2,robot3,1.7666166076498464
30.850000000000012,robot2,robot4,1.1110875782755607
30.850000000000012,robot3,robot4,2.0157389361850657
30.900000000000013,robot1,robot2,1.8785268762644838
30.900000000000013,robot1,robot3,1.866493338307158
30.900000000000013,robot1,robot4,2.8766526752225405
30.900000000000013,robot2,robot3,1.7668516693511658
30.900000000000013,robot2,robot4,1.1112046194832883
30.900000000000013,robot3,robot4,2.016333247945389
30.95000000000001,robot1,robot2,1.8781978988057277
30.95000000000001,robot1,robot3,1.8660891042671301
30.95000000000001,robot1,robot4,2.8764582317197394
30.95000000000001,robot2,robot3,1.7671971589526312
30.95000000000001,robot2,robot4,1.111312762083204
30.95000000000001,robot3,robot4,2.016976978830262
31.00000000000001,robot1,robot2,1.8778689447607892
31.00000000000001,robot1,robot3,1.8656853951845687
31.00000000000001,robot1,robot4,2.876263833001764
31.00000000000001,robot2,robot3,1.7675428732548473
31.00000000000001,robot2,robot4,1.1114209069461487
31.00000000000001,robot3,robot4,2.017620812572323
31.05000000000001,robot1,robot2,1.877886441449336
31.05000000000001,robot1,robot3,1.8654173551318884
31.05000000000001,robot1,robot4,2.876379359031941
31.05000000000001,robot2,robot3,1.7679929693505572
31.05000000000001,robot2,robot4,1.1115353299446895
31.05000000000001,robot3,robot4,2.018334228075531
31.100000000000012,robot1,robot2,1.8779039381379445
31.100000000000012,robot1,robot3,1.8651495355911816
31.100000000000012,robot1,robot4,2.8764948863201547
31.100000000000012,robot2,robot3,1.768443237712198
31.100000000000012,robot2,robot4,1.1116497534907297
31.100000000000012,robot3,robot4,2.0190476961978883
31.150000000000013,robot1,robot2,1.8779043762083576
31.150000000000013,robot1,robot3,1.8649923971946911
31.150000000000013,robot1,robot4,2.8766124988291346
31.150000000000013,robot2,robot3,1.768987719136145
31.150000000000013,robot2,robot4,1.111784209888097
31.150000000000013,robot3,robot4,2.0198024536676846
31.200000000000014,robot1,robot2,1.87790481430556
31.200000000000014,robot1,robot3,1.864835515132635
31.200000000000014,robot1,robot4,2.876730112562178
31.200000000000014,robot2,robot3,1.7695323194934873
31.200000000000014,robot2,robot4,1.1119186666523768
31.200000000000014,robot3,robot4,2.0205572333299546
31.25000000000001,robot1,robot2,1.8784876178119996
31.25000000000001,robot1,robot3,1.8648022409848855
31.25000000000001,robot1,robot4,2.876833299144217
31.25000000000001,robot2,robot3,1.7708475563072195
31.25000000000001,robot2,robot4,1.1118068216781187
31.25000000000001,robot3,robot4,2.021308857416464
31.30000000000001,robot1,robot2,1.8790705515450987
31.30000000000001,robot1,robot3,1.864769228319955
31.30000000000001,robot1,robot4,2.8769364862690314
31.30000000000001,robot2,robot3,1.772163017352806
31.30000000000001,robot2,robot4,1.1116954585541852
31.30000000000001,robot3,robot4,2.022060483512054
31.350000000000012,robot1,robot2,1.8805015815800983
31.350000000000012,robot1,robot3,1.864866025337209
31.350000000000012,robot1,robot4,2.877062422844263
31.350000000000012,robot2,robot3,1.7744975400062555
31.350000000000012,robot2,robot4,1.111224998678148
31.350000000000012,robot3,robot4,2.022836738181928
31.400000000000013,robot1,robot2,1.8819332676173728
31.400000000000013,robot1,robot3,1.8649630924726097
31.400000000000013,robot1,robot4,2.877188359674076
31.400000000000013,robot2,robot3,1.77683258975065
31.400000000000013,robot2,robot4,1.1107571127663327
31.400000000000013,robot3,robot4,2.023612994700568
31.450000000000014,robot1,robot2,1.8834203898378612
31.450000000000014,robot1,robot3,1.8651936070227404
31.450000000000014,robot1,robot4,2.8772612874956716
31.450000000000014,robot2,robot3,1.7790699148747646
31.450000000000014,robot2,robot4,1.110057665561231
31.450000000000014,robot3,robot4,2.024376019493476
31.50000000000001,robot1,robot2,1.884907878759331
31.50000000000001,robot1,robot3,1.865424442663117
31.50000000000001,robot1,robot4,2.8773342167730536
31.50000000000001,robot2,robot3,1.7813078701813458
31.50000000000001,robot2,robot4,1.1093603658838727
31.50000000000001,robot3,robot4,2.025139065059978
31.55000000000001,robot1,robot2,1.8862366218759017
31.55000000000001,robot1,robot3,1.8662346423906782
31.55000000000001,robot1,robot4,2.8769843757215754
31.55000000000001,robot2,robot3,1.784429680932609
31.55000000000001,robot2,robot4,1.1082265417926176
31.55000000000001,robot3,robot4,2.026620640719576
31.600000000000012,robot1,robot2,1.887565436158771
31.600000000000012,robot1,robot3,1.867047011889966
31.600000000000012,robot1,robot4,2.8766345620860934
31.600000000000012,robot2,robot3,1.7875523083280676
31.600000000000012,robot2,robot4,1.1070945505477388
31.600000000000012,robot3,robot4,2.0281027120840065
31.650000000000013,robot1,robot2,1.8888943214577447
31.650000000000013,robot1,robot3,1.8678615483299517
31.650000000000013,robot1,robot4,2.8762847758766106
31.650000000000013,robot2,robot3,1.790675748095465
31.650000000000013,robot2,robot4,1.1059643977771727
31.650000000000013,robot3,robot4,2.0295852780673265
31.700000000000014,robot1,robot2,1.8902232776230439
31.700000000000014,robot1,robot3,1.8686782488769973
31.700000000000014,robot1,robot4,2.8759350171031337
31.700000000000014,robot2,robot3,1.793799995991193
31.700000000000014,robot2,robot4,1.1048360891227258
31.700000000000014,robot3,robot4,2.0310683375864054
31.75000000000001,robot1,robot2,1.891698637471757
31.75000000000001,robot1,robot3,1.86984688112396
31.75000000000001,robot1,robot4,2.8758642857941856
31.75000000000001,robot2,robot3,1.7972814245283077
31.75000000000001,robot2,robot4,1.1036896196132318
31.75000000000001,robot3,robot4,2.033152099416692
31.80000000000001,robot1,robot2,1.8931740081529753
31.80000000000001,robot1,robot3,1.8710185062820732
31.80000000000001,robot1,robot4,2.8757935665388086
31.80000000000001,robot2,robot3,1.8007637831142658
31.80000000000001,robot2,robot4,1.1025443211499482
31.80000000000001,robot3,robot4,2.0352366536292537
31.850000000000012,robot1,robot2,1.8949432403892739
31.850000000000012,robot1,robot3,1.8725185247479534
31.850000000000012,robot1,robot4,2.876588264886461
31.850000000000012,robot2,robot3,1.8040665519213122
31.850000000000012,robot2,robot4,1.1018013803442521
31.850000000000012,robot3,robot4,2.037698984072538
31.900000000000013,robot1,robot2,1.8967124905947133
31.900000000000013,robot1,robot3,1.8740210044759376
31.900000000000013,robot1,robot4,2.877382984567748
31.900000000000013,robot2,robot3,1.8073702801288405
31.900000000000013,robot2,robot4,1.1010589778363373
31.900000000000013,robot3,robot4,2.0401617720536285
31.950000000000014,robot1,robot2,1.8980344817648205
31.950000000000014,robot1,robot3,1.8754672898668485
31.950000000000014,robot1,robot4,2.87776087366706
31.950000000000014,robot2,robot3,1.810439318935118
31.950000000000014,robot2,robot4,1.1002347270270327
31.950000000000014,robot3,robot4,2.042441793239774
32.00000000000001,robot1,robot2,1.899356614626385
32.00000000000001,robot1,robot3,1.8769168705749866
32.00000000000001,robot1,robot4,2.8781388776617436
32.00000000000001,robot2,robot3,1.8135092876585996
32.00000000000001,robot2,robot4,1.0994109238192056
32.00000000000001,robot3,robot4,2.044722259297091
32.05000000000001,robot1,robot2,1.9009952849313572
32.05000000000001,robot1,robot3,1.8784391808746435
32.05000000000001,robot1,robot4,2.8787629742773633
32.05000000000001,robot2,robot3,1.816373217842702
32.05000000000001,robot2,robot4,1.0984943208876867
32.05000000000001,robot3,robot4,2.0468433381219606
32.100000000000016,robot1,robot2,1.902634083729712
32.100000000000016,robot1,robot3,1.8799636455083386
32.100000000000016,robot1,robot4,2.8793871205284294
32.100000000000016,robot2,robot3,1.8192380420046745
32.100000000000016,robot2,robot4,1.0975780737774419
32.100000000000016,robot3,robot4,2.048964881334964
32.15000000000001,robot1,robot2,1.90384602840126
32.15000000000001,robot1,robot3,1.8814567934089004
32.15000000000001,robot1,robot4,2.8796384009177265
32.15000000000001,robot2,robot3,1.8218496640415345
32.15000000000001,robot2,robot4,1.0965944677214314
32.15000000000001,robot3,robot4,2.0509070966351697
32.20000000000001,robot1,robot2,1.9050583102385608
32.20000000000001,robot1,robot3,1.8829527041742182
32.20000000000001,robot1,robot4,2.8798898232288335
32.20000000000001,robot2,robot3,1.8244620860407048
32.20000000000001,robot2,robot4,1.0956111015328385
32.20000000000001,robot3,robot4,2.052849802917398
32.250000000000014,robot1,robot2,1.9058889070442302
32.250000000000014,robot1,robot3,1.8845976231548742
32.250000000000014,robot1,robot4,2.8797802554476704
32.250000000000014,robot2,robot3,1.8268548702672722
32.250000000000014,robot2,robot4,1.0944861822254768
32.250000000000014,robot3,robot4,2.0546119871056563
32.30000000000001,robot1,robot2,1.9067204509607594
32.30000000000001,robot1,robot3,1.8862464037407736
32.30000000000001,robot1,robot4,2.8796711285839565
32.30000000000001,robot2,robot3,1.8292484538522924
32.30000000000001,robot2,robot4,1.0933614365688957
32.30000000000001,robot3,robot4,2.056374699957428
32.350000000000016,robot1,robot2,1.9075646542272822
32.350000000000016,robot1,robot3,1.888088499274465
32.350000000000016,robot1,robot4,2.8795478946600714
32.350000000000016,robot2,robot3,1.8315088495839307
32.350000000000016,robot2,robot4,1.0921709174469896
32.350000000000016,robot3,robot4,2.05793036590436
32.40000000000001,robot1,robot2,1.9084101434558036
32.40000000000001,robot1,robot3,1.8899343250623823
32.40000000000001,robot1,robot4,2.879425293005012
32.40000000000001,robot2,robot3,1.8337699550216222
32.40000000000001,robot2,robot4,1.090980600151992
32.40000000000001,robot3,robot4,2.0594865864773193
32.45000000000001,robot1,robot2,1.9092504103051806
32.45000000000001,robot1,robot3,1.8917376515993176
32.45000000000001,robot1,robot4,2.8799037173024553
32.45000000000001,robot2,robot3,1.8359387039803374
32.45000000000001,robot2,robot4,1.0907260716371456
32.45000000000001,robot3,robot4,2.060761169549737
32.500000000000014,robot1,robot2,1.9100912252730236
32.500000000000014,robot1,robot3,1.8935431672061245
32.500000000000014,robot1,robot4,2.880382965160883
32.500000000000014,robot2,robot3,1.8381076588883476
32.500000000000014,robot2,robot4,1.090472241865881
32.500000000000014,robot3,robot4,2.0620358494361835
32.55000000000001,robot1,robot2,1.909946497916761
32.55000000000001,robot1,robot3,1.8944930873398567
32.55000000000001,robot1,robot4,2.8812884296977717
32.55000000000001,robot2,robot3,1.839680757442715
32.55000000000001,robot2,robot4,1.092130128971933
32.55000000000001,robot3,robot4,2.0627798876385843
32.600000000000016,robot1,robot2,1.909801773210246
32.600000000000016,robot1,robot3,1.8954438779845209
32.600000000000016,robot1,robot4,2.8821949887271683
32.600000000000016,robot2,robot3,1.8412539359610345
32.600000000000016,robot2,robot4,1.093789546154561
32.600000000000016,robot3,robot4,2.0635243277279285
32.65000000000001,robot1,robot2,1.9097787830871928
32.65000000000001,robot1,robot3,1.8960743726923004
32.65000000000001,robot1,robot4,2.8830127685602176
32.65000000000001,robot2,robot3,1.8423801211027273
32.65000000000001,robot2,robot4,1.095233826729366
32.65000000000001,robot3,robot4,2.0638760311213584
32.70000000000001,robot1,robot2,1.9097558018450944
32.70000000000001,robot1,robot3,1.896705483628125
32.70000000000001,robot1,robot4,2.883831923946505
32.70000000000001,robot2,robot3,1.843506306270201
32.70000000000001,robot2,robot4,1.0966799604077757
32.70000000000001,robot3,robot4,2.0642286131225873
32.750000000000014,robot1,robot2,1.909535635491781
32.750000000000014,robot1,robot3,1.8971231787464409
32.750000000000014,robot1,robot4,2.8842610650288316
32.750000000000014,robot2,robot3,1.8446201409558558
32.750000000000014,robot2,robot4,1.0979522904012045
32.750000000000014,robot3,robot4,2.0644686211084076
32.80000000000001,robot1,robot2,1.9093154928039002
32.80000000000001,robot1,robot3,1.8975418701575466
32.80000000000001,robot1,robot4,2.884691854621911
32.80000000000001,robot2,robot3,1.8457339982570622
32.80000000000001,robot2,robot4,1.0992268484171046
32.80000000000001,robot3,robot4,2.0647096183485463
32.850000000000016,robot1,robot2,1.909188672466527
32.850000000000016,robot1,robot3,1.8976644412551578
32.850000000000016,robot1,robot4,2.8849701984732015
32.850000000000016,robot2,robot3,1.846788329625583
32.850000000000016,robot2,robot4,1.1003346711614612
32.850000000000016,robot3,robot4,2.0648058444002064
32.90000000000001,robot1,robot2,1.9090618523067815
32.90000000000001,robot1,robot3,1.897787801740753
32.90000000000001,robot1,robot4,2.8852499607056576
32.90000000000001,robot2,robot3,1.8478427385697627
32.90000000000001,robot2,robot4,1.1014450747381828
32.90000000000001,robot3,robot4,2.0649031813322387
32.95000000000001,robot1,robot2,1.908909730533767
32.95000000000001,robot1,robot3,1.897698814417148
32.95000000000001,robot1,robot4,2.88529689072013
32.95000000000001,robot2,robot3,1.8488192741407286
32.95000000000001,robot2,robot4,1.102375226556389
32.95000000000001,robot3,robot4,2.0648560183107203
33.000000000000014,robot1,robot2,1.9087576090727183
33.000000000000014,robot1,robot3,1.8976106795718135
33.000000000000014,robot1,robot4,2.8853453020782456
33.000000000000014,robot2,robot3,1.8497959847448044
33.000000000000014,robot2,robot4,1.1033082912123886
33.000000000000014,robot3,robot4,2.064810101897993
33.05000000000001,robot1,robot2,1.9088174019576232
33.05000000000001,robot1,robot3,1.897441468166278
33.05000000000001,robot1,robot4,2.885379077302019
33.05000000000001,robot2,robot3,1.8506638639934727
33.05000000000001,robot2,robot4,1.1040393275696752
33.05000000000001,robot3,robot4,2.0645880678290887
33.100000000000016,robot1,robot2,1.90887719535857
33.100000000000016,robot1,robot3,1.8972728725075367
33.100000000000016,robot1,robot4,2.8854142887987506
33.100000000000016,robot2,robot3,1.851532035942398
33.100000000000016,robot2,robot4,1.1047735676870625
33.100000000000016,robot3,robot4,2.0643673734606933
33.15000000000001,robot1,robot2,1.9089674635609954
33.15000000000001,robot1,robot3,1.8971758682081241
33.15000000000001,robot1,robot4,2.8852840284967614
33.15000000000001,robot2,robot3,1.8519564290366688
33.15000000000001,robot2,robot4,1.1053184670564407
33.15000000000001,robot3,robot4,2.0634786886920464
33.20000000000001,robot1,robot2,1.9090577347880289
33.20000000000001,robot1,robot3,1.8970790306979834
33.20000000000001,robot1,robot4,2.885155251168644
33.20000000000001,robot2,robot3,1.8523809423550004
33.20000000000001,robot2,robot4,1.105866816192619
33.20000000000001,robot3,robot4,2.062591151352104
33.250000000000014,robot1,robot2,1.9089623943096024
33.250000000000014,robot1,robot3,1.8968474771426669
33.250000000000014,robot1,robot4,2.8846064854300315
33.250000000000014,robot2,robot3,1.8525026846029804
33.250000000000014,robot2,robot4,1.1061936298561161
33.250000000000014,robot3,robot4,2.061205648416115
33.30000000000001,robot1,robot2,1.908867053889558
33.30000000000001,robot1,robot3,1.8966159740021171
33.30000000000001,robot1,robot4,2.884059067654822
33.30000000000001,robot2,robot3,1.8526244643761456
33.30000000000001,robot2,robot4,1.1065240080635395
33.30000000000001,robot3,robot4,2.059821016976475
33.350000000000016,robot1,robot2,1.908783646416285
33.350000000000016,robot1,robot3,1.8964312194699418
33.350000000000016,robot1,robot4,2.8833330105186428
33.350000000000016,robot2,robot3,1.8527197180859547
33.350000000000016,robot2,robot4,1.1066740530374108
33.350000000000016,robot3,robot4,2.058249581497406
33.40000000000001,robot1,robot2,1.9087002413123964
33.40000000000001,robot1,robot3,1.896246520268132
33.40000000000001,robot1,robot4,2.882608438833828
33.40000000000001,robot2,robot3,1.8528150136322297
33.40000000000001,robot2,robot4,1.106828031521609
33.40000000000001,robot3,robot4,2.0566789044829035
33.45000000000001,robot1,robot2,1.908729891610911
33.45000000000001,robot1,robot3,1.8960589691342014
33.45000000000001,robot1,robot4,2.8819421126802665
33.45000000000001,robot2,robot3,1.852857898689279
33.45000000000001,robot2,robot4,1.1069579099229563
33.45000000000001,robot3,robot4,2.055010787025764
33.500000000000014,robot1,robot2,1.9087595425181243
33.500000000000014,robot1,robot3,1.8958714331119608
33.500000000000014,robot1,robot4,2.881277245406974
33.500000000000014,robot2,robot3,1.8529008286608326
33.500000000000014,robot2,robot4,1.1070919181937875
33.500000000000014,robot3,robot4,2.053343474387565
33.55000000000001,robot1,robot2,1.9086541522478606
33.55000000000001,robot1,robot3,1.8955342093677048
33.55000000000001,robot1,robot4,2.8805578021911398
33.55000000000001,robot2,robot3,1.8529015792146788
33.55000000000001,robot2,robot4,1.1074885328111757
33.55000000000001,robot3,robot4,2.0514141482700414
33.600000000000016,robot1,robot2,1.9085487623348796
33.600000000000016,robot1,robot3,1.895197011041596
33.600000000000016,robot1,robot4,2.8798404909475455
33.600000000000016,robot2,robot3,1.8529023772646522
33.600000000000016,robot2,robot4,1.1078908920778259
33.600000000000016,robot3,robot4,2.049486263707078
33.65000000000001,robot1,robot2,1.9084205076893432
33.65000000000001,robot1,robot3,1.8949509302929852
33.65000000000001,robot1,robot4,2.8794050598282017
33.65000000000001,robot2,robot3,1.8528426992624065
33.65000000000001,robot2,robot4,1.1086326075118393
33.65000000000001,robot3,robot4,2.0475619286020383
33.70000000000001,robot1,robot2,1.9082922605316512
33.70000000000001,robot1,robot3,1.8947048846556553
33.70000000000001,robot1,robot4,2.878972443128972
33.70000000000001,robot2,robot3,1.8527830657659305
33.70000000000001,robot2,robot4,1.1093805061352937
33.70000000000001,robot3,robot4,2.045639727872432
33.750000000000014,robot1,robot2,1.9083572838313716
33.750000000000014,robot1,robot3,1.8945368015705712
33.750000000000014,robot1,robot4,2.879049384530682
33.750000000000014,robot2,robot3,1.852665727876996
33.750000000000014,robot2,robot4,1.1104356634052468
33.750000000000014,robot3,robot4,2.043895202579929
33.80000000000001,robot1,robot2,1.9084223135826095
33.80000000000001,robot1,robot3,1.8943687190283205
33.80000000000001,robot1,robot4,2.879129070613195
33.80000000000001,robot2,robot3,1.8525484305186193
33.80000000000001,robot2,robot4,1.1114964651000923
33.80000000000001,robot3,robot4,2.0421533501167337
33.850000000000016,robot1,robot2,1.9086112573924006
33.850000000000016,robot1,robot3,1.8941606574318082
33.850000000000016,robot1,robot4,2.879624739316783
33.850000000000016,robot2,robot3,1.8523955065866735
33.850000000000016,robot2,robot4,1.1128509710887848
33.850000000000016,robot3,robot4,2.040627366688796
33.90000000000001,robot1,robot2,1.9088002012154126
33.90000000000001,robot1,robot3,1.893952609606956
33.90000000000001,robot1,robot4,2.8801228858993153
33.90000000000001,robot2,robot3,1.8522426224587858
33.90000000000001,robot2,robot4,1.114210508304872
33.90000000000001,robot3,robot4,2.0391045963657675
33.95000000000001,robot1,robot2,1.9085605306341478
33.95000000000001,robot1,robot3,1.8934676264642736
33.95000000000001,robot1,robot4,2.8805037868144696
33.95000000000001,robot2,robot3,1.8520455896522228
33.95000000000001,robot2,robot4,1.1158426629435716
33.95000000000001,robot3,robot4,2.0377996757390675
34.000000000000014,robot1,robot2,1.908320864406717
34.000000000000014,robot1,robot3,1.8929826471999156
34.000000000000014,robot1,robot4,2.880887055760604
34.000000000000014,robot2,robot3,1.851848581339738
34.000000000000014,robot2,robot4,1.1174790554730774
34.000000000000014,robot3,robot4,2.0364983327852246
34.05000000000001,robot1,robot2,1.9082432821043154
34.05000000000001,robot1,robot3,1.892659144327895
34.05000000000001,robot1,robot4,2.881753219583263
34.05000000000001,robot2,robot3,1.8516125546820668
34.05000000000001,robot2,robot4,1.1193610315395344
34.05000000000001,robot3,robot4,2.035442684499492
34.100000000000016,robot1,robot2,1.9081656999068504
34.100000000000016,robot1,robot3,1.8923356434987955
34.100000000000016,robot1,robot4,2.882621643612807
34.100000000000016,robot2,robot3,1.8513765453912934
34.100000000000016,robot2,robot4,1.1212464360282273
34.100000000000016,robot3,robot4,2.0343909540353837
34.15000000000001,robot1,robot2,1.907655174343951
34.15000000000001,robot1,robot3,1.892177521340162
34.15000000000001,robot1,robot4,2.883576978104885
34.15000000000001,robot2,robot3,1.851294804285976
34.15000000000001,robot2,robot4,1.123634977829656
34.15000000000001,robot3,robot4,2.033595686234729
34.20000000000001,robot1,robot2,1.9071446499487132
34.20000000000001,robot1,robot3,1.892019455917935
34.20000000000001,robot1,robot4,2.884535103152846
34.20000000000001,robot2,robot3,1.8512130715614559
34.20000000000001,robot2,robot4,1.1260266321828276
34.20000000000001,robot3,robot4,2.0328045637948082
34.250000000000014,robot1,robot2,1.9066736882371875
34.250000000000014,robot1,robot3,1.891569369976224
34.250000000000014,robot1,robot4,2.8858310772663485
34.250000000000014,robot2,robot3,1.8510028595305437
34.250000000000014,robot2,robot4,1.128743963354955
34.250000000000014,robot3,robot4,2.0322095330084693
34.30000000000001,robot1,robot2,1.9062028166436011
34.30000000000001,robot1,robot3,1.891119294234237
34.30000000000001,robot1,robot4,2.887128811530584
34.30000000000001,robot2,robot3,1.8507926918120783
34.30000000000001,robot2,robot4,1.13146352475102
34.30000000000001,robot3,robot4,2.03161897043737
34.350000000000016,robot1,robot2,1.905409944696416
34.350000000000016,robot1,robot3,1.8901647129830372
34.350000000000016,robot1,robot4,2.888851031499289
34.350000000000016,robot2,robot3,1.8491737026991943
34.350000000000016,robot2,robot4,1.1347613081086714
34.350000000000016,robot3,robot4,2.0303583679336636
34.40000000000001,robot1,robot2,1.904617109847541
34.40000000000001,robot1,robot3,1.8892103305667158
34.40000000000001,robot1,robot4,2.890576617103239
34.40000000000001,robot2,robot3,1.8475547137305566
34.40000000000001,robot2,robot4,1.1380609883920993
34.40000000000001,robot3,robot4,2.029107700376695
34.45000000000001,robot1,robot2,1.9040624068030176
34.45000000000001,robot1,robot3,1.8880450897497787
34.45000000000001,robot1,robot4,2.892774366839644
34.45000000000001,robot2,robot3,1.8457434605251208
34.45000000000001,robot2,robot4,1.1415897454449222
34.45000000000001,robot3,robot4,2.02802753305749
34.500000000000014,robot1,robot2,1.9035077201319672
34.500000000000014,robot1,robot3,1.8868807308934497
34.500000000000014,robot1,robot4,2.8949741225776098
34.500000000000014,robot2,robot3,1.8439322224878545
34.500000000000014,robot2,robot4,1.1451196021551644
34.500000000000014,robot3,robot4,2.0269575122229373
34.55000000000001,robot1,robot2,1.902782578206585
34.55000000000001,robot1,robot3,1.8858183555369932
34.55000000000001,robot1,robot4,2.897249037506528
34.55000000000001,robot2,robot3,1.841991106121104
34.55000000000001,robot2,robot4,1.1486658545582358
34.55000000000001,robot3,robot4,2.0261366140656087
34.600000000000016,robot1,robot2,1.902057436513419
34.600000000000016,robot1,robot3,1.8847567482054544
34.600000000000016,robot1,robot4,2.899525689772726
34.600000000000016,robot2,robot3,1.8400500278530467
34.600000000000016,robot2,robot4,1.1522125055561592
34.600000000000016,robot3,robot4,2.0253250804870806
34.65000000000001,robot1,robot2,1.9012662622674
34.65000000000001,robot1,robot3,1.883810011329765
34.65000000000001,robot1,robot4,2.901985798120186
34.65000000000001,robot2,robot3,1.838111966297211
34.65000000000001,robot2,robot4,1.1558909717382524
34.65000000000001,robot3,robot4,2.024768414157283
34.70000000000001,robot1,robot2,1.9004750888041126
34.70000000000001,robot1,robot3,1.8828641518157914
34.70000000000001,robot1,robot4,2.9044471936430525
34.70000000000001,robot2,robot3,1.8361740360853593
34.70000000000001,robot2,robot4,1.1595695295410282
34.70000000000001,robot3,robot4,2.024220198500647
34.750000000000014,robot1,robot2,1.9000835361010446
34.750000000000014,robot1,robot3,1.8822436412363037
34.750000000000014,robot1,robot4,2.907458323240078
34.750000000000014,robot2,robot3,1.8341296951814088
34.750000000000014,robot2,robot4,1.1632021040478102
34.750000000000014,robot3,robot4,2.023920766727418
34.80000000000001,robot1,robot2,1.8996919862177655
34.80000000000001,robot1,robot3,1.8816246622599844
34.80000000000001,robot1,robot4,2.9104702475759834
34.80000000000001,robot2,robot3,1.8320855319675984
34.80000000000001,robot2,robot4,1.1668346896304558
34.80000000000001,robot3,robot4,2.0236288478078186
34.850000000000016,robot1,robot2,1.8990487155466154
34.850000000000016,robot1,robot3,1.8810300883163058
34.850000000000016,robot1,robot4,2.913385622507301
34.850000000000016,robot2,robot3,1.8300307848646966
34.850000000000016,robot2,robot4,1.1704441813185722
34.850000000000016,robot3,robot4,2.0235955141702604
34.90000000000001,robot1,robot2,1.8984054543381923
34.90000000000001,robot1,robot3,1.8804367468277148
34.90000000000001,robot1,robot4,2.916301558583406
34.90000000000001,robot2,robot3,1.8279763037383712
34.90000000000001,robot2,robot4,1.1740538813431871
34.90000000000001,robot3,robot4,2.0235686295038278
34.95000000000001,robot1,robot2,1.8973688062134886
34.95000000000001,robot1,robot3,1.8800265599004846
34.95000000000001,robot1,robot4,2.9190048445859516
34.95000000000001,robot2,robot3,1.8258902609437537
34.95000000000001,robot2,robot4,1.1775820786961102
34.95000000000001,robot3,robot4,2.0237640821661995
35.000000000000014,robot1,robot2,1.8963322795873618
35.000000000000014,robot1,robot3,1.8796170118460303
35.000000000000014,robot1,robot4,2.9217087208763655
35.000000000000014,robot2,robot3,1.8238045945254107
35.000000000000014,robot2,robot4,1.1811109417848953
35.000000000000014,robot3,robot4,2.023964830196414
35.05000000000001,robot1,robot2,1.8960851054013899
35.05000000000001,robot1,robot3,1.8792344677725155
35.05000000000001,robot1,robot4,2.9246941952532843
35.05000000000001,robot2,robot3,1.8219600006762633
35.05000000000001,robot2,robot4,1.1841956020114461
35.05000000000001,robot3,robot4,2.0243310851672707
35.100000000000016,robot1,robot2,1.8958379430439196
35.100000000000016,robot1,robot3,1.8788532932552238
35.100000000000016,robot1,robot4,2.927679794301625
35.100000000000016,robot2,robot3,1.8201155845475852
35.100000000000016,robot2,robot4,1.1872809414157217
35.100000000000016,robot3,robot4,2.024701619155277
35.15000000000001,robot1,robot2,1.8956221135092433
35.15000000000001,robot1,robot3,1.8784739757090725
35.15000000000001,robot1,robot4,2.930759481627672
35.15000000000001,robot2,robot3,1.8182102251880827
35.15000000000001,robot2,robot4,1.1902870755688526
35.15000000000001,robot3,robot4,2.0252906865184195
35.20000000000001,robot1,robot2,1.8954062956363735
35.20000000000001,robot1,robot3,1.8780961842751822
35.20000000000001,robot1,robot4,2.9338391889979247
35.20000000000001,robot2,robot3,1.8163050545062631
35.20000000000001,robot2,robot4,1.1932945010423877
35.20000000000001,robot3,robot4,2.02588344506514
35.250000000000014,robot1,robot2,1.8951468791126058
35.250000000000014,robot1,robot3,1.8775605273093727
35.250000000000014,robot1,robot4,2.9369279468870624
35.250000000000014,robot2,robot3,1.814423048511702
35.250000000000014,robot2,robot4,1.1962710006451305
35.250000000000014,robot3,robot4,2.0267640442409673
35.30000000000001,robot1,robot2,1.8948874915237048
35.30000000000001,robot1,robot3,1.8770260262473715
35.30000000000001,robot1,robot4,2.9400167161165944
35.30000000000001,robot2,robot3,1.812541105547954
35.30000000000001,robot2,robot4,1.199249105472254
35.30000000000001,robot3,robot4,2.02764857143367
35.350000000000016,robot1,robot2,1.8943336918302565
35.350000000000016,robot1,robot3,1.8760496933789492
35.350000000000016,robot1,robot4,2.9424648684338197
35.350000000000016,robot2,robot3,1.8106426954761112
35.350000000000016,robot2,robot4,1.2018884393771754
35.350000000000016,robot3,robot4,2.028453553168645
35.40000000000001,robot1,robot2,1.8937799467182028
35.40000000000001,robot1,robot3,1.8750738996511576
35.40000000000001,robot1,robot4,2.9449130639871184
35.40000000000001,robot2,robot3,1.8087442873068038
35.40000000000001,robot2,robot4,1.2045290044469663
35.40000000000001,robot3,robot4,2.0292627546715085
35.45000000000001,robot1,robot2,1.8936403225584448
35.45000000000001,robot1,robot3,1.873931535721756
35.45000000000001,robot1,robot4,2.9450917753936383
35.45000000000001,robot2,robot3,1.8068859503397687
35.45000000000001,robot2,robot4,1.204816513804488
35.45000000000001,robot3,robot4,2.0281336272916657
35.500000000000014,robot1,robot2,1.8935007091915756
35.500000000000014,robot1,robot3,1.8727900435406526
35.500000000000014,robot1,robot4,2.94527050838204
35.500000000000014,robot2,robot3,1.8050276823162568
35.500000000000014,robot2,robot4,1.2051040242012305
35.500000000000014,robot3,robot4,2.0270057870686995
35.55000000000001,robot1,robot2,1.8931095063499366
35.55000000000001,robot1,robot3,1.8714141938882074
35.55000000000001,robot1,robot4,2.9451659432015034
35.55000000000001,robot2,robot3,1.803248969591068
35.55000000000001,robot2,robot4,1.2053188376435922
35.55000000000001,robot3,robot4,2.0260625412699502
35.600000000000016,robot1,robot2,1.892718348752661
35.600000000000016,robot1,robot3,1.870038666929109
35.600000000000016,robot1,robot4,2.9450614479017245
35.600000000000016,robot2,robot3,1.8014704918907216
35.600000000000016,robot2,robot4,1.2055336511835744
35.600000000000016,robot3,robot4,2.0251208212580796
35.65000000000001,robot1,robot2,1.8925633547192018
35.65000000000001,robot1,robot3,1.8683313684382914
35.65000000000001,robot1,robot4,2.9451067537548616
35.65000000000001,robot2,robot3,1.7998223351938099
35.65000000000001,robot2,robot4,1.2057572399403207
35.65000000000001,robot3,robot4,2.024439870716836
35.70000000000001,robot1,robot2,1.8924083611432814
35.70000000000001,robot1,robot3,1.8666245072054526
35.70000000000001,robot1,robot4,2.945152063309635
35.70000000000001,robot2,robot3,1.7981746650481425
35.70000000000001,robot2,robot4,1.2059808287572402
35.70000000000001,robot3,robot4,2.0237607577609067
35.750000000000014,robot1,robot2,1.8921766593286815
35.750000000000014,robot1,robot3,1.8650425294110584
35.750000000000014,robot1,robot4,2.9452029666222495
35.750000000000014,robot2,robot3,1.7967147408690811
35.750000000000014,robot2,robot4,1.2062045036179603
35.750000000000014,robot3,robot4,2.0233631132212775
35.80000000000001,robot1,robot2,1.8919450192740803
35.80000000000001,robot1,robot3,1.8634606175103345
35.80000000000001,robot1,robot4,2.945253958783351
35.80000000000001,robot2,robot3,1.7952556197644944
35.80000000000001,robot2,robot4,1.2064281797624756
35.80000000000001,robot3,robot4,2.0229675392197968
35.850000000000016,robot1,robot2,1.89211575506845
35.850000000000016,robot1,robot3,1.861608699930519
35.850000000000016,robot1,robot4,2.945512050769993
35.850000000000016,robot2,robot3,1.794083089194937
35.850000000000016,robot2,robot4,1.2066238577678214
35.850000000000016,robot3,robot4,2.022850248659858
35.90000000000001,robot1,robot2,1.8922865007405723
35.90000000000001,robot1,robot3,1.8597569635648625
35.90000000000001,robot1,robot4,2.9457701430481635
35.90000000000001,robot2,robot3,1.7929117328348876
35.90000000000001,robot2,robot4,1.206819551781044
35.90000000000001,robot3,robot4,2.022735141794397
35.95000000000001,robot1,robot2,1.892041003933715
35.95000000000001,robot1,robot3,1.8578839503642306
35.95000000000001,robot1,robot4,2.9457647892773537
35.95000000000001,robot2,robot3,1.7918703833180845
35.95000000000001,robot2,robot4,1.207051731357132
35.95000000000001,robot3,robot4,2.0228871519761675
36.000000000000014,robot1,robot2,1.891795522091381
36.000000000000014,robot1,robot3,1.8560109432015743
36.000000000000014,robot1,robot4,2.9457594816707284
36.000000000000014,robot2,robot3,1.7908304241499247
36.000000000000014,robot2,robot4,1.2072839138761022
36.000000000000014,robot3,robot4,2.0230413851893885
36.05000000000001,robot1,robot2,1.8917255297607263
36.05000000000001,robot1,robot3,1.8541055119712708
36.05000000000001,robot1,robot4,2.94571458720172
36.05000000000001,robot2,robot3,1.7900336185558776
36.05000000000001,robot2,robot4,1.2073292457579663
36.05000000000001,robot3,robot4,2.0233779803460474
36.100000000000016,robot1,robot2,1.8916555387059768
36.100000000000016,robot1,robot3,1.852200098430242
36.100000000000016,robot1,robot4,2.945669701019617
36.100000000000016,robot2,robot3,1.789238499217474
36.100000000000016,robot2,robot4,1.207374582940191
36.100000000000016,robot3,robot4,2.0237164544915873
36.15000000000001,robot1,robot2,1.8913492634439575
36.15000000000001,robot1,robot3,1.8504428006807583
36.15000000000001,robot1,robot4,2.9454680676480347
36.15000000000001,robot2,robot3,1.7885493741561203
36.15000000000001,robot2,robot4,1.207377142301961
36.15000000000001,robot3,robot4,2.024220278757848
36.20000000000001,robot1,robot2,1.8910430531833482
36.20000000000001,robot1,robot3,1.8486857308747746
36.20000000000001,robot1,robot4,2.9452664892213063
36.20000000000001,robot2,robot3,1.7878619941172753
36.20000000000001,robot2,robot4,1.2073797018606036
36.20000000000001,robot3,robot4,2.0247257509465326
36.250000000000014,robot1,robot2,1.8908416247735425
36.250000000000014,robot1,robot3,1.846701647875002
36.250000000000014,robot1,robot4,2.9452119837309247
36.250000000000014,robot2,robot3,1.7873554045541697
36.250000000000014,robot2,robot4,1.207558741772838
36.250000000000014,robot3,robot4,2.0254417910680624
36.30000000000001,robot1,robot2,1.8906401964678523
36.30000000000001,robot1,robot3,1.8447177314941707
36.30000000000001,robot1,robot4,2.9451574864399017
36.30000000000001,robot2,robot3,1.78685070000406
36.30000000000001,robot2,robot4,1.207737784097608
36.30000000000001,robot3,robot4,2.0261597318261955
36.350000000000016,robot1,robot2,1.8905964081181497
36.350000000000016,robot1,robot3,1.844148615665912
36.350000000000016,robot1,robot4,2.9455021825740513
36.350000000000016,robot2,robot3,1.7867428229614497
36.350000000000016,robot2,robot4,1.2082792470601529
36.350000000000016,robot3,robot4,2.0264122640965736
36.40000000000001,robot1,robot2,1.890552621542442
36.40000000000001,robot1,robot3,1.8435795345709933
36.40000000000001,robot1,robot4,2.9458469918699106
36.40000000000001,robot2,robot3,1.786635156020949
36.40000000000001,robot2,robot4,1.2088207979680035
36.40000000000001,robot3,robot4,2.0266654945130935
36.45000000000002,robot1,robot2,1.890493713836679
36.45000000000002,robot1,robot3,1.843362119086277
36.45000000000002,robot1,robot4,2.946231624953688
36.45000000000002,robot2,robot3,1.787064812688183
36.45000000000002,robot2,robot4,1.209451255872369
36.45000000000002,robot3,robot4,2.0272576032252294
36.500000000000014,robot1,robot2,1.8904348165300489
36.500000000000014,robot1,robot3,1.8431448347457668
36.500000000000014,robot1,robot4,2.9466163050214056
36.500000000000014,robot2,robot3,1.7874945188584497
36.500000000000014,robot2,robot4,1.2100817740157068
36.500000000000014,robot3,robot4,2.0278499318756307
36.55000000000001,robot1,robot2,1.8900113994234267
36.55000000000001,robot1,robot3,1.84344974036377
36.55000000000001,robot1,robot4,2.9468943544631014
36.55000000000001,robot2,robot3,1.7873988588460747
36.55000000000001,robot2,robot4,1.2108029849851711
36.55000000000001,robot3,robot4,2.027790484129524
36.600000000000016,robot1,robot2,1.8895880255381066
36.600000000000016,robot1,robot3,1.8437546802731104
36.600000000000016,robot1,robot4,2.9471726075118165
36.600000000000016,robot2,robot3,1.7873032797295487
36.600000000000016,robot2,robot4,1.2115242083611042
36.600000000000016,robot3,robot4,2.0277311319958082
36.65000000000001,robot1,robot2,1.8896280498543223
36.65000000000001,robot1,robot3,1.8434240341302375
36.65000000000001,robot1,robot4,2.947840393713379
36.65000000000001,robot2,robot3,1.7876547227991904
36.65000000000001,robot2,robot4,1.2122923790769289
36.65000000000001,robot3,robot4,2.028551262484202
36.70000000000002,robot1,robot2,1.8896680959956964
36.70000000000002,robot1,robot3,1.843093452796412
36.70000000000002,robot1,robot4,2.9485081885083857
36.70000000000002,robot2,robot3,1.788006249124706
36.70000000000002,robot2,robot4,1.2130605542960338
36.70000000000002,robot3,robot4,2.029371716172274
36.750000000000014,robot1,robot2,1.8896072940075408
36.750000000000014,robot1,robot3,1.8434956340574826
36.750000000000014,robot1,robot4,2.9497129025290754
36.750000000000014,robot2,robot3,1.7879723588748513
36.750000000000014,robot2,robot4,1.2143681792491932
36.750000000000014,robot3,robot4,2.0298104464231383
36.80000000000001,robot1,robot2,1.8895465047492215
36.80000000000001,robot1,robot3,1.843897817294928
36.80000000000001,robot1,robot4,2.9509177491500846
36.80000000000001,robot2,robot3,1.787938541277356
36.80000000000001,robot2,robot4,1.2156758062892432
36.80000000000001,robot3,robot4,2.0302495309577098
36.850000000000016,robot1,robot2,1.8892511341714866
36.850000000000016,robot1,robot3,1.8435545996087286
36.850000000000016,robot1,robot4,2.95278168578461
36.850000000000016,robot2,robot3,1.787823563167308
36.850000000000016,robot2,robot4,1.2179460689198236
36.850000000000016,robot3,robot4,2.031478307300499
36.90000000000001,robot1,robot2,1.8889557639672245
36.90000000000001,robot1,robot3,1.8432114010305491
36.90000000000001,robot1,robot4,2.9546458260849144
36.90000000000001,robot2,robot3,1.7877085933495984
36.90000000000001,robot2,robot4,1.220216353386563
36.90000000000001,robot3,robot4,2.0327091898882146
36.95000000000002,robot1,robot2,1.888858814210448
36.95000000000002,robot1,robot3,1.8431966573778829
36.95000000000002,robot1,robot4,2.9567442836096776
36.95000000000002,robot2,robot3,1.787692909731003
36.95000000000002,robot2,robot4,1.2224307341215706
36.95000000000002,robot3,robot4,2.034088121263802
37.000000000000014,robot1,robot2,1.8887618656635885
37.000000000000014,robot1,robot3,1.843181918218872
37.000000000000014,robot1,robot4,2.958842861361347
37.000000000000014,robot2,robot3,1.7876772261283636
37.000000000000014,robot2,robot4,1.2246452187911407
37.000000000000014,robot3,robot4,2.035468577269126
37.05000000000001,robot1,robot2,1.8887765135786314
37.05000000000001,robot1,robot3,1.8434658366200471
37.05000000000001,robot1,robot4,2.961104863750734
37.05000000000001,robot2,robot3,1.7879312422150078
37.05000000000001,robot2,robot4,1.2268182280690572
37.05000000000001,robot3,robot4,2.037181201307827
37.100000000000016,robot1,robot2,1.8887911728579212
37.100000000000016,robot1,robot3,1.8437497957244635
37.100000000000016,robot1,robot4,2.9633669445318453
37.100000000000016,robot2,robot3,1.7881852592279135
37.100000000000016,robot2,robot4,1.2289914697450106
37.100000000000016,robot3,robot4,2.0388948504270643
37.15000000000001,robot1,robot2,1.889333526698304
37.15000000000001,robot1,robot3,1.8448137364225285
37.15000000000001,robot1,robot4,2.9661878984488244
37.15000000000001,robot2,robot3,1.7881907115345668
37.15000000000001,robot2,robot4,1.2311124569463592
37.15000000000001,robot3,robot4,2.0401926771599297
37.20000000000002,robot1,robot2,1.8898759200765005
37.20000000000002,robot1,robot3,1.845877860279222
37.20000000000002,robot1,robot4,2.9690088819801472
37.20000000000002,robot2,robot3,1.7881963690048137
37.20000000000002,robot2,robot4,1.233233842377025
37.20000000000002,robot3,robot4,2.0414910042520398
37.250000000000014,robot1,robot2,1.8901358992104904
37.250000000000014,robot1,robot3,1.8452323331174991
37.250000000000014,robot1,robot4,2.971489176704377
37.250000000000014,robot2,robot3,1.788173138149799
37.250000000000014,robot2,robot4,1.2352627505389293
37.250000000000014,robot3,robot4,2.0438049695938463
37.30000000000001,robot1,robot2,1.8903958805975005
37.30000000000001,robot1,robot3,1.8445868335743916
37.30000000000001,robot1,robot4,2.973969471983195
37.30000000000001,robot2,robot3,1.7881503962541854
37.30000000000001,robot2,robot4,1.2372922883926827
37.30000000000001,robot3,robot4,2.046121064360563
37.350000000000016,robot1,robot2,1.890234905275532
37.350000000000016,robot1,robot3,1.8446747063382882
37.350000000000016,robot1,robot4,2.976070095944987
37.350000000000016,robot2,robot3,1.7884140832545605
37.350000000000016,robot2,robot4,1.2393065699382062
37.350000000000016,robot3,robot4,2.048195783068907
37.40000000000001,robot1,robot2,1.8900739318164248
37.40000000000001,robot1,robot3,1.8447626656469933
37.40000000000001,robot1,robot4,2.9781707208889157
37.40000000000001,robot2,robot3,1.7886777702674677
37.40000000000001,robot2,robot4,1.2413216496379982
37.40000000000001,robot3,robot4,2.050271079497782
37.45000000000002,robot1,robot2,1.8901023079178807
37.45000000000002,robot1,robot3,1.8449577783137072
37.45000000000002,robot1,robot4,2.9791876789462264
37.45000000000002,robot2,robot3,1.788124241906655
37.45000000000002,robot2,robot4,1.2422062892629795
37.45000000000002,robot3,robot4,2.050367764264804
37.500000000000014,robot1,robot2,1.8901306892408256
37.500000000000014,robot1,robot3,1.8451532704607494
37.500000000000014,robot1,robot4,2.9802046569730742
37.500000000000014,robot2,robot3,1.7875709032790839
37.500000000000014,robot2,robot4,1.2430911428700633
37.500000000000014,robot3,robot4,2.050464517752014
37.55000000000001,robot1,robot2,1.8892865230838467
37.55000000000001,robot1,robot3,1.844409207525068
37.55000000000001,robot1,robot4,2.979302603193111
37.55000000000001,robot2,robot3,1.7875972450015134
37.55000000000001,robot2,robot4,1.2430831684704364
37.55000000000001,robot3,robot4,2.0505077589296024
37.600000000000016,robot1,robot2,1.8884424024430821
37.600000000000016,robot1,robot3,1.843665340463122
37.600000000000016,robot1,robot4,2.978400550884484
37.600000000000016,robot2,robot3,1.787623588658977
37.600000000000016,robot2,robot4,1.2430751941616405
37.600000000000016,robot3,robot4,2.0505510005327836
37.65000000000001,robot1,robot2,1.888195938299638
37.65000000000001,robot1,robot3,1.8434730786556797
37.65000000000001,robot1,robot4,2.9782020454464213
37.65000000000001,robot2,robot3,1.7877539083277094
37.65000000000001,robot2,robot4,1.2430707830690897
37.65000000000001,robot3,robot4,2.0508340715838034
37.70000000000002,robot1,robot2,1.887949490932954
37.70000000000002,robot1,robot3,1.8432809858684054
37.70000000000002,robot1,robot4,2.978003558229238
37.70000000000002,robot2,robot3,1.7878842790678597
37.70000000000002,robot2,robot4,1.2430663719769757
37.70000000000002,robot3,robot4,2.051117155033813
37.750000000000014,robot1,robot2,1.8879087210059309
37.750000000000014,robot1,robot3,1.843243096536645
37.750000000000014,robot1,robot4,2.978898030181841
37.750000000000014,robot2,robot3,1.7880878795543718
37.750000000000014,robot2,robot4,1.2439100249264416
37.750000000000014,robot3,robot4,2.0521267011557183
37.80000000000001,robot1,robot2,1.8878679513008847
37.80000000000001,robot1,robot3,1.8432052533801002
37.80000000000001,robot1,robot4,2.97979250217746
37.80000000000001,robot2,robot3,1.788291491414361
37.80000000000001,robot2,robot4,1.2447538005380832
37.80000000000001,robot3,robot4,2.0531363817196855
37.850000000000016,robot1,robot2,1.8876285433560542
37.850000000000016,robot1,robot3,1.8433067119220827
37.850000000000016,robot1,robot4,2.9837666209646003
37.850000000000016,robot2,robot3,1.78787449492421
37.850000000000016,robot2,robot4,1.248481600960544
37.850000000000016,robot3,robot4,2.0561178584605755
37.90000000000001,robot1,robot2,1.8873891519379355
37.90000000000001,robot1,robot3,1.8434081956257005
37.90000000000001,robot1,robot4,2.9877407429830667
37.90000000000001,robot2,robot3,1.7874575517569635
37.90000000000001,robot2,robot4,1.2522122222890184
37.90000000000001,robot3,robot4,2.059101859913929
37.95000000000002,robot1,robot2,1.887392876034624
37.95000000000002,robot1,robot3,1.8449682805957675
37.95000000000002,robot1,robot4,2.9919510384030783
37.95000000000002,robot2,robot3,1.7854791782581076
37.95000000000002,robot2,robot4,1.2561084545870247
37.95000000000002,robot3,robot4,2.0591894985166497
38.000000000000014,robot1,robot2,1.8873966001500586
38.000000000000014,robot1,robot3,1.8465333447349386
38.000000000000014,robot1,robot4,2.9961613338256683
38.000000000000014,robot2,robot3,1.7835051180739576
38.000000000000014,robot2,robot4,1.26000667347836
38.000000000000014,robot3,robot4,2.059278291911515
38.05000000000001,robot1,robot2,1.8873960553684803
38.05000000000001,robot1,robot3,1.846008586112887
38.05000000000001,robot1,robot4,3.000346925874615
38.05000000000001,robot2,robot3,1.784632749019809
38.05000000000001,robot2,robot4,1.2639975768375715
38.05000000000001,robot3,robot4,2.064041700026493
38.100000000000016,robot1,robot2,1.887395510593368
38.100000000000016,robot1,robot3,1.8454851214713166
38.100000000000016,robot1,robot4,3.0045325467235346
38.100000000000016,robot2,robot3,1.78576115685497
38.100000000000016,robot2,robot4,1.2679897999688339
38.100000000000016,robot3,robot4,2.0688095117339844
38.15000000000001,robot1,robot2,1.8870448996330877
38.15000000000001,robot1,robot3,1.84525249087381
38.15000000000001,robot1,robot4,3.008412336751481
38.15000000000001,robot2,robot3,1.7868579351278184
38.15000000000001,robot2,robot4,1.2720556776380711
38.15000000000001,robot3,robot4,2.0731753447512595
38.20000000000002,robot1,robot2,1.8866943217609469
38.20000000000002,robot1,robot3,1.8450216094051581
38.20000000000002,robot1,robot4,3.01229238701176
38.20000000000002,robot2,robot3,1.7879551204515738
38.20000000000002,robot2,robot4,1.276122383357491
38.20000000000002,robot3,robot4,2.077545402961149
38.250000000000014,robot1,robot2,1.8865717611086252
38.250000000000014,robot1,robot3,1.8449288313201948
38.250000000000014,robot1,robot4,3.016305160534036
38.250000000000014,robot2,robot3,1.7885083986185248
38.250000000000014,robot2,robot4,1.2802504693220202
38.250000000000014,robot3,robot4,2.0810037686141403
38.30000000000001,robot1,robot2,1.8864492041942182
38.30000000000001,robot1,robot3,1.8448364199099063
38.30000000000001,robot1,robot4,3.020318231013415
38.30000000000001,robot2,robot3,1.7890617648435174
38.30000000000001,robot2,robot4,1.2843789848564957
38.30000000000001,robot3,robot4,2.0844668009277583
38.350000000000016,robot1,robot2,1.8862840621732984
38.350000000000016,robot1,robot3,1.8449120714246114
38.350000000000016,robot1,robot4,3.023732656601813
38.350000000000016,robot2,robot3,1.790118093931585
38.350000000000016,robot2,robot4,1.2880176136700354
38.350000000000016,robot3,robot4,2.087867896880094
38.40000000000001,robot1,robot2,1.886118928194349
38.40000000000001,robot1,robot3,1.844988731969114
38.40000000000001,robot1,robot4,3.0271474783103987
38.40000000000001,robot2,robot3,1.7911745519909559
38.40000000000001,robot2,robot4,1.2916563888743795
38.40000000000001,robot3,robot4,2.091272244759157
38.45000000000002,robot1,robot2,1.8859829617454793
38.45000000000002,robot1,robot3,1.8451255942816602
38.45000000000002,robot1,robot4,3.0301951964512543
38.45000000000002,robot2,robot3,1.7925337408323732
38.45000000000002,robot2,robot4,1.2949313213680498
38.45000000000002,robot3,robot4,2.094661642255499
38.500000000000014,robot1,robot2,1.8858470351229444
38.500000000000014,robot1,robot3,1.845264224141356
38.500000000000014,robot1,robot4,3.033243505649028
38.500000000000014,robot2,robot3,1.7938932285980682
38.500000000000014,robot2,robot4,1.298206277023803
38.500000000000014,robot3,robot4,2.0980538753354274
38.55000000000001,robot1,robot2,1.8859339280508345
38.55000000000001,robot1,robot3,1.8454193991735999
38.55000000000001,robot1,robot4,3.0363659749507312
38.55000000000001,robot2,robot3,1.795278859662337
38.55000000000001,robot2,robot4,1.3014855201066402
38.55000000000001,robot3,robot4,2.1012134689695983
38.600000000000016,robot1,robot2,1.8860208223604003
38.600000000000016,robot1,robot3,1.8455757668481128
38.600000000000016,robot1,robot4,3.0394889954648634
38.600000000000016,robot2,robot3,1.796664726448427
38.600000000000016,robot2,robot4,1.3047647672377585
38.600000000000016,robot3,robot4,2.104375996928544
38.65000000000001,robot1,robot2,1.8860826664998673
38.65000000000001,robot1,robot3,1.8458213511583403
38.65000000000001,robot1,robot4,3.0425023898821353
38.65000000000001,robot2,robot3,1.79809113665277
38.65000000000001,robot2,robot4,1.3080017656560146
38.65000000000001,robot3,robot4,2.107384802255749
38.70000000000002,robot1,robot2,1.886144529688539
38.70000000000002,robot1,robot3,1.8460683789461863
38.70000000000002,robot1,robot4,3.0455166511319556
38.70000000000002,robot2,robot3,1.7995178102027782
38.70000000000002,robot2,robot4,1.3112388308054341
38.70000000000002,robot3,robot4,2.1103967262988736
38.750000000000014,robot1,robot2,1.8864655204143674
38.750000000000014,robot1,robot3,1.8462781932857517
38.750000000000014,robot1,robot4,3.0483373491423573
38.750000000000014,robot2,robot3,1.8009874953161813
38.750000000000014,robot2,robot4,1.3141349998826233
38.750000000000014,robot3,robot4,2.1131054321418166
38.80000000000001,robot1,robot2,1.8867865339547554
38.80000000000001,robot1,robot3,1.8464893458390168
38.80000000000001,robot1,robot4,3.0511590928709382
38.80000000000001,robot2,robot3,1.8024576571392743
38.80000000000001,robot2,robot4,1.3170314959977236
38.80000000000001,robot3,robot4,2.1158173908468574
38.850000000000016,robot1,robot2,1.8873882379258913
38.850000000000016,robot1,robot3,1.8467395768858423
38.850000000000016,robot1,robot4,3.0540963704292317
38.850000000000016,robot2,robot3,1.8040717811723852
38.850000000000016,robot2,robot4,1.319920446924739
38.850000000000016,robot3,robot4,2.1184187157756385
38.90000000000001,robot1,robot2,1.8879899490169432
38.90000000000001,robot1,robot3,1.8469909710989385
38.90000000000001,robot1,robot4,3.057034882421364
38.90000000000001,robot2,robot3,1.805686504211072
38.90000000000001,robot2,robot4,1.3228101529675382
38.90000000000001,robot3,robot4,2.1210237245047505
38.95000000000002,robot1,robot2,1.8882041923949857
38.95000000000002,robot1,robot3,1.8472342793244312
38.95000000000002,robot1,robot4,3.0592125211492345
38.95000000000002,robot2,robot3,1.8073464016248384
38.95000000000002,robot2,robot4,1.3252208217234034
38.95000000000002,robot3,robot4,2.1234254398600867
39.000000000000014,robot1,robot2,1.8884184485693316
39.000000000000014,robot1,robot3,1.8474793001341043
39.000000000000014,robot1,robot4,3.061391190167634
39.000000000000014,robot2,robot3,1.809006724256436
39.000000000000014,robot2,robot4,1.3276320483119564
39.000000000000014,robot3,robot4,2.1258293437329354
39.05000000000001,robot1,robot2,1.8896078526980145
39.05000000000001,robot1,robot3,1.8476895375490578
39.05000000000001,robot1,robot4,3.0628448440773575
39.05000000000001,robot2,robot3,1.8111895321228122
39.05000000000001,robot2,robot4,1.3283750070436624
39.05000000000001,robot3,robot4,2.1280488707419294
39.100000000000016,robot1,robot2,1.8907972641372741
39.100000000000016,robot1,robot3,1.8479011044071056
39.100000000000016,robot1,robot4,3.064298688455974
39.100000000000016,robot2,robot3,1.8133736064413208
39.100000000000016,robot2,robot4,1.3291186871795913
39.100000000000016,robot3,robot4,2.1302688519348925
39.15000000000001,robot1,robot2,1.892232710308381
39.15000000000001,robot1,robot3,1.8485096236595577
39.15000000000001,robot1,robot4,3.0659408806595163
39.15000000000001,robot2,robot3,1.816252967722559
39.15000000000001,robot2,robot4,1.3297025398359779
39.15000000000001,robot3,robot4,2.1332201699492375
39.20000000000002,robot1,robot2,1.8936682054924516
39.20000000000002,robot1,robot3,1.849121298007516
39.20000000000002,robot1,robot4,3.0675834471701013
39.20000000000002,robot2,robot3,1.8191344909076963
39.20000000000002,robot2,robot4,1.330287147447874
39.20000000000002,robot3,robot4,2.136171786370423
39.250000000000014,robot1,robot2,1.8949451995127065
39.250000000000014,robot1,robot3,1.849148380498777
39.250000000000014,robot1,robot4,3.0689554602766727
39.250000000000014,robot2,robot3,1.8220689279086022
39.250000000000014,robot2,robot4,1.330837990701817
39.250000000000014,robot3,robot4,2.139316993163999
39.30000000000001,robot1,robot2,1.8962222046859385
39.30000000000001,robot1,robot3,1.8491786645281194
39.30000000000001,robot1,robot4,3.0703275857354373
39.30000000000001,robot2,robot3,1.8250058776809468
39.30000000000001,robot2,robot4,1.3313894679859832
39.30000000000001,robot3,robot4,2.1424625146615757
39.350000000000016,robot1,robot2,1.897515452119495
39.350000000000016,robot1,robot3,1.8491765058712621
39.350000000000016,robot1,robot4,3.071287119606127
39.350000000000016,robot2,robot3,1.8279000117584396
39.350000000000016,robot2,robot4,1.3314794766162374
39.350000000000016,robot3,robot4,2.145346303758266
39.40000000000001,robot1,robot2,1.8988087001119942
39.40000000000001,robot1,robot3,1.8491777301517016
39.40000000000001,robot1,robot4,3.072246767425104
39.40000000000001,robot2,robot3,1.8307969578530556
39.40000000000001,robot2,robot4,1.3315702262986355
39.40000000000001,robot3,robot4,2.148230261124957
39.45000000000002,robot1,robot2,1.900025005163156
39.45000000000002,robot1,robot3,1.8489152273515679
39.45000000000002,robot1,robot4,3.0730049665009087
39.45000000000002,robot2,robot3,1.8334151645255512
39.45000000000002,robot2,robot4,1.3315722721101173
39.45000000000002,robot3,robot4,2.1508101559675725
39.500000000000014,robot1,robot2,1.9012413164382895
39.500000000000014,robot1,robot3,1.8486555709479795
39.500000000000014,robot1,robot4,3.0737632697683472
39.500000000000014,robot2,robot3,1.8360362419149037
39.500000000000014,robot2,robot4,1.3315751605617312
39.500000000000014,robot3,robot4,2.1533903183236434
39.55000000000001,robot1,robot2,1.902526086872727
39.55000000000001,robot1,robot3,1.8482510863486594
39.55000000000001,robot1,robot4,3.0746409183799415
39.55000000000001,robot2,robot3,1.8383323930457331
39.55000000000001,robot2,robot4,1.3315853163151057
39.55000000000001,robot3,robot4,2.155844464690403
39.600000000000016,robot1,robot2,1.9038108587044567
39.600000000000016,robot1,robot3,1.8478488045522012
39.600000000000016,robot1,robot4,3.075518656332619
39.600000000000016,robot2,robot3,1.8406316167718084
39.600000000000016,robot2,robot4,1.331596181291085
39.600000000000016,robot3,robot4,2.1582990631895758
39.65000000000001,robot1,robot2,1.904259209879002
39.65000000000001,robot1,robot3,1.8474459248369086
39.65000000000001,robot1,robot4,3.0761405356316627
39.65000000000001,robot2,robot3,1.8424391201965131
39.65000000000001,robot2,robot4,1.3318976203572293
39.65000000000001,robot3,robot4,2.1607044453548596
39.70000000000002,robot1,robot2,1.9047076431770316
39.70000000000002,robot1,robot3,1.847046113370481
39.70000000000002,robot1,robot4,3.076762656828928
39.70000000000002,robot2,robot3,1.8442489165603435
39.70000000000002,robot2,robot4,1.3321992643084597
39.70000000000002,robot3,robot4,2.163110334784151
39.750000000000014,robot1,robot2,1.9055478320788752
39.750000000000014,robot1,robot3,1.8468673782722598
39.750000000000014,robot1,robot4,3.079318716224297
39.750000000000014,robot2,robot3,1.8450167346046622
39.750000000000014,robot2,robot4,1.3342192349600015
39.750000000000014,robot3,robot4,2.165161042092367
39.80000000000001,robot1,robot2,1.9063880316066297
39.80000000000001,robot1,robot3,1.8466888455681971
39.80000000000001,robot1,robot4,3.081875161030701
39.80000000000001,robot2,robot3,1.8457853818754233
39.80000000000001,robot2,robot4,1.3362393597035684
39.80000000000001,robot3,robot4,2.16721454266254
39.850000000000016,robot1,robot2,1.9072754232368359
39.850000000000016,robot1,robot3,1.8472188686461875
39.850000000000016,robot1,robot4,3.0854801209870497
39.850000000000016,robot2,robot3,1.8477239531123832
39.850000000000016,robot2,robot4,1.3393586588669977
39.850000000000016,robot3,robot4,2.1706406681706336
39.90000000000001,robot1,robot2,1.9081628154457893
39.90000000000001,robot1,robot3,1.8477499931549182
39.90000000000001,robot1,robot4,3.0890856730322334
39.90000000000001,robot2,robot3,1.849663038013682
39.90000000000001,robot2,robot4,1.3424780925858728
39.90000000000001,robot3,robot4,2.174069550792938
39.95000000000002,robot1,robot2,1.9080583305172434
39.95000000000002,robot1,robot3,1.8476196864417878
39.95000000000002,robot1,robot4,3.09247714530601
39.95000000000002,robot2,robot3,1.8530506707628112
39.95000000000002,robot2,robot4,1.3462616063500636
39.95000000000002,robot3,robot4,2.1798627403695074
40.000000000000014,robot1,robot2,1.9079538459367928
40.000000000000014,robot1,robot3,1.8474979882600686
40.000000000000014,robot1,robot4,3.0958693695317647
40.000000000000014,robot2,robot3,1.8564402578321781
40.000000000000014,robot2,robot4,1.3500451246125083
40.000000000000014,robot3,robot4,2.1856591776235397
40.05000000000001,robot1,robot2,1.9080689452073003
40.05000000000001,robot1,robot3,1.8475769091501986
40.05000000000001,robot1,robot4,3.0994248165139453
40.05000000000001,robot2,robot3,1.8602499401651658
40.05000000000001,robot2,robot4,1.3537975470874521
40.05000000000001,robot3,robot4,2.1918062580215674
40.100000000000016,robot1,robot2,1.908184053436408
40.100000000000016,robot1,robot3,1.8476659897895509
40.100000000000016,robot1,robot4,3.1029811682195247
40.100000000000016,robot2,robot3,1.8640620615617929
40.100000000000016,robot2,robot4,1.357550001242681
40.100000000000016,robot3,robot4,2.1979564653104493
40.15000000000001,robot1,robot2,1.9080556139510187
40.15000000000001,robot1,robot3,1.8478198997957702
40.15000000000001,robot1,robot4,3.1061640470740204
40.15000000000001,robot2,robot3,1.8654710005755253
40.15000000000001,robot2,robot4,1.3612694094918363
40.15000000000001,robot3,robot4,2.201029847432334
40.20000000000002,robot1,robot2,1.907927178765741
40.20000000000002,robot1,robot3,1.8479750332756122
40.20000000000002,robot1,robot4,3.109347787872242
40.20000000000002,robot2,robot3,1.8668800326183268
40.20000000000002,robot2,robot4,1.364988903846842
40.20000000000002,robot3,robot4,2.204106747231633
40.250000000000014,robot1,robot2,1.9078341464936752
40.250000000000014,robot1,robot3,1.8473285149989562
40.250000000000014,robot1,robot4,3.1125889568849683
40.250000000000014,robot2,robot3,1.8715446580675026
40.250000000000014,robot2,robot4,1.3687383266267528
40.250000000000014,robot3,robot4,2.211407221739137
40.30000000000001,robot1,robot2,1.9077411142945997
40.30000000000001,robot1,robot3,1.8466996414688013
40.30000000000001,robot1,robot4,3.115831184051698
40.30000000000001,robot2,robot3,1.8762147307046186
40.30000000000001,robot2,robot4,1.3724878833406884
40.30000000000001,robot3,robot4,2.2187118440121982
40.350000000000016,robot1,robot2,1.907663916935711
40.350000000000016,robot1,robot3,1.8462091653776664
40.350000000000016,robot1,robot4,3.1190202344013827
40.350000000000016,robot2,robot3,1.8801643998400792
40.350000000000016,robot2,robot4,1.3761670837065003
40.350000000000016,robot3,robot4,2.2250806013644224
40.40000000000001,robot1,robot2,1.9075867232123422
40.40000000000001,robot1,robot3,1.8457315982810176
40.40000000000001,robot1,robot4,3.1222104515384617
40.40000000000001,robot2,robot3,1.88411802512608
40.40000000000001,robot2,robot4,1.3798464570929632
40.40000000000001,robot3,robot4,2.231453607154987
40.45000000000002,robot1,robot2,1.9075239625960798
40.45000000000002,robot1,robot3,1.845578204327576
40.45000000000002,robot1,robot4,3.1253493489421316
40.45000000000002,robot2,robot3,1.884731936872788
40.45000000000002,robot2,robot4,1.3834983621823531
40.45000000000002,robot3,robot4,2.233755959811636
40.500000000000014,robot1,robot2,1.9074612029462092
40.500000000000014,robot1,robot3,1.8454252120237764
40.500000000000014,robot1,robot4,3.1284894340681424
40.500000000000014,robot2,robot3,1.8853459891839484
40.500000000000014,robot2,robot4,1.3871504993521804
40.500000000000014,robot3,robot4,2.2360634943831545
40.55000000000001,robot1,robot2,1.9071850132161403
40.55000000000001,robot1,robot3,1.845399518472423
40.55000000000001,robot1,robot4,3.1315119581551185
40.55000000000001,robot2,robot3,1.885655986170595
40.55000000000001,robot2,robot4,1.3907995508355084
40.55000000000001,robot3,robot4,2.2380750706871413
40.600000000000016,robot1,robot2,1.9069088624850428
40.600000000000016,robot1,robot3,1.8453741684048792
40.600000000000016,robot1,robot4,3.134535927726783
40.600000000000016,robot2,robot3,1.8859660346146216
40.600000000000016,robot2,robot4,1.3944487722458654
40.600000000000016,robot3,robot4,2.240091748398266
40.65000000000001,robot1,robot2,1.9067703113330798
40.65000000000001,robot1,robot3,1.845214848691745
40.65000000000001,robot1,robot4,3.1364850012257754
40.65000000000001,robot2,robot3,1.8867582959394271
40.65000000000001,robot2,robot4,1.3967488554819012
40.65000000000001,robot3,robot4,2.2421676213270167
40.70000000000002,robot1,robot2,1.906631771995054
40.70000000000002,robot1,robot3,1.845056331669578
40.70000000000002,robot1,robot4,3.13843459099676
40.70000000000002,robot2,robot3,1.88755080431892
40.70000000000002,robot2,robot4,1.3990489896333156
40.70000000000002,robot3,robot4,2.244245492832057
40.750000000000014,robot1,robot2,1.9063585860236918
40.750000000000014,robot1,robot3,1.8447718129330386
40.750000000000014,robot1,robot4,3.139550161860175
40.750000000000014,robot2,robot3,1.8891882478366209
40.750000000000014,robot2,robot4,1.4005050843709927
40.750000000000014,robot3,robot4,2.2470391876540567
40.80000000000002,robot1,robot2,1.9060854314542146
40.80000000000002,robot1,robot3,1.8444904714888066
40.80000000000002,robot1,robot4,3.140666019509238
40.80000000000002,robot2,robot3,1.890826592556018
40.80000000000002,robot2,robot4,1.4019611885391128
40.80000000000002,robot3,robot4,2.249833621232691
40.850000000000016,robot1,robot2,1.9059354126625723
40.850000000000016,robot1,robot3,1.8444679985459898
40.850000000000016,robot1,robot4,3.141812748533759
40.850000000000016,robot2,robot3,1.8911058967838106
40.850000000000016,robot2,robot4,1.4034145455625366
40.850000000000016,robot3,robot4,2.2507658501128014
40.90000000000001,robot1,robot2,1.9057854017609117
40.90000000000001,robot1,robot3,1.8444456834100593
40.90000000000001,robot1,robot4,3.1429597529960516
40.90000000000001,robot2,robot3,1.8913852256293533
40.90000000000001,robot2,robot4,1.4048679501120387
40.90000000000001,robot3,robot4,2.251698892593102
40.95000000000002,robot1,robot2,1.9055163072766523
40.95000000000002,robot1,robot3,1.8446247604640353
40.95000000000002,robot1,robot4,3.1440095388306313
40.95000000000002,robot2,robot3,1.8911970053810498
40.95000000000002,robot2,robot4,1.4063137295014407
40.95000000000002,robot3,robot4,2.2519748711353333
41.000000000000014,robot1,robot2,1.9052472266328062
41.000000000000014,robot1,robot3,1.844803837542084
41.000000000000014,robot1,robot4,3.1450596193085123
41.000000000000014,robot2,robot3,1.8910088316837654
41.000000000000014,robot2,robot4,1.4077595434693388
41.000000000000014,robot3,robot4,2.252251504921464
41.05000000000002,robot1,robot2,1.905228727075702
41.05000000000002,robot1,robot3,1.84525248962012
41.05000000000002,robot1,robot4,3.1461568403659173
41.05000000000002,robot2,robot3,1.8900663401106452
41.05000000000002,robot2,robot4,1.4090313532208043
41.05000000000002,robot3,robot4,2.251408014891681
41.100000000000016,robot1,robot2,1.9052102284236248
41.100000000000016,robot1,robot3,1.845702013431475
41.100000000000016,robot1,robot4,3.1472542232800325
41.100000000000016,robot2,robot3,1.8891243738899246
41.100000000000016,robot2,robot4,1.4103031971147197
41.100000000000016,robot3,robot4,2.2505649614798946
41.15000000000001,robot1,robot2,1.9052066137931731
41.15000000000001,robot1,robot3,1.8465250136249172
41.15000000000001,robot1,robot4,3.1481750078724184
41.15000000000001,robot2,robot3,1.8888503073513394
41.15000000000001,robot2,robot4,1.4113813705934517
41.15000000000001,robot3,robot4,2.2500804334683235
41.20000000000002,robot1,robot2,1.9052029992378763
41.20000000000002,robot1,robot3,1.8473483172604452
41.20000000000002,robot1,robot4,3.1490959133776792
41.20000000000002,robot2,robot3,1.888576856241228
41.20000000000002,robot2,robot4,1.4124595804174362
41.20000000000002,robot3,robot4,2.249595961283937
41.250000000000014,robot1,robot2,1.9052351483667969
41.250000000000014,robot1,robot3,1.84636085681517
41.250000000000014,robot1,robot4,3.15004579601075
41.250000000000014,robot2,robot3,1.888713598940427
41.250000000000014,robot2,robot4,1.4135134501302953
41.250000000000014,robot3,robot4,2.250900886664104
41.30000000000002,robot1,robot2,1.9052673097200823
41.30000000000002,robot1,robot3,1.8453737649332718
41.30000000000002,robot1,robot4,3.1509958751873985
41.30000000000002,robot2,robot3,1.8888513349228948
41.30000000000002,robot2,robot4,1.414567376716995
41.30000000000002,robot3,robot4,2.2522076238091375
41.350000000000016,robot1,robot2,1.904875846835759
41.350000000000016,robot1,robot3,1.8448585434556355
41.350000000000016,robot1,robot4,3.151510450927658
41.350000000000016,robot2,robot3,1.8902311408604247
41.350000000000016,robot2,robot4,1.4156180225069548
41.350000000000016,robot3,robot4,2.254365519318019
41.40000000000001,robot1,robot2,1.9044843904954958
41.40000000000001,robot1,robot3,1.8443459407640963
41.40000000000001,robot1,robot4,3.15202528117225
41.40000000000001,robot2,robot3,1.891611750095141
41.40000000000001,robot2,robot4,1.4166687409447563
41.40000000000001,robot3,robot4,2.2565240039139853
41.45000000000002,robot1,robot2,1.9045377232388965
41.45000000000002,robot1,robot3,1.8443848698406875
41.45000000000002,robot1,robot4,3.152999224298391
41.45000000000002,robot2,robot3,1.8933803135121194
41.45000000000002,robot2,robot4,1.417727558070397
41.45000000000002,robot3,robot4,2.2589399463855835
41.500000000000014,robot1,robot2,1.9045910878340788
41.500000000000014,robot1,robot3,1.8444264277899511
41.500000000000014,robot1,robot4,3.153973448096861
41.500000000000014,robot2,robot3,1.895149636554592
41.500000000000014,robot2,robot4,1.41878646482161
41.500000000000014,robot3,robot4,2.261356256085715
41.55000000000002,robot1,robot2,1.9043662436943425
41.55000000000002,robot1,robot3,1.8439783981625164
41.55000000000002,robot1,robot4,3.155140321781466
41.55000000000002,robot2,robot3,1.8964316583991372
41.55000000000002,robot2,robot4,1.42050537755098
41.55000000000002,robot3,robot4,2.263488860616781
41.600000000000016,robot1,robot2,1.9041414030583446
41.600000000000016,robot1,robot3,1.8435323764800011
41.600000000000016,robot1,robot4,3.1563077970256646
41.600000000000016,robot2,robot3,1.897714403761799
41.600000000000016,robot2,robot4,1.4222245932517135
41.600000000000016,robot3,robot4,2.2656230750389614
41.65000000000001,robot1,robot2,1.9039354438994247
41.65000000000001,robot1,robot3,1.8437359991309086
41.65000000000001,robot1,robot4,3.1579280417142193
41.65000000000001,robot2,robot3,1.8969689481929453
41.65000000000001,robot2,robot4,1.424634124378081
41.65000000000001,robot3,robot4,2.2649254361323354
41.70000000000002,robot1,robot2,1.9037294867173224
41.70000000000002,robot1,robot3,1.843940059010867
41.70000000000002,robot1,robot4,3.159549450881408
41.70000000000002,robot2,robot3,1.8962238459744147
41.70000000000002,robot2,robot4,1.427044532822996
41.70000000000002,robot3,robot4,2.2642304588910562
41.750000000000014,robot1,robot2,1.9037229211849607
41.750000000000014,robot1,robot3,1.8438051917749472
41.750000000000014,robot1,robot4,3.162154580044199
41.750000000000014,robot2,robot3,1.8959972417773316
41.750000000000014,robot2,robot4,1.4302960806722862
41.750000000000014,robot3,robot4,2.264917622265157
41.80000000000002,robot1,robot2,1.9037163556604226
41.80000000000002,robot1,robot3,1.8436703429436618
41.80000000000002,robot1,robot4,3.1647612977065123
41.80000000000002,robot2,robot3,1.8957706378296406
41.80000000000002,robot2,robot4,1.4335485272686113
41.80000000000002,robot3,robot4,2.265610182462333
41.850000000000016,robot1,robot2,1.90371834657651
41.850000000000016,robot1,robot3,1.8431611740058162
41.850000000000016,robot1,robot4,3.1676106397072394
41.850000000000016,robot2,robot3,1.8976186946255833
41.850000000000016,robot2,robot4,1.437103312351796
41.850000000000016,robot3,robot4,2.2689686862823835
41.90000000000001,robot1,robot2,1.9037203374931413
41.90000000000001,robot1,robot3,1.8426551034851852
41.90000000000001,robot1,robot4,3.170461915503324
41.90000000000001,robot2,robot3,1.8994680997355549
41.90000000000001,robot2,robot4,1.4406592070979183
41.90000000000001,robot3,robot4,2.2723333398410106
41.95000000000002,robot1,robot2,1.9037158691859717
41.95000000000002,robot1,robot3,1.8424810944946626
41.95000000000002,robot1,robot4,3.1732373977282657
41.95000000000002,robot2,robot3,1.900320971701952
41.95000000000002,robot2,robot4,1.4441089442155162
41.95000000000002,robot3,robot4,2.2743480736695743
42.000000000000014,robot1,robot2,1.9037114008853862
42.000000000000014,robot1,robot3,1.8423077059582094
42.000000000000014,robot1,robot4,3.176014625485532
42.000000000000014,robot2,robot3,1.901174074833233
42.000000000000014,robot2,robot4,1.4475596387731329
42.000000000000014,robot3,robot4,2.276368184227016
42.05000000000002,robot1,robot2,1.9037141746573327
42.05000000000002,robot1,robot3,1.8421813302517887
42.05000000000002,robot1,robot4,3.1789036126319568
42.05000000000002,robot2,robot3,1.9009103988610299
42.05000000000002,robot2,robot4,1.4511212376180889
42.05000000000002,robot3,robot4,2.2771707951744093
42.100000000000016,robot1,robot2,1.903716948433774
42.100000000000016,robot1,robot3,1.842054983331388
42.100000000000016,robot1,robot4,3.181794406427921
42.100000000000016,robot2,robot3,1.9006467228946047
42.100000000000016,robot2,robot4,1.4546837849821532
42.100000000000016,robot3,robot4,2.2779796881851255
42.15000000000001,robot1,robot2,1.9036737940650441
42.15000000000001,robot1,robot3,1.8422204272684093
42.15000000000001,robot1,robot4,3.184644296559861
42.15000000000001,robot2,robot3,1.9012071620076019
42.15000000000001,robot2,robot4,1.4581722158436061
42.15000000000001,robot3,robot4,2.279611205630524
42.20000000000002,robot1,robot2,1.9036306405040868
42.20000000000002,robot1,robot3,1.842386075106952
42.20000000000002,robot1,robot4,3.1874957863666276
42.20000000000002,robot2,robot3,1.9017676107689923
42.20000000000002,robot2,robot4,1.461661333694301
42.20000000000002,robot3,robot4,2.281247219505375
42.250000000000014,robot1,robot2,1.903601765862939
42.250000000000014,robot1,robot3,1.842118779515181
42.250000000000014,robot1,robot4,3.190412756199816
42.250000000000014,robot2,robot3,1.9021205046255614
42.250000000000014,robot2,robot4,1.4651673401833674
42.250000000000014,robot3,robot4,2.2830644817816697
42.30000000000002,robot1,robot2,1.9035728912263907
42.30000000000002,robot1,robot3,1.8418516574778763
42.30000000000002,robot1,robot4,3.1933311018002826
42.30000000000002,robot2,robot3,1.9024735202262342
42.30000000000002,robot2,robot4,1.468673860842156
42.30000000000002,robot3,robot4,2.284887224039953
42.350000000000016,robot1,robot2,1.9035842441596853
42.350000000000016,robot1,robot3,1.841882188539009
42.350000000000016,robot1,robot4,3.1963630307598834
42.350000000000016,robot2,robot3,1.9025053400624794
42.350000000000016,robot2,robot4,1.472212655720125
42.350000000000016,robot3,robot4,2.286269176350688
42.40000000000001,robot1,robot2,1.903595597107747
42.40000000000001,robot1,robot3,1.8419127197706735
42.40000000000001,robot1,robot4,3.199396202667779
42.40000000000001,robot2,robot3,1.902537159915937
42.40000000000001,robot2,robot4,1.4757518326022852
42.40000000000001,robot3,robot4,2.287655967079841
42.45000000000002,robot1,robot2,1.9032083144144387
42.45000000000002,robot1,robot3,1.8419707652013644
42.45000000000002,robot1,robot4,3.202191395981236
42.45000000000002,robot2,robot3,1.9024851992371057
42.45000000000002,robot2,robot4,1.4793206043643832
42.45000000000002,robot3,robot4,2.2890703547635343
42.500000000000014,robot1,robot2,1.9028210722401095
42.500000000000014,robot1,robot3,1.8420289029884955
42.500000000000014,robot1,robot4,3.204988206852875
42.500000000000014,robot2,robot3,1.9024332390893512
42.500000000000014,robot2,robot4,1.4828896539287755
42.500000000000014,robot3,robot4,2.2904895594970527
42.55000000000002,robot1,robot2,1.9027715762384618
42.55000000000002,robot1,robot3,1.842168707698212
42.55000000000002,robot1,robot4,3.208105289670292
42.55000000000002,robot2,robot3,1.9023721053112872
42.55000000000002,robot2,robot4,1.4864688161715682
42.55000000000002,robot3,robot4,2.2919370619563275
42.600000000000016,robot1,robot2,1.9027220808433902
42.600000000000016,robot1,robot3,1.8423085162591526
42.600000000000016,robot1,robot4,3.211223388037028
42.600000000000016,robot2,robot3,1.9023109899135842
42.600000000000016,robot2,robot4,1.4900481378750834
42.600000000000016,robot3,robot4,2.293388829761975
42.65000000000001,robot1,robot2,1.9027143672356606
42.65000000000001,robot1,robot3,1.8424635363682234
42.65000000000001,robot1,robot4,3.214520411999666
42.65000000000001,robot2,robot3,1.9023994946536598
42.65000000000001,robot2,robot4,1.4937568272233945
42.65000000000001,robot3,robot4,2.2951289911377537
42.70000000000002,robot1,robot2,1.9027066537185915
42.70000000000002,robot1,robot3,1.8426185570608475
42.70000000000002,robot1,robot4,3.2178183958455464
42.70000000000002,robot2,robot3,1.9024880068794128
42.70000000000002,robot2,robot4,1.4974656347552693
42.70000000000002,robot3,robot4,2.2968734687084966
42.750000000000014,robot1,robot2,1.9026467987339375
42.750000000000014,robot1,robot3,1.8425356842564133
42.750000000000014,robot1,robot4,3.22019562359199
42.750000000000014,robot2,robot3,1.9023563860118982
42.750000000000014,robot2,robot4,1.500195358885136
42.750000000000014,robot3,robot4,2.2980692795325495
42.80000000000002,robot1,robot2,1.902586944632229
42.80000000000002,robot1,robot3,1.8424528118945136
42.80000000000002,robot1,robot4,3.2225734222267155
42.80000000000002,robot2,robot3,1.9022247656092064
42.80000000000002,robot2,robot4,1.5029251552439336
42.80000000000002,robot3,robot4,2.2992679033962102
42.850000000000016,robot1,robot2,1.902470203223233
42.850000000000016,robot1,robot3,1.8425175552011708
42.850000000000016,robot1,robot4,3.2236323817539274
42.850000000000016,robot2,robot3,1.9024690202093306
42.850000000000016,robot2,robot4,1.5042816011536044
42.850000000000016,robot3,robot4,2.3000118301143586
42.90000000000001,robot1,robot2,1.9023534695623736
42.90000000000001,robot1,robot3,1.8425823996771487
42.90000000000001,robot1,robot4,3.2246916332579776
42.90000000000001,robot2,robot3,1.9027132821200363
42.90000000000001,robot2,robot4,1.5056381291266507
42.90000000000001,robot3,robot4,2.300756432272656
42.95000000000002,robot1,robot2,1.9022339209367758
42.95000000000002,robot1,robot3,1.8423710946083174
42.95000000000002,robot1,robot4,3.2256911711065124
42.95000000000002,robot2,robot3,1.9028674740068605
42.95000000000002,robot2,robot4,1.5069924821567628
42.95000000000002,robot3,robot4,2.301479289415017
43.000000000000014,robot1,robot2,1.902114373770936
43.000000000000014,robot1,robot3,1.8421598838735467
43.000000000000014,robot1,robot4,3.226691015571526
43.000000000000014,robot2,robot3,1.903021717533723
43.000000000000014,robot2,robot4,1.50834696843001
43.000000000000014,robot3,robot4,2.30220313229502
43.05000000000002,robot1,robot2,1.9021117250646715
43.05000000000002,robot1,robot3,1.8418302089177494
43.05000000000002,robot1,robot4,3.227699671264855
43.05000000000002,robot2,robot3,1.9037743658801851
43.05000000000002,robot2,robot4,1.5096581181450495
43.05000000000002,robot3,robot4,2.3035611631138107
43.100000000000016,robot1,robot2,1.9021090763781134
43.100000000000016,robot1,robot3,1.8415011198576556
43.100000000000016,robot1,robot4,3.2287086404345935
43.100000000000016,robot2,robot3,1.904527338786451
43.100000000000016,robot2,robot4,1.510969485851055
43.100000000000016,robot3,robot4,2.3049201837187336
43.15000000000001,robot1,robot2,1.9021135468295525
43.15000000000001,robot1,robot3,1.841427482380178
43.15000000000001,robot1,robot4,3.2296750399018475
43.15000000000001,robot2,robot3,1.904924769799716
43.15000000000001,robot2,robot4,1.5122701132676333
43.15000000000001,robot3,robot4,2.3055987460033025
43.20000000000002,robot1,robot2,1.902118017287571
43.20000000000002,robot1,robot3,1.8413539784704622
43.20000000000002,robot1,robot4,3.230641825529565
43.20000000000002,robot2,robot3,1.9053222514149672
43.20000000000002,robot2,robot4,1.513571054476466
43.20000000000002,robot3,robot4,2.306278204538646
43.250000000000014,robot1,robot2,1.9021240767860677
43.250000000000014,robot1,robot3,1.8413613830672266
43.250000000000014,robot1,robot4,3.2314784256659137
43.250000000000014,robot2,robot3,1.9054502551116363
43.250000000000014,robot2,robot4,1.5147751220060688
43.250000000000014,robot3,robot4,2.306447800997564
43.30000000000002,robot1,robot2,1.9021301362969358
43.30000000000002,robot1,robot3,1.8413687988113625
43.30000000000002,robot1,robot4,3.2323154632213735
43.30000000000002,robot2,robot3,1.905578261432734
43.30000000000002,robot2,robot4,1.5159796150915092
43.30000000000002,robot3,robot4,2.3066182681041956
43.350000000000016,robot1,robot2,1.9020340425860547
43.350000000000016,robot1,robot3,1.8412766805813023
43.350000000000016,robot1,robot4,3.232955201961241
43.350000000000016,robot2,robot3,1.905762882067507
43.350000000000016,robot2,robot4,1.517078510286136
43.350000000000016,robot3,robot4,2.3068273286078975
43.40000000000001,robot1,robot2,1.9019379500167717
43.40000000000001,robot1,robot3,1.8411846350352807
43.40000000000001,robot1,robot4,3.233595426700285
43.40000000000001,robot2,robot3,1.9059475239963979
43.40000000000001,robot2,robot4,1.5181778686955623
43.40000000000001,robot3,robot4,2.3070372541216146
43.45000000000002,robot1,robot2,1.9019392424655683
43.45000000000002,robot1,robot3,1.8412733832452066
43.45000000000002,robot1,robot4,3.2336184447043994
43.45000000000002,robot2,robot3,1.905579239104543
43.45000000000002,robot2,robot4,1.5182123830706296
43.45000000000002,robot3,robot4,2.3065554329311597
43.500000000000014,robot1,robot2,1.901940534914801
43.500000000000014,robot1,robot3,1.841362251580335
43.500000000000014,robot1,robot4,3.2336414632090857
43.500000000000014,robot2,robot3,1.905211002781844
43.500000000000014,robot2,robot4,1.5182468980060524
43.500000000000014,robot3,robot4,2.306073613099547
43.55000000000002,robot1,robot2,1.901964578430024
43.55000000000002,robot1,robot3,1.8413950763326838
43.55000000000002,robot1,robot4,3.233661469492632
43.55000000000002,robot2,robot3,1.905234509109115
43.55000000000002,robot2,robot4,1.5182456384133796
43.55000000000002,robot3,robot4,2.306079193245649
43.600000000000016,robot1,robot2,1.9019886220989861
43.600000000000016,robot1,robot3,1.841427901360246
43.600000000000016,robot1,robot4,3.2336814760900614
43.600000000000016,robot2,robot3,1.9052580158587447
43.600000000000016,robot2,robot4,1.5182443788698843
43.600000000000016,robot3,robot4,2.3060847741858925
43.65000000000001,robot1,robot2,1.9021130858344095
43.65000000000001,robot1,robot3,1.8413507048602256
43.65000000000001,robot1,robot4,3.2341781178927436
43.65000000000001,robot2,robot3,1.9053194033561012
43.65000000000001,robot2,robot4,1.5188074343991902
43.65000000000001,robot3,robot4,2.3062463687390387
43.70000000000002,robot1,robot2,1.9022375497608075
43.70000000000002,robot1,robot3,1.8412735085524365
43.70000000000002,robot1,robot4,3.2346748406448835
43.70000000000002,robot2,robot3,1.9053808063557793
43.70000000000002,robot2,robot4,1.5193705888271638
43.70000000000002,robot3,robot4,2.306408222570324
43.750000000000014,robot1,robot2,1.9021683980424156
43.750000000000014,robot1,robot3,1.841363901404133
43.750000000000014,robot1,robot4,3.236458130709017
43.750000000000014,robot2,robot3,1.9054569669016408
43.750000000000014,robot2,robot4,1.5221421673556819
43.750000000000014,robot3,robot4,2.306334771990235
43.80000000000002,robot1,robot2,1.9020992464939885
43.80000000000002,robot1,robot3,1.8414542963196237
43.80000000000002,robot1,robot4,3.2382439596943597
43.80000000000002,robot2,robot3,1.9055331346646798
43.80000000000002,robot2,robot4,1.5249163446169773
43.80000000000002,robot3,robot4,2.30626596777063
43.850000000000016,robot1,robot2,1.9021003271453638
43.850000000000016,robot1,robot3,1.8417726767524816
43.850000000000016,robot1,robot4,3.2403336404804453
43.850000000000016,robot2,robot3,1.9055972125773328
43.850000000000016,robot2,robot4,1.5278444889190306
43.850000000000016,robot3,robot4,2.3063380325835263
43.90000000000001,robot1,robot2,1.9021014077995424
43.90000000000001,robot1,robot3,1.8420910628071567
43.90000000000001,robot1,robot4,3.2424255632356473
43.90000000000001,robot2,robot3,1.9056613461328855
43.90000000000001,robot2,robot4,1.530774622290624
43.90000000000001,robot3,robot4,2.3064142988080008
43.95000000000002,robot1,robot2,1.9020900737873851
43.95000000000002,robot1,robot3,1.841631960383575
43.95000000000002,robot1,robot4,3.2445217787287626
43.95000000000002,robot2,robot3,1.9055115352207266
43.95000000000002,robot2,robot4,1.533602245826881
43.95000000000002,robot3,robot4,2.3070280078466756
44.000000000000014,robot1,robot2,1.9020787397836612
44.000000000000014,robot1,robot3,1.8411728627776913
44.000000000000014,robot1,robot4,3.2466197368563203
44.000000000000014,robot2,robot3,1.9053618257669591
44.000000000000014,robot2,robot4,1.5364312119779404
44.000000000000014,robot3,robot4,2.3076472414825453
44.05000000000002,robot1,robot2,1.9019577137379393
44.05000000000002,robot1,robot3,1.841370882700237
44.05000000000002,robot1,robot4,3.248571113694643
44.05000000000002,robot2,robot3,1.9053225704820957
44.05000000000002,robot2,robot4,1.5390315873730476
44.05000000000002,robot3,robot4,2.3081071676381275
44.100000000000016,robot1,robot2,1.9018366905941213
44.100000000000016,robot1,robot3,1.8415689026680486
44.100000000000016,robot1,robot4,3.25052373488858
44.100000000000016,robot2,robot3,1.9052833455599196
44.100000000000016,robot2,robot4,1.5416326416744044
44.100000000000016,robot3,robot4,2.3085699409998393
44.15000000000001,robot1,robot2,1.9016517514942766
44.15000000000001,robot1,robot3,1.8414392039147667
44.15000000000001,robot1,robot4,3.252602919670837
44.15000000000001,robot2,robot3,1.9052806752250442
44.15000000000001,robot2,robot4,1.5443175969704228
44.15000000000001,robot3,robot4,2.309593190763798
44.20000000000002,robot1,robot2,1.9014668260564003
44.20000000000002,robot1,robot3,1.841309567026957
44.20000000000002,robot1,robot4,3.2546832492371673
44.20000000000002,robot2,robot3,1.9052780272338208
44.20000000000002,robot2,robot4,1.5470029588187615
44.20000000000002,robot3,robot4,2.310619860424038
44.250000000000014,robot1,robot2,1.901292263460434
44.250000000000014,robot1,robot3,1.8415743021700888
44.250000000000014,robot1,robot4,3.256890722358674
44.250000000000014,robot2,robot3,1.9047835057258475
44.250000000000014,robot2,robot4,1.5497559173523108
44.250000000000014,robot3,robot4,2.3109630788885944
44.30000000000002,robot1,robot2,1.9011177043058116
44.30000000000002,robot1,robot3,1.8418391886682182
44.30000000000002,robot1,robot4,3.2590990569513236
44.30000000000002,robot2,robot3,1.9042891685636927
44.30000000000002,robot2,robot4,1.5525090915469717
44.30000000000002,robot3,robot4,2.31130894373924
44.350000000000016,robot1,robot2,1.9010316271999528
44.350000000000016,robot1,robot3,1.8421012463641215
44.350000000000016,robot1,robot4,3.2615159702500702
44.350000000000016,robot2,robot3,1.9040544321726338
44.350000000000016,robot2,robot4,1.5552925057821931
44.350000000000016,robot3,robot4,2.3122120960508794
44.40000000000001,robot1,robot2,1.9009455549838874
44.40000000000001,robot1,robot3,1.8423633431093336
44.40000000000001,robot1,robot4,3.2639335205613498
44.40000000000001,robot2,robot3,1.903819772025703
44.40000000000001,robot2,robot4,1.5580759894013523
44.40000000000001,robot3,robot4,2.313117613305688
44.45000000000002,robot1,robot2,1.9009143947259959
44.45000000000002,robot1,robot3,1.842650177635462
44.45000000000002,robot1,robot4,3.266779195821208
44.45000000000002,robot2,robot3,1.9040652690332072
44.45000000000002,robot2,robot4,1.5612041463480213
44.45000000000002,robot3,robot4,2.3148822516219383
44.500000000000014,robot1,robot2,1.9008832344973214
44.500000000000014,robot1,robot3,1.8429370239943088
44.500000000000014,robot1,robot4,3.269625355123887
44.500000000000014,robot2,robot3,1.9043107873648144
44.500000000000014,robot2,robot4,1.564332310489048
44.500000000000014,robot3,robot4,2.316649179124453
44.55000000000002,robot1,robot2,1.9006058779048587
44.55000000000002,robot1,robot3,1.8425534564075066
44.55000000000002,robot1,robot4,3.2733733683741697
44.55000000000002,robot2,robot3,1.9039450903522006
44.55000000000002,robot2,robot4,1.5685846568117563
44.55000000000002,robot3,robot4,2.319011597454938
44.600000000000016,robot1,robot2,1.9003285568640491
44.600000000000016,robot1,robot3,1.8421699139634216
44.600000000000016,robot1,robot4,3.277122537175564
44.600000000000016,robot2,robot3,1.9035794550574976
44.600000000000016,robot2,robot4,1.5728370061544852
44.600000000000016,robot3,robot4,2.321380936268755
44.65000000000001,robot1,robot2,1.9002329752894116
44.65000000000001,robot1,robot3,1.8422219668530715
44.65000000000001,robot1,robot4,3.2809692067758354
44.65000000000001,robot2,robot3,1.903569236522604
44.65000000000001,robot2,robot4,1.5770423244873624
44.65000000000001,robot3,robot4,2.3237832247848016
44.70000000000002,robot1,robot2,1.9001373937702504
44.70000000000002,robot1,robot3,1.8422740201500971
44.70000000000002,robot1,robot4,3.2848165829947047
44.70000000000002,robot2,robot3,1.9035590240861986
44.70000000000002,robot2,robot4,1.5812476442496297
44.70000000000002,robot3,robot4,2.3261902574795994
44.750000000000014,robot1,robot2,1.9000908626342714
44.750000000000014,robot1,robot3,1.8427845186568206
44.750000000000014,robot1,robot4,3.288750124504522
44.750000000000014,robot2,robot3,1.904027533590048
44.750000000000014,robot2,robot4,1.5854638925432059
44.750000000000014,robot3,robot4,2.328868682708034
44.80000000000002,robot1,robot2,1.900044331649396
44.80000000000002,robot1,robot3,1.843295064992309
44.80000000000002,robot1,robot4,3.2926843022228858
44.80000000000002,robot2,robot3,1.90449610109131
44.80000000000002,robot2,robot4,1.5896801499427509
44.80000000000002,robot3,robot4,2.331550452906822
44.850000000000016,robot1,robot2,1.8999721132693632
44.850000000000016,robot1,robot3,1.843896451016841
44.850000000000016,robot1,robot4,3.2966279451358336
44.850000000000016,robot2,robot3,1.9052048943704851
44.850000000000016,robot2,robot4,1.5938757106328132
44.850000000000016,robot3,robot4,2.334528549932942
44.90000000000001,robot1,robot2,1.8998998964556
44.90000000000001,robot1,robot3,1.844498015144771
44.90000000000001,robot1,robot4,3.300572159853653
44.90000000000001,robot2,robot3,1.9059137284391967
44.90000000000001,robot2,robot4,1.5980713054494797
44.90000000000001,robot3,robot4,2.337509493229493
44.95000000000002,robot1,robot2,1.8999448539635302
44.95000000000002,robot1,robot3,1.844851403492772
44.95000000000002,robot1,robot4,3.3047083916514115
44.95000000000002,robot2,robot3,1.9061000995417976
44.95000000000002,robot2,robot4,1.6023334579469577
44.95000000000002,robot3,robot4,2.340228117961368
45.000000000000014,robot1,robot2,1.89998981418796
45.000000000000014,robot1,robot3,1.8452047937093596
45.000000000000014,robot1,robot4,3.308845168553223
45.000000000000014,robot2,robot3,1.9062864924312923
45.000000000000014,robot2,robot4,1.6065956548105076
45.000000000000014,robot3,robot4,2.3429506246291245
45.05000000000002,robot1,robot2,1.8997145400744422
45.05000000000002,robot1,robot3,1.8449168717875204
45.05000000000002,robot1,robot4,3.312316600666821
45.05000000000002,robot2,robot3,1.906017494941875
45.05000000000002,robot2,robot4,1.6105981002740113
45.05000000000002,robot3,robot4,2.3451314252948072
45.100000000000016,robot1,robot2,1.8994392664691861
45.100000000000016,robot1,robot3,1.8446289499248891
45.100000000000016,robot1,robot4,3.3157886860356474
45.100000000000016,robot2,robot3,1.9057484974592003
45.100000000000016,robot2,robot4,1.614600546080981
45.100000000000016,robot3,robot4,2.347317146731775
45.15000000000002,robot1,robot2,1.899375257591822
45.15000000000002,robot1,robot3,1.8439152755602002
45.15000000000002,robot1,robot4,3.317720950088517
45.15000000000002,robot2,robot3,1.9049321198269111
45.15000000000002,robot2,robot4,1.6167717790635303
45.15000000000002,robot3,robot4,2.348154919515853
45.20000000000002,robot1,robot2,1.8993112866797268
45.20000000000002,robot1,robot3,1.8432016316941562
45.20000000000002,robot1,robot4,3.319653766776439
45.20000000000002,robot2,robot3,1.9041159286243576
45.20000000000002,robot2,robot4,1.6189430758244714
45.20000000000002,robot3,robot4,2.3489963540791208
45.250000000000014,robot1,robot2,1.8992552997244077
45.250000000000014,robot1,robot3,1.8427336391153362
45.250000000000014,robot1,robot4,3.3198805858929625
45.250000000000014,robot2,robot3,1.9038644943419685
45.250000000000014,robot2,robot4,1.619366056702514
45.250000000000014,robot3,robot4,2.3490562610027568
45.30000000000002,robot1,robot2,1.8991993132275504
45.30000000000002,robot1,robot3,1.842265646795
45.30000000000002,robot1,robot4,3.3201074570882496
45.30000000000002,robot2,robot3,1.9036131190620114
45.30000000000002,robot2,robot4,1.6197890911982957
45.30000000000002,robot3,robot4,2.3491165375068133
45.350000000000016,robot1,robot2,1.8991854836959052
45.350000000000016,robot1,robot3,1.8422569253090757
45.350000000000016,robot1,robot4,3.3205453077939624
45.350000000000016,robot2,robot3,1.9034947034087069
45.350000000000016,robot2,robot4,1.6203621352318902
45.350000000000016,robot3,robot4,2.349138828582987
45.40000000000002,robot1,robot2,1.8991716541726815
45.40000000000002,robot1,robot3,1.842248211430805
45.40000000000002,robot1,robot4,3.3209832154958265
45.40000000000002,robot2,robot3,1.9033762896182667
45.40000000000002,robot2,robot4,1.620935213990368
45.40000000000002,robot3,robot4,2.349161293834248
45.45000000000002,robot1,robot2,1.899010400044323
45.45000000000002,robot1,robot3,1.8423222608759984
45.45000000000002,robot1,robot4,3.3209599005993735
45.45000000000002,robot2,robot3,1.9030198145356367
45.45000000000002,robot2,robot4,1.6210723794644397
45.45000000000002,robot3,robot4,2.3487329360285405
45.500000000000014,robot1,robot2,1.898849154944384
45.500000000000014,robot1,robot3,1.842396337612784
45.500000000000014,robot1,robot4,3.320936616911711
45.500000000000014,robot2,robot3,1.9026633699722082
45.500000000000014,robot2,robot4,1.6212095518359124
45.500000000000014,robot3,robot4,2.348304603143723
45.55000000000002,robot1,robot2,1.898767332176457
45.55000000000002,robot1,robot3,1.8425164620299188
45.55000000000002,robot1,robot4,3.321356944610817
45.55000000000002,robot2,robot3,1.9025910993748103
45.55000000000002,robot2,robot4,1.621920929609394
45.55000000000002,robot3,robot4,2.3481498643053538
45.600000000000016,robot1,robot2,1.898685510471126
45.600000000000016,robot1,robot3,1.8426365881687035
45.600000000000016,robot1,robot4,3.3217774603246677
45.600000000000016,robot2,robot3,1.9025188454154665
45.600000000000016,robot2,robot4,1.6226324618125945
45.600000000000016,robot3,robot4,2.3479953910399827
45.65000000000002,robot1,robot2,1.8984944203678873
45.65000000000002,robot1,robot3,1.8427542411765736
45.65000000000002,robot1,robot4,3.32280863062267
45.65000000000002,robot2,robot3,1.9022889676051453
45.65000000000002,robot2,robot4,1.6243259545326802
45.65000000000002,robot3,robot4,2.347757540978891
45.70000000000002,robot1,robot2,1.8983033427018452
45.70000000000002,robot1,robot3,1.8428718963761426
45.70000000000002,robot1,robot4,3.323840877202307
45.70000000000002,robot2,robot3,1.9020591139462517
45.70000000000002,robot2,robot4,1.6260202687082352
45.70000000000002,robot3,robot4,2.347521482491694
45.750000000000014,robot1,robot2,1.898295965097645
45.750000000000014,robot1,robot3,1.8429209964658009
45.750000000000014,robot1,robot4,3.3249581648547477
45.750000000000014,robot2,robot3,1.9019170656688738
45.750000000000014,robot2,robot4,1.6276560460887466
45.750000000000014,robot3,robot4,2.3473939869078757
45.80000000000002,robot1,robot2,1.8982885874990134
45.80000000000002,robot1,robot3,1.8429701158567386
45.80000000000002,robot1,robot4,3.3260762507654578
45.80000000000002,robot2,robot3,1.9017750280882333
45.80000000000002,robot2,robot4,1.629292589629316
45.80000000000002,robot3,robot4,2.3472681509740214
45.850000000000016,robot1,robot2,1.8982161699033386
45.850000000000016,robot1,robot3,1.8431520410862745
45.850000000000016,robot1,robot4,3.327195705763414
45.850000000000016,robot2,robot3,1.9017454370851006
45.850000000000016,robot2,robot4,1.6309194700419767
45.850000000000016,robot3,robot4,2.347294085531679
45.90000000000002,robot1,robot2,1.898143785078728
45.90000000000002,robot1,robot3,1.8433339786661016
45.90000000000002,robot1,robot4,3.328316245688802
45.90000000000002,robot2,robot3,1.9017158461989003
45.90000000000002,robot2,robot4,1.6325471345945888
45.90000000000002,robot3,robot4,2.3473217078161652
45.95000000000002,robot1,robot2,1.8979663097869386
45.95000000000002,robot1,robot3,1.8433069179822579
45.95000000000002,robot1,robot4,3.3292709159938463
45.95000000000002,robot2,robot3,1.9013261294817358
45.95000000000002,robot2,robot4,1.6341886521225912
45.95000000000002,robot3,robot4,2.346907981602868
46.000000000000014,robot1,robot2,1.897788835764928
46.000000000000014,robot1,robot3,1.8432799320369113
46.000000000000014,robot1,robot4,3.3302263724044354
46.000000000000014,robot2,robot3,1.9009364712804053
46.000000000000014,robot2,robot4,1.6358308990063741
46.000000000000014,robot3,robot4,2.3464959551100875
46.05000000000002,robot1,robot2,1.897787102502873
46.05000000000002,robot1,robot3,1.8433276839075574
46.05000000000002,robot1,robot4,3.3315453499609236
46.05000000000002,robot2,robot3,1.900756337956617
46.05000000000002,robot2,robot4,1.6377404589606077
46.05000000000002,robot3,robot4,2.3463662558850973
46.100000000000016,robot1,robot2,1.8977853692925868
46.100000000000016,robot1,robot3,1.8433754673777125
46.100000000000016,robot1,robot4,3.332865370615051
46.100000000000016,robot2,robot3,1.9005762191064581
46.100000000000016,robot2,robot4,1.6396510041743648
46.100000000000016,robot3,robot4,2.3462388033098844
46.15000000000002,robot1,robot2,1.8978420844860222
46.15000000000002,robot1,robot3,1.8434502579463596
46.15000000000002,robot1,robot4,3.334914376934025
46.15000000000002,robot2,robot3,1.900131139593857
46.15000000000002,robot2,robot4,1.6423956806088182
46.15000000000002,robot3,robot4,2.346084668596862
46.20000000000002,robot1,robot2,1.897898801654082
46.20000000000002,robot1,robot3,1.843525274060543
46.20000000000002,robot1,robot4,3.336965004515331
46.20000000000002,robot2,robot3,1.8996861295329817
46.20000000000002,robot2,robot4,1.6451417505102723
46.20000000000002,robot3,robot4,2.3459347733686036
46.250000000000014,robot1,robot2,1.897896284690104
46.250000000000014,robot1,robot3,1.8435488994676814
46.250000000000014,robot1,robot4,3.339233666853707
46.250000000000014,robot2,robot3,1.8996936681607377
46.250000000000014,robot2,robot4,1.648059600393218
46.250000000000014,robot3,robot4,2.3466619563497533
46.30000000000002,robot1,robot2,1.8978937677293741
46.30000000000002,robot1,robot3,1.8435725248750046
46.30000000000002,robot1,robot4,3.341503806044968
46.30000000000002,robot2,robot3,1.89970120703757
46.30000000000002,robot2,robot4,1.650978395923158
46.30000000000002,robot3,robot4,2.347393145326322
46.350000000000016,robot1,robot2,1.8977329379642043
46.350000000000016,robot1,robot3,1.8435948374078832
46.350000000000016,robot1,robot4,3.3438736582480586
46.350000000000016,robot2,robot3,1.899704530131265
46.350000000000016,robot2,robot4,1.654012257739949
46.350000000000016,robot3,robot4,2.348447189752891
46.40000000000002,robot1,robot2,1.8975721142452004
46.40000000000002,robot1,robot3,1.843617170089821
46.40000000000002,robot1,robot4,3.346244862292359
46.40000000000002,robot2,robot3,1.8997078532419136
46.40000000000002,robot2,robot4,1.6570466562390467
46.40000000000002,robot3,robot4,2.3495050396924038
46.45000000000002,robot1,robot2,1.8976342259504333
46.45000000000002,robot1,robot3,1.8437693203302985
46.45000000000002,robot1,robot4,3.349213902486523
46.45000000000002,robot2,robot3,1.8997075126880059
46.45000000000002,robot2,robot4,1.6603809009822124
46.45000000000002,robot3,robot4,2.3509593066944507
46.500000000000014,robot1,robot2,1.8976963493101315
46.500000000000014,robot1,robot3,1.8439214708292215
46.500000000000014,robot1,robot4,3.3521840905490268
46.500000000000014,robot2,robot3,1.8997071721768068
46.500000000000014,robot2,robot4,1.6637154261330283
46.500000000000014,robot3,robot4,2.3524176238136376
46.55000000000002,robot1,robot2,1.8975479477390025
46.55000000000002,robot1,robot3,1.843887621866162
46.55000000000002,robot1,robot4,3.3555574495115574
46.55000000000002,robot2,robot3,1.8997069006444784
46.55000000000002,robot2,robot4,1.6677267659236046
46.55000000000002,robot3,robot4,2.354288534279784
46.600000000000016,robot1,robot2,1.897399547270158
46.600000000000016,robot1,robot3,1.8438537855535078
46.600000000000016,robot1,robot4,3.3589322007376103
46.600000000000016,robot2,robot3,1.8997066291143483
46.600000000000016,robot2,robot4,1.671738375358119
46.600000000000016,robot3,robot4,2.3561649867468963
46.65000000000002,robot1,robot2,1.8972847029200046
46.65000000000002,robot1,robot3,1.8437891833038424
46.65000000000002,robot1,robot4,3.362408755983797
46.65000000000002,robot2,robot3,1.8997053311671785
46.65000000000002,robot2,robot4,1.675763626267516
46.65000000000002,robot3,robot4,2.358216301596665
46.70000000000002,robot1,robot2,1.897169858612033
46.70000000000002,robot1,robot3,1.8437245859761702
46.70000000000002,robot1,robot4,3.3658863951550724
46.70000000000002,robot2,robot3,1.8997040332201747
46.70000000000002,robot2,robot4,1.6797890054408626
46.70000000000002,robot3,robot4,2.3602727926409273
46.750000000000014,robot1,robot2,1.8978496352577567
46.750000000000014,robot1,robot3,1.843901167579556
46.750000000000014,robot1,robot4,3.3695341646776646
46.750000000000014,robot2,robot3,1.8990629601878
46.750000000000014,robot2,robot4,1.6828686395515258
46.750000000000014,robot3,robot4,2.3618370231005046
46.80000000000002,robot1,robot2,1.8985296261122713
46.80000000000002,robot1,robot3,1.8440779599311956
46.80000000000002,robot1,robot4,3.3731827767724076
46.80000000000002,robot2,robot3,1.8984219969674814
46.80000000000002,robot2,robot4,1.6859482985121472
46.80000000000002,robot3,robot4,2.3634060144075977
46.850000000000016,robot1,robot2,1.899116018868779
46.850000000000016,robot1,robot3,1.843953201513802
46.850000000000016,robot1,robot4,3.376715791693759
46.850000000000016,robot2,robot3,1.8980118879092935
46.850000000000016,robot2,robot4,1.6887383362552066
46.850000000000016,robot3,robot4,2.3658038033423243
46.90000000000002,robot1,robot2,1.8997029896281157
46.90000000000002,robot1,robot3,1.843828480748684
46.90000000000002,robot1,robot4,3.3802496675225053
46.90000000000002,robot2,robot3,1.8976026536791097
46.90000000000002,robot2,robot4,1.6915283809194581
46.90000000000002,robot3,robot4,2.3682063451857402
46.95000000000002,robot1,robot2,1.9002987679847874
46.95000000000002,robot1,robot3,1.8440581903349065
46.95000000000002,robot1,robot4,3.38362175169337
46.95000000000002,robot2,robot3,1.8965892121738563
46.95000000000002,robot2,robot4,1.6940351635476765
46.95000000000002,robot3,robot4,2.3697021912646012
47.000000000000014,robot1,robot2,1.9008953795777401
47.000000000000014,robot1,robot3,1.8442879974182451
47.000000000000014,robot1,robot4,3.386994718168306
47.000000000000014,robot2,robot3,1.8955760789187541
47.000000000000014,robot2,robot4,1.6965419658776495
47.000000000000014,robot3,robot4,2.371202184579164
47.05000000000002,robot1,robot2,1.9011735947385895
47.05000000000002,robot1,robot3,1.8442910343633403
47.05000000000002,robot1,robot4,3.387722886989615
47.05000000000002,robot2,robot3,1.8946084763196456
47.05000000000002,robot2,robot4,1.6964976823646118
47.05000000000002,robot3,robot4,2.3713457922735035
47.100000000000016,robot1,robot2,1.901452560997776
47.100000000000016,robot1,robot3,1.8442940785257107
47.100000000000016,robot1,robot4,3.3884512001894023
47.100000000000016,robot2,robot3,1.89364121914633
47.100000000000016,robot2,robot4,1.6964534720557471
47.100000000000016,robot3,robot4,2.3714898269653193
47.15000000000002,robot1,robot2,1.90173286055074
47.15000000000002,robot1,robot3,1.8444107265482519
47.15000000000002,robot1,robot4,3.389124744482932
47.15000000000002,robot2,robot3,1.8924227476600592
47.15000000000002,robot2,robot4,1.696203257186178
47.15000000000002,robot3,robot4,2.3714462855591414
47.20000000000002,robot1,robot2,1.9020143198212258
47.20000000000002,robot1,robot3,1.844527392864091
47.20000000000002,robot1,robot4,3.3897984695183574
47.20000000000002,robot2,robot3,1.8912046411493915
47.20000000000002,robot2,robot4,1.695953177686813
47.20000000000002,robot3,robot4,2.3714031319429854
47.250000000000014,robot1,robot2,1.9022879656601022
47.250000000000014,robot1,robot3,1.8446558895052079
47.250000000000014,robot1,robot4,3.3902420560276005
47.250000000000014,robot2,robot3,1.8893295150886193
47.250000000000014,robot2,robot4,1.6947801812755832
47.250000000000014,robot3,robot4,2.371493164315786
47.30000000000002,robot1,robot2,1.9025654271940295
47.30000000000002,robot1,robot3,1.8447844169411776
47.30000000000002,robot1,robot4,3.390685892655054
47.30000000000002,robot2,robot3,1.8874558389464364
47.30000000000002,robot2,robot4,1.69360805209706
47.30000000000002,robot3,robot4,2.3715834847672976
47.350000000000016,robot1,robot2,1.9027450563188963
47.350000000000016,robot1,robot3,1.844794645995185
47.350000000000016,robot1,robot4,3.3910461568930685
47.350000000000016,robot2,robot3,1.8852695968138078
47.350000000000016,robot2,robot4,1.6924120745002527
47.350000000000016,robot3,robot4,2.371450828620161
47.40000000000002,robot1,robot2,1.9029285399157794
47.40000000000002,robot1,robot3,1.8448048752735342
47.40000000000002,robot1,robot4,3.39140664680616
47.40000000000002,robot2,robot3,1.8830846769131218
47.40000000000002,robot2,robot4,1.6912170996820601
47.40000000000002,robot3,robot4,2.37131852840735
47.45000000000002,robot1,robot2,1.902818789050865
47.45000000000002,robot1,robot3,1.844923800121092
47.45000000000002,robot1,robot4,3.391963891261116
47.45000000000002,robot2,robot3,1.8807339259295153
47.45000000000002,robot2,robot4,1.690677744776706
47.45000000000002,robot3,robot4,2.3708991962381067
47.500000000000014,robot1,robot2,1.9027130309686744
47.500000000000014,robot1,robot3,1.8450427249795598
47.500000000000014,robot1,robot4,3.3925219307980905
47.500000000000014,robot2,robot3,1.878384002321676
47.500000000000014,robot2,robot4,1.6901388454230617
47.500000000000014,robot3,robot4,2.370480915971694
47.55000000000002,robot1,robot2,1.9026279182281673
47.55000000000002,robot1,robot3,1.8451199971580439
47.55000000000002,robot1,robot4,3.39331289473079
47.55000000000002,robot2,robot3,1.875974391676562
47.55000000000002,robot2,robot4,1.6898772408623355
47.55000000000002,robot3,robot4,2.3701116439752896
47.600000000000016,robot1,robot2,1.9025465725939537
47.600000000000016,robot1,robot3,1.8451972796126705
47.600000000000016,robot1,robot4,3.3941047178725943
47.600000000000016,robot2,robot3,1.873565543684287
47.600000000000016,robot2,robot4,1.6896160387620613
47.600000000000016,robot3,robot4,2.369743792506903
47.65000000000002,robot1,robot2,1.9024073259060479
47.65000000000002,robot1,robot3,1.8451487625907024
47.65000000000002,robot1,robot4,3.3948872610102976
47.65000000000002,robot2,robot3,1.8711947870366132
47.65000000000002,robot2,robot4,1.6894591990921235
47.65000000000002,robot3,robot4,2.369448035513756
47.70000000000002,robot1,robot2,1.9022713852005975
47.70000000000002,robot1,robot3,1.8451002585924703
47.70000000000002,robot1,robot4,3.395670550468788
47.70000000000002,robot2,robot3,1.8688247500611177
47.70000000000002,robot2,robot4,1.689302771278731
47.70000000000002,robot3,robot4,2.369153734710561
47.750000000000014,robot1,robot2,1.902082667001161
47.750000000000014,robot1,robot3,1.8452392573144138
47.750000000000014,robot1,robot4,3.3964578321130756
47.750000000000014,robot2,robot3,1.8678943067300404
47.750000000000014,robot2,robot4,1.6901869702174968
47.750000000000014,robot3,robot4,2.3688131355639896
47.80000000000002,robot1,robot2,1.901894436886548
47.80000000000002,robot1,robot3,1.845378260066212
47.80000000000002,robot1,robot4,3.3972459755493127
47.80000000000002,robot2,robot3,1.8669638803289683
47.80000000000002,robot2,robot4,1.691071293705266
47.80000000000002,robot3,robot4,2.36847384803907
47.850000000000016,robot1,robot2,1.9015877887256478
47.850000000000016,robot1,robot3,1.8454072251048006
47.850000000000016,robot1,robot4,3.3984499566838564
47.850000000000016,robot2,robot3,1.8655885060437358
47.850000000000016,robot2,robot4,1.6926458085473766
47.850000000000016,robot3,robot4,2.3678507592930136
47.90000000000002,robot1,robot2,1.9012815702977819
47.90000000000002,robot1,robot3,1.8454363367325897
47.90000000000002,robot1,robot4,3.3996553659687336
47.90000000000002,robot2,robot3,1.8642131339546448
47.90000000000002,robot2,robot4,1.6942206571052083
47.90000000000002,robot3,robot4,2.3672305950280808
47.95000000000002,robot1,robot2,1.9007401354305378
47.95000000000002,robot1,robot3,1.8454656954580595
47.95000000000002,robot1,robot4,3.4013118767494706
47.95000000000002,robot2,robot3,1.8631434099719748
47.95000000000002,robot2,robot4,1.6966123768776717
47.95000000000002,robot3,robot4,2.3671481583830998
48.000000000000014,robot1,robot2,1.9001990719511466
48.000000000000014,robot1,robot3,1.8454950591862875
48.000000000000014,robot1,robot4,3.402970519445034
48.000000000000014,robot2,robot3,1.8620736911059665
48.000000000000014,robot2,robot4,1.6990046416181455
48.000000000000014,robot3,robot4,2.3670699457897313
48.05000000000002,robot1,robot2,1.8987306047791506
48.05000000000002,robot1,robot3,1.8452949126598979
48.05000000000002,robot1,robot4,3.4046208803862443
48.05000000000002,robot2,robot3,1.8602078093864935
48.05000000000002,robot2,robot4,1.7017196270552337
48.05000000000002,robot3,robot4,2.3674312082534734
48.100000000000016,robot1,robot2,1.8972631888612603
48.100000000000016,robot1,robot3,1.8450947936138675
48.100000000000016,robot1,robot4,3.4062731605348393
48.100000000000016,robot2,robot3,1.858341958718308
48.100000000000016,robot2,robot4,1.704434632369339
48.100000000000016,robot3,robot4,2.367796706125127
48.15000000000002,robot1,robot2,1.8957539566574162
48.15000000000002,robot1,robot3,1.845387208578189
48.15000000000002,robot1,robot4,3.408740486325742
48.15000000000002,robot2,robot3,1.8561772555298288
48.15000000000002,robot2,robot4,1.7077039943084409
48.15000000000002,robot3,robot4,2.3685299697441553
48.20000000000002,robot1,robot2,1.8942465647811
48.20000000000002,robot1,robot3,1.8456796274535296
48.20000000000002,robot1,robot4,3.4112098788923855
48.20000000000002,robot2,robot3,1.8540127118539396
48.20000000000002,robot2,robot4,1.710973684784194
48.20000000000002,robot3,robot4,2.3692676751139796
48.250000000000014,robot1,robot2,1.8923421612374962
48.250000000000014,robot1,robot3,1.8457238155374844
48.250000000000014,robot1,robot4,3.413689787301492
48.250000000000014,robot2,robot3,1.8519414456567593
48.250000000000014,robot2,robot4,1.7147115089526004
48.250000000000014,robot3,robot4,2.3703237241094834
48.30000000000002,robot1,robot2,1.8904389448392658
48.30000000000002,robot1,robot3,1.8457680244201868
48.30000000000002,robot1,robot4,3.4161713913170413
48.30000000000002,robot2,robot3,1.8498705317640467
48.30000000000002,robot2,robot4,1.7184498365009107
48.30000000000002,robot3,robot4,2.371384200833978
48.350000000000016,robot1,robot2,1.8884860392619394
48.350000000000016,robot1,robot3,1.8458114814519928
48.350000000000016,robot1,robot4,3.418904554473846
48.350000000000016,robot2,robot3,1.8478629512058646
48.350000000000016,robot2,robot4,1.7225514353790006
48.350000000000016,robot3,robot4,2.3726273794395114
48.40000000000002,robot1,robot2,1.8865338439243533
48.40000000000002,robot1,robot3,1.8458549392636465
48.40000000000002,robot1,robot4,3.4216389346979623
48.40000000000002,robot2,robot3,1.8458560743947503
48.40000000000002,robot2,robot4,1.7266537486783522
48.40000000000002,robot3,robot4,2.373874676127829
48.45000000000002,robot1,robot2,1.8844302044504055
48.45000000000002,robot1,robot3,1.8459441653745923
48.45000000000002,robot1,robot4,3.4244263187030697
48.45000000000002,robot2,robot3,1.8442176586489183
48.45000000000002,robot2,robot4,1.7309876240947695
48.45000000000002,robot3,robot4,2.3755217853078623
48.500000000000014,robot1,robot2,1.8823271280465568
48.500000000000014,robot1,robot3,1.8460334457885643
48.500000000000014,robot1,robot4,3.4272148508945284
48.500000000000014,robot2,robot3,1.842580037895233
48.500000000000014,robot2,robot4,1.7353222781823565
48.500000000000014,robot3,robot4,2.3771725610367462
48.55000000000002,robot1,robot2,1.8804982221679971
48.55000000000002,robot1,robot3,1.846038415606918
48.55000000000002,robot1,robot4,3.430341032725647
48.55000000000002,robot2,robot3,1.841075149382691
48.55000000000002,robot2,robot4,1.739791316259584
48.55000000000002,robot3,robot4,2.3791260346293663
48.600000000000016,robot1,robot2,1.8786695810067287
48.600000000000016,robot1,robot3,1.846043386056785
48.600000000000016,robot1,robot4,3.43346785858103
48.600000000000016,robot2,robot3,1.8395710491274855
48.600000000000016,robot2,robot4,1.744261335901534
48.600000000000016,robot3,robot4,2.381082952430049
48.65000000000002,robot1,robot2,1.8767076362226076
48.65000000000002,robot1,robot3,1.846145773338674
48.65000000000002,robot1,robot4,3.4364851849116502
48.65000000000002,robot2,robot3,1.8374869630938875
48.65000000000002,robot2,robot4,1.7486732164651309
48.65000000000002,robot3,robot4,2.3824063914035536
48.70000000000002,robot1,robot2,1.8747460846538653
48.70000000000002,robot1,robot3,1.846248272805421
48.70000000000002,robot1,robot4,3.4395032333605973
48.70000000000002,robot2,robot3,1.8354042116384057
48.70000000000002,robot2,robot4,1.753086184130433
48.70000000000002,robot3,robot4,2.383733456688688
48.750000000000014,robot1,robot2,1.872871437635936
48.750000000000014,robot1,robot3,1.8462326732501109
48.750000000000014,robot1,robot4,3.440992081458195
48.750000000000014,robot2,robot3,1.8332392445303607
48.750000000000014,robot2,robot4,1.7555245085188933
48.750000000000014,robot3,robot4,2.3844259300559645
48.80000000000002,robot1,robot2,1.8709975952643543
48.80000000000002,robot1,robot3,1.8462170900828538
48.80000000000002,robot1,robot4,3.4424811340151162
48.80000000000002,robot2,robot3,1.8310749026342414
48.80000000000002,robot2,robot4,1.7579646864021479
48.80000000000002,robot3,robot4,2.3851194106140685
48.850000000000016,robot1,robot2,1.8689748501765606
48.850000000000016,robot1,robot3,1.8463472553333515
48.850000000000016,robot1,robot4,3.442840955021013
48.850000000000016,robot2,robot3,1.8289212857699746
48.850000000000016,robot2,robot4,1.75915583319287
48.850000000000016,robot3,robot4,2.3852863358014273
48.90000000000002,robot1,robot2,1.8669538193766329
48.90000000000002,robot1,robot3,1.8464775052975873
48.90000000000002,robot1,robot4,3.4432010314081287
48.90000000000002,robot2,robot3,1.8267679968143182
48.90000000000002,robot2,robot4,1.7603489779077903
48.90000000000002,robot3,robot4,2.385453492366598
48.95000000000002,robot1,robot2,1.8655130974786127
48.95000000000002,robot1,robot3,1.846599182340675
48.95000000000002,robot1,robot4,3.4436526290183873
48.95000000000002,robot2,robot3,1.82463581987379
48.95000000000002,robot2,robot4,1.76123793875856
48.95000000000002,robot3,robot4,2.3853019903634842
49.000000000000014,robot1,robot2,1.8640737386552064
49.000000000000014,robot1,robot3,1.8467208651415081
49.000000000000014,robot1,robot4,3.4441044094354925
49.000000000000014,robot2,robot3,1.8225038453493037
49.000000000000014,robot2,robot4,1.7621282350297325
49.000000000000014,robot3,robot4,2.3851507768902156
49.05000000000002,robot1,robot2,1.863298985799179
49.05000000000002,robot1,robot3,1.8467258853014705
49.05000000000002,robot1,robot4,3.4446538023785855
49.05000000000002,robot2,robot3,1.8207059351304502
49.05000000000002,robot2,robot4,1.7626612335109944
49.05000000000002,robot3,robot4,2.38505427519716
49.100000000000016,robot1,robot2,1.8625252057368242
49.100000000000016,robot1,robot3,1.8467309486822925
49.100000000000016,robot1,robot4,3.445203295827984
49.100000000000016,robot2,robot3,1.8189080360974814
49.100000000000016,robot2,robot4,1.7631949983359754
49.100000000000016,robot3,robot4,2.384958090915016
49.15000000000002,robot1,robot2,1.861827864518629
49.15000000000002,robot1,robot3,1.84670014172916
49.15000000000002,robot1,robot4,3.4455687702968576
49.15000000000002,robot2,robot3,1.816666484603186
49.15000000000002,robot2,robot4,1.763321918112799
49.15000000000002,robot3,robot4,2.3844865205201935
49.20000000000002,robot1,robot2,1.8611322459795807
49.20000000000002,robot1,robot3,1.8466694099705556
49.20000000000002,robot1,robot4,3.445934464057609
49.20000000000002,robot2,robot3,1.8144249425032708
49.20000000000002,robot2,robot4,1.7634495869700952
49.20000000000002,robot3,robot4,2.3840154401993705
49.25000000000002,robot1,robot2,1.8602309242721717
49.25000000000002,robot1,robot3,1.8468809040371963
49.25000000000002,robot1,robot4,3.445905706249447
49.25000000000002,robot2,robot3,1.8123430852645555
49.25000000000002,robot2,robot4,1.763580636273828
49.25000000000002,robot3,robot4,2.3829511258870264
49.30000000000002,robot1,robot2,1.8593310104435412
49.30000000000002,robot1,robot3,1.8470924760065484
49.30000000000002,robot1,robot4,3.4458773700017247
49.30000000000002,robot2,robot3,1.8102612960434743
49.30000000000002,robot2,robot4,1.7637119528202445
49.30000000000002,robot3,robot4,2.381887184494262
49.350000000000016,robot1,robot2,1.8592388027691602
49.350000000000016,robot1,robot3,1.8475303484614944
49.350000000000016,robot1,robot4,3.4463646063007105
49.350000000000016,robot2,robot3,1.809179718375775
49.350000000000016,robot2,robot4,1.7635745845019566
49.350000000000016,robot3,robot4,2.3818981550613154
49.40000000000002,robot1,robot2,1.8591483932190567
49.40000000000002,robot1,robot3,1.8479683038745551
49.40000000000002,robot1,robot4,3.4468523039696666
49.40000000000002,robot2,robot3,1.8080983584761086
49.40000000000002,robot2,robot4,1.763437353648833
49.40000000000002,robot3,robot4,2.3819093904546413
49.45000000000002,robot1,robot2,1.8589192370971903
49.45000000000002,robot1,robot3,1.8482170730075245
49.45000000000002,robot1,robot4,3.446899784354413
49.45000000000002,robot2,robot3,1.806910721191974
49.45000000000002,robot2,robot4,1.7630368798826925
49.45000000000002,robot3,robot4,2.381594213685656
49.50000000000002,robot1,robot2,1.8586918622420985
49.50000000000002,robot1,robot3,1.8484659488670598
49.50000000000002,robot1,robot4,3.4469478120031063
49.50000000000002,robot2,robot3,1.8057233496684915
49.50000000000002,robot2,robot4,1.762636464677274
49.50000000000002,robot3,robot4,2.3812793261984195
49.55000000000002,robot1,robot2,1.8588419408530275
49.55000000000002,robot1,robot3,1.8483626930643915
49.55000000000002,robot1,robot4,3.447045273280872
49.55000000000002,robot2,robot3,1.803874775304538
49.55000000000002,robot2,robot4,1.7619878273195444
49.55000000000002,robot3,robot4,2.380369996886251
49.600000000000016,robot1,robot2,1.8589937469808768
49.600000000000016,robot1,robot3,1.8482595056971842
49.600000000000016,robot1,robot4,3.447143267033878
49.600000000000016,robot2,robot3,1.8020266807419911
49.600000000000016,robot2,robot4,1.7613391971556753
49.600000000000016,robot3,robot4,2.379461523479839
49.65000000000002,robot1,robot2,1.8593383829166896
49.65000000000002,robot1,robot3,1.848043428630669
49.65000000000002,robot1,robot4,3.4471072321577476
49.65000000000002,robot2,robot3,1.7993315319026806
49.65000000000002,robot2,robot4,1.7604532602855432
49.65000000000002,robot3,robot4,2.3774414577937026
49.70000000000002,robot1,robot2,1.8596845861126559
49.70000000000002,robot1,robot3,1.8478284913800849
49.70000000000002,robot1,robot4,3.4470717215657114
49.70000000000002,robot2,robot3,1.796636603184127
49.70000000000002,robot2,robot4,1.7595673290650173
49.70000000000002,robot3,robot4,2.3754227685904667
49.75000000000002,robot1,robot2,1.8598914967236664
49.75000000000002,robot1,robot3,1.8480465222900235
49.75000000000002,robot1,robot4,3.4466867478531102
49.75000000000002,robot2,robot3,1.7948056026258796
49.75000000000002,robot2,robot4,1.758466643106786
49.75000000000002,robot3,robot4,2.3737422053095814
49.80000000000002,robot1,robot2,1.86010039290491
49.80000000000002,robot1,robot3,1.848264644612616
49.80000000000002,robot1,robot4,3.446302665389243
49.80000000000002,robot2,robot3,1.7929749013524976
49.80000000000002,robot2,robot4,1.757366022956515
49.80000000000002,robot3,robot4,2.3720622909818365
49.850000000000016,robot1,robot2,1.8607343132291891
49.850000000000016,robot1,robot3,1.848317722183202
49.850000000000016,robot1,robot4,3.446081297551793
49.850000000000016,robot2,robot3,1.7918014899003176
49.850000000000016,robot2,robot4,1.756155101197001
49.850000000000016,robot3,robot4,2.371014709500818
49.90000000000002,robot1,robot2,1.8613695461119484
49.90000000000002,robot1,robot3,1.8483708144030517
49.90000000000002,robot1,robot4,3.445860456836289
49.90000000000002,robot2,robot3,1.7906288710874732
49.90000000000002,robot2,robot4,1.7549442908824764
49.90000000000002,robot3,robot4,2.369967594944074
49.95000000000002,robot1,robot2,1.8617551260870078
49.95000000000002,robot1,robot3,1.848390925569115
49.95000000000002,robot1,robot4,3.44565571473486
49.95000000000002,robot2,robot3,1.790246710571618
49.95000000000002,robot2,robot4,1.7539378416204632
49.95000000000002,robot3,robot4,2.3699684360615962
50.00000000000002,robot1,robot2,1.8621423764266791
50.00000000000002,robot1,robot3,1.8484116809980402
50.00000000000002,robot1,robot4,3.445451784193185
50.00000000000002,robot2,robot3,1.7898661653883512
50.00000000000002,robot2,robot4,1.7529315009742967
50.00000000000002,robot3,robot4,2.3699696694687886
50.05000000000002,robot1,robot2,1.8619038845837343
50.05000000000002,robot1,robot3,1.8487850504147987
50.05000000000002,robot1,robot4,3.4454818584477045
50.05000000000002,robot2,robot3,1.7904365140348455
50.05000000000002,robot2,robot4,1.7536315891070882
50.05000000000002,robot3,robot4,2.3696467991969814
50.100000000000016,robot1,robot2,1.861665424175891
50.100000000000016,robot1,robot3,1.8491587825292342
50.100000000000016,robot1,robot4,3.4455130650794232
50.100000000000016,robot2,robot3,1.7910068631161076
50.100000000000016,robot2,robot4,1.754333014990313
50.100000000000016,robot3,robot4,2.3693244383368013
50.15000000000002,robot1,robot2,1.8614692288191335
50.15000000000002,robot1,robot3,1.8482970416068136
50.15000000000002,robot1,robot4,3.445798581020117
50.15000000000002,robot2,robot3,1.7909038375493531
50.15000000000002,robot2,robot4,1.7552626497952526
50.15000000000002,robot3,robot4,2.369475663940917
50.20000000000002,robot1,robot2,1.8612730475806067
50.20000000000002,robot1,robot3,1.8474355091967352
50.20000000000002,robot1,robot4,3.4460851379746846
50.20000000000002,robot2,robot3,1.7908013280877921
50.20000000000002,robot2,robot4,1.756193505084221
50.20000000000002,robot3,robot4,2.3696293017088137
50.25000000000002,robot1,robot2,1.861094581691108
50.25000000000002,robot1,robot3,1.8482981647565693
50.25000000000002,robot1,robot4,3.4466200931655497
50.25000000000002,robot2,robot3,1.7912007985389302
50.25000000000002,robot2,robot4,1.7573183833786359
50.25000000000002,robot3,robot4,2.3691273256296292
50.30000000000002,robot1,robot2,1.8609161328254424
50.30000000000002,robot1,robot3,1.8491608574683271
50.30000000000002,robot1,robot4,3.447156024974211
50.30000000000002,robot2,robot3,1.7916005439095513
50.30000000000002,robot2,robot4,1.7584442622437602
50.30000000000002,robot3,robot4,2.3686257319621014
50.350000000000016,robot1,robot2,1.8608759912643293
50.350000000000016,robot1,robot3,1.848939546149765
50.350000000000016,robot1,robot4,3.447994779432134
50.350000000000016,robot2,robot3,1.7915470321374485
50.350000000000016,robot2,robot4,1.7597419716842726
50.350000000000016,robot3,robot4,2.3687405696110435
50.40000000000002,robot1,robot2,1.8608358503473645
50.40000000000002,robot1,robot3,1.8487182421302062
50.40000000000002,robot1,robot4,3.448834237969259
50.40000000000002,robot2,robot3,1.7914935503509355
50.40000000000002,robot2,robot4,1.7610404519615674
50.40000000000002,robot3,robot4,2.368856995626794
50.45000000000002,robot1,robot2,1.8606998252273255
50.45000000000002,robot1,robot3,1.8486126122439093
50.45000000000002,robot1,robot4,3.449853228053043
50.45000000000002,robot2,robot3,1.791507906937128
50.45000000000002,robot2,robot4,1.7625568707003476
50.45000000000002,robot3,robot4,2.369204407582691
50.50000000000002,robot1,robot2,1.8605638050639381
50.50000000000002,robot1,robot3,1.848507014770569
50.50000000000002,robot1,robot4,3.4508729361662978
50.50000000000002,robot2,robot3,1.7915222741372767
50.50000000000002,robot2,robot4,1.7640738760927792
50.50000000000002,robot3,robot4,2.3695533318718534
50.55000000000002,robot1,robot2,1.860479859170276
50.55000000000002,robot1,robot3,1.848505474190231
50.55000000000002,robot1,robot4,3.45215887080563
50.55000000000002,robot2,robot3,1.7915306986782282
50.55000000000002,robot2,robot4,1.7657351224023528
50.55000000000002,robot3,robot4,2.3701178105111675
50.600000000000016,robot1,robot2,1.860395921068685
50.600000000000016,robot1,robot3,1.8485039505007828
50.600000000000016,robot1,robot4,3.45344537957342
50.600000000000016,robot2,robot3,1.7915391260566988
50.600000000000016,robot2,robot4,1.7673967182865316
50.600000000000016,robot3,robot4,2.3706836687711
50.65000000000002,robot1,robot2,1.8603441769012123
50.65000000000002,robot1,robot3,1.8484740787766676
50.65000000000002,robot1,robot4,3.454895207130674
50.65000000000002,robot2,robot3,1.7915638799977243
50.65000000000002,robot2,robot4,1.76915158879002
50.65000000000002,robot3,robot4,2.371472922320483
50.70000000000002,robot1,robot2,1.8602924327927584
50.70000000000002,robot1,robot3,1.8484442108335322
50.70000000000002,robot1,robot4,3.456345378561726
50.70000000000002,robot2,robot3,1.7915886343203902
50.70000000000002,robot2,robot4,1.770906624395821
50.70000000000002,robot3,robot4,2.372263356991589
50.75000000000002,robot1,robot2,1.8598309835348612
50.75000000000002,robot1,robot3,1.8484736189387445
50.75000000000002,robot1,robot4,3.457657165504882
50.75000000000002,robot2,robot3,1.7918925421325496
50.75000000000002,robot2,robot4,1.7727223629160045
50.75000000000002,robot3,robot4,2.3736252608207247
50.80000000000002,robot1,robot2,1.8593696114460405
50.80000000000002,robot1,robot3,1.8485035286225453
50.80000000000002,robot1,robot4,3.45896946153186
50.80000000000002,robot2,robot3,1.7921964761534934
50.80000000000002,robot2,robot4,1.7745381427844829
50.80000000000002,robot3,robot4,2.37498806360032
50.850000000000016,robot1,robot2,1.8592965390578502
50.850000000000016,robot1,robot3,1.8491355431450935
50.850000000000016,robot1,robot4,3.4606542016965887
50.850000000000016,robot2,robot3,1.7912303311109932
50.850000000000016,robot2,robot4,1.776383659982621
50.850000000000016,robot3,robot4,2.374608866331306
50.90000000000002,robot1,robot2,1.8592234669390872
50.90000000000002,robot1,robot3,1.8497685903755638
50.90000000000002,robot1,robot4,3.462339058733706
50.90000000000002,robot2,robot3,1.7902650861012173
50.90000000000002,robot2,robot4,1.7782291773025216
50.90000000000002,robot3,robot4,2.374230338664933
50.95000000000002,robot1,robot2,1.8590955185213722
50.95000000000002,robot1,robot3,1.8498820709531731
50.95000000000002,robot1,robot4,3.464069147475878
50.95000000000002,robot2,robot3,1.7896675081693942
50.95000000000002,robot2,robot4,1.780049505517895
50.95000000000002,robot3,robot4,2.3749362360748236
51.00000000000002,robot1,robot2,1.8589675812713893
51.00000000000002,robot1,robot3,1.8499957023225757
51.00000000000002,robot1,robot4,3.4657993091652037
51.00000000000002,robot2,robot3,1.7890700170451685
51.00000000000002,robot2,robot4,1.7818698705719234
51.00000000000002,robot3,robot4,2.3756429291915913
51.05000000000002,robot1,robot2,1.858641699693892
51.05000000000002,robot1,robot3,1.850025227191578
51.05000000000002,robot1,robot4,3.467416071057597
51.05000000000002,robot2,robot3,1.7895223878779083
51.05000000000002,robot2,robot4,1.7836393189780557
51.05000000000002,robot3,robot4,2.3777206800894954
51.100000000000016,robot1,robot2,1.8583158643594473
51.100000000000016,robot1,robot3,1.8500552620613795
51.100000000000016,robot1,robot4,3.4690328907134917
51.100000000000016,robot2,robot3,1.7899748079202127
51.100000000000016,robot2,robot4,1.7854089122243122
51.100000000000016,robot3,robot4,2.379798732179889
51.15000000000002,robot1,robot2,1.858131865128051
51.15000000000002,robot1,robot3,1.849381913895153
51.15000000000002,robot1,robot4,3.4707738801525236
51.15000000000002,robot2,robot3,1.792108011916484
51.15000000000002,robot2,robot4,1.7871754935470807
51.15000000000002,robot3,robot4,2.384322631929351
51.20000000000002,robot1,robot2,1.857947871901954
51.20000000000002,robot1,robot3,1.8487134524617383
51.20000000000002,robot1,robot4,3.4725148713541896
51.20000000000002,robot2,robot3,1.7942432757639084
51.20000000000002,robot2,robot4,1.7889423196472833
51.20000000000002,robot3,robot4,2.388846668975011
51.25000000000002,robot1,robot2,1.8575912470874747
51.25000000000002,robot1,robot3,1.8489863311569532
51.25000000000002,robot1,robot4,3.4748839203919113
51.25000000000002,robot2,robot3,1.7951911992841465
51.25000000000002,robot2,robot4,1.7914046365732825
51.25000000000002,robot3,robot4,2.391998575037725
51.30000000000002,robot1,robot2,1.857234677507665
51.30000000000002,robot1,robot3,1.8492603444539655
51.30000000000002,robot1,robot4,3.477253003460204
51.30000000000002,robot2,robot3,1.7961391734197547
51.30000000000002,robot2,robot4,1.7938673832142678
51.30000000000002,robot3,robot4,2.3951507151068814
51.350000000000016,robot1,robot2,1.8567899533405088
51.350000000000016,robot1,robot3,1.8492533950243948
51.350000000000016,robot1,robot4,3.4796197092206076
51.350000000000016,robot2,robot3,1.796221327677912
51.350000000000016,robot2,robot4,1.796441826440326
51.350000000000016,robot3,robot4,2.397587226457101
51.40000000000002,robot1,robot2,1.8563452644548641
51.40000000000002,robot1,robot3,1.8492466402351524
51.40000000000002,robot1,robot4,3.4819864516716614
51.40000000000002,robot2,robot3,1.796303482489805
51.40000000000002,robot2,robot4,1.7990166810858104
51.40000000000002,robot3,robot4,2.400024446383829
51.45000000000002,robot1,robot2,1.856283176216926
51.45000000000002,robot1,robot3,1.849005081698601
51.45000000000002,robot1,robot4,3.484575837740514
51.45000000000002,robot2,robot3,1.7967910155157862
51.45000000000002,robot2,robot4,1.8015131364763908
51.45000000000002,robot3,robot4,2.4030559987597573
51.50000000000002,robot1,robot2,1.8562211060646845
51.50000000000002,robot1,robot3,1.848763967394432
51.50000000000002,robot1,robot4,3.4871652477829334
51.50000000000002,robot2,robot3,1.7972788084590554
51.50000000000002,robot2,robot4,1.8040098714267068
51.50000000000002,robot3,robot4,2.4060884543991743
51.55000000000002,robot1,robot2,1.8560806062914537
51.55000000000002,robot1,robot3,1.8487734542921288
51.55000000000002,robot1,robot4,3.4894568673779673
51.55000000000002,robot2,robot3,1.7986059977773068
51.55000000000002,robot2,robot4,1.8062809605342416
51.55000000000002,robot3,robot4,2.409606504416853
51.600000000000016,robot1,robot2,1.8559401552488162
51.600000000000016,robot1,robot3,1.848784868295119
51.600000000000016,robot1,robot4,3.4917485552462115
51.600000000000016,robot2,robot3,1.7999336635181868
51.600000000000016,robot2,robot4,1.8085522279472612
51.600000000000016,robot3,robot4,2.4131249157109553
51.65000000000002,robot1,robot2,1.8557700641798947
51.65000000000002,robot1,robot3,1.8487089433744026
51.65000000000002,robot1,robot4,3.493544928535234
51.65000000000002,robot2,robot3,1.8011769523095869
51.65000000000002,robot2,robot4,1.8104441719489728
51.65000000000002,robot3,robot4,2.416104473295651
51.70000000000002,robot1,robot2,1.855600001252964
51.70000000000002,robot1,robot3,1.8486347409039459
51.70000000000002,robot1,robot4,3.4953413954812773
51.70000000000002,robot2,robot3,1.8024206823150364
51.70000000000002,robot2,robot4,1.8123361630461943
51.70000000000002,robot3,robot4,2.4190843474194947
51.75000000000002,robot1,robot2,1.8555112001521306
51.75000000000002,robot1,robot3,1.8485115507340628
51.75000000000002,robot1,robot4,3.497255354750709
51.75000000000002,robot2,robot3,1.8037168376988255
51.75000000000002,robot2,robot4,1.814340652664351
51.75000000000002,robot3,robot4,2.422113448107717
51.80000000000002,robot1,robot2,1.8554224018077392
51.80000000000002,robot1,robot3,1.8483898695140046
51.80000000000002,robot1,robot4,3.499169383839114
51.80000000000002,robot2,robot3,1.8050134157085933
51.80000000000002,robot2,robot4,1.8163451704147544
51.80000000000002,robot3,robot4,2.425142920957238
51.850000000000016,robot1,robot2,1.8552184010262107
51.850000000000016,robot1,robot3,1.8482094747918862
51.850000000000016,robot1,robot4,3.500976582214241
51.850000000000016,robot2,robot3,1.8066637502920273
51.850000000000016,robot2,robot4,1.8183744585236712
51.850000000000016,robot3,robot4,2.428521194280381
51.90000000000002,robot1,robot2,1.8550144162418252
51.90000000000002,robot1,robot3,1.848031874895019
51.90000000000002,robot1,robot4,3.502783958682723
51.90000000000002,robot2,robot3,1.8083148365771384
51.90000000000002,robot2,robot4,1.820403748592604
51.90000000000002,robot3,robot4,2.4318998873968902
51.95000000000002,robot1,robot2,1.8550107050284104
51.95000000000002,robot1,robot3,1.8476969695926875
51.95000000000002,robot1,robot4,3.504698781590795
51.95000000000002,robot2,robot3,1.8098909882542655
51.95000000000002,robot2,robot4,1.8224379322001623
51.95000000000002,robot3,robot4,2.4352119278703457
52.00000000000002,robot1,robot2,1.855006993816735
52.00000000000002,robot1,robot3,1.8473642140617532
52.00000000000002,robot1,robot4,3.506613737840683
52.00000000000002,robot2,robot3,1.8114680136466674
52.00000000000002,robot2,robot4,1.8244721179261696
52.00000000000002,robot3,robot4,2.438524571148096
52.05000000000002,robot1,robot2,1.8550327071257398
52.05000000000002,robot1,robot3,1.8469214072424682
52.05000000000002,robot1,robot4,3.508443884279255
52.05000000000002,robot2,robot3,1.8129820116518676
52.05000000000002,robot2,robot4,1.8264346580042912
52.05000000000002,robot3,robot4,2.441720636276805
52.100000000000016,robot1,robot2,1.8550584206832947
52.100000000000016,robot1,robot3,1.8464806450786315
52.100000000000016,robot1,robot4,3.510274190092991
52.100000000000016,robot2,robot3,1.8144970043188284
52.100000000000016,robot2,robot4,1.828397216947401
52.100000000000016,robot3,robot4,2.4449174419315276
52.15000000000002,robot1,robot2,1.8551356647631598
52.15000000000002,robot1,robot3,1.8458731956329635
52.15000000000002,robot1,robot4,3.5121504894433277
52.15000000000002,robot2,robot3,1.8161068282490989
52.15000000000002,robot2,robot4,1.8303492579915595
52.15000000000002,robot3,robot4,2.448392245090696
52.20000000000002,robot1,robot2,1.8552129092093446
52.20000000000002,robot1,robot3,1.8452681626324667
52.20000000000002,robot1,robot4,3.5140269277450056
52.20000000000002,robot2,robot3,1.8177180829364057
52.20000000000002,robot2,robot4,1.8323013127894658
52.20000000000002,robot3,robot4,2.451867879920124
52.25000000000002,robot1,robot2,1.8553207897564508
52.25000000000002,robot1,robot3,1.844725868847862
52.25000000000002,robot1,robot4,3.514711558251296
52.25000000000002,robot2,robot3,1.819302347792967
52.25000000000002,robot2,robot4,1.8328790366718835
52.25000000000002,robot3,robot4,2.4545599068837687
52.30000000000002,robot1,robot2,1.8554286800750384
52.30000000000002,robot1,robot3,1.8441861739631924
52.30000000000002,robot1,robot4,3.515396214393194
52.30000000000002,robot2,robot3,1.8208882008146472
52.30000000000002,robot2,robot4,1.8334567610295587
52.30000000000002,robot3,robot4,2.4572520007701706
52.350000000000016,robot1,robot2,1.8550927985031502
52.350000000000016,robot1,robot3,1.8431920859148807
52.350000000000016,robot1,robot4,3.51529570018185
52.350000000000016,robot2,robot3,1.8223788908930278
52.350000000000016,robot2,robot4,1.8336616098356997
52.350000000000016,robot3,robot4,2.45976510238544
52.40000000000002,robot1,robot2,1.8547569171603053
52.40000000000002,robot1,robot3,1.8422013217501498
52.40000000000002,robot1,robot4,3.515195190461264
52.40000000000002,robot2,robot3,1.823871344431948
52.40000000000002,robot2,robot4,1.8338664606399235
52.40000000000002,robot3,robot4,2.4622782210668244
52.45000000000002,robot1,robot2,1.8546150819091816
52.45000000000002,robot1,robot3,1.8412906402413765
52.45000000000002,robot1,robot4,3.515105674902428
52.45000000000002,robot2,robot3,1.8252603915240428
52.45000000000002,robot2,robot4,1.8338722895120723
52.45000000000002,robot3,robot4,2.464599466202826
52.50000000000002,robot1,robot2,1.8544732561700639
52.50000000000002,robot1,robot3,1.8403828683858148
52.50000000000002,robot1,robot4,3.5150161676289624
52.50000000000002,robot2,robot3,1.8266513486711147
52.50000000000002,robot2,robot4,1.8338781183843704
52.50000000000002,robot3,robot4,2.4669207324632474
52.55000000000002,robot1,robot2,1.8540850240094842
52.55000000000002,robot1,robot3,1.8393621430872438
52.55000000000002,robot1,robot4,3.5153644106830875
52.55000000000002,robot2,robot3,1.8275881549682496
52.55000000000002,robot2,robot4,1.8342860422128826
52.55000000000002,robot3,robot4,2.4697109255190686
52.600000000000016,robot1,robot2,1.8536969369681227
52.600000000000016,robot1,robot3,1.8383445059971755
52.600000000000016,robot1,robot4,3.5157126642574195
52.600000000000016,robot2,robot3,1.8285271016271543
52.600000000000016,robot2,robot4,1.8346941434214588
52.600000000000016,robot3,robot4,2.4725012421291126
52.65000000000002,robot1,robot2,1.853389251119149
52.65000000000002,robot1,robot3,1.8376085320798061
52.65000000000002,robot1,robot4,3.51651549340999
52.65000000000002,robot2,robot3,1.8298458177623877
52.65000000000002,robot2,robot4,1.835404284371839
52.65000000000002,robot3,robot4,2.4759249328695345
52.70000000000002,robot1,robot2,1.8530817770592316
52.70000000000002,robot1,robot3,1.8368765940693998
52.70000000000002,robot1,robot4,3.5173183317877275
52.70000000000002,robot2,robot3,1.8311667663052977
52.70000000000002,robot2,robot4,1.8361147411697887
52.70000000000002,robot3,robot4,2.4793486869034784
52.75000000000002,robot1,robot2,1.8529239346034283
52.75000000000002,robot1,robot3,1.8360026933166518
52.75000000000002,robot1,robot4,3.518155164384951
52.75000000000002,robot2,robot3,1.8324279683417983
52.75000000000002,robot2,robot4,1.836694773304822
52.75000000000002,robot3,robot4,2.4828428373871163
52.80000000000002,robot1,robot2,1.8527663041436173
52.80000000000002,robot1,robot3,1.835132617718948
52.80000000000002,robot1,robot4,3.518991997561234
52.80000000000002,robot2,robot3,1.8336919025861462
52.80000000000002,robot2,robot4,1.8372751660331126
52.80000000000002,robot3,robot4,2.4863370718364006
52.850000000000016,robot1,robot2,1.852611959331473
52.850000000000016,robot1,robot3,1.8342001739517142
52.850000000000016,robot1,robot4,3.5198853137894286
52.850000000000016,robot2,robot3,1.834183175232098
52.850000000000016,robot2,robot4,1.8374207828253444
52.850000000000016,robot3,robot4,2.489888108108476
52.90000000000002,robot1,robot2,1.852458738609311
52.90000000000002,robot1,robot3,1.8332714343844443
52.90000000000002,robot1,robot4,3.520778630102438
52.90000000000002,robot2,robot3,1.834678376298146
52.90000000000002,robot2,robot4,1.8375677187118846
52.90000000000002,robot3,robot4,2.4934392472927844
52.95000000000002,robot1,robot2,1.8522315710197386
52.95000000000002,robot1,robot3,1.8320640651987306
52.95000000000002,robot1,robot4,3.5209156683840783
52.95000000000002,robot2,robot3,1.8357036267835425
52.95000000000002,robot2,robot4,1.8371416181435904
52.95000000000002,robot3,robot4,2.497045883074239
53.00000000000002,robot1,robot2,1.8520055710826033
53.00000000000002,robot1,robot3,1.8308631644522204
53.00000000000002,robot1,robot4,3.521052735661879
53.00000000000002,robot2,robot3,1.8367347586009801
53.00000000000002,robot2,robot4,1.8367161450373868
53.00000000000002,robot3,robot4,2.5006525950455423
53.05000000000002,robot1,robot2,1.8521766628521832
53.05000000000002,robot1,robot3,1.8297944998605713
53.05000000000002,robot1,robot4,3.5210169984731685
53.05000000000002,robot2,robot3,1.8375497811782544
53.05000000000002,robot2,robot4,1.8358535669881868
53.05000000000002,robot3,robot4,2.5034532140443537
53.100000000000016,robot1,robot2,1.8523486459735383
53.100000000000016,robot1,robot3,1.8287298386071134
53.100000000000016,robot1,robot4,3.5209812671157454
53.100000000000016,robot2,robot3,1.8383698875133918
53.100000000000016,robot2,robot4,1.8349913485627118
53.100000000000016,robot3,robot4,2.506253869279807
53.15000000000002,robot1,robot2,1.8533826929512565
53.15000000000002,robot1,robot3,1.827996412264121
53.15000000000002,robot1,robot4,3.521664582481983
53.15000000000002,robot2,robot3,1.8392116029454715
53.15000000000002,robot2,robot4,1.834071583324721
53.15000000000002,robot3,robot4,2.5090009524487042
53.20000000000002,robot1,robot2,1.8544175629142967
53.20000000000002,robot1,robot3,1.827265157126901
53.20000000000002,robot1,robot4,3.5223478991133175
53.20000000000002,robot2,robot3,1.8400586548816862
53.20000000000002,robot2,robot4,1.8331520848377527
53.20000000000002,robot3,robot4,2.511748092516047
53.25000000000002,robot1,robot2,1.8538693560773096
53.25000000000002,robot1,robot3,1.82578869676121
53.25000000000002,robot1,robot4,3.521387665257334
53.25000000000002,robot2,robot3,1.840435764539067
53.25000000000002,robot2,robot4,1.8320252293003494
53.25000000000002,robot3,robot4,2.513965820376742
53.30000000000002,robot1,robot2,1.8533221431863918
53.30000000000002,robot1,robot3,1.824316901526157
53.30000000000002,robot1,robot4,3.5204274663764905
53.30000000000002,robot2,robot3,1.84081755779572
53.30000000000002,robot2,robot4,1.830898731211805
53.30000000000002,robot3,robot4,2.5161836007453835
53.350000000000016,robot1,robot2,1.8536753489883957
53.350000000000016,robot1,robot3,1.8235100425290365
53.350000000000016,robot1,robot4,3.520193042402824
53.350000000000016,robot2,robot3,1.8407742681172237
53.350000000000016,robot2,robot4,1.829556358508395
53.350000000000016,robot3,robot4,2.517785024411934
53.40000000000002,robot1,robot2,1.8540298663166144
53.40000000000002,robot1,robot3,1.822704823710356
53.40000000000002,robot1,robot4,3.5199586269376812
53.40000000000002,robot2,robot3,1.840734796557342
53.40000000000002,robot2,robot4,1.8282143858270556
53.40000000000002,robot3,robot4,2.5193864815863414
53.45000000000002,robot1,robot2,1.8557753942196917
53.45000000000002,robot1,robot3,1.8226425892217597
53.45000000000002,robot1,robot4,3.520956078408534
53.45000000000002,robot2,robot3,1.8404549915798674
53.45000000000002,robot2,robot4,1.8266374601573918
53.45000000000002,robot3,robot4,2.520833991241986
53.50000000000002,robot1,robot2,1.8575227963319865
53.50000000000002,robot1,robot3,1.8225805038496927
53.50000000000002,robot1,robot4,3.5219535346629716
53.50000000000002,robot2,robot3,1.8401793390960564
53.50000000000002,robot2,robot4,1.8250610660161475
53.50000000000002,robot3,robot4,2.5222815332131345
53.55000000000002,robot1,robot2,1.858945501246944
53.55000000000002,robot1,robot3,1.82236700805971
53.55000000000002,robot1,robot4,3.5225505916402393
53.55000000000002,robot2,robot3,1.8395822487557465
53.55000000000002,robot2,robot4,1.8234421498065814
53.55000000000002,robot3,robot4,2.5232188905317954
53.60000000000002,robot1,robot2,1.8603697056596038
53.60000000000002,robot1,robot3,1.822153543070671
53.60000000000002,robot1,robot4,3.523147667910756
53.60000000000002,robot2,robot3,1.8389882405281983
53.60000000000002,robot2,robot4,1.8218238009524952
53.60000000000002,robot3,robot4,2.524156264063301
53.65000000000002,robot1,robot2,1.8607761575603339
53.65000000000002,robot1,robot3,1.82150362785701
53.65000000000002,robot1,robot4,3.5227560369713724
53.65000000000002,robot2,robot3,1.8382108109336233
53.65000000000002,robot2,robot4,1.8201267939630603
53.65000000000002,robot3,robot4,2.524931433199425
53.70000000000002,robot1,robot2,1.8611843352285127
53.70000000000002,robot1,robot3,1.820854247173562
53.70000000000002,robot1,robot4,3.5223644064477484
53.70000000000002,robot2,robot3,1.8374363032905383
53.70000000000002,robot2,robot4,1.8184304677171461
53.70000000000002,robot3,robot4,2.525706613654088
53.75000000000002,robot1,robot2,1.861406724055828
53.75000000000002,robot1,robot3,1.819747448476573
53.75000000000002,robot1,robot4,3.521708672852994
53.75000000000002,robot2,robot3,1.836516347139673
53.75000000000002,robot2,robot4,1.8166699716063586
53.75000000000002,robot3,robot4,2.5265180324385184
53.80000000000002,robot1,robot2,1.8616303950636925
53.80000000000002,robot1,robot3,1.8186411346084745
53.80000000000002,robot1,robot4,3.5210529683766474
53.80000000000002,robot2,robot3,1.835599553558727
53.80000000000002,robot2,robot4,1.814910376374822
53.80000000000002,robot3,robot4,2.5273294638546835
53.85000000000002,robot1,robot2,1.861604277128265
53.85000000000002,robot1,robot3,1.8179964851953094
53.85000000000002,robot1,robot4,3.5204836067211702
53.85000000000002,robot2,robot3,1.8347801072279066
53.85000000000002,robot2,robot4,1.8131431876642414
53.85000000000002,robot3,robot4,2.528594053278027
53.90000000000002,robot1,robot2,1.8615817589915307
53.90000000000002,robot1,robot3,1.8173539556145906
53.90000000000002,robot1,robot4,3.519914354074542
53.90000000000002,robot2,robot3,1.8339650058826091
53.90000000000002,robot2,robot4,1.8113771083487826
53.90000000000002,robot3,robot4,2.529858677711465
53.95000000000002,robot1,robot2,1.8622604192875392
53.95000000000002,robot1,robot3,1.8171062496775607
53.95000000000002,robot1,robot4,3.520147652012377
53.95000000000002,robot2,robot3,1.8331007216588642
53.95000000000002,robot2,robot4,1.8097126910610002
53.95000000000002,robot3,robot4,2.531192467724452
54.00000000000002,robot1,robot2,1.862942802278696
54.00000000000002,robot1,robot3,1.8168595044320293
54.00000000000002,robot1,robot4,3.5203809989143218
54.00000000000002,robot2,robot3,1.832240693328526
54.00000000000002,robot2,robot4,1.8080495253031643
54.00000000000002,robot3,robot4,2.5325263000861415
54.05000000000002,robot1,robot2,1.8631288244257964
54.05000000000002,robot1,robot3,1.8159415852921175
54.05000000000002,robot1,robot4,3.520094336411348
54.05000000000002,robot2,robot3,1.8312747828990599
54.05000000000002,robot2,robot4,1.8064664614902204
54.05000000000002,robot3,robot4,2.533844991189675
54.10000000000002,robot1,robot2,1.863317274324746
54.10000000000002,robot1,robot3,1.8150246917064239
54.10000000000002,robot1,robot4,3.5198076739299267
54.10000000000002,robot2,robot3,1.8303129060696146
54.10000000000002,robot2,robot4,1.8048848061206006
54.10000000000002,robot3,robot4,2.5351637299582843
54.15000000000002,robot1,robot2,1.8634486483949593
54.15000000000002,robot1,robot3,1.8146531914052475
54.15000000000002,robot1,robot4,3.5195846532502246
54.15000000000002,robot2,robot3,1.8289638806573651
54.15000000000002,robot2,robot4,1.8033479133330037
54.15000000000002,robot3,robot4,2.535822441344672
54.20000000000002,robot1,robot2,1.863583012170105
54.20000000000002,robot1,robot3,1.814282125993915
54.20000000000002,robot1,robot4,3.519361645460438
54.20000000000002,robot2,robot3,1.8276172303067177
54.20000000000002,robot2,robot4,1.8018125293173535
54.20000000000002,robot3,robot4,2.536481164591017
54.25000000000002,robot1,robot2,1.8643482103947215
54.25000000000002,robot1,robot3,1.814486824422404
54.25000000000002,robot1,robot4,3.5197247982379607
54.25000000000002,robot2,robot3,1.8258809185723195
54.25000000000002,robot2,robot4,1.8003215740167777
54.25000000000002,robot3,robot4,2.53638630254231
54.30000000000002,robot1,robot2,1.865115734111157
54.30000000000002,robot1,robot3,1.8146916647058806
54.30000000000002,robot1,robot4,3.5200879720150464
54.30000000000002,robot2,robot3,1.8241455474616044
54.30000000000002,robot2,robot4,1.798832248335569
54.30000000000002,robot3,robot4,2.536291444964478
54.35000000000002,robot1,robot2,1.8655307853751708
54.35000000000002,robot1,robot3,1.8148205199361314
54.35000000000002,robot1,robot4,3.520090251429997
54.35000000000002,robot2,robot3,1.821978993723925
54.35000000000002,robot2,robot4,1.7972789335798707
54.35000000000002,robot3,robot4,2.5357080146689306
54.40000000000002,robot1,robot2,1.8659481826098496
54.40000000000002,robot1,robot3,1.8149496751860643
54.40000000000002,robot1,robot4,3.5200925600422783
54.40000000000002,robot2,robot3,1.819812958982597
54.40000000000002,robot2,robot4,1.7957275422257124
54.40000000000002,robot3,robot4,2.5351245982091295
54.45000000000002,robot1,robot2,1.8663555089583683
54.45000000000002,robot1,robot3,1.8152135405015024
54.45000000000002,robot1,robot4,3.520260263216095
54.45000000000002,robot2,robot3,1.8175949958275213
54.45000000000002,robot2,robot4,1.7942526360604847
54.45000000000002,robot3,robot4,2.5346942335319755
54.50000000000002,robot1,robot2,1.8667658566885132
54.50000000000002,robot1,robot3,1.8154775951010798
54.50000000000002,robot1,robot4,3.520427970778837
54.50000000000002,robot2,robot3,1.815377654710996
54.50000000000002,robot2,robot4,1.7927798882015602
54.50000000000002,robot3,robot4,2.5342638734314944
54.55000000000002,robot1,robot2,1.8666616697677836
54.55000000000002,robot1,robot3,1.8156995219122851
54.55000000000002,robot1,robot4,3.5202438614661697
54.55000000000002,robot2,robot3,1.813107413885688
54.55000000000002,robot2,robot4,1.7914085545782117
54.55000000000002,robot3,robot4,2.533798175923499
54.60000000000002,robot1,robot2,1.866560852384138
54.60000000000002,robot1,robot3,1.815921469088353
54.60000000000002,robot1,robot4,3.5200597559503164
54.60000000000002,robot2,robot3,1.8108376330397478
54.60000000000002,robot2,robot4,1.7900395177503758
54.60000000000002,robot3,robot4,2.533332486914617
54.65000000000002,robot1,robot2,1.8665451303035776
54.65000000000002,robot1,robot3,1.816241985128221
54.65000000000002,robot1,robot4,3.5200652093931795
54.65000000000002,robot2,robot3,1.8085937449334764
54.65000000000002,robot2,robot4,1.7887290694703453
54.65000000000002,robot3,robot4,2.5330356414999864
54.70000000000002,robot1,robot2,1.8665332168072981
54.70000000000002,robot1,robot3,1.8165625077695509
54.70000000000002,robot1,robot4,3.520070675350709
54.70000000000002,robot2,robot3,1.8063504305369427
54.70000000000002,robot2,robot4,1.78742105332823
54.70000000000002,robot3,robot4,2.5327387992546724
54.75000000000002,robot1,robot2,1.8662245496255265
54.75000000000002,robot1,robot3,1.8165822903775235
54.75000000000002,robot1,robot4,3.519820154117252
54.75000000000002,robot2,robot3,1.80430947198097
54.75000000000002,robot2,robot4,1.7863912629200238
54.75000000000002,robot3,robot4,2.5323659497130837
54.80000000000002,robot1,robot2,1.8659181462178343
54.80000000000002,robot1,robot3,1.8166020841419845
54.80000000000002,robot1,robot4,3.5195696330818627
54.80000000000002,robot2,robot3,1.8022687855927582
54.80000000000002,robot2,robot4,1.7853633397784883
54.80000000000002,robot3,robot4,2.531993102590328
54.85000000000002,robot1,robot2,1.865659365550488
54.85000000000002,robot1,robot3,1.8175362260277654
54.85000000000002,robot1,robot4,3.519530495285202
54.85000000000002,robot2,robot3,1.799601964926271
54.85000000000002,robot2,robot4,1.7845394210009058
54.85000000000002,robot3,robot4,2.5303029796835093
54.90000000000002,robot1,robot2,1.8654027617948894
54.90000000000002,robot1,robot3,1.8184714475404897
54.90000000000002,robot1,robot4,3.5194913597044106
54.90000000000002,robot2,robot3,1.7969353998894881
54.90000000000002,robot2,robot4,1.7837172536952146
54.90000000000002,robot3,robot4,2.528612929272092
54.95000000000002,robot1,robot2,1.865547346710678
54.95000000000002,robot1,robot3,1.8206881442523326
54.95000000000002,robot1,robot4,3.519930611464273
54.95000000000002,robot2,robot3,1.792797807010385
54.95000000000002,robot2,robot4,1.7830474682667592
54.95000000000002,robot3,robot4,2.5244458047049143
55.00000000000002,robot1,robot2,1.865693612875651
55.00000000000002,robot1,robot3,1.8229145504416828
55.00000000000002,robot1,robot4,3.5203698808092594
55.00000000000002,robot2,robot3,1.7886649301411912
55.00000000000002,robot2,robot4,1.7823795191159482
55.00000000000002,robot3,robot4,2.520278991485861
55.05000000000002,robot1,robot2,1.8654948370704487
55.05000000000002,robot1,robot3,1.824852387312602
55.05000000000002,robot1,robot4,3.520553269759883
55.05000000000002,robot2,robot3,1.7843438140294023
55.05000000000002,robot2,robot4,1.7817757561136864
55.05000000000002,robot3,robot4,2.5160901792742827
55.10000000000002,robot1,robot2,1.865297890944232
55.10000000000002,robot1,robot3,1.8267989230481836
55.10000000000002,robot1,robot4,3.5207366600251433
55.10000000000002,robot2,robot3,1.7800271571245743
55.10000000000002,robot2,robot4,1.7811738307627356
55.10000000000002,robot3,robot4,2.5119015280948
55.15000000000002,robot1,robot2,1.86537587538524
55.15000000000002,robot1,robot3,1.8289266307476642
55.15000000000002,robot1,robot4,3.5211482728376056
55.15000000000002,robot2,robot3,1.775392181715985
55.15000000000002,robot2,robot4,1.7805795959363906
55.15000000000002,robot3,robot4,2.5072381125840923
55.20000000000002,robot1,robot2,1.8654553661907858
55.20000000000002,robot1,robot3,1.8310666815826238
55.20000000000002,robot1,robot4,3.521559912677335
55.20000000000002,robot2,robot3,1.7707629632867286
55.20000000000002,robot2,robot4,1.7799872169321889
55.20000000000002,robot3,robot4,2.502574873431361
55.25000000000002,robot1,robot2,1.8641263978988247
55.25000000000002,robot1,robot3,1.8328294177425521
55.25000000000002,robot1,robot4,3.520807994028146
55.25000000000002,robot2,robot3,1.7667090607324805
55.25000000000002,robot2,robot4,1.7794480953765548
55.25000000000002,robot3,robot4,2.4986634404917347
55.30000000000002,robot1,robot2,1.8628001754834034
55.30000000000002,robot1,robot3,1.8345956673283628
55.30000000000002,robot1,robot4,3.5200561818144323
55.30000000000002,robot2,robot3,1.7626595485166723
55.30000000000002,robot2,robot4,1.7789108649982999
55.30000000000002,robot3,robot4,2.49475223122658
55.35000000000002,robot1,robot2,1.861816470041354
55.35000000000002,robot1,robot3,1.8348809390536762
55.35000000000002,robot1,robot4,3.519657642890605
55.35000000000002,robot2,robot3,1.761523356114885
55.35000000000002,robot2,robot4,1.7785387126915453
55.35000000000002,robot3,robot4,2.495068879392962
55.40000000000002,robot1,robot2,1.8608348568360382
55.40000000000002,robot1,robot3,1.8351668162698453
55.40000000000002,robot1,robot4,3.5192591782886633
55.40000000000002,robot2,robot3,1.7603872304609567
55.40000000000002,robot2,robot4,1.7781680063708827
55.40000000000002,robot3,robot4,2.4953855759920147
55.45000000000002,robot1,robot2,1.859934117244277
55.45000000000002,robot1,robot3,1.8350994777395584
55.45000000000002,robot1,robot4,3.5188839705415833
55.45000000000002,robot2,robot3,1.7590242871698074
55.45000000000002,robot2,robot4,1.77802996755911
55.45000000000002,robot3,robot4,2.4951903351501064
55.50000000000002,robot1,robot2,1.8590344690954486
55.50000000000002,robot1,robot3,1.8350322249470172
55.50000000000002,robot1,robot4,3.518508845475452
55.50000000000002,robot2,robot3,1.7576613569243082
55.50000000000002,robot2,robot4,1.7778925665793193
55.50000000000002,robot3,robot4,2.4949951146126526
55.55000000000002,robot1,robot2,1.8567463411533889
55.55000000000002,robot1,robot3,1.8351678482098714
55.55000000000002,robot1,robot4,3.5172512791350643
55.55000000000002,robot2,robot3,1.757149727864205
55.55000000000002,robot2,robot4,1.7778683799964639
55.55000000000002,robot3,robot4,2.4959909577966224
55.60000000000002,robot1,robot2,1.8544625727603656
55.60000000000002,robot1,robot3,1.8353098265047785
55.60000000000002,robot1,robot4,3.5159951718706886
55.60000000000002,robot2,robot3,1.7566385122505994
55.60000000000002,robot2,robot4,1.777844856985277
55.60000000000002,robot3,robot4,2.496986813156409
55.65000000000002,robot1,robot2,1.8511384732135103
55.65000000000002,robot1,robot3,1.8355440459009693
55.65000000000002,robot1,robot4,3.513629916117126
55.65000000000002,robot2,robot3,1.7567142576415922
55.65000000000002,robot2,robot4,1.7778447763291936
55.65000000000002,robot3,robot4,2.497773579246976
55.70000000000002,robot1,robot2,1.847819996887683
55.70000000000002,robot1,robot3,1.8357917507290964
55.70000000000002,robot1,robot4,3.5112685408440347
55.70000000000002,robot2,robot3,1.7567903454040839
55.70000000000002,robot2,robot4,1.777844733134196
55.70000000000002,robot3,robot4,2.4985603831214487
55.75000000000002,robot1,robot2,1.844326351351963
55.75000000000002,robot1,robot3,1.836316511344518
55.75000000000002,robot1,robot4,3.508597911118484
55.75000000000002,robot2,robot3,1.7564218996346663
55.75000000000002,robot2,robot4,1.7778496435034234
55.75000000000002,robot3,robot4,2.498179335974601
55.80000000000002,robot1,robot2,1.8408369868070869
55.80000000000002,robot1,robot3,1.836849987574653
55.80000000000002,robot1,robot4,3.5059307229671544
55.80000000000002,robot2,robot3,1.7560534990967671
55.80000000000002,robot2,robot4,1.777854560251766
55.80000000000002,robot3,robot4,2.4977982888540056
55.85000000000002,robot1,robot2,1.8376330044438263
55.85000000000002,robot1,robot3,1.8381947609190525
55.85000000000002,robot1,robot4,3.5036813095419
55.85000000000002,robot2,robot3,1.7557385278174256
55.85000000000002,robot2,robot4,1.7778377277205306
55.85000000000002,robot3,robot4,2.4973892105951365
55.90000000000002,robot1,robot2,1.8344360639090138
55.90000000000002,robot1,robot3,1.8395493369436986
55.90000000000002,robot1,robot4,3.501437069784918
55.90000000000002,robot2,robot3,1.7554235926693025
55.90000000000002,robot2,robot4,1.7778208952023262
55.90000000000002,robot3,robot4,2.496980132747956
55.95000000000002,robot1,robot2,1.8314348745394269
55.95000000000002,robot1,robot3,1.8403693662222405
55.95000000000002,robot1,robot4,3.4992330048329516
55.95000000000002,robot2,robot3,1.755431147387587
55.95000000000002,robot2,robot4,1.77782131349596
55.95000000000002,robot3,robot4,2.496995636509003
56.00000000000002,robot1,robot2,1.8284383978436345
56.00000000000002,robot1,robot3,1.841198663608303
56.00000000000002,robot1,robot4,3.4970326060820476
56.00000000000002,robot2,robot3,1.7554387023516373
56.00000000000002,robot2,robot4,1.7778217318167757
56.00000000000002,robot3,robot4,2.497011140353603
56.05000000000002,robot1,robot2,1.826658674155765
56.05000000000002,robot1,robot3,1.8416444456398884
56.05000000000002,robot1,robot4,3.495701887991344
56.05000000000002,robot2,robot3,1.755446566438936
56.05000000000002,robot2,robot4,1.7778183723216077
56.05000000000002,robot3,robot4,2.4970055824311848
56.10000000000002,robot1,robot2,1.8248804585618754
56.10000000000002,robot1,robot3,1.8420933404521067
56.10000000000002,robot1,robot4,3.494372355181685
56.10000000000002,robot2,robot3,1.7554544306512203
56.10000000000002,robot2,robot4,1.7778150128303563
56.10000000000002,robot3,robot4,2.497000024672807
56.15000000000002,robot1,robot2,1.8250156933710187
56.15000000000002,robot1,robot3,1.842159008505645
56.15000000000002,robot1,robot4,3.494505431544963
56.15000000000002,robot2,robot3,1.7554677708613735
56.15000000000002,robot2,robot4,1.7778189072333126
56.15000000000002,robot3,robot4,2.4970180051139494
56.20000000000002,robot1,robot2,1.8251509282634684
56.20000000000002,robot1,robot3,1.842224682731181
56.20000000000002,robot1,robot4,3.4946385085506346
56.20000000000002,robot2,robot3,1.7554811110818032
56.20000000000002,robot2,robot4,1.777822801645316
56.20000000000002,robot3,robot4,2.497035985572696
56.25000000000002,robot1,robot2,1.8253970136565498
56.25000000000002,robot1,robot3,1.8427956104710177
56.25000000000002,robot1,robot4,3.494843906228753
56.25000000000002,robot2,robot3,1.7570492983411143
56.25000000000002,robot2,robot4,1.777818570495454
56.25000000000002,robot3,robot4,2.4983154647771175
56.30000000000002,robot1,robot2,1.8256431084064602
56.30000000000002,robot1,robot3,1.8433673355045115
56.30000000000002,robot1,robot4,3.4950493147794073
56.30000000000002,robot2,robot3,1.75861752007678
56.30000000000002,robot2,robot4,1.7778143393830528
56.30000000000002,robot3,robot4,2.4995953065960506
56.35000000000002,robot1,robot2,1.8270887982384718
56.35000000000002,robot1,robot3,1.8446260220557587
56.35000000000002,robot1,robot4,3.4963672673718085
56.35000000000002,robot2,robot3,1.7611209746156717
56.35000000000002,robot2,robot4,1.777819686853113
56.35000000000002,robot3,robot4,2.501705313562582
56.40000000000002,robot1,robot2,1.8285345666653405
56.40000000000002,robot1,robot3,1.8458852512488426
56.40000000000002,robot1,robot4,3.4976853664891028
56.40000000000002,robot2,robot3,1.7636245621083881
56.40000000000002,robot2,robot4,1.7778250343253692
56.40000000000002,robot3,robot4,2.5038161451596253
56.45000000000002,robot1,robot2,1.8310667012736055
56.45000000000002,robot1,robot3,1.847635180544715
56.45000000000002,robot1,robot4,3.4999994027972714
56.45000000000002,robot2,robot3,1.7662952015041264
56.45000000000002,robot2,robot4,1.7778214421491405
56.45000000000002,robot3,robot4,2.506039988084638
56.50000000000002,robot1,robot2,1.8335990203493249
56.50000000000002,robot1,robot3,1.8493851181752279
56.50000000000002,robot1,robot4,3.502313830473935
56.50000000000002,robot2,robot3,1.768965976148214
56.50000000000002,robot2,robot4,1.777817849978169
56.50000000000002,robot3,robot4,2.5082647903459083
56.55000000000002,robot1,robot2,1.8361108085032622
56.55000000000002,robot1,robot3,1.850713064938823
56.55000000000002,robot1,robot4,3.504607850218232
56.55000000000002,robot2,robot3,1.7708654815163836
56.55000000000002,robot2,robot4,1.777821511715462
56.55000000000002,robot3,robot4,2.5099577816560985
56.60000000000002,robot1,robot2,1.8386228013651968
56.60000000000002,robot1,robot3,1.8520411728374186
56.60000000000002,robot1,robot4,3.5069022780710624
56.60000000000002,robot2,robot3,1.7727651254480958
56.60000000000002,robot2,robot4,1.7778251734543529
56.60000000000002,robot3,robot4,2.5116511650547744
56.65000000000002,robot1,robot2,1.841109965335043
56.65000000000002,robot1,robot3,1.8530919334069753
56.65000000000002,robot1,robot4,3.5091546500777797
56.65000000000002,robot2,robot3,1.7745583689633888
56.65000000000002,robot2,robot4,1.7778253597928284
56.65000000000002,robot3,robot4,2.513396944550642
56.70000000000002,robot1,robot2,1.843597383297123
56.70000000000002,robot1,robot3,1.8541428707909753
56.70000000000002,robot1,robot4,3.511407481557502
56.70000000000002,robot2,robot3,1.7763518632255832
56.70000000000002,robot2,robot4,1.7778255461754393
56.70000000000002,robot3,robot4,2.5151429806826093
56.75000000000002,robot1,robot2,1.8435987553649655
56.75000000000002,robot1,robot3,1.8542373835722867
56.75000000000002,robot1,robot4,3.5114027131162624
56.75000000000002,robot2,robot3,1.778088851142218
56.75000000000002,robot2,robot4,1.7778273126022393
56.75000000000002,robot3,robot4,2.516956452362308
56.80000000000002,robot1,robot2,1.843600127637496
56.80000000000002,robot1,robot3,1.8543338714053075
56.80000000000002,robot1,robot4,3.5113979446871277
56.80000000000002,robot2,robot3,1.779826233464942
56.80000000000002,robot2,robot4,1.7778290791186873
56.80000000000002,robot3,robot4,2.5187700787745597
56.85000000000002,robot1,robot2,1.8383316644629828
56.85000000000002,robot1,robot3,1.8515599060550254
56.85000000000002,robot1,robot4,3.5063384012556793
56.85000000000002,robot2,robot3,1.7810765381915097
56.85000000000002,robot2,robot4,1.7778503308536688
56.85000000000002,robot3,robot4,2.520221623305429
56.90000000000002,robot1,robot2,1.8330632068065729
56.90000000000002,robot1,robot3,1.8488051328198438
56.90000000000002,robot1,robot4,3.501279364319562
56.90000000000002,robot2,robot3,1.7823271512337462
56.90000000000002,robot2,robot4,1.7778715834395915
56.90000000000002,robot3,robot4,2.5216732219756395
56.95000000000002,robot1,robot2,1.8303839552282457
56.95000000000002,robot1,robot3,1.8487561160382946
56.95000000000002,robot1,robot4,3.499164141764608
56.95000000000002,robot2,robot3,1.7830339457346296
56.95000000000002,robot2,robot4,1.7779176769390228
56.95000000000002,robot3,robot4,2.52263258413334
57.00000000000002,robot1,robot2,1.8277065032701503
57.00000000000002,robot1,robot3,1.8487163590223896
57.00000000000002,robot1,robot4,3.4970505674280723
57.00000000000002,robot2,robot3,1.7837409335049195
57.00000000000002,robot2,robot4,1.7779637705884228
57.00000000000002,robot3,robot4,2.5235919477526476
57.05000000000002,robot1,robot2,1.8272894947879084
57.05000000000002,robot1,robot3,1.8492436135694104
57.05000000000002,robot1,robot4,3.4970546707291414
57.05000000000002,robot2,robot3,1.7843760856289521
57.05000000000002,robot2,robot4,1.7780861274593114
57.05000000000002,robot3,robot4,2.5246092128844917
57.10000000000002,robot1,robot2,1.8268732113491073
57.10000000000002,robot1,robot3,1.8497726659030291
57.10000000000002,robot1,robot4,3.497059180776471
57.10000000000002,robot2,robot3,1.7850114561719208
57.10000000000002,robot2,robot4,1.778208486135414
57.10000000000002,robot3,robot4,2.525626478721072
57.15000000000002,robot1,robot2,1.8268117611678003
57.15000000000002,robot1,robot3,1.8493518249868652
57.15000000000002,robot1,robot4,3.4976326086442024
57.15000000000002,robot2,robot3,1.785517674920428
57.15000000000002,robot2,robot4,1.779029050443036
57.15000000000002,robot3,robot4,2.5266191053283045
57.20000000000002,robot1,robot2,1.8267505941953321
57.20000000000002,robot1,robot3,1.8489309929407851
57.20000000000002,robot1,robot4,3.49820611438863
57.20000000000002,robot2,robot3,1.7860238942690552
57.20000000000002,robot2,robot4,1.779849615733026
57.20000000000002,robot3,robot4,2.5276117505908617
57.25000000000002,robot1,robot2,1.8252451729915622
57.25000000000002,robot1,robot3,1.8478534245188383
57.25000000000002,robot1,robot4,3.4977522746973517
57.25000000000002,robot2,robot3,1.7863291064708655
57.25000000000002,robot2,robot4,1.7809628249692642
57.25000000000002,robot3,robot4,2.5287641610463605
57.30000000000002,robot1,robot2,1.823739877453196
57.30000000000002,robot1,robot3,1.8467767819541694
57.30000000000002,robot1,robot4,3.4972984350060834
57.30000000000002,robot2,robot3,1.786634319258421
57.30000000000002,robot2,robot4,1.7820760517982952
57.30000000000002,robot3,robot4,2.529916658520001
57.35000000000002,robot1,robot2,1.8223663471607452
57.35000000000002,robot1,robot3,1.8450333571947275
57.35000000000002,robot1,robot4,3.4970741037486253
57.35000000000002,robot2,robot3,1.7874123641927877
57.35000000000002,robot2,robot4,1.7833130559453807
57.35000000000002,robot3,robot4,2.5322292656938674
57.40000000000002,robot1,robot2,1.8209929748587712
57.40000000000002,robot1,robot3,1.8432923399097596
57.40000000000002,robot1,robot4,3.4968497729220505
57.40000000000002,robot2,robot3,1.788191081565111
57.40000000000002,robot2,robot4,1.784550074175561
57.40000000000002,robot3,robot4,2.534542260764457
57.45000000000002,robot1,robot2,1.8194376198991402
57.45000000000002,robot1,robot3,1.84120076781553
57.45000000000002,robot1,robot4,3.49661191104178
57.45000000000002,robot2,robot3,1.7897162758742657
57.45000000000002,robot2,robot4,1.785850859598444
57.45000000000002,robot3,robot4,2.538232078755065
57.50000000000002,robot1,robot2,1.817882269480068
57.50000000000002,robot1,robot3,1.8391175083381701
57.50000000000002,robot1,robot4,3.4963742450956254
57.50000000000002,robot2,robot3,1.7912447899608812
57.50000000000002,robot2,robot4,1.7871516461794732
57.50000000000002,robot3,robot4,2.5419229146274294
57.55000000000002,robot1,robot2,1.8194020512647835
57.55000000000002,robot1,robot3,1.8386635568043026
57.55000000000002,robot1,robot4,3.499033752563771
57.55000000000002,robot2,robot3,1.7929128235308185
57.55000000000002,robot2,robot4,1.7884312425642763
57.55000000000002,robot3,robot4,2.545541122720522
57.60000000000002,robot1,robot2,1.8209218330559933
57.60000000000002,robot1,robot3,1.838210579011283
57.60000000000002,robot1,robot4,3.5016932673336765
57.60000000000002,robot2,robot3,1.7945840426285424
57.60000000000002,robot2,robot4,1.7897108666781911
57.60000000000002,robot3,robot4,2.5491603203096123
57.65000000000002,robot1,robot2,1.8200621518366478
57.65000000000002,robot1,robot3,1.8358847110585395
57.65000000000002,robot1,robot4,3.501579786182267
57.65000000000002,robot2,robot3,1.7961707934746214
57.65000000000002,robot2,robot4,1.7906965412074995
57.65000000000002,robot3,robot4,2.5524801635666545
57.700000000000024,robot1,robot2,1.8192027157711144
57.700000000000024,robot1,robot3,1.8335636552694308
57.700000000000024,robot1,robot4,3.5014663073850922
57.700000000000024,robot2,robot3,1.7977608031976895
57.700000000000024,robot2,robot4,1.7916822651463626
57.700000000000024,robot3,robot4,2.555800905966269
57.75000000000002,robot1,robot2,1.8179043332560842
57.75000000000002,robot1,robot3,1.8313332440847558
57.75000000000002,robot1,robot4,3.5003643705192315
57.75000000000002,robot2,robot3,1.799216570013252
57.75000000000002,robot2,robot4,1.7921458115036988
57.75000000000002,robot3,robot4,2.5581853458337425
57.80000000000002,robot1,robot2,1.8166064347491448
57.80000000000002,robot1,robot3,1.8291069544630236
57.80000000000002,robot1,robot4,3.4992624485375488
57.80000000000002,robot2,robot3,1.8006739636427809
57.80000000000002,robot2,robot4,1.792609395632245
57.80000000000002,robot3,robot4,2.560569983675511
57.85000000000002,robot1,robot2,1.816573079385261
57.85000000000002,robot1,robot3,1.8280832030808247
57.85000000000002,robot1,robot4,3.4998961135750877
57.85000000000002,robot2,robot3,1.8022998683977378
57.85000000000002,robot2,robot4,1.793528500277108
57.85000000000002,robot3,robot4,2.563213202343351
57.90000000000002,robot1,robot2,1.8165398135590096
57.90000000000002,robot1,robot3,1.8270618178091294
57.90000000000002,robot1,robot4,3.5005298117555013
57.90000000000002,robot2,robot3,1.8039273727168186
57.90000000000002,robot2,robot4,1.794447751451683
57.90000000000002,robot3,robot4,2.5658568810292217
57.950000000000024,robot1,robot2,1.8174453529688317
57.950000000000024,robot1,robot3,1.8270504643690741
57.950000000000024,robot1,robot4,3.5022261990047494
57.950000000000024,robot2,robot3,1.8059908213352729
57.950000000000024,robot2,robot4,1.7955929941251307
57.950000000000024,robot3,robot4,2.5685306897082243
58.00000000000002,robot1,robot2,1.8183509464800793
58.00000000000002,robot1,robot3,1.8270404424327884
58.00000000000002,robot1,robot4,3.5039226891885047
58.00000000000002,robot2,robot3,1.8080553910375656
58.00000000000002,robot2,robot4,1.7967386578256177
58.00000000000002,robot3,robot4,2.5712048865745816
58.05000000000002,robot1,robot2,1.8186027895989274
58.05000000000002,robot1,robot3,1.8265223580444476
58.05000000000002,robot1,robot4,3.504862855989447
58.05000000000002,robot2,robot3,1.8108039039214747
58.05000000000002,robot2,robot4,1.7978759286865433
58.05000000000002,robot3,robot4,2.5744572992563413
58.10000000000002,robot1,robot2,1.8188548175566404
58.10000000000002,robot1,robot3,1.8260084047763847
58.10000000000002,robot1,robot4,3.5058031584748166
58.10000000000002,robot2,robot3,1.8135541148454895
58.10000000000002,robot2,robot4,1.7990138299960348
58.10000000000002,robot3,robot4,2.5777100213270714
58.15000000000002,robot1,robot2,1.8183137347138418
58.15000000000002,robot1,robot3,1.8243859683753867
58.15000000000002,robot1,robot4,3.505750042403622
58.15000000000002,robot2,robot3,1.8171606273133931
58.15000000000002,robot2,robot4,1.8000335961153615
58.15000000000002,robot3,robot4,2.5821012929027414
58.200000000000024,robot1,robot2,1.8177731817597598
58.200000000000024,robot1,robot3,1.8227743027555545
58.200000000000024,robot1,robot4,3.5056969996826597
58.200000000000024,robot2,robot3,1.8207710478577492
58.200000000000024,robot2,robot4,1.8010540421111751
58.200000000000024,robot3,robot4,2.586492877966226
58.25000000000002,robot1,robot2,1.8178401624720748
58.25000000000002,robot1,robot3,1.8215357372709566
58.25000000000002,robot1,robot4,3.5061447572619207
58.25000000000002,robot2,robot3,1.8244533156330025
58.25000000000002,robot2,robot4,1.8019704474253324
58.25000000000002,robot3,robot4,2.5908776377196996
58.30000000000002,robot1,robot2,1.8179076075997371
58.30000000000002,robot1,robot3,1.820306046362808
58.30000000000002,robot1,robot4,3.506592560130846
58.30000000000002,robot2,robot3,1.8281395420246247
58.30000000000002,robot2,robot4,1.8028875385114853
58.30000000000002,robot3,robot4,2.595262647203556
58.35000000000002,robot1,robot2,1.8177518223845903
58.35000000000002,robot1,robot3,1.8189387852416166
58.35000000000002,robot1,robot4,3.5069636818330823
58.35000000000002,robot2,robot3,1.831461053459302
58.35000000000002,robot2,robot4,1.8036108240502582
58.35000000000002,robot3,robot4,2.6000469924862917
58.40000000000002,robot1,robot2,1.8175960788923926
58.40000000000002,robot1,robot3,1.817582455287792
58.40000000000002,robot1,robot4,3.5073348442656576
58.40000000000002,robot2,robot3,1.8347879851647715
58.40000000000002,robot2,robot4,1.8043342163981158
58.40000000000002,robot3,robot4,2.604831575148383
58.450000000000024,robot1,robot2,1.8176111779984738
58.450000000000024,robot1,robot3,1.8167415813298815
58.450000000000024,robot1,robot4,3.507876511469154
58.450000000000024,robot2,robot3,1.8365963445830997
58.450000000000024,robot2,robot4,1.8049120857288319
58.450000000000024,robot3,robot4,2.6078682513750593
58.50000000000002,robot1,robot2,1.817626277393953
58.50000000000002,robot1,robot3,1.8159044324264422
58.50000000000002,robot1,robot4,3.5084182061533085
58.50000000000002,robot2,robot3,1.8384070201870428
58.50000000000002,robot2,robot4,1.80548996788268
58.50000000000002,robot3,robot4,2.610905144492615
58.55000000000002,robot1,robot2,1.8176293665866676
58.55000000000002,robot1,robot3,1.815016641573363
58.55000000000002,robot1,robot4,3.508876662142031
58.55000000000002,robot2,robot3,1.8394508454710068
58.55000000000002,robot2,robot4,1.8059922283166812
58.55000000000002,robot3,robot4,2.613064459706697
58.60000000000002,robot1,robot2,1.8176324557913242
58.60000000000002,robot1,robot3,1.8141305048107752
58.60000000000002,robot1,robot4,3.50933513637441
58.60000000000002,robot2,robot3,1.840496143585474
58.60000000000002,robot2,robot4,1.8064944977569126
58.60000000000002,robot3,robot4,2.615224093481284
58.65000000000002,robot1,robot2,1.8176328588841175
58.65000000000002,robot1,robot3,1.813063775155537
58.65000000000002,robot1,robot4,3.5097985182973113
58.65000000000002,robot2,robot3,1.8413873561391154
58.65000000000002,robot2,robot4,1.8070024696596987
58.65000000000002,robot3,robot4,2.617362908464979
58.700000000000024,robot1,robot2,1.81763326198026
58.700000000000024,robot1,robot3,1.8119985567240384
58.700000000000024,robot1,robot4,3.510261915772098
58.700000000000024,robot2,robot3,1.8422802421328306
58.700000000000024,robot2,robot4,1.8075104485642677
58.700000000000024,robot3,robot4,2.6195021790580753
58.75000000000002,robot1,robot2,1.8176382816154593
58.75000000000002,robot1,robot3,1.8107583448409807
58.75000000000002,robot1,robot4,3.5107308344517105
58.75000000000002,robot2,robot3,1.84298290220345
58.75000000000002,robot2,robot4,1.8080198672326586
58.75000000000002,robot3,robot4,2.621568248750403
58.80000000000002,robot1,robot2,1.8176433012571527
58.80000000000002,robot1,robot3,1.8095194332078886
58.80000000000002,robot1,robot4,3.5111997684985115
58.80000000000002,robot2,robot3,1.8436874142218362
58.80000000000002,robot2,robot4,1.8085292929463432
58.80000000000002,robot3,robot4,2.623634954814599
58.85000000000002,robot1,robot2,1.8176426368293632
58.85000000000002,robot1,robot3,1.8082891253273765
58.85000000000002,robot1,robot4,3.511638347450696
58.85000000000002,robot2,robot3,1.8441383992811524
58.85000000000002,robot2,robot4,1.8090057294564468
58.85000000000002,robot3,robot4,2.6254025978570414
58.90000000000002,robot1,robot2,1.8176419724040815
58.90000000000002,robot1,robot3,1.8070596689428926
58.90000000000002,robot1,robot4,3.5120769378521595
58.90000000000002,robot2,robot3,1.8445909265278848
58.90000000000002,robot2,robot4,1.809482170039263
58.90000000000002,robot3,robot4,2.6271708918410703
58.950000000000024,robot1,robot2,1.8176472533685546
58.950000000000024,robot1,robot3,1.8052035044100283
58.950000000000024,robot1,robot4,3.5124656041459685
58.950000000000024,robot2,robot3,1.8452283786729493
58.950000000000024,robot2,robot4,1.8099056045433008
58.950000000000024,robot3,robot4,2.629598862418231
59.00000000000002,robot1,robot2,1.8176525343337764
59.00000000000002,robot1,robot3,1.8033491783015836
59.00000000000002,robot1,robot4,3.512854282874398
59.00000000000002,robot2,robot3,1.8458692884852388
59.00000000000002,robot2,robot4,1.8103290453177292
59.00000000000002,robot3,robot4,2.6320280198755497
59.05000000000002,robot1,robot2,1.817641095297006
59.05000000000002,robot1,robot3,1.8012383773727723
59.05000000000002,robot1,robot4,3.51320502572811
59.05000000000002,robot2,robot3,1.846633190453643
59.05000000000002,robot2,robot4,1.810730497856114
59.05000000000002,robot3,robot4,2.6347751151726886
59.10000000000002,robot1,robot2,1.8176296562809489
59.10000000000002,robot1,robot3,1.799130094580433
59.10000000000002,robot1,robot4,3.5135557822334342
59.10000000000002,robot2,robot3,1.8474016105874222
59.10000000000002,robot2,robot4,1.8111319574812874
59.10000000000002,robot3,robot4,2.6375236322704305
59.15000000000002,robot1,robot2,1.8179793708073948
59.15000000000002,robot1,robot3,1.797497778214273
59.15000000000002,robot1,robot4,3.5138700443730486
59.15000000000002,robot2,robot3,1.848288047516404
59.15000000000002,robot2,robot4,1.8111874597513369
59.15000000000002,robot3,robot4,2.6397721904725993
59.200000000000024,robot1,robot2,1.8183290853343903
59.200000000000024,robot1,robot3,1.7958672008564547
59.200000000000024,robot1,robot4,3.51418432163212
59.200000000000024,robot2,robot3,1.8491781382400672
59.200000000000024,robot2,robot4,1.8112430160704553
59.200000000000024,robot3,robot4,2.642021653384582
59.25000000000002,robot1,robot2,1.818801180890864
59.25000000000002,robot1,robot3,1.7948329096749505
59.25000000000002,robot1,robot4,3.5144144944119784
59.25000000000002,robot2,robot3,1.8496710286765188
59.25000000000002,robot2,robot4,1.8110679875192426
59.25000000000002,robot3,robot4,2.6432885706892186
59.30000000000002,robot1,robot2,1.8192732779681564
59.30000000000002,robot1,robot3,1.7937991095763757
59.30000000000002,robot1,robot4,3.514644674666416
59.30000000000002,robot2,robot3,1.8501656629291339
59.30000000000002,robot2,robot4,1.810893002848042
59.30000000000002,robot3,robot4,2.6445559054347867
59.35000000000002,robot1,robot2,1.8197243772402047
59.35000000000002,robot1,robot3,1.7927359266239544
59.35000000000002,robot1,robot4,3.5147290291139446
59.35000000000002,robot2,robot3,1.8505769821277367
59.35000000000002,robot2,robot4,1.810539719627548
59.35000000000002,robot3,robot4,2.6457472896435146
59.40000000000002,robot1,robot2,1.820175485839209
59.40000000000002,robot1,robot3,1.7916732451850694
59.40000000000002,robot1,robot4,3.5148133859096986
59.40000000000002,robot2,robot3,1.85099014623039
59.40000000000002,robot2,robot4,1.8101864526396167
59.40000000000002,robot3,robot4,2.646939009568978
59.450000000000024,robot1,robot2,1.820617002525861
59.450000000000024,robot1,robot3,1.7905765511770917
59.450000000000024,robot1,robot4,3.5148961329228854
59.450000000000024,robot2,robot3,1.8512968656767343
59.450000000000024,robot2,robot4,1.8098140836794536
59.450000000000024,robot3,robot4,2.648091996494458
59.50000000000002,robot1,robot2,1.8210585383356026
59.50000000000002,robot1,robot3,1.7894803150258456
59.50000000000002,robot1,robot4,3.514978882575115
59.50000000000002,robot2,robot3,1.8516054866304539
59.50000000000002,robot2,robot4,1.8094417231074338
59.50000000000002,robot3,robot4,2.649245352816157
59.55000000000002,robot1,robot2,1.8218161596192963
59.55000000000002,robot1,robot3,1.788912746227789
59.55000000000002,robot1,robot4,3.51523611612563
59.55000000000002,robot2,robot3,1.8517807852343784
59.55000000000002,robot2,robot4,1.808656571301473
59.55000000000002,robot3,robot4,2.6503986699021813
59.60000000000002,robot1,robot2,1.8225745223702108
59.60000000000002,robot1,robot3,1.788345999053315
59.60000000000002,robot1,robot4,3.5154935156431453
59.60000000000002,robot2,robot3,1.851959073515665
59.60000000000002,robot2,robot4,1.8078714198332797
59.60000000000002,robot3,robot4,2.6515524197218885
59.65000000000002,robot1,robot2,1.8236080224907165
59.65000000000002,robot1,robot3,1.7878766185244017
59.65000000000002,robot1,robot4,3.5159393998034867
59.65000000000002,robot2,robot3,1.8520092049342654
59.65000000000002,robot2,robot4,1.8068888983958031
59.65000000000002,robot3,robot4,2.6527602907549435
59.700000000000024,robot1,robot2,1.824642861671566
59.700000000000024,robot1,robot3,1.7874080887063812
59.700000000000024,robot1,robot4,3.516385557858666
59.700000000000024,robot2,robot3,1.8520633417299743
59.700000000000024,robot2,robot4,1.8059063774874928
59.700000000000024,robot3,robot4,2.653968754277639
59.75000000000002,robot1,robot2,1.8256820000614158
59.75000000000002,robot1,robot3,1.7869571421288337
59.75000000000002,robot1,robot4,3.5168004199750236
59.75000000000002,robot2,robot3,1.851879193544357
59.75000000000002,robot2,robot4,1.8047802540152216
59.75000000000002,robot3,robot4,2.655082379028427
59.80000000000002,robot1,robot2,1.8267226559699754
59.80000000000002,robot1,robot3,1.7865068063200877
59.80000000000002,robot1,robot4,3.5172154372032716
59.80000000000002,robot2,robot3,1.8516989010295382
59.80000000000002,robot2,robot4,1.8036541974671858
59.80000000000002,robot3,robot4,2.6561964208855113
59.85000000000002,robot1,robot2,1.8277670355634092
59.85000000000002,robot1,robot3,1.7860404643787466
59.85000000000002,robot1,robot4,3.517728325245747
59.85000000000002,robot2,robot3,1.8513597679165439
59.85000000000002,robot2,robot4,1.8025790092597873
59.85000000000002,robot3,robot4,2.6573081825825176
59.90000000000002,robot1,robot2,1.8288130096390398
59.90000000000002,robot1,robot3,1.7855745856729146
59.90000000000002,robot1,robot4,3.518241335572647
59.90000000000002,robot2,robot3,1.8510244145731842
59.90000000000002,robot2,robot4,1.8015039544716516
59.90000000000002,robot3,robot4,2.6584203788530143
59.950000000000024,robot1,robot2,1.8301224740804922
59.950000000000024,robot1,robot3,1.7858591550612972
59.950000000000024,robot1,robot4,3.5192746472959815
59.950000000000024,robot2,robot3,1.850482927908347
59.950000000000024,robot2,robot4,1.8004660524606533
59.950000000000024,robot3,robot4,2.6594838477052276
60.00000000000002,robot1,robot2,1.8314353308465474
60.00000000000002,robot1,robot3,1.7861441300236667
60.00000000000002,robot1,robot4,3.52030837775116
60.00000000000002,robot2,robot3,1.8499451050031184
60.00000000000002,robot2,robot4,1.7994283822819952
60.00000000000002,robot3,robot4,2.6605477702490146
60.05000000000002,robot1,robot2,1.833047820231718
60.05000000000002,robot1,robot3,1.7869185529984295
60.05000000000002,robot1,robot4,3.5215409661790114
60.05000000000002,robot2,robot3,1.8490500393908351
60.05000000000002,robot2,robot4,1.7980340716747416
60.05000000000002,robot3,robot4,2.6614049894033416
60.10000000000002,robot1,robot2,1.8346658407508443
60.10000000000002,robot1,robot3,1.787693218789511
60.10000000000002,robot1,robot4,3.5227740963230953
60.10000000000002,robot2,robot3,1.8481589311095512
60.10000000000002,robot2,robot4,1.796640324649594
60.10000000000002,robot3,robot4,2.6622625183788697
60.15000000000002,robot1,robot2,1.836278654107609
60.15000000000002,robot1,robot3,1.7889762304248207
60.15000000000002,robot1,robot4,3.524026176921541
60.15000000000002,robot2,robot3,1.847199222716989
60.15000000000002,robot2,robot4,1.7952501237535117
60.15000000000002,robot3,robot4,2.6627187544179822
60.200000000000024,robot1,robot2,1.8378970502106482
60.200000000000024,robot1,robot3,1.790259298743621
60.200000000000024,robot1,robot4,3.525278755905128
60.200000000000024,robot2,robot3,1.8462419041460947
60.200000000000024,robot2,robot4,1.7938605866936814
60.200000000000024,robot3,robot4,2.663175066363081
60.25000000000002,robot1,robot2,1.8394142434990688
60.25000000000002,robot1,robot3,1.791465308331284
60.25000000000002,robot1,robot4,3.5264752551413507
60.25000000000002,robot2,robot3,1.8452113464064892
60.25000000000002,robot2,robot4,1.7924910901884559
60.25000000000002,robot3,robot4,2.663661463865341
60.30000000000002,robot1,robot2,1.840936984908501
60.30000000000002,robot1,robot3,1.7926713814863007
60.30000000000002,robot1,robot4,3.527672188725166
60.30000000000002,robot2,robot3,1.8441831524889272
60.30000000000002,robot2,robot4,1.7911224133087602
60.30000000000002,robot3,robot4,2.6641479266108705
60.35000000000002,robot1,robot2,1.842363767039507
60.35000000000002,robot1,robot3,1.7940835310388987
60.35000000000002,robot1,robot4,3.52892519218717
60.35000000000002,robot2,robot3,1.8430611441851295
60.35000000000002,robot2,robot4,1.7898077908041543
60.35000000000002,robot3,robot4,2.6646645042864687
60.40000000000002,robot1,robot2,1.8437973006824806
60.40000000000002,robot1,robot3,1.7954958210421996
60.40000000000002,robot1,robot4,3.5301788379267705
60.40000000000002,robot2,robot3,1.8419414894377073
60.40000000000002,robot2,robot4,1.7884941316677554
60.40000000000002,robot3,robot4,2.665181154652344
60.450000000000024,robot1,robot2,1.8449768963194368
60.450000000000024,robot1,robot3,1.7971002782433296
60.450000000000024,robot1,robot4,3.5313657280105177
60.450000000000024,robot2,robot3,1.840781916629248
60.450000000000024,robot2,robot4,1.7872847289182126
60.450000000000024,robot3,robot4,2.665729997423314
60.50000000000002,robot1,robot2,1.8461643124884637
60.50000000000002,robot1,robot3,1.798705067475211
60.50000000000002,robot1,robot4,3.532553504136208
60.50000000000002,robot2,robot3,1.8396244580688195
60.50000000000002,robot2,robot4,1.7860764349570817
60.50000000000002,robot3,robot4,2.66627889681181
60.55000000000002,robot1,robot2,1.8470792872229391
60.55000000000002,robot1,robot3,1.8004761516227454
60.55000000000002,robot1,robot4,3.533634976830799
60.55000000000002,robot2,robot3,1.8383975692314891
60.55000000000002,robot2,robot4,1.784948883183493
60.55000000000002,robot3,robot4,2.6668321617138284
60.60000000000002,robot1,robot2,1.848003433715966
60.60000000000002,robot1,robot3,1.8022478822137655
60.60000000000002,robot1,robot4,3.5347176999501677
60.60000000000002,robot2,robot3,1.837172662895352
60.60000000000002,robot2,robot4,1.783822547849701
60.60000000000002,robot3,robot4,2.6673854851485195
60.65000000000002,robot1,robot2,1.84864987728538
60.65000000000002,robot1,robot3,1.8041589651823928
60.65000000000002,robot1,robot4,3.5357078318249453
60.65000000000002,robot2,robot3,1.8358829943815178
60.65000000000002,robot2,robot4,1.7828057264274475
60.65000000000002,robot3,robot4,2.6679669528516
60.700000000000024,robot1,robot2,1.849306522047927
60.700000000000024,robot1,robot3,1.806071013111058
60.700000000000024,robot1,robot4,3.5366994536403578
60.700000000000024,robot2,robot3,1.8345950577151888
60.700000000000024,robot2,robot4,1.781790338794382
60.700000000000024,robot3,robot4,2.6685484608715653
60.75000000000002,robot1,robot2,1.8495784160827706
60.75000000000002,robot1,robot3,1.808175930240474
60.75000000000002,robot1,robot4,3.5375070716071364
60.75000000000002,robot2,robot3,1.8330342573888923
60.75000000000002,robot2,robot4,1.7809256187551032
60.75000000000002,robot3,robot4,2.6688002152372703
60.80000000000002,robot1,robot2,1.8498609308356126
60.80000000000002,robot1,robot3,1.8102816721085155
60.80000000000002,robot1,robot4,3.538316265640764
60.80000000000002,robot2,robot3,1.8314743525378665
60.80000000000002,robot2,robot4,1.7800626164879703
60.80000000000002,robot3,robot4,2.6690519756966142
60.85000000000002,robot1,robot2,1.8497613554393983
60.85000000000002,robot1,robot3,1.8124089440678819
60.85000000000002,robot1,robot4,3.538963513986122
60.85000000000002,robot2,robot3,1.8298149299058215
60.85000000000002,robot2,robot4,1.7794054383956455
60.85000000000002,robot3,robot4,2.6692394084724302
60.90000000000002,robot1,robot2,1.8496724341407047
60.90000000000002,robot1,robot3,1.8145371941586104
60.90000000000002,robot1,robot4,3.5396124137676432
60.90000000000002,robot2,robot3,1.8281560402725465
60.90000000000002,robot2,robot4,1.7787501534577586
60.90000000000002,robot3,robot4,2.6694268422050826
60.950000000000024,robot1,robot2,1.849226696721159
60.950000000000024,robot1,robot3,1.8162284098495165
60.950000000000024,robot1,robot4,3.540020771789094
60.950000000000024,robot2,robot3,1.8264402919639193
60.950000000000024,robot2,robot4,1.7783073045323183
60.950000000000024,robot3,robot4,2.6696253974773785
61.00000000000002,robot1,robot2,1.8487894202956159
61.00000000000002,robot1,robot3,1.8179204788320642
61.00000000000002,robot1,robot4,3.5404302632421674
61.00000000000002,robot2,robot3,1.824724866933094
61.00000000000002,robot2,robot4,1.7778664956700208
61.00000000000002,robot3,robot4,2.669823952857192
61.05000000000002,robot1,robot2,1.8479269962068983
61.05000000000002,robot1,robot3,1.8189021111765475
61.05000000000002,robot1,robot4,3.5404551497922205
61.05000000000002,robot2,robot3,1.8230056387576667
61.05000000000002,robot2,robot4,1.777626861555878
61.05000000000002,robot3,robot4,2.6700533379423814
61.10000000000002,robot1,robot2,1.847070080312601
61.10000000000002,robot1,robot3,1.819884445667087
61.10000000000002,robot1,robot4,3.540480561174147
61.10000000000002,robot2,robot3,1.8212865910737384
61.10000000000002,robot2,robot4,1.7773893264408898
61.10000000000002,robot3,robot4,2.6702827230727837
61.15000000000002,robot1,robot2,1.8459288552604751
61.15000000000002,robot1,robot3,1.820707831066259
61.15000000000002,robot1,robot4,3.5404103388077774
61.15000000000002,robot2,robot3,1.8198465905982977
61.15000000000002,robot2,robot4,1.7773396484325246
61.15000000000002,robot3,robot4,2.6709883913721906
61.200000000000024,robot1,robot2,1.8447931813005483
61.200000000000024,robot1,robot3,1.821532826106903
61.200000000000024,robot1,robot4,3.540340711812918
61.200000000000024,robot2,robot3,1.818406900678173
61.200000000000024,robot2,robot4,1.7772921146195972
61.200000000000024,robot3,robot4,2.671694060541551
61.25000000000002,robot1,robot2,1.8434046036994287
61.25000000000002,robot1,robot3,1.8222605892168664
61.25000000000002,robot1,robot4,3.540134410953382
61.25000000000002,robot2,robot3,1.8169919387537876
61.25000000000002,robot2,robot4,1.7773879083932411
61.25000000000002,robot3,robot4,2.6724359063205334
61.30000000000002,robot1,robot2,1.8420212794672044
61.30000000000002,robot1,robot3,1.8229902317897926
61.30000000000002,robot1,robot4,3.539928710974417
61.30000000000002,robot2,robot3,1.8155772004453563
61.30000000000002,robot2,robot4,1.7774858147712458
61.30000000000002,robot3,robot4,2.673177753094994
61.35000000000002,robot1,robot2,1.8403697566932702
61.35000000000002,robot1,robot3,1.823587577097204
61.35000000000002,robot1,robot4,3.5395653403213223
61.35000000000002,robot2,robot3,1.814177566660165
61.35000000000002,robot2,robot4,1.7777280045449164
61.35000000000002,robot3,robot4,2.6739428581297786
61.40000000000002,robot1,robot2,1.8387230032315898
61.40000000000002,robot1,robot3,1.8241869992569295
61.40000000000002,robot1,robot4,3.5392025118657733
61.40000000000002,robot2,robot3,1.8127780646910414
61.40000000000002,robot2,robot4,1.7779723247907993
61.40000000000002,robot3,robot4,2.674707963303097
61.450000000000024,robot1,robot2,1.8368587233892666
61.450000000000024,robot1,robot3,1.8247168160162557
61.450000000000024,robot1,robot4,3.538660699054269
61.450000000000024,robot2,robot3,1.8115101429153655
61.450000000000024,robot2,robot4,1.7783180025406031
61.450000000000024,robot3,robot4,2.675471886815717
61.50000000000002,robot1,robot2,1.834998661262726
61.50000000000002,robot1,robot3,1.8252490038928937
61.50000000000002,robot1,robot4,3.53811941859542
61.50000000000002,robot2,robot3,1.8102422826063915
61.50000000000002,robot2,robot4,1.7786655866086802
61.50000000000002,robot3,robot4,2.6762358109467863
61.55000000000002,robot1,robot2,1.832715445377227
61.55000000000002,robot1,robot3,1.8258439800922888
61.55000000000002,robot1,robot4,3.537277034769329
61.55000000000002,robot2,robot3,1.8090870444548814
61.55000000000002,robot2,robot4,1.7790906925368506
61.55000000000002,robot3,robot4,2.677112155822063
61.60000000000002,robot1,robot2,1.8304372174704588
61.60000000000002,robot1,robot3,1.8264428058959308
61.60000000000002,robot1,robot4,3.5364354869048573
61.60000000000002,robot2,robot3,1.8079318589509943
61.60000000000002,robot2,robot4,1.7795176678001827
61.60000000000002,robot3,robot4,2.677988502574461
61.65000000000002,robot1,robot2,1.8278940978074323
61.65000000000002,robot1,robot3,1.8271867669538469
61.65000000000002,robot1,robot4,3.5357636757149082
61.65000000000002,robot2,robot3,1.8070053371788912
61.65000000000002,robot2,robot4,1.7803524185110797
61.65000000000002,robot3,robot4,2.679330970374181
61.700000000000024,robot1,robot2,1.825356686969973
61.700000000000024,robot1,robot3,1.8279362778401225
61.700000000000024,robot1,robot4,3.535093072044921
61.700000000000024,robot2,robot3,1.8060788701255541
61.700000000000024,robot2,robot4,1.781189003267761
61.700000000000024,robot3,robot4,2.6806734397967986
61.75000000000002,robot1,robot2,1.822757390986043
61.75000000000002,robot1,robot3,1.828629698968739
61.75000000000002,robot1,robot4,3.5345315758698845
61.75000000000002,robot2,robot3,1.8051435230635398
61.75000000000002,robot2,robot4,1.7822155734709821
61.75000000000002,robot3,robot4,2.682132202300486
61.80000000000002,robot1,robot2,1.8201635223476478
61.80000000000002,robot1,robot3,1.8293285494109586
61.80000000000002,robot1,robot4,3.533971195139683
61.80000000000002,robot2,robot3,1.8042082100159613
61.80000000000002,robot2,robot4,1.783244055746717
61.80000000000002,robot3,robot4,2.683590969899288
61.85000000000002,robot1,robot2,1.8175079236395355
61.85000000000002,robot1,robot3,1.8300372679443582
61.85000000000002,robot1,robot4,3.5334065714470215
61.85000000000002,robot2,robot3,1.8032860144575649
61.85000000000002,robot2,robot4,1.7843309801330305
61.85000000000002,robot3,robot4,2.685094616002806
61.90000000000002,robot1,robot2,1.814857662433337
61.90000000000002,robot1,robot3,1.830751440004077
61.90000000000002,robot1,robot4,3.532842977640104
61.90000000000002,robot2,robot3,1.8023638352175175
61.90000000000002,robot2,robot4,1.7854199465923979
61.90000000000002,robot3,robot4,2.686598262700622
61.950000000000024,robot1,robot2,1.8121338982925614
61.950000000000024,robot1,robot3,1.831441801154558
61.950000000000024,robot1,robot4,3.5322596520531295
61.950000000000024,robot2,robot3,1.8014551219009727
61.950000000000024,robot2,robot4,1.786567907567608
61.950000000000024,robot3,robot4,2.688153956970518
62.00000000000002,robot1,robot2,1.8094153153737247
62.00000000000002,robot1,robot3,1.8321376611363027
62.00000000000002,robot1,robot4,3.5316772583022074
62.00000000000002,robot2,robot3,1.800546415008788
62.00000000000002,robot2,robot4,1.7877180389781833
62.00000000000002,robot3,robot4,2.6897096514927044
62.050000000000026,robot1,robot2,1.8067822180424085
62.050000000000026,robot1,robot3,1.832734348695959
62.050000000000026,robot1,robot4,3.5311590859873823
62.050000000000026,robot2,robot3,1.7996733440808772
62.050000000000026,robot2,robot4,1.7889056463438766
62.050000000000026,robot3,robot4,2.691267775381382
62.10000000000002,robot1,robot2,1.8041534404617574
62.10000000000002,robot1,robot3,1.8333357699805022
62.10000000000002,robot1,robot4,3.530641568788596
62.10000000000002,robot2,robot3,1.798800273357773
62.10000000000002,robot2,robot4,1.7900954408310195
62.10000000000002,robot3,robot4,2.692825903063918
62.15000000000002,robot1,robot2,1.801682179326378
62.15000000000002,robot1,robot3,1.833926323951565
62.15000000000002,robot1,robot4,3.5302880281701166
62.15000000000002,robot2,robot3,1.797920299036153
62.15000000000002,robot2,robot4,1.7913195181408872
62.15000000000002,robot3,robot4,2.694405609416528
62.200000000000024,robot1,robot2,1.799214755456668
62.200000000000024,robot1,robot3,1.8345208057877134
62.200000000000024,robot1,robot4,3.5299349373212245
62.200000000000024,robot2,robot3,1.7970403259863148
62.200000000000024,robot2,robot4,1.7925459327476103
62.200000000000024,robot3,robot4,2.6959853276019516
62.25000000000002,robot1,robot2,1.797242430644026
62.25000000000002,robot1,robot3,1.835130600519007
62.25000000000002,robot1,robot4,3.5295739721023693
62.25000000000002,robot2,robot3,1.7973855750728611
62.25000000000002,robot2,robot4,1.7934161557996655
62.25000000000002,robot3,robot4,2.6983814149599485
62.300000000000026,robot1,robot2,1.79527302937464
62.300000000000026,robot1,robot3,1.8357469773443726
62.300000000000026,robot1,robot4,3.5292133957142626
62.300000000000026,robot2,robot3,1.7977310341775263
62.300000000000026,robot2,robot4,1.794287862829429
62.300000000000026,robot3,robot4,2.700777566181266
62.35000000000002,robot1,robot2,1.7937776700952928
62.35000000000002,robot1,robot3,1.8363719597582215
62.35000000000002,robot1,robot4,3.528611599328268
62.35000000000002,robot2,robot3,1.7972913885191935
62.35000000000002,robot2,robot4,1.794631124476699
62.35000000000002,robot3,robot4,2.7013906244083348
62.40000000000002,robot1,robot2,1.7922843985735075
62.40000000000002,robot1,robot3,1.8369989609213178
62.40000000000002,robot1,robot4,3.5280102624461
62.40000000000002,robot2,robot3,1.7968517448381767
62.40000000000002,robot2,robot4,1.7949749213548918
62.40000000000002,robot3,robot4,2.7020036940605765
62.450000000000024,robot1,robot2,1.7914335875990488
62.450000000000024,robot1,robot3,1.8375771700794639
62.450000000000024,robot1,robot4,3.5274203392764587
62.450000000000024,robot2,robot3,1.7967900345800702
62.450000000000024,robot2,robot4,1.7949911056682841
62.450000000000024,robot3,robot4,2.7020106749576325
62.50000000000002,robot1,robot2,1.7905836009441165
62.50000000000002,robot1,robot3,1.8381562975614996
62.50000000000002,robot1,robot4,3.526830889137725
62.50000000000002,robot2,robot3,1.7967283243231298
62.50000000000002,robot2,robot4,1.7950072920637397
62.50000000000002,robot3,robot4,2.702017655869962
62.550000000000026,robot1,robot2,1.789818931537838
62.550000000000026,robot1,robot3,1.8387098712456653
62.550000000000026,robot1,robot4,3.5262960448330194
62.550000000000026,robot2,robot3,1.7976754349887527
62.550000000000026,robot2,robot4,1.7950080965645392
62.550000000000026,robot3,robot4,2.703174696450685
62.60000000000002,robot1,robot2,1.7890550841785164
62.60000000000002,robot1,robot3,1.8392666852514894
62.60000000000002,robot1,robot4,3.5257617122505596
62.60000000000002,robot2,robot3,1.798622807478267
62.60000000000002,robot2,robot4,1.795008901152582
62.60000000000002,robot3,robot4,2.7043317405155762
62.65000000000002,robot1,robot2,1.788333322962822
62.65000000000002,robot1,robot3,1.840004597902204
62.65000000000002,robot1,robot4,3.525579344641707
62.65000000000002,robot2,robot3,1.800868010331963
62.65000000000002,robot2,robot4,1.7952595391581967
62.65000000000002,robot3,robot4,2.707289461775838
62.700000000000024,robot1,robot2,1.787612450094259
62.700000000000024,robot1,robot3,1.8407506610796047
62.700000000000024,robot1,robot4,3.525397329454511
62.700000000000024,robot2,robot3,1.803114199557256
62.700000000000024,robot2,robot4,1.7955102288199307
62.700000000000024,robot3,robot4,2.710247288763519
62.75000000000002,robot1,robot2,1.7869891270016864
62.75000000000002,robot1,robot3,1.84162465444577
62.75000000000002,robot1,robot4,3.525617819309688
62.75000000000002,robot2,robot3,1.8053253353911738
62.75000000000002,robot2,robot4,1.7960049869143602
62.75000000000002,robot3,robot4,2.713540701542637
62.800000000000026,robot1,robot2,1.7863667226594317
62.800000000000026,robot1,robot3,1.8425061669033842
62.800000000000026,robot1,robot4,3.525838495189619
62.800000000000026,robot2,robot3,1.8075373293417774
62.800000000000026,robot2,robot4,1.796499988040078
62.800000000000026,robot3,robot4,2.716834285332841
62.85000000000002,robot1,robot2,1.78587085361806
62.85000000000002,robot1,robot3,1.8430503806934446
62.85000000000002,robot1,robot4,3.526153319630331
62.85000000000002,robot2,robot3,1.809601879829443
62.85000000000002,robot2,robot4,1.7970327802910278
62.85000000000002,robot3,robot4,2.7200493214344954
62.90000000000002,robot1,robot2,1.7853755075347593
62.90000000000002,robot1,robot3,1.8436007171847162
62.90000000000002,robot1,robot4,3.52646822731086
62.90000000000002,robot2,robot3,1.811667377482137
62.90000000000002,robot2,robot4,1.7975657735398725
62.90000000000002,robot3,robot4,2.7232644360922804
62.950000000000024,robot1,robot2,1.7850981033464939
62.950000000000024,robot1,robot3,1.8437525049643324
62.950000000000024,robot1,robot4,3.5269206886539495
62.950000000000024,robot2,robot3,1.8136187390543261
62.950000000000024,robot2,robot4,1.7981302476051342
62.950000000000024,robot3,robot4,2.7263615828368235
63.00000000000002,robot1,robot2,1.784820777710748
63.00000000000002,robot1,robot3,1.8439083584671447
63.00000000000002,robot1,robot4,3.527373151051643
63.00000000000002,robot2,robot3,1.8155709437014582
63.00000000000002,robot2,robot4,1.798694913409164
63.00000000000002,robot3,robot4,2.7294587906845207
63.050000000000026,robot1,robot2,1.7845140845088614
63.050000000000026,robot1,robot3,1.8439572655029863
63.050000000000026,robot1,robot4,3.5275897513489647
63.050000000000026,robot2,robot3,1.817371602204748
63.050000000000026,robot2,robot4,1.7990907360036765
63.050000000000026,robot3,robot4,2.7321738431273013
63.10000000000002,robot1,robot2,1.7842074663833238
63.10000000000002,robot1,robot3,1.8440099365377618
63.10000000000002,robot1,robot4,3.527806356063921
63.10000000000002,robot2,robot3,1.8191731126915882
63.10000000000002,robot2,robot4,1.799486632544126
63.10000000000002,robot3,robot4,2.7348889174072513
63.15000000000002,robot1,robot2,1.7838665993984104
63.15000000000002,robot1,robot3,1.8440040980922465
63.15000000000002,robot1,robot4,3.527903039274074
63.15000000000002,robot2,robot3,1.8209763577601035
63.15000000000002,robot2,robot4,1.7998171887444567
63.15000000000002,robot3,robot4,2.7375086245510265
63.200000000000024,robot1,robot2,1.7835258011660498
63.200000000000024,robot1,robot3,1.8440021450708781
63.200000000000024,robot1,robot4,3.5279997350113277
63.200000000000024,robot2,robot3,1.822780501584599
63.200000000000024,robot2,robot4,1.8001477814848978
63.200000000000024,robot3,robot4,2.7401283432193475
63.25000000000002,robot1,robot2,1.7831526433977123
63.25000000000002,robot1,robot3,1.8438753190485115
63.25000000000002,robot1,robot4,3.528073707813408
63.25000000000002,robot2,robot3,1.8245164346731717
63.25000000000002,robot2,robot4,1.8004905486430638
63.25000000000002,robot3,robot4,2.7427525512675226
63.300000000000026,robot1,robot2,1.7827795426944968
63.300000000000026,robot1,robot3,1.8437523336383874
63.300000000000026,robot1,robot4,3.5281476889655567
63.300000000000026,robot2,robot3,1.826253343742046
63.300000000000026,robot2,robot4,1.800833356938115
63.300000000000026,robot3,robot4,2.7453767624353507
63.35000000000002,robot1,robot2,1.782387751046612
63.35000000000002,robot1,robot3,1.8435420546959322
63.35000000000002,robot1,robot4,3.5281984388573226
63.35000000000002,robot2,robot3,1.827989092986198
63.35000000000002,robot2,robot4,1.80118448319467
63.35000000000002,robot3,robot4,2.7480184279955724
63.40000000000002,robot1,robot2,1.7819959975381539
63.40000000000002,robot1,robot3,1.8433356308890139
63.40000000000002,robot1,robot4,3.5282491938325444
63.40000000000002,robot2,robot3,1.8297258647144392
63.40000000000002,robot2,robot4,1.8015356460625473
63.40000000000002,robot3,robot4,2.750660094365897
63.450000000000024,robot1,robot2,1.7816513865951018
63.450000000000024,robot1,robot3,1.8430075346566004
63.450000000000024,robot1,robot4,3.5283330753744044
63.450000000000024,robot2,robot3,1.8313996309678706
63.450000000000024,robot2,robot4,1.8018934325146012
63.450000000000024,robot3,robot4,2.753270758389012
63.50000000000002,robot1,robot2,1.781306794678839
63.50000000000002,robot1,robot3,1.8426830038433089
63.50000000000002,robot1,robot4,3.5284169590443812
63.50000000000002,robot2,robot3,1.8330744995798733
63.50000000000002,robot2,robot4,1.8022512460156603
63.50000000000002,robot3,robot4,2.755881424121329
63.550000000000026,robot1,robot2,1.781024660030989
63.550000000000026,robot1,robot3,1.8423296417191466
63.550000000000026,robot1,robot4,3.528554462024641
63.550000000000026,robot2,robot3,1.834741551649306
63.550000000000026,robot2,robot4,1.8025932884215734
63.550000000000026,robot3,robot4,2.758546884206431
63.60000000000002,robot1,robot2,1.7807425530168588
63.60000000000002,robot1,robot3,1.8419798858937084
63.60000000000002,robot1,robot4,3.5286919680584194
63.60000000000002,robot2,robot3,1.8364098721505508
63.60000000000002,robot2,robot4,1.802935359408373
63.60000000000002,robot3,robot4,2.761212351495807
63.65000000000002,robot1,robot2,1.7806626716456575
63.65000000000002,robot1,robot3,1.8415052340751707
63.65000000000002,robot1,robot4,3.529014394236017
63.65000000000002,robot2,robot3,1.8375203507792783
63.65000000000002,robot2,robot4,1.8032761569826878
63.65000000000002,robot3,robot4,2.7633470459600717
63.700000000000024,robot1,robot2,1.7805828002746742
63.700000000000024,robot1,robot3,1.8410323266607782
63.700000000000024,robot1,robot4,3.52933682074409
63.700000000000024,robot2,robot3,1.8386318187141222
63.700000000000024,robot2,robot4,1.8036169871061871
63.700000000000024,robot3,robot4,2.7654817860810446
63.75000000000002,robot1,robot2,1.781083315137518
63.75000000000002,robot1,robot3,1.8403468881899
63.75000000000002,robot1,robot4,3.5298395586781277
63.75000000000002,robot2,robot3,1.8391525521170073
63.75000000000002,robot2,robot4,1.8033794849094433
63.75000000000002,robot3,robot4,2.767543147352224
63.800000000000026,robot1,robot2,1.7815840726648295
63.800000000000026,robot1,robot3,1.839662575297165
63.800000000000026,robot1,robot4,3.5303423095875566
63.800000000000026,robot2,robot3,1.8396756858343266
63.800000000000026,robot2,robot4,1.803142289534855
63.800000000000026,robot3,robot4,2.7696046198511812
63.85000000000002,robot1,robot2,1.7819812275771176
63.85000000000002,robot1,robot3,1.8387808720873997
63.85000000000002,robot1,robot4,3.5308735413821464
63.85000000000002,robot2,robot3,1.8398930815298074
63.85000000000002,robot2,robot4,1.803003769571281
63.85000000000002,robot3,robot4,2.7716216035110217
63.90000000000002,robot1,robot2,1.782378687247466
63.90000000000002,robot1,robot3,1.837900149613411
63.90000000000002,robot1,robot4,3.5314047861747597
63.90000000000002,robot2,robot3,1.8401130232627019
63.90000000000002,robot2,robot4,1.8028656595819887
63.90000000000002,robot3,robot4,2.7736388057331847
63.950000000000024,robot1,robot2,1.782495493700475
63.950000000000024,robot1,robot3,1.836830788789552
63.950000000000024,robot1,robot4,3.5318972550193544
63.950000000000024,robot2,robot3,1.8403596481327367
63.950000000000024,robot2,robot4,1.8030916602403357
63.950000000000024,robot3,robot4,2.7755402412291748
64.00000000000001,robot1,robot2,1.7826123506595595
64.00000000000001,robot1,robot3,1.8357622148769703
64.00000000000001,robot1,robot4,3.5323897454155593
64.00000000000001,robot2,robot3,1.8406080173143875
64.00000000000001,robot2,robot4,1.8033178597288386
64.00000000000001,robot3,robot4,2.7774419760299227
64.05000000000003,robot1,robot2,1.7826401840756452
64.05000000000003,robot1,robot3,1.834534282782758
64.05000000000003,robot1,robot4,3.5328076223113256
64.05000000000003,robot2,robot3,1.8407089668485077
64.05000000000003,robot2,robot4,1.8036079020292217
64.05000000000003,robot3,robot4,2.779116796518501
64.10000000000002,robot1,robot2,1.7826680320657011
64.10000000000002,robot1,robot3,1.833306935752166
64.10000000000002,robot1,robot4,3.5332255153393475
64.10000000000002,robot2,robot3,1.8408114733290857
64.10000000000002,robot2,robot4,1.8038980560469595
64.10000000000002,robot3,robot4,2.7807920406046196
64.15000000000002,robot1,robot2,1.7826769359758514
64.15000000000002,robot1,robot3,1.831519329767638
64.15000000000002,robot1,robot4,3.533478307028713
64.15000000000002,robot2,robot3,1.8408308713635944
64.15000000000002,robot2,robot4,1.80404518104377
64.15000000000002,robot3,robot4,2.7826554035920443
64.20000000000002,robot1,robot2,1.7826858548886282
64.20000000000002,robot1,robot3,1.8297326474261202
64.20000000000002,robot1,robot4,3.5337311129123847
64.20000000000002,robot2,robot3,1.8408531241554824
64.20000000000002,robot2,robot4,1.8041924013654973
64.20000000000002,robot3,robot4,2.7845196089857227
64.25000000000001,robot1,robot2,1.7826703037742284
64.25000000000001,robot1,robot3,1.8277192315610178
64.25000000000001,robot1,robot4,3.533974714217866
64.25000000000001,robot2,robot3,1.8407982850628963
64.25000000000001,robot2,robot4,1.8043485361363114
64.25000000000001,robot3,robot4,2.786484079329048
64.30000000000001,robot1,robot2,1.7826547691984558
64.30000000000001,robot1,robot3,1.825706847315033
64.30000000000001,robot1,robot4,3.534218331542351
64.30000000000001,robot2,robot3,1.840746855624912
64.30000000000001,robot2,robot4,1.8045047795802591
64.30000000000001,robot3,robot4,2.7884496214780365
64.35000000000002,robot1,robot2,1.7825359091193647
64.35000000000002,robot1,robot3,1.823655489352703
64.35000000000002,robot1,robot4,3.5344378581077085
64.35000000000002,robot2,robot3,1.8403712311586078
64.35000000000002,robot2,robot4,1.8046722129575223
64.35000000000002,robot3,robot4,2.7902910782216352
64.40000000000002,robot1,robot2,1.7824171159798707
64.40000000000002,robot1,robot3,1.8216049925282916
64.40000000000002,robot1,robot4,3.5346574039635015
64.40000000000002,robot2,robot3,1.8399989233567497
64.40000000000002,robot2,robot4,1.8048398876188436
64.40000000000002,robot3,robot4,2.7921336321992185
64.45000000000002,robot1,robot2,1.782055945458293
64.45000000000002,robot1,robot3,1.8195774417419002
64.45000000000002,robot1,robot4,3.5348345972655144
64.45000000000002,robot2,robot3,1.8387268977113618
64.45000000000002,robot2,robot4,1.8049081296128342
64.45000000000002,robot3,robot4,2.7938765045365286
64.50000000000001,robot1,robot2,1.781695570572313
64.50000000000001,robot1,robot3,1.8175506625885285
64.50000000000001,robot1,robot4,3.535011812543347
64.50000000000001,robot2,robot3,1.8374586158934298
64.50000000000001,robot2,robot4,1.8049776982960206
64.50000000000001,robot3,robot4,2.795620409375529
64.55000000000001,robot1,robot2,1.7812256971025597
64.55000000000001,robot1,robot3,1.8156631613155145
64.55000000000001,robot1,robot4,3.5351818889444715
64.55000000000001,robot2,robot3,1.8361145823347325
64.55000000000001,robot2,robot4,1.8051541067350731
64.55000000000001,robot3,robot4,2.7972012112837454
64.60000000000002,robot1,robot2,1.780756539288007
64.60000000000002,robot1,robot3,1.8137762215623503
64.60000000000002,robot1,robot4,3.5353520002037984
64.60000000000002,robot2,robot3,1.8347734033999943
64.60000000000002,robot2,robot4,1.8053319252359108
64.60000000000002,robot3,robot4,2.7987828362665095
64.65000000000002,robot1,robot2,1.7802058315958857
64.65000000000002,robot1,robot3,1.811876988381523
64.65000000000002,robot1,robot4,3.535545921191945
64.65000000000002,robot2,robot3,1.83344943459112
64.65000000000002,robot2,robot4,1.805610394073151
64.65000000000002,robot3,robot4,2.8004653776939477
64.70000000000002,robot1,robot2,1.7796557933468482
64.70000000000002,robot1,robot3,1.8099783590278087
64.70000000000002,robot1,robot4,3.535739896390712
64.70000000000002,robot2,robot3,1.8321281811953
64.70000000000002,robot2,robot4,1.8058904183366167
64.70000000000002,robot3,robot4,2.802148681396118
64.75000000000001,robot1,robot2,1.7796560089011584
64.75000000000001,robot1,robot3,1.8091047760456687
64.75000000000001,robot1,robot4,3.5367388212138664
64.75000000000001,robot2,robot3,1.8306940733886283
64.75000000000001,robot2,robot4,1.8062882206138227
64.75000000000001,robot3,robot4,2.8038032953601615
64.80000000000001,robot1,robot2,1.7796582337170808
64.80000000000001,robot1,robot3,1.8082315260170638
64.80000000000001,robot1,robot4,3.537737755649223
64.80000000000001,robot2,robot3,1.829262358654165
64.80000000000001,robot2,robot4,1.8066877559669796
64.80000000000001,robot3,robot4,2.8054586339990832
64.85000000000002,robot1,robot2,1.7798469399255938
64.85000000000002,robot1,robot3,1.807404877636787
64.85000000000002,robot1,robot4,3.538930924170639
64.85000000000002,robot2,robot3,1.8277419733680265
64.85000000000002,robot2,robot4,1.8070749476275878
64.85000000000002,robot3,robot4,2.8071328269456726
64.90000000000002,robot1,robot2,1.7800379640695871
64.90000000000002,robot1,robot3,1.8065784825689137
64.90000000000002,robot1,robot4,3.5401241134351493
64.90000000000002,robot2,robot3,1.8262243201096622
64.90000000000002,robot2,robot4,1.807463907966076
64.90000000000002,robot3,robot4,2.8088078917989394
64.95000000000002,robot1,robot2,1.7803383608528607
64.95000000000002,robot1,robot3,1.805611350324662
64.95000000000002,robot1,robot4,3.5413446255800918
64.95000000000002,robot2,robot3,1.8247597527259578
64.95000000000002,robot2,robot4,1.8078107065686522
64.95000000000002,robot3,robot4,2.810511060338716
65.00000000000001,robot1,robot2,1.7806406937279629
65.00000000000001,robot1,robot3,1.8046444061083056
65.00000000000001,robot1,robot4,3.5425651415330393
65.00000000000001,robot2,robot3,1.8232981243411617
65.00000000000001,robot2,robot4,1.8081591893981568
65.00000000000001,robot3,robot4,2.812215134542342
65.05000000000001,robot1,robot2,1.7810329001319012
65.05000000000001,robot1,robot3,1.8036138676239015
65.05000000000001,robot1,robot4,3.5438318366376036
65.05000000000001,robot2,robot3,1.821887032889251
65.05000000000001,robot2,robot4,1.8084912986390063
65.05000000000001,robot3,robot4,2.813947834793851
65.10000000000002,robot1,robot2,1.7814267363102534
65.10000000000002,robot1,robot3,1.8025834526326368
65.10000000000002,robot1,robot4,3.5450985327973616
65.10000000000002,robot2,robot3,1.8204788874892226
65.10000000000002,robot2,robot4,1.8088251098215662
65.10000000000002,robot3,robot4,2.8156813801637797
65.15000000000002,robot1,robot2,1.7818826878111957
65.15000000000002,robot1,robot3,1.8014866186604046
65.15000000000002,robot1,robot4,3.546366785164925
65.15000000000002,robot2,robot3,1.8191522342196234
65.15000000000002,robot2,robot4,1.8091287794447501
65.15000000000002,robot3,robot4,2.817443968936118
65.20000000000002,robot1,robot2,1.7823399613996205
65.20000000000002,robot1,robot3,1.8003898730077883
65.20000000000002,robot1,robot4,3.547635053920006
65.20000000000002,robot2,robot3,1.8178285086786925
65.20000000000002,robot2,robot4,1.809434148087186
65.20000000000002,robot3,robot4,2.819207315815033
65.25000000000001,robot1,robot2,1.78328383641486
65.25000000000001,robot1,robot3,1.7997937176330097
65.25000000000001,robot1,robot4,3.5493966322034227
65.25000000000001,robot2,robot3,1.8164617162712922
65.25000000000001,robot2,robot4,1.8096963447629826
65.25000000000001,robot3,robot4,2.8209280679009265
65.30000000000001,robot1,robot2,1.7842292954752206
65.30000000000001,robot1,robot3,1.7991975666685414
65.30000000000001,robot1,robot4,3.551158256800449
65.30000000000001,robot2,robot3,1.8150974083640798
65.30000000000001,robot2,robot4,1.8099607120736076
65.30000000000001,robot3,robot4,2.822649278142788
65.35000000000002,robot1,robot2,1.7862919420638537
65.35000000000002,robot1,robot3,1.7995466169010461
65.35000000000002,robot1,robot4,3.55406333316716
65.35000000000002,robot2,robot3,1.8137832406895396
65.35000000000002,robot2,robot4,1.8101922927364653
65.35000000000002,robot3,robot4,2.8244187397351785
65.40000000000002,robot1,robot2,1.788356847316833
65.40000000000002,robot1,robot3,1.7998961308792238
65.40000000000002,robot1,robot4,3.556968458574943
65.40000000000002,robot2,robot3,1.8124713331175748
65.40000000000002,robot2,robot4,1.810426413577752
65.40000000000002,robot3,robot4,2.826188473484563
65.45000000000002,robot1,robot2,1.7903876938133407
65.45000000000002,robot1,robot3,1.8002983655630531
65.45000000000002,robot1,robot4,3.559745534249781
65.45000000000002,robot2,robot3,1.8112965290871752
65.45000000000002,robot2,robot4,1.810571004884647
65.45000000000002,robot3,robot4,2.827985859445951
65.50000000000001,robot1,robot2,1.7924208273114888
65.50000000000001,robot1,robot3,1.8007009099775566
65.50000000000001,robot1,robot4,3.5625226501708043
65.50000000000001,robot2,robot3,1.8101240352975811
65.50000000000001,robot2,robot4,1.8107180694983966
65.50000000000001,robot3,robot4,2.829783454833603
65.55000000000001,robot1,robot2,1.7949686274379568
65.55000000000001,robot1,robot3,1.801533138175163
65.55000000000001,robot1,robot4,3.5657594354275366
65.55000000000001,robot2,robot3,1.809094783763761
65.55000000000001,robot2,robot4,1.8107966705152183
65.55000000000001,robot3,robot4,2.831657456925052
65.60000000000002,robot1,robot2,1.7975190595646007
65.60000000000002,robot1,robot3,1.8023658956507702
65.60000000000002,robot1,robot4,3.5689962479904644
65.60000000000002,robot2,robot3,1.8080679296257094
65.60000000000002,robot2,robot4,1.810877744194787
65.60000000000002,robot3,robot4,2.833531614401542
65.65000000000002,robot1,robot2,1.8004344501248177
65.65000000000002,robot1,robot3,1.8036150330819636
65.65000000000002,robot1,robot4,3.572445416131436
65.65000000000002,robot2,robot3,1.8074438256190701
65.65000000000002,robot2,robot4,1.8108486007928022
65.65000000000002,robot3,robot4,2.83545901499409
65.70000000000002,robot1,robot2,1.8033524919008492
65.70000000000002,robot1,robot3,1.8048646672684359
65.70000000000002,robot1,robot4,3.575894587773527
65.70000000000002,robot2,robot3,1.8068220752528457
65.70000000000002,robot2,robot4,1.8108213698090156
65.70000000000002,robot3,robot4,2.8373865131648883
65.75000000000001,robot1,robot2,1.8062979880919436
65.75000000000001,robot1,robot3,1.8063374650128365
65.75000000000001,robot1,robot4,3.5792496949509203
65.75000000000001,robot2,robot3,1.8064283829800725
65.75000000000001,robot2,robot4,1.8106557148754838
65.75000000000001,robot3,robot4,2.839398242881976
65.80000000000001,robot1,robot2,1.8092463920497404
65.80000000000001,robot1,robot3,1.8078105445455288
65.80000000000001,robot1,robot4,3.5826048027826074
65.80000000000001,robot2,robot3,1.8060370529324696
65.80000000000001,robot2,robot4,1.810492027042373
65.80000000000001,robot3,robot4,2.841410000088865
65.85000000000002,robot1,robot2,1.8121727034573731
65.85000000000002,robot1,robot3,1.8095566081212415
65.85000000000002,robot1,robot4,3.585832515793405
65.85000000000002,robot2,robot3,1.8058340303292684
65.85000000000002,robot2,robot4,1.8102036761881932
65.85000000000002,robot3,robot4,2.84342952648171
65.90000000000002,robot1,robot2,1.815102239412701
65.90000000000002,robot1,robot3,1.8113028138025407
65.90000000000002,robot1,robot4,3.589060229304881
65.90000000000002,robot2,robot3,1.805633172375829
65.90000000000002,robot2,robot4,1.8099173502801174
65.90000000000002,robot3,robot4,2.845449052885151
65.95000000000002,robot1,robot2,1.8175300264277623
65.95000000000002,robot1,robot3,1.8126936199872556
65.95000000000002,robot1,robot4,3.5916393992202575
65.95000000000002,robot2,robot3,1.805920781839558
65.95000000000002,robot2,robot4,1.8095401582847643
65.95000000000002,robot3,robot4,2.8477714571944244
66.00000000000001,robot1,robot2,1.8199604653005519
66.00000000000001,robot1,robot3,1.8140844870052224
66.00000000000001,robot1,robot4,3.594218570759575
66.00000000000001,robot2,robot3,1.8062109684973129
66.00000000000001,robot2,robot4,1.8091646089010247
66.00000000000001,robot3,robot4,2.850093863243806
66.05000000000001,robot1,robot2,1.8218713199417385
66.05000000000001,robot1,robot3,1.8154069419150218
66.05000000000001,robot1,robot4,3.5961849067110347
66.05000000000001,robot2,robot3,1.8066790235126162
66.05000000000001,robot2,robot4,1.808683195021311
66.05000000000001,robot3,robot4,2.8524410627646635
66.10000000000002,robot1,robot2,1.8237849394207652
66.10000000000002,robot1,robot3,1.8167298693839995
66.10000000000002,robot1,robot4,3.5981512499910298
66.10000000000002,robot2,robot3,1.8071494849342158
66.10000000000002,robot2,robot4,1.808203474095213
66.10000000000002,robot3,robot4,2.8547882982112713
66.15000000000002,robot1,robot2,1.8256189899171877
66.15000000000002,robot1,robot3,1.818323730149283
66.15000000000002,robot1,robot4,3.599892404850804
66.15000000000002,robot2,robot3,1.807766121884203
66.15000000000002,robot2,robot4,1.8075415530120598
66.15000000000002,robot3,robot4,2.8571080138102065
66.20000000000002,robot1,robot2,1.8274562919875816
66.20000000000002,robot1,robot3,1.8199183567555994
66.20000000000002,robot1,robot4,3.6016335777780064
66.20000000000002,robot2,robot3,1.8083849750672565
66.20000000000002,robot2,robot4,1.8068815049872524
66.20000000000002,robot3,robot4,2.8594278798980057
66.25000000000001,robot1,robot2,1.829307065141881
66.25000000000001,robot1,robot3,1.8217989771591847
66.25000000000001,robot1,robot4,3.6033122491370704
66.25000000000001,robot2,robot3,1.8093279006092984
66.25000000000001,robot2,robot4,1.8061779168310772
66.25000000000001,robot3,robot4,2.8617549601999475
66.30000000000001,robot1,robot2,1.8311610829200695
66.30000000000001,robot1,robot3,1.8236806506658456
66.30000000000001,robot1,robot4,3.604990979683722
66.30000000000001,robot2,robot3,1.8102727492286905
66.30000000000001,robot2,robot4,1.8054757988635568
66.30000000000001,robot3,robot4,2.864082274427535
66.35000000000002,robot1,robot2,1.8329922122466866
66.35000000000002,robot1,robot3,1.8258274901486458
66.35000000000002,robot1,robot4,3.606575441599726
66.35000000000002,robot2,robot3,1.8114163793596718
66.35000000000002,robot2,robot4,1.8046987733694644
66.35000000000002,robot3,robot4,2.866413195720962
66.40000000000002,robot1,robot2,1.8348268993518166
66.40000000000002,robot1,robot3,1.8279757244255195
66.40000000000002,robot1,robot4,3.608160017331826
66.40000000000002,robot2,robot3,1.8125617528376798
66.40000000000002,robot2,robot4,1.803923106088782
66.40000000000002,robot3,robot4,2.8687444659531818
66.45000000000002,robot1,robot2,1.836586158659934
66.45000000000002,robot1,robot3,1.8299653373305331
66.45000000000002,robot1,robot4,3.6095833177269236
66.45000000000002,robot2,robot3,1.8142873043050547
66.45000000000002,robot2,robot4,1.8030502042805823
66.45000000000002,robot3,robot4,2.871808806228447
66.50000000000001,robot1,robot2,1.8383493325334013
66.50000000000001,robot1,robot3,1.831958429705762
66.50000000000001,robot1,robot4,3.6110067891703004
66.50000000000001,robot2,robot3,1.8160159514717928
66.50000000000001,robot2,robot4,1.8021786352401359
66.50000000000001,robot3,robot4,2.874873442802657
66.55000000000001,robot1,robot2,1.8400394404078004
66.55000000000001,robot1,robot3,1.8337786714929643
66.55000000000001,robot1,robot4,3.612265824488039
66.55000000000001,robot2,robot3,1.8179476094957332
66.55000000000001,robot2,robot4,1.8011921713809436
66.55000000000001,robot3,robot4,2.878298274741041
66.60000000000002,robot1,robot2,1.8417338329555122
66.60000000000002,robot1,robot3,1.8356038935511123
66.60000000000002,robot1,robot4,3.6135250495305837
66.60000000000002,robot2,robot3,1.8198834749898147
66.60000000000002,robot2,robot4,1.8002071920898435
66.60000000000002,robot3,robot4,2.8817233628898196
66.65000000000002,robot1,robot2,1.8431823296690568
66.65000000000002,robot1,robot3,1.8369999152157035
66.65000000000002,robot1,robot4,3.6144902187308867
66.65000000000002,robot2,robot3,1.8217077398790544
66.65000000000002,robot2,robot4,1.7991967246062892
66.65000000000002,robot3,robot4,2.8851135730602113
66.70000000000002,robot1,robot2,1.844634806057828
66.70000000000002,robot1,robot3,1.8384014327958949
66.70000000000002,robot1,robot4,3.615455574688755
66.70000000000002,robot2,robot3,1.8235367917434517
66.70000000000002,robot2,robot4,1.7981876370045478
66.70000000000002,robot3,robot4,2.888503908214424
66.75000000000001,robot1,robot2,1.8453416784771868
66.75000000000001,robot1,robot3,1.8384423431688035
66.75000000000001,robot1,robot4,3.6155238610955465
66.75000000000001,robot2,robot3,1.8251120189097987
66.75000000000001,robot2,robot4,1.7971587242147669
66.75000000000001,robot3,robot4,2.891606945682496
66.80000000000001,robot1,robot2,1.8460500677121412
66.80000000000001,robot1,robot3,1.8384883126922509
66.80000000000001,robot1,robot4,3.6155921481169577
66.80000000000001,robot2,robot3,1.8266918910932957
66.80000000000001,robot2,robot4,1.796131077072327
66.80000000000001,robot3,robot4,2.894710047412176
66.85000000000002,robot1,robot2,1.8467802029013904
66.85000000000002,robot1,robot3,1.8384027754167476
66.85000000000002,robot1,robot4,3.615637212452115
66.85000000000002,robot2,robot3,1.827864103778643
66.85000000000002,robot2,robot4,1.7950089415381745
66.85000000000002,robot3,robot4,2.8976253026446512
66.90000000000002,robot1,robot2,1.8475122161636717
66.90000000000002,robot1,robot3,1.8383215987182435
66.90000000000002,robot1,robot4,3.6156822801846125
66.90000000000002,robot2,robot3,1.829041341246283
66.90000000000002,robot2,robot4,1.793888513790363
66.90000000000002,robot3,robot4,2.900540596572474
66.95000000000002,robot1,robot2,1.8482019815012105
66.95000000000002,robot1,robot3,1.8380855313566067
66.95000000000002,robot1,robot4,3.615758870580628
66.95000000000002,robot2,robot3,1.830058064889336
66.95000000000002,robot2,robot4,1.7928456919390747
66.95000000000002,robot3,robot4,2.9034206302161945
67.00000000000001,robot1,robot2,1.8488936032627732
67.00000000000001,robot1,robot3,1.8378535733153496
67.00000000000001,robot1,robot4,3.6158354645322284
67.00000000000001,robot2,robot3,1.8310799782909541
67.00000000000001,robot2,robot4,1.7918046004375028
67.00000000000001,robot3,robot4,2.9063006718866866
67.05000000000001,robot1,robot2,1.849619997407711
67.05000000000001,robot1,robot3,1.8374404819912533
67.05000000000001,robot1,robot4,3.615939679498159
67.05000000000001,robot2,robot3,1.831980941441873
67.05000000000001,robot2,robot4,1.790761161649495
67.05000000000001,robot3,robot4,2.9091648976723548
67.10000000000002,robot1,robot2,1.850348167637648
67.10000000000002,robot1,robot3,1.8370312171884828
67.10000000000002,robot1,robot4,3.616043903832198
67.10000000000002,robot2,robot3,1.832887497147875
67.10000000000002,robot2,robot4,1.7897195157392674
67.10000000000002,robot3,robot4,2.9120291234644284
67.15000000000002,robot1,robot2,1.8509715868246064
67.15000000000002,robot1,robot3,1.8363963297532613
67.15000000000002,robot1,robot4,3.616086646937162
67.15000000000002,robot2,robot3,1.8334848121877778
67.15000000000002,robot2,robot4,1.7886984738175542
67.15000000000002,robot3,robot4,2.9148009506201285
67.20000000000002,robot1,robot2,1.851596950261044
67.20000000000002,robot1,robot3,1.8357650322876287
67.20000000000002,robot1,robot4,3.6161294037361267
67.20000000000002,robot2,robot3,1.8340880915315931
67.20000000000002,robot2,robot4,1.7876795207600824
67.20000000000002,robot3,robot4,2.9175727875576647
67.25000000000001,robot1,robot2,1.852016885315709
67.25000000000001,robot1,robot3,1.8346905627552699
67.25000000000001,robot1,robot4,3.6161728724939297
67.25000000000001,robot2,robot3,1.834487289293728
67.25000000000001,robot2,robot4,1.7867942704599482
67.25000000000001,robot3,robot4,2.9208409912184976
67.30000000000001,robot1,robot2,1.8524395514698988
67.30000000000001,robot1,robot3,1.8336211641418731
67.30000000000001,robot1,robot4,3.616216348408513
67.30000000000001,robot2,robot3,1.8348949013044316
67.30000000000001,robot2,robot4,1.7859118905603937
67.30000000000001,robot3,robot4,2.9241093234491093
67.35000000000002,robot1,robot2,1.852644658503419
67.35000000000002,robot1,robot3,1.832227528139245
67.35000000000002,robot1,robot4,3.616260037646076
67.35000000000002,robot2,robot3,1.8355001489797
67.35000000000002,robot2,robot4,1.7852445698142456
67.35000000000002,robot3,robot4,2.9279540670849435
67.40000000000002,robot1,robot2,1.8528526715108786
67.40000000000002,robot1,robot3,1.830841185490975
67.40000000000002,robot1,robot4,3.61630372750755
67.40000000000002,robot2,robot3,1.8361157307547367
67.40000000000002,robot2,robot4,1.7845801420222067
67.40000000000002,robot3,robot4,2.931799133454577
67.45000000000002,robot1,robot2,1.852822080575736
67.45000000000002,robot1,robot3,1.8294405870959565
67.45000000000002,robot1,robot4,3.6162391855446314
67.45000000000002,robot2,robot3,1.8366377442056996
67.45000000000002,robot2,robot4,1.784044049352061
67.45000000000002,robot3,robot4,2.9356007382691716
67.50000000000001,robot1,robot2,1.8527944870851163
67.50000000000001,robot1,robot3,1.8280475988863085
67.50000000000001,robot1,robot4,3.6161746435847095
67.50000000000001,robot2,robot3,1.8371694365487907
67.50000000000001,robot2,robot4,1.7835109366622903
67.50000000000001,robot3,robot4,2.9394026619265703
67.55000000000001,robot1,robot2,1.8524078565348396
67.55000000000001,robot1,robot3,1.826209823259364
67.55000000000001,robot1,robot4,3.615906501867305
67.55000000000001,robot2,robot3,1.8376397264657183
67.55000000000001,robot2,robot4,1.7831729203485147
67.55000000000001,robot3,robot4,2.9432643832235414
67.60000000000002,robot1,robot2,1.8520233943244342
67.60000000000002,robot1,robot3,1.8243798432196066
67.60000000000002,robot1,robot4,3.6156383867599367
67.60000000000002,robot2,robot3,1.838119320594014
67.60000000000002,robot2,robot4,1.782837924102188
67.60000000000002,robot3,robot4,2.947126474657308
67.65000000000002,robot1,robot2,1.8513254845699738
67.65000000000002,robot1,robot3,1.822607016308918
67.65000000000002,robot1,robot4,3.615302296743731
67.65000000000002,robot2,robot3,1.8382191191711206
67.65000000000002,robot2,robot4,1.7827292052802775
67.65000000000002,robot3,robot4,2.950726764752204
67.70000000000002,robot1,robot2,1.850629881399303
67.70000000000002,robot1,robot3,1.8208411141667462
67.70000000000002,robot1,robot4,3.6149662438636954
67.70000000000002,robot2,robot3,1.8383265224415384
67.70000000000002,robot2,robot4,1.7826239762872031
67.70000000000002,robot3,robot4,2.954327348844404
67.75000000000001,robot1,robot2,1.8495782553199793
67.75000000000001,robot1,robot3,1.8190829761869023
67.75000000000001,robot1,robot4,3.6145616640273617
67.75000000000001,robot2,robot3,1.8378359981523105
67.75000000000001,robot2,robot4,1.7827176942539862
67.75000000000001,robot3,robot4,2.957823667885436
67.80000000000001,robot1,robot2,1.8485300259465625
67.80000000000001,robot1,robot3,1.817331598960409
67.80000000000001,robot1,robot4,3.6141571243105908
67.80000000000001,robot2,robot3,1.837352641797975
67.80000000000001,robot2,robot4,1.7828164678196687
67.80000000000001,robot3,robot4,2.9613202526435747
67.85000000000002,robot1,robot2,1.8473275898987835
67.85000000000002,robot1,robot3,1.815485424436395
67.85000000000002,robot1,robot4,3.6137788468310075
67.85000000000002,robot2,robot3,1.836864401445912
67.85000000000002,robot2,robot4,1.783123591069335
67.85000000000002,robot3,robot4,2.964868912781349
67.90000000000002,robot1,robot2,1.84612834053784
67.90000000000002,robot1,robot3,1.813646262464651
67.90000000000002,robot1,robot4,3.6134005963737263
67.90000000000002,robot2,robot3,1.836383094648009
67.90000000000002,robot2,robot4,1.7834353815759634
67.90000000000002,robot3,robot4,2.9684179467793963
67.95000000000002,robot1,robot2,1.844801396351718
67.95000000000002,robot1,robot3,1.8117108136422455
67.95000000000002,robot1,robot4,3.6130393350706824
67.95000000000002,robot2,robot3,1.8358677169607016
67.95000000000002,robot2,robot4,1.7839044247114952
67.95000000000002,robot3,robot4,2.9720414588723783
68.00000000000001,robot1,robot2,1.8434775576578082
68.00000000000001,robot1,robot3,1.8097826311457952
68.00000000000001,robot1,robot4,3.612678100009742
68.00000000000001,robot2,robot3,1.835359226956129
68.00000000000001,robot2,robot4,1.7843780843784203
68.00000000000001,robot3,robot4,2.9756654244892866
68.05000000000001,robot1,robot2,1.8420064362730246
68.05000000000001,robot1,robot3,1.8077597941804235
68.05000000000001,robot1,robot4,3.612268696930815
68.05000000000001,robot2,robot3,1.8347923658103658
68.05000000000001,robot2,robot4,1.784961583027069
68.05000000000001,robot3,robot4,2.979299002856965
68.10000000000002,robot1,robot2,1.8405382883920116
68.10000000000002,robot1,robot3,1.8057443342012722
68.10000000000002,robot1,robot4,3.6118593300100987
68.10000000000002,robot2,robot3,1.8342321680498896
68.10000000000002,robot2,robot4,1.7855497552518669
68.10000000000002,robot3,robot4,2.9829330549801165
68.15000000000002,robot1,robot2,1.8389367853557386
68.15000000000002,robot1,robot3,1.8036179881743937
68.15000000000002,robot1,robot4,3.6114772459093865
68.15000000000002,robot2,robot3,1.8336570078322303
68.15000000000002,robot2,robot4,1.7863187453879137
68.15000000000002,robot3,robot4,2.986639695378823
68.20000000000002,robot1,robot2,1.837338010154092
68.20000000000002,robot1,robot3,1.8014991510419864
68.20000000000002,robot1,robot4,3.6110952059877897
68.20000000000002,robot2,robot3,1.833088305147354
68.20000000000002,robot2,robot4,1.7870922747818594
68.20000000000002,robot3,robot4,2.990346886041318
68.25000000000001,robot1,robot2,1.835631859924124
68.25000000000001,robot1,robot3,1.799249222923411
68.25000000000001,robot1,robot4,3.610727252642499
68.25000000000001,robot2,robot3,1.832488417134744
68.25000000000001,robot2,robot4,1.7880026735609906
68.25000000000001,robot3,robot4,2.994120339314246
68.30000000000001,robot1,robot2,1.8339282353857247
68.30000000000001,robot1,robot3,1.7970069047783315
68.30000000000001,robot1,robot4,3.6103593585393963
68.30000000000001,robot2,robot3,1.8318949445445827
68.30000000000001,robot2,robot4,1.7889175784574318
68.30000000000001,robot3,robot4,2.997894417915682
68.35000000000002,robot1,robot2,1.8321222333054765
68.35000000000002,robot1,robot3,1.7946667219761159
68.35000000000002,robot1,robot4,3.6099925460474984
68.35000000000002,robot2,robot3,1.8312446207992665
68.35000000000002,robot2,robot4,1.7899504213682154
68.35000000000002,robot3,robot4,3.0016734500316673
68.40000000000002,robot1,robot2,1.8303185635074564
68.40000000000002,robot1,robot3,1.7923340464737587
68.40000000000002,robot1,robot4,3.60962581195406
68.40000000000002,robot2,robot3,1.8306004894823444
68.40000000000002,robot2,robot4,1.7909877484307375
68.40000000000002,robot3,robot4,3.0054531474588
68.45000000000002,robot1,robot2,1.8283942724052291
68.45000000000002,robot1,robot3,1.7899026041319253
68.45000000000002,robot1,robot4,3.6093198830062847
68.45000000000002,robot2,robot3,1.8298631003549144
68.45000000000002,robot2,robot4,1.7922151718148274
68.45000000000002,robot3,robot4,3.009290276465409
68.50000000000001,robot1,robot2,1.826472247027312
68.50000000000001,robot1,robot3,1.7874786629691553
68.50000000000001,robot1,robot4,3.6090140399944413
68.50000000000001,robot2,robot3,1.8291317751559069
68.50000000000001,robot2,robot4,1.7934471061784902
68.50000000000001,robot3,robot4,3.013128178392185
68.55000000000001,robot1,robot2,1.8236287952339005
68.55000000000001,robot1,robot3,1.7852619475217772
68.55000000000001,robot1,robot4,3.6081184448126145
68.55000000000001,robot2,robot3,1.828021287393831
68.55000000000001,robot2,robot4,1.7949061511469757
68.55000000000001,robot3,robot4,3.0170982684106025
68.60000000000002,robot1,robot2,1.8207906710876993
68.60000000000002,robot1,robot3,1.7830577509898544
68.60000000000002,robot1,robot4,3.6072228651439042
68.60000000000002,robot2,robot3,1.826917310565806
68.60000000000002,robot2,robot4,1.7963709238932262
68.60000000000002,robot3,robot4,3.0210692600763083
68.65000000000002,robot1,robot2,1.8180480857640966
68.65000000000002,robot1,robot3,1.7816636342562666
68.65000000000002,robot1,robot4,3.606363640302132
68.65000000000002,robot2,robot3,1.8259212350860723
68.65000000000002,robot2,robot4,1.7977711063492627
68.65000000000002,robot3,robot4,3.024751767752192
68.70000000000002,robot1,robot2,1.8153114002357826
68.70000000000002,robot1,robot3,1.7802808607391132
68.70000000000002,robot1,robot4,3.6055044391957143
68.70000000000002,robot2,robot3,1.824929434788096
68.70000000000002,robot2,robot4,1.7991772788811007
68.70000000000002,robot3,robot4,3.0284345625662787
68.75000000000001,robot1,robot2,1.8127188805187768
68.75000000000001,robot1,robot3,1.7783936402417346
68.75000000000001,robot1,robot4,3.6048128354486377
68.75000000000001,robot2,robot3,1.8241197187609424
68.75000000000001,robot2,robot4,1.8006035609918418
68.75000000000001,robot3,robot4,3.0328229052567526
68.80000000000001,robot1,robot2,1.8101327488350123
68.80000000000001,robot1,robot3,1.7765206642268474
68.80000000000001,robot1,robot4,3.604121255517494
68.80000000000001,robot2,robot3,1.8233174556862004
68.80000000000001,robot2,robot4,1.802036207925912
68.80000000000001,robot3,robot4,3.0372119853474184
68.85000000000002,robot1,robot2,1.807713540560007
68.85000000000002,robot1,robot3,1.7748432029157528
68.85000000000002,robot1,robot4,3.603557383526346
68.85000000000002,robot2,robot3,1.8225188774809025
68.85000000000002,robot2,robot4,1.8034360777574712
68.85000000000002,robot3,robot4,3.041555309734316
68.90000000000002,robot1,robot2,1.8053011722715404
68.90000000000002,robot1,robot3,1.773179498023254
68.90000000000002,robot1,robot4,3.6029935528562915
68.90000000000002,robot2,robot3,1.821727702431129
68.90000000000002,robot2,robot4,1.8048422735366658
68.90000000000002,robot3,robot4,3.0458993342948824
68.95000000000002,robot1,robot2,1.803052845501553
68.95000000000002,robot1,robot3,1.771692460252907
68.95000000000002,robot1,robot4,3.602526256042591
68.95000000000002,robot2,robot3,1.8210631777487154
68.95000000000002,robot2,robot4,1.8061848779874394
68.95000000000002,robot3,robot4,3.0503520877341774
69.00000000000001,robot1,robot2,1.8008118338893706
69.00000000000001,robot1,robot3,1.7702195568646277
69.00000000000001,robot1,robot4,3.602059010538417
69.00000000000001,robot2,robot3,1.8204063793785166
69.00000000000001,robot2,robot4,1.8075339593570576
69.00000000000001,robot3,robot4,3.0548054615272977
69.05000000000001,robot1,robot2,1.7987460868035956
69.05000000000001,robot1,robot3,1.7689145025717041
69.05000000000001,robot1,robot4,3.6017343031581674
69.05000000000001,robot2,robot3,1.819864659184372
69.05000000000001,robot2,robot4,1.8088603346606118
69.05000000000001,robot3,robot4,3.059350893676019
69.10000000000002,robot1,robot2,1.796688065201357
69.10000000000002,robot1,robot3,1.7676237647881967
69.10000000000002,robot1,robot4,3.601409671784092
69.10000000000002,robot2,robot3,1.8193309528442039
69.10000000000002,robot2,robot4,1.810193091267615
69.10000000000002,robot3,robot4,3.063896937778426
69.15000000000002,robot1,robot2,1.7947790393882046
69.15000000000002,robot1,robot3,1.7665516924679132
69.15000000000002,robot1,robot4,3.6011947236166293
69.15000000000002,robot2,robot3,1.818883090798306
69.15000000000002,robot2,robot4,1.8114941743461397
69.15000000000002,robot3,robot4,3.0684834574548403
69.20000000000002,robot1,robot2,1.79287822228728
69.20000000000002,robot1,robot3,1.7654939252438675
69.20000000000002,robot1,robot4,3.600979873571775
69.20000000000002,robot2,robot3,1.8184432156284123
69.20000000000002,robot2,robot4,1.8128016900800268
69.20000000000002,robot3,robot4,3.073070508094471
69.25000000000001,robot1,robot2,1.791182577955692
69.25000000000001,robot1,robot3,1.764605107241348
69.25000000000001,robot1,robot4,3.6008846377701413
69.25000000000001,robot2,robot3,1.8181398439218721
69.25000000000001,robot2,robot4,1.814033620125328
69.25000000000001,robot3,robot4,3.0777513925569524
69.30000000000001,robot1,robot2,1.7894955147415148
69.30000000000001,robot1,robot3,1.7637307195515985
69.30000000000001,robot1,robot4,3.6007895131052856
69.30000000000001,robot2,robot3,1.8178448062609744
69.30000000000001,robot2,robot4,1.815272038522326
69.30000000000001,robot3,robot4,3.08243275230799
69.35000000000002,robot1,robot2,1.7879694801380135
69.35000000000002,robot1,robot3,1.7630712619902802
69.35000000000002,robot1,robot4,3.6008126968179006
69.35000000000002,robot2,robot3,1.817651074305792
69.35000000000002,robot2,robot4,1.8164791688505548
69.35000000000002,robot3,robot4,3.087155235852096
69.40000000000002,robot1,robot2,1.786452601112047
69.40000000000002,robot1,robot3,1.76242636516423
69.40000000000002,robot1,robot4,3.600836049367008
69.40000000000002,robot2,robot3,1.8174657956974045
69.40000000000002,robot2,robot4,1.8176926192800038
69.40000000000002,robot3,robot4,3.0918781789270104
69.45000000000002,robot1,robot2,1.785149380698503
69.45000000000002,robot1,robot3,1.7622238426698946
69.45000000000002,robot1,robot4,3.601033582738156
69.45000000000002,robot2,robot3,1.8173908219512112
69.45000000000002,robot2,robot4,1.8188672688720995
69.45000000000002,robot3,robot4,3.0966722305746623
69.50000000000001,robot1,robot2,1.7838570507069784
69.50000000000001,robot1,robot3,1.7620364726193951
69.50000000000001,robot1,robot4,3.601231465615755
69.50000000000001,robot2,robot3,1.8173244762672405
69.50000000000001,robot2,robot4,1.8200482260028166
69.50000000000001,robot3,robot4,3.101466702620553
69.55000000000001,robot1,robot2,1.7829937157744695
69.55000000000001,robot1,robot3,1.7622119420166238
69.55000000000001,robot1,robot4,3.601763035535236
69.55000000000001,robot2,robot3,1.8173325535284537
69.55000000000001,robot2,robot4,1.82113945150646
69.55000000000001,robot3,robot4,3.106332185684269
69.60000000000002,robot1,robot2,1.7821424671069372
69.60000000000002,robot1,robot3,1.7624016733778374
69.60000000000002,robot1,robot4,3.6022950326430787
69.60000000000002,robot2,robot3,1.817349685262856
69.60000000000002,robot2,robot4,1.822237294693806
69.60000000000002,robot3,robot4,3.1111980301999447
69.65000000000002,robot1,robot2,1.7822550534786157
69.65000000000002,robot1,robot3,1.7631240278826463
69.65000000000002,robot1,robot4,3.6033458212892224
69.65000000000002,robot2,robot3,1.818342452133347
69.65000000000002,robot2,robot4,1.8229538143581185
69.65000000000002,robot3,robot4,3.116073448993242
69.70000000000002,robot1,robot2,1.7823765351337102
69.70000000000002,robot1,robot3,1.7638583688296803
69.70000000000002,robot1,robot4,3.604397065360724
69.70000000000002,robot2,robot3,1.8193434387245997
69.70000000000002,robot2,robot4,1.823674389308917
69.70000000000002,robot3,robot4,3.1209490909565494
69.75000000000001,robot1,robot2,1.7825069102535236
69.75000000000001,robot1,robot3,1.7646046812544518
69.75000000000001,robot1,robot4,3.605448764459218
69.75000000000001,robot2,robot3,1.8203526314768832
69.75000000000001,robot2,robot4,1.8243990147411047
69.75000000000001,robot3,robot4,3.12582495504557
69.80000000000001,robot1,robot2,1.7826461768867654
69.80000000000001,robot1,robot3,1.7653629499740278
69.80000000000001,robot1,robot4,3.606500918186629
69.80000000000001,robot2,robot3,1.8213700167494804
69.80000000000001,robot2,robot4,1.825127685830227
69.80000000000001,robot3,robot4,3.1307010402224624
69.85000000000002,robot1,robot2,1.7836621331718774
69.85000000000002,robot1,robot3,1.766824942602408
69.85000000000002,robot1,robot4,3.608018586262688
69.85000000000002,robot2,robot3,1.8228800299609
69.85000000000002,robot2,robot4,1.8254646428485686
69.85000000000002,robot3,robot4,3.1354892281468634
69.90000000000002,robot1,robot2,1.7846862435879316
69.90000000000002,robot1,robot3,1.768296246963444
69.90000000000002,robot1,robot4,3.6095366467962346
69.90000000000002,robot2,robot3,1.824397332552589
69.90000000000002,robot2,robot4,1.825805320275138
69.90000000000002,robot3,robot4,3.1402774429737903
69.95000000000002,robot1,robot2,1.7862628353818768
69.95000000000002,robot1,robot3,1.7701328348546337
69.95000000000002,robot1,robot4,3.6111945210769942
69.95000000000002,robot2,robot3,1.8263276099717165
69.95000000000002,robot2,robot4,1.8257488798093235
69.95000000000002,robot3,robot4,3.145035069046132
70.00000000000001,robot1,robot2,1.7878467531335012
70.00000000000001,robot1,robot3,1.7719775470815091
70.00000000000001,robot1,robot4,3.6128526576993147
70.00000000000001,robot2,robot3,1.8282648542366617
70.00000000000001,robot2,robot4,1.8256961669031897
70.00000000000001,robot3,robot4,3.1497927060062234
70.05000000000001,robot1,robot2,1.789948331365532
70.05000000000001,robot1,robot3,1.774160014189321
70.05000000000001,robot1,robot4,3.614640698791272
70.05000000000001,robot2,robot3,1.830610383468449
70.05000000000001,robot2,robot4,1.8252727619796991
70.05000000000001,robot3,robot4,3.154461998750739
70.10000000000002,robot1,robot2,1.7920561321646722
70.10000000000002,robot1,robot3,1.7763492951331408
70.10000000000002,robot1,robot4,3.6164288986446294
70.10000000000002,robot2,robot3,1.8329622756611785
70.10000000000002,robot2,robot4,1.8248528753148836
70.10000000000002,robot3,robot4,3.159131420558508
70.15000000000002,robot1,robot2,1.7946220141108415
70.15000000000002,robot1,robot3,1.7788071228484847
70.15000000000002,robot1,robot4,3.61835528679537
70.15000000000002,robot2,robot3,1.8356984988554776
70.15000000000002,robot2,robot4,1.8241284433726832
70.15000000000002,robot3,robot4,3.163746281978457
70.20000000000002,robot1,robot2,1.7971928985570813
70.20000000000002,robot1,robot3,1.7812705281236771
70.20000000000002,robot1,robot4,3.620281735424469
70.20000000000002,robot2,robot3,1.8384404036710036
70.20000000000002,robot2,robot4,1.8234073818716432
70.20000000000002,robot3,robot4,3.1683615144831574
70.25000000000001,robot1,robot2,1.8001772629973147
70.25000000000001,robot1,robot3,1.7839789072862529
70.25000000000001,robot1,robot4,3.622277170456798
70.25000000000001,robot2,robot3,1.8415688546614957
70.25000000000001,robot2,robot4,1.8223566866420524
70.25000000000001,robot3,robot4,3.172823885374078
70.30000000000001,robot1,robot2,1.8031653371074996
70.30000000000001,robot1,robot3,1.7866916671818345
70.30000000000001,robot1,robot4,3.624272616894321
70.30000000000001,robot2,robot3,1.8447021182199046
70.30000000000001,robot2,robot4,1.8213089774390285
70.30000000000001,robot3,robot4,3.177286983560819
70.35000000000002,robot1,robot2,1.8064626976296119
70.35000000000002,robot1,robot3,1.7895648097557837
70.35000000000002,robot1,robot4,3.626260668302302
70.35000000000002,robot2,robot3,1.848209812051247
70.35000000000002,robot2,robot4,1.8199573064448515
70.35000000000002,robot3,robot4,3.181579373129407
70.40000000000002,robot1,robot2,1.809762526561152
70.40000000000002,robot1,robot3,1.792441387953872
70.40000000000002,robot1,robot4,3.628248721549421
70.40000000000002,robot2,robot3,1.8517214376155513
70.40000000000002,robot2,robot4,1.8186081745653735
70.40000000000002,robot3,robot4,3.1858729291170746
70.45000000000002,robot1,robot2,1.8132053827907233
70.45000000000002,robot1,robot3,1.795627945988047
70.45000000000002,robot1,robot4,3.630201199198194
70.45000000000002,robot2,robot3,1.8555272474627
70.45000000000002,robot2,robot4,1.8170892751379193
70.45000000000002,robot3,robot4,3.189947586099066
70.50000000000001,robot1,robot2,1.8166500211042316
70.50000000000001,robot1,robot3,1.7988172970329714
70.50000000000001,robot1,robot4,3.6321536836572608
70.50000000000001,robot2,robot3,1.8593358201037822
70.50000000000001,robot2,robot4,1.8155724027493367
70.50000000000001,robot3,robot4,3.1940239232620047
70.55000000000001,robot1,robot2,1.8213666064772638
70.55000000000001,robot1,robot3,1.8037097171411076
70.55000000000001,robot1,robot4,3.635203703261793
70.55000000000001,robot2,robot3,1.8634347490771588
70.55000000000001,robot2,robot4,1.8138818088070812
70.55000000000001,robot3,robot4,3.1979696771436106
70.60000000000002,robot1,robot2,1.8260867202715232
70.60000000000002,robot1,robot3,1.8086034467118568
70.60000000000002,robot1,robot4,3.63825386026484
70.60000000000002,robot2,robot3,1.8675356356144865
70.60000000000002,robot2,robot4,1.8121929942751673
70.60000000000002,robot3,robot4,3.2019177611066167
70.65000000000002,robot1,robot2,1.8299285977224646
70.65000000000002,robot1,robot3,1.812268567932539
70.65000000000002,robot1,robot4,3.6406664647303257
70.65000000000002,robot2,robot3,1.869532355054668
70.65000000000002,robot2,robot4,1.810750835472539
70.65000000000002,robot3,robot4,3.203938428650004
70.70000000000002,robot1,robot2,1.8337733167984533
70.70000000000002,robot1,robot3,1.8159336951169227
70.70000000000002,robot1,robot4,3.6430791491511685
70.70000000000002,robot2,robot3,1.87153006468531
70.70000000000002,robot2,robot4,1.809310323293934
70.70000000000002,robot3,robot4,3.2059603355925974
70.75000000000001,robot1,robot2,1.8343366971546555
70.75000000000001,robot1,robot3,1.8165352165441222
70.75000000000001,robot1,robot4,3.6435710182793204
70.75000000000001,robot2,robot3,1.8714786246135033
70.75000000000001,robot2,robot4,1.8092376701589679
70.75000000000001,robot3,robot4,3.2060381295128106
70.80000000000001,robot1,robot2,1.8349001882426736
70.80000000000001,robot1,robot3,1.8171367892167611
70.80000000000001,robot1,robot4,3.644062891288239
70.80000000000001,robot2,robot3,1.871427185498811
70.80000000000001,robot2,robot4,1.8091650775506918
70.80000000000001,robot3,robot4,3.2061159446877463
70.85000000000002,robot1,robot2,1.8351627528982275
70.85000000000002,robot1,robot3,1.817407530067211
70.85000000000002,robot1,robot4,3.6443121940815186
70.85000000000002,robot2,robot3,1.8714326169675464
70.85000000000002,robot2,robot4,1.809151626179036
70.85000000000002,robot3,robot4,3.2061129743805425
70.90000000000002,robot1,robot2,1.8354253350831249
70.90000000000002,robot1,robot3,1.8176782806000076
70.90000000000002,robot1,robot4,3.6445615065218755
70.90000000000002,robot2,robot3,1.8714380485883042
70.90000000000002,robot2,robot4,1.809138174846797
70.90000000000002,robot3,robot4,3.2061100041240005
70.95000000000002,robot1,robot2,1.8363000221995318
70.95000000000002,robot1,robot3,1.817598252970386
70.95000000000002,robot1,robot4,3.644539365313297
70.95000000000002,robot2,robot3,1.8711901128118968
70.95000000000002,robot2,robot4,1.8082402189784545
70.95000000000002,robot3,robot4,3.2059637219986206
71.00000000000001,robot1,robot2,1.8371749391729144
71.00000000000001,robot1,robot3,1.817518233711288
71.00000000000001,robot1,robot4,3.6445172241080157
71.00000000000001,robot2,robot3,1.8709428141095068
71.00000000000001,robot2,robot4,1.8073424931719495
71.00000000000001,robot3,robot4,3.205817441349554
71.05000000000001,robot1,robot2,1.8390599495370594
71.05000000000001,robot1,robot3,1.817875029892388
71.05000000000001,robot1,robot4,3.644357801748478
71.05000000000001,robot2,robot3,1.8717325788439974
71.05000000000001,robot2,robot4,1.8052984600118753
71.05000000000001,robot3,robot4,3.206909379651108
71.10000000000002,robot1,robot2,1.840946238783198
71.10000000000002,robot1,robot3,1.8182324783662844
71.10000000000002,robot1,robot4,3.6441983986759015
71.10000000000002,robot2,robot3,1.8725260892826041
71.10000000000002,robot2,robot4,1.8032562235517164
71.10000000000002,robot3,robot4,3.2080014447082172
71.15000000000002,robot1,robot2,1.8425340515335131
71.15000000000002,robot1,robot3,1.8187753826221233
71.15000000000002,robot1,robot4,3.6441799477652377
71.15000000000002,robot2,robot3,1.8739167718402683
71.15000000000002,robot2,robot4,1.8016578298492885
71.15000000000002,robot3,robot4,3.210250241624554
71.20000000000002,robot1,robot2,1.8441235742997273
71.20000000000002,robot1,robot3,1.8193206872635184
71.20000000000002,robot1,robot4,3.6441615253400887
71.20000000000002,robot2,robot3,1.875311819926756
71.20000000000002,robot2,robot4,1.8000618964593964
71.20000000000002,robot3,robot4,3.212499224489868
71.25000000000001,robot1,robot2,1.8454310974309642
71.25000000000001,robot1,robot3,1.819515132007701
71.25000000000001,robot1,robot4,3.6441231545261
71.25000000000001,robot2,robot3,1.8762389541117228
71.25000000000001,robot2,robot4,1.7987317163968617
71.25000000000001,robot3,robot4,3.214505031351212
71.30000000000001,robot1,robot2,1.8467407463271617
71.30000000000001,robot1,robot3,1.8197120567345262
71.30000000000001,robot1,robot4,3.6440847926844406
71.30000000000001,robot2,robot3,1.877171035055144
71.30000000000001,robot2,robot4,1.7974033619655325
71.30000000000001,robot3,robot4,3.2165108382327903
71.35000000000002,robot1,robot2,1.8477520341367515
71.35000000000002,robot1,robot3,1.8195982129042254
71.35000000000002,robot1,robot4,3.6438682096080943
71.35000000000002,robot2,robot3,1.8776460067971412
71.35000000000002,robot2,robot4,1.7962074728649802
71.35000000000002,robot3,robot4,3.218779334456349
71.40000000000002,robot1,robot2,1.8487658154815068
71.40000000000002,robot1,robot3,1.8194868366553247
71.40000000000002,robot1,robot4,3.6436517555397634
71.40000000000002,robot2,robot3,1.8781262440296713
71.40000000000002,robot2,robot4,1.7950160987525987
71.40000000000002,robot3,robot4,3.221047914181036
71.45000000000002,robot1,robot2,1.8494599714438267
71.45000000000002,robot1,robot3,1.819067422184373
71.45000000000002,robot1,robot4,3.6433847187910655
71.45000000000002,robot2,robot3,1.8781541249973337
71.45000000000002,robot2,robot4,1.7941008391938982
71.45000000000002,robot3,robot4,3.2231195362411325
71.50000000000001,robot1,robot2,1.8501569086282925
71.50000000000001,robot1,robot3,1.8186504015681517
71.50000000000001,robot1,robot4,3.6431177417460723
71.50000000000001,robot2,robot3,1.8781874102061806
71.50000000000001,robot2,robot4,1.7931897956373721
71.50000000000001,robot3,robot4,3.2251911589059348
71.55000000000001,robot1,robot2,1.8505238373804458
71.55000000000001,robot1,robot3,1.8179484043187255
71.55000000000001,robot1,robot4,3.6430454373864527
71.55000000000001,robot2,robot3,1.8777660937713327
71.55000000000001,robot2,robot4,1.7928135240365908
71.55000000000001,robot3,robot4,3.227383874216585
71.60000000000002,robot1,robot2,1.8508937401050336
71.60000000000002,robot1,robot3,1.817248611900969
71.60000000000002,robot1,robot4,3.642973220559821
71.60000000000002,robot2,robot3,1.8773500634862959
71.60000000000002,robot2,robot4,1.792442008613946
71.60000000000002,robot3,robot4,3.229576609125724
71.65000000000002,robot1,robot2,1.8507057077779816
71.65000000000002,robot1,robot3,1.8165959737526254
71.65000000000002,robot1,robot4,3.642234443070798
71.65000000000002,robot2,robot3,1.8764865064671392
71.65000000000002,robot2,robot4,1.791996705009317
71.65000000000002,robot3,robot4,3.231835357861305
71.70000000000002,robot1,robot2,1.8505221174836033
71.70000000000002,robot1,robot3,1.8159462677251768
71.70000000000002,robot1,robot4,3.6414960901515463
71.70000000000002,robot2,robot3,1.8756279438292125
71.70000000000002,robot2,robot4,1.7915608515942179
71.70000000000002,robot3,robot4,3.234094258828274
71.75000000000001,robot1,robot2,1.8497508530700153
71.75000000000001,robot1,robot3,1.815519365120901
71.75000000000001,robot1,robot4,3.6404664675560805
71.75000000000001,robot2,robot3,1.8742628951105682
71.75000000000001,robot2,robot4,1.7914444232858577
71.75000000000001,robot3,robot4,3.235997620438132
71.80000000000001,robot1,robot2,1.848986732836393
71.80000000000001,robot1,robot3,1.8150964930617324
71.80000000000001,robot1,robot4,3.6394368588936934
71.80000000000001,robot2,robot3,1.8729025493068234
71.80000000000001,robot2,robot4,1.791336259198981
71.80000000000001,robot3,robot4,3.237900990487665
71.85000000000002,robot1,robot2,1.847822434498577
71.85000000000002,robot1,robot3,1.8142164563985326
71.85000000000002,robot1,robot4,3.638216134394471
71.85000000000002,robot2,robot3,1.8709109444590077
71.85000000000002,robot2,robot4,1.7914642184907013
71.85000000000002,robot3,robot4,3.2396396028455086
71.90000000000002,robot1,robot2,1.8466661960760529
71.90000000000002,robot1,robot3,1.8133404398733295
71.90000000000002,robot1,robot4,3.636995431771808
71.90000000000002,robot2,robot3,1.8689246075928256
71.90000000000002,robot2,robot4,1.791601609162316
71.90000000000002,robot3,robot4,3.2413782222185983
71.95000000000002,robot1,robot2,1.8452298676274044
71.95000000000002,robot1,robot3,1.8129202996408857
71.95000000000002,robot1,robot4,3.6357990508504447
71.95000000000002,robot2,robot3,1.8665475948309616
71.95000000000002,robot2,robot4,1.7920474554250092
71.95000000000002,robot3,robot4,3.2423968479544576
72.00000000000001,robot1,robot2,1.8438012311854548
72.00000000000001,robot1,robot3,1.8125025152313579
72.00000000000001,robot1,robot4,3.6346026701075593
72.00000000000001,robot2,robot3,1.8641730364333127
72.00000000000001,robot2,robot4,1.7925011059154194
72.00000000000001,robot3,robot4,3.243415476614275
72.05000000000001,robot1,robot2,1.8421101902580364
72.05000000000001,robot1,robot3,1.8121959645154961
72.05000000000001,robot1,robot4,3.6335238182507146
72.05000000000001,robot2,robot3,1.8616218400916573
72.05000000000001,robot2,robot4,1.793334151521197
72.05000000000001,robot3,robot4,3.244202744972793
72.10000000000002,robot1,robot2,1.840426237146438
72.10000000000002,robot1,robot3,1.8118912093183186
72.10000000000002,robot1,robot4,3.632444970783177
72.10000000000002,robot2,robot3,1.8590720287675768
72.10000000000002,robot2,robot4,1.7941736638032009
72.10000000000002,robot3,robot4,3.244990013600813
72.15000000000002,robot1,robot2,1.8384893758165282
72.15000000000002,robot1,robot3,1.8114207782437655
72.15000000000002,robot1,robot4,3.6313088135847447
72.15000000000002,robot2,robot3,1.8564699508159284
72.15000000000002,robot2,robot4,1.795214953501948
72.15000000000002,robot3,robot4,3.245817045942439
72.20000000000002,robot1,robot2,1.8365590346612868
72.20000000000002,robot1,robot3,1.8109522144429984
72.20000000000002,robot1,robot4,3.630172656387158
72.20000000000002,robot2,robot3,1.8538690343667745
72.20000000000002,robot2,robot4,1.796262518118385
72.20000000000002,robot3,robot4,3.2466440782840675
72.25000000000001,robot1,robot2,1.8343914615322698
72.25000000000001,robot1,robot3,1.810325507423803
72.25000000000001,robot1,robot4,3.6290148971918668
72.25000000000001,robot2,robot3,1.851206189760678
72.25000000000001,robot2,robot4,1.7975289671181942
72.25000000000001,robot3,robot4,3.2474996425031755
72.30000000000001,robot1,robot2,1.8322298171927007
72.30000000000001,robot1,robot3,1.809700661392651
72.30000000000001,robot1,robot4,3.6278571422178407
72.30000000000001,robot2,robot3,1.8485442741976719
72.30000000000001,robot2,robot4,1.7988014184686987
72.30000000000001,robot3,robot4,3.24835520728876
72.35000000000002,robot1,robot2,1.8298413284676478
72.35000000000002,robot1,robot3,1.8089081220394387
72.35000000000002,robot1,robot4,3.6266961240881828
72.35000000000002,robot2,robot3,1.845858422793307
72.35000000000002,robot2,robot4,1.8002945121514153
72.35000000000002,robot3,robot4,3.249246575021431
72.40000000000002,robot1,robot2,1.8274580159305978
72.40000000000002,robot1,robot3,1.808117411809863
72.40000000000002,robot1,robot4,3.6255351241249887
72.40000000000002,robot2,robot3,1.8431732707276864
72.40000000000002,robot2,robot4,1.801793172932177
72.40000000000002,robot3,robot4,3.2501379454924684
72.45000000000002,robot1,robot2,1.8247952780230572
72.45000000000002,robot1,robot3,1.8071749934675663
72.45000000000002,robot1,robot4,3.624303345818096
72.45000000000002,robot2,robot3,1.8404209032496472
72.45000000000002,robot2,robot4,1.8035024810086904
72.45000000000002,robot3,robot4,3.251057746750471
72.50000000000001,robot1,robot2,1.8221373556348592
72.50000000000001,robot1,robot3,1.8062345300796347
72.50000000000001,robot1,robot4,3.6230715989156215
72.50000000000001,robot2,robot3,1.8376690740837962
72.50000000000001,robot2,robot4,1.805217107600358
72.50000000000001,robot3,robot4,3.2519775545635308
72.55000000000001,robot1,robot2,1.8194107151424734
72.55000000000001,robot1,robot3,1.805263470136769
72.55000000000001,robot1,robot4,3.621850500223918
72.55000000000001,robot2,robot3,1.8350450656353094
72.55000000000001,robot2,robot4,1.8070008626512886
72.55000000000001,robot3,robot4,3.2529163369267584
72.60000000000002,robot1,robot2,1.8166883299820562
72.60000000000002,robot1,robot3,1.8042944144470985
72.60000000000002,robot1,robot4,3.620629429796426
72.60000000000002,robot2,robot3,1.8324214754237067
72.60000000000002,robot2,robot4,1.8087891970257357
72.60000000000002,robot3,robot4,3.2538551316149595
72.65000000000002,robot1,robot2,1.8133511698272884
72.65000000000002,robot1,robot3,1.8033672332611563
72.65000000000002,robot1,robot4,3.6190788231185285
72.65000000000002,robot2,robot3,1.8292163875151555
72.65000000000002,robot2,robot4,1.8109397843641857
72.65000000000002,robot3,robot4,3.2548430428370896
72.70000000000002,robot1,robot2,1.8100211818719132
72.70000000000002,robot1,robot3,1.8024432013922098
72.70000000000002,robot1,robot4,3.6175282166573344
72.70000000000002,robot2,robot3,1.8260118108626777
72.70000000000002,robot2,robot4,1.8130965312274472
72.70000000000002,robot3,robot4,3.2558309781929715
72.75000000000001,robot1,robot2,1.806653575210255
72.75000000000001,robot1,robot3,1.8010988239106978
72.75000000000001,robot1,robot4,3.616133662627323
72.75000000000001,robot2,robot3,1.8220534590352981
72.75000000000001,robot2,robot4,1.8155589483419432
72.75000000000001,robot3,robot4,3.2571846951262993
72.80000000000003,robot1,robot2,1.8032975552051842
72.80000000000003,robot1,robot3,1.7997586053415602
72.80000000000003,robot1,robot4,3.614739115414278
72.80000000000003,robot2,robot3,1.8180972162136964
72.80000000000003,robot2,robot4,1.8180305327482829
72.80000000000003,robot3,robot4,3.258538697207232
72.85000000000002,robot1,robot2,1.8003893182509845
72.85000000000002,robot1,robot3,1.7986177171153541
72.85000000000002,robot1,robot4,3.6136605945564386
72.85000000000002,robot2,robot3,1.8142725361251528
72.85000000000002,robot2,robot4,1.820458391913216
72.85000000000002,robot3,robot4,3.2604745709875207
72.90000000000002,robot1,robot2,1.7974941104621167
72.90000000000002,robot1,robot3,1.7974811029465647
72.90000000000002,robot1,robot4,3.6125821118565593
72.90000000000002,robot2,robot3,1.8104508223588942
72.90000000000002,robot2,robot4,1.8228993233780086
72.90000000000002,robot3,robot4,3.2624105122353932
72.95000000000002,robot1,robot2,1.7950362143467322
72.95000000000002,robot1,robot3,1.7965414036211351
72.95000000000002,robot1,robot4,3.6116211285596176
72.95000000000002,robot2,robot3,1.8067634315369696
72.95000000000002,robot2,robot4,1.8250745270471842
72.95000000000002,robot3,robot4,3.2644336800921923
73.00000000000001,robot1,robot2,1.7925926745317793
73.00000000000001,robot1,robot3,1.7956060262902882
73.00000000000001,robot1,robot4,3.610660169026296
73.00000000000001,robot2,robot3,1.8030799130390742
73.00000000000001,robot2,robot4,1.8272637133293057
73.00000000000001,robot3,robot4,3.266456897849565
73.05000000000003,robot1,robot2,1.7906024136606222
73.05000000000003,robot1,robot3,1.7948507276111425
73.05000000000003,robot1,robot4,3.6098236674067605
73.05000000000003,robot2,robot3,1.79954603375879
73.05000000000003,robot2,robot4,1.829171816116314
73.05000000000003,robot3,robot4,3.268515054300845
73.10000000000002,robot1,robot2,1.7886276177164426
73.10000000000002,robot1,robot3,1.7940997156381802
73.10000000000002,robot1,robot4,3.608987172058803
73.10000000000002,robot2,robot3,1.796017032462942
73.10000000000002,robot2,robot4,1.8310942662159706
73.10000000000002,robot3,robot4,3.270573262741871
73.15000000000002,robot1,robot2,1.7871219790927806
73.15000000000002,robot1,robot3,1.7935514111517683
73.15000000000002,robot1,robot4,3.608265462798573
73.15000000000002,robot2,robot3,1.7926758702724246
73.15000000000002,robot2,robot4,1.8327144575537408
73.15000000000002,robot3,robot4,3.27268778425387
73.20000000000002,robot1,robot2,1.7856328276966682
73.20000000000002,robot1,robot3,1.7930073708496013
73.20000000000002,robot1,robot4,3.6075437543244018
73.20000000000002,robot2,robot3,1.7893406669589211
73.20000000000002,robot2,robot4,1.8343495756646282
73.20000000000002,robot3,robot4,3.274802344155751
73.25000000000001,robot1,robot2,1.7846265321076282
73.25000000000001,robot1,robot3,1.7926130492888028
73.25000000000001,robot1,robot4,3.607004476438031
73.25000000000001,robot2,robot3,1.7861568899091693
73.25000000000001,robot2,robot4,1.835732056974683
73.25000000000001,robot3,robot4,3.2769633180593436
73.30000000000003,robot1,robot2,1.7836374170110916
73.30000000000003,robot1,robot3,1.7922227455930246
73.30000000000003,robot1,robot4,3.6064651987802403
73.30000000000003,robot2,robot3,1.7829802401274655
73.30000000000003,robot2,robot4,1.8371298519497752
73.30000000000003,robot3,robot4,3.2791243323744235
73.35000000000002,robot1,robot2,1.7832298042095553
73.35000000000002,robot1,robot3,1.7920025717224852
73.35000000000002,robot1,robot4,3.606214309785159
73.35000000000002,robot2,robot3,1.7806831950493738
73.35000000000002,robot2,robot4,1.838126922443742
73.35000000000002,robot3,robot4,3.281322615237224
73.40000000000002,robot1,robot2,1.7828347295902107
73.40000000000002,robot1,robot3,1.7917857641484372
73.40000000000002,robot1,robot4,3.605963420990568
73.40000000000002,robot2,robot3,1.778392680085025
73.40000000000002,robot2,robot4,1.8391353664309218
73.40000000000002,robot3,robot4,3.283520929342922
73.45000000000002,robot1,robot2,1.7829754513082898
73.45000000000002,robot1,robot3,1.7917735429819248
73.45000000000002,robot1,robot4,3.6059438388197687
73.45000000000002,robot2,robot3,1.7768258097860912
73.45000000000002,robot2,robot4,1.8397704190127233
73.45000000000002,robot3,robot4,3.2858199971467172
73.50000000000001,robot1,robot2,1.7831262635475371
73.50000000000001,robot1,robot3,1.7917644810702662
73.50000000000001,robot1,robot4,3.605924259893017
73.50000000000001,robot2,robot3,1.7752655217527316
73.50000000000001,robot2,robot4,1.8404145426490195
73.50000000000001,robot3,robot4,3.288119091939646
73.55000000000003,robot1,robot2,1.7837807462647985
73.55000000000003,robot1,robot3,1.7921967575038322
73.55000000000003,robot1,robot4,3.6061512691361823
73.55000000000003,robot2,robot3,1.7739224285022295
73.55000000000003,robot2,robot4,1.8408172217910446
73.55000000000003,robot3,robot4,3.290320248739514
73.60000000000002,robot1,robot2,1.7844452447606796
73.60000000000002,robot1,robot3,1.792631436078817
73.60000000000002,robot1,robot4,3.6063782899148284
73.60000000000002,robot2,robot3,1.7725855367978716
73.60000000000002,robot2,robot4,1.8412288014280032
73.60000000000002,robot3,robot4,3.2925214060177357
73.65000000000002,robot1,robot2,1.7856277075799567
73.65000000000002,robot1,robot3,1.7934965835187004
73.65000000000002,robot1,robot4,3.606742778057267
73.65000000000002,robot2,robot3,1.771595532016972
73.65000000000002,robot2,robot4,1.841261315611801
73.65000000000002,robot3,robot4,3.294606232761968
73.70000000000002,robot1,robot2,1.7868197509592294
73.70000000000002,robot1,robot3,1.794363628548294
73.70000000000002,robot1,robot4,3.6071072906360855
73.70000000000002,robot2,robot3,1.7706114369553247
73.70000000000002,robot2,robot4,1.8413023463217548
73.70000000000002,robot3,robot4,3.2966910797575504
73.75000000000001,robot1,robot2,1.7885348540506565
73.75000000000001,robot1,robot3,1.7954855992118124
73.75000000000001,robot1,robot4,3.607407817406462
73.75000000000001,robot2,robot3,1.770048320788164
73.75000000000001,robot2,robot4,1.8406959305258026
73.75000000000001,robot3,robot4,3.298368155850443
73.80000000000003,robot1,robot2,1.7902586453521192
73.80000000000003,robot1,robot3,1.7966091730070295
73.80000000000003,robot1,robot4,3.6077085043130914
73.80000000000003,robot2,robot3,1.7694913631552427
73.80000000000003,robot2,robot4,1.8400959200761784
73.80000000000003,robot3,robot4,3.3000452390232478
73.85000000000002,robot1,robot2,1.7924441922571128
73.85000000000002,robot1,robot3,1.7979694949393614
73.85000000000002,robot1,robot4,3.6081224199354716
73.85000000000002,robot2,robot3,1.7693052676718197
73.85000000000002,robot2,robot4,1.8391330385943399
73.85000000000002,robot3,robot4,3.3016943803363303
73.90000000000002,robot1,robot2,1.7946374920571013
73.90000000000002,robot1,robot3,1.7993310970883045
73.90000000000002,robot1,robot4,3.608536472390019
73.90000000000002,robot2,robot3,1.769125345992194
73.90000000000002,robot2,robot4,1.8381763723021791
73.90000000000002,robot3,robot4,3.303343569376035
73.95000000000002,robot1,robot2,1.7972880287146529
73.95000000000002,robot1,robot3,1.8008962679680502
73.95000000000002,robot1,robot4,3.609049720308693
73.95000000000002,robot2,robot3,1.769351277827908
73.95000000000002,robot2,robot4,1.8368245283658016
73.95000000000002,robot3,robot4,3.3049210072110657
74.00000000000001,robot1,robot2,1.7999450534182988
74.00000000000001,robot1,robot3,1.8024623795424974
74.00000000000001,robot1,robot4,3.6095630786786375
74.00000000000001,robot2,robot3,1.76958324237799
74.00000000000001,robot2,robot4,1.8354784429475055
74.00000000000001,robot3,robot4,3.3064985654450245
74.05000000000003,robot1,robot2,1.8030062362984927
74.05000000000003,robot1,robot3,1.8041971857746046
74.05000000000003,robot1,robot4,3.6101644978283542
74.05000000000003,robot2,robot3,1.77017691991401
74.05000000000003,robot2,robot4,1.8337696378205461
74.05000000000003,robot3,robot4,3.307968943484242
74.10000000000002,robot1,robot2,1.8060726606922566
74.10000000000002,robot1,robot3,1.8059326125883002
74.10000000000002,robot1,robot4,3.610766000838188
74.10000000000002,robot2,robot3,1.7707763313445326
74.10000000000002,robot2,robot4,1.8320660758184995
74.10000000000002,robot3,robot4,3.309439538457381
74.15000000000002,robot1,robot2,1.8095004342440086
74.15000000000002,robot1,robot3,1.8078144844663966
74.15000000000002,robot1,robot4,3.6114388409145186
74.15000000000002,robot2,robot3,1.7717415079974987
74.15000000000002,robot2,robot4,1.8300087328273182
74.15000000000002,robot3,robot4,3.3107751431709316
74.20000000000002,robot1,robot2,1.8129321688869122
74.20000000000002,robot1,robot3,1.8096967105899273
74.20000000000002,robot1,robot4,3.612111740338746
74.20000000000002,robot2,robot3,1.7727119413443917
74.20000000000002,robot2,robot4,1.8279559738527618
74.20000000000002,robot3,robot4,3.312111085229631
74.25000000000001,robot1,robot2,1.8171342741483094
74.25000000000001,robot1,robot3,1.8123756172781216
74.25000000000001,robot1,robot4,3.6132460233532746
74.25000000000001,robot2,robot3,1.7740019741551167
74.25000000000001,robot2,robot4,1.8255883878588972
74.25000000000001,robot3,robot4,3.313276136848996
74.30000000000003,robot1,robot2,1.8213406133024683
74.30000000000003,robot1,robot3,1.8150546083468144
74.30000000000003,robot1,robot4,3.6143805582284783
74.30000000000003,robot2,robot3,1.7752966646738237
74.30000000000003,robot2,robot4,1.8232246579467364
74.30000000000003,robot3,robot4,3.3144416475269263
74.35000000000002,robot1,robot2,1.8267787381920415
74.35000000000002,robot1,robot3,1.8188741956674752
74.35000000000002,robot1,robot4,3.616110856324237
74.35000000000002,robot2,robot3,1.7768306179837463
74.35000000000002,robot2,robot4,1.8203315239017577
74.35000000000002,robot3,robot4,3.3154325893875454
74.40000000000002,robot1,robot2,1.832223280286822
74.40000000000002,robot1,robot3,1.82269378298852
74.40000000000002,robot1,robot4,3.617842040576675
74.40000000000002,robot2,robot3,1.7783699077267365
74.40000000000002,robot2,robot4,1.817442428478272
74.40000000000002,robot3,robot4,3.3164241088740445
74.45000000000002,robot1,robot2,1.8347738815888195
74.45000000000002,robot1,robot3,1.824216575744846
74.45000000000002,robot1,robot4,3.617711192964552
74.45000000000002,robot2,robot3,1.779950463844781
74.45000000000002,robot2,robot4,1.8152244854481492
74.45000000000002,robot3,robot4,3.317414332946708
74.50000000000001,robot1,robot2,1.8373256119101482
74.50000000000001,robot1,robot3,1.8257398832309055
74.50000000000001,robot1,robot4,3.617580345663106
74.50000000000001,robot2,robot3,1.7815334078172658
74.50000000000001,robot2,robot4,1.8130088439753953
74.50000000000001,robot3,robot4,3.318405192462789
74.55000000000003,robot1,robot2,1.8371912458317996
74.55000000000003,robot1,robot3,1.8255585021954241
74.55000000000003,robot1,robot4,3.617098004307355
74.55000000000003,robot2,robot3,1.7815757028274157
74.55000000000003,robot2,robot4,1.8126564523941788
74.55000000000003,robot3,robot4,3.3181762286303074
74.60000000000002,robot1,robot2,1.837056907866765
74.60000000000002,robot1,robot3,1.8253771211637337
74.60000000000002,robot1,robot4,3.616615711194237
74.60000000000002,robot2,robot3,1.7816180006648452
74.60000000000002,robot2,robot4,1.8123040885171562
74.60000000000002,robot3,robot4,3.3179473187910924
74.65000000000002,robot1,robot2,1.8369341028706636
74.65000000000002,robot1,robot3,1.825228485084607
74.65000000000002,robot1,robot4,3.616511083927229
74.65000000000002,robot2,robot3,1.7816210758480604
74.65000000000002,robot2,robot4,1.812304181387399
74.65000000000002,robot3,robot4,3.317939881908539
74.70000000000002,robot1,robot2,1.8368113042471181
74.70000000000002,robot1,robot3,1.8250798501909447
74.70000000000002,robot1,robot4,3.6164064596581227
74.70000000000002,robot2,robot3,1.7816241510624513
74.70000000000002,robot2,robot4,1.8123042744696596
74.70000000000002,robot3,robot4,3.3179324450567105
74.75000000000001,robot1,robot2,1.8369807053892808
74.75000000000001,robot1,robot3,1.8250827873154825
74.75000000000001,robot1,robot4,3.61641011867024
74.75000000000001,robot2,robot3,1.7816403495077928
74.75000000000001,robot2,robot4,1.8121642824275066
74.75000000000001,robot3,robot4,3.3179318311097425
74.80000000000003,robot1,robot2,1.837150109664424
74.80000000000003,robot1,robot3,1.8250857244441974
74.80000000000003,robot1,robot4,3.6164137776843237
74.80000000000003,robot2,robot3,1.7816565663230388
74.80000000000003,robot2,robot4,1.8120242976695968
74.80000000000003,robot3,robot4,3.317931217163038
74.85000000000002,robot1,robot2,1.8400418826704066
74.85000000000002,robot1,robot3,1.825043229193558
74.85000000000002,robot1,robot4,3.6164165684586864
74.85000000000002,robot2,robot3,1.7817283667457564
74.85000000000002,robot2,robot4,1.8096234928559716
74.85000000000002,robot3,robot4,3.3178456919941666
74.90000000000002,robot1,robot2,1.8429347889941747
74.90000000000002,robot1,robot3,1.8250007377064268
74.90000000000002,robot1,robot4,3.6164193592343516
74.90000000000002,robot2,robot3,1.7818060080547493
74.90000000000002,robot2,robot4,1.8072252689717452
74.90000000000002,robot3,robot4,3.3177601672360226
74.95000000000002,robot1,robot2,1.8462685929263525
74.95000000000002,robot1,robot3,1.8255546408936931
74.95000000000002,robot1,robot4,3.6153999401426185
74.95000000000002,robot2,robot3,1.7830908725786387
74.95000000000002,robot2,robot4,1.8036500772551465
74.95000000000002,robot3,robot4,3.3185727586384557
75.00000000000001,robot1,robot2,1.8496045352993713
75.00000000000001,robot1,robot3,1.8261094069471853
75.00000000000001,robot1,robot4,3.614380686252625
75.00000000000001,robot2,robot3,1.784384675029743
75.00000000000001,robot2,robot4,1.8000825809156635
75.00000000000001,robot3,robot4,3.3193861209068465
75.05000000000003,robot1,robot2,1.8527643672885814
75.05000000000003,robot1,robot3,1.827476731844007
75.05000000000003,robot1,robot4,3.6128919269997537
75.05000000000003,robot2,robot3,1.7867195908123088
75.05000000000003,robot2,robot4,1.7964188923667672
75.05000000000003,robot3,robot4,3.3213811915796803
75.10000000000002,robot1,robot2,1.8559280498437989
75.10000000000002,robot1,robot3,1.8288482611447028
75.10000000000002,robot1,robot4,3.6114033246243755
75.10000000000002,robot2,robot3,1.7890642884617098
75.10000000000002,robot2,robot4,1.7927659999969303
75.10000000000002,robot3,robot4,3.3233780837142213
75.15000000000002,robot1,robot2,1.8584685409390858
75.15000000000002,robot1,robot3,1.83000981811089
75.15000000000002,robot1,robot4,3.609893987520166
75.15000000000002,robot2,robot3,1.7910674619857299
75.15000000000002,robot2,robot4,1.7896980843948218
75.15000000000002,robot3,robot4,3.325383956139577
75.20000000000002,robot1,robot2,1.8610131350949677
75.20000000000002,robot1,robot3,1.8311760865424713
75.20000000000002,robot1,robot4,3.608384724952842
75.20000000000002,robot2,robot3,1.7930793211592735
75.20000000000002,robot2,robot4,1.7866396001300873
75.20000000000002,robot3,robot4,3.3273910713040635
75.25000000000001,robot1,robot2,1.8621619588146734
75.25000000000001,robot1,robot3,1.8319027534660515
75.25000000000001,robot1,robot4,3.6068063616232915
75.25000000000001,robot2,robot3,1.7944065722199083
75.25000000000001,robot2,robot4,1.7846756109128763
75.25000000000001,robot3,robot4,3.3289120560985466
75.30000000000003,robot1,robot2,1.86331316810943
75.30000000000003,robot1,robot3,1.8326329431866601
75.30000000000003,robot1,robot4,3.6052280813374336
75.30000000000003,robot2,robot3,1.7957376101905875
75.30000000000003,robot2,robot4,1.7827171148205194
75.30000000000003,robot3,robot4,3.330433903501015
75.35000000000002,robot1,robot2,1.8642104473737002
75.35000000000002,robot1,robot3,1.832954355627139
75.35000000000002,robot1,robot4,3.6037630254168
75.35000000000002,robot2,robot3,1.7964596006137326
75.35000000000002,robot2,robot4,1.7811442729780473
75.35000000000002,robot3,robot4,3.3317553427549647
75.40000000000002,robot1,robot2,1.8651104645165122
75.40000000000002,robot1,robot3,1.8332788089085086
75.40000000000002,robot1,robot4,3.602298014624137
75.40000000000002,robot2,robot3,1.7971857614531674
75.40000000000002,robot2,robot4,1.7795766489387295
75.40000000000002,robot3,robot4,3.333077160943323
75.45000000000002,robot1,robot2,1.8656865958017306
75.45000000000002,robot1,robot3,1.8332816264014784
75.45000000000002,robot1,robot4,3.6011497673437916
75.45000000000002,robot2,robot3,1.7975274697218122
75.45000000000002,robot2,robot4,1.7786503223649663
75.45000000000002,robot3,robot4,3.3345900479196096
75.50000000000001,robot1,robot2,1.8662657414961035
75.50000000000001,robot1,robot3,1.8332875614900135
75.50000000000001,robot1,robot4,3.6000015387343924
75.50000000000001,robot2,robot3,1.79787357038586
75.50000000000001,robot2,robot4,1.7777286317287009
75.50000000000001,robot3,robot4,3.336103013666095
75.55000000000003,robot1,robot2,1.866494906225905
75.55000000000003,robot1,robot3,1.8329492513613819
75.55000000000003,robot1,robot4,3.598752756761882
75.55000000000003,robot2,robot3,1.7978142251103142
75.55000000000003,robot2,robot4,1.777084728113575
75.55000000000003,robot3,robot4,3.3375228395042487
75.60000000000002,robot1,robot2,1.8667272403372166
75.60000000000002,robot1,robot3,1.832614013315679
75.60000000000002,robot1,robot4,3.597504012529381
75.60000000000002,robot2,robot3,1.797759341513763
75.60000000000002,robot2,robot4,1.7764457161945588
75.60000000000002,robot3,robot4,3.338942695017392
75.65000000000002,robot1,robot2,1.8666016901118059
75.65000000000002,robot1,robot3,1.8319391482009575
75.65000000000002,robot1,robot4,3.596246101617247
75.65000000000002,robot2,robot3,1.7972897364561173
75.65000000000002,robot2,robot4,1.7761638239759867
75.65000000000002,robot3,robot4,3.3402812735472596
75.70000000000002,robot1,robot2,1.8664793201586776
75.70000000000002,robot1,robot3,1.8312671488349261
75.70000000000002,robot1,robot4,3.594988252991378
75.70000000000002,robot2,robot3,1.7968244488146303
75.70000000000002,robot2,robot4,1.7758868182882603
75.70000000000002,robot3,robot4,3.34161985400135
75.75000000000001,robot1,robot2,1.865474122564623
75.75000000000001,robot1,robot3,1.8304484490005446
75.75000000000001,robot1,robot4,3.5931285055894184
75.75000000000001,robot2,robot3,1.795971087757609
75.75000000000001,robot2,robot4,1.7759624720422726
75.75000000000001,robot3,robot4,3.3428656575640687
75.80000000000003,robot1,robot2,1.8644735497102116
75.80000000000003,robot1,robot3,1.8296344136772236
75.80000000000003,robot1,robot4,3.5912687624187907
75.80000000000003,robot2,robot3,1.7951217817788847
75.80000000000003,robot2,robot4,1.776042834916996
75.80000000000003,robot3,robot4,3.34411146778767
75.85000000000002,robot1,robot2,1.8629431972248907
75.85000000000002,robot1,robot3,1.828553099949383
75.85000000000002,robot1,robot4,3.5891078800904332
75.85000000000002,robot2,robot3,1.794088834901995
75.85000000000002,robot2,robot4,1.7762994373689507
75.85000000000002,robot3,robot4,3.345184502669659
75.90000000000002,robot1,robot2,1.8614171271644082
75.90000000000002,robot1,robot3,1.8274768627487459
75.90000000000002,robot1,robot4,3.586947002415563
75.90000000000002,robot2,robot3,1.7930593103478196
75.90000000000002,robot2,robot4,1.7765600367319425
75.90000000000002,robot3,robot4,3.3462575606507046
75.95000000000002,robot1,robot2,1.8596869144517978
75.95000000000002,robot1,robot3,1.8259701625974065
75.95000000000002,robot1,robot4,3.5847837847737063
75.95000000000002,robot2,robot3,1.7919672847006023
75.95000000000002,robot2,robot4,1.7769650902244112
75.95000000000002,robot3,robot4,3.3473845581337827
76.00000000000001,robot1,robot2,1.8579601914917334
76.00000000000001,robot1,robot3,1.8244685588329543
76.00000000000001,robot1,robot4,3.582620603133968
76.00000000000001,robot2,robot3,1.790878869717882
76.00000000000001,robot2,robot4,1.7773738197959374
76.00000000000001,robot3,robot4,3.3485116331985476
76.05000000000003,robot1,robot2,1.856112116076571
76.05000000000003,robot1,robot3,1.822545824747624
76.05000000000003,robot1,robot4,3.5804049071760016
76.05000000000003,robot2,robot3,1.789213969951679
76.05000000000003,robot2,robot4,1.778095037190434
76.05000000000003,robot3,robot4,3.3498779210038396
76.10000000000002,robot1,robot2,1.8542693414498868
76.10000000000002,robot1,robot3,1.8206289584915418
76.10000000000002,robot1,robot4,3.5781893194508294
76.10000000000002,robot2,robot3,1.7875548235410839
76.10000000000002,robot2,robot4,1.7788224898120109
76.10000000000002,robot3,robot4,3.3512443584796983
76.15000000000002,robot1,robot2,1.8524977484440428
76.15000000000002,robot1,robot3,1.8185218765844546
76.15000000000002,robot1,robot4,3.5760338998331647
76.15000000000002,robot2,robot3,1.7854948527482506
76.15000000000002,robot2,robot4,1.779754534478351
76.15000000000002,robot3,robot4,3.35281150963311
76.20000000000002,robot1,robot2,1.8507327719997824
76.20000000000002,robot1,robot3,1.8164205482588542
76.20000000000002,robot1,robot4,3.5738787935854783
76.20000000000002,robot2,robot3,1.7834421559066607
76.20000000000002,robot2,robot4,1.7806960354451293
76.20000000000002,robot3,robot4,3.3543787509363043
76.25000000000001,robot1,robot2,1.8492118960895878
76.25000000000001,robot1,robot3,1.814125858350585
76.25000000000001,robot1,robot4,3.5718594088520965
76.25000000000001,robot2,robot3,1.7815220044143432
76.25000000000001,robot2,robot4,1.7815363070626715
76.25000000000001,robot3,robot4,3.356086580845316
76.30000000000003,robot1,robot2,1.8476969196285948
76.30000000000003,robot1,robot3,1.8118366546380484
76.30000000000003,robot1,robot4,3.569840524512123
76.30000000000003,robot2,robot3,1.7796101725976388
76.30000000000003,robot2,robot4,1.7823866596560918
76.30000000000003,robot3,robot4,3.3577945048524054
76.35000000000002,robot1,robot2,1.8463372717995614
76.35000000000002,robot1,robot3,1.809351747053346
76.35000000000002,robot1,robot4,3.5679226445750256
76.35000000000002,robot2,robot3,1.777879113607066
76.35000000000002,robot2,robot4,1.7831792380156295
76.35000000000002,robot3,robot4,3.359701213237459
76.40000000000002,robot1,robot2,1.8449828960529686
76.40000000000002,robot1,robot3,1.8068724846059274
76.40000000000002,robot1,robot4,3.5660054436582116
76.40000000000002,robot2,robot3,1.7761574465170589
76.40000000000002,robot2,robot4,1.783982221548186
76.40000000000002,robot3,robot4,3.3616080386615574
76.45000000000002,robot1,robot2,1.8437281797777292
76.45000000000002,robot1,robot3,1.8043331551170079
76.45000000000002,robot1,robot4,3.564284643819324
76.45000000000002,robot2,robot3,1.7750772763508071
76.45000000000002,robot2,robot4,1.7846386161263155
76.45000000000002,robot3,robot4,3.363676255596138
76.50000000000001,robot1,robot2,1.8424765219806731
76.50000000000001,robot1,robot3,1.8017993890164348
76.50000000000001,robot1,robot4,3.5625645929095793
76.50000000000001,robot2,robot3,1.7740054107724699
76.50000000000001,robot2,robot4,1.7853025940330116
76.50000000000001,robot3,robot4,3.3657446258355677
76.55000000000003,robot1,robot2,1.8407678484469452
76.55000000000003,robot1,robot3,1.7991929766782924
76.55000000000003,robot1,robot4,3.560395118158972
76.55000000000003,robot2,robot3,1.7733380382945882
76.55000000000003,robot2,robot4,1.7859107144077082
76.55000000000003,robot3,robot4,3.3680293192401485
76.60000000000002,robot1,robot2,1.8390620746918787
76.60000000000002,robot1,robot3,1.7965948685360298
76.60000000000002,robot1,robot4,3.5582262880542026
76.60000000000002,robot2,robot3,1.7726788264657531
76.60000000000002,robot2,robot4,1.786525347765881
76.60000000000002,robot3,robot4,3.370314194173892
76.65000000000002,robot1,robot2,1.837428523401998
76.65000000000002,robot1,robot3,1.7938983540948594
76.65000000000002,robot1,robot4,3.5560527801910147
76.65000000000002,robot2,robot3,1.7726330709169624
76.65000000000002,robot2,robot4,1.7871824540137193
76.65000000000002,robot3,robot4,3.373537847251163
76.70000000000002,robot1,robot2,1.8357983630848456
76.70000000000002,robot1,robot3,1.7912144551127867
76.70000000000002,robot1,robot4,3.5538800877054073
76.70000000000002,robot2,robot3,1.7725985647500677
76.70000000000002,robot2,robot4,1.7878475778365446
76.70000000000002,robot3,robot4,3.376761721624137
76.75000000000001,robot1,robot2,1.8344145407634824
76.75000000000001,robot1,robot3,1.7889540831856188
76.75000000000001,robot1,robot4,3.551876741368427
76.75000000000001,robot2,robot3,1.7731234626119527
76.75000000000001,robot2,robot4,1.7884709489680006
76.75000000000001,robot3,robot4,3.3804819885114767
76.80000000000003,robot1,robot2,1.833034601703142
76.80000000000003,robot1,robot3,1.7867088176916226
76.80000000000003,robot1,robot4,3.5498739666113486
76.80000000000003,robot2,robot3,1.7736602835453024
76.80000000000003,robot2,robot4,1.7891020732406526
76.80000000000003,robot3,robot4,3.3842024715338788
76.85000000000002,robot1,robot2,1.8318441616960757
76.85000000000002,robot1,robot3,1.7851001405484923
76.85000000000002,robot1,robot4,3.547905515363465
76.85000000000002,robot2,robot3,1.7747263194521716
76.85000000000002,robot2,robot4,1.789605551272263
76.85000000000002,robot3,robot4,3.3882101353445098
76.90000000000002,robot1,robot2,1.8306581821544403
76.90000000000002,robot1,robot3,1.7835086575444479
76.90000000000002,robot1,robot4,3.5459373918574757
76.90000000000002,robot2,robot3,1.775803540323366
76.90000000000002,robot2,robot4,1.7901163394829958
76.90000000000002,robot3,robot4,3.3922179112452384
76.95000000000002,robot1,robot2,1.8302080304397774
76.95000000000002,robot1,robot3,1.7825226032395771
76.95000000000002,robot1,robot4,3.5441507717029332
76.95000000000002,robot2,robot3,1.7772104384698653
76.95000000000002,robot2,robot4,1.7903440258191303
76.95000000000002,robot3,robot4,3.3966018828930347
77.00000000000001,robot1,robot2,1.8297647494369322
77.00000000000001,robot1,robot3,1.7815556704049413
77.00000000000001,robot1,robot4,3.54236430490894
77.00000000000001,robot2,robot3,1.778631656709731
77.00000000000001,robot2,robot4,1.7905813858088102
77.00000000000001,robot3,robot4,3.4009859207654785
77.05000000000003,robot1,robot2,1.8298667004845601
77.05000000000003,robot1,robot3,1.7811563729364834
77.05000000000003,robot1,robot4,3.5408274937435524
77.05000000000003,robot2,robot3,1.7805362179788715
77.05000000000003,robot2,robot4,1.790631489560317
77.05000000000003,robot3,robot4,3.4057327581030954
77.10000000000002,robot1,robot2,1.829976537085927
77.10000000000002,robot1,robot3,1.7807773773431086
77.10000000000002,robot1,robot4,3.539290751211038
77.10000000000002,robot2,robot3,1.7824561029792585
77.10000000000002,robot2,robot4,1.7906920015840246
77.10000000000002,robot3,robot4,3.4104796221301514
77.15000000000002,robot1,robot2,1.8304822257403242
77.15000000000002,robot1,robot3,1.781029964684831
77.15000000000002,robot1,robot4,3.5381128664174915
77.15000000000002,robot2,robot3,1.7848759372321943
77.15000000000002,robot2,robot4,1.7908114614688646
77.15000000000002,robot3,robot4,3.415767134513017
77.20000000000002,robot1,robot2,1.8309957536127714
77.20000000000002,robot1,robot3,1.7813027739679748
77.20000000000002,robot1,robot4,3.5369351403253066
77.20000000000002,robot2,robot3,1.7873097464989114
77.20000000000002,robot2,robot4,1.79094295242255
77.20000000000002,robot3,robot4,3.4210546820210297
77.25000000000001,robot1,robot2,1.831572146860792
77.25000000000001,robot1,robot3,1.7823719724987968
77.25000000000001,robot1,robot4,3.5354656909596076
77.25000000000001,robot2,robot3,1.7901983444548826
77.25000000000001,robot2,robot4,1.7907856122934565
77.25000000000001,robot3,robot4,3.426367043771181
77.30000000000003,robot1,robot2,1.8321580479197206
77.30000000000003,robot1,robot3,1.783464342049205
77.30000000000003,robot1,robot4,3.5339962484001015
77.30000000000003,robot2,robot3,1.7930995310272118
77.30000000000003,robot2,robot4,1.7906395762087355
77.30000000000003,robot3,robot4,3.431679528280142
77.35000000000002,robot1,robot2,1.8326904914249027
77.35000000000002,robot1,robot3,1.7853237659181747
77.35000000000002,robot1,robot4,3.532145109049527
77.35000000000002,robot2,robot3,1.7963973856597
77.35000000000002,robot2,robot4,1.7902640428342547
77.35000000000002,robot3,robot4,3.437046147610367
77.40000000000002,robot1,robot2,1.8332347341554494
77.40000000000002,robot1,robot3,1.7872102956518583
77.40000000000002,robot1,robot4,3.530294024423461
77.40000000000002,robot2,robot3,1.7997066553330303
77.40000000000002,robot2,robot4,1.7898993808284305
77.40000000000002,robot3,robot4,3.4424130215213875
77.45000000000002,robot1,robot2,1.8343180272005726
77.45000000000002,robot1,robot3,1.7893891183395527
77.45000000000002,robot1,robot4,3.528690402941613
77.45000000000002,robot2,robot3,1.8026426736147692
77.45000000000002,robot2,robot4,1.789470848125012
77.45000000000002,robot3,robot4,3.447517958508158
77.50000000000001,robot1,robot2,1.8354146142607675
77.50000000000001,robot1,robot3,1.791590359479533
77.50000000000001,robot1,robot4,3.5270868099666894
77.50000000000001,robot2,robot3,1.8055903742593453
77.50000000000001,robot2,robot4,1.789056121853364
77.50000000000001,robot3,robot4,3.4526233897766794
77.55000000000003,robot1,robot2,1.8375273019036353
77.55000000000003,robot1,robot3,1.7939983901180778
77.55000000000003,robot1,robot4,3.5256511248029767
77.55000000000003,robot2,robot3,1.8083587593010977
77.55000000000003,robot2,robot4,1.7882590162309397
77.55000000000003,robot3,robot4,3.4577326207110453
77.60000000000002,robot1,robot2,1.8396576430012745
77.60000000000002,robot1,robot3,1.7964275456330003
77.60000000000002,robot1,robot4,3.5242154780809014
77.60000000000002,robot2,robot3,1.811144399226634
77.60000000000002,robot2,robot4,1.7874821755402204
77.60000000000002,robot3,robot4,3.4628424103040003
77.65000000000002,robot1,robot2,1.8417955265833672
77.65000000000002,robot1,robot3,1.798996627630873
77.65000000000002,robot1,robot4,3.5229029097616706
77.65000000000002,robot2,robot3,1.8135979024180786
77.65000000000002,robot2,robot4,1.7869658858957684
77.65000000000002,robot3,robot4,3.4678702163720048
77.70000000000002,robot1,robot2,1.8439526508316317
77.70000000000002,robot1,robot3,1.8015853686089933
77.70000000000002,robot1,robot4,3.521590393072141
77.70000000000002,robot2,robot3,1.8160681043355733
77.70000000000002,robot2,robot4,1.7864709277581314
77.70000000000002,robot3,robot4,3.472898615398959
77.75000000000001,robot1,robot2,1.8457427899165693
77.75000000000001,robot1,robot3,1.8040781333936877
77.75000000000001,robot1,robot4,3.520104121598429
77.75000000000001,robot2,robot3,1.8184886146399852
77.75000000000001,robot2,robot4,1.7862382874944904
77.75000000000001,robot3,robot4,3.478097352253745
77.80000000000003,robot1,robot2,1.847552620767539
77.80000000000003,robot1,robot3,1.8065924254023111
77.80000000000003,robot1,robot4,3.5186178790077496
77.80000000000003,robot2,robot3,1.820925460630392
77.80000000000003,robot2,robot4,1.78602730632709
77.80000000000003,robot3,robot4,3.4832966740330953
77.85000000000002,robot1,robot2,1.8486171811749592
77.85000000000002,robot1,robot3,1.8088423186428533
77.85000000000002,robot1,robot4,3.5170474780436565
77.85000000000002,robot2,robot3,1.823022891594344
77.85000000000002,robot2,robot4,1.7866031645793647
77.85000000000002,robot3,robot4,3.4888965149066857
77.90000000000002,robot1,robot2,1.8497012341078225
77.90000000000002,robot1,robot3,1.8111148637068832
77.90000000000002,robot1,robot4,3.5154771238342595
77.90000000000002,robot2,robot3,1.82513466611097
77.90000000000002,robot2,robot4,1.787203083158151
77.90000000000002,robot3,robot4,3.494497252307692
77.95000000000002,robot1,robot2,1.8502483148254052
77.95000000000002,robot1,robot3,1.8131457697701123
77.95000000000002,robot1,robot4,3.513734717930659
77.95000000000002,robot2,robot3,1.8268622035973325
77.95000000000002,robot2,robot4,1.788315044786293
77.95000000000002,robot3,robot4,3.500226372281443
78.00000000000001,robot1,robot2,1.850815709277669
78.00000000000001,robot1,robot3,1.8152002239854983
78.00000000000001,robot1,robot4,3.5119924956287987
78.00000000000001,robot2,robot3,1.8286034114290615
78.00000000000001,robot2,robot4,1.7894530001858115
78.00000000000001,robot3,robot4,3.5059565229762923
78.05000000000003,robot1,robot2,1.8507084874521027
78.05000000000003,robot1,robot3,1.8172161874214372
78.05000000000003,robot1,robot4,3.5095367630574823
78.05000000000003,robot2,robot3,1.829808430130393
78.05000000000003,robot2,robot4,1.7909818231761185
78.05000000000003,robot3,robot4,3.5117134053940857
78.10000000000002,robot1,robot2,1.850628235194741
78.10000000000002,robot1,robot3,1.819261096144532
78.10000000000002,robot1,robot4,3.507081172517253
78.10000000000002,robot2,robot3,1.8310286960244508
78.10000000000002,robot2,robot4,1.7925408539626102
78.10000000000002,robot3,robot4,3.517471331790783
78.15000000000002,robot1,robot2,1.8508080645039884
78.15000000000002,robot1,robot3,1.8210026334282174
78.15000000000002,robot1,robot4,3.504402260421596
78.15000000000002,robot2,robot3,1.8314531560164187
78.15000000000002,robot2,robot4,1.7943337067627647
78.15000000000002,robot3,robot4,3.5232050388123195
78.20000000000002,robot1,robot2,1.851022453616379
78.20000000000002,robot1,robot3,1.822773226565774
78.20000000000002,robot1,robot4,3.501723724958466
78.20000000000002,robot2,robot3,1.831899011818337
78.20000000000002,robot2,robot4,1.7961691520079623
78.20000000000002,robot3,robot4,3.5289399645071904
78.25000000000001,robot1,robot2,1.8507436967946829
78.25000000000001,robot1,robot3,1.8240810045995768
78.25000000000001,robot1,robot4,3.4989332398371427
78.25000000000001,robot2,robot3,1.8318565252416057
78.25000000000001,robot2,robot4,1.7984416874730753
78.25000000000001,robot3,robot4,3.5345447647399038
78.30000000000003,robot1,robot2,1.8504986993145927
78.30000000000003,robot1,robot3,1.8254169539305263
78.30000000000003,robot1,robot4,3.4961434241706946
78.30000000000003,robot2,robot3,1.8318346251405988
78.30000000000003,robot2,robot4,1.8007568520066792
78.30000000000003,robot3,robot4,3.5401507002280312
78.35000000000002,robot1,robot2,1.8498288495879827
78.35000000000002,robot1,robot3,1.8259802072585565
78.35000000000002,robot1,robot4,3.493229674711676
78.35000000000002,robot2,robot3,1.8311148809323785
78.35000000000002,robot2,robot4,1.803384634037413
78.35000000000002,robot3,robot4,3.545332667359477
78.40000000000002,robot1,robot2,1.8491913832518792
78.40000000000002,robot1,robot3,1.8265694235547139
78.40000000000002,robot1,robot4,3.490316935493537
78.40000000000002,robot2,robot3,1.8304163127616622
78.40000000000002,robot2,robot4,1.8060544377471028
78.40000000000002,robot3,robot4,3.5505154204101146
78.45000000000002,robot1,robot2,1.8480793916007097
78.45000000000002,robot1,robot3,1.8265301831818304
78.45000000000002,robot1,robot4,3.4871720169710576
78.45000000000002,robot2,robot3,1.8293079618157515
78.45000000000002,robot2,robot4,1.8090157055443863
78.45000000000002,robot3,robot4,3.5555579308346617
78.50000000000001,robot1,robot2,1.8469996582533517
78.50000000000001,robot1,robot3,1.8265179565922693
78.50000000000001,robot1,robot4,3.4840283793627442
78.50000000000001,robot2,robot3,1.8282221679527897
78.50000000000001,robot2,robot4,1.8120184317343473
78.50000000000001,robot3,robot4,3.560600927157242
78.55000000000003,robot1,robot2,1.8451352231275617
78.55000000000003,robot1,robot3,1.8260594219938462
78.55000000000003,robot1,robot4,3.4801921495524115
78.55000000000003,robot2,robot3,1.8267571322878413
78.55000000000003,robot2,robot4,1.8153225156889496
78.55000000000003,robot3,robot4,3.5655809141346477
78.60000000000002,robot1,robot2,1.8433073001591453
78.60000000000002,robot1,robot3,1.825633995794337
78.60000000000002,robot1,robot4,3.476357122628512
78.60000000000002,robot2,robot3,1.8253170255985662
78.60000000000002,robot2,robot4,1.8186681490986767
78.60000000000002,robot3,robot4,3.5705611377476822
78.65000000000002,robot1,robot2,1.8419860414716092
78.65000000000002,robot1,robot3,1.8247850809413826
78.65000000000002,robot1,robot4,3.472531210855417
78.65000000000002,robot2,robot3,1.8237249413715046
78.65000000000002,robot2,robot4,1.8220049468391284
78.65000000000002,robot3,robot4,3.575692854542916
78.70000000000002,robot1,robot2,1.840704925395974
78.70000000000002,robot1,robot3,1.8239706461686818
78.70000000000002,robot1,robot4,3.4687068661865896
78.70000000000002,robot2,robot3,1.8221664534575317
78.70000000000002,robot2,robot4,1.8253912587281123
78.70000000000002,robot3,robot4,3.5808246987610284
78.75000000000001,robot1,robot2,1.8397752057972323
78.75000000000001,robot1,robot3,1.8227982682941766
78.75000000000001,robot1,robot4,3.46445222065538
78.75000000000001,robot2,robot3,1.820677491514216
78.75000000000001,robot2,robot4,1.8279042990556844
78.75000000000001,robot3,robot4,3.585124836603917
78.80000000000003,robot1,robot2,1.838883713716014
78.80000000000003,robot1,robot3,1.821659256032806
78.80000000000003,robot1,robot4,3.460198659363069
78.80000000000003,robot2,robot3,1.819226095514243
78.80000000000003,robot2,robot4,1.8304641006706481
78.80000000000003,robot3,robot4,3.5894249874323902
78.85000000000002,robot1,robot2,1.8382899246343731
78.85000000000002,robot1,robot3,1.8202011438800514
78.85000000000002,robot1,robot4,3.4555652221962165
78.85000000000002,robot2,robot3,1.8179441541029246
78.85000000000002,robot2,robot4,1.8322957989097322
78.85000000000002,robot3,robot4,3.593149500624245
78.90000000000002,robot1,robot2,1.837731019534959
78.90000000000002,robot1,robot3,1.8187749710794345
78.90000000000002,robot1,robot4,3.4509329781162066
78.90000000000002,robot2,robot3,1.8167022391982672
78.90000000000002,robot2,robot4,1.8341746650962665
78.90000000000002,robot3,robot4,3.5968740258236744
78.95000000000002,robot1,robot2,1.837406239273245
78.95000000000002,robot1,robot3,1.8170985144194158
78.95000000000002,robot1,robot4,3.4454826000515864
78.95000000000002,robot2,robot3,1.8153819803111684
78.95000000000002,robot2,robot4,1.8354551456300972
78.95000000000002,robot3,robot4,3.6000990258997745
79.00000000000001,robot1,robot2,1.837120197764425
79.00000000000001,robot1,robot3,1.8154569550193136
79.00000000000001,robot1,robot4,3.4400334222290616
79.00000000000001,robot2,robot3,1.8141097145239036
79.00000000000001,robot2,robot4,1.8367902173980026
79.00000000000001,robot3,robot4,3.6033240415539933
79.05000000000003,robot1,robot2,1.8368773850415954
79.05000000000003,robot1,robot3,1.8138094734431167
79.05000000000003,robot1,robot4,3.433770206328639
79.05000000000003,robot2,robot3,1.8128760359884641
79.05000000000003,robot2,robot4,1.83756005521153
79.05000000000003,robot3,robot4,3.6060386877068114
79.10000000000002,robot1,robot2,1.8366762611448433
79.10000000000002,robot1,robot3,1.8121999243725833
79.10000000000002,robot1,robot4,3.4275080047127497
79.10000000000002,robot2,robot3,1.8116942463740946
79.10000000000002,robot2,robot4,1.8383882845549797
79.10000000000002,robot3,robot4,3.608753366377094
79.15000000000002,robot1,robot2,1.836814152300118
79.15000000000002,robot1,robot3,1.8104751889269974
79.15000000000002,robot1,robot4,3.4209415639278293
79.15000000000002,robot2,robot3,1.8109158734428414
79.15000000000002,robot2,robot4,1.8386538502885748
79.15000000000002,robot3,robot4,3.611281825014666
79.20000000000002,robot1,robot2,1.8369926536535197
79.20000000000002,robot1,robot3,1.8087904528488088
79.20000000000002,robot1,robot4,3.4143760315937652
79.20000000000002,robot2,robot3,1.8101942803296005
79.20000000000002,robot2,robot4,1.83897909861015
79.20000000000002,robot3,robot4,3.613810292980666
79.25000000000001,robot1,robot2,1.8374783600062479
79.25000000000001,robot1,robot3,1.8069000776875428
79.25000000000001,robot1,robot4,3.407455950010394
79.25000000000001,robot2,robot3,1.810120293318237
79.25000000000001,robot2,robot4,1.8386538951886784
79.25000000000001,robot3,robot4,3.6163029834167664
79.30000000000003,robot1,robot2,1.8380032273421074
79.30000000000003,robot1,robot3,1.8050548523610017
79.30000000000003,robot1,robot4,3.4005365710594804
79.30000000000003,robot2,robot3,1.810110268546091
79.30000000000003,robot2,robot4,1.8383883719510952
79.30000000000003,robot3,robot4,3.618795690578982
79.35000000000002,robot1,robot2,1.8390477499619204
79.35000000000002,robot1,robot3,1.8036401588613091
79.35000000000002,robot1,robot4,3.3927337473731236
79.35000000000002,robot2,robot3,1.8105309872767303
79.35000000000002,robot2,robot4,1.8374283275514443
79.35000000000002,robot3,robot4,3.6211060631561534
79.40000000000002,robot1,robot2,1.8401388955771796
79.40000000000002,robot1,robot3,1.8022781102696106
79.40000000000002,robot1,robot4,3.384931311611062
79.40000000000002,robot2,robot3,1.8110256374775595
79.40000000000002,robot2,robot4,1.836538224573885
79.40000000000002,robot3,robot4,3.623416436794425
79.45000000000002,robot1,robot2,1.8417172985250754
79.45000000000002,robot1,robot3,1.801333372091976
79.45000000000002,robot1,robot4,3.3766715664507903
79.45000000000002,robot2,robot3,1.8118932306433653
79.45000000000002,robot2,robot4,1.8351387224804692
79.45000000000002,robot3,robot4,3.6255382037839574
79.50000000000001,robot1,robot2,1.8433454940954508
79.50000000000001,robot1,robot3,1.800443735805704
79.50000000000001,robot1,robot4,3.368412067974164
79.50000000000001,robot2,robot3,1.8128388153181192
79.50000000000001,robot2,robot4,1.8338157966491613
79.50000000000001,robot3,robot4,3.62765998346317
79.55000000000003,robot1,robot2,1.8452375906539797
79.55000000000003,robot1,robot3,1.7999488147757143
79.55000000000003,robot1,robot4,3.359931076958941
79.55000000000003,robot2,robot3,1.8143607650698919
79.55000000000003,robot2,robot4,1.8321472491994186
79.55000000000003,robot3,robot4,3.6298657549361257
79.60000000000002,robot1,robot2,1.8471790831578847
79.60000000000002,robot1,robot3,1.799511892888736
79.60000000000002,robot1,robot4,3.351450253848319
79.60000000000002,robot2,robot3,1.8159603851626291
79.60000000000002,robot2,robot4,1.8305567937794216
79.60000000000002,robot3,robot4,3.6320715694936427
79.65000000000002,robot1,robot2,1.8484018583882813
79.65000000000002,robot1,robot3,1.7999524706987406
79.65000000000002,robot1,robot4,3.341576372935418
79.65000000000002,robot2,robot3,1.8181064384587755
79.65000000000002,robot2,robot4,1.8286407049089761
79.65000000000002,robot3,robot4,3.634314003764157
79.70000000000002,robot1,robot2,1.8496831233335624
79.70000000000002,robot1,robot3,1.8004679588445889
79.70000000000002,robot1,robot4,3.3317024924048937
79.70000000000002,robot2,robot3,1.82032636234193
79.70000000000002,robot2,robot4,1.8268020677949752
79.70000000000002,robot3,robot4,3.636556553004642
79.75000000000001,robot1,robot2,1.8515902847579435
79.75000000000001,robot1,robot3,1.8014697475592676
79.75000000000001,robot1,robot4,3.3212111243660014
79.75000000000001,robot2,robot3,1.8229757647775389
79.75000000000001,robot2,robot4,1.824506432762707
79.75000000000001,robot3,robot4,3.638728644878765
79.80000000000003,robot1,robot2,1.8535640507533064
79.80000000000003,robot1,robot3,1.802553526555315
79.80000000000003,robot1,robot4,3.3107197994135595
79.80000000000003,robot2,robot3,1.8257084371963685
79.80000000000003,robot2,robot4,1.8222994229428915
79.80000000000003,robot3,robot4,3.640900885897886
79.85000000000002,robot1,robot2,1.8560307225400403
79.85000000000002,robot1,robot3,1.8037925460005793
79.85000000000002,robot1,robot4,3.2999977171365162
79.85000000000002,robot2,robot3,1.828491665937325
79.85000000000002,robot2,robot4,1.8198376758220074
79.85000000000002,robot3,robot4,3.6427440127157587
79.90000000000002,robot1,robot2,1.8585658709943542
79.90000000000002,robot1,robot3,1.8051113438511215
79.90000000000002,robot1,robot4,3.289275694778104
79.90000000000002,robot2,robot3,1.831361924340736
79.90000000000002,robot2,robot4,1.8174723658534666
79.90000000000002,robot3,robot4,3.644587372651396
79.95000000000002,robot1,robot2,1.861187743784128
79.95000000000002,robot1,robot3,1.8064950699905749
79.95000000000002,robot1,robot4,3.2779599868973355
79.95000000000002,robot2,robot3,1.8342665805745095
79.95000000000002,robot2,robot4,1.8149442376106897
79.95000000000002,robot3,robot4,3.6461534990077222
80.00000000000001,robot1,robot2,1.8638782853528832
80.00000000000001,robot1,robot3,1.8079581942503542
80.00000000000001,robot1,robot4,3.2666442798606
80.00000000000001,robot2,robot3,1.8372582744429276
80.00000000000001,robot2,robot4,1.8125248675998895
80.00000000000001,robot3,robot4,3.647720358254591
80.05000000000003,robot1,robot2,1.866669452710698
80.05000000000003,robot1,robot3,1.8094573824239417
80.05000000000003,robot1,robot4,3.2553651580947043
80.05000000000003,robot2,robot3,1.8402473503584396
80.05000000000003,robot2,robot4,1.810191731097633
80.05000000000003,robot3,robot4,3.6491747093512124
80.10000000000002,robot1,robot2,1.869528744843739
80.10000000000002,robot1,robot3,1.8110343556280213
80.10000000000002,robot1,robot4,3.244086036678121
80.10000000000002,robot2,robot3,1.8433229328026075
80.10000000000002,robot2,robot4,1.807967210788126
80.10000000000002,robot3,robot4,3.6506297135761394
80.15000000000002,robot1,robot2,1.8724899903198429
80.15000000000002,robot1,robot3,1.8126971387234003
80.15000000000002,robot1,robot4,3.232810281470476
80.15000000000002,robot2,robot3,1.8464498948219539
80.15000000000002,robot2,robot4,1.8058245705835456
80.15000000000002,robot3,robot4,3.652023515167072
80.20000000000002,robot1,robot2,1.8755192460364154
80.20000000000002,robot1,robot3,1.8144369953506245
80.20000000000002,robot1,robot4,3.2215345316648367
80.20000000000002,robot2,robot3,1.8496629485017002
80.20000000000002,robot2,robot4,1.803790786493821
80.20000000000002,robot3,robot4,3.653417911552414
80.25000000000001,robot1,robot2,1.8791741162588562
80.25000000000001,robot1,robot3,1.816289849329259
80.25000000000001,robot1,robot4,3.210044776582404
80.25000000000001,robot2,robot3,1.8529510599924797
80.25000000000001,robot2,robot4,1.8017934931854003
80.25000000000001,robot3,robot4,3.654724765624424
80.30000000000003,robot1,robot2,1.882903022040702
80.30000000000003,robot1,robot3,1.8182214711637865
80.30000000000003,robot1,robot4,3.198555042953764
80.30000000000003,robot2,robot3,1.8563356657202401
80.30000000000003,robot2,robot4,1.7999179179632043
80.30000000000003,robot3,robot4,3.6560321716694464
80.35000000000002,robot1,robot2,1.8866912079916538
80.35000000000002,robot1,robot3,1.8201926101973394
80.35000000000002,robot1,robot4,3.1862850974848778
80.35000000000002,robot2,robot3,1.859643837526962
80.35000000000002,robot2,robot4,1.7982497566809923
80.35000000000002,robot3,robot4,3.6572226294934866
80.40000000000002,robot1,robot2,1.8905640794879195
80.40000000000002,robot1,robot3,1.8222513941289775
80.40000000000002,robot1,robot4,3.174015184413896
80.40000000000002,robot2,robot3,1.8630596032014122
80.40000000000002,robot2,robot4,1.796717322724974
80.40000000000002,robot3,robot4,3.658413610097825
80.45000000000002,robot1,robot2,1.8941423866489033
80.45000000000002,robot1,robot3,1.8238990495490703
80.45000000000002,robot1,robot4,3.1615905192018823
80.45000000000002,robot2,robot3,1.8665134595030393
80.45000000000002,robot2,robot4,1.7954445120101175
80.45000000000002,robot3,robot4,3.659653388874178
80.50000000000001,robot1,robot2,1.8978033498257938
80.50000000000001,robot1,robot3,1.825638588012699
80.50000000000001,robot1,robot4,3.1491658547788455
80.50000000000001,robot2,robot3,1.8700773782998938
80.50000000000001,robot2,robot4,1.794307096770505
80.50000000000001,robot3,robot4,3.6608934931576473
80.55000000000003,robot1,robot2,1.9012084140857641
80.55000000000003,robot1,robot3,1.8267729221327025
80.55000000000003,robot1,robot4,3.1364792717141388
80.55000000000003,robot2,robot3,1.8736757596343234
80.55000000000003,robot2,robot4,1.7934150546496477
80.55000000000003,robot3,robot4,3.6621339495517167
80.60000000000002,robot1,robot2,1.9046939356453065
80.60000000000002,robot1,robot3,1.8280043769597496
80.60000000000002,robot1,robot4,3.1237927508202197
80.60000000000002,robot2,robot3,1.8773901364575256
80.60000000000002,robot2,robot4,1.79266252845788
80.60000000000002,robot3,robot4,3.6633745999142655
80.65000000000002,robot1,robot2,1.9079452640443473
80.65000000000002,robot1,robot3,1.8287438492541819
80.65000000000002,robot1,robot4,3.110755380223301
80.65000000000002,robot2,robot3,1.8808177847979468
80.65000000000002,robot2,robot4,1.7921936919409687
80.65000000000002,robot3,robot4,3.664313829888108
