time_s,distance_m,label
0.1,1.1996870026673625,ICGP+RVO
0.15,1.1996870026673625,ICGP+RVO
0.2,1.1996870026673625,ICGP+RVO
0.25,1.1996875026673617,ICGP+RVO
0.3,1.1996880026673602,ICGP+RVO
0.3500000000000001,1.1996880026673602,ICGP+RVO
0.4000000000000001,1.1996880026673602,ICGP+RVO
0.45,1.1998500059011543,ICGP+RVO
0.5000000000000001,1.2000120104015628,ICGP+RVO
0.5500000000000002,1.1999595084612231,ICGP+RVO
0.6000000000000002,1.1999070067209376,ICGP+RVO
0.6500000000000001,1.1998965064589946,ICGP+RVO
0.7000000000000002,1.1998860062022558,ICGP+RVO
0.7500000000000002,1.1998845062022636,ICGP+RVO
0.8000000000000002,1.1998830062022714,ICGP+RVO
0.8500000000000002,1.199882506202274,ICGP+RVO
0.9000000000000002,1.1998820062022766,ICGP+RVO
0.9500000000000004,1.1998820062022764,ICGP+RVO
1.0000000000000004,1.1998820062022764,ICGP+RVO
1.0500000000000005,1.1998820063043698,ICGP+RVO
1.1000000000000003,1.1998820064072966,ICGP+RVO
1.1500000000000004,1.1998820064072968,ICGP+RVO
1.2000000000000004,1.1998820064072968,ICGP+RVO
1.2500000000000004,1.1998820064072968,ICGP+RVO
1.3000000000000005,1.1998820064072968,ICGP+RVO
1.3500000000000003,1.1998820064072968,ICGP+RVO
1.4000000000000006,1.1998820064072968,ICGP+RVO
1.4500000000000006,1.1996965148088494,ICGP+RVO
1.5000000000000004,1.1995110266812892,ICGP+RVO
1.5500000000000005,1.19957052185824,ICGP+RVO
1.6000000000000003,1.1996300175158172,ICGP+RVO
1.6500000000000006,1.199656016339684,ICGP+RVO
1.7000000000000006,1.1996820152044458,ICGP+RVO
1.7500000000000009,1.199686514966514,ICGP+RVO
1.8000000000000007,1.1996910147304598,ICGP+RVO
1.8500000000000008,1.1996910147304598,ICGP+RVO
1.9000000000000008,1.1996910147304598,ICGP+RVO
1.9500000000000008,1.1996915148875773,ICGP+RVO
2.0000000000000004,1.1996920150455284,ICGP+RVO
2.0500000000000007,1.1996920150455284,ICGP+RVO
2.100000000000001,1.1996920150455284,ICGP+RVO
2.150000000000001,1.1996920151248194,ICGP+RVO
2.2000000000000006,1.1996920152043191,ICGP+RVO
2.250000000000001,1.1996920152043191,ICGP+RVO
2.3000000000000007,1.1996920152043191,ICGP+RVO
2.350000000000001,1.199692015284027,ICGP+RVO
2.400000000000001,1.1996920153639434,ICGP+RVO
2.450000000000001,1.199692015444068,ICGP+RVO
2.500000000000001,1.1996920155244013,ICGP+RVO
2.5500000000000007,1.1996920155244013,ICGP+RVO
2.600000000000001,1.1996920155244013,ICGP+RVO
2.650000000000001,1.1996920156049429,ICGP+RVO
2.700000000000001,1.1996920156856925,ICGP+RVO
2.750000000000001,1.1996920156856925,ICGP+RVO
2.800000000000001,1.1996920156856925,ICGP+RVO
2.850000000000001,1.1996920157666509,ICGP+RVO
2.900000000000001,1.1996920158478177,ICGP+RVO
2.950000000000001,1.1996920159291926,ICGP+RVO
3.000000000000001,1.199692016010776,ICGP+RVO
3.050000000000001,1.199692016010776,ICGP+RVO
3.100000000000001,1.199692016010776,ICGP+RVO
3.150000000000001,1.199692016010776,ICGP+RVO
3.200000000000001,1.199692016010776,ICGP+RVO
3.2500000000000013,1.199692016174568,ICGP+RVO
3.300000000000001,1.1996920163391935,ICGP+RVO
3.350000000000001,1.199692516339187,ICGP+RVO
3.400000000000001,1.19969301633918,ICGP+RVO
3.450000000000001,1.1996925163391867,ICGP+RVO
3.5000000000000013,1.1996920163391935,ICGP+RVO
3.550000000000001,1.199692016421819,ICGP+RVO
3.6000000000000014,1.1996920165046527,ICGP+RVO
3.650000000000001,1.199692516504646,ICGP+RVO
3.7000000000000015,1.1996930165046389,ICGP+RVO
3.750000000000001,1.1996925166709382,ICGP+RVO
3.800000000000001,1.1996920168380716,ICGP+RVO
3.8500000000000014,1.1996920168380716,ICGP+RVO
3.900000000000001,1.1996920168380716,ICGP+RVO
3.9500000000000015,1.1996925168380648,ICGP+RVO
4.000000000000001,1.1996930168380575,ICGP+RVO
4.050000000000002,1.199693016921933,ICGP+RVO
4.100000000000001,1.1996930170060172,ICGP+RVO
4.150000000000001,1.1996930170903095,ICGP+RVO
4.200000000000001,1.1996930171748104,ICGP+RVO
4.250000000000001,1.1996930171748104,ICGP+RVO
4.300000000000001,1.1996930171748104,ICGP+RVO
4.350000000000001,1.1996930172595195,ICGP+RVO
4.400000000000001,1.1996930173444371,ICGP+RVO
4.450000000000001,1.1996930173444371,ICGP+RVO
4.500000000000001,1.1996930173444371,ICGP+RVO
4.550000000000001,1.1996930173444371,ICGP+RVO
4.600000000000001,1.1996930173444371,ICGP+RVO
4.650000000000001,1.19969351751489,ICGP+RVO
4.700000000000001,1.1996940176861766,ICGP+RVO
4.750000000000001,1.1996935176861838,ICGP+RVO
4.800000000000002,1.199693017686191,ICGP+RVO
4.850000000000001,1.199693017686191,ICGP+RVO
4.900000000000001,1.199693017686191,ICGP+RVO
4.950000000000001,1.1996935177721433,ICGP+RVO
5.000000000000001,1.1996940178583038,ICGP+RVO
5.050000000000002,1.199693517858311,ICGP+RVO
5.100000000000001,1.1996930178583185,ICGP+RVO
5.150000000000001,1.1996930178583185,ICGP+RVO
5.200000000000001,1.1996930178583185,ICGP+RVO
5.250000000000002,1.199693518031272,ICGP+RVO
5.300000000000002,1.1996940182050588,ICGP+RVO
5.350000000000001,1.1996935182050663,ICGP+RVO
5.400000000000001,1.1996930182050738,ICGP+RVO
5.450000000000001,1.1996935182050663,ICGP+RVO
5.500000000000002,1.1996940182050588,ICGP+RVO
5.550000000000002,1.1996940182922686,ICGP+RVO
5.600000000000001,1.1996940183796867,ICGP+RVO
5.650000000000001,1.1996935184673208,ICGP+RVO
5.700000000000001,1.1996930185551635,ICGP+RVO
5.750000000000002,1.1996935185551558,ICGP+RVO
5.800000000000002,1.199694018555148,ICGP+RVO
5.850000000000001,1.1996940186431913,ICGP+RVO
5.900000000000001,1.199694018731443,ICGP+RVO
5.950000000000002,1.1996935187314508,ICGP+RVO
6.000000000000002,1.1996930187314585,ICGP+RVO
6.050000000000002,1.199693518819911,ICGP+RVO
6.100000000000001,1.1996940189085714,ICGP+RVO
6.150000000000001,1.1996940189974483,ICGP+RVO
6.200000000000002,1.1996940190865335,ICGP+RVO
6.250000000000002,1.1996935190865414,ICGP+RVO
6.300000000000002,1.1996930190865494,ICGP+RVO
6.350000000000001,1.199693519175835,ICGP+RVO
6.400000000000002,1.1996940192653291,ICGP+RVO
6.450000000000002,1.1996940193550396,ICGP+RVO
6.500000000000002,1.1996940194449583,ICGP+RVO
6.550000000000002,1.1996935194449665,ICGP+RVO
6.600000000000001,1.1996930194449746,ICGP+RVO
6.650000000000002,1.1996935195350935,ICGP+RVO
6.700000000000002,1.199694019625421,ICGP+RVO
6.750000000000002,1.199694019625421,ICGP+RVO
6.800000000000002,1.199694019625421,ICGP+RVO
6.850000000000002,1.1995830012380344,ICGP+RVO
6.900000000000002,1.1994720443011584,ICGP+RVO
6.950000000000002,1.2000373027019826,ICGP+RVO
7.000000000000002,1.2006034997870862,ICGP+RVO
7.050000000000002,1.200803039207513,ICGP+RVO
7.100000000000002,1.2010026255495865,ICGP+RVO
7.150000000000002,1.2009100056994275,ICGP+RVO
7.200000000000002,1.200821033651976,ICGP+RVO
7.250000000000002,1.2012748867917369,ICGP+RVO
7.300000000000002,1.2017303393960723,ICGP+RVO
7.350000000000002,1.20176637089515,ICGP+RVO
7.400000000000002,1.201803223440926,ICGP+RVO
7.450000000000002,1.2021563825177863,ICGP+RVO
7.500000000000002,1.2025095445924745,ICGP+RVO
7.550000000000002,1.2030642658217598,ICGP+RVO
7.600000000000002,1.2036189891826232,ICGP+RVO
7.650000000000002,1.205363655028017,ICGP+RVO
7.700000000000002,1.2071083538643084,ICGP+RVO
7.750000000000002,1.2094980032084592,ICGP+RVO
7.800000000000002,1.2118877105119932,ICGP+RVO
7.850000000000002,1.214457600632583,ICGP+RVO
7.900000000000002,1.2170275046296202,ICGP+RVO
7.950000000000002,1.2197040584413297,ICGP+RVO
8.000000000000004,1.2223806315284942,ICGP+RVO
8.050000000000002,1.22520319920585,ICGP+RVO
8.100000000000003,1.2280258500377754,ICGP+RVO
8.150000000000002,1.230933296040549,ICGP+RVO
8.200000000000003,1.233840990160402,ICGP+RVO
8.250000000000002,1.236724769619033,ICGP+RVO
8.300000000000002,1.2396089442566152,ICGP+RVO
8.350000000000003,1.2421158428302894,ICGP+RVO
8.400000000000002,1.24462302577648,ICGP+RVO
8.450000000000003,1.2464315616512005,ICGP+RVO
8.500000000000002,1.2482402012825895,ICGP+RVO
8.550000000000002,1.2499566410265,ICGP+RVO
8.600000000000003,1.2516731352813322,ICGP+RVO
8.650000000000002,1.253439387473124,ICGP+RVO
8.700000000000003,1.2552058009541704,ICGP+RVO
8.750000000000002,1.2570023851449128,ICGP+RVO
8.800000000000002,1.2587991201542048,ICGP+RVO
8.850000000000003,1.2602740252945983,ICGP+RVO
8.900000000000002,1.2617490008024574,ICGP+RVO
8.950000000000003,1.262855021958281,ICGP+RVO
9.000000000000002,1.2639610717886056,ICGP+RVO
9.050000000000002,1.264617607733757,ICGP+RVO
9.100000000000003,1.265274150925403,ICGP+RVO
9.150000000000002,1.2654991540895038,ICGP+RVO
9.200000000000005,1.26572415728586,ICGP+RVO
9.250000000000004,1.2655136666715614,ICGP+RVO
9.300000000000002,1.2653031763308742,ICGP+RVO
9.350000000000003,1.2643450052866303,ICGP+RVO
9.400000000000002,1.2633881391765556,ICGP+RVO
9.450000000000005,1.2619288912051465,ICGP+RVO
9.500000000000004,1.260469706952531,ICGP+RVO
9.550000000000002,1.2586993319714004,ICGP+RVO
9.600000000000003,1.2569289904159262,ICGP+RVO
9.650000000000002,1.2548488002469658,ICGP+RVO
9.700000000000005,1.2527686559173643,ICGP+RVO
9.750000000000004,1.2503856422665167,ICGP+RVO
9.800000000000002,1.248002683875319,ICGP+RVO
9.850000000000003,1.245357451620317,ICGP+RVO
9.900000000000002,1.2427122933748584,ICGP+RVO
9.950000000000005,1.2403689372219056,ICGP+RVO
10.000000000000004,1.23802559758068,ICGP+RVO
10.050000000000002,1.236920046533425,ICGP+RVO
10.100000000000003,1.235814565430429,ICGP+RVO
10.150000000000002,1.2354309647071542,ICGP+RVO
10.200000000000005,1.235047462098927,ICGP+RVO
10.250000000000004,1.2353240860551535,ICGP+RVO
10.300000000000002,1.235601159567682,ICGP+RVO
10.350000000000003,1.2366307487581936,ICGP+RVO
10.400000000000004,1.2376611569456322,ICGP+RVO
10.450000000000005,1.2394344215396191,ICGP+RVO
10.500000000000004,1.2412078250498586,ICGP+RVO
10.550000000000002,1.2436189116164165,ICGP+RVO
10.600000000000003,1.24603021340937,ICGP+RVO
10.650000000000004,1.2492554326337753,ICGP+RVO
10.700000000000005,1.25248166524744,ICGP+RVO
10.750000000000004,1.2564682531381368,ICGP+RVO
10.800000000000002,1.2604583961071467,ICGP+RVO
10.850000000000003,1.2647037108856765,ICGP+RVO
10.900000000000004,1.2689520641556955,ICGP+RVO
10.950000000000005,1.2735196253392609,ICGP+RVO
11.000000000000004,1.2780880398478036,ICGP+RVO
11.050000000000002,1.2824054690523004,ICGP+RVO
11.100000000000003,1.2867233192357246,ICGP+RVO
11.150000000000004,1.2907470401736356,ICGP+RVO
11.200000000000005,1.2947710779859891,ICGP+RVO
11.250000000000004,1.2985484094980828,ICGP+RVO
11.300000000000002,1.302326556651979,ICGP+RVO
11.350000000000003,1.3053420418312782,ICGP+RVO
11.400000000000004,1.3083583139553172,ICGP+RVO
11.450000000000005,1.310577558763788,ICGP+RVO
11.500000000000004,1.3127976684733258,ICGP+RVO
11.550000000000004,1.3141979654208304,ICGP+RVO
11.600000000000003,1.3155992789569324,ICGP+RVO
11.650000000000004,1.3163598594887531,ICGP+RVO
11.700000000000005,1.3171231031551305,ICGP+RVO
11.750000000000004,1.3174217225331646,ICGP+RVO
11.800000000000004,1.3177251998865318,ICGP+RVO
11.850000000000003,1.3173261097322295,ICGP+RVO
11.900000000000004,1.316927771265,ICGP+RVO
11.950000000000005,1.3163299244904372,ICGP+RVO
12.000000000000004,1.3157326568452268,ICGP+RVO
12.050000000000004,1.3150188797855715,ICGP+RVO
12.100000000000003,1.314306754375477,ICGP+RVO
12.150000000000004,1.3136604268592398,ICGP+RVO
12.200000000000005,1.313016070962195,ICGP+RVO
12.250000000000004,1.3123824246621103,ICGP+RVO
12.300000000000004,1.3117506314543934,ICGP+RVO
12.350000000000003,1.3111589893344362,ICGP+RVO
12.400000000000004,1.3105691930306465,ICGP+RVO
12.450000000000005,1.3101677950462107,ICGP+RVO
12.500000000000004,1.3097682879815042,ICGP+RVO
12.550000000000004,1.3102143093257683,ICGP+RVO
12.600000000000003,1.310662591965606,ICGP+RVO
12.650000000000004,1.3120338518249064,ICGP+RVO
12.700000000000005,1.3134071710844282,ICGP+RVO
12.750000000000004,1.3156861930295158,ICGP+RVO
12.800000000000004,1.3179670962941374,ICGP+RVO
12.850000000000003,1.3212921424645272,ICGP+RVO
12.900000000000004,1.324619275301398,ICGP+RVO
12.950000000000005,1.3286431503384386,ICGP+RVO
13.000000000000004,1.3326692595032723,ICGP+RVO
13.050000000000004,1.337350088418512,ICGP+RVO
13.100000000000003,1.342033057432268,ICGP+RVO
13.150000000000004,1.347271028102457,ICGP+RVO
13.200000000000005,1.3525115306924378,ICGP+RVO
13.250000000000004,1.3577820246262842,ICGP+RVO
13.300000000000004,1.3630538449617464,ICGP+RVO
13.350000000000003,1.3673926622797494,ICGP+RVO
13.400000000000004,1.3717326572685369,ICGP+RVO
13.450000000000005,1.3751627300856073,ICGP+RVO
13.500000000000004,1.3785940704794144,ICGP+RVO
13.550000000000004,1.3813918723854215,ICGP+RVO
13.600000000000003,1.38419130368927,ICGP+RVO
13.650000000000004,1.38658826170109,ICGP+RVO
13.700000000000005,1.388986696037079,ICGP+RVO
13.750000000000004,1.3909002341215024,ICGP+RVO
13.800000000000004,1.3928153434626571,ICGP+RVO
13.850000000000003,1.394208100183488,ICGP+RVO
13.900000000000004,1.3956024898487394,ICGP+RVO
13.950000000000005,1.3966318093737164,ICGP+RVO
14.000000000000004,1.3976626651728232,ICGP+RVO
14.050000000000004,1.39850320600142,ICGP+RVO
14.100000000000003,1.3993447418720664,ICGP+RVO
14.150000000000004,1.399903519248559,ICGP+RVO
14.200000000000005,1.4004633140289682,ICGP+RVO
14.250000000000004,1.4007465307765357,ICGP+RVO
14.300000000000004,1.4010307722576971,ICGP+RVO
14.350000000000003,1.4005597570460888,ICGP+RVO
14.400000000000004,1.4000888524393729,ICGP+RVO
14.450000000000005,1.3997650179942704,ICGP+RVO
14.500000000000004,1.3994417247091784,ICGP+RVO
14.550000000000004,1.3995266281419942,ICGP+RVO
14.600000000000003,1.3996132084418895,ICGP+RVO
14.650000000000004,1.3992766900875966,ICGP+RVO
14.700000000000005,1.3989412993921508,ICGP+RVO
14.750000000000004,1.3984832589001557,ICGP+RVO
14.800000000000004,1.3980256687174957,ICGP+RVO
14.850000000000003,1.3985643656143434,ICGP+RVO
14.900000000000004,1.399103204296953,ICGP+RVO
14.950000000000005,1.4006157138389173,ICGP+RVO
15.000000000000004,1.4021283373985425,ICGP+RVO
15.050000000000004,1.404623801688997,ICGP+RVO
15.100000000000003,1.4071193529651282,ICGP+RVO
15.150000000000004,1.4105744916554392,ICGP+RVO
15.200000000000005,1.4140296909418135,ICGP+RVO
15.250000000000004,1.4185805061607364,ICGP+RVO
15.300000000000004,1.4231315804605005,ICGP+RVO
15.350000000000003,1.4282711038350708,ICGP+RVO
15.400000000000004,1.4334108638171408,ICGP+RVO
15.450000000000005,1.439113354114436,ICGP+RVO
15.500000000000004,1.4448160467675468,ICGP+RVO
15.550000000000004,1.4510631527788518,ICGP+RVO
15.600000000000003,1.457310411183905,ICGP+RVO
15.650000000000006,1.4640538334276687,ICGP+RVO
15.700000000000005,1.470797610333931,ICGP+RVO
15.750000000000004,1.4775392321601826,ICGP+RVO
15.800000000000004,1.4842815231895874,ICGP+RVO
15.850000000000003,1.490294265557142,ICGP+RVO
15.900000000000006,1.4963070428772305,ICGP+RVO
15.950000000000005,1.5013257201424517,ICGP+RVO
16.000000000000007,1.5063444478010342,ICGP+RVO
16.050000000000004,1.5104009918946195,ICGP+RVO
16.10000000000001,1.514457589764072,ICGP+RVO
16.150000000000006,1.5177552444192874,ICGP+RVO
16.200000000000006,1.521053451743561,ICGP+RVO
16.250000000000007,1.5238523418304843,ICGP+RVO
16.300000000000008,1.5266515372474496,ICGP+RVO
16.35000000000001,1.5291002774528069,ICGP+RVO
16.400000000000006,1.5315491830199257,ICGP+RVO
16.450000000000006,1.5336914261314925,ICGP+RVO
16.500000000000007,1.5358338259238855,ICGP+RVO
16.550000000000008,1.536735685431054,ICGP+RVO
16.60000000000001,1.5376784928602596,ICGP+RVO
16.650000000000006,1.5378334002384657,ICGP+RVO
16.700000000000006,1.5381330352102187,ICGP+RVO
16.750000000000007,1.537909689254623,ICGP+RVO
16.800000000000008,1.5378248260878091,ICGP+RVO
16.85000000000001,1.5374666188345358,ICGP+RVO
16.900000000000006,1.5372551908365766,ICGP+RVO
16.950000000000006,1.5376625289399493,ICGP+RVO
17.000000000000007,1.538215766108903,ICGP+RVO
17.050000000000008,1.5384525478100552,ICGP+RVO
17.10000000000001,1.5388354050011328,ICGP+RVO
17.150000000000006,1.5394685633966352,ICGP+RVO
17.200000000000006,1.540247250635105,ICGP+RVO
17.250000000000007,1.541283827273631,ICGP+RVO
17.300000000000008,1.5424651486325391,ICGP+RVO
17.35000000000001,1.5439475845903905,ICGP+RVO
17.400000000000006,1.5455734778495651,ICGP+RVO
17.450000000000006,1.5474606201519314,ICGP+RVO
17.500000000000007,1.5494901173289233,ICGP+RVO
17.550000000000008,1.551811441069195,ICGP+RVO
17.60000000000001,1.5542731917166304,ICGP+RVO
17.650000000000006,1.557014913040415,ICGP+RVO
17.700000000000006,1.5598951403764296,ICGP+RVO
17.750000000000007,1.56355245136556,ICGP+RVO
17.800000000000008,1.567342579626101,ICGP+RVO
17.85000000000001,1.5710139306140007,ICGP+RVO
17.900000000000006,1.5748296404894089,ICGP+RVO
17.950000000000006,1.577678435326493,ICGP+RVO
18.000000000000007,1.5806628535411973,ICGP+RVO
18.050000000000008,1.584042561385426,ICGP+RVO
18.10000000000001,1.5875484582314334,ICGP+RVO
18.15000000000001,1.5906245129380006,ICGP+RVO
18.200000000000006,1.593834537080936,ICGP+RVO
18.250000000000007,1.5967954891071685,ICGP+RVO
18.300000000000008,1.5837774577272488,ICGP+RVO
18.35000000000001,1.5558688008247947,ICGP+RVO
18.40000000000001,1.5279749567257257,ICGP+RVO
18.450000000000006,1.5007812965933738,ICGP+RVO
18.500000000000007,1.4736051572266533,ICGP+RVO
18.550000000000008,1.4483866121682567,ICGP+RVO
18.60000000000001,1.4231918944597717,ICGP+RVO
18.65000000000001,1.407341915157256,ICGP+RVO
18.700000000000006,1.391495409769646,ICGP+RVO
18.750000000000007,1.3795485036700394,ICGP+RVO
18.800000000000008,1.3676115124365529,ICGP+RVO
18.85000000000001,1.355295436258178,ICGP+RVO
18.90000000000001,1.3429908777798876,ICGP+RVO
18.950000000000006,1.3309589666073465,ICGP+RVO
19.000000000000007,1.3189382926619406,ICGP+RVO
19.050000000000008,1.3069221334449292,ICGP+RVO
19.10000000000001,1.2949155340673753,ICGP+RVO
19.15000000000001,1.282805397410104,ICGP+RVO
19.200000000000006,1.2707032888322105,ICGP+RVO
19.250000000000007,1.2585119588697775,ICGP+RVO
19.300000000000008,1.2463272393717453,ICGP+RVO
19.35000000000001,1.2340530249648898,ICGP+RVO
19.40000000000001,1.2217841215943157,ICGP+RVO
19.450000000000006,1.2094562949559176,ICGP+RVO
19.500000000000007,1.197132508816796,ICGP+RVO
19.550000000000008,1.1856610004341444,ICGP+RVO
19.60000000000001,1.1741916893761413,ICGP+RVO
19.65000000000001,1.164627272247433,ICGP+RVO
19.700000000000006,1.1550644876689775,ICGP+RVO
19.750000000000007,1.1455033765268865,ICGP+RVO
19.800000000000008,1.1359439810765315,ICGP+RVO
19.85000000000001,1.1352316039563248,ICGP+RVO
19.90000000000001,1.1345192304253815,ICGP+RVO
19.950000000000006,1.1345498004816712,ICGP+RVO
20.000000000000007,1.1345803712390763,ICGP+RVO
20.050000000000008,1.1346046122981566,ICGP+RVO
20.10000000000001,1.1346288545546512,ICGP+RVO
20.15000000000001,1.133061593315319,ICGP+RVO
20.200000000000006,1.1314944691800295,ICGP+RVO
20.250000000000007,1.122373447268331,ICGP+RVO
20.300000000000008,1.1132544916329763,ICGP+RVO
20.35000000000001,1.103248447381752,ICGP+RVO
20.40000000000001,1.093244721772758,ICGP+RVO
20.45000000000001,1.0841204654421464,ICGP+RVO
20.500000000000007,1.0749990132283829,ICGP+RVO
20.550000000000008,1.0651275653588386,ICGP+RVO
20.60000000000001,1.0552597899271046,ICGP+RVO
20.65000000000001,1.0454477041905283,ICGP+RVO
20.70000000000001,1.035639780619688,ICGP+RVO
20.750000000000007,1.0258927897923822,ICGP+RVO
20.800000000000008,1.016150521012511,ICGP+RVO
20.85000000000001,1.0079116689949803,ICGP+RVO
20.90000000000001,0.9996764829288516,ICGP+RVO
20.95000000000001,0.99604645686396,ICGP+RVO
21.000000000000007,0.9924173521598656,ICGP+RVO
21.050000000000008,0.9886813224242172,ICGP+RVO
21.10000000000001,0.984946090424242,ICGP+RVO
21.15000000000001,0.9812279533218816,ICGP+RVO
21.20000000000001,0.9775106050703484,ICGP+RVO
21.250000000000007,0.9738113741423432,ICGP+RVO
21.300000000000008,0.970112855276642,ICGP+RVO
21.35000000000001,0.9663588710568392,ICGP+RVO
21.40000000000001,0.962605588857658,ICGP+RVO
21.45000000000001,0.958867044092401,ICGP+RVO
21.500000000000007,0.9551291886828708,ICGP+RVO
21.550000000000008,0.9513893577060072,ICGP+RVO
21.60000000000001,0.9476502697962992,ICGP+RVO
21.65000000000001,0.9436502672405964,ICGP+RVO
21.70000000000001,0.9396509105758364,ICGP+RVO
21.750000000000007,0.9353604594251348,ICGP+RVO
21.800000000000008,0.931070947957243,ICGP+RVO
21.85000000000001,0.92678422327921,ICGP+RVO
21.90000000000001,0.9224983688663078,ICGP+RVO
21.95000000000001,0.9182097223023172,ICGP+RVO
22.000000000000007,0.913922183591688,ICGP+RVO
22.050000000000008,0.9096647303795498,ICGP+RVO
22.10000000000001,0.9054084861922816,ICGP+RVO
22.15000000000001,0.9011768399443022,ICGP+RVO
22.20000000000001,0.8969464727111637,ICGP+RVO
22.250000000000007,0.892710777329645,ICGP+RVO
22.300000000000008,0.8884764775530068,ICGP+RVO
22.35000000000001,0.8842662992313167,ICGP+RVO
22.40000000000001,0.8800576384817067,ICGP+RVO
22.45000000000001,0.8758522338478384,ICGP+RVO
22.500000000000007,0.8716484552186157,ICGP+RVO
22.550000000000008,0.8674542165003575,ICGP+RVO
22.60000000000001,0.8632617516431498,ICGP+RVO
22.65000000000001,0.8602153118767702,ICGP+RVO
22.70000000000001,0.8571696171079556,ICGP+RVO
22.75000000000001,0.8554389858762573,ICGP+RVO
22.800000000000008,0.8537088726732314,ICGP+RVO
22.85000000000001,0.8519075864131328,ICGP+RVO
22.90000000000001,0.850106750177882,ICGP+RVO
22.95000000000001,0.8488810165933149,ICGP+RVO
23.00000000000001,0.8476553151487931,ICGP+RVO
23.050000000000008,0.846429645983941,ICGP+RVO
23.10000000000001,0.8452040092391895,ICGP+RVO
23.15000000000001,0.8445919759524417,ICGP+RVO
23.20000000000001,0.8439815876101799,ICGP+RVO
23.25000000000001,0.843308697935993,ICGP+RVO
23.300000000000008,0.842637492078889,ICGP+RVO
23.35000000000001,0.8418488695276604,ICGP+RVO
23.40000000000001,0.8410620211595574,ICGP+RVO
23.45000000000001,0.8402274440621716,ICGP+RVO
23.50000000000001,0.8393946640407003,ICGP+RVO
23.550000000000008,0.8390016973494451,ICGP+RVO
23.60000000000001,0.8386114968666957,ICGP+RVO
23.65000000000001,0.8386794996451267,ICGP+RVO
23.70000000000001,0.8387509759022638,ICGP+RVO
23.75000000000001,0.8386982068753932,ICGP+RVO
23.800000000000008,0.8386491161963983,ICGP+RVO
23.85000000000001,0.8387118827729222,ICGP+RVO
23.90000000000001,0.838778572273398,ICGP+RVO
23.95000000000001,0.8389220409981489,ICGP+RVO
24.00000000000001,0.8390678930819604,ICGP+RVO
24.050000000000008,0.8394641457210963,ICGP+RVO
24.10000000000001,0.839861706779158,ICGP+RVO
24.15000000000001,0.8404696362054076,ICGP+RVO
24.20000000000001,0.8410784829164282,ICGP+RVO
24.25000000000001,0.8419320649295288,ICGP+RVO
24.300000000000008,0.8427861589211111,ICGP+RVO
24.35000000000001,0.8438119223027429,ICGP+RVO
24.40000000000001,0.8448379263799657,ICGP+RVO
24.45000000000001,0.8463208997705897,ICGP+RVO
24.50000000000001,0.8478042058966214,ICGP+RVO
24.550000000000008,0.8503482102575689,ICGP+RVO
24.60000000000001,0.8528929006768674,ICGP+RVO
24.65000000000001,0.855831070803696,ICGP+RVO
24.70000000000001,0.8587696508988899,ICGP+RVO
24.75000000000001,0.8617422283329575,ICGP+RVO
24.80000000000001,0.8647148980328724,ICGP+RVO
24.85000000000001,0.8676947193529536,ICGP+RVO
24.90000000000001,0.8706745412173259,ICGP+RVO
24.95000000000001,0.8736346761394326,ICGP+RVO
25.00000000000001,0.8765949301752785,ICGP+RVO
25.05000000000001,0.8795112004785677,ICGP+RVO
25.10000000000001,0.882427921249096,ICGP+RVO
25.15000000000001,0.885268232144925,ICGP+RVO
25.20000000000001,0.88810947339841,ICGP+RVO
25.25000000000001,0.8908368141901754,ICGP+RVO
25.30000000000001,0.8935657162637793,ICGP+RVO
25.35000000000001,0.8962009509464106,ICGP+RVO
25.40000000000001,0.8988384881195293,ICGP+RVO
25.45000000000001,0.90178158794716,ICGP+RVO
25.50000000000001,0.9047277943939832,ICGP+RVO
25.55000000000001,0.9084685790126436,ICGP+RVO
25.60000000000001,0.9122136021623448,ICGP+RVO
25.65000000000001,0.9160404363696238,ICGP+RVO
25.70000000000001,0.9198709104504834,ICGP+RVO
25.75000000000001,0.9237866999493182,ICGP+RVO
25.80000000000001,0.9277054932261648,ICGP+RVO
25.85000000000001,0.9316870803604078,ICGP+RVO
25.90000000000001,0.935670689131599,ICGP+RVO
25.95000000000001,0.939656293827962,ICGP+RVO
26.00000000000001,0.9436438691593358,ICGP+RVO
26.05000000000001,0.9477055087275276,ICGP+RVO
26.10000000000001,0.9517684061030818,ICGP+RVO
26.15000000000001,0.9558945551568444,ICGP+RVO
26.20000000000001,0.9600215908874142,ICGP+RVO
26.25000000000001,0.9641747135583114,ICGP+RVO
26.30000000000001,0.9683284229562829,ICGP+RVO
26.35000000000001,0.9722517602856274,ICGP+RVO
26.40000000000001,0.9761759841058382,ICGP+RVO
26.45000000000001,0.9798426666894036,ICGP+RVO
26.50000000000001,0.9835104351886672,ICGP+RVO
26.55000000000001,0.987107979149192,ICGP+RVO
26.60000000000001,0.9907061255109918,ICGP+RVO
26.65000000000001,0.9942507675029733,ICGP+RVO
26.70000000000001,0.9977956498482046,ICGP+RVO
26.75000000000001,1.0007660071517726,ICGP+RVO
26.80000000000001,1.0037364308273364,ICGP+RVO
26.85000000000001,1.0044537410355197,ICGP+RVO
26.90000000000001,1.0051711411918869,ICGP+RVO
26.95000000000001,1.0048522050735869,ICGP+RVO
27.00000000000001,1.004533336159632,ICGP+RVO
27.05000000000001,1.004796069644234,ICGP+RVO
27.10000000000001,1.0050588629617672,ICGP+RVO
27.15000000000001,1.0052948359288685,ICGP+RVO
27.20000000000001,1.0055308733425343,ICGP+RVO
27.25000000000001,1.005793462821518,ICGP+RVO
27.30000000000001,1.006056101656861,ICGP+RVO
27.35000000000001,1.0062504576571631,ICGP+RVO
27.40000000000001,1.006444903644507,ICGP+RVO
27.45000000000001,1.0065155419689256,ICGP+RVO
27.50000000000001,1.0065864807774838,ICGP+RVO
27.55000000000001,1.0061698582079717,ICGP+RVO
27.60000000000001,1.0057536703313588,ICGP+RVO
27.65000000000001,1.0052343043471257,ICGP+RVO
27.70000000000001,1.0047158587988942,ICGP+RVO
27.75000000000001,1.004165346834499,ICGP+RVO
27.80000000000001,1.00361629876811,ICGP+RVO
27.85000000000001,1.0029701209477777,ICGP+RVO
27.90000000000001,1.0023261840164608,ICGP+RVO
27.95000000000001,1.0016538464145184,ICGP+RVO
28.00000000000001,1.0009845217969155,ICGP+RVO
28.05000000000001,1.0003119227232322,ICGP+RVO
28.10000000000001,0.999643214953215,ICGP+RVO
28.15000000000001,0.9989826282315922,ICGP+RVO
28.20000000000001,0.9983269315770258,ICGP+RVO
28.25000000000001,0.9979152305514232,ICGP+RVO
28.30000000000001,0.9975084182552046,ICGP+RVO
28.35000000000001,0.9983312398688126,ICGP+RVO
28.40000000000001,0.9991563478905592,ICGP+RVO
28.45000000000001,0.999810950642733,ICGP+RVO
28.50000000000001,1.0004680130631365,ICGP+RVO
28.55000000000001,1.0011298938542517,ICGP+RVO
28.60000000000001,1.0017942049647723,ICGP+RVO
28.65000000000001,1.0023619734238975,ICGP+RVO
28.70000000000001,1.002932446862699,ICGP+RVO
28.75000000000001,1.0036331798999076,ICGP+RVO
28.80000000000001,1.0043368283608844,ICGP+RVO
28.85000000000001,1.0056051528394483,ICGP+RVO
28.900000000000013,1.006878283649519,ICGP+RVO
28.95000000000001,1.0084500061154498,ICGP+RVO
29.00000000000001,1.0100254135357194,ICGP+RVO
29.05000000000001,1.011872534758455,ICGP+RVO
29.10000000000001,1.01372268640393,ICGP+RVO
29.150000000000013,1.01579469603668,ICGP+RVO
29.20000000000001,1.0178686456537511,ICGP+RVO
29.25000000000001,1.0201348654801732,ICGP+RVO
29.30000000000001,1.022402342917895,ICGP+RVO
29.35000000000001,1.0250684474152207,ICGP+RVO
29.400000000000013,1.0277357204364368,ICGP+RVO
29.45000000000001,1.030810364915391,ICGP+RVO
29.50000000000001,1.0338860611658334,ICGP+RVO
29.55000000000001,1.0374844950264626,ICGP+RVO
29.60000000000001,1.0410831330394572,ICGP+RVO
29.650000000000013,1.0447553797399487,ICGP+RVO
29.70000000000001,1.0484277536315991,ICGP+RVO
29.75000000000001,1.05223776258945,ICGP+RVO
29.80000000000001,1.056047795238455,ICGP+RVO
29.85000000000001,1.0598355571357532,ICGP+RVO
29.900000000000013,1.0636235925707,ICGP+RVO
29.95000000000001,1.0673528049049674,ICGP+RVO
30.00000000000001,1.0710828252310844,ICGP+RVO
30.05000000000001,1.0747081800406335,ICGP+RVO
30.10000000000001,1.078335115995024,ICGP+RVO
30.150000000000013,1.0818198572676052,ICGP+RVO
30.20000000000001,1.085307159118561,ICGP+RVO
30.25000000000001,1.08862221107336,ICGP+RVO
30.30000000000001,1.0919409418430106,ICGP+RVO
30.35000000000001,1.0946982399887657,ICGP+RVO
30.400000000000013,1.097459604514445,ICGP+RVO
30.45000000000001,1.099637040330241,ICGP+RVO
30.50000000000001,1.1018186327858142,ICGP+RVO
30.55000000000001,1.1038693309994854,ICGP+RVO
30.60000000000001,1.1059247660564444,ICGP+RVO
30.650000000000013,1.107982753845249,ICGP+RVO
30.70000000000001,1.1100450503673265,ICGP+RVO
30.75000000000001,1.110507704728,ICGP+RVO
30.80000000000001,1.1109705378217731,ICGP+RVO
30.85000000000001,1.1110875782755607,ICGP+RVO
30.900000000000013,1.1112046194832883,ICGP+RVO
30.95000000000001,1.111312762083204,ICGP+RVO
31.00000000000001,1.1114209069461487,ICGP+RVO
31.05000000000001,1.1115353299446895,ICGP+RVO
31.10000000000001,1.1116497534907297,ICGP+RVO
31.150000000000013,1.111784209888097,ICGP+RVO
31.200000000000014,1.1119186666523768,ICGP+RVO
31.25000000000001,1.1118068216781187,ICGP+RVO
31.30000000000001,1.1116954585541852,ICGP+RVO
31.35000000000001,1.111224998678148,ICGP+RVO
31.400000000000013,1.1107571127663327,ICGP+RVO
31.450000000000014,1.110057665561231,ICGP+RVO
31.50000000000001,1.1093603658838729,ICGP+RVO
31.55000000000001,1.1082265417926176,ICGP+RVO
31.60000000000001,1.1070945505477388,ICGP+RVO
31.650000000000013,1.1059643977771727,ICGP+RVO
31.700000000000014,1.1048360891227258,ICGP+RVO
31.75000000000001,1.1036896196132318,ICGP+RVO
31.80000000000001,1.1025443211499482,ICGP+RVO
31.85000000000001,1.101801380344252,ICGP+RVO
31.900000000000013,1.101058977836337,ICGP+RVO
31.950000000000014,1.1002347270270327,ICGP+RVO
32.00000000000001,1.0994109238192056,ICGP+RVO
32.05000000000001,1.0984943208876867,ICGP+RVO
32.100000000000016,1.097578073777442,ICGP+RVO
32.15000000000001,1.0965944677214314,ICGP+RVO
32.20000000000001,1.0956111015328385,ICGP+RVO
32.250000000000014,1.0944861822254768,ICGP+RVO
32.30000000000001,1.0933614365688955,ICGP+RVO
32.350000000000016,1.0921709174469896,ICGP+RVO
32.40000000000001,1.090980600151992,ICGP+RVO
32.45000000000001,1.0907260716371456,ICGP+RVO
32.500000000000014,1.090472241865881,ICGP+RVO
32.55000000000001,1.092130128971933,ICGP+RVO
32.600000000000016,1.093789546154561,ICGP+RVO
32.65000000000001,1.095233826729366,ICGP+RVO
32.70000000000001,1.0966799604077755,ICGP+RVO
32.750000000000014,1.0979522904012045,ICGP+RVO
32.80000000000001,1.0992268484171046,ICGP+RVO
32.850000000000016,1.1003346711614612,ICGP+RVO
32.90000000000001,1.1014450747381828,ICGP+RVO
32.95000000000001,1.102375226556389,ICGP+RVO
33.000000000000014,1.1033082912123886,ICGP+RVO
33.05000000000001,1.1040393275696752,ICGP+RVO
33.100000000000016,1.1047735676870625,ICGP+RVO
33.15000000000001,1.1053184670564409,ICGP+RVO
33.20000000000001,1.105866816192619,ICGP+RVO
33.250000000000014,1.106193629856116,ICGP+RVO
33.30000000000001,1.1065240080635397,ICGP+RVO
33.350000000000016,1.1066740530374108,ICGP+RVO
33.40000000000001,1.106828031521609,ICGP+RVO
33.45000000000001,1.1069579099229565,ICGP+RVO
33.500000000000014,1.1070919181937875,ICGP+RVO
33.55000000000001,1.1074885328111757,ICGP+RVO
33.600000000000016,1.107890892077826,ICGP+RVO
33.65000000000001,1.1086326075118391,ICGP+RVO
33.70000000000001,1.1093805061352937,ICGP+RVO
33.750000000000014,1.1104356634052468,ICGP+RVO
33.80000000000001,1.1114964651000925,ICGP+RVO
33.850000000000016,1.1128509710887848,ICGP+RVO
33.90000000000001,1.114210508304872,ICGP+RVO
33.95000000000001,1.1158426629435716,ICGP+RVO
34.000000000000014,1.1174790554730774,ICGP+RVO
34.05000000000001,1.1193610315395344,ICGP+RVO
34.100000000000016,1.1212464360282273,ICGP+RVO
34.15000000000001,1.123634977829656,ICGP+RVO
34.20000000000001,1.1260266321828276,ICGP+RVO
34.250000000000014,1.128743963354955,ICGP+RVO
34.30000000000001,1.13146352475102,ICGP+RVO
34.350000000000016,1.1347613081086714,ICGP+RVO
34.40000000000001,1.1380609883920991,ICGP+RVO
34.45000000000001,1.1415897454449222,ICGP+RVO
34.500000000000014,1.1451196021551644,ICGP+RVO
34.55000000000001,1.1486658545582358,ICGP+RVO
34.600000000000016,1.1522125055561592,ICGP+RVO
34.65000000000001,1.1558909717382524,ICGP+RVO
34.70000000000001,1.1595695295410282,ICGP+RVO
34.750000000000014,1.1632021040478102,ICGP+RVO
34.80000000000001,1.1668346896304558,ICGP+RVO
34.850000000000016,1.1704441813185722,ICGP+RVO
34.90000000000001,1.1740538813431871,ICGP+RVO
34.95000000000001,1.1775820786961102,ICGP+RVO
35.000000000000014,1.1811109417848953,ICGP+RVO
35.05000000000001,1.184195602011446,ICGP+RVO
35.100000000000016,1.1872809414157215,ICGP+RVO
35.15000000000001,1.1902870755688526,ICGP+RVO
35.20000000000001,1.1932945010423877,ICGP+RVO
35.250000000000014,1.1962710006451305,ICGP+RVO
35.30000000000001,1.199249105472254,ICGP+RVO
35.350000000000016,1.2018884393771754,ICGP+RVO
35.40000000000001,1.2045290044469663,ICGP+RVO
35.45000000000001,1.204816513804488,ICGP+RVO
35.500000000000014,1.2051040242012303,ICGP+RVO
35.55000000000001,1.2053188376435922,ICGP+RVO
35.600000000000016,1.2055336511835744,ICGP+RVO
35.65000000000001,1.2057572399403207,ICGP+RVO
35.70000000000001,1.2059808287572402,ICGP+RVO
35.750000000000014,1.2062045036179605,ICGP+RVO
35.80000000000001,1.2064281797624756,ICGP+RVO
35.850000000000016,1.2066238577678214,ICGP+RVO
35.90000000000001,1.206819551781044,ICGP+RVO
35.95000000000001,1.207051731357132,ICGP+RVO
36.000000000000014,1.2072839138761022,ICGP+RVO
36.05000000000001,1.2073292457579663,ICGP+RVO
36.100000000000016,1.207374582940191,ICGP+RVO
36.15000000000001,1.207377142301961,ICGP+RVO
36.20000000000001,1.2073797018606036,ICGP+RVO
36.250000000000014,1.207558741772838,ICGP+RVO
36.30000000000001,1.207737784097608,ICGP+RVO
36.350000000000016,1.2082792470601529,ICGP+RVO
36.40000000000001,1.2088207979680037,ICGP+RVO
36.45000000000002,1.209451255872369,ICGP+RVO
36.500000000000014,1.2100817740157068,ICGP+RVO
36.55000000000001,1.2108029849851711,ICGP+RVO
36.600000000000016,1.2115242083611042,ICGP+RVO
36.65000000000001,1.2122923790769289,ICGP+RVO
36.70000000000002,1.2130605542960338,ICGP+RVO
36.750000000000014,1.2143681792491932,ICGP+RVO
36.80000000000001,1.2156758062892432,ICGP+RVO
36.850000000000016,1.2179460689198236,ICGP+RVO
36.90000000000001,1.220216353386563,ICGP+RVO
36.95000000000002,1.2224307341215706,ICGP+RVO
37.000000000000014,1.2246452187911407,ICGP+RVO
37.05000000000001,1.2268182280690572,ICGP+RVO
37.100000000000016,1.2289914697450106,ICGP+RVO
37.15000000000001,1.2311124569463592,ICGP+RVO
37.20000000000002,1.233233842377025,ICGP+RVO
37.250000000000014,1.2352627505389293,ICGP+RVO
37.30000000000001,1.237292288392683,ICGP+RVO
37.350000000000016,1.2393065699382062,ICGP+RVO
37.40000000000001,1.2413216496379982,ICGP+RVO
37.45000000000002,1.2422062892629795,ICGP+RVO
37.500000000000014,1.2430911428700633,ICGP+RVO
37.55000000000001,1.2430831684704364,ICGP+RVO
37.600000000000016,1.2430751941616405,ICGP+RVO
37.65000000000001,1.2430707830690897,ICGP+RVO
37.70000000000002,1.2430663719769757,ICGP+RVO
37.750000000000014,1.2439100249264416,ICGP+RVO
37.80000000000001,1.2447538005380832,ICGP+RVO
37.850000000000016,1.248481600960544,ICGP+RVO
37.90000000000001,1.2522122222890184,ICGP+RVO
37.95000000000002,1.2561084545870247,ICGP+RVO
38.000000000000014,1.26000667347836,ICGP+RVO
38.05000000000001,1.2639975768375715,ICGP+RVO
38.100000000000016,1.267989799968834,ICGP+RVO
38.15000000000001,1.2720556776380711,ICGP+RVO
38.20000000000002,1.276122383357491,ICGP+RVO
38.250000000000014,1.2802504693220202,ICGP+RVO
38.30000000000001,1.2843789848564957,ICGP+RVO
38.350000000000016,1.2880176136700354,ICGP+RVO
38.40000000000001,1.2916563888743795,ICGP+RVO
38.45000000000002,1.2949313213680498,ICGP+RVO
38.500000000000014,1.298206277023803,ICGP+RVO
38.55000000000001,1.3014855201066402,ICGP+RVO
38.600000000000016,1.3047647672377585,ICGP+RVO
38.65000000000001,1.3080017656560146,ICGP+RVO
38.70000000000002,1.311238830805434,ICGP+RVO
38.750000000000014,1.3141349998826233,ICGP+RVO
38.80000000000001,1.3170314959977236,ICGP+RVO
38.850000000000016,1.319920446924739,ICGP+RVO
38.90000000000001,1.3228101529675382,ICGP+RVO
38.95000000000002,1.3252208217234034,ICGP+RVO
39.000000000000014,1.3276320483119564,ICGP+RVO
39.05000000000001,1.3283750070436624,ICGP+RVO
39.100000000000016,1.3291186871795913,ICGP+RVO
39.15000000000001,1.329702539835978,ICGP+RVO
39.20000000000002,1.330287147447874,ICGP+RVO
39.250000000000014,1.330837990701817,ICGP+RVO
39.30000000000001,1.3313894679859832,ICGP+RVO
39.350000000000016,1.3314794766162374,ICGP+RVO
39.40000000000001,1.3315702262986355,ICGP+RVO
39.45000000000002,1.3315722721101173,ICGP+RVO
39.500000000000014,1.3315751605617312,ICGP+RVO
39.55000000000001,1.3315853163151057,ICGP+RVO
39.600000000000016,1.331596181291085,ICGP+RVO
39.65000000000001,1.3318976203572293,ICGP+RVO
39.70000000000002,1.3321992643084597,ICGP+RVO
39.750000000000014,1.3342192349600015,ICGP+RVO
39.80000000000001,1.3362393597035684,ICGP+RVO
39.850000000000016,1.3393586588669977,ICGP+RVO
39.90000000000001,1.3424780925858728,ICGP+RVO
39.95000000000002,1.3462616063500636,ICGP+RVO
40.000000000000014,1.3500451246125085,ICGP+RVO
40.05000000000001,1.353797547087452,ICGP+RVO
40.100000000000016,1.357550001242681,ICGP+RVO
40.15000000000001,1.3612694094918365,ICGP+RVO
40.20000000000002,1.364988903846842,ICGP+RVO
40.250000000000014,1.3687383266267528,ICGP+RVO
40.30000000000001,1.3724878833406884,ICGP+RVO
40.350000000000016,1.3761670837065003,ICGP+RVO
40.40000000000001,1.3798464570929632,ICGP+RVO
40.45000000000002,1.3834983621823531,ICGP+RVO
40.500000000000014,1.3871504993521804,ICGP+RVO
40.55000000000001,1.3907995508355084,ICGP+RVO
40.600000000000016,1.3944487722458654,ICGP+RVO
40.65000000000001,1.3967488554819012,ICGP+RVO
40.70000000000002,1.3990489896333156,ICGP+RVO
40.750000000000014,1.4005050843709927,ICGP+RVO
40.80000000000002,1.4019611885391128,ICGP+RVO
40.850000000000016,1.4034145455625366,ICGP+RVO
40.90000000000001,1.404867950112039,ICGP+RVO
40.95000000000002,1.4063137295014407,ICGP+RVO
41.000000000000014,1.4077595434693388,ICGP+RVO
41.05000000000002,1.4090313532208043,ICGP+RVO
41.100000000000016,1.4103031971147195,ICGP+RVO
41.15000000000001,1.4113813705934517,ICGP+RVO
41.20000000000002,1.4124595804174362,ICGP+RVO
41.250000000000014,1.4135134501302953,ICGP+RVO
41.30000000000002,1.414567376716995,ICGP+RVO
41.350000000000016,1.4156180225069548,ICGP+RVO
41.40000000000001,1.4166687409447565,ICGP+RVO
41.45000000000002,1.417727558070397,ICGP+RVO
41.500000000000014,1.41878646482161,ICGP+RVO
41.55000000000002,1.42050537755098,ICGP+RVO
41.600000000000016,1.4222245932517137,ICGP+RVO
41.65000000000001,1.424634124378081,ICGP+RVO
41.70000000000002,1.427044532822996,ICGP+RVO
41.750000000000014,1.4302960806722862,ICGP+RVO
41.80000000000002,1.4335485272686113,ICGP+RVO
41.850000000000016,1.437103312351796,ICGP+RVO
41.90000000000001,1.4406592070979185,ICGP+RVO
41.95000000000002,1.4441089442155162,ICGP+RVO
42.000000000000014,1.4475596387731329,ICGP+RVO
42.05000000000002,1.4511212376180889,ICGP+RVO
42.100000000000016,1.4546837849821532,ICGP+RVO
42.15000000000001,1.458172215843606,ICGP+RVO
42.20000000000002,1.461661333694301,ICGP+RVO
42.250000000000014,1.4651673401833674,ICGP+RVO
42.30000000000002,1.468673860842156,ICGP+RVO
42.350000000000016,1.472212655720125,ICGP+RVO
42.40000000000001,1.4757518326022852,ICGP+RVO
42.45000000000002,1.4793206043643832,ICGP+RVO
42.500000000000014,1.4828896539287757,ICGP+RVO
42.55000000000002,1.4864688161715682,ICGP+RVO
42.600000000000016,1.4900481378750834,ICGP+RVO
42.65000000000001,1.4937568272233943,ICGP+RVO
42.70000000000002,1.4974656347552693,ICGP+RVO
42.750000000000014,1.500195358885136,ICGP+RVO
42.80000000000002,1.5029251552439336,ICGP+RVO
42.850000000000016,1.5042816011536044,ICGP+RVO
42.90000000000001,1.5056381291266507,ICGP+RVO
42.95000000000002,1.5069924821567628,ICGP+RVO
43.000000000000014,1.50834696843001,ICGP+RVO
43.05000000000002,1.5096581181450497,ICGP+RVO
43.100000000000016,1.510969485851055,ICGP+RVO
43.15000000000001,1.5122701132676333,ICGP+RVO
43.20000000000002,1.513571054476466,ICGP+RVO
43.250000000000014,1.5147751220060688,ICGP+RVO
43.30000000000002,1.5159796150915092,ICGP+RVO
43.350000000000016,1.517078510286136,ICGP+RVO
43.40000000000001,1.5181778686955625,ICGP+RVO
43.45000000000002,1.5182123830706296,ICGP+RVO
43.500000000000014,1.5182468980060524,ICGP+RVO
43.55000000000002,1.5182456384133796,ICGP+RVO
43.600000000000016,1.5182443788698845,ICGP+RVO
43.65000000000001,1.5188074343991902,ICGP+RVO
43.70000000000002,1.5193705888271638,ICGP+RVO
43.750000000000014,1.522142167355682,ICGP+RVO
43.80000000000002,1.5249163446169771,ICGP+RVO
43.850000000000016,1.5278444889190306,ICGP+RVO
43.90000000000001,1.530774622290624,ICGP+RVO
43.95000000000002,1.533602245826881,ICGP+RVO
44.000000000000014,1.5364312119779404,ICGP+RVO
44.05000000000002,1.5390315873730476,ICGP+RVO
44.100000000000016,1.5416326416744044,ICGP+RVO
44.15000000000001,1.5443175969704228,ICGP+RVO
44.20000000000002,1.5470029588187617,ICGP+RVO
44.250000000000014,1.5497559173523108,ICGP+RVO
44.30000000000002,1.5525090915469717,ICGP+RVO
44.350000000000016,1.5552925057821931,ICGP+RVO
44.40000000000001,1.5580759894013525,ICGP+RVO
44.45000000000002,1.5612041463480213,ICGP+RVO
44.500000000000014,1.564332310489048,ICGP+RVO
44.55000000000002,1.5685846568117563,ICGP+RVO
44.600000000000016,1.5728370061544852,ICGP+RVO
44.65000000000001,1.5770423244873624,ICGP+RVO
44.70000000000002,1.5812476442496295,ICGP+RVO
44.750000000000014,1.585463892543206,ICGP+RVO
44.80000000000002,1.5896801499427509,ICGP+RVO
44.850000000000016,1.5938757106328132,ICGP+RVO
44.90000000000001,1.5980713054494795,ICGP+RVO
44.95000000000002,1.6023334579469577,ICGP+RVO
45.000000000000014,1.6065956548105076,ICGP+RVO
45.05000000000002,1.6105981002740113,ICGP+RVO
45.100000000000016,1.614600546080981,ICGP+RVO
45.15000000000002,1.6167717790635303,ICGP+RVO
45.20000000000002,1.6189430758244714,ICGP+RVO
45.250000000000014,1.619366056702514,ICGP+RVO
45.30000000000002,1.6197890911982955,ICGP+RVO
45.350000000000016,1.6203621352318902,ICGP+RVO
45.40000000000002,1.620935213990368,ICGP+RVO
45.45000000000002,1.6210723794644395,ICGP+RVO
45.500000000000014,1.6212095518359124,ICGP+RVO
45.55000000000002,1.621920929609394,ICGP+RVO
45.600000000000016,1.6226324618125945,ICGP+RVO
45.65000000000002,1.6243259545326802,ICGP+RVO
45.70000000000002,1.6260202687082352,ICGP+RVO
45.750000000000014,1.6276560460887466,ICGP+RVO
45.80000000000002,1.629292589629316,ICGP+RVO
45.850000000000016,1.630919470041977,ICGP+RVO
45.90000000000002,1.6325471345945888,ICGP+RVO
45.95000000000002,1.6341886521225912,ICGP+RVO
46.000000000000014,1.635830899006374,ICGP+RVO
46.05000000000002,1.6377404589606075,ICGP+RVO
46.100000000000016,1.6396510041743648,ICGP+RVO
46.15000000000002,1.6423956806088182,ICGP+RVO
46.20000000000002,1.6451417505102723,ICGP+RVO
46.250000000000014,1.648059600393218,ICGP+RVO
46.30000000000002,1.650978395923158,ICGP+RVO
46.350000000000016,1.654012257739949,ICGP+RVO
46.40000000000002,1.657046656239047,ICGP+RVO
46.45000000000002,1.6603809009822124,ICGP+RVO
46.500000000000014,1.6637154261330285,ICGP+RVO
46.55000000000002,1.6677267659236046,ICGP+RVO
46.600000000000016,1.671738375358119,ICGP+RVO
46.65000000000002,1.675763626267516,ICGP+RVO
46.70000000000002,1.6797890054408626,ICGP+RVO
46.750000000000014,1.6828686395515258,ICGP+RVO
46.80000000000002,1.6859482985121472,ICGP+RVO
46.850000000000016,1.6887383362552066,ICGP+RVO
46.90000000000002,1.691528380919458,ICGP+RVO
46.95000000000002,1.6940351635476765,ICGP+RVO
47.000000000000014,1.6965419658776495,ICGP+RVO
47.05000000000002,1.6964976823646118,ICGP+RVO
47.100000000000016,1.6964534720557471,ICGP+RVO
47.15000000000002,1.696203257186178,ICGP+RVO
47.20000000000002,1.695953177686813,ICGP+RVO
47.250000000000014,1.6947801812755832,ICGP+RVO
47.30000000000002,1.69360805209706,ICGP+RVO
47.350000000000016,1.6924120745002529,ICGP+RVO
47.40000000000002,1.69121709968206,ICGP+RVO
47.45000000000002,1.690677744776706,ICGP+RVO
47.500000000000014,1.6901388454230617,ICGP+RVO
47.55000000000002,1.6898772408623357,ICGP+RVO
47.600000000000016,1.6896160387620611,ICGP+RVO
47.65000000000002,1.6894591990921235,ICGP+RVO
47.70000000000002,1.689302771278731,ICGP+RVO
47.750000000000014,1.6901869702174968,ICGP+RVO
47.80000000000002,1.691071293705266,ICGP+RVO
47.850000000000016,1.6926458085473766,ICGP+RVO
47.90000000000002,1.6942206571052083,ICGP+RVO
47.95000000000002,1.6966123768776715,ICGP+RVO
48.000000000000014,1.6990046416181457,ICGP+RVO
48.05000000000002,1.7017196270552335,ICGP+RVO
48.100000000000016,1.704434632369339,ICGP+RVO
48.15000000000002,1.7077039943084409,ICGP+RVO
48.20000000000002,1.710973684784194,ICGP+RVO
48.250000000000014,1.7147115089526004,ICGP+RVO
48.30000000000002,1.7184498365009109,ICGP+RVO
48.350000000000016,1.7225514353790006,ICGP+RVO
48.40000000000002,1.7266537486783522,ICGP+RVO
48.45000000000002,1.7309876240947697,ICGP+RVO
48.500000000000014,1.7353222781823563,ICGP+RVO
48.55000000000002,1.739791316259584,ICGP+RVO
48.600000000000016,1.744261335901534,ICGP+RVO
48.65000000000002,1.7486732164651309,ICGP+RVO
48.70000000000002,1.753086184130433,ICGP+RVO
48.750000000000014,1.7555245085188933,ICGP+RVO
48.80000000000002,1.757964686402148,ICGP+RVO
48.850000000000016,1.75915583319287,ICGP+RVO
48.90000000000002,1.7603489779077903,ICGP+RVO
48.95000000000002,1.76123793875856,ICGP+RVO
49.000000000000014,1.7621282350297325,ICGP+RVO
49.05000000000002,1.7626612335109944,ICGP+RVO
49.100000000000016,1.7631949983359754,ICGP+RVO
49.15000000000002,1.763321918112799,ICGP+RVO
49.20000000000002,1.7634495869700952,ICGP+RVO
49.25000000000002,1.763580636273828,ICGP+RVO
49.30000000000002,1.7637119528202445,ICGP+RVO
49.350000000000016,1.7635745845019566,ICGP+RVO
49.40000000000002,1.763437353648833,ICGP+RVO
49.45000000000002,1.7630368798826923,ICGP+RVO
49.50000000000002,1.762636464677274,ICGP+RVO
49.55000000000002,1.7619878273195444,ICGP+RVO
49.600000000000016,1.761339197155675,ICGP+RVO
49.65000000000002,1.7604532602855432,ICGP+RVO
49.70000000000002,1.7595673290650171,ICGP+RVO
49.75000000000002,1.758466643106786,ICGP+RVO
49.80000000000002,1.757366022956515,ICGP+RVO
49.850000000000016,1.756155101197001,ICGP+RVO
49.90000000000002,1.7549442908824764,ICGP+RVO
49.95000000000002,1.7539378416204632,ICGP+RVO
50.00000000000002,1.7529315009742967,ICGP+RVO
50.05000000000002,1.7536315891070882,ICGP+RVO
50.100000000000016,1.754333014990313,ICGP+RVO
50.15000000000002,1.7552626497952526,ICGP+RVO
50.20000000000002,1.756193505084221,ICGP+RVO
50.25000000000002,1.757318383378636,ICGP+RVO
50.30000000000002,1.7584442622437602,ICGP+RVO
50.350000000000016,1.7597419716842726,ICGP+RVO
50.40000000000002,1.7610404519615674,ICGP+RVO
50.45000000000002,1.7625568707003476,ICGP+RVO
50.50000000000002,1.7640738760927792,ICGP+RVO
50.55000000000002,1.7657351224023528,ICGP+RVO
50.600000000000016,1.7673967182865316,ICGP+RVO
50.65000000000002,1.76915158879002,ICGP+RVO
50.70000000000002,1.770906624395821,ICGP+RVO
50.75000000000002,1.7727223629160045,ICGP+RVO
50.80000000000002,1.7745381427844829,ICGP+RVO
50.850000000000016,1.776383659982621,ICGP+RVO
50.90000000000002,1.7782291773025216,ICGP+RVO
50.95000000000002,1.780049505517895,ICGP+RVO
51.00000000000002,1.7818698705719234,ICGP+RVO
51.05000000000002,1.7836393189780555,ICGP+RVO
51.100000000000016,1.7854089122243122,ICGP+RVO
51.15000000000002,1.7871754935470807,ICGP+RVO
51.20000000000002,1.7889423196472831,ICGP+RVO
51.25000000000002,1.7914046365732823,ICGP+RVO
51.30000000000002,1.7938673832142678,ICGP+RVO
51.350000000000016,1.796221327677912,ICGP+RVO
51.40000000000002,1.796303482489805,ICGP+RVO
51.45000000000002,1.7967910155157862,ICGP+RVO
51.50000000000002,1.7972788084590554,ICGP+RVO
51.55000000000002,1.7986059977773068,ICGP+RVO
51.600000000000016,1.7999336635181868,ICGP+RVO
51.65000000000002,1.8011769523095869,ICGP+RVO
51.70000000000002,1.8024206823150364,ICGP+RVO
51.75000000000002,1.8037168376988253,ICGP+RVO
51.80000000000002,1.8050134157085933,ICGP+RVO
51.850000000000016,1.8066637502920275,ICGP+RVO
51.90000000000002,1.8083148365771384,ICGP+RVO
51.95000000000002,1.8098909882542653,ICGP+RVO
52.00000000000002,1.8114680136466677,ICGP+RVO
52.05000000000002,1.812982011651868,ICGP+RVO
52.100000000000016,1.8144970043188284,ICGP+RVO
52.15000000000002,1.8161068282490989,ICGP+RVO
52.20000000000002,1.8177180829364057,ICGP+RVO
52.25000000000002,1.819302347792967,ICGP+RVO
52.30000000000002,1.8208882008146472,ICGP+RVO
52.350000000000016,1.822378890893028,ICGP+RVO
52.40000000000002,1.823871344431948,ICGP+RVO
52.45000000000002,1.8252603915240428,ICGP+RVO
52.50000000000002,1.826651348671115,ICGP+RVO
52.55000000000002,1.8275881549682496,ICGP+RVO
52.600000000000016,1.8285271016271545,ICGP+RVO
52.65000000000002,1.829845817762388,ICGP+RVO
52.70000000000002,1.8311667663052975,ICGP+RVO
52.75000000000002,1.8324279683417983,ICGP+RVO
52.80000000000002,1.8336919025861464,ICGP+RVO
52.850000000000016,1.834183175232098,ICGP+RVO
52.90000000000002,1.8332714343844445,ICGP+RVO
52.95000000000002,1.8320640651987303,ICGP+RVO
53.00000000000002,1.8308631644522204,ICGP+RVO
53.05000000000002,1.8297944998605715,ICGP+RVO
53.100000000000016,1.8287298386071131,ICGP+RVO
53.15000000000002,1.827996412264121,ICGP+RVO
53.20000000000002,1.827265157126901,ICGP+RVO
53.25000000000002,1.82578869676121,ICGP+RVO
53.30000000000002,1.824316901526157,ICGP+RVO
53.350000000000016,1.8235100425290365,ICGP+RVO
53.40000000000002,1.822704823710356,ICGP+RVO
53.45000000000002,1.82264258922176,ICGP+RVO
53.50000000000002,1.8225805038496927,ICGP+RVO
53.55000000000002,1.82236700805971,ICGP+RVO
53.60000000000002,1.8218238009524952,ICGP+RVO
53.65000000000002,1.8201267939630603,ICGP+RVO
53.70000000000002,1.818430467717146,ICGP+RVO
53.75000000000002,1.8166699716063583,ICGP+RVO
53.80000000000002,1.814910376374822,ICGP+RVO
53.85000000000002,1.8131431876642412,ICGP+RVO
53.90000000000002,1.8113771083487824,ICGP+RVO
53.95000000000002,1.809712691061,ICGP+RVO
54.00000000000002,1.8080495253031643,ICGP+RVO
54.05000000000002,1.8064664614902204,ICGP+RVO
54.10000000000002,1.8048848061206009,ICGP+RVO
54.15000000000002,1.803347913333004,ICGP+RVO
54.20000000000002,1.8018125293173533,ICGP+RVO
54.25000000000002,1.8003215740167775,ICGP+RVO
54.30000000000002,1.798832248335569,ICGP+RVO
54.35000000000002,1.797278933579871,ICGP+RVO
54.40000000000002,1.7957275422257124,ICGP+RVO
54.45000000000002,1.794252636060485,ICGP+RVO
54.50000000000002,1.7927798882015602,ICGP+RVO
54.55000000000002,1.7914085545782117,ICGP+RVO
54.60000000000002,1.7900395177503758,ICGP+RVO
54.65000000000002,1.7887290694703453,ICGP+RVO
54.70000000000002,1.78742105332823,ICGP+RVO
54.75000000000002,1.7863912629200238,ICGP+RVO
54.80000000000002,1.7853633397784885,ICGP+RVO
54.85000000000002,1.7845394210009058,ICGP+RVO
54.90000000000002,1.7837172536952146,ICGP+RVO
54.95000000000002,1.7830474682667592,ICGP+RVO
55.00000000000002,1.7823795191159482,ICGP+RVO
55.05000000000002,1.7817757561136864,ICGP+RVO
55.10000000000002,1.7800271571245745,ICGP+RVO
55.15000000000002,1.775392181715985,ICGP+RVO
55.20000000000002,1.7707629632867286,ICGP+RVO
55.25000000000002,1.7667090607324805,ICGP+RVO
55.30000000000002,1.7626595485166725,ICGP+RVO
55.35000000000002,1.761523356114885,ICGP+RVO
55.40000000000002,1.760387230460957,ICGP+RVO
55.45000000000002,1.7590242871698074,ICGP+RVO
55.50000000000002,1.7576613569243082,ICGP+RVO
55.55000000000002,1.757149727864205,ICGP+RVO
55.60000000000002,1.7566385122505994,ICGP+RVO
55.65000000000002,1.7567142576415922,ICGP+RVO
55.70000000000002,1.756790345404084,ICGP+RVO
55.75000000000002,1.7564218996346663,ICGP+RVO
55.80000000000002,1.7560534990967671,ICGP+RVO
55.85000000000002,1.7557385278174256,ICGP+RVO
55.90000000000002,1.7554235926693025,ICGP+RVO
55.95000000000002,1.755431147387587,ICGP+RVO
56.00000000000002,1.7554387023516371,ICGP+RVO
56.05000000000002,1.755446566438936,ICGP+RVO
56.10000000000002,1.7554544306512203,ICGP+RVO
56.15000000000002,1.7554677708613735,ICGP+RVO
56.20000000000002,1.7554811110818032,ICGP+RVO
56.25000000000002,1.7570492983411143,ICGP+RVO
56.30000000000002,1.75861752007678,ICGP+RVO
56.35000000000002,1.7611209746156715,ICGP+RVO
56.40000000000002,1.763624562108388,ICGP+RVO
56.45000000000002,1.7662952015041264,ICGP+RVO
56.50000000000002,1.768965976148214,ICGP+RVO
56.55000000000002,1.7708654815163836,ICGP+RVO
56.60000000000002,1.7727651254480958,ICGP+RVO
56.65000000000002,1.7745583689633888,ICGP+RVO
56.70000000000002,1.7763518632255832,ICGP+RVO
56.75000000000002,1.7778273126022393,ICGP+RVO
56.80000000000002,1.7778290791186873,ICGP+RVO
56.85000000000002,1.7778503308536688,ICGP+RVO
56.90000000000002,1.7778715834395915,ICGP+RVO
56.95000000000002,1.7779176769390228,ICGP+RVO
57.00000000000002,1.7779637705884228,ICGP+RVO
57.05000000000002,1.7780861274593114,ICGP+RVO
57.10000000000002,1.778208486135414,ICGP+RVO
57.15000000000002,1.779029050443036,ICGP+RVO
57.20000000000002,1.779849615733026,ICGP+RVO
57.25000000000002,1.7809628249692642,ICGP+RVO
57.30000000000002,1.7820760517982952,ICGP+RVO
57.35000000000002,1.7833130559453807,ICGP+RVO
57.40000000000002,1.784550074175561,ICGP+RVO
57.45000000000002,1.785850859598444,ICGP+RVO
57.50000000000002,1.7871516461794732,ICGP+RVO
57.55000000000002,1.7884312425642763,ICGP+RVO
57.60000000000002,1.7897108666781911,ICGP+RVO
57.65000000000002,1.7906965412074995,ICGP+RVO
57.70000000000002,1.7916822651463626,ICGP+RVO
57.75000000000002,1.7921458115036988,ICGP+RVO
57.80000000000002,1.792609395632245,ICGP+RVO
57.85000000000002,1.793528500277108,ICGP+RVO
57.90000000000002,1.794447751451683,ICGP+RVO
57.95000000000002,1.7955929941251307,ICGP+RVO
58.00000000000002,1.7967386578256177,ICGP+RVO
58.05000000000002,1.7978759286865431,ICGP+RVO
58.10000000000002,1.7990138299960348,ICGP+RVO
58.15000000000002,1.8000335961153615,ICGP+RVO
58.20000000000002,1.8010540421111751,ICGP+RVO
58.25000000000002,1.8019704474253324,ICGP+RVO
58.30000000000002,1.8028875385114853,ICGP+RVO
58.35000000000002,1.8036108240502584,ICGP+RVO
58.40000000000002,1.804334216398116,ICGP+RVO
58.45000000000002,1.804912085728832,ICGP+RVO
58.50000000000002,1.80548996788268,ICGP+RVO
58.55000000000002,1.8059922283166807,ICGP+RVO
58.60000000000002,1.8064944977569128,ICGP+RVO
58.65000000000002,1.807002469659699,ICGP+RVO
58.70000000000002,1.807510448564268,ICGP+RVO
58.75000000000002,1.8080198672326584,ICGP+RVO
58.80000000000002,1.8085292929463432,ICGP+RVO
58.85000000000002,1.8082891253273763,ICGP+RVO
58.90000000000002,1.8070596689428928,ICGP+RVO
58.95000000000002,1.8052035044100283,ICGP+RVO
59.00000000000002,1.803349178301584,ICGP+RVO
59.05000000000002,1.8012383773727725,ICGP+RVO
59.10000000000002,1.799130094580433,ICGP+RVO
59.15000000000002,1.797497778214273,ICGP+RVO
59.20000000000002,1.795867200856455,ICGP+RVO
59.25000000000002,1.7948329096749505,ICGP+RVO
59.30000000000002,1.7937991095763757,ICGP+RVO
59.35000000000002,1.7927359266239544,ICGP+RVO
59.40000000000002,1.7916732451850694,ICGP+RVO
59.45000000000002,1.7905765511770917,ICGP+RVO
59.50000000000002,1.7894803150258456,ICGP+RVO
59.55000000000002,1.788912746227789,ICGP+RVO
59.60000000000002,1.788345999053315,ICGP+RVO
59.65000000000002,1.7878766185244015,ICGP+RVO
59.70000000000002,1.7874080887063812,ICGP+RVO
59.75000000000002,1.7869571421288335,ICGP+RVO
59.80000000000002,1.7865068063200875,ICGP+RVO
59.85000000000002,1.7860404643787466,ICGP+RVO
59.90000000000002,1.7855745856729146,ICGP+RVO
59.95000000000002,1.7858591550612972,ICGP+RVO
60.00000000000002,1.786144130023667,ICGP+RVO
60.05000000000002,1.7869185529984295,ICGP+RVO
60.10000000000002,1.787693218789511,ICGP+RVO
60.15000000000002,1.788976230424821,ICGP+RVO
60.20000000000002,1.790259298743621,ICGP+RVO
60.25000000000002,1.791465308331284,ICGP+RVO
60.30000000000002,1.7911224133087602,ICGP+RVO
60.35000000000002,1.7898077908041543,ICGP+RVO
60.40000000000002,1.7884941316677554,ICGP+RVO
60.45000000000002,1.7872847289182126,ICGP+RVO
60.50000000000002,1.7860764349570817,ICGP+RVO
60.55000000000002,1.784948883183493,ICGP+RVO
60.60000000000002,1.783822547849701,ICGP+RVO
60.65000000000002,1.7828057264274475,ICGP+RVO
60.70000000000002,1.781790338794382,ICGP+RVO
60.75000000000002,1.7809256187551032,ICGP+RVO
60.80000000000002,1.7800626164879705,ICGP+RVO
60.85000000000002,1.7794054383956457,ICGP+RVO
60.90000000000002,1.7787501534577586,ICGP+RVO
60.95000000000002,1.7783073045323183,ICGP+RVO
61.00000000000002,1.7778664956700208,ICGP+RVO
61.05000000000002,1.777626861555878,ICGP+RVO
61.10000000000002,1.7773893264408898,ICGP+RVO
61.15000000000002,1.7773396484325246,ICGP+RVO
61.20000000000002,1.7772921146195972,ICGP+RVO
61.25000000000002,1.7773879083932411,ICGP+RVO
61.30000000000002,1.7774858147712458,ICGP+RVO
61.35000000000002,1.7777280045449164,ICGP+RVO
61.40000000000002,1.7779723247907993,ICGP+RVO
61.45000000000002,1.7783180025406031,ICGP+RVO
61.50000000000002,1.7786655866086802,ICGP+RVO
61.55000000000002,1.7790906925368506,ICGP+RVO
61.60000000000002,1.7795176678001827,ICGP+RVO
61.65000000000002,1.7803524185110795,ICGP+RVO
61.70000000000002,1.781189003267761,ICGP+RVO
61.75000000000002,1.782215573470982,ICGP+RVO
61.80000000000002,1.783244055746717,ICGP+RVO
61.85000000000002,1.7843309801330305,ICGP+RVO
61.90000000000002,1.785419946592398,ICGP+RVO
61.95000000000002,1.786567907567608,ICGP+RVO
62.00000000000002,1.7877180389781833,ICGP+RVO
62.050000000000026,1.7889056463438766,ICGP+RVO
62.10000000000002,1.7900954408310197,ICGP+RVO
62.15000000000002,1.7913195181408872,ICGP+RVO
62.20000000000002,1.7925459327476103,ICGP+RVO
62.25000000000002,1.7934161557996655,ICGP+RVO
62.300000000000026,1.794287862829429,ICGP+RVO
62.35000000000002,1.7937776700952928,ICGP+RVO
62.40000000000002,1.7922843985735075,ICGP+RVO
62.45000000000002,1.7914335875990488,ICGP+RVO
62.50000000000002,1.7905836009441165,ICGP+RVO
62.550000000000026,1.789818931537838,ICGP+RVO
62.60000000000002,1.7890550841785164,ICGP+RVO
62.65000000000002,1.788333322962822,ICGP+RVO
62.70000000000002,1.787612450094259,ICGP+RVO
62.75000000000002,1.7869891270016864,ICGP+RVO
62.800000000000026,1.7863667226594315,ICGP+RVO
62.85000000000002,1.78587085361806,ICGP+RVO
62.90000000000002,1.7853755075347593,ICGP+RVO
62.95000000000002,1.785098103346494,ICGP+RVO
63.00000000000002,1.784820777710748,ICGP+RVO
63.050000000000026,1.7845140845088614,ICGP+RVO
63.10000000000002,1.7842074663833238,ICGP+RVO
63.15000000000002,1.7838665993984104,ICGP+RVO
63.20000000000002,1.7835258011660498,ICGP+RVO
63.25000000000002,1.7831526433977123,ICGP+RVO
63.300000000000026,1.7827795426944968,ICGP+RVO
63.35000000000002,1.782387751046612,ICGP+RVO
63.40000000000002,1.781995997538154,ICGP+RVO
63.45000000000002,1.7816513865951018,ICGP+RVO
63.50000000000002,1.781306794678839,ICGP+RVO
63.550000000000026,1.781024660030989,ICGP+RVO
63.60000000000002,1.7807425530168588,ICGP+RVO
63.65000000000002,1.7806626716456575,ICGP+RVO
63.70000000000002,1.7805828002746742,ICGP+RVO
63.75000000000002,1.781083315137518,ICGP+RVO
63.800000000000026,1.7815840726648295,ICGP+RVO
63.85000000000002,1.7819812275771176,ICGP+RVO
63.90000000000002,1.782378687247466,ICGP+RVO
63.95000000000002,1.782495493700475,ICGP+RVO
64.00000000000001,1.7826123506595597,ICGP+RVO
64.05000000000003,1.7826401840756452,ICGP+RVO
64.10000000000002,1.7826680320657011,ICGP+RVO
64.15000000000002,1.7826769359758514,ICGP+RVO
64.20000000000002,1.7826858548886282,ICGP+RVO
64.25000000000001,1.7826703037742284,ICGP+RVO
64.30000000000001,1.7826547691984558,ICGP+RVO
64.35000000000002,1.7825359091193649,ICGP+RVO
64.40000000000002,1.7824171159798707,ICGP+RVO
64.45000000000002,1.782055945458293,ICGP+RVO
64.50000000000001,1.781695570572313,ICGP+RVO
64.55000000000001,1.7812256971025595,ICGP+RVO
64.60000000000002,1.780756539288007,ICGP+RVO
64.65000000000002,1.7802058315958855,ICGP+RVO
64.70000000000002,1.7796557933468482,ICGP+RVO
64.75000000000001,1.7796560089011584,ICGP+RVO
64.80000000000001,1.7796582337170808,ICGP+RVO
64.85000000000002,1.7798469399255938,ICGP+RVO
64.90000000000002,1.7800379640695871,ICGP+RVO
64.95000000000002,1.780338360852861,ICGP+RVO
65.00000000000001,1.7806406937279629,ICGP+RVO
65.05000000000001,1.7810329001319012,ICGP+RVO
65.10000000000002,1.7814267363102534,ICGP+RVO
65.15000000000002,1.7818826878111955,ICGP+RVO
65.20000000000002,1.7823399613996205,ICGP+RVO
65.25000000000001,1.78328383641486,ICGP+RVO
65.30000000000001,1.7842292954752206,ICGP+RVO
65.35000000000002,1.7862919420638537,ICGP+RVO
65.40000000000002,1.788356847316833,ICGP+RVO
65.45000000000002,1.7903876938133407,ICGP+RVO
65.50000000000001,1.7924208273114888,ICGP+RVO
65.55000000000001,1.7949686274379568,ICGP+RVO
65.60000000000002,1.797519059564601,ICGP+RVO
65.65000000000002,1.8004344501248175,ICGP+RVO
65.70000000000002,1.8033524919008488,ICGP+RVO
65.75000000000001,1.806297988091944,ICGP+RVO
65.80000000000001,1.8060370529324696,ICGP+RVO
65.85000000000002,1.8058340303292684,ICGP+RVO
65.90000000000002,1.805633172375829,ICGP+RVO
65.95000000000002,1.805920781839558,ICGP+RVO
66.00000000000001,1.8062109684973129,ICGP+RVO
66.05000000000001,1.806679023512616,ICGP+RVO
66.10000000000002,1.807149484934216,ICGP+RVO
66.15000000000002,1.80754155301206,ICGP+RVO
66.20000000000002,1.8068815049872524,ICGP+RVO
66.25000000000001,1.8061779168310768,ICGP+RVO
66.30000000000001,1.8054757988635568,ICGP+RVO
66.35000000000002,1.8046987733694644,ICGP+RVO
66.40000000000002,1.803923106088782,ICGP+RVO
66.45000000000002,1.8030502042805825,ICGP+RVO
66.50000000000001,1.802178635240136,ICGP+RVO
66.55000000000001,1.8011921713809436,ICGP+RVO
66.60000000000002,1.8002071920898437,ICGP+RVO
66.65000000000002,1.7991967246062892,ICGP+RVO
66.70000000000002,1.7981876370045478,ICGP+RVO
66.75000000000001,1.7971587242147669,ICGP+RVO
66.80000000000001,1.796131077072327,ICGP+RVO
66.85000000000002,1.7950089415381745,ICGP+RVO
66.90000000000002,1.793888513790363,ICGP+RVO
66.95000000000002,1.7928456919390747,ICGP+RVO
67.00000000000001,1.7918046004375028,ICGP+RVO
67.05000000000001,1.790761161649495,ICGP+RVO
67.10000000000002,1.7897195157392674,ICGP+RVO
67.15000000000002,1.7886984738175542,ICGP+RVO
67.20000000000002,1.7876795207600824,ICGP+RVO
67.25000000000001,1.7867942704599482,ICGP+RVO
67.30000000000001,1.7859118905603937,ICGP+RVO
67.35000000000002,1.7852445698142456,ICGP+RVO
67.40000000000002,1.7845801420222067,ICGP+RVO
67.45000000000002,1.784044049352061,ICGP+RVO
67.50000000000001,1.7835109366622903,ICGP+RVO
67.55000000000001,1.7831729203485147,ICGP+RVO
67.60000000000002,1.782837924102188,ICGP+RVO
67.65000000000002,1.7827292052802777,ICGP+RVO
67.70000000000002,1.7826239762872031,ICGP+RVO
67.75000000000001,1.7827176942539862,ICGP+RVO
67.80000000000001,1.7828164678196687,ICGP+RVO
67.85000000000002,1.783123591069335,ICGP+RVO
67.90000000000002,1.7834353815759634,ICGP+RVO
67.95000000000002,1.7839044247114952,ICGP+RVO
68.00000000000001,1.7843780843784205,ICGP+RVO
68.05000000000001,1.784961583027069,ICGP+RVO
68.10000000000002,1.7855497552518669,ICGP+RVO
68.15000000000002,1.7863187453879137,ICGP+RVO
68.20000000000002,1.7870922747818594,ICGP+RVO
68.25000000000001,1.7880026735609906,ICGP+RVO
68.30000000000001,1.7889175784574318,ICGP+RVO
68.35000000000002,1.7899504213682154,ICGP+RVO
68.40000000000002,1.7909877484307375,ICGP+RVO
68.45000000000002,1.7899026041319253,ICGP+RVO
68.50000000000001,1.7874786629691553,ICGP+RVO
68.55000000000001,1.7852619475217772,ICGP+RVO
68.60000000000002,1.7830577509898544,ICGP+RVO
68.65000000000002,1.7816636342562666,ICGP+RVO
68.70000000000002,1.7802808607391132,ICGP+RVO
68.75000000000001,1.7783936402417346,ICGP+RVO
68.80000000000001,1.7765206642268474,ICGP+RVO
68.85000000000002,1.7748432029157528,ICGP+RVO
68.90000000000002,1.773179498023254,ICGP+RVO
68.95000000000002,1.771692460252907,ICGP+RVO
69.00000000000001,1.7702195568646275,ICGP+RVO
69.05000000000001,1.768914502571704,ICGP+RVO
69.10000000000002,1.7676237647881967,ICGP+RVO
69.15000000000002,1.7665516924679132,ICGP+RVO
69.20000000000002,1.7654939252438675,ICGP+RVO
69.25000000000001,1.764605107241348,ICGP+RVO
69.30000000000001,1.7637307195515983,ICGP+RVO
69.35000000000002,1.7630712619902802,ICGP+RVO
69.40000000000002,1.76242636516423,ICGP+RVO
69.45000000000002,1.7622238426698946,ICGP+RVO
69.50000000000001,1.7620364726193951,ICGP+RVO
69.55000000000001,1.7622119420166238,ICGP+RVO
69.60000000000002,1.7624016733778374,ICGP+RVO
69.65000000000002,1.7631240278826463,ICGP+RVO
69.70000000000002,1.7638583688296805,ICGP+RVO
69.75000000000001,1.7646046812544518,ICGP+RVO
69.80000000000001,1.7653629499740278,ICGP+RVO
69.85000000000002,1.766824942602408,ICGP+RVO
69.90000000000002,1.768296246963444,ICGP+RVO
69.95000000000002,1.7701328348546337,ICGP+RVO
70.00000000000001,1.7719775470815091,ICGP+RVO
70.05000000000001,1.774160014189321,ICGP+RVO
70.10000000000002,1.7763492951331408,ICGP+RVO
70.15000000000002,1.7788071228484847,ICGP+RVO
70.20000000000002,1.7812705281236771,ICGP+RVO
70.25000000000001,1.7839789072862529,ICGP+RVO
70.30000000000001,1.7866916671818345,ICGP+RVO
70.35000000000002,1.7895648097557837,ICGP+RVO
70.40000000000002,1.792441387953872,ICGP+RVO
70.45000000000002,1.795627945988047,ICGP+RVO
70.50000000000001,1.7988172970329714,ICGP+RVO
70.55000000000001,1.803709717141108,ICGP+RVO
70.60000000000002,1.8086034467118568,ICGP+RVO
70.65000000000002,1.810750835472539,ICGP+RVO
70.70000000000002,1.809310323293934,ICGP+RVO
70.75000000000001,1.809237670158968,ICGP+RVO
70.80000000000001,1.809165077550692,ICGP+RVO
70.85000000000002,1.809151626179036,ICGP+RVO
70.90000000000002,1.809138174846797,ICGP+RVO
70.95000000000002,1.8082402189784543,ICGP+RVO
71.00000000000001,1.8073424931719493,ICGP+RVO
71.05000000000001,1.8052984600118755,ICGP+RVO
71.10000000000002,1.8032562235517164,ICGP+RVO
71.15000000000002,1.8016578298492885,ICGP+RVO
71.20000000000002,1.8000618964593964,ICGP+RVO
71.25000000000001,1.7987317163968617,ICGP+RVO
71.30000000000001,1.7974033619655323,ICGP+RVO
71.35000000000002,1.7962074728649802,ICGP+RVO
71.40000000000002,1.7950160987525987,ICGP+RVO
71.45000000000002,1.7941008391938982,ICGP+RVO
71.50000000000001,1.793189795637372,ICGP+RVO
71.55000000000001,1.7928135240365908,ICGP+RVO
71.60000000000002,1.792442008613946,ICGP+RVO
71.65000000000002,1.791996705009317,ICGP+RVO
71.70000000000002,1.791560851594218,ICGP+RVO
71.75000000000001,1.7914444232858575,ICGP+RVO
71.80000000000001,1.791336259198981,ICGP+RVO
71.85000000000002,1.7914642184907013,ICGP+RVO
71.90000000000002,1.791601609162316,ICGP+RVO
71.95000000000002,1.7920474554250092,ICGP+RVO
72.00000000000001,1.7925011059154194,ICGP+RVO
72.05000000000001,1.793334151521197,ICGP+RVO
72.10000000000002,1.7941736638032009,ICGP+RVO
72.15000000000002,1.795214953501948,ICGP+RVO
72.20000000000002,1.796262518118385,ICGP+RVO
72.25000000000001,1.7975289671181942,ICGP+RVO
72.30000000000001,1.798801418468699,ICGP+RVO
72.35000000000002,1.8002945121514151,ICGP+RVO
72.40000000000002,1.801793172932177,ICGP+RVO
72.45000000000002,1.8035024810086904,ICGP+RVO
72.50000000000001,1.805217107600358,ICGP+RVO
72.55000000000001,1.805263470136769,ICGP+RVO
72.60000000000002,1.8042944144470985,ICGP+RVO
72.65000000000002,1.8033672332611563,ICGP+RVO
72.70000000000002,1.8024432013922096,ICGP+RVO
72.75000000000001,1.8010988239106978,ICGP+RVO
72.80000000000003,1.7997586053415602,ICGP+RVO
72.85000000000002,1.798617717115354,ICGP+RVO
72.90000000000002,1.7974811029465647,ICGP+RVO
72.95000000000002,1.7950362143467322,ICGP+RVO
73.00000000000001,1.7925926745317793,ICGP+RVO
73.05000000000003,1.7906024136606222,ICGP+RVO
73.10000000000002,1.7886276177164426,ICGP+RVO
73.15000000000002,1.7871219790927806,ICGP+RVO
73.20000000000002,1.7856328276966682,ICGP+RVO
73.25000000000001,1.7846265321076282,ICGP+RVO
73.30000000000003,1.7829802401274657,ICGP+RVO
73.35000000000002,1.7806831950493738,ICGP+RVO
73.40000000000002,1.778392680085025,ICGP+RVO
73.45000000000002,1.7768258097860912,ICGP+RVO
73.50000000000001,1.7752655217527316,ICGP+RVO
73.55000000000003,1.7739224285022297,ICGP+RVO
73.60000000000002,1.7725855367978716,ICGP+RVO
73.65000000000002,1.771595532016972,ICGP+RVO
73.70000000000002,1.7706114369553247,ICGP+RVO
73.75000000000001,1.770048320788164,ICGP+RVO
73.80000000000003,1.7694913631552427,ICGP+RVO
73.85000000000002,1.7693052676718195,ICGP+RVO
73.90000000000002,1.769125345992194,ICGP+RVO
73.95000000000002,1.769351277827908,ICGP+RVO
74.00000000000001,1.76958324237799,ICGP+RVO
74.05000000000003,1.77017691991401,ICGP+RVO
74.10000000000002,1.7707763313445326,ICGP+RVO
74.15000000000002,1.7717415079974987,ICGP+RVO
74.20000000000002,1.7727119413443917,ICGP+RVO
74.25000000000001,1.7740019741551167,ICGP+RVO
74.30000000000003,1.7752966646738235,ICGP+RVO
74.35000000000002,1.7768306179837463,ICGP+RVO
74.40000000000002,1.7783699077267363,ICGP+RVO
74.45000000000002,1.779950463844781,ICGP+RVO
74.50000000000001,1.7815334078172658,ICGP+RVO
74.55000000000003,1.7815757028274155,ICGP+RVO
74.60000000000002,1.7816180006648452,ICGP+RVO
74.65000000000002,1.7816210758480604,ICGP+RVO
74.70000000000002,1.781624151062451,ICGP+RVO
74.75000000000001,1.7816403495077928,ICGP+RVO
74.80000000000003,1.7816565663230388,ICGP+RVO
74.85000000000002,1.7817283667457564,ICGP+RVO
74.90000000000002,1.781806008054749,ICGP+RVO
74.95000000000002,1.7830908725786387,ICGP+RVO
75.00000000000001,1.784384675029743,ICGP+RVO
75.05000000000003,1.7867195908123088,ICGP+RVO
75.10000000000002,1.7890642884617098,ICGP+RVO
75.15000000000002,1.7896980843948218,ICGP+RVO
75.20000000000002,1.7866396001300873,ICGP+RVO
75.25000000000001,1.7846756109128763,ICGP+RVO
75.30000000000003,1.7827171148205194,ICGP+RVO
75.35000000000002,1.7811442729780471,ICGP+RVO
75.40000000000002,1.7795766489387297,ICGP+RVO
75.45000000000002,1.7786503223649663,ICGP+RVO
75.50000000000001,1.7777286317287009,ICGP+RVO
75.55000000000003,1.777084728113575,ICGP+RVO
75.60000000000002,1.7764457161945588,ICGP+RVO
75.65000000000002,1.7761638239759867,ICGP+RVO
75.70000000000002,1.7758868182882603,ICGP+RVO
75.75000000000001,1.7759624720422726,ICGP+RVO
75.80000000000003,1.776042834916996,ICGP+RVO
75.85000000000002,1.776299437368951,ICGP+RVO
75.90000000000002,1.7765600367319423,ICGP+RVO
75.95000000000002,1.7769650902244112,ICGP+RVO
76.00000000000001,1.7773738197959374,ICGP+RVO
76.05000000000003,1.778095037190434,ICGP+RVO
76.10000000000002,1.7788224898120109,ICGP+RVO
76.15000000000002,1.779754534478351,ICGP+RVO
76.20000000000002,1.780696035445129,ICGP+RVO
76.25000000000001,1.7815220044143432,ICGP+RVO
76.30000000000003,1.7796101725976388,ICGP+RVO
76.35000000000002,1.777879113607066,ICGP+RVO
76.40000000000002,1.7761574465170589,ICGP+RVO
76.45000000000002,1.7750772763508071,ICGP+RVO
76.50000000000001,1.77400541077247,ICGP+RVO
76.55000000000003,1.7733380382945882,ICGP+RVO
76.60000000000002,1.7726788264657531,ICGP+RVO
76.65000000000002,1.7726330709169624,ICGP+RVO
76.70000000000002,1.7725985647500675,ICGP+RVO
76.75000000000001,1.7731234626119527,ICGP+RVO
76.80000000000003,1.7736602835453024,ICGP+RVO
76.85000000000002,1.7747263194521716,ICGP+RVO
76.90000000000002,1.775803540323366,ICGP+RVO
76.95000000000002,1.7772104384698653,ICGP+RVO
77.00000000000001,1.778631656709731,ICGP+RVO
77.05000000000003,1.7805362179788715,ICGP+RVO
77.10000000000002,1.7807773773431086,ICGP+RVO
77.15000000000002,1.781029964684831,ICGP+RVO
77.20000000000002,1.7813027739679748,ICGP+RVO
77.25000000000001,1.7823719724987968,ICGP+RVO
77.30000000000003,1.783464342049205,ICGP+RVO
77.35000000000002,1.7853237659181749,ICGP+RVO
77.40000000000002,1.7872102956518583,ICGP+RVO
77.45000000000002,1.7893891183395527,ICGP+RVO
77.50000000000001,1.789056121853364,ICGP+RVO
77.55000000000003,1.7882590162309395,ICGP+RVO
77.60000000000002,1.7874821755402204,ICGP+RVO
77.65000000000002,1.7869658858957684,ICGP+RVO
77.70000000000002,1.7864709277581314,ICGP+RVO
77.75000000000001,1.7862382874944904,ICGP+RVO
77.80000000000003,1.78602730632709,ICGP+RVO
77.85000000000002,1.7866031645793647,ICGP+RVO
77.90000000000002,1.787203083158151,ICGP+RVO
77.95000000000002,1.788315044786293,ICGP+RVO
78.00000000000001,1.7894530001858115,ICGP+RVO
78.05000000000003,1.7909818231761183,ICGP+RVO
78.10000000000002,1.7925408539626102,ICGP+RVO
78.15000000000002,1.7943337067627647,ICGP+RVO
78.20000000000002,1.7961691520079623,ICGP+RVO
78.25000000000001,1.798441687473075,ICGP+RVO
78.30000000000003,1.8007568520066792,ICGP+RVO
78.35000000000002,1.803384634037413,ICGP+RVO
78.40000000000002,1.8060544377471028,ICGP+RVO
78.45000000000002,1.8090157055443865,ICGP+RVO
78.50000000000001,1.8120184317343475,ICGP+RVO
78.55000000000003,1.8153225156889496,ICGP+RVO
78.60000000000002,1.8186681490986767,ICGP+RVO
78.65000000000002,1.8220049468391284,ICGP+RVO
78.70000000000002,1.822166453457532,ICGP+RVO
78.75000000000001,1.820677491514216,ICGP+RVO
78.80000000000003,1.819226095514243,ICGP+RVO
78.85000000000002,1.8179441541029249,ICGP+RVO
78.90000000000002,1.8167022391982672,ICGP+RVO
78.95000000000002,1.8153819803111684,ICGP+RVO
79.00000000000001,1.814109714523904,ICGP+RVO
79.05000000000003,1.812876035988464,ICGP+RVO
79.10000000000002,1.8116942463740944,ICGP+RVO
79.15000000000002,1.8104751889269972,ICGP+RVO
79.20000000000002,1.8087904528488088,ICGP+RVO
79.25000000000001,1.8069000776875428,ICGP+RVO
79.30000000000003,1.8050548523610015,ICGP+RVO
79.35000000000002,1.803640158861309,ICGP+RVO
79.40000000000002,1.8022781102696104,ICGP+RVO
79.45000000000002,1.801333372091976,ICGP+RVO
79.50000000000001,1.800443735805704,ICGP+RVO
79.55000000000003,1.7999488147757143,ICGP+RVO
79.60000000000002,1.799511892888736,ICGP+RVO
79.65000000000002,1.7999524706987406,ICGP+RVO
79.70000000000002,1.8004679588445889,ICGP+RVO
79.75000000000001,1.801469747559268,ICGP+RVO
79.80000000000003,1.802553526555315,ICGP+RVO
79.85000000000002,1.8037925460005797,ICGP+RVO
79.90000000000002,1.8051113438511213,ICGP+RVO
79.95000000000002,1.8064950699905749,ICGP+RVO
80.00000000000001,1.8079581942503544,ICGP+RVO
80.05000000000003,1.8094573824239415,ICGP+RVO
80.10000000000002,1.807967210788126,ICGP+RVO
80.15000000000002,1.8058245705835456,ICGP+RVO
80.20000000000002,1.803790786493821,ICGP+RVO
80.25000000000001,1.8017934931854005,ICGP+RVO
80.30000000000003,1.7999179179632043,ICGP+RVO
80.35000000000002,1.7982497566809923,ICGP+RVO
80.40000000000002,1.796717322724974,ICGP+RVO
80.45000000000002,1.7954445120101177,ICGP+RVO
80.50000000000001,1.794307096770505,ICGP+RVO
80.55000000000003,1.7934150546496477,ICGP+RVO
80.60000000000002,1.79266252845788,ICGP+RVO
80.65000000000002,1.792193691940969,ICGP+RVO
0.0,1.1998820000337531,Passive+RVO
0.05,1.199851250000026,Passive+RVO
0.1,1.1998205000376096,Passive+RVO
0.15,1.19978975014651,Passive+RVO
0.2,1.1997590003267322,Passive+RVO
0.25,1.1996715016021051,Passive+RVO
0.3,1.1995840038413317,Passive+RVO
0.35,1.199630002568396,Passive+RVO
0.4,1.1996760015508354,Passive+RVO
0.45,1.199683001475494,Passive+RVO
0.5,1.1996900014020289,Passive+RVO
0.55,1.1996915013779583,Passive+RVO
0.6000000000000001,1.1996930013540965,Passive+RVO
0.65,1.1996930013779563,Passive+RVO
0.7000000000000001,1.1996930014020253,Passive+RVO
0.75,1.199693501402025,Passive+RVO
0.8,1.199694001402024,Passive+RVO
0.8500000000000001,1.199694001402024,Passive+RVO
0.9,1.199694001402024,Passive+RVO
0.95,1.1996935014507872,Passive+RVO
1.0,1.1996930015003835,Passive+RVO
1.05,1.1996935015003831,Passive+RVO
1.1,1.1996940015003823,Passive+RVO
1.15,1.1996940015003823,Passive+RVO
1.2000000000000002,1.1996940015003823,Passive+RVO
1.25,1.1996935015254937,Passive+RVO
1.3,1.1996930015508134,Passive+RVO
1.35,1.1996935015508128,Passive+RVO
1.4,1.1996940015508122,Passive+RVO
1.4500000000000002,1.1996940015763395,Passive+RVO
1.5,1.1996940016020752,Passive+RVO
1.55,1.19969350162802,Passive+RVO
1.6,1.1996930016541731,Passive+RVO
1.65,1.1996935016541723,Passive+RVO
1.7000000000000002,1.1996940016541715,Passive+RVO
1.75,1.1996940016805326,Passive+RVO
1.8,1.199694001707102,Passive+RVO
1.85,1.199694001707102,Passive+RVO
1.9,1.199694001707102,Passive+RVO
1.95,1.1996940017338795,Passive+RVO
2.0,1.1996940017608655,Passive+RVO
2.0500000000000003,1.1996940017880602,Passive+RVO
2.1,1.199694001815463,Passive+RVO
2.15,1.1996945018154623,Passive+RVO
2.2,1.1996950018154613,Passive+RVO
2.25,1.1996945018430731,Passive+RVO
2.3000000000000003,1.1996940018708937,Passive+RVO
2.35,1.199694501870893,Passive+RVO
2.4000000000000004,1.199695001870892,Passive+RVO
2.45,1.19969500189892,Passive+RVO
2.5,1.1996950019271564,Passive+RVO
2.5500000000000003,1.1996945019556018,Passive+RVO
2.6,1.199694001984256,Passive+RVO
2.6500000000000004,1.199694501984255,Passive+RVO
2.7,1.1996950019842545,Passive+RVO
2.75,1.199695002013116,Passive+RVO
2.8000000000000003,1.1996950020421857,Passive+RVO
2.85,1.1996945020714649,Passive+RVO
2.9000000000000004,1.1996940021009523,Passive+RVO
2.95,1.1996945021009515,Passive+RVO
3.0,1.199695002100951,Passive+RVO
3.0500000000000003,1.1996950021306458,Passive+RVO
3.1,1.1996950021605493,Passive+RVO
3.1500000000000004,1.199694502190662,Passive+RVO
3.2,1.199694002220983,Passive+RVO
3.25,1.199694002220983,Passive+RVO
3.3000000000000003,1.199694002220983,Passive+RVO
3.35,1.1996945022515106,Passive+RVO
3.4000000000000004,1.1996950022822468,Passive+RVO
3.45,1.1997590029757017,Passive+RVO
3.5,1.1998230037609712,Passive+RVO
3.5500000000000003,1.199905005320838,Passive+RVO
3.6,1.199987007150494,Passive+RVO
3.65,1.199947006510704,Passive+RVO
3.7,1.199907005900874,Passive+RVO
3.75,1.1998990057530885,Passive+RVO
3.8,1.199891005607176,Passive+RVO
3.85,1.1998905056071782,Passive+RVO
3.9,1.1998900056071806,Passive+RVO
3.95,1.1998900056556223,Passive+RVO
4.0,1.1998900057042727,Passive+RVO
4.05,1.199889505704275,Passive+RVO
4.1000000000000005,1.1998890057042777,Passive+RVO
4.15,1.199889505753134,Passive+RVO
4.2,1.1998900058021986,Passive+RVO
4.25,1.199890005851474,Passive+RVO
4.3,1.1998900059009576,Passive+RVO
4.3500000000000005,1.19988950590096,Passive+RVO
4.4,1.1998890059009626,Passive+RVO
4.45,1.19988950590096,Passive+RVO
4.5,1.1998900059009574,Passive+RVO
4.55,1.19989000600055,Passive+RVO
4.6000000000000005,1.1998900061009758,Passive+RVO
4.65,1.1998895061009782,Passive+RVO
4.7,1.199889006100981,Passive+RVO
4.75,1.1998895061009784,Passive+RVO
4.800000000000001,1.1998900061009758,Passive+RVO
4.8500000000000005,1.1998900061515014,Passive+RVO
4.9,1.199890006202235,Passive+RVO
4.95,1.19988950625318,Passive+RVO
5.0,1.1998890063043333,Passive+RVO
5.050000000000001,1.1998895063043309,Passive+RVO
5.1000000000000005,1.1998900063043278,Passive+RVO
5.15,1.1998900063043278,Passive+RVO
5.2,1.1998900063043278,Passive+RVO
5.25,1.1998895063556894,Passive+RVO
5.300000000000001,1.1998890064072594,Passive+RVO
5.3500000000000005,1.1998895064072568,Passive+RVO
5.4,1.1998900064072542,Passive+RVO
5.45,1.1998900064590297,Passive+RVO
5.5,1.1998900065110136,Passive+RVO
5.550000000000001,1.1998895065632087,Passive+RVO
5.6000000000000005,1.199889006615612,Passive+RVO
5.65,1.1998895066156092,Passive+RVO
5.7,1.1998900066156064,Passive+RVO
5.75,1.1998900066156064,Passive+RVO
5.800000000000001,1.1998900066156064,Passive+RVO
5.8500000000000005,1.1998900066682152,Passive+RVO
5.9,1.1998900067210323,Passive+RVO
5.95,1.1998900067210323,Passive+RVO
6.0,1.1998900067210323,Passive+RVO
6.050000000000001,1.1998900067210323,Passive+RVO
6.1000000000000005,1.1998900067210323,Passive+RVO
6.15,1.1998900067210323,Passive+RVO
6.2,1.1998900067210323,Passive+RVO
6.25,1.1998900067740583,Passive+RVO
6.300000000000001,1.1998900068272924,Passive+RVO
6.3500000000000005,1.1998900068807348,Passive+RVO
6.4,1.1998900069343854,Passive+RVO
6.45,1.1998900069343854,Passive+RVO
6.5,1.1998900069343854,Passive+RVO
6.550000000000001,1.1998900069343854,Passive+RVO
6.6000000000000005,1.1998900069343854,Passive+RVO
6.65,1.1997060151246428,Passive+RVO
6.7,1.1995220264705435,Passive+RVO
6.75,1.1995845221452717,Passive+RVO
6.800000000000001,1.199647018205772,Passive+RVO
6.8500000000000005,1.1996690170063575,Passive+RVO
6.9,1.1996910158478309,Passive+RVO
6.95,1.1996950156856534,Passive+RVO
7.0,1.1996990155243106,Passive+RVO
7.050000000000001,1.1996990155243106,Passive+RVO
7.1000000000000005,1.1996990155243106,Passive+RVO
7.15,1.1996995156048451,Passive+RVO
7.2,1.199700015685588,Passive+RVO
7.25,1.1997000157665456,Passive+RVO
7.300000000000001,1.1997000158477118,Passive+RVO
7.35,1.1997000159290865,Passive+RVO
7.4,1.1997000160106692,Passive+RVO
7.45,1.1997000160106692,Passive+RVO
7.5,1.1997000160106692,Passive+RVO
7.550000000000001,1.1997000160924605,Passive+RVO
7.6,1.1997000161744602,Passive+RVO
7.65,1.1997000161744602,Passive+RVO
7.7,1.1997000161744602,Passive+RVO
7.75,1.1997000162566682,Passive+RVO
7.800000000000001,1.1997000163390847,Passive+RVO
7.85,1.1997000164217095,Passive+RVO
7.9,1.1997000165045426,Passive+RVO
7.95,1.1997000165045426,Passive+RVO
8.0,1.1997000165045426,Passive+RVO
8.05,1.1997000165045426,Passive+RVO
8.1,1.1997000165045426,Passive+RVO
8.15,1.1997000165875842,Passive+RVO
8.200000000000001,1.1997000166708345,Passive+RVO
8.25,1.1997000167542926,Passive+RVO
8.3,1.1997000168379597,Passive+RVO
8.35,1.1997000168379597,Passive+RVO
8.4,1.1997000168379597,Passive+RVO
8.450000000000001,1.1997000169218346,Passive+RVO
8.5,1.199700017005918,Passive+RVO
8.55,1.199700017005918,Passive+RVO
8.6,1.199700017005918,Passive+RVO
8.65,1.199700017005918,Passive+RVO
8.700000000000001,1.199700017005918,Passive+RVO
8.75,1.1997000171747103,Passive+RVO
8.8,1.199700017344336,Passive+RVO
8.85,1.199700017344336,Passive+RVO
8.9,1.199700017344336,Passive+RVO
8.950000000000001,1.1997000174294614,Passive+RVO
9.0,1.1997000175147952,Passive+RVO
9.05,1.1997000175147952,Passive+RVO
9.1,1.1997000175147952,Passive+RVO
9.15,1.19970051760033,Passive+RVO
9.2,1.1997010176860732,Passive+RVO
9.25,1.1997005177720397,Passive+RVO
9.3,1.1997000178582145,Passive+RVO
9.35,1.1997000178582145,Passive+RVO
9.4,1.1997000178582145,Passive+RVO
9.45,1.1997005179445828,Passive+RVO
9.5,1.1997010180311591,Passive+RVO
9.55,1.1997005181179594,Passive+RVO
9.6,1.1997000182049675,Passive+RVO
9.65,1.1997000182049675,Passive+RVO
9.7,1.1997000182049675,Passive+RVO
9.75,1.1995116448548968,Passive+RVO
9.8,1.1993238031795252,Passive+RVO
9.85,1.2002200138750605,Passive+RVO
9.9,1.201117435648155,Passive+RVO
9.95,1.2011160184454497,Passive+RVO
10.0,1.2011158679998364,Passive+RVO
10.05,1.2012193964453373,Passive+RVO
10.1,1.2013233216020571,Passive+RVO
10.15,1.201485863196588,Passive+RVO
10.2,1.201648567631152,Passive+RVO
10.25,1.2018996422127972,Passive+RVO
10.3,1.202150784065377,Passive+RVO
10.35,1.202498511847,Passive+RVO
10.4,1.20284629750937,Passive+RVO
10.45,1.203277196403742,Passive+RVO
10.5,1.2037081162412255,Passive+RVO
10.55,1.204968392440337,Passive+RVO
10.6,1.2062288311261673,Passive+RVO
10.65,1.2086836303248465,Passive+RVO
10.7,1.2111384746877625,Passive+RVO
10.75,1.213943539785212,Passive+RVO
10.8,1.216748606137685,Passive+RVO
10.85,1.2197526585883098,Passive+RVO
10.9,1.222756711754632,Passive+RVO
10.95,1.225897225777614,Passive+RVO
11.0,1.2290377398273822,Passive+RVO
11.05,1.2322412185624412,Passive+RVO
11.1,1.235444697488722,Passive+RVO
11.15,1.238672142198754,Passive+RVO
11.2,1.2418995879699777,Passive+RVO
11.25,1.2450435067631171,Passive+RVO
11.3,1.2481874278889369,Passive+RVO
11.35,1.2512043207777854,Passive+RVO
11.4,1.2542212180887389,Passive+RVO
11.45,1.2570221166476148,Passive+RVO
11.5,1.2598230198297695,Passive+RVO
11.55,1.2626748116606468,Passive+RVO
11.6,1.2655266393853588,Passive+RVO
11.65,1.2686032282637667,Passive+RVO
11.7,1.2716800893310394,Passive+RVO
11.75,1.2737661081723364,Passive+RVO
11.8,1.275853202245854,Passive+RVO
11.85,1.276816317097432,Passive+RVO
11.9,1.2777795309426423,Passive+RVO
11.95,1.278667419699509,Passive+RVO
12.0,1.2795553325448652,Passive+RVO
12.05,1.2804619712400678,Passive+RVO
12.1,1.2813686210314346,Passive+RVO
12.15,1.282276248990443,Passive+RVO
12.2,1.28318388691255,Passive+RVO
12.25,1.284084981189524,Passive+RVO
12.3,1.2849860837946845,Passive+RVO
12.35,1.2858624576109414,Passive+RVO
12.4,1.2867388344590365,Passive+RVO
12.45,1.2876170472038648,Passive+RVO
12.5,1.2884952608391698,Passive+RVO
12.55,1.289311361449689,Passive+RVO
12.6,1.290127462227667,Passive+RVO
12.65,1.2912774464685155,Passive+RVO
12.7,1.292427476816011,Passive+RVO
12.75,1.2934667619696494,Passive+RVO
12.8,1.2945060776836854,Passive+RVO
12.85,1.2953902389755954,Passive+RVO
12.9,1.296274422989592,Passive+RVO
12.95,1.296887392292889,Passive+RVO
13.0,1.2975003763313515,Passive+RVO
13.05,1.2978862269004936,Passive+RVO
13.1,1.2982720882419063,Passive+RVO
13.15,1.2984266918991807,Passive+RVO
13.2,1.2985813007821263,Passive+RVO
13.25,1.2984966727512244,Passive+RVO
13.3,1.2984120466943458,Passive+RVO
13.35,1.2980611049050232,Passive+RVO
13.4,1.2977101631797447,Passive+RVO
13.45,1.2971711165133537,Passive+RVO
13.5,1.29663207378886,Passive+RVO
13.55,1.2956868584569343,Passive+RVO
13.6,1.2947419527960002,Passive+RVO
13.65,1.292541608664108,Passive+RVO
13.7,1.2903420429738774,Passive+RVO
13.75,1.2877117289099491,Passive+RVO
13.8,1.2850814261691748,Passive+RVO
13.85,1.282327541947552,Passive+RVO
13.9,1.2795736582674715,Passive+RVO
13.95,1.2767445149603152,Passive+RVO
14.0,1.2739153716542555,Passive+RVO
14.05,1.2709996337308678,Passive+RVO
14.1,1.268083897146005,Passive+RVO
14.15,1.2651072867781807,Passive+RVO
14.2,1.2621306787634945,Passive+RVO
14.25,1.259054120937023,Passive+RVO
14.3,1.2559775728865543,Passive+RVO
14.35,1.2528382798160744,Passive+RVO
14.4,1.2496990015487728,Passive+RVO
14.45,1.2463962151675525,Passive+RVO
14.5,1.243093515404211,Passive+RVO
14.55,1.2398795406031384,Passive+RVO
14.6,1.2366655861650713,Passive+RVO
14.65,1.2345830852819302,Passive+RVO
14.7,1.2325009185051343,Passive+RVO
14.75,1.231585257377864,Passive+RVO
14.8,1.2306697165470517,Passive+RVO
14.85,1.230107933094186,Passive+RVO
14.9,1.2295462492923963,Passive+RVO
14.95,1.2293757292288634,Passive+RVO
15.0,1.229205287315752,Passive+RVO
15.05,1.2294393489107138,Passive+RVO
15.1,1.229673465170734,Passive+RVO
15.15,1.2303065485725502,Passive+RVO
15.2,1.2309396674008843,Passive+RVO
15.25,1.231961575811214,Passive+RVO
15.3,1.232983501694163,Passive+RVO
15.35,1.234367240625131,Passive+RVO
15.4,1.2357509859611686,Passive+RVO
15.45,1.237467338028867,Passive+RVO
15.5,1.2391836903175413,Passive+RVO
15.55,1.2411520562948766,Passive+RVO
15.6,1.2431204253816284,Passive+RVO
15.65,1.245731752983061,Passive+RVO
15.7,1.2483431279147574,Passive+RVO
15.75,1.252730885093542,Passive+RVO
15.8,1.2571187291441488,Passive+RVO
15.85,1.2619120787159657,Passive+RVO
15.9,1.2667054435250524,Passive+RVO
15.95,1.2716145762251432,Passive+RVO
16.0,1.2765237782481766,Passive+RVO
16.05,1.28151839330772,Passive+RVO
16.1,1.2865131459588746,Passive+RVO
16.150000000000002,1.29159660365553,Passive+RVO
16.2,1.2966802958127344,Passive+RVO
16.25,1.3018265012712906,Passive+RVO
16.3,1.3069730671203594,Passive+RVO
16.35,1.312184430013556,Passive+RVO
16.400000000000002,1.3173963394066346,Passive+RVO
16.45,1.3226502041039614,Passive+RVO
16.5,1.3279047763469338,Passive+RVO
16.55,1.3333721057571477,Passive+RVO
16.6,1.3388406576213616,Passive+RVO
16.650000000000002,1.3442347555045029,Passive+RVO
16.7,1.3496304844382407,Passive+RVO
16.75,1.3543854706025351,Passive+RVO
16.8,1.359142124154792,Passive+RVO
16.85,1.3632717799122085,Passive+RVO
16.900000000000002,1.3674031164568847,Passive+RVO
16.95,1.37025352573064,Passive+RVO
17.0,1.3731071386476004,Passive+RVO
17.05,1.3750322651248952,Passive+RVO
17.1,1.376964010026769,Passive+RVO
17.150000000000002,1.3785292591515783,Passive+RVO
17.2,1.3801019865375892,Passive+RVO
17.25,1.383077315594649,Passive+RVO
17.3,1.38605753331707,Passive+RVO
17.35,1.3889273714634074,Passive+RVO
17.400000000000002,1.391801102090381,Passive+RVO
17.45,1.3941472137599027,Passive+RVO
17.5,1.396496595657147,Passive+RVO
17.55,1.398315640921248,Passive+RVO
17.6,1.4001375076134488,Passive+RVO
17.650000000000002,1.4013964744134688,Passive+RVO
17.7,1.4026578740719349,Passive+RVO
17.75,1.4033313463045711,Passive+RVO
17.8,1.4040068906739738,Passive+RVO
17.85,1.4040751635020292,Passive+RVO
17.900000000000002,1.4041452945008932,Passive+RVO
17.95,1.403744805970533,Passive+RVO
18.0,1.4033492374608685,Passive+RVO
18.05,1.4027065338912663,Passive+RVO
18.1,1.4020682355267164,Passive+RVO
18.15,1.401633176157371,Passive+RVO
18.2,1.4011981519617416,Passive+RVO
18.25,1.4011544563903366,Passive+RVO
18.3,1.4011108444605658,Passive+RVO
18.35,1.400769032662862,Passive+RVO
18.4,1.4004327503125595,Passive+RVO
18.45,1.3992507740594606,Passive+RVO
18.5,1.3980789016375292,Passive+RVO
18.55,1.3968639723345473,Passive+RVO
18.6,1.3956515667217946,Passive+RVO
18.65,1.3944011404546577,Passive+RVO
18.7,1.3931535471440326,Passive+RVO
18.75,1.391898571827883,Passive+RVO
18.8,1.390647994092682,Passive+RVO
18.85,1.390120132837896,Passive+RVO
18.9,1.3895924934674193,Passive+RVO
18.95,1.3896123790964154,Passive+RVO
19.0,1.3896324457643467,Passive+RVO
19.05,1.390525370912106,Passive+RVO
19.1,1.3914200776012973,Passive+RVO
19.15,1.3928654584529152,Passive+RVO
19.200000000000003,1.3943129226586837,Passive+RVO
19.25,1.3963932376836046,Passive+RVO
19.3,1.3984755335610988,Passive+RVO
19.35,1.4011714302154463,Passive+RVO
19.4,1.4038692003976014,Passive+RVO
19.450000000000003,1.4071513464961758,Passive+RVO
19.5,1.4104352688517825,Passive+RVO
19.55,1.4141277958559828,Passive+RVO
19.6,1.4178217183189852,Passive+RVO
19.65,1.422531470333785,Passive+RVO
19.700000000000003,1.42724543243445,Passive+RVO
19.75,1.4338014298753157,Passive+RVO
19.8,1.4403629201229111,Passive+RVO
19.85,1.4480827146420197,Passive+RVO
19.9,1.4558051323363996,Passive+RVO
19.950000000000003,1.4634588517263656,Passive+RVO
20.0,1.4711153094553806,Passive+RVO
20.05,1.4787355007344112,Passive+RVO
20.1,1.486358472193367,Passive+RVO
20.15,1.4940294135739935,Passive+RVO
20.200000000000003,1.501703467391616,Passive+RVO
20.25,1.5090230070682322,Passive+RVO
20.3,1.5163454244046768,Passive+RVO
20.35,1.5225730517528544,Passive+RVO
20.4,1.5288047763874235,Passive+RVO
20.450000000000003,1.5337701355128972,Passive+RVO
20.5,1.5387404777739486,Passive+RVO
20.55,1.543059598046686,Passive+RVO
20.6,1.5473833308666602,Passive+RVO
20.65,1.550949154057363,Passive+RVO
20.700000000000003,1.554519303515077,Passive+RVO
20.75,1.5574369525606004,Passive+RVO
20.8,1.560359787034388,Passive+RVO
20.85,1.5631687083410095,Passive+RVO
20.9,1.5659877629151515,Passive+RVO
20.950000000000003,1.5686037546622476,Passive+RVO
21.0,1.5712253000973475,Passive+RVO
21.05,1.573789468392771,Passive+RVO
21.1,1.5763564540046135,Passive+RVO
21.15,1.578704424612315,Passive+RVO
21.200000000000003,1.5810552961512765,Passive+RVO
21.25,1.583378966527755,Passive+RVO
21.3,1.585707296662912,Passive+RVO
21.35,1.5878197382292805,Passive+RVO
21.4,1.5899376436590211,Passive+RVO
21.450000000000003,1.5916734050492272,Passive+RVO
21.5,1.5934147485598342,Passive+RVO
21.55,1.5950072482691888,Passive+RVO
21.6,1.5966093994628117,Passive+RVO
21.65,1.597862400002735,Passive+RVO
21.700000000000003,1.5991210882859996,Passive+RVO
21.75,1.6000213762407207,Passive+RVO
21.8,1.6009254427723985,Passive+RVO
21.85,1.601507262620825,Passive+RVO
21.9,1.6020930802999558,Passive+RVO
21.950000000000003,1.602338347013904,Passive+RVO
22.0,1.602587692295183,Passive+RVO
22.05,1.6025057984657962,Passive+RVO
22.1,1.6024282435335442,Passive+RVO
22.15,1.6020324270598425,Passive+RVO
22.200000000000003,1.6016410854873198,Passive+RVO
22.25,1.6010444011757607,Passive+RVO
22.3,1.600457651811506,Passive+RVO
22.35,1.5994317615284497,Passive+RVO
22.4,1.598412987337753,Passive+RVO
22.450000000000003,1.5971408429665803,Passive+RVO
22.5,1.595874647506501,Passive+RVO
22.55,1.5944558189828435,Passive+RVO
22.6,1.5930430872907988,Passive+RVO
22.65,1.5914579066096126,Passive+RVO
22.700000000000003,1.58987898558601,Passive+RVO
22.75,1.588146665570438,Passive+RVO
22.8,1.5864207841483924,Passive+RVO
22.85,1.584543422887568,Passive+RVO
22.9,1.582672556002978,Passive+RVO
22.950000000000003,1.5806287005237027,Passive+RVO
23.0,1.578591571025894,Passive+RVO
23.05,1.5764316415240622,Passive+RVO
23.1,1.5742793652922598,Passive+RVO
23.15,1.5724758940852637,Passive+RVO
23.200000000000003,1.570679090240906,Passive+RVO
23.25,1.570089138436732,Passive+RVO
23.3,1.5695081614072608,Passive+RVO
23.35,1.5699245620669964,Passive+RVO
23.4,1.570349073043634,Passive+RVO
23.450000000000003,1.57177837058195,Passive+RVO
23.5,1.5732148715518806,Passive+RVO
23.55,1.575614012815718,Passive+RVO
23.6,1.5780194698320422,Passive+RVO
23.65,1.5814115816327672,Passive+RVO
23.700000000000003,1.584809147647123,Passive+RVO
23.75,1.5891825130707926,Passive+RVO
23.8,1.59356072426061,Passive+RVO
23.85,1.598920940017439,Passive+RVO
23.9,1.604286256388492,Passive+RVO
23.950000000000003,1.6104493404153548,Passive+RVO
24.0,1.6166188533213388,Passive+RVO
24.05,1.6230127296766652,Passive+RVO
24.1,1.6294113032135256,Passive+RVO
24.15,1.6359709025946183,Passive+RVO
24.200000000000003,1.642534856380528,Passive+RVO
24.25,1.649281146810634,Passive+RVO
24.3,1.6560317914958638,Passive+RVO
24.35,1.6629378203448408,Passive+RVO
24.4,1.6698480212234892,Passive+RVO
24.450000000000003,1.6769381403368018,Passive+RVO
24.5,1.6840322565630983,Passive+RVO
24.55,1.691298222081561,Passive+RVO
24.6,1.698568210352472,Passive+RVO
24.65,1.7059876786668922,Passive+RVO
24.700000000000003,1.7134109998891105,Passive+RVO
24.75,1.718897153872869,Passive+RVO
24.8,1.724390357488698,Passive+RVO
24.85,1.7280591593088617,Passive+RVO
24.9,1.7317749883841724,Passive+RVO
24.950000000000003,1.7354897373770324,Passive+RVO
25.0,1.73925739266188,Passive+RVO
25.05,1.7421088118154389,Passive+RVO
25.1,1.74501225830107,Passive+RVO
25.15,1.7476663598251527,Passive+RVO
25.200000000000003,1.7503728768559572,Passive+RVO
25.25,1.7521947268443083,Passive+RVO
25.3,1.7540623861051805,Passive+RVO
25.35,1.7550166889697232,Passive+RVO
25.4,1.7560277449453925,Passive+RVO
25.450000000000003,1.7564199351887635,Passive+RVO
25.5,1.7568622262499696,Passive+RVO
25.55,1.756953445804199,Passive+RVO
25.6,1.757098871408493,Passive+RVO
25.65,1.756443672270762,Passive+RVO
25.700000000000003,1.7347775868531372,Passive+RVO
25.75,1.710569596319381,Passive+RVO
25.8,1.6863828291669123,Passive+RVO
25.85,1.662178351816825,Passive+RVO
25.9,1.6379962718983807,Passive+RVO
25.950000000000003,1.613819048855848,Passive+RVO
26.0,1.5896654241886876,Passive+RVO
26.05,1.5655256735429957,Passive+RVO
26.1,1.5414105652764938,Passive+RVO
26.15,1.518968881244444,Passive+RVO
26.200000000000003,1.4965501227670246,Passive+RVO
26.25,1.4769617335306962,Passive+RVO
26.3,1.457395288775835,Passive+RVO
26.35,1.4381465635943536,Passive+RVO
26.4,1.418923395420978,Passive+RVO
26.450000000000003,1.3998727344307038,Passive+RVO
26.5,1.3808525161077123,Passive+RVO
26.55,1.361969540028796,Passive+RVO
26.6,1.3431227577470348,Passive+RVO
26.65,1.324591471163845,Passive+RVO
26.700000000000003,1.3061018636209036,Passive+RVO
26.75,1.288188269354387,Passive+RVO
26.8,1.270320825033188,Passive+RVO
26.85,1.2526107737844978,Passive+RVO
26.9,1.234953546529179,Passive+RVO
26.950000000000003,1.2174595667440036,Passive+RVO
27.0,1.2000259695394095,Passive+RVO
27.05,1.1839637893079753,Passive+RVO
27.1,1.1679626470897946,Passive+RVO
27.15,1.1526033345164757,Passive+RVO
27.200000000000003,1.137312577261413,Passive+RVO
27.25,1.1231156149390855,Passive+RVO
27.3,1.1089870883887696,Passive+RVO
27.35,1.0954591860954923,Passive+RVO
27.4,1.0820050677741757,Passive+RVO
27.450000000000003,1.0688034068623182,Passive+RVO
27.5,1.0556866422404898,Passive+RVO
27.55,1.0434152290572052,Passive+RVO
27.6,1.0312325172748384,Passive+RVO
27.65,1.0199423892970618,Passive+RVO
27.700000000000003,1.0087479944629374,Passive+RVO
27.75,0.9979125746246512,Passive+RVO
27.8,0.9871860692822808,Passive+RVO
27.85,0.976865580517606,Passive+RVO
27.9,0.9666671782371627,Passive+RVO
27.950000000000003,0.9572542641400188,Passive+RVO
28.0,0.9479694636484868,Passive+RVO
28.05,0.940307013091602,Passive+RVO
28.1,0.932755901683286,Passive+RVO
28.15,0.9258742308556274,Passive+RVO
28.200000000000003,0.9191058048043212,Passive+RVO
28.25,0.9128507170594764,Passive+RVO
28.3,0.9067179531039408,Passive+RVO
28.35,0.9010518933468812,Passive+RVO
28.4,0.8955176108648,Passive+RVO
28.450000000000003,0.8904748916788724,Passive+RVO
28.5,0.8855732862372261,Passive+RVO
28.55,0.8812542877349592,Passive+RVO
28.6,0.8770789107588894,Passive+RVO
28.65,0.873534502793822,Passive+RVO
28.700000000000003,0.8701335486125101,Passive+RVO
28.75,0.8674341677291714,Passive+RVO
28.8,0.864874365713888,Passive+RVO
28.85,0.8629319163405941,Passive+RVO
28.9,0.8611287758761751,Passive+RVO
28.950000000000003,0.859913991530839,Passive+RVO
29.0,0.8588391398183947,Passive+RVO
29.05,0.858328349288604,Passive+RVO
29.1,0.8579559519753913,Passive+RVO
29.15,0.8584180025372256,Passive+RVO
29.200000000000003,0.8590225626338346,Passive+RVO
29.25,0.8604618537939379,Passive+RVO
29.3,0.8620238301114419,Passive+RVO
29.35,0.8638538134981231,Passive+RVO
29.4,0.8657796678445391,Passive+RVO
29.450000000000003,0.8678454541302273,Passive+RVO
29.5,0.8700021367312841,Passive+RVO
29.55,0.8723106907624715,Passive+RVO
29.6,0.8747053174212444,Passive+RVO
29.65,0.8772133901173933,Passive+RVO
29.700000000000003,0.8798012284715225,Passive+RVO
29.75,0.8828878175920768,Passive+RVO
29.8,0.8860501857671494,Passive+RVO
29.85,0.8897663254748408,Passive+RVO
29.9,0.893561319383287,Passive+RVO
29.950000000000003,0.8971363250711959,Passive+RVO
30.0,0.9007848878311624,Passive+RVO
30.05,0.9039828841178356,Passive+RVO
30.1,0.9072431772689172,Passive+RVO
30.15,0.9102552437822042,Passive+RVO
30.200000000000003,0.913338045690094,Passive+RVO
30.25,0.9159343071994844,Passive+RVO
30.3,0.9185863968059836,Passive+RVO
30.35,0.9185032349846404,Passive+RVO
30.4,0.918469569996742,Passive+RVO
30.450000000000003,0.9180846614170448,Passive+RVO
30.5,0.9177511407026416,Passive+RVO
30.55,0.9171737574283568,Passive+RVO
30.6,0.91665009487372,Passive+RVO
30.65,0.9163080012419405,Passive+RVO
30.700000000000003,0.9160248512436764,Passive+RVO
30.75,0.9152452660975636,Passive+RVO
30.8,0.9145322385263408,Passive+RVO
30.85,0.9134866782598692,Passive+RVO
30.9,0.9125109261312984,Passive+RVO
30.950000000000003,0.9112311060178422,Passive+RVO
31.0,0.910021451716936,Passive+RVO
31.05,0.908510536968752,Passive+RVO
31.1,0.9070711454841898,Passive+RVO
31.15,0.905359067440648,Passive+RVO
31.200000000000003,0.9037184568846648,Passive+RVO
31.25,0.9021003798339184,Passive+RVO
31.3,0.9005693517880786,Passive+RVO
31.35,0.8996766696388764,Passive+RVO
31.4,0.8988822511641889,Passive+RVO
31.450000000000003,0.8981466512937906,Passive+RVO
31.5,0.8975023586113854,Passive+RVO
31.55,0.8969148902301154,Passive+RVO
31.6,0.8964122391026352,Passive+RVO
31.65,0.895941385435035,Passive+RVO
31.700000000000003,0.8955492782477131,Passive+RVO
31.75,0.8955856619432057,Passive+RVO
31.8,0.8956968156675561,Passive+RVO
31.85,0.8962397188170417,Passive+RVO
31.9,0.8968530605266397,Passive+RVO
31.950000000000003,0.8989649793352632,Passive+RVO
32.0,0.9011130946407336,Passive+RVO
32.050000000000004,0.9036153702347588,Passive+RVO
32.1,0.9061513458230916,Passive+RVO
32.15,0.9089939115974592,Passive+RVO
32.2,0.9118687036563982,Passive+RVO
32.25,0.9150485272913126,Passive+RVO
32.300000000000004,0.9182590712974203,Passive+RVO
32.35,0.92233510959751,Passive+RVO
32.4,0.9264406042618166,Passive+RVO
32.45,0.9319165412799854,Passive+RVO
32.5,0.937433700978368,Passive+RVO
32.550000000000004,0.9425436193389144,Passive+RVO
32.6,0.9477518320341036,Passive+RVO
32.65,0.9531926719045312,Passive+RVO
32.7,0.9587315777640788,Passive+RVO
32.75,0.9643981394558993,Passive+RVO
32.800000000000004,0.9701609190077704,Passive+RVO
32.85,0.9760826131606386,Passive+RVO
32.9,0.9820988683284388,Passive+RVO
32.95,0.9882740691201256,Passive+RVO
33.0,0.9945421197923192,Passive+RVO
33.050000000000004,0.9995537611490696,Passive+RVO
33.1,1.0046503664081352,Passive+RVO
33.15,1.0092662207495104,Passive+RVO
33.2,1.0139586548277006,Passive+RVO
33.25,1.018524932578604,Passive+RVO
33.300000000000004,1.0231729644771703,Passive+RVO
33.35,1.027647808436334,Passive+RVO
33.4,1.0322095287590598,Passive+RVO
33.45,1.036521253160421,Passive+RVO
33.5,1.0409246552407143,Passive+RVO
33.550000000000004,1.0450489571776052,Passive+RVO
33.6,1.049268167061214,Passive+RVO
33.65,1.053117896375567,Passive+RVO
33.7,1.0570933058391772,Passive+RVO
33.75,1.0609098818544862,Passive+RVO
33.800000000000004,1.064868453806385,Passive+RVO
33.85,1.0685647847352309,Passive+RVO
33.9,1.0724014508032893,Passive+RVO
33.95,1.076026292736381,Passive+RVO
34.0,1.0797913659392726,Passive+RVO
34.050000000000004,1.082376251493098,Passive+RVO
34.1,1.0850491193425302,Passive+RVO
34.15,1.085098986040559,Passive+RVO
34.2,1.0851506966781157,Passive+RVO
34.25,1.0858997582370344,Passive+RVO
34.300000000000004,1.086648965083021,Passive+RVO
34.35,1.0894686667458593,Passive+RVO
34.4,1.0923132208116866,Passive+RVO
34.45,1.0953704317030155,Passive+RVO
34.5,1.0985820471685308,Passive+RVO
34.550000000000004,1.1018924786980129,Passive+RVO
34.6,1.1053688265090524,Passive+RVO
34.65,1.109020518887387,Passive+RVO
34.7,1.1128396753912937,Passive+RVO
34.75,1.1167553094536868,Passive+RVO
34.800000000000004,1.1208398877346406,Passive+RVO
34.85,1.125086374808286,Passive+RVO
34.9,1.1295022269097128,Passive+RVO
34.95,1.1340341868129464,Passive+RVO
35.0,1.1387359815655251,Passive+RVO
35.050000000000004,1.1435388169062086,Passive+RVO
35.1,1.1485107586352858,Passive+RVO
35.15,1.1538153503746815,Passive+RVO
35.2,1.1592565311439915,Passive+RVO
35.25,1.1660205309041516,Passive+RVO
35.300000000000004,1.172877892945383,Passive+RVO
35.35,1.1766973114341048,Passive+RVO
35.4,1.180591715929347,Passive+RVO
35.45,1.1836161466904085,Passive+RVO
35.5,1.1867044133262503,Passive+RVO
35.550000000000004,1.1898780848242396,Passive+RVO
35.6,1.193115255523958,Passive+RVO
35.65,1.1968441559870064,Passive+RVO
35.7,1.20063475137154,Passive+RVO
35.75,1.2042930166833363,Passive+RVO
35.800000000000004,1.2080104855381024,Passive+RVO
35.85,1.2126068598409177,Passive+RVO
35.9,1.2172629791581604,Passive+RVO
35.95,1.2221827794278566,Passive+RVO
36.0,1.227155381366598,Passive+RVO
36.05,1.2316564448279603,Passive+RVO
36.1,1.2362173319477443,Passive+RVO
36.15,1.2409072843428912,Passive+RVO
36.2,1.2456518536433043,Passive+RVO
36.25,1.2509938389001962,Passive+RVO
36.3,1.256390717766572,Passive+RVO
36.35,1.2625155862857698,Passive+RVO
36.4,1.2687235442412188,Passive+RVO
36.45,1.2749920801739325,Passive+RVO
36.5,1.281353731089507,Passive+RVO
36.55,1.287379956827238,Passive+RVO
36.6,1.2934972238180489,Passive+RVO
36.65,1.2996405496171812,Passive+RVO
36.7,1.3058728348778836,Passive+RVO
36.75,1.3124880899803433,Passive+RVO
36.8,1.319190522072154,Passive+RVO
36.85,1.325945372376348,Passive+RVO
36.9,1.332783124161617,Passive+RVO
36.95,1.3391832110441428,Passive+RVO
37.0,1.3456684248506392,Passive+RVO
37.05,1.3517934620137984,Passive+RVO
37.1,1.3580011792075144,Passive+RVO
37.15,1.3646062980189555,Passive+RVO
37.2,1.3712894361355663,Passive+RVO
37.25,1.3781465576944276,Passive+RVO
37.3,1.3850808162851014,Passive+RVO
37.35,1.391610958061556,Passive+RVO
37.4,1.3982118816921132,Passive+RVO
37.45,1.405338616436089,Passive+RVO
37.5,1.4125392303596385,Passive+RVO
37.55,1.4200210167628688,Passive+RVO
37.6,1.42757165121825,Passive+RVO
37.65,1.4347720492330822,Passive+RVO
37.7,1.4420387372619363,Passive+RVO
37.75,1.449484011081961,Passive+RVO
37.8,1.4569947324067456,Passive+RVO
37.85,1.4655026377717653,Passive+RVO
37.9,1.4740937023964928,Passive+RVO
37.95,1.4828819694689972,Passive+RVO
38.0,1.491751434973669,Passive+RVO
38.05,1.5007587569680385,Passive+RVO
38.1,1.5098439827998784,Passive+RVO
38.15,1.5189858556510651,Passive+RVO
38.2,1.5282025767511975,Passive+RVO
38.25,1.5375331041907685,Passive+RVO
38.3,1.5469356011718796,Passive+RVO
38.35,1.5565231435730411,Passive+RVO
38.400000000000006,1.566179061036446,Passive+RVO
38.45,1.5761046651951776,Passive+RVO
38.5,1.5860938898214696,Passive+RVO
38.55,1.5849621058918884,Passive+RVO
38.6,1.5816989137130366,Passive+RVO
38.650000000000006,1.5784851997919551,Passive+RVO
38.7,1.5752717654531867,Passive+RVO
38.75,1.5721052608875303,Passive+RVO
38.8,1.5689391762592324,Passive+RVO
38.85,1.5657765388183589,Passive+RVO
38.900000000000006,1.5626145039634691,Passive+RVO
38.95,1.5595091684188649,Passive+RVO
39.0,1.5564046345128248,Passive+RVO
39.05,1.55337003349371,Passive+RVO
39.1,1.5503364534996913,Passive+RVO
39.150000000000006,1.54730914299963,Passive+RVO
39.2,1.5442831254757012,Passive+RVO
39.25,1.5411644489009764,Passive+RVO
39.3,1.538047273986726,Passive+RVO
39.35,1.5365198453541855,Passive+RVO
39.400000000000006,1.5349953926996,Passive+RVO
39.45,1.5346628941505362,Passive+RVO
39.5,1.5343341414440987,Passive+RVO
39.55,1.5339008768968745,Passive+RVO
39.6,1.5334722726182564,Passive+RVO
39.650000000000006,1.5330545199915429,Passive+RVO
39.7,1.532642237499998,Passive+RVO
39.75,1.5322476665947318,Passive+RVO
39.8,1.531859497416457,Passive+RVO
39.85,1.5315358490776507,Passive+RVO
39.900000000000006,1.5312194906273235,Passive+RVO
39.95,1.5309670102913715,Passive+RVO
40.0,1.530722916018768,Passive+RVO
40.05,1.5304643689352098,Passive+RVO
40.1,1.530214984175753,Passive+RVO
40.150000000000006,1.5300911592086597,Passive+RVO
40.2,1.5299776925517574,Passive+RVO
40.25,1.530205098398659,Passive+RVO
40.3,1.5304441119573755,Passive+RVO
40.35,1.531594410991696,Passive+RVO
40.400000000000006,1.532754665394629,Passive+RVO
40.45,1.5346045670834068,Passive+RVO
40.5,1.5364611695841843,Passive+RVO
40.55,1.5386184153330549,Passive+RVO
40.6,1.5407815771743898,Passive+RVO
40.650000000000006,1.5432614347064628,Passive+RVO
40.7,1.5457465526253005,Passive+RVO
40.75,1.5484089619997845,Passive+RVO
40.8,1.5510753856934232,Passive+RVO
40.85,1.5540087225174286,Passive+RVO
40.900000000000006,1.5569455456954815,Passive+RVO
40.95,1.5602545561798562,Passive+RVO
41.0,1.5635662810296849,Passive+RVO
41.05,1.5684618814275504,Passive+RVO
41.1,1.5733601176641028,Passive+RVO
41.150000000000006,1.5785331791505846,Passive+RVO
41.2,1.5837086268013445,Passive+RVO
41.25,1.58909237883422,Passive+RVO
41.3,1.5944781605920486,Passive+RVO
41.35,1.6000684241716825,Passive+RVO
41.400000000000006,1.6056603301383523,Passive+RVO
41.45,1.6114248325027454,Passive+RVO
41.5,1.6171906167975376,Passive+RVO
41.55,1.6231297430637672,Passive+RVO
41.6,1.6290697808679035,Passive+RVO
41.650000000000006,1.6351324961106366,Passive+RVO
41.7,1.6411957799132315,Passive+RVO
41.75,1.6453805614425496,Passive+RVO
41.8,1.6495657128229242,Passive+RVO
41.85,1.6527766381371685,Passive+RVO
41.900000000000006,1.655987761933343,Passive+RVO
41.95,1.659226220171921,Passive+RVO
42.0,1.662464821391719,Passive+RVO
42.05,1.665320693826042,Passive+RVO
42.1,1.6681766763271808,Passive+RVO
42.150000000000006,1.6697878879417591,Passive+RVO
42.2,1.6713990995600063,Passive+RVO
42.25,1.6730293643885183,Passive+RVO
42.3,1.674659629245597,Passive+RVO
42.35,1.6763013770204034,Passive+RVO
42.400000000000006,1.6779431248039969,Passive+RVO
42.45,1.6795892821256182,Passive+RVO
42.5,1.681235439465276,Passive+RVO
42.55,1.6828831617555184,Passive+RVO
42.6,1.6845308840460598,Passive+RVO
42.650000000000006,1.68617620242088,Passive+RVO
42.7,1.6878215207968523,Passive+RVO
42.75,1.6893838631879967,Passive+RVO
42.8,1.690946205834177,Passive+RVO
42.85,1.6916478449202277,Passive+RVO
42.900000000000006,1.6923494873394207,Passive+RVO
42.95,1.693033038324489,Passive+RVO
43.0,1.6937166016606793,Passive+RVO
43.05,1.6943843603236104,Passive+RVO
43.1,1.6950521445106048,Passive+RVO
43.150000000000006,1.6957010184493022,Passive+RVO
43.2,1.6963499339564347,Passive+RVO
43.25,1.696969039011761,Passive+RVO
43.3,1.697588209242748,Passive+RVO
43.35,1.698174694387256,Passive+RVO
43.400000000000006,1.6987612653451336,Passive+RVO
43.45,1.6993050442081463,Passive+RVO
43.5,1.6998489289592766,Passive+RVO
43.55,1.7011477399488264,Passive+RVO
43.6,1.702447089454471,Passive+RVO
43.650000000000006,1.7053232951578423,Passive+RVO
43.7,1.708201979797471,Passive+RVO
43.75,1.7111953052042306,Passive+RVO
43.8,1.7141905382226332,Passive+RVO
43.85,1.7172779306994108,Passive+RVO
43.900000000000006,1.7203668343655667,Passive+RVO
43.95,1.7234800075238763,Passive+RVO
44.0,1.7265943178167245,Passive+RVO
44.05,1.7297855851759492,Passive+RVO
44.1,1.7329776598228266,Passive+RVO
44.150000000000006,1.7362363921131252,Passive+RVO
44.2,1.7394956831406625,Passive+RVO
44.25,1.7431215957964608,Passive+RVO
44.3,1.7467479048039538,Passive+RVO
44.35,1.7505523428541778,Passive+RVO
44.400000000000006,1.7543571240462996,Passive+RVO
44.45,1.7581793538835853,Passive+RVO
44.5,1.7620017992754715,Passive+RVO
44.55,1.7658384580267388,Passive+RVO
44.6,1.7696752615112752,Passive+RVO
44.650000000000006,1.7735143764140318,Passive+RVO
44.7,1.7773535670417409,Passive+RVO
44.75,1.7812598197031784,Passive+RVO
44.8,1.7851661103841292,Passive+RVO
44.85,1.7883841816937716,Passive+RVO
44.900000000000006,1.7916022816601909,Passive+RVO
44.95,1.794692663419353,Passive+RVO
45.0,1.7977834348978188,Passive+RVO
45.05,1.7983233481374394,Passive+RVO
45.1,1.7988633001676366,Passive+RVO
45.150000000000006,1.7993663174515773,Passive+RVO
45.2,1.799869487705428,Passive+RVO
45.25,1.801326506332278,Passive+RVO
45.3,1.8027838088850257,Passive+RVO
45.35,1.8041187221954105,Passive+RVO
45.400000000000006,1.805454033464713,Passive+RVO
45.45,1.8067310992561263,Passive+RVO
45.5,1.8080086328380736,Passive+RVO
45.55,1.8092120503049112,Passive+RVO
45.6,1.8104160144389467,Passive+RVO
45.650000000000006,1.811554796447516,Passive+RVO
45.7,1.812694153437088,Passive+RVO
45.75,1.8137570772196865,Passive+RVO
45.8,1.8148204995869424,Passive+RVO
45.85,1.8158910588436328,Passive+RVO
45.900000000000006,1.8169621363858963,Passive+RVO
45.95,1.8180496506950103,Passive+RVO
46.0,1.8191376719954429,Passive+RVO
46.05,1.8202378434510285,Passive+RVO
46.1,1.8213385244182367,Passive+RVO
46.150000000000006,1.8223994581177865,Passive+RVO
46.2,1.8234608863745887,Passive+RVO
46.25,1.8243626692443855,Passive+RVO
46.3,1.825264912272189,Passive+RVO
46.35,1.8260860411356576,Passive+RVO
46.400000000000006,1.826907711208752,Passive+RVO
46.45,1.8276233930365,Passive+RVO
46.5,1.8283396936830416,Passive+RVO
46.55,1.8289900652198745,Passive+RVO
46.6,1.829641137560314,Passive+RVO
46.650000000000006,1.8302023905197613,Passive+RVO
46.7,1.830764430159708,Passive+RVO
46.75,1.8311741227546467,Passive+RVO
46.8,1.8315845326615423,Passive+RVO
46.85,1.8317562941429328,Passive+RVO
46.900000000000006,1.8319285803163836,Passive+RVO
46.95,1.8319705170949805,Passive+RVO
47.0,1.8320130271821211,Passive+RVO
47.05,1.83188217879112,Passive+RVO
47.1,1.8317518582452696,Passive+RVO
47.150000000000006,1.8316654810666848,Passive+RVO
47.2,1.8315791868576143,Passive+RVO
47.25,1.83158593896874,Passive+RVO
47.3,1.831592691977668,Passive+RVO
47.35,1.8312956938193377,Passive+RVO
47.400000000000006,1.830999219210374,Passive+RVO
47.45,1.8304924642838607,Passive+RVO
47.5,1.829986554819734,Passive+RVO
47.55,1.8292641300572887,Passive+RVO
47.6,1.8285424573621472,Passive+RVO
47.650000000000006,1.8276308382342967,Passive+RVO
47.7,1.826719771298269,Passive+RVO
47.75,1.8256643561627777,Passive+RVO
47.8,1.8246093119857192,Passive+RVO
47.85,1.823414479788125,Passive+RVO
47.900000000000006,1.8222199023655183,Passive+RVO
47.95,1.820918140039936,Passive+RVO
48.0,1.8196165254594163,Passive+RVO
48.05,1.818267647501668,Passive+RVO
48.1,1.8169188239417853,Passive+RVO
48.150000000000006,1.815378833159212,Passive+RVO
48.2,1.813838850590647,Passive+RVO
48.25,1.8117846475316128,Passive+RVO
48.3,1.8097304907131888,Passive+RVO
48.35,1.8073593906852752,Passive+RVO
48.400000000000006,1.804988417893588,Passive+RVO
48.45,1.8026874794867385,Passive+RVO
48.5,1.8003867290993345,Passive+RVO
48.55,1.7981775869955812,Passive+RVO
48.6,1.795968680306536,Passive+RVO
48.650000000000006,1.7938359142319846,Passive+RVO
48.7,1.7917034459731331,Passive+RVO
48.75,1.789821765229432,Passive+RVO
48.8,1.7879404416534683,Passive+RVO
48.85,1.7862330380032303,Passive+RVO
48.900000000000006,1.784526516421933,Passive+RVO
48.95,1.7829597664278627,Passive+RVO
49.0,1.7813943149726843,Passive+RVO
49.05,1.7800193017476662,Passive+RVO
49.1,1.7786458272050678,Passive+RVO
49.150000000000006,1.7774649246509056,Passive+RVO
49.2,1.7762856992041005,Passive+RVO
49.25,1.7755140906245297,Passive+RVO
49.3,1.774744052822265,Passive+RVO
49.35,1.7743257315572725,Passive+RVO
49.400000000000006,1.7739088325122576,Passive+RVO
49.45,1.7740902120743465,Passive+RVO
49.5,1.7742746321099787,Passive+RVO
49.55,1.774602042958153,Passive+RVO
49.6,1.7749325468766413,Passive+RVO
49.650000000000006,1.775395709232804,Passive+RVO
49.7,1.7758618836376323,Passive+RVO
49.75,1.776419891443532,Passive+RVO
49.8,1.7769807844414076,Passive+RVO
49.85,1.7776331276436794,Passive+RVO
49.900000000000006,1.778288466622049,Passive+RVO
49.95,1.7794259352736488,Passive+RVO
50.0,1.780565925859809,Passive+RVO
50.05,1.7824740066969422,Passive+RVO
50.1,1.7843859614831092,Passive+RVO
50.150000000000006,1.7864252222276895,Passive+RVO
50.2,1.788468551818846,Passive+RVO
50.25,1.790584234766198,Passive+RVO
50.3,1.792704106416338,Passive+RVO
50.35,1.7948651956596215,Passive+RVO
50.400000000000006,1.7970300808837347,Passive+RVO
50.45,1.7990979633989503,Passive+RVO
50.5,1.8011697230288986,Passive+RVO
50.55,1.803351084937498,Passive+RVO
50.6,1.8055360858894516,Passive+RVO
50.650000000000006,1.8078510109896364,Passive+RVO
50.7,1.810169278202456,Passive+RVO
50.75,1.8125675542485304,Passive+RVO
50.8,1.8149689499167756,Passive+RVO
50.85,1.817460859176409,Passive+RVO
50.900000000000006,1.81995570263482,Passive+RVO
50.95,1.822241744961752,Passive+RVO
51.0,1.8245307128892077,Passive+RVO
51.05,1.826612611771924,Passive+RVO
51.1,1.828697225863538,Passive+RVO
51.150000000000006,1.830573454198438,Passive+RVO
51.2,1.832452634810788,Passive+RVO
51.25,1.8340733459842875,Passive+RVO
51.3,1.835696817380528,Passive+RVO
51.35,1.836391767930049,Passive+RVO
51.400000000000006,1.837088554771925,Passive+RVO
51.45,1.836256205687063,Passive+RVO
51.5,1.8354244697194704,Passive+RVO
51.55,1.8345456576578436,Passive+RVO
51.6,1.8336672488758692,Passive+RVO
51.650000000000006,1.831986286071214,Passive+RVO
51.7,1.8303059204504584,Passive+RVO
51.75,1.8287897879253368,Passive+RVO
51.8,1.8272753750707635,Passive+RVO
51.85,1.8258171391611209,Passive+RVO
51.900000000000006,1.82436081968069,Passive+RVO
51.95,1.8227158429580432,Passive+RVO
52.0,1.8210729057500687,Passive+RVO
52.05,1.818777323720801,Passive+RVO
52.1,1.816482591168162,Passive+RVO
52.150000000000006,1.8140610936751824,Passive+RVO
52.2,1.8116402206169413,Passive+RVO
52.25,1.8092613040202343,Passive+RVO
52.3,1.8068830710361412,Passive+RVO
52.35,1.80423491852537,Passive+RVO
52.400000000000006,1.80158773718795,Passive+RVO
52.45,1.7987782445680316,Passive+RVO
52.5,1.795970330386613,Passive+RVO
52.55,1.7931468566776674,Passive+RVO
52.6,1.79032525222011,Passive+RVO
52.650000000000006,1.7875132216748777,Passive+RVO
52.7,1.7847031814016023,Passive+RVO
52.75,1.781877476583898,Passive+RVO
52.8,1.7790538415745034,Passive+RVO
52.85,1.7762267119861133,Passive+RVO
52.900000000000006,1.7734017401888942,Passive+RVO
52.95,1.7705831859952244,Passive+RVO
53.0,1.7677668133996067,Passive+RVO
53.05,1.7649786250794226,Passive+RVO
53.1,1.7621926969863426,Passive+RVO
53.150000000000006,1.7596213603375723,Passive+RVO
53.2,1.7570520138279917,Passive+RVO
53.25,1.754748549175707,Passive+RVO
53.3,1.7524469824431204,Passive+RVO
53.35,1.750235563366257,Passive+RVO
53.400000000000006,1.7480262000650906,Passive+RVO
53.45,1.7459695726393687,Passive+RVO
53.5,1.7439152228614785,Passive+RVO
53.55,1.7422073718967126,Passive+RVO
53.6,1.7405018333357192,Passive+RVO
53.650000000000006,1.7388789900051267,Passive+RVO
53.7,1.7372586897989604,Passive+RVO
53.75,1.735774356926182,Passive+RVO
53.8,1.734292743889566,Passive+RVO
53.85,1.7329097715694837,Passive+RVO
53.900000000000006,1.73152979041078,Passive+RVO
53.95,1.730823128992749,Passive+RVO
54.0,1.7301180875665685,Passive+RVO
54.05,1.7297526835170685,Passive+RVO
54.1,1.7293889644371505,Passive+RVO
54.150000000000006,1.7292760799563642,Passive+RVO
54.2,1.7291650022626528,Passive+RVO
54.25,1.7293722236720757,Passive+RVO
54.3,1.729581202535458,Passive+RVO
54.35,1.7300782209354728,Passive+RVO
54.400000000000006,1.7305768817203704,Passive+RVO
54.45,1.7314346682466106,Passive+RVO
54.5,1.7322942893659845,Passive+RVO
54.55,1.7335480370172185,Passive+RVO
54.6,1.7348041322941907,Passive+RVO
54.650000000000006,1.7362884251460786,Passive+RVO
54.7,1.7377746160880587,Passive+RVO
54.75,1.7394444885138618,Passive+RVO
54.8,1.7411158651775591,Passive+RVO
54.85,1.742966437608381,Passive+RVO
54.900000000000006,1.7448181836604069,Passive+RVO
54.95,1.7472206080871702,Passive+RVO
55.0,1.7496241680480984,Passive+RVO
55.05,1.753767333177352,Passive+RVO
55.1,1.7579131187752142,Passive+RVO
55.150000000000006,1.7625519918886086,Passive+RVO
55.2,1.7671931204721232,Passive+RVO
55.25,1.771945371295134,Passive+RVO
55.3,1.7766990339269626,Passive+RVO
55.35,1.7815202696080954,Passive+RVO
55.400000000000006,1.7863423019446756,Passive+RVO
55.45,1.7911018499487965,Passive+RVO
55.5,1.7958617961304817,Passive+RVO
55.55,1.8002397855764245,Passive+RVO
55.6,1.8046180874838864,Passive+RVO
55.650000000000006,1.80693094240552,Passive+RVO
55.7,1.8092438031332316,Passive+RVO
55.75,1.8100628213491647,Passive+RVO
55.8,1.8108823398470704,Passive+RVO
55.85,1.810879044588636,Passive+RVO
55.900000000000006,1.810875797676086,Passive+RVO
55.95,1.8124542855289485,Passive+RVO
56.0,1.814034942344827,Passive+RVO
56.05,1.8145820425296977,Passive+RVO
56.1,1.8151299428473435,Passive+RVO
56.150000000000006,1.8160195464136664,Passive+RVO
56.2,1.816910277180742,Passive+RVO
56.25,1.8177242364221533,Passive+RVO
56.3,1.818539600245483,Passive+RVO
56.35,1.818983620074271,Passive+RVO
56.400000000000006,1.819428393530507,Passive+RVO
56.45,1.819676245475689,Passive+RVO
56.5,1.8199247067109676,Passive+RVO
56.55,1.820074106768252,Passive+RVO
56.6,1.820224113975529,Passive+RVO
56.650000000000006,1.8202992995195184,Passive+RVO
56.7,1.8203751354797724,Passive+RVO
56.75,1.8205391562765825,Passive+RVO
56.8,1.820703716726036,Passive+RVO
56.85,1.8205951264348972,Passive+RVO
56.900000000000006,1.820487159482868,Passive+RVO
56.95,1.8201200506923985,Passive+RVO
57.0,1.8197546434791696,Passive+RVO
57.05,1.8193388062932367,Passive+RVO
57.1,1.8189246446980696,Passive+RVO
57.150000000000006,1.818460397357336,Passive+RVO
57.2,1.8179977572356905,Passive+RVO
57.25,1.817420203946036,Passive+RVO
57.3,1.8168444944807467,Passive+RVO
57.35,1.8161947181473963,Passive+RVO
57.400000000000006,1.8155467979198443,Passive+RVO
57.45,1.814822411516413,Passive+RVO
57.5,1.814099817728341,Passive+RVO
57.55,1.81328985481038,Passive+RVO
57.6,1.812481628018613,Passive+RVO
57.650000000000006,1.811897859987491,Passive+RVO
57.7,1.811318274182094,Passive+RVO
57.75,1.811158324056804,Passive+RVO
57.8,1.811007497051572,Passive+RVO
57.85,1.810611735506608,Passive+RVO
57.900000000000006,1.8102252821922469,Passive+RVO
57.95,1.809632479243023,Passive+RVO
58.0,1.8090491113767475,Passive+RVO
58.05,1.8081510908971352,Passive+RVO
58.1,1.8072635708941291,Passive+RVO
58.150000000000006,1.806110356336096,Passive+RVO
58.2,1.804964040515212,Passive+RVO
58.25,1.8036341618324376,Passive+RVO
58.3,1.80230912151412,Passive+RVO
58.35,1.8009730380842044,Passive+RVO
58.400000000000006,1.7996418992238423,Passive+RVO
58.45,1.7982555068383634,Passive+RVO
58.5,1.7968739811350154,Passive+RVO
58.55,1.7953552796634011,Passive+RVO
58.6,1.7938424566647428,Passive+RVO
58.650000000000006,1.7923014171866432,Passive+RVO
58.7,1.7907663094976969,Passive+RVO
58.75,1.789237828016304,Passive+RVO
58.8,1.7877157259480605,Passive+RVO
58.85,1.7858648899781024,Passive+RVO
58.900000000000006,1.7840237597902109,Passive+RVO
58.95,1.782316538245241,Passive+RVO
59.0,1.7806193711161291,Passive+RVO
59.05,1.7790216451079226,Passive+RVO
59.1,1.7774347309040632,Passive+RVO
59.150000000000006,1.776338013191535,Passive+RVO
59.2,1.7752484381080302,Passive+RVO
59.25,1.7743218550145434,Passive+RVO
59.3,1.7734024941862463,Passive+RVO
59.35,1.7726760752811692,Passive+RVO
59.400000000000006,1.7719569272645992,Passive+RVO
59.45,1.77137135814494,Passive+RVO
59.5,1.7707932101970574,Passive+RVO
59.55,1.7704183238603524,Passive+RVO
59.6,1.770050832296632,Passive+RVO
59.650000000000006,1.7698420840607505,Passive+RVO
59.7,1.769640722225842,Passive+RVO
59.75,1.7695834118856903,Passive+RVO
59.8,1.7695340326458828,Passive+RVO
59.85,1.7698749098419355,Passive+RVO
59.900000000000006,1.7702247986343431,Passive+RVO
59.95,1.7712074761564494,Passive+RVO
60.0,1.7722004666769502,Passive+RVO
60.05,1.7733942317851945,Passive+RVO
60.1,1.7745979042955056,Passive+RVO
60.150000000000006,1.776049268432889,Passive+RVO
60.2,1.7775100500312229,Passive+RVO
60.25,1.7791686717516413,Passive+RVO
60.3,1.780836159291472,Passive+RVO
60.35,1.7827262915700914,Passive+RVO
60.400000000000006,1.7846245681232231,Passive+RVO
60.45,1.7867099249797098,Passive+RVO
60.5,1.7888027661654038,Passive+RVO
60.55,1.791043624482246,Passive+RVO
60.6,1.793291400018692,Passive+RVO
60.650000000000006,1.7957500811825822,Passive+RVO
60.7,1.7982153610315978,Passive+RVO
60.75,1.796722933859378,Passive+RVO
60.8,1.7911634033847934,Passive+RVO
60.85,1.7860667421029506,Passive+RVO
60.900000000000006,1.780970382594836,Passive+RVO
60.95,1.775783655946368,Passive+RVO
61.0,1.7705972609786222,Passive+RVO
61.05,1.7654033680523264,Passive+RVO
61.1,1.7602098344029895,Passive+RVO
61.150000000000006,1.7550068622089483,Passive+RVO
61.2,1.7498042631840285,Passive+RVO
61.25,1.7445162889131332,Passive+RVO
61.3,1.739228724322364,Passive+RVO
61.35,1.733978362242447,Passive+RVO
61.400000000000006,1.7287284321928638,Passive+RVO
61.45,1.7234320398375151,Passive+RVO
61.5,1.71813607861601,Passive+RVO
61.55,1.7136307642674948,Passive+RVO
61.6,1.7091259901160007,Passive+RVO
61.650000000000006,1.705923889411028,Passive+RVO
61.7,1.70272290754456,Passive+RVO
61.75,1.699769892028992,Passive+RVO
61.8,1.6968177187959814,Passive+RVO
61.85,1.6940603598309296,Passive+RVO
61.900000000000006,1.6913035678464108,Passive+RVO
61.95,1.688698014652486,Passive+RVO
62.0,1.6860927836940056,Passive+RVO
62.05,1.6836463192613371,Passive+RVO
62.1,1.681199973620033,Passive+RVO
62.150000000000006,1.6788776595192991,Passive+RVO
62.2,1.676555365480067,Passive+RVO
62.25,1.675962098421083,Passive+RVO
62.3,1.6753688514377958,Passive+RVO
62.35,1.6752799916088652,Passive+RVO
62.400000000000006,1.6751911317972046,Passive+RVO
62.45,1.6750741286726685,Passive+RVO
62.5,1.6749571599446953,Passive+RVO
62.55,1.67485394845073,Passive+RVO
62.6,1.6747508623081822,Passive+RVO
62.650000000000006,1.674591294424777,Passive+RVO
62.7,1.674432021995817,Passive+RVO
62.75,1.674220805085533,Passive+RVO
62.8,1.6740100879773694,Passive+RVO
62.85,1.6737862342761245,Passive+RVO
62.900000000000006,1.6735630954263423,Passive+RVO
62.95,1.675690898439805,Passive+RVO
63.0,1.677820139033085,Passive+RVO
63.05,1.680766527418443,Passive+RVO
63.1,1.6837141048729145,Passive+RVO
63.150000000000006,1.6864155502076734,Passive+RVO
63.2,1.6891175888448382,Passive+RVO
63.25,1.6919299061191924,Passive+RVO
63.3,1.694742813816008,Passive+RVO
63.35,1.6975746521508268,Passive+RVO
63.400000000000006,1.699402546612484,Passive+RVO
63.45,1.690097896685647,Passive+RVO
63.5,1.6807934127453024,Passive+RVO
63.55,1.6723075702711652,Passive+RVO
63.6,1.66382205650394,Passive+RVO
63.650000000000006,1.6564326321034,Passive+RVO
63.7,1.6490437433994891,Passive+RVO
63.75,1.641844075441088,Passive+RVO
63.8,1.634645564938466,Passive+RVO
63.85,1.627611904763924,Passive+RVO
63.900000000000006,1.6205802062718144,Passive+RVO
63.95,1.6137546717397904,Passive+RVO
64.0,1.6069321059385178,Passive+RVO
64.05,1.6003808695965158,Passive+RVO
64.10000000000001,1.593833703416387,Passive+RVO
64.15,1.58823869866922,Passive+RVO
64.2,1.582648756995689,Passive+RVO
64.25,1.5782537086717867,Passive+RVO
64.3,1.5738635804214418,Passive+RVO
64.35000000000001,1.5721309185280972,Passive+RVO
64.4,1.5703988199998749,Passive+RVO
64.45,1.569488664208904,Passive+RVO
64.5,1.5685785126954914,Passive+RVO
64.55,1.5669312606432355,Passive+RVO
64.60000000000001,1.5652840093740172,Passive+RVO
64.65,1.5635714705097423,Passive+RVO
64.7,1.5618589403201557,Passive+RVO
64.75,1.5589153964590254,Passive+RVO
64.8,1.5559758636463483,Passive+RVO
64.85000000000001,1.5531553208711126,Passive+RVO
64.9,1.5503396975440575,Passive+RVO
64.95,1.5490300966375703,Passive+RVO
65.0,1.547724485890496,Passive+RVO
65.05,1.5476587745373651,Passive+RVO
65.10000000000001,1.547593810515214,Passive+RVO
65.15,1.5476256125323886,Passive+RVO
65.2,1.547658243702401,Passive+RVO
65.25,1.547840175908514,Passive+RVO
65.3,1.5480229211048524,Passive+RVO
65.35000000000001,1.5483658062797208,Passive+RVO
65.4,1.5487094516858222,Passive+RVO
65.45,1.54921058735425,Passive+RVO
65.5,1.549712386219133,Passive+RVO
65.55,1.550358676963576,Passive+RVO
65.60000000000001,1.5510055425233014,Passive+RVO
65.65,1.5517777362955367,Passive+RVO
65.7,1.552550377596811,Passive+RVO
65.75,1.5534388659314051,Passive+RVO
65.8,1.5543276851117978,Passive+RVO
65.85000000000001,1.5553078239636358,Passive+RVO
65.9,1.5562881732009015,Passive+RVO
65.95,1.5586322690350185,Passive+RVO
66.0,1.5609771340605858,Passive+RVO
66.05,1.5634423894146212,Passive+RVO
66.10000000000001,1.5659081901599474,Passive+RVO
66.15,1.56843552254189,Passive+RVO
66.2,1.570963181980087,Passive+RVO
66.25,1.573536861368125,Passive+RVO
66.3,1.5761106907428806,Passive+RVO
66.35000000000001,1.578720049508462,Passive+RVO
66.4,1.5813294592089278,Passive+RVO
66.45,1.58395368136461,Passive+RVO
66.5,1.58657790774106,Passive+RVO
66.55,1.5890983749442638,Passive+RVO
66.60000000000001,1.5916188470390775,Passive+RVO
66.65,1.5944062544205135,Passive+RVO
66.7,1.5971938246440225,Passive+RVO
66.75,1.601751225403777,Passive+RVO
66.8,1.6063106111873258,Passive+RVO
66.85000000000001,1.6108787393038004,Passive+RVO
66.9,1.6154488833773106,Passive+RVO
66.95,1.6180242017727209,Passive+RVO
67.0,1.6206008368676106,Passive+RVO
67.05,1.6223094592701015,Passive+RVO
67.10000000000001,1.6240191361141658,Passive+RVO
67.15,1.625731302474136,Passive+RVO
67.2,1.6274446799992923,Passive+RVO
67.25,1.6290998874502756,Passive+RVO
67.3,1.630756390298686,Passive+RVO
67.35000000000001,1.6323875488235784,Passive+RVO
67.4,1.634020064927295,Passive+RVO
67.45,1.6359866859545344,Passive+RVO
67.5,1.6379556167994906,Passive+RVO
67.55,1.6400881738059847,Passive+RVO
67.60000000000001,1.642223977540823,Passive+RVO
67.65,1.6442248276706264,Passive+RVO
67.7,1.6462292937461658,Passive+RVO
67.75,1.648076405518036,Passive+RVO
67.8,1.649927452530262,Passive+RVO
67.85000000000001,1.65162128186337,Passive+RVO
67.9,1.653319270961601,Passive+RVO
67.95,1.6548878358857133,Passive+RVO
68.0,1.6564609374703043,Passive+RVO
68.05,1.6578488407147527,Passive+RVO
68.10000000000001,1.6592414993375744,Passive+RVO
68.15,1.6604713499693395,Passive+RVO
68.2,1.6617062227602086,Passive+RVO
68.25,1.6627879948587103,Passive+RVO
68.3,1.66387500000601,Passive+RVO
68.35000000000001,1.6648276627558931,Passive+RVO
68.4,1.6657860768165882,Passive+RVO
68.45,1.6673193883834163,Passive+RVO
68.5,1.668865617454263,Passive+RVO
68.55,1.670635247712154,Passive+RVO
68.60000000000001,1.6724181669391187,Passive+RVO
68.65,1.6743209898279665,Passive+RVO
68.7,1.6762366067503718,Passive+RVO
68.75,1.6782978374684423,Passive+RVO
68.8,1.6803714617384455,Passive+RVO
68.85000000000001,1.6825278561493422,Passive+RVO
68.9,1.6846959483921722,Passive+RVO
68.95,1.6869801899561536,Passive+RVO
69.0,1.689275667991758,Passive+RVO
69.05,1.6916992484200613,Passive+RVO
69.10000000000001,1.694133672912797,Passive+RVO
69.15,1.697095922252187,Passive+RVO
69.2,1.7000723790418453,Passive+RVO
69.25,1.703428059718182,Passive+RVO
69.3,1.706802066744706,Passive+RVO
69.35000000000001,1.710136086243578,Passive+RVO
69.4,1.713487981586682,Passive+RVO
69.45,1.7168212313552045,Passive+RVO
69.5,1.7201723009193002,Passive+RVO
69.55,1.7235110226569483,Passive+RVO
69.60000000000001,1.7268676022237497,Passive+RVO
69.65,1.7302001967460303,Passive+RVO
69.7,1.7335504332282925,Passive+RVO
69.75,1.736879276432087,Passive+RVO
69.8,1.7402257505981804,Passive+RVO
69.85000000000001,1.743968063097559,Passive+RVO
69.9,1.747732264907872,Passive+RVO
69.95,1.751910783256385,Passive+RVO
70.0,1.7561158019675127,Passive+RVO
70.05,1.7603184651159005,Passive+RVO
70.10000000000001,1.7645466320072145,Passive+RVO
70.15,1.768786799774707,Passive+RVO
70.2,1.773052206188244,Passive+RVO
70.25,1.77772185977454,Passive+RVO
70.3,1.7824157595914594,Passive+RVO
70.35000000000001,1.787265455820148,Passive+RVO
70.4,1.7921386165874558,Passive+RVO
70.45,1.7970438205297057,Passive+RVO
70.5,1.801972259002896,Passive+RVO
70.55,1.8067545600078057,Passive+RVO
70.60000000000001,1.804323513742477,Passive+RVO
70.65,1.801795336613248,Passive+RVO
70.7,1.7992901125013163,Passive+RVO
70.75,1.7966655744045692,Passive+RVO
70.8,1.7940638919127154,Passive+RVO
70.85000000000001,1.7913800641799182,Passive+RVO
70.9,1.7887188622391166,Passive+RVO
70.95,1.7859526945993,Passive+RVO
71.0,1.783212605828032,Passive+RVO
71.05,1.7806259384435574,Passive+RVO
71.10000000000001,1.7780661816456658,Passive+RVO
71.15,1.7758619487016012,Passive+RVO
71.2,1.7736887355421187,Passive+RVO
71.25,1.7718461454158485,Passive+RVO
71.3,1.770035512804475,Passive+RVO
71.35000000000001,1.768529979004314,Passive+RVO
71.4,1.7670562633173283,Passive+RVO
71.45,1.7658705723971533,Passive+RVO
71.5,1.7647164218661306,Passive+RVO
71.55,1.7638423853038856,Passive+RVO
71.60000000000001,1.7629994399914029,Passive+RVO
71.65,1.7624136573532472,Passive+RVO
71.7,1.7618582615763958,Passive+RVO
71.75,1.7615096610220449,Passive+RVO
71.8,1.7611932928878078,Passive+RVO
71.85000000000001,1.7610213312146448,Passive+RVO
71.9,1.7608821397711434,Passive+RVO
71.95,1.7625878398135228,Passive+RVO
72.0,1.764327971079357,Passive+RVO
72.05,1.7666464612622694,Passive+RVO
72.10000000000001,1.7689989511226405,Passive+RVO
72.15,1.7716305693326702,Passive+RVO
72.2,1.774294813488728,Passive+RVO
72.25,1.7772444189328602,Passive+RVO
72.3,1.7802254533302797,Passive+RVO
72.35000000000001,1.7834873663673654,Passive+RVO
72.4,1.7867793025231178,Passive+RVO
72.45,1.790330625018533,Passive+RVO
72.5,1.7939105621674676,Passive+RVO
72.55,1.7976769553746996,Passive+RVO
72.60000000000001,1.801471616463885,Passive+RVO
72.65,1.8054975457331703,Passive+RVO
72.7,1.809558799069265,Passive+RVO
72.75,1.8126716555772036,Passive+RVO
72.8,1.81582079417133,Passive+RVO
72.85000000000001,1.8178573182995557,Passive+RVO
72.9,1.8199329384243803,Passive+RVO
72.95,1.821840590450012,Passive+RVO
73.0,1.8237880546732943,Passive+RVO
73.05,1.8255057261195455,Passive+RVO
73.10000000000001,1.8272639631060428,Passive+RVO
73.15,1.8288295817425144,Passive+RVO
73.2,1.830436647956984,Passive+RVO
73.25,1.831863021972986,Passive+RVO
73.3,1.8333316629851784,Passive+RVO
73.35000000000001,1.834552371558932,Passive+RVO
73.4,1.835816061788871,Passive+RVO
73.45,1.836924719934176,Passive+RVO
73.5,1.8380719174191744,Passive+RVO
73.55,1.8391903962266247,Passive+RVO
73.60000000000001,1.8403410350394305,Passive+RVO
73.65,1.8421892935166169,Passive+RVO
73.7,1.844071884952699,Passive+RVO
73.75,1.8461125539967085,Passive+RVO
73.8,1.848187233017261,Passive+RVO
73.85000000000001,1.8503661838518612,Passive+RVO
73.9,1.852578472540907,Passive+RVO
73.95,1.854952995730148,Passive+RVO
74.0,1.857360370152492,Passive+RVO
74.05,1.8598459026140448,Passive+RVO
74.10000000000001,1.8623635624791424,Passive+RVO
74.15,1.86502890877769,Passive+RVO
74.2,1.867725942859926,Passive+RVO
74.25,1.870607934146811,Passive+RVO
74.3,1.8735310751423369,Passive+RVO
74.35000000000001,1.8764633318358503,Passive+RVO
74.4,1.879443007736601,Passive+RVO
74.45,1.881909019424292,Passive+RVO
74.5,1.8844218464897928,Passive+RVO
74.55,1.886894520355139,Passive+RVO
74.60000000000001,1.889413984975501,Passive+RVO
74.65,1.891898183664029,Passive+RVO
74.7,1.8944290726427315,Passive+RVO
74.75,1.8969146946134003,Passive+RVO
74.8,1.899447439099329,Passive+RVO
74.85000000000001,1.9020829765026688,Passive+RVO
74.9,1.9047677887658645,Passive+RVO
74.95,1.907495647370788,Passive+RVO
75.0,1.9102733883112124,Passive+RVO
75.05,1.9129840694309244,Passive+RVO
75.10000000000001,1.9157451352181487,Passive+RVO
75.15,1.918478438212038,Passive+RVO
75.2,1.9212619191776013,Passive+RVO
75.25,1.9241113928096785,Passive+RVO
75.3,1.92701992178026,Passive+RVO
75.35000000000001,1.9297683101992456,Passive+RVO
75.4,1.9325772191032884,Passive+RVO
75.45,1.9353346505269444,Passive+RVO
75.5,1.9381520594514765,Passive+RVO
75.55,1.940989297251404,Passive+RVO
75.60000000000001,1.9438861752422651,Passive+RVO
75.65,1.9469408739176568,Passive+RVO
75.7,1.950054612779088,Passive+RVO
75.75,1.9530067582975743,Passive+RVO
75.8,1.95602455613548,Passive+RVO
75.85000000000001,1.959184414327682,Passive+RVO
75.9,1.962410015200952,Passive+RVO
75.95,1.9656317389200857,Passive+RVO
76.0,1.9689190210216876,Passive+RVO
76.05,1.972171728772624,Passive+RVO
76.10000000000001,1.9754901715718567,Passive+RVO
76.15,1.9789395081611267,Passive+RVO
76.2,1.98246061757529,Passive+RVO
76.25,1.9848666060373552,Passive+RVO
76.3,1.974391812021616,Passive+RVO
76.35000000000001,1.9638954050245376,Passive+RVO
76.4,1.9534241487859207,Passive+RVO
76.45,1.9429094280344104,Passive+RVO
76.5,1.932421732283096,Passive+RVO
76.55,1.9216091102231223,Passive+RVO
76.60000000000001,1.910826294054483,Passive+RVO
76.65,1.8988727576657145,Passive+RVO
76.7,1.886950700344341,Passive+RVO
76.75,1.8746773040090128,Passive+RVO
76.80000000000001,1.86243509620711,Passive+RVO
76.85000000000001,1.8500455057914773,Passive+RVO
76.9,1.8376863455870265,Passive+RVO
76.95,1.8252051060511665,Passive+RVO
77.0,1.8127537426605964,Passive+RVO
77.05000000000001,1.8001525330051855,Passive+RVO
77.10000000000001,1.7875805314138955,Passive+RVO
77.15,1.7747506268138753,Passive+RVO
77.2,1.761949372485203,Passive+RVO
77.25,1.7484757410631264,Passive+RVO
77.30000000000001,1.7350310681304777,Passive+RVO
77.35000000000001,1.7215378884828507,Passive+RVO
77.4,1.7080734759681735,Passive+RVO
77.45,1.6945645356578338,Passive+RVO
77.5,1.681084183282027,Passive+RVO
77.55000000000001,1.6675320027972438,Passive+RVO
77.60000000000001,1.6540080428900537,Passive+RVO
77.65,1.6403946339404103,Passive+RVO
77.7,1.6268092807827843,Passive+RVO
77.75,1.6131954085157356,Passive+RVO
77.80000000000001,1.5996094089001816,Passive+RVO
77.85000000000001,1.585960393065506,Passive+RVO
77.9,1.572339451880541,Passive+RVO
77.95,1.559965052838444,Passive+RVO
78.0,1.547615821444392,Passive+RVO
78.05000000000001,1.538340877617504,Passive+RVO
78.10000000000001,1.5290852886693378,Passive+RVO
78.15,1.5200476437274086,Passive+RVO
78.2,1.511033312766466,Passive+RVO
78.25,1.5023537056240284,Passive+RVO
78.30000000000001,1.4937012562212677,Passive+RVO
78.35000000000001,1.4853888693851338,Passive+RVO
78.4,1.4771077389310503,Passive+RVO
78.45,1.4692368064605854,Passive+RVO
78.5,1.461399137217482,Passive+RVO
78.55000000000001,1.4543862889626311,Passive+RVO
78.60000000000001,1.4474066174209632,Passive+RVO
78.65,1.440854013591938,Passive+RVO
78.7,1.4343344021928777,Passive+RVO
78.75,1.4280233975804633,Passive+RVO
78.80000000000001,1.4217471486874855,Passive+RVO
78.85000000000001,1.4157249587251215,Passive+RVO
78.9,1.4097388038143803,Passive+RVO
78.95,1.40399901082239,Passive+RVO
79.0,1.3982966612450307,Passive+RVO
79.05000000000001,1.393304324852434,Passive+RVO
79.10000000000001,1.3883458001092512,Passive+RVO
79.15,1.3841085311799064,Passive+RVO
79.2,1.3799034208135728,Passive+RVO
79.25,1.376003345776183,Passive+RVO
79.30000000000001,1.3721366941504034,Passive+RVO
79.35000000000001,1.3689115610832017,Passive+RVO
79.4,1.3657225334499683,Passive+RVO
79.45,1.364056909086732,Passive+RVO
79.5,1.3624306183031851,Passive+RVO
79.55000000000001,1.3612406076641994,Passive+RVO
79.60000000000001,1.360087574825239,Passive+RVO
79.65,1.3592276379658597,Passive+RVO
79.7,1.3584038616424057,Passive+RVO
79.75,1.358366982541629,Passive+RVO
79.80000000000001,1.3583659127009928,Passive+RVO
79.85000000000001,1.359866309811373,Passive+RVO
79.9,1.361400567481886,Passive+RVO
79.95,1.3633338809809212,Passive+RVO
80.0,1.3652991018915963,Passive+RVO
80.05000000000001,1.367556635995929,Passive+RVO
80.10000000000001,1.3698460121867724,Passive+RVO
80.15,1.3734963757383931,Passive+RVO
80.2,1.377178860709821,Passive+RVO
80.25,1.381811745517185,Passive+RVO
80.30000000000001,1.3864757179716505,Passive+RVO
80.35000000000001,1.3914456642432187,Passive+RVO
80.4,1.3964461319972208,Passive+RVO
80.45,1.401771284334217,Passive+RVO
80.5,1.40712626561869,Passive+RVO
80.55000000000001,1.4128594700801826,Passive+RVO
80.60000000000001,1.4186216530283904,Passive+RVO
80.65,1.4228789801055646,Passive+RVO
80.7,1.4271655954156126,Passive+RVO
80.75,1.4301937530715898,Passive+RVO
80.80000000000001,1.4332491935103269,Passive+RVO
80.85000000000001,1.4358821425177106,Passive+RVO
80.9,1.4385253805550322,Passive+RVO
80.95,1.4415021888697397,Passive+RVO
81.0,1.4444868323955051,Passive+RVO
81.05000000000001,1.4465135131263904,Passive+RVO
81.10000000000001,1.4485509904221532,Passive+RVO
81.15,1.4498653684850364,Passive+RVO
0.0,1.1994570101445905,Residual-passive+RVO
0.05,1.199471509504603,Residual-passive+RVO
0.1,1.1994860088854726,Residual-passive+RVO
0.15,1.1994885088246992,Residual-passive+RVO
0.2,1.1994910087641342,Residual-passive+RVO
0.25,1.199491508824677,Residual-passive+RVO
0.3,1.1994920088854282,Residual-passive+RVO
0.35,1.1996835140338054,Residual-passive+RVO
0.4,1.1998750203525366,Residual-passive+RVO
0.45,1.1997985178567483,Residual-passive+RVO
0.5,1.199722015524013,Residual-passive+RVO
0.55,1.199707015204129,Residual-passive+RVO
0.6000000000000001,1.199692014887571,Residual-passive+RVO
0.65,1.1996895148089357,Residual-passive+RVO
0.7000000000000001,1.1996870147305088,Residual-passive+RVO
0.75,1.1996870147305088,Residual-passive+RVO
0.8,1.1996870147305088,Residual-passive+RVO
0.8500000000000001,1.199687014808967,Residual-passive+RVO
0.9,1.199687014887633,Residual-passive+RVO
0.95,1.199686514966514,Residual-passive+RVO
1.0,1.1996860150456037,Residual-passive+RVO
1.05,1.1996865151248886,Residual-passive+RVO
1.1,1.1996870152043824,Residual-passive+RVO
1.15,1.1996870152043824,Residual-passive+RVO
1.2000000000000002,1.1996870152043824,Residual-passive+RVO
1.25,1.1996865152043883,Residual-passive+RVO
1.3,1.199686015204395,Residual-passive+RVO
1.35,1.199686515284097,Residual-passive+RVO
1.4,1.1996870153640071,Residual-passive+RVO
1.4500000000000002,1.1996870154441324,Residual-passive+RVO
1.5,1.199687015524466,Residual-passive+RVO
1.55,1.199686515605014,Residual-passive+RVO
1.6,1.1996860156857712,Residual-passive+RVO
1.65,1.1996865156857646,Residual-passive+RVO
1.7000000000000002,1.199687015685758,Residual-passive+RVO
1.75,1.199687015685758,Residual-passive+RVO
1.8,1.199687015685758,Residual-passive+RVO
1.85,1.19968651584789,Residual-passive+RVO
1.9,1.199686016010856,Residual-passive+RVO
1.95,1.1996865160108494,Residual-passive+RVO
2.0,1.1996870160108426,Residual-passive+RVO
2.0500000000000003,1.1996870160108426,Residual-passive+RVO
2.1,1.1996870160108426,Residual-passive+RVO
2.15,1.199687016092635,Residual-passive+RVO
2.2,1.1996870161746354,Residual-passive+RVO
2.25,1.1996870162568445,Residual-passive+RVO
2.3000000000000003,1.1996870163392617,Residual-passive+RVO
2.35,1.1996870164218874,Residual-passive+RVO
2.4000000000000004,1.1996870165047215,Residual-passive+RVO
2.45,1.1996870165047215,Residual-passive+RVO
2.5,1.1996870165047215,Residual-passive+RVO
2.5500000000000003,1.1996870165047215,Residual-passive+RVO
2.6,1.1996870165047215,Residual-passive+RVO
2.6500000000000004,1.199687016587764,Residual-passive+RVO
2.7,1.199687016671015,Residual-passive+RVO
2.75,1.1996870167544742,Residual-passive+RVO
2.8000000000000003,1.199687016838142,Residual-passive+RVO
2.85,1.199687016838142,Residual-passive+RVO
2.9000000000000004,1.199687016838142,Residual-passive+RVO
2.95,1.199687516922011,Residual-passive+RVO
3.0,1.1996880170060882,Residual-passive+RVO
3.0500000000000003,1.1996875170060952,Residual-passive+RVO
3.1,1.1996870170061025,Residual-passive+RVO
3.1500000000000004,1.199687017090395,Residual-passive+RVO
3.2,1.1996870171748963,Residual-passive+RVO
3.25,1.1996875172595989,Residual-passive+RVO
3.3000000000000003,1.1996880173445097,Residual-passive+RVO
3.35,1.1996875173445167,Residual-passive+RVO
3.4000000000000004,1.1996870173445238,Residual-passive+RVO
3.45,1.1996875173445167,Residual-passive+RVO
3.5,1.1996880173445097,Residual-passive+RVO
3.5500000000000003,1.1996880174296358,Residual-passive+RVO
3.6,1.1996880175149705,Residual-passive+RVO
3.65,1.1996875176005208,Residual-passive+RVO
3.7,1.1996870176862795,Residual-passive+RVO
3.75,1.1996875176862725,Residual-passive+RVO
3.8,1.1996880176862648,Residual-passive+RVO
3.85,1.199688017772225,Residual-passive+RVO
3.9,1.1996880178583929,Residual-passive+RVO
3.95,1.1996880178583929,Residual-passive+RVO
4.0,1.1996880178583929,Residual-passive+RVO
4.05,1.199688017858393,Residual-passive+RVO
4.1000000000000005,1.199688017858393,Residual-passive+RVO
4.15,1.1996880180313547,Residual-passive+RVO
4.2,1.19968801820515,Residual-passive+RVO
4.25,1.19968801820515,Residual-passive+RVO
4.3,1.19968801820515,Residual-passive+RVO
4.3500000000000005,1.19968801820515,Residual-passive+RVO
4.4,1.19968801820515,Residual-passive+RVO
4.45,1.1996880182923602,Residual-passive+RVO
4.5,1.199688018379779,Residual-passive+RVO
4.55,1.1996880184674057,Residual-passive+RVO
4.6000000000000005,1.199688018555241,Residual-passive+RVO
4.65,1.1996880185552408,Residual-passive+RVO
4.7,1.199688018555241,Residual-passive+RVO
4.75,1.1996880186432846,Residual-passive+RVO
4.800000000000001,1.1996880187315369,Residual-passive+RVO
4.8500000000000005,1.1996880187315369,Residual-passive+RVO
4.9,1.1996880187315369,Residual-passive+RVO
4.95,1.1996880187315369,Residual-passive+RVO
5.0,1.1996880187315369,Residual-passive+RVO
5.050000000000001,1.1996880187315369,Residual-passive+RVO
5.1000000000000005,1.1996880187315369,Residual-passive+RVO
5.15,1.1996885188199895,Residual-passive+RVO
5.2,1.1996890189086504,Residual-passive+RVO
5.25,1.1996885189975357,Residual-passive+RVO
5.300000000000001,1.199688019086629,Residual-passive+RVO
5.3500000000000005,1.199688019086629,Residual-passive+RVO
5.4,1.199688019086629,Residual-passive+RVO
5.45,1.199688519086621,Residual-passive+RVO
5.5,1.1996890190866132,Residual-passive+RVO
5.550000000000001,1.199688519086621,Residual-passive+RVO
5.6000000000000005,1.199688019086629,Residual-passive+RVO
5.65,1.1996880191759232,Residual-passive+RVO
5.7,1.1996880192654256,Residual-passive+RVO
5.75,1.1996880192654256,Residual-passive+RVO
5.800000000000001,1.1996880192654256,Residual-passive+RVO
5.8500000000000005,1.1996880193551365,Residual-passive+RVO
5.9,1.1996880194450557,Residual-passive+RVO
5.95,1.1996885194450473,Residual-passive+RVO
6.0,1.1996890194450394,Residual-passive+RVO
6.050000000000001,1.199688519535175,Residual-passive+RVO
6.1000000000000005,1.1996880196255193,Residual-passive+RVO
6.15,1.1996880196255193,Residual-passive+RVO
6.2,1.1996880196255193,Residual-passive+RVO
6.25,1.1995040326801742,Residual-passive+RVO
6.300000000000001,1.1993200490482097,Residual-passive+RVO
6.3500000000000005,1.1993950421562531,Residual-passive+RVO
6.4,1.1994700357862218,Residual-passive+RVO
6.45,1.199483034815416,Residual-passive+RVO
6.5,1.19949603385797,Residual-passive+RVO
6.550000000000001,1.1994980337392185,Residual-passive+RVO
6.6000000000000005,1.199500033620675,Residual-passive+RVO
6.65,1.1995000337391617,Residual-passive+RVO
6.7,1.199500033857857,Residual-passive+RVO
6.75,1.199500033857857,Residual-passive+RVO
6.800000000000001,1.199500033857857,Residual-passive+RVO
6.8500000000000005,1.1995005339767466,Residual-passive+RVO
6.9,1.1995010340958443,Residual-passive+RVO
6.95,1.1995005340958589,Residual-passive+RVO
7.0,1.1995000340958728,Residual-passive+RVO
7.050000000000001,1.1995630367671388,Residual-passive+RVO
7.1000000000000005,1.1996260395389888,Residual-passive+RVO
7.15,1.199725544427766,Residual-passive+RVO
7.2,1.1998250496009824,Residual-passive+RVO
7.25,1.1997735467692434,Residual-passive+RVO
7.300000000000001,1.199722044020614,Residual-passive+RVO
7.35,1.1997110437505356,Residual-passive+RVO
7.4,1.1997000434812863,Residual-passive+RVO
7.45,1.1996985433468277,Residual-passive+RVO
7.5,1.199697043212577,Residual-passive+RVO
7.550000000000001,1.1996965433468998,Residual-passive+RVO
7.6,1.1996960434814312,Residual-passive+RVO
7.65,1.1996965436161346,Residual-passive+RVO
7.7,1.1996970437510464,Residual-passive+RVO
7.75,1.1996970437510464,Residual-passive+RVO
7.800000000000001,1.1996970437510464,Residual-passive+RVO
7.85,1.1996965437510645,Residual-passive+RVO
7.9,1.1996960437510829,Residual-passive+RVO
7.95,1.200003670133242,Residual-passive+RVO
8.0,1.2003113791166855,Residual-passive+RVO
8.05,1.2000815016799902,Residual-passive+RVO
8.1,1.1998522850055335,Residual-passive+RVO
8.15,1.1997537805660374,Residual-passive+RVO
8.200000000000001,1.199655276161031,Residual-passive+RVO
8.25,1.1997061497867925,Residual-passive+RVO
8.3,1.199757061772924,Residual-passive+RVO
8.35,1.200023071413629,Residual-passive+RVO
8.4,1.2002890817507257,Residual-passive+RVO
8.450000000000001,1.200722629192625,Residual-passive+RVO
8.5,1.2011561874198542,Residual-passive+RVO
8.55,1.2017322911348642,Residual-passive+RVO
8.6,1.2023084175318743,Residual-passive+RVO
8.65,1.2031059872171748,Residual-passive+RVO
8.700000000000001,1.2039035622263314,Residual-passive+RVO
8.75,1.20470114254877,Residual-passive+RVO
8.8,1.2054987281739455,Residual-passive+RVO
8.85,1.2064413611786111,Residual-passive+RVO
8.9,1.2073840052166502,Residual-passive+RVO
8.950000000000001,1.2084375993125378,Residual-passive+RVO
9.0,1.209491197530598,Residual-passive+RVO
9.05,1.2103331424830934,Residual-passive+RVO
9.1,1.211175088767929,Residual-passive+RVO
9.15,1.2129144338303506,Residual-passive+RVO
9.2,1.2146538257215511,Residual-passive+RVO
9.25,1.2176857134796728,Residual-passive+RVO
9.3,1.2207179860598434,Residual-passive+RVO
9.35,1.223844221109145,Residual-passive+RVO
9.4,1.226970709337839,Residual-passive+RVO
9.45,1.2307283142380572,Residual-passive+RVO
9.5,1.2344859814813611,Residual-passive+RVO
9.55,1.2381778990481338,Residual-passive+RVO
9.6,1.24186982317995,Residual-passive+RVO
9.65,1.2451512961111395,Residual-passive+RVO
9.7,1.248432804840533,Residual-passive+RVO
9.75,1.250965804407539,Residual-passive+RVO
9.8,1.253498836812384,Residual-passive+RVO
9.85,1.2550484843543892,Residual-passive+RVO
9.9,1.2565981440607812,Residual-passive+RVO
9.95,1.2580904096367638,Residual-passive+RVO
10.0,1.2595827187100497,Residual-passive+RVO
10.05,1.2615816171704866,Residual-passive+RVO
10.1,1.263580519001856,Residual-passive+RVO
10.15,1.265832021263584,Residual-passive+RVO
10.2,1.268083550128303,Residual-passive+RVO
10.25,1.2697498748388405,Residual-passive+RVO
10.3,1.2714162006255072,Residual-passive+RVO
10.35,1.2725353046168308,Residual-passive+RVO
10.4,1.273654417930547,Residual-passive+RVO
10.45,1.2742117453241435,Residual-passive+RVO
10.5,1.274769115993167,Residual-passive+RVO
10.55,1.274802594056429,Residual-passive+RVO
10.6,1.2748363259093305,Residual-passive+RVO
10.65,1.2745764060562434,Residual-passive+RVO
10.7,1.274317975111785,Residual-passive+RVO
10.75,1.2732719005786826,Residual-passive+RVO
10.8,1.2722258633851145,Residual-passive+RVO
10.85,1.270876126382898,Residual-passive+RVO
10.9,1.2695263903212095,Residual-passive+RVO
10.95,1.267883661137133,Residual-passive+RVO
11.0,1.2662409383367763,Residual-passive+RVO
11.05,1.2643628779998246,Residual-passive+RVO
11.1,1.262484852712301,Residual-passive+RVO
11.15,1.2609954432329444,Residual-passive+RVO
11.2,1.259506037775524,Residual-passive+RVO
11.25,1.2590992122136366,Residual-passive+RVO
11.3,1.2586940411096734,Residual-passive+RVO
11.35,1.259084524706741,Residual-passive+RVO
11.4,1.2594764776640333,Residual-passive+RVO
11.45,1.260698506285801,Residual-passive+RVO
11.5,1.2619222291234908,Residual-passive+RVO
11.55,1.2638810893083456,Residual-passive+RVO
11.6,1.2658424187666488,Residual-passive+RVO
11.65,1.2686857385534844,Residual-passive+RVO
11.7,1.2715291912374644,Residual-passive+RVO
11.75,1.274901310934007,Residual-passive+RVO
11.8,1.2782735594957757,Residual-passive+RVO
11.85,1.2821471679696137,Residual-passive+RVO
11.9,1.2860208778476343,Residual-passive+RVO
11.95,1.290409743579147,Residual-passive+RVO
12.0,1.2947986368930111,Residual-passive+RVO
12.05,1.2994995342811786,Residual-passive+RVO
12.1,1.3042005376873609,Residual-passive+RVO
12.15,1.3087567607359285,Residual-passive+RVO
12.2,1.3133134526227928,Residual-passive+RVO
12.25,1.3171638381178137,Residual-passive+RVO
12.3,1.3210147307312663,Residual-passive+RVO
12.35,1.3242855383172656,Residual-passive+RVO
12.4,1.3275573603532165,Residual-passive+RVO
12.45,1.3304894367229114,Residual-passive+RVO
12.5,1.3334219383154755,Residual-passive+RVO
12.55,1.336035400661412,Residual-passive+RVO
12.6,1.3386488796413345,Residual-passive+RVO
12.65,1.3407437611434188,Residual-passive+RVO
12.7,1.3428386690205938,Residual-passive+RVO
12.75,1.3446956750667605,Residual-passive+RVO
12.8,1.34655286754364,Residual-passive+RVO
12.85,1.3482589207259117,Residual-passive+RVO
12.9,1.349965355668804,Residual-passive+RVO
12.95,1.3512907014562965,Residual-passive+RVO
13.0,1.3526164701204106,Residual-passive+RVO
13.05,1.3536037971463435,Residual-passive+RVO
13.1,1.354591537407864,Residual-passive+RVO
13.15,1.355307960707547,Residual-passive+RVO
13.2,1.3560263000878705,Residual-passive+RVO
13.25,1.3565551158172673,Residual-passive+RVO
13.3,1.3570843780730804,Residual-passive+RVO
13.35,1.357390325881432,Residual-passive+RVO
13.4,1.3576963369060109,Residual-passive+RVO
13.45,1.3578090302694448,Residual-passive+RVO
13.5,1.3579218027195086,Residual-passive+RVO
13.55,1.3578433733499973,Residual-passive+RVO
13.6,1.3577650553998657,Residual-passive+RVO
13.65,1.3579984268188603,Residual-passive+RVO
13.7,1.3582318147610148,Residual-passive+RVO
13.75,1.3587965914183031,Residual-passive+RVO
13.8,1.359361394038024,Residual-passive+RVO
13.85,1.3603014210362534,Residual-passive+RVO
13.9,1.361241497978224,Residual-passive+RVO
13.95,1.3626240118655255,Residual-passive+RVO
14.0,1.364006546701298,Residual-passive+RVO
14.05,1.3661528473973914,Residual-passive+RVO
14.1,1.3682991487843583,Residual-passive+RVO
14.15,1.371193129250763,Residual-passive+RVO
14.2,1.374087110627998,Residual-passive+RVO
14.25,1.3777574256814042,Residual-passive+RVO
14.3,1.381427745682343,Residual-passive+RVO
14.35,1.3857784338262735,Residual-passive+RVO
14.4,1.390129121988673,Residual-passive+RVO
14.45,1.3948840032064491,Residual-passive+RVO
14.5,1.3996392981257706,Residual-passive+RVO
14.55,1.404152723833309,Residual-passive+RVO
14.6,1.4086665096111288,Residual-passive+RVO
14.65,1.412468904061431,Residual-passive+RVO
14.7,1.4162715775252994,Residual-passive+RVO
14.75,1.4193810570262655,Residual-passive+RVO
14.8,1.4224907506686997,Residual-passive+RVO
14.85,1.425054510052598,Residual-passive+RVO
14.9,1.427618351839525,Residual-passive+RVO
14.95,1.4297853537374936,Residual-passive+RVO
15.0,1.431952357395315,Residual-passive+RVO
15.05,1.4335752946940912,Residual-passive+RVO
15.1,1.4351982344362748,Residual-passive+RVO
15.15,1.4363401650988703,Residual-passive+RVO
15.2,1.437482097628349,Residual-passive+RVO
15.25,1.4382137551634144,Residual-passive+RVO
15.3,1.4389454716593677,Residual-passive+RVO
15.35,1.4394850047121888,Residual-passive+RVO
15.4,1.4400247038443472,Residual-passive+RVO
15.45,1.440285424724297,Residual-passive+RVO
15.5,1.4405462900486747,Residual-passive+RVO
15.55,1.4405420853390574,Residual-passive+RVO
15.6,1.440538037972271,Residual-passive+RVO
15.65,1.4403687449480602,Residual-passive+RVO
15.7,1.4402002073170244,Residual-passive+RVO
15.75,1.4404161742459192,Residual-passive+RVO
15.8,1.4406339081893775,Residual-passive+RVO
15.85,1.4412681200734303,Residual-passive+RVO
15.9,1.4419041801094137,Residual-passive+RVO
15.95,1.442974465552492,Residual-passive+RVO
16.0,1.4440467203539502,Residual-passive+RVO
16.05,1.4455224174917696,Residual-passive+RVO
16.1,1.4469994016978722,Residual-passive+RVO
16.150000000000002,1.448767575134121,Residual-passive+RVO
16.2,1.450536620223702,Residual-passive+RVO
16.25,1.4530280105835025,Residual-passive+RVO
16.3,1.455519815079479,Residual-passive+RVO
16.35,1.4587749575470854,Residual-passive+RVO
16.400000000000002,1.4620305211386664,Residual-passive+RVO
16.45,1.4660320235616444,Residual-passive+RVO
16.5,1.47003398224939,Residual-passive+RVO
16.55,1.4747274761766154,Residual-passive+RVO
16.6,1.4794211576197631,Residual-passive+RVO
16.650000000000002,1.4843222998248224,Residual-passive+RVO
16.7,1.4892234482608713,Residual-passive+RVO
16.75,1.4936194733391768,Residual-passive+RVO
16.8,1.4980162915248951,Residual-passive+RVO
16.85,1.5016947279101038,Residual-passive+RVO
16.900000000000002,1.50537383693553,Residual-passive+RVO
16.95,1.5083576137532009,Residual-passive+RVO
17.0,1.511342049081213,Residual-passive+RVO
17.05,1.5136759269605895,Residual-passive+RVO
17.1,1.5160100158353176,Residual-passive+RVO
17.150000000000002,1.5178988775758415,Residual-passive+RVO
17.2,1.519787831925562,Residual-passive+RVO
17.25,1.5211843441119324,Residual-passive+RVO
17.3,1.5225809832971116,Residual-passive+RVO
17.35,1.5234673335556788,Residual-passive+RVO
17.400000000000002,1.5243568766955462,Residual-passive+RVO
17.45,1.5244681564317768,Residual-passive+RVO
17.5,1.524725332833753,Residual-passive+RVO
17.55,1.5262256441312996,Residual-passive+RVO
17.6,1.5278735258420444,Residual-passive+RVO
17.650000000000002,1.5288993992493425,Residual-passive+RVO
17.7,1.5300708875960616,Residual-passive+RVO
17.75,1.530730783100183,Residual-passive+RVO
17.8,1.5315365522889095,Residual-passive+RVO
17.85,1.532912903861306,Residual-passive+RVO
17.900000000000002,1.5344339955869724,Residual-passive+RVO
17.95,1.5357389919553388,Residual-passive+RVO
18.0,1.5371888067914754,Residual-passive+RVO
18.05,1.5386831508184198,Residual-passive+RVO
18.1,1.540321205458459,Residual-passive+RVO
18.15,1.5420204801039443,Residual-passive+RVO
18.2,1.543862831143039,Residual-passive+RVO
18.25,1.5457539285103723,Residual-passive+RVO
18.3,1.547787516838794,Residual-passive+RVO
18.35,1.5498387100279984,Residual-passive+RVO
18.4,1.5520312135923686,Residual-passive+RVO
18.45,1.5542809139519311,Residual-passive+RVO
18.5,1.556671098215034,Residual-passive+RVO
18.55,1.5594421060933938,Residual-passive+RVO
18.6,1.5623597446971038,Residual-passive+RVO
18.65,1.5649000910685165,Residual-passive+RVO
18.7,1.5675708607157126,Residual-passive+RVO
18.75,1.5708488963452212,Residual-passive+RVO
18.8,1.5742601886972178,Residual-passive+RVO
18.85,1.5772604108191046,Residual-passive+RVO
18.9,1.5793281589527215,Residual-passive+RVO
18.95,1.5507245404988117,Residual-passive+RVO
19.0,1.5221645161131565,Residual-passive+RVO
19.05,1.4936140457648357,Residual-passive+RVO
19.1,1.4651107710511178,Residual-passive+RVO
19.15,1.4372428635722103,Residual-passive+RVO
19.200000000000003,1.4094229996906518,Residual-passive+RVO
19.25,1.3826019833333272,Residual-passive+RVO
19.3,1.3558247624829691,Residual-passive+RVO
19.35,1.329978793390424,Residual-passive+RVO
19.4,1.3041724836634905,Residual-passive+RVO
19.450000000000003,1.283359927855489,Residual-passive+RVO
19.5,1.26257621811992,Residual-passive+RVO
19.55,1.2489931107352037,Residual-passive+RVO
19.6,1.2354169323956994,Residual-passive+RVO
19.65,1.2220913586656477,Residual-passive+RVO
19.700000000000003,1.208773353020738,Residual-passive+RVO
19.75,1.1950451938284592,Residual-passive+RVO
19.8,1.1813242110144868,Residual-passive+RVO
19.85,1.1682283392043906,Residual-passive+RVO
19.9,1.1551378427270045,Residual-passive+RVO
19.950000000000003,1.141811609623167,Residual-passive+RVO
20.0,1.1284885543030554,Residual-passive+RVO
20.05,1.1197401658060009,Residual-passive+RVO
20.1,1.1109927937570072,Residual-passive+RVO
20.15,1.1103855071406503,Residual-passive+RVO
20.200000000000003,1.1097782355065358,Residual-passive+RVO
20.25,1.1068091694172038,Residual-passive+RVO
20.3,1.103840698428899,Residual-passive+RVO
20.35,1.0943840391574151,Residual-passive+RVO
20.4,1.084931346179102,Residual-passive+RVO
20.450000000000003,1.0738417107256768,Residual-passive+RVO
20.5,1.062754253724256,Residual-passive+RVO
20.55,1.054176631198254,Residual-passive+RVO
20.6,1.045605495464231,Residual-passive+RVO
20.65,1.034136067261581,Residual-passive+RVO
20.700000000000003,1.0226717167625194,Residual-passive+RVO
20.75,1.012082679965056,Residual-passive+RVO
20.8,1.0015005836368744,Residual-passive+RVO
20.85,0.9939709217156452,Residual-passive+RVO
20.9,0.9864459470493044,Residual-passive+RVO
20.950000000000003,0.9817620602264072,Residual-passive+RVO
21.0,0.977081276174096,Residual-passive+RVO
21.05,0.9723749734749964,Residual-passive+RVO
21.1,0.9676724362220926,Residual-passive+RVO
21.15,0.9628682627078328,Residual-passive+RVO
21.200000000000003,0.9580681834650387,Residual-passive+RVO
21.25,0.9533342687558494,Residual-passive+RVO
21.3,0.9486050100884984,Residual-passive+RVO
21.35,0.9429635422374504,Residual-passive+RVO
21.4,0.937330054926758,Residual-passive+RVO
21.450000000000003,0.931406485151488,Residual-passive+RVO
21.5,0.9254932954624792,Residual-passive+RVO
21.55,0.9196995525507228,Residual-passive+RVO
21.6,0.9139177840976724,Residual-passive+RVO
21.65,0.908254922827424,Residual-passive+RVO
21.700000000000003,0.9026057820294524,Residual-passive+RVO
21.75,0.8970762951513656,Residual-passive+RVO
21.8,0.891562347332479,Residual-passive+RVO
21.85,0.8870290373231869,Residual-passive+RVO
21.9,0.8825077337819764,Residual-passive+RVO
21.950000000000003,0.8793063983761573,Residual-passive+RVO
22.0,0.8761129885351546,Residual-passive+RVO
22.05,0.8732347748257624,Residual-passive+RVO
22.1,0.8703663776249632,Residual-passive+RVO
22.15,0.8677873600262047,Residual-passive+RVO
22.200000000000003,0.8652197477895426,Residual-passive+RVO
22.25,0.8628247283494198,Residual-passive+RVO
22.3,0.8604417608949487,Residual-passive+RVO
22.35,0.8582303071933838,Residual-passive+RVO
22.4,0.8560315180067845,Residual-passive+RVO
22.450000000000003,0.8541789627777072,Residual-passive+RVO
22.5,0.8523375982631529,Residual-passive+RVO
22.55,0.8514527000045274,Residual-passive+RVO
22.6,0.8505766101092834,Residual-passive+RVO
22.65,0.8505890037762068,Residual-passive+RVO
22.700000000000003,0.8506089643290857,Residual-passive+RVO
22.75,0.8506627379791888,Residual-passive+RVO
22.8,0.8507231791564163,Residual-passive+RVO
22.85,0.85082712841696,Residual-passive+RVO
22.9,0.8509369755798605,Residual-passive+RVO
22.950000000000003,0.8512284078502375,Residual-passive+RVO
23.0,0.8515228216812513,Residual-passive+RVO
23.05,0.8523047527149545,Residual-passive+RVO
23.1,0.8530873181814391,Residual-passive+RVO
23.15,0.854261804576618,Residual-passive+RVO
23.200000000000003,0.8554365949104586,Residual-passive+RVO
23.25,0.857315354264112,Residual-passive+RVO
23.3,0.8591941889584682,Residual-passive+RVO
23.35,0.8613537052877871,Residual-passive+RVO
23.4,0.8635134070204125,Residual-passive+RVO
23.450000000000003,0.8659564294518519,Residual-passive+RVO
23.5,0.8683995373766616,Residual-passive+RVO
23.55,0.871151217374171,Residual-passive+RVO
23.6,0.8739028973804813,Residual-passive+RVO
23.65,0.8773471731454147,Residual-passive+RVO
23.700000000000003,0.8807914589782307,Residual-passive+RVO
23.75,0.8849393925723106,Residual-passive+RVO
23.8,0.8890873495230939,Residual-passive+RVO
23.85,0.893529410155732,Residual-passive+RVO
23.9,0.8979714744116323,Residual-passive+RVO
23.950000000000003,0.9026384357659496,Residual-passive+RVO
24.0,0.907305443676494,Residual-passive+RVO
24.05,0.9120772213373712,Residual-passive+RVO
24.1,0.9168492534877258,Residual-passive+RVO
24.15,0.9217325986293424,Residual-passive+RVO
24.200000000000003,0.9266168277367948,Residual-passive+RVO
24.25,0.9312918329688604,Residual-passive+RVO
24.3,0.9359684870277418,Residual-passive+RVO
24.35,0.9379434135325008,Residual-passive+RVO
24.4,0.9399211166161764,Residual-passive+RVO
24.450000000000003,0.941003843884418,Residual-passive+RVO
24.5,0.9420895372585346,Residual-passive+RVO
24.55,0.9428769325633118,Residual-passive+RVO
24.6,0.9436671144614504,Residual-passive+RVO
24.65,0.9440570255763154,Residual-passive+RVO
24.700000000000003,0.9444475674954116,Residual-passive+RVO
24.75,0.9444381210525388,Residual-passive+RVO
24.8,0.9444286771085468,Residual-passive+RVO
24.85,0.9442982350699644,Residual-passive+RVO
24.9,0.9441681547266884,Residual-passive+RVO
24.950000000000003,0.9438736599145566,Residual-passive+RVO
25.0,0.9435816294746312,Residual-passive+RVO
25.05,0.943249921510996,Residual-passive+RVO
25.1,0.9429195184659188,Residual-passive+RVO
25.15,0.9429274062750008,Residual-passive+RVO
25.200000000000003,0.9429352999066268,Residual-passive+RVO
25.25,0.94294638963729,Residual-passive+RVO
25.3,0.9429575111711026,Residual-passive+RVO
25.35,0.9428534761383924,Residual-passive+RVO
25.4,0.9427504011523942,Residual-passive+RVO
25.450000000000003,0.9428894909892676,Residual-passive+RVO
25.5,0.943029396049243,Residual-passive+RVO
25.55,0.9447489326055096,Residual-passive+RVO
25.6,0.9464684736482244,Residual-passive+RVO
25.65,0.9490843924923116,Residual-passive+RVO
25.700000000000003,0.9517004822463844,Residual-passive+RVO
25.75,0.954516749752067,Residual-passive+RVO
25.8,0.9573330638231398,Residual-passive+RVO
25.85,0.960353321435658,Residual-passive+RVO
25.9,0.9633735829432944,Residual-passive+RVO
25.950000000000003,0.9666731917878194,Residual-passive+RVO
26.0,0.9699728379145468,Residual-passive+RVO
26.05,0.9732744774882364,Residual-passive+RVO
26.1,0.9765762388200934,Residual-passive+RVO
26.15,0.9798707091225096,Residual-passive+RVO
26.200000000000003,0.9831653519042464,Residual-passive+RVO
26.25,0.9865338135484764,Residual-passive+RVO
26.3,0.9899024531583908,Residual-passive+RVO
26.35,0.9933032493212988,Residual-passive+RVO
26.4,0.9967042286546196,Residual-passive+RVO
26.450000000000003,1.0001041398470714,Residual-passive+RVO
26.5,1.0035042511743535,Residual-passive+RVO
26.55,1.0068034659706433,Residual-passive+RVO
26.6,1.0101028857957983,Residual-passive+RVO
26.65,1.0133264924407386,Residual-passive+RVO
26.700000000000003,1.0165504141999058,Residual-passive+RVO
26.75,1.019781902301909,Residual-passive+RVO
26.8,1.0230140945285162,Residual-passive+RVO
26.85,1.0252588437194776,Residual-passive+RVO
26.9,1.0275043971798854,Residual-passive+RVO
26.950000000000003,1.0278162851565449,Residual-passive+RVO
27.0,1.028128178376607,Residual-passive+RVO
27.05,1.0284519608305729,Residual-passive+RVO
27.1,1.0287757490245384,Residual-passive+RVO
27.15,1.0290912138028632,Residual-passive+RVO
27.200000000000003,1.0294066858185835,Residual-passive+RVO
27.25,1.0298746797772291,Residual-passive+RVO
27.3,1.0303427070198536,Residual-passive+RVO
27.35,1.0306611392243572,Residual-passive+RVO
27.4,1.0309796074976458,Residual-passive+RVO
27.450000000000003,1.0311200779967384,Residual-passive+RVO
27.5,1.031260564522856,Residual-passive+RVO
27.55,1.0313989020269994,Residual-passive+RVO
27.6,1.031537239584689,Residual-passive+RVO
27.65,1.0319251912658205,Residual-passive+RVO
27.700000000000003,1.032313146002704,Residual-passive+RVO
27.75,1.0326774659543994,Residual-passive+RVO
27.8,1.0330417977497328,Residual-passive+RVO
27.85,1.0333944842067817,Residual-passive+RVO
27.9,1.0337471984861677,Residual-passive+RVO
27.950000000000003,1.0359885146904382,Residual-passive+RVO
28.0,1.038229831742471,Residual-passive+RVO
28.05,1.0417275617581114,Residual-passive+RVO
28.1,1.045225528257897,Residual-passive+RVO
28.15,1.0495783572771022,Residual-passive+RVO
28.200000000000003,1.0539321349252049,Residual-passive+RVO
28.25,1.058358330185245,Residual-passive+RVO
28.3,1.062785208219422,Residual-passive+RVO
28.35,1.0672110497874825,Residual-passive+RVO
28.4,1.0716377423681944,Residual-passive+RVO
28.450000000000003,1.0762232892857322,Residual-passive+RVO
28.5,1.080810155559245,Residual-passive+RVO
28.55,1.0852785873020114,Residual-passive+RVO
28.6,1.0897480916822015,Residual-passive+RVO
28.65,1.0940848069406,Residual-passive+RVO
28.700000000000003,1.0984221231876208,Residual-passive+RVO
28.75,1.1025849778701866,Residual-passive+RVO
28.8,1.106748195900043,Residual-passive+RVO
28.85,1.110452128216363,Residual-passive+RVO
28.9,1.1141562941584993,Residual-passive+RVO
28.950000000000003,1.1157478790497433,Residual-passive+RVO
29.0,1.117339860725017,Residual-passive+RVO
29.05,1.118063297312925,Residual-passive+RVO
29.1,1.1187871388901465,Residual-passive+RVO
29.15,1.1211362347918516,Residual-passive+RVO
29.200000000000003,1.1234859098204124,Residual-passive+RVO
29.25,1.125295903944047,Residual-passive+RVO
29.3,1.1271059968583257,Residual-passive+RVO
29.35,1.1269893566605895,Residual-passive+RVO
29.4,1.126872727090775,Residual-passive+RVO
29.450000000000003,1.127439643697724,Residual-passive+RVO
29.5,1.1280067464417047,Residual-passive+RVO
29.55,1.1284029516077136,Residual-passive+RVO
29.6,1.128799433009248,Residual-passive+RVO
29.65,1.129125865272114,Residual-passive+RVO
29.700000000000003,1.1294527444475044,Residual-passive+RVO
29.75,1.1297548732934282,Residual-passive+RVO
29.8,1.1300575364860852,Residual-passive+RVO
29.85,1.130644266211526,Residual-passive+RVO
29.9,1.131232272377782,Residual-passive+RVO
29.950000000000003,1.1323561539600735,Residual-passive+RVO
30.0,1.133482768385122,Residual-passive+RVO
30.05,1.1351520905874242,Residual-passive+RVO
30.1,1.1368261921410854,Residual-passive+RVO
30.15,1.1396294659276325,Residual-passive+RVO
30.200000000000003,1.142446367541164,Residual-passive+RVO
30.25,1.145149115360637,Residual-passive+RVO
30.3,1.147857289764281,Residual-passive+RVO
30.35,1.1503057277442594,Residual-passive+RVO
30.4,1.1527555466689372,Residual-passive+RVO
30.450000000000003,1.155375673614972,Residual-passive+RVO
30.5,1.1579965439503694,Residual-passive+RVO
30.55,1.1607276596224023,Residual-passive+RVO
30.6,1.163459020624706,Residual-passive+RVO
30.65,1.1662080164826945,Residual-passive+RVO
30.700000000000003,1.1689570215320153,Residual-passive+RVO
30.75,1.1716867845436552,Residual-passive+RVO
30.8,1.1744165516715095,Residual-passive+RVO
30.85,1.1763494577532012,Residual-passive+RVO
30.9,1.1782823673080236,Residual-passive+RVO
30.950000000000003,1.1782232164106257,Residual-passive+RVO
31.0,1.1781640701825022,Residual-passive+RVO
31.05,1.1781468770803791,Residual-passive+RVO
31.1,1.1781296840840572,Residual-passive+RVO
31.15,1.178133082306494,Residual-passive+RVO
31.200000000000003,1.178136480557325,Residual-passive+RVO
31.25,1.1780265217796455,Residual-passive+RVO
31.3,1.177916570366934,Residual-passive+RVO
31.35,1.1777865808409431,Residual-passive+RVO
31.4,1.1776566087603806,Residual-passive+RVO
31.450000000000003,1.177543081764952,Residual-passive+RVO
31.5,1.1774295660569256,Residual-passive+RVO
31.55,1.1775002731079305,Residual-passive+RVO
31.6,1.1775709828838343,Residual-passive+RVO
31.65,1.17763252222977,Residual-passive+RVO
31.700000000000003,1.177694062108237,Residual-passive+RVO
31.75,1.1777739912075662,Residual-passive+RVO
31.8,1.1778539205966927,Residual-passive+RVO
31.85,1.177934779224215,Residual-passive+RVO
31.9,1.178015637949259,Residual-passive+RVO
31.950000000000003,1.1780969591228474,Residual-passive+RVO
32.0,1.1781782804928125,Residual-passive+RVO
32.050000000000004,1.1782578671432666,Residual-passive+RVO
32.1,1.1783374541552176,Residual-passive+RVO
32.15,1.1784176875472678,Residual-passive+RVO
32.2,1.178497922225576,Residual-passive+RVO
32.25,1.1795000061840824,Residual-passive+RVO
32.300000000000004,1.1805024614582558,Residual-passive+RVO
32.35,1.182457834712934,Residual-passive+RVO
32.4,1.1844143444525652,Residual-passive+RVO
32.45,1.1863246393736413,Residual-passive+RVO
32.5,1.1882361357596392,Residual-passive+RVO
32.550000000000004,1.1901410129124408,Residual-passive+RVO
32.6,1.1920471651113471,Residual-passive+RVO
32.65,1.1938930740105034,Residual-passive+RVO
32.7,1.1957402530386774,Residual-passive+RVO
32.75,1.1978226055265864,Residual-passive+RVO
32.800000000000004,1.1999065488566183,Residual-passive+RVO
32.85,1.2021599130569112,Residual-passive+RVO
32.9,1.2044145295640534,Residual-passive+RVO
32.95,1.2068194729785604,Residual-passive+RVO
33.0,1.209225100515202,Residual-passive+RVO
33.050000000000004,1.2117271234217712,Residual-passive+RVO
33.1,1.2142294164530851,Residual-passive+RVO
33.15,1.2167860165260156,Residual-passive+RVO
33.2,1.21934266884293,Residual-passive+RVO
33.25,1.2218950759394194,Residual-passive+RVO
33.300000000000004,1.224447490559314,Residual-passive+RVO
33.35,1.2269855496758102,Residual-passive+RVO
33.4,1.2295237342272007,Residual-passive+RVO
33.45,1.232042247958446,Residual-passive+RVO
33.5,1.2345609475056305,Residual-passive+RVO
33.550000000000004,1.236320188500637,Residual-passive+RVO
33.6,1.238079458906011,Residual-passive+RVO
33.65,1.2387642653225028,Residual-passive+RVO
33.7,1.2394490841938608,Residual-passive+RVO
33.75,1.2400663365059348,Residual-passive+RVO
33.800000000000004,1.2406836078589902,Residual-passive+RVO
33.85,1.2412420606840755,Residual-passive+RVO
33.9,1.2418005535048695,Residual-passive+RVO
33.95,1.2426648357486625,Residual-passive+RVO
34.0,1.2435291772668626,Residual-passive+RVO
34.050000000000004,1.2444442271321363,Residual-passive+RVO
34.1,1.245359318714081,Residual-passive+RVO
34.15,1.2462840259629824,Residual-passive+RVO
34.2,1.2472087526641238,Residual-passive+RVO
34.25,1.2491294264771964,Residual-passive+RVO
34.300000000000004,1.251050113864749,Residual-passive+RVO
34.35,1.2539085566174677,Residual-passive+RVO
34.4,1.2567669993793598,Residual-passive+RVO
34.45,1.2595703273820205,Residual-passive+RVO
34.5,1.2623737579061125,Residual-passive+RVO
34.550000000000004,1.265166772690166,Residual-passive+RVO
34.6,1.2679602250879165,Residual-passive+RVO
34.65,1.2716126039962012,Residual-passive+RVO
34.7,1.275269463466055,Residual-passive+RVO
34.75,1.2792455288366265,Residual-passive+RVO
34.800000000000004,1.2832246284626092,Residual-passive+RVO
34.85,1.287229691055272,Residual-passive+RVO
34.9,1.291236968189805,Residual-passive+RVO
34.95,1.2953102864720294,Residual-passive+RVO
35.0,1.2993855832850387,Residual-passive+RVO
35.050000000000004,1.3035132586792129,Residual-passive+RVO
35.1,1.30764263622788,Residual-passive+RVO
35.15,1.3099505911202336,Residual-passive+RVO
35.2,1.3122589903780428,Residual-passive+RVO
35.25,1.313887006896141,Residual-passive+RVO
35.300000000000004,1.3155151563467449,Residual-passive+RVO
35.35,1.3172108176052346,Residual-passive+RVO
35.4,1.3189065966887117,Residual-passive+RVO
35.45,1.320555432981611,Residual-passive+RVO
35.5,1.3222043968501995,Residual-passive+RVO
35.550000000000004,1.3231119543472123,Residual-passive+RVO
35.6,1.324019585601361,Residual-passive+RVO
35.65,1.3249046583302702,Residual-passive+RVO
35.7,1.3257898058549855,Residual-passive+RVO
35.75,1.3265737614933064,Residual-passive+RVO
35.800000000000004,1.327357772852896,Residual-passive+RVO
35.85,1.3278027769298044,Residual-passive+RVO
35.9,1.3282477932995032,Residual-passive+RVO
35.95,1.3282376972862386,Residual-passive+RVO
36.0,1.328227601547265,Residual-passive+RVO
36.05,1.328227246125545,Residual-passive+RVO
36.1,1.3282268907400572,Residual-passive+RVO
36.15,1.3282225115412702,Residual-passive+RVO
36.2,1.32821813237623,Residual-passive+RVO
36.25,1.3282053272020855,Residual-passive+RVO
36.3,1.3281925230616989,Residual-passive+RVO
36.35,1.3298281219786452,Residual-passive+RVO
36.4,1.331464506083433,Residual-passive+RVO
36.45,1.3340297884951822,Residual-passive+RVO
36.5,1.3365969111538452,Residual-passive+RVO
36.55,1.3391072408754277,Residual-passive+RVO
36.6,1.341619350296499,Residual-passive+RVO
36.65,1.3444093108797817,Residual-passive+RVO
36.7,1.3471992981044043,Residual-passive+RVO
36.75,1.3504286445045883,Residual-passive+RVO
36.8,1.3536581267546843,Residual-passive+RVO
36.85,1.3561165129771302,Residual-passive+RVO
36.9,1.3585753263805431,Residual-passive+RVO
36.95,1.3607585805575508,Residual-passive+RVO
37.0,1.3629424854490375,Residual-passive+RVO
37.05,1.3652413100884404,Residual-passive+RVO
37.1,1.367540576144635,Residual-passive+RVO
37.15,1.369937767233698,Residual-passive+RVO
37.2,1.3723351522689349,Residual-passive+RVO
37.25,1.3736405807997956,Residual-passive+RVO
37.3,1.3749460317296094,Residual-passive+RVO
37.35,1.3759243880047516,Residual-passive+RVO
37.4,1.3769027472643085,Residual-passive+RVO
37.45,1.3779433884253012,Residual-passive+RVO
37.5,1.3789840375711389,Residual-passive+RVO
37.55,1.3800126550834595,Residual-passive+RVO
37.6,1.3810412941002164,Residual-passive+RVO
37.65,1.381850196732265,Residual-passive+RVO
37.7,1.382659131173696,Residual-passive+RVO
37.75,1.3832192446753515,Residual-passive+RVO
37.8,1.3837793881009357,Residual-passive+RVO
37.85,1.3838172670096294,Residual-passive+RVO
37.9,1.3838551468101712,Residual-passive+RVO
37.95,1.3840631778724914,Residual-passive+RVO
38.0,1.384271229010052,Residual-passive+RVO
38.05,1.3859781043015256,Residual-passive+RVO
38.1,1.387686587927548,Residual-passive+RVO
38.15,1.3895077388561028,Residual-passive+RVO
38.2,1.391330325802611,Residual-passive+RVO
38.25,1.3932276527863274,Residual-passive+RVO
38.3,1.3951262178326378,Residual-passive+RVO
38.35,1.397242556135924,Residual-passive+RVO
38.400000000000006,1.399360071587367,Residual-passive+RVO
38.45,1.401183622242281,Residual-passive+RVO
38.5,1.403007983940576,Residual-passive+RVO
38.55,1.405770883845764,Residual-passive+RVO
38.6,1.4085378797749817,Residual-passive+RVO
38.650000000000006,1.4116440283947296,Residual-passive+RVO
38.7,1.4147527647518487,Residual-passive+RVO
38.75,1.4181252350938545,Residual-passive+RVO
38.8,1.4214991188885773,Residual-passive+RVO
38.85,1.4250417330416156,Residual-passive+RVO
38.900000000000006,1.4285849180164272,Residual-passive+RVO
38.95,1.432252409007749,Residual-passive+RVO
39.0,1.435920000131623,Residual-passive+RVO
39.05,1.439576591453977,Residual-passive+RVO
39.1,1.4432331832760084,Residual-passive+RVO
39.150000000000006,1.4464706390802584,Residual-passive+RVO
39.2,1.4497081308380664,Residual-passive+RVO
39.25,1.4509629341104824,Residual-passive+RVO
39.3,1.4522186903755234,Residual-passive+RVO
39.35,1.4545040851074469,Residual-passive+RVO
39.400000000000006,1.4567928430511323,Residual-passive+RVO
39.45,1.459872499451322,Residual-passive+RVO
39.5,1.462958060591622,Residual-passive+RVO
39.55,1.466076671982148,Residual-passive+RVO
39.6,1.4692007070216786,Residual-passive+RVO
39.650000000000006,1.472377154597711,Residual-passive+RVO
39.7,1.4755587416324707,Residual-passive+RVO
39.75,1.4787938217757066,Residual-passive+RVO
39.8,1.482033181712205,Residual-passive+RVO
39.85,1.485279011067281,Residual-passive+RVO
39.900000000000006,1.4885286794643902,Residual-passive+RVO
39.95,1.4919005405043766,Residual-passive+RVO
40.0,1.4952764163809311,Residual-passive+RVO
40.05,1.497788832263831,Residual-passive+RVO
40.1,1.5003038696424136,Residual-passive+RVO
40.150000000000006,1.50018918607496,Residual-passive+RVO
40.2,1.500074509107131,Residual-passive+RVO
40.25,1.4998782100451522,Residual-passive+RVO
40.3,1.499681926951845,Residual-passive+RVO
40.35,1.4994897518852872,Residual-passive+RVO
40.400000000000006,1.4992975853785666,Residual-passive+RVO
40.45,1.4990891661006194,Residual-passive+RVO
40.5,1.4988807505872506,Residual-passive+RVO
40.55,1.4982149392301825,Residual-passive+RVO
40.6,1.4975491359274324,Residual-passive+RVO
40.650000000000006,1.4965857322619374,Residual-passive+RVO
40.7,1.4956223289216433,Residual-passive+RVO
40.75,1.4946998230455004,Residual-passive+RVO
40.8,1.4937773178255185,Residual-passive+RVO
40.85,1.4925746758334235,Residual-passive+RVO
40.900000000000006,1.4913738108324817,Residual-passive+RVO
40.95,1.490138413827722,Residual-passive+RVO
41.0,1.4889057199342743,Residual-passive+RVO
41.05,1.487675476286747,Residual-passive+RVO
41.1,1.4864482190836652,Residual-passive+RVO
41.150000000000006,1.485270273881912,Residual-passive+RVO
41.2,1.4840955429863671,Residual-passive+RVO
41.25,1.4829924102699414,Residual-passive+RVO
41.3,1.481892668490198,Residual-passive+RVO
41.35,1.4809703674902648,Residual-passive+RVO
41.400000000000006,1.4800503207404807,Residual-passive+RVO
41.45,1.4792809658918755,Residual-passive+RVO
41.5,1.478512759148192,Residual-passive+RVO
41.55,1.4776925125212113,Residual-passive+RVO
41.6,1.476873275161075,Residual-passive+RVO
41.650000000000006,1.4761247296583713,Residual-passive+RVO
41.7,1.4753771354853646,Residual-passive+RVO
41.75,1.4752340121275676,Residual-passive+RVO
41.8,1.475090927653275,Residual-passive+RVO
41.85,1.475110877572005,Residual-passive+RVO
41.900000000000006,1.4751308276407216,Residual-passive+RVO
41.95,1.4751267195059887,Residual-passive+RVO
42.0,1.4751226113818472,Residual-passive+RVO
42.05,1.4753436497823142,Residual-passive+RVO
42.1,1.4755647047750906,Residual-passive+RVO
42.150000000000006,1.475941934853892,Residual-passive+RVO
42.2,1.4763193434325108,Residual-passive+RVO
42.25,1.476792849935376,Residual-passive+RVO
42.3,1.4772665458027538,Residual-passive+RVO
42.35,1.4778148772262547,Residual-passive+RVO
42.400000000000006,1.478363342879213,Residual-passive+RVO
42.45,1.4789640991519202,Residual-passive+RVO
42.5,1.47956493119633,Residual-passive+RVO
42.55,1.480413271855194,Residual-passive+RVO
42.6,1.481261623973969,Residual-passive+RVO
42.650000000000006,1.4839347557869589,Residual-passive+RVO
42.7,1.486607921879875,Residual-passive+RVO
42.75,1.4893965594113947,Residual-passive+RVO
42.8,1.4921853146315311,Residual-passive+RVO
42.85,1.4949301841511695,Residual-passive+RVO
42.900000000000006,1.497675435099675,Residual-passive+RVO
42.95,1.500365371220124,Residual-passive+RVO
43.0,1.5030560568644804,Residual-passive+RVO
43.05,1.506857964893341,Residual-passive+RVO
43.1,1.5106613944617109,Residual-passive+RVO
43.150000000000006,1.5155564665878507,Residual-passive+RVO
43.2,1.5204532735549618,Residual-passive+RVO
43.25,1.5253993263891588,Residual-passive+RVO
43.3,1.530347347414306,Residual-passive+RVO
43.35,1.5353320020902648,Residual-passive+RVO
43.400000000000006,1.5403188659105629,Residual-passive+RVO
43.45,1.5453056905098912,Residual-passive+RVO
43.5,1.5502950032213223,Residual-passive+RVO
43.55,1.5538038886153718,Residual-passive+RVO
43.6,1.5573145588640722,Residual-passive+RVO
43.650000000000006,1.5575456935952954,Residual-passive+RVO
43.7,1.5577768978839686,Residual-passive+RVO
43.75,1.5580237720272434,Residual-passive+RVO
43.8,1.5582707183236808,Residual-passive+RVO
43.85,1.5584452921720575,Residual-passive+RVO
43.900000000000006,1.5586199331793495,Residual-passive+RVO
43.95,1.558963261039929,Residual-passive+RVO
44.0,1.5593069423731174,Residual-passive+RVO
44.05,1.559655232081757,Residual-passive+RVO
44.1,1.5600040651039984,Residual-passive+RVO
44.150000000000006,1.5602866614063262,Residual-passive+RVO
44.2,1.5605698879809902,Residual-passive+RVO
44.25,1.5607596477308734,Residual-passive+RVO
44.3,1.560950067855151,Residual-passive+RVO
44.35,1.5611064474696306,Residual-passive+RVO
44.400000000000006,1.5612631420039351,Residual-passive+RVO
44.45,1.5614316200350402,Residual-passive+RVO
44.5,1.5616001728217757,Residual-passive+RVO
44.55,1.5618643793061069,Residual-passive+RVO
44.6,1.562128730372757,Residual-passive+RVO
44.650000000000006,1.5627177767415332,Residual-passive+RVO
44.7,1.5633081392329535,Residual-passive+RVO
44.75,1.563939798865033,Residual-passive+RVO
44.8,1.5645719664751765,Residual-passive+RVO
44.85,1.5652038692927512,Residual-passive+RVO
44.900000000000006,1.5658359392541734,Residual-passive+RVO
44.95,1.5665361993966178,Residual-passive+RVO
45.0,1.567236557798471,Residual-passive+RVO
45.05,1.5679941455943007,Residual-passive+RVO
45.1,1.568751785558187,Residual-passive+RVO
45.150000000000006,1.5704906408056052,Residual-passive+RVO
45.2,1.5722295007091045,Residual-passive+RVO
45.25,1.5755040961021014,Residual-passive+RVO
45.3,1.57877874404807,Residual-passive+RVO
45.35,1.582242240151062,Residual-passive+RVO
45.400000000000006,1.5857057498555656,Residual-passive+RVO
45.45,1.5890921819365926,Residual-passive+RVO
45.5,1.5924789037387592,Residual-passive+RVO
45.55,1.5957070879351576,Residual-passive+RVO
45.6,1.5989361718483324,Residual-passive+RVO
45.650000000000006,1.6021060709110369,Residual-passive+RVO
45.7,1.605277841741111,Residual-passive+RVO
45.75,1.6091614221155688,Residual-passive+RVO
45.8,1.6130480493230823,Residual-passive+RVO
45.85,1.6178693882094592,Residual-passive+RVO
45.900000000000006,1.6226963366064528,Residual-passive+RVO
45.95,1.6276670061214151,Residual-passive+RVO
46.0,1.6326432090242495,Residual-passive+RVO
46.05,1.6375959818148833,Residual-passive+RVO
46.1,1.6425538563797537,Residual-passive+RVO
46.150000000000006,1.6472482798033972,Residual-passive+RVO
46.2,1.6519479249579874,Residual-passive+RVO
46.25,1.654760870144082,Residual-passive+RVO
46.3,1.6575751261131424,Residual-passive+RVO
46.35,1.6581473170676062,Residual-passive+RVO
46.400000000000006,1.6587197959947908,Residual-passive+RVO
46.45,1.6589104545057578,Residual-passive+RVO
46.5,1.659101344695073,Residual-passive+RVO
46.55,1.6591703638133428,Residual-passive+RVO
46.6,1.6592394838253457,Residual-passive+RVO
46.650000000000006,1.6590437093713053,Residual-passive+RVO
46.7,1.658848024059166,Residual-passive+RVO
46.75,1.658682445726502,Residual-passive+RVO
46.8,1.658516983434297,Residual-passive+RVO
46.85,1.658927611193599,Residual-passive+RVO
46.900000000000006,1.659338316528007,Residual-passive+RVO
46.95,1.6597983985470195,Residual-passive+RVO
47.0,1.660258556897991,Residual-passive+RVO
47.05,1.660733322030512,Residual-passive+RVO
47.1,1.661208168918333,Residual-passive+RVO
47.150000000000006,1.6616810123548085,Residual-passive+RVO
47.2,1.6621539140648196,Residual-passive+RVO
47.25,1.6638869969556975,Residual-passive+RVO
47.3,1.6656203461773635,Residual-passive+RVO
47.35,1.6682396804895874,Residual-passive+RVO
47.400000000000006,1.670859370714364,Residual-passive+RVO
47.45,1.673582044670204,Residual-passive+RVO
47.5,1.676305110331052,Residual-passive+RVO
47.55,1.6791131286697902,Residual-passive+RVO
47.6,1.6819215011233433,Residual-passive+RVO
47.650000000000006,1.6852654970282874,Residual-passive+RVO
47.7,1.6886100612115869,Residual-passive+RVO
47.75,1.6922461115955474,Residual-passive+RVO
47.8,1.695882697000592,Residual-passive+RVO
47.85,1.6998159056468445,Residual-passive+RVO
47.900000000000006,1.7037494840316172,Residual-passive+RVO
47.95,1.7080804585008578,Residual-passive+RVO
48.0,1.712411632254348,Residual-passive+RVO
48.05,1.7166842434609957,Residual-passive+RVO
48.1,1.7209569697889022,Residual-passive+RVO
48.150000000000006,1.7251756055765748,Residual-passive+RVO
48.2,1.7293943581696454,Residual-passive+RVO
48.25,1.7302862635855956,Residual-passive+RVO
48.3,1.7311781988879713,Residual-passive+RVO
48.35,1.7310109418373123,Residual-passive+RVO
48.400000000000006,1.730843688999385,Residual-passive+RVO
48.45,1.7306779513833588,Residual-passive+RVO
48.5,1.730512215862402,Residual-passive+RVO
48.55,1.7301216061777998,Residual-passive+RVO
48.6,1.7297309975351658,Residual-passive+RVO
48.650000000000006,1.7296128764426593,Residual-passive+RVO
48.7,1.7294947569533137,Residual-passive+RVO
48.75,1.7294640551321816,Residual-passive+RVO
48.8,1.7294333540070286,Residual-passive+RVO
48.85,1.7294094216773828,Residual-passive+RVO
48.900000000000006,1.7293854906786976,Residual-passive+RVO
48.95,1.7292915199232604,Residual-passive+RVO
49.0,1.7291975493019878,Residual-passive+RVO
49.05,1.729205540019462,Residual-passive+RVO
49.1,1.7292135307751904,Residual-passive+RVO
49.150000000000006,1.7292084922363324,Residual-passive+RVO
49.2,1.72920345369913,Residual-passive+RVO
49.25,1.7292038137481074,Residual-passive+RVO
49.3,1.7292041737981665,Residual-passive+RVO
49.35,1.729206045925774,Residual-passive+RVO
49.400000000000006,1.7292079180723177,Residual-passive+RVO
49.45,1.7291919386760537,Residual-passive+RVO
49.5,1.7291759592918818,Residual-passive+RVO
49.55,1.7291809622848906,Residual-passive+RVO
49.6,1.7291859652810624,Residual-passive+RVO
49.650000000000006,1.7291850295934932,Residual-passive+RVO
49.7,1.7291840939061405,Residual-passive+RVO
49.75,1.7291815742385903,Residual-passive+RVO
49.8,1.7291790545750316,Residual-passive+RVO
49.85,1.7294018266968785,Residual-passive+RVO
49.900000000000006,1.729624983172075,Residual-passive+RVO
49.95,1.7300072323855324,Residual-passive+RVO
50.0,1.7303905388489618,Residual-passive+RVO
50.05,1.730787393708713,Residual-passive+RVO
50.1,1.7311864569854971,Residual-passive+RVO
50.150000000000006,1.731522920686368,Residual-passive+RVO
50.2,1.7318651129822438,Residual-passive+RVO
50.25,1.7325311978075604,Residual-passive+RVO
50.3,1.7332028079405482,Residual-passive+RVO
50.35,1.7341554598861662,Residual-passive+RVO
50.400000000000006,1.7351134151014451,Residual-passive+RVO
50.45,1.7363514307283103,Residual-passive+RVO
50.5,1.7375944357933468,Residual-passive+RVO
50.55,1.7390922239614697,Residual-passive+RVO
50.6,1.7405946649880897,Residual-passive+RVO
50.650000000000006,1.7423391591418849,Residual-passive+RVO
50.7,1.744087810617344,Residual-passive+RVO
50.75,1.7460985930626172,Residual-passive+RVO
50.8,1.7481131161366537,Residual-passive+RVO
50.85,1.7503131496790083,Residual-passive+RVO
50.900000000000006,1.7525160154709003,Residual-passive+RVO
50.95,1.7547082416932598,Residual-passive+RVO
51.0,1.756902069804973,Residual-passive+RVO
51.05,1.7607964426452738,Residual-passive+RVO
51.1,1.7646918738981037,Residual-passive+RVO
51.150000000000006,1.7657198262451108,Residual-passive+RVO
51.2,1.7667477843515893,Residual-passive+RVO
51.25,1.7677757482074934,Residual-passive+RVO
51.3,1.768803717802798,Residual-passive+RVO
51.35,1.770862771795291,Residual-passive+RVO
51.400000000000006,1.7729218353681022,Residual-passive+RVO
51.45,1.774916512172967,Residual-passive+RVO
51.5,1.7769113135038563,Residual-passive+RVO
51.55,1.7788032776789149,Residual-passive+RVO
51.6,1.7806955789244268,Residual-passive+RVO
51.650000000000006,1.782423470092405,Residual-passive+RVO
51.7,1.7841520033539742,Residual-passive+RVO
51.75,1.7856790025635207,Residual-passive+RVO
51.8,1.7872069971799571,Residual-passive+RVO
51.85,1.788464192162161,Residual-passive+RVO
51.900000000000006,1.7897224952355046,Residual-passive+RVO
51.95,1.790385545580965,Residual-passive+RVO
52.0,1.7910487827094492,Residual-passive+RVO
52.05,1.7916354138555226,Residual-passive+RVO
52.1,1.7922222675103667,Residual-passive+RVO
52.150000000000006,1.792627220109775,Residual-passive+RVO
52.2,1.7930323283003011,Residual-passive+RVO
52.25,1.793028201657883,Residual-passive+RVO
52.3,1.7930240750876714,Residual-passive+RVO
52.35,1.7930201480398933,Residual-passive+RVO
52.400000000000006,1.793016220992995,Residual-passive+RVO
52.45,1.7930160592399893,Residual-passive+RVO
52.5,1.7930158974872477,Residual-passive+RVO
52.55,1.7930159163491133,Residual-passive+RVO
52.6,1.7930159352233876,Residual-passive+RVO
52.650000000000006,1.7930095300082762,Residual-passive+RVO
52.7,1.793003125242396,Residual-passive+RVO
52.75,1.792970737895351,Residual-passive+RVO
52.8,1.792938350660446,Residual-passive+RVO
52.85,1.7931420431915035,Residual-passive+RVO
52.900000000000006,1.793345763647658,Residual-passive+RVO
52.95,1.7940067453390471,Residual-passive+RVO
53.0,1.7946679203231444,Residual-passive+RVO
53.05,1.7953912445627276,Residual-passive+RVO
53.1,1.7961146899162648,Residual-passive+RVO
53.150000000000006,1.7969053628636793,Residual-passive+RVO
53.2,1.797696102367138,Residual-passive+RVO
53.25,1.798517561459576,Residual-passive+RVO
53.3,1.7993390464601164,Residual-passive+RVO
53.35,1.8001856845909674,Residual-passive+RVO
53.400000000000006,1.8010323269561266,Residual-passive+RVO
53.45,1.801685220147966,Residual-passive+RVO
53.5,1.8012128806668024,Residual-passive+RVO
53.55,1.7983213409560594,Residual-passive+RVO
53.6,1.7954325919777665,Residual-passive+RVO
53.650000000000006,1.7930874760296134,Residual-passive+RVO
53.7,1.790744983285169,Residual-passive+RVO
53.75,1.7887752689073328,Residual-passive+RVO
53.8,1.7868082051650085,Residual-passive+RVO
53.85,1.7849995085263328,Residual-passive+RVO
53.900000000000006,1.783193808194723,Residual-passive+RVO
53.95,1.7815495034213895,Residual-passive+RVO
54.0,1.7799085210616865,Residual-passive+RVO
54.05,1.778425861533803,Residual-passive+RVO
54.1,1.776946794597126,Residual-passive+RVO
54.150000000000006,1.7760497491469656,Residual-passive+RVO
54.2,1.775153679027537,Residual-passive+RVO
54.25,1.774605082520193,Residual-passive+RVO
54.3,1.774057581435563,Residual-passive+RVO
54.35,1.7734533868165947,Residual-passive+RVO
54.400000000000006,1.7728492760954049,Residual-passive+RVO
54.45,1.7727719998393758,Residual-passive+RVO
54.5,1.772694983577829,Residual-passive+RVO
54.55,1.7720234660661949,Residual-passive+RVO
54.6,1.7713522902260297,Residual-passive+RVO
54.650000000000006,1.770584677253957,Residual-passive+RVO
54.7,1.7698174550458587,Residual-passive+RVO
54.75,1.7689776814960811,Residual-passive+RVO
54.8,1.7681382149255185,Residual-passive+RVO
54.85,1.767259960486289,Residual-passive+RVO
54.900000000000006,1.766381979441593,Residual-passive+RVO
54.95,1.7654569817302963,Residual-passive+RVO
55.0,1.7645322166582846,Residual-passive+RVO
55.05,1.7635541381737123,Residual-passive+RVO
55.1,1.7625762142013888,Residual-passive+RVO
55.150000000000006,1.7615984449986395,Residual-passive+RVO
55.2,1.7606208308233209,Residual-passive+RVO
55.25,1.7601458728676438,Residual-passive+RVO
55.3,1.7596710272425922,Residual-passive+RVO
55.35,1.7591962940391273,Residual-passive+RVO
55.400000000000006,1.758721673348287,Residual-passive+RVO
55.45,1.7594826719152423,Residual-passive+RVO
55.5,1.7602436925667422,Residual-passive+RVO
55.55,1.760988348064305,Residual-passive+RVO
55.6,1.7617330068344634,Residual-passive+RVO
55.650000000000006,1.7624830887273784,Residual-passive+RVO
55.7,1.7632331715397145,Residual-passive+RVO
55.75,1.763975392971583,Residual-passive+RVO
55.8,1.764717625059885,Residual-passive+RVO
55.85,1.7654237192969426,Residual-passive+RVO
55.900000000000006,1.7661298491067978,Residual-passive+RVO
55.95,1.7667906130753723,Residual-passive+RVO
56.0,1.767451445329404,Residual-passive+RVO
56.05,1.768181596613665,Residual-passive+RVO
56.1,1.7689118998757398,Residual-passive+RVO
56.150000000000006,1.7705518950457937,Residual-passive+RVO
56.2,1.7721928570505523,Residual-passive+RVO
56.25,1.7741436325678368,Residual-passive+RVO
56.3,1.7760957464576623,Residual-passive+RVO
56.35,1.7779880113249498,Residual-passive+RVO
56.400000000000006,1.7798817075760962,Residual-passive+RVO
56.45,1.7817446589522865,Residual-passive+RVO
56.5,1.7836091051797194,Residual-passive+RVO
56.55,1.7854425725002332,Residual-passive+RVO
56.6,1.7872775983895168,Residual-passive+RVO
56.650000000000006,1.7890775374929957,Residual-passive+RVO
56.7,1.7908790846902536,Residual-passive+RVO
56.75,1.7926480814851808,Residual-passive+RVO
56.8,1.7944187507293277,Residual-passive+RVO
56.85,1.795096695627425,Residual-passive+RVO
56.900000000000006,1.7957749149615052,Residual-passive+RVO
56.95,1.7963469950725692,Residual-passive+RVO
57.0,1.7969190928441934,Residual-passive+RVO
57.05,1.7979286619664585,Residual-passive+RVO
57.1,1.7989382647222778,Residual-passive+RVO
57.150000000000006,1.8003165979085458,Residual-passive+RVO
57.2,1.8016949705613323,Residual-passive+RVO
57.25,1.8033979397050723,Residual-passive+RVO
57.3,1.8051011696434085,Residual-passive+RVO
57.35,1.8067473670335044,Residual-passive+RVO
57.400000000000006,1.808393934730484,Residual-passive+RVO
57.45,1.809953024958659,Residual-passive+RVO
57.5,1.811512601687882,Residual-passive+RVO
57.55,1.8131191001220108,Residual-passive+RVO
57.6,1.8147262230543209,Residual-passive+RVO
57.650000000000006,1.8162301320009675,Residual-passive+RVO
57.7,1.8177346743708227,Residual-passive+RVO
57.75,1.819203409555196,Residual-passive+RVO
57.8,1.8206727435146053,Residual-passive+RVO
57.85,1.822138718017923,Residual-passive+RVO
57.900000000000006,1.8228940553858304,Residual-passive+RVO
57.95,1.8228313300584067,Residual-passive+RVO
58.0,1.822768958388583,Residual-passive+RVO
58.05,1.8225960170469075,Residual-passive+RVO
58.1,1.8224234600004467,Residual-passive+RVO
58.150000000000006,1.8221056374193156,Residual-passive+RVO
58.2,1.8217882267225791,Residual-passive+RVO
58.25,1.8216394152614288,Residual-passive+RVO
58.3,1.821490680616566,Residual-passive+RVO
58.35,1.8215027476504808,Residual-passive+RVO
58.400000000000006,1.8215148147989355,Residual-passive+RVO
58.45,1.8215149251264728,Residual-passive+RVO
58.5,1.8215150354586704,Residual-passive+RVO
58.55,1.82153421099152,Residual-passive+RVO
58.6,1.821553387713904,Residual-passive+RVO
58.650000000000006,1.8211926459112069,Residual-passive+RVO
58.7,1.8208320705370529,Residual-passive+RVO
58.75,1.8204716616903327,Residual-passive+RVO
58.8,1.8201114194699728,Residual-passive+RVO
58.85,1.819508041522488,Residual-passive+RVO
58.900000000000006,1.818904914706923,Residual-passive+RVO
58.95,1.8182010686836865,Residual-passive+RVO
59.0,1.8174974111081972,Residual-passive+RVO
59.05,1.8167640536629956,Residual-passive+RVO
59.1,1.816030820713404,Residual-passive+RVO
59.150000000000006,1.8151954656053573,Residual-passive+RVO
59.2,1.814360196867204,Residual-passive+RVO
59.25,1.813502473198548,Residual-passive+RVO
59.3,1.8126447900371985,Residual-passive+RVO
59.35,1.811746856982233,Residual-passive+RVO
59.400000000000006,1.810848994086752,Residual-passive+RVO
59.45,1.8099052275776764,Residual-passive+RVO
59.5,1.808961508350302,Residual-passive+RVO
59.55,1.8079738079410883,Residual-passive+RVO
59.6,1.80698612345668,Residual-passive+RVO
59.650000000000006,1.8059714553353965,Residual-passive+RVO
59.7,1.804956787474426,Residual-passive+RVO
59.75,1.80390602385996,Residual-passive+RVO
59.8,1.8028552667701865,Residual-passive+RVO
59.85,1.8015997743366865,Residual-passive+RVO
59.900000000000006,1.8003443115840367,Residual-passive+RVO
59.95,1.7989001207988171,Residual-passive+RVO
60.0,1.7974559812738111,Residual-passive+RVO
60.05,1.7930215369192444,Residual-passive+RVO
60.1,1.7885877320841712,Residual-passive+RVO
60.150000000000006,1.788088437236824,Residual-passive+RVO
60.2,1.7875891542283362,Residual-passive+RVO
60.25,1.78708988306863,Residual-passive+RVO
60.3,1.78659062376764,Residual-passive+RVO
60.35,1.78609137633531,Residual-passive+RVO
60.400000000000006,1.7855921407815951,Residual-passive+RVO
60.45,1.784091509739691,Residual-passive+RVO
60.5,1.782590980666064,Residual-passive+RVO
60.55,1.7812220173364828,Residual-passive+RVO
60.6,1.7798531330559273,Residual-passive+RVO
60.650000000000006,1.778571289896753,Residual-passive+RVO
60.7,1.777289513375072,Residual-passive+RVO
60.75,1.7760000020693272,Residual-passive+RVO
60.8,1.7747105343041154,Residual-passive+RVO
60.85,1.7730398099411075,Residual-passive+RVO
60.900000000000006,1.771369208733741,Residual-passive+RVO
60.95,1.769805504532984,Residual-passive+RVO
61.0,1.768241859857695,Residual-passive+RVO
61.05,1.7672026484733576,Residual-passive+RVO
61.1,1.7661634384552296,Residual-passive+RVO
61.150000000000006,1.7651302132415043,Residual-passive+RVO
61.2,1.764096995723308,Residual-passive+RVO
61.25,1.7630787210335366,Residual-passive+RVO
61.3,1.76206048589173,Residual-passive+RVO
61.35,1.7611121393787648,Residual-passive+RVO
61.400000000000006,1.760163906918898,Residual-passive+RVO
61.45,1.7592995455365894,Residual-passive+RVO
61.5,1.7584353732375266,Residual-passive+RVO
61.55,1.757671104982741,Residual-passive+RVO
61.6,1.7569071283121371,Residual-passive+RVO
61.650000000000006,1.7564906258059707,Residual-passive+RVO
61.7,1.7560742625484265,Residual-passive+RVO
61.75,1.755805831804018,Residual-passive+RVO
61.8,1.7555375105024105,Residual-passive+RVO
61.85,1.7553310604636665,Residual-passive+RVO
61.900000000000006,1.7551247390043252,Residual-passive+RVO
61.95,1.7550564069200882,Residual-passive+RVO
62.0,1.7549880938456537,Residual-passive+RVO
62.05,1.755003361340442,Residual-passive+RVO
62.1,1.755018628838167,Residual-passive+RVO
62.150000000000006,1.755017762680552,Residual-passive+RVO
62.2,1.7550168965431645,Residual-passive+RVO
62.25,1.7550214695738766,Residual-passive+RVO
62.3,1.7550260426047817,Residual-passive+RVO
62.35,1.7550248603393055,Residual-passive+RVO
62.400000000000006,1.75502367816648,Residual-passive+RVO
62.45,1.7550237192975486,Residual-passive+RVO
62.5,1.7550237604582453,Residual-passive+RVO
62.55,1.7550280482300704,Residual-passive+RVO
62.6,1.7550323360040976,Residual-passive+RVO
62.650000000000006,1.7550294230839834,Residual-passive+RVO
62.7,1.755026510163878,Residual-passive+RVO
62.75,1.755028302621499,Residual-passive+RVO
62.8,1.7550300950809932,Residual-passive+RVO
62.85,1.7550359106355202,Residual-passive+RVO
62.900000000000006,1.7550417261914315,Residual-passive+RVO
62.95,1.755039241155878,Residual-passive+RVO
63.0,1.7550367561225035,Residual-passive+RVO
63.05,1.755006994749024,Residual-passive+RVO
63.1,1.7549772335004803,Residual-passive+RVO
63.150000000000006,1.7551971672431137,Residual-passive+RVO
63.2,1.755417109143579,Residual-passive+RVO
63.25,1.757971322023272,Residual-passive+RVO
63.3,1.7605260614307876,Residual-passive+RVO
63.35,1.76361667124357,Residual-passive+RVO
63.400000000000006,1.766707983275675,Residual-passive+RVO
63.45,1.7697199220533462,Residual-passive+RVO
63.5,1.7714285901452531,Residual-passive+RVO
63.55,1.7714189439856542,Residual-passive+RVO
63.6,1.7714092978408464,Residual-passive+RVO
63.650000000000006,1.7714209623040624,Residual-passive+RVO
63.7,1.7714326267673854,Residual-passive+RVO
63.75,1.7714287142868606,Residual-passive+RVO
63.8,1.7714248018067265,Residual-passive+RVO
63.85,1.77149367124928,Residual-passive+RVO
63.900000000000006,1.7715625963620367,Residual-passive+RVO
63.95,1.7717349716877102,Residual-passive+RVO
64.0,1.7719074718918026,Residual-passive+RVO
64.05,1.7721375259514285,Residual-passive+RVO
64.10000000000001,1.7723676810913134,Residual-passive+RVO
64.15,1.7726644959366251,Residual-passive+RVO
64.2,1.7729614008866632,Residual-passive+RVO
64.25,1.7733161704593177,Residual-passive+RVO
64.3,1.7736710127066972,Residual-passive+RVO
64.35000000000001,1.7740641031758126,Residual-passive+RVO
64.4,1.7744572399829754,Residual-passive+RVO
64.45,1.7748916788408524,Residual-passive+RVO
64.5,1.7753261497003867,Residual-passive+RVO
64.55,1.7759831498196288,Residual-passive+RVO
64.60000000000001,1.7766401500036526,Residual-passive+RVO
64.65,1.7774161074560595,Residual-passive+RVO
64.7,1.7781920687732244,Residual-passive+RVO
64.75,1.7786792371021398,Residual-passive+RVO
64.8,1.7791664166516294,Residual-passive+RVO
64.85000000000001,1.7799884238669923,Residual-passive+RVO
64.9,1.7808104347069065,Residual-passive+RVO
64.95,1.7835833298114363,Residual-passive+RVO
65.0,1.7863562264996309,Residual-passive+RVO
65.05,1.7891098204160778,Residual-passive+RVO
65.10000000000001,1.7918634150339148,Residual-passive+RVO
65.15,1.7945951038934245,Residual-passive+RVO
65.2,1.797326802604913,Residual-passive+RVO
65.25,1.800048173816051,Residual-passive+RVO
65.3,1.802769572435701,Residual-passive+RVO
65.35000000000001,1.8052323630863287,Residual-passive+RVO
65.4,1.807695169347144,Residual-passive+RVO
65.45,1.811186805405368,Residual-passive+RVO
65.5,1.8146788388100523,Residual-passive+RVO
65.55,1.8184783567876197,Residual-passive+RVO
65.60000000000001,1.8207169698912573,Residual-passive+RVO
65.65,1.8225386207859224,Residual-passive+RVO
65.7,1.82436169662844,Residual-passive+RVO
65.75,1.8263975927571192,Residual-passive+RVO
65.8,1.8284345611098585,Residual-passive+RVO
65.85000000000001,1.828508860041222,Residual-passive+RVO
65.9,1.827350037256409,Residual-passive+RVO
65.95,1.8261988889992924,Residual-passive+RVO
66.0,1.8250477415152733,Residual-passive+RVO
66.05,1.8239800265858863,Residual-passive+RVO
66.10000000000001,1.8229123851938136,Residual-passive+RVO
66.15,1.8219286127072185,Residual-passive+RVO
66.2,1.8209450103284288,Residual-passive+RVO
66.25,1.8200763865689813,Residual-passive+RVO
66.3,1.8192080439509937,Residual-passive+RVO
66.35000000000001,1.8184781628456528,Residual-passive+RVO
66.4,1.8177486880958,Residual-passive+RVO
66.45,1.8171362331010024,Residual-passive+RVO
66.5,1.816524372351772,Residual-passive+RVO
66.55,1.815976838268938,Residual-passive+RVO
66.60000000000001,1.81542997627697,Residual-passive+RVO
66.65,1.814887753720943,Residual-passive+RVO
66.7,1.814346063956377,Residual-passive+RVO
66.75,1.8142420759251645,Residual-passive+RVO
66.8,1.8141380929039,Residual-passive+RVO
66.85000000000001,1.8140290765592075,Residual-passive+RVO
66.9,1.813920065582825,Residual-passive+RVO
66.95,1.8137831473716064,Residual-passive+RVO
67.0,1.8136462325373712,Residual-passive+RVO
67.05,1.8134956172520105,Residual-passive+RVO
67.10000000000001,1.813345003357607,Residual-passive+RVO
67.15,1.813189482331066,Residual-passive+RVO
67.2,1.813033961626202,Residual-passive+RVO
67.25,1.8128826973773704,Residual-passive+RVO
67.3,1.8127314331342632,Residual-passive+RVO
67.35000000000001,1.812574471712059,Residual-passive+RVO
67.4,1.8124175108208371,Residual-passive+RVO
67.45,1.812273291323635,Residual-passive+RVO
67.5,1.8121290735623663,Residual-passive+RVO
67.55,1.812060787588126,Residual-passive+RVO
67.60000000000001,1.8119925022935388,Residual-passive+RVO
67.65,1.8119918174487573,Residual-passive+RVO
67.7,1.8119911326154443,Residual-passive+RVO
67.75,1.811975350973144,Residual-passive+RVO
67.8,1.8119595694302892,Residual-passive+RVO
67.85000000000001,1.8119638758819807,Residual-passive+RVO
67.9,1.8119681824483012,Residual-passive+RVO
67.95,1.811958291393182,Residual-passive+RVO
68.0,1.81194840058016,Residual-passive+RVO
68.05,1.811948409745156,Residual-passive+RVO
68.10000000000001,1.8102256230826577,Residual-passive+RVO
68.15,1.8075998130942168,Residual-passive+RVO
68.2,1.804975849226244,Residual-passive+RVO
68.25,1.8023558506424304,Residual-passive+RVO
68.3,1.7996189223499512,Residual-passive+RVO
68.35000000000001,1.796710546055276,Residual-passive+RVO
68.4,1.793803155874412,Residual-passive+RVO
68.45,1.7904499068642634,Residual-passive+RVO
68.5,1.787097025539464,Residual-passive+RVO
68.55,1.783853797779193,Residual-passive+RVO
68.60000000000001,1.7806109210518166,Residual-passive+RVO
68.65,1.7787149895068204,Residual-passive+RVO
68.7,1.7768190676447615,Residual-passive+RVO
68.75,1.7755859121157724,Residual-passive+RVO
68.8,1.7743527569347646,Residual-passive+RVO
68.85000000000001,1.7732441357856648,Residual-passive+RVO
68.9,1.772135516134418,Residual-passive+RVO
68.95,1.7711919080043952,Residual-passive+RVO
69.0,1.7702483073241448,Residual-passive+RVO
69.05,1.7694633003802314,Residual-passive+RVO
69.10000000000001,1.7686783148175926,Residual-passive+RVO
69.15,1.7682809449543075,Residual-passive+RVO
69.2,1.767883584051846,Residual-passive+RVO
69.25,1.7677985530529208,Residual-passive+RVO
69.3,1.7677135325770406,Residual-passive+RVO
69.35000000000001,1.7677295863814977,Residual-passive+RVO
69.4,1.7677456461137162,Residual-passive+RVO
69.45,1.767532436779379,Residual-passive+RVO
69.5,1.7670240279795293,Residual-passive+RVO
69.55,1.7665227246176316,Residual-passive+RVO
69.60000000000001,1.7660214404103365,Residual-passive+RVO
69.65,1.76553656620091,Residual-passive+RVO
69.7,1.7650517212549326,Residual-passive+RVO
69.75,1.765850105431163,Residual-passive+RVO
69.8,1.7666485353940664,Residual-passive+RVO
69.85000000000001,1.768318161649651,Residual-passive+RVO
69.9,1.769987793870342,Residual-passive+RVO
69.95,1.7715997743461276,Residual-passive+RVO
70.0,1.7732118488869286,Residual-passive+RVO
70.05,1.7747362837777476,Residual-passive+RVO
70.10000000000001,1.7762609561756406,Residual-passive+RVO
70.15,1.777653610437225,Residual-passive+RVO
70.2,1.7790467148953677,Residual-passive+RVO
70.25,1.7804179789859036,Residual-passive+RVO
70.3,1.7817900665636792,Residual-passive+RVO
70.35000000000001,1.7831292147181177,Residual-passive+RVO
70.4,1.7844693690355125,Residual-passive+RVO
70.45,1.7860291360435585,Residual-passive+RVO
70.5,1.7875898891871145,Residual-passive+RVO
70.55,1.7893986760217109,Residual-passive+RVO
70.60000000000001,1.7912082294041087,Residual-passive+RVO
70.65,1.7931386063147077,Residual-passive+RVO
70.7,1.7950694790926618,Residual-passive+RVO
70.75,1.797111263366434,Residual-passive+RVO
70.8,1.7991533238376325,Residual-passive+RVO
70.85000000000001,1.8013344005656615,Residual-passive+RVO
70.9,1.801486523581012,Residual-passive+RVO
70.95,1.801678353393857,Residual-passive+RVO
71.0,1.801873124995209,Residual-passive+RVO
71.05,1.8022962042725523,Residual-passive+RVO
71.10000000000001,1.8027221447402817,Residual-passive+RVO
71.15,1.803395842582889,Residual-passive+RVO
71.2,1.80407223133277,Residual-passive+RVO
71.25,1.8049599049760772,Residual-passive+RVO
71.3,1.8058500788207752,Residual-passive+RVO
71.35000000000001,1.8069686246294516,Residual-passive+RVO
71.4,1.8080894279570356,Residual-passive+RVO
71.45,1.8086609207771644,Residual-passive+RVO
71.5,1.8092328232109876,Residual-passive+RVO
71.55,1.8096568973789615,Residual-passive+RVO
71.60000000000001,1.8100810802925376,Residual-passive+RVO
71.65,1.8105489666237284,Residual-passive+RVO
71.7,1.8110169531012128,Residual-passive+RVO
71.75,1.8115373144887192,Residual-passive+RVO
71.8,1.812057748541144,Residual-passive+RVO
71.85000000000001,1.8126051393925404,Residual-passive+RVO
71.9,1.81315258016114,Residual-passive+RVO
71.95,1.8137455890572136,Residual-passive+RVO
72.0,1.8143386311769365,Residual-passive+RVO
72.05,1.8148163842066776,Residual-passive+RVO
72.10000000000001,1.815294147414408,Residual-passive+RVO
72.15,1.816574952459986,Residual-passive+RVO
72.2,1.8178558158668687,Residual-passive+RVO
72.25,1.8191977428814603,Residual-passive+RVO
72.3,1.8205397332013933,Residual-passive+RVO
72.35000000000001,1.821872296525816,Residual-passive+RVO
72.4,1.8232049234274244,Residual-passive+RVO
72.45,1.824552776450232,Residual-passive+RVO
72.5,1.825900676604563,Residual-passive+RVO
72.55,1.827228407132644,Residual-passive+RVO
72.60000000000001,1.8285561836533768,Residual-passive+RVO
72.65,1.8299116662835124,Residual-passive+RVO
72.7,1.831267190344708,Residual-passive+RVO
72.75,1.8326601430375056,Residual-passive+RVO
72.8,1.8340531268303,Residual-passive+RVO
72.85000000000001,1.8347939461479728,Residual-passive+RVO
72.9,1.835534773006766,Residual-passive+RVO
72.95,1.8357081805702395,Residual-passive+RVO
73.0,1.8358816830604852,Residual-passive+RVO
73.05,1.8359910413801728,Residual-passive+RVO
73.10000000000001,1.836100506112887,Residual-passive+RVO
73.15,1.8361048244008973,Residual-passive+RVO
73.2,1.834933652185277,Residual-passive+RVO
73.25,1.8320546394844504,Residual-passive+RVO
73.3,1.8291757400632669,Residual-passive+RVO
73.35000000000001,1.826325802616622,Residual-passive+RVO
73.4,1.8234759997666548,Residual-passive+RVO
73.45,1.820805271928124,Residual-passive+RVO
73.5,1.8181347270898272,Residual-passive+RVO
73.55,1.8154884476147184,Residual-passive+RVO
73.60000000000001,1.812842385559207,Residual-passive+RVO
73.65,1.8102404965508032,Residual-passive+RVO
73.7,1.807638884884368,Residual-passive+RVO
73.75,1.8050597124113372,Residual-passive+RVO
73.8,1.802480872674104,Residual-passive+RVO
73.85000000000001,1.8005148251898673,Residual-passive+RVO
73.9,1.798548981832299,Residual-passive+RVO
73.95,1.7968829950069092,Residual-passive+RVO
74.0,1.7952172861160849,Residual-passive+RVO
74.05,1.7935989818557547,Residual-passive+RVO
74.10000000000001,1.7919810351010967,Residual-passive+RVO
74.15,1.7904002311810756,Residual-passive+RVO
74.2,1.7888198472917838,Residual-passive+RVO
74.25,1.7872532933247038,Residual-passive+RVO
74.3,1.78568720363478,Residual-passive+RVO
74.35000000000001,1.78417032410929,Residual-passive+RVO
74.4,1.7826540077625832,Residual-passive+RVO
74.45,1.7812455279298247,Residual-passive+RVO
74.5,1.7798376090890988,Residual-passive+RVO
74.55,1.7797631899239432,Residual-passive+RVO
74.60000000000001,1.7796888046298995,Residual-passive+RVO
74.65,1.7803309575978423,Residual-passive+RVO
74.7,1.7809733069785183,Residual-passive+RVO
74.75,1.781713230677499,Residual-passive+RVO
74.8,1.7824532572768914,Residual-passive+RVO
74.85000000000001,1.783288545991436,Residual-passive+RVO
74.9,1.784123876664398,Residual-passive+RVO
74.95,1.7820326485497535,Residual-passive+RVO
75.0,1.7794814511677273,Residual-passive+RVO
75.05,1.7770540453270545,Residual-passive+RVO
75.10000000000001,1.7746266466535991,Residual-passive+RVO
75.15,1.77239055625164,Residual-passive+RVO
75.2,1.7701544758062782,Residual-passive+RVO
75.25,1.7678952107548682,Residual-passive+RVO
75.3,1.765636097758822,Residual-passive+RVO
75.35000000000001,1.7633895943920754,Residual-passive+RVO
75.4,1.761143339666025,Residual-passive+RVO
75.45,1.759276111702836,Residual-passive+RVO
75.5,1.7574092354215622,Residual-passive+RVO
75.55,1.756029683575494,Residual-passive+RVO
75.60000000000001,1.7546506964732325,Residual-passive+RVO
75.65,1.7533497367218267,Residual-passive+RVO
75.7,1.7520493443930167,Residual-passive+RVO
75.75,1.7508147485099614,Residual-passive+RVO
75.8,1.7495807101280008,Residual-passive+RVO
75.85000000000001,1.7484112234749722,Residual-passive+RVO
75.9,1.7472422867001016,Residual-passive+RVO
75.95,1.7462099299205125,Residual-passive+RVO
76.0,1.7451777765101757,Residual-passive+RVO
76.05,1.744392755907697,Residual-passive+RVO
76.10000000000001,1.743607747549316,Residual-passive+RVO
76.15,1.742810599900129,Residual-passive+RVO
76.2,1.7420134590114391,Residual-passive+RVO
76.25,1.7416223565013311,Residual-passive+RVO
76.3,1.7412313322634645,Residual-passive+RVO
76.35000000000001,1.741176115927536,Residual-passive+RVO
76.4,1.741121075698643,Residual-passive+RVO
76.45,1.7411476578120106,Residual-passive+RVO
76.5,1.7411744132409597,Residual-passive+RVO
76.55,1.7413059902379306,Residual-passive+RVO
76.60000000000001,1.7414376092725803,Residual-passive+RVO
76.65,1.741734867723558,Residual-passive+RVO
76.7,1.742032243037137,Residual-passive+RVO
76.75,1.74240854911133,Residual-passive+RVO
76.80000000000001,1.742784966217003,Residual-passive+RVO
76.85000000000001,1.743233395993276,Residual-passive+RVO
76.9,1.743681904200706,Residual-passive+RVO
76.95,1.7444443311056104,Residual-passive+RVO
77.0,1.745206857155048,Residual-passive+RVO
77.05000000000001,1.7462490597527178,Residual-passive+RVO
77.10000000000001,1.7472912672047556,Residual-passive+RVO
77.15,1.7484810030155462,Residual-passive+RVO
77.2,1.7496707601503203,Residual-passive+RVO
77.25,1.750907022834879,Residual-passive+RVO
77.30000000000001,1.7521433455379734,Residual-passive+RVO
77.35000000000001,1.7533937917731148,Residual-passive+RVO
77.4,1.7546443503824358,Residual-passive+RVO
77.45,1.7558066522425668,Residual-passive+RVO
77.5,1.7569691062400612,Residual-passive+RVO
77.55000000000001,1.7589256857889852,Residual-passive+RVO
77.60000000000001,1.760882786086854,Residual-passive+RVO
77.65,1.76279097111406,Residual-passive+RVO
77.7,1.764699746581837,Residual-passive+RVO
77.75,1.767067533536353,Residual-passive+RVO
77.80000000000001,1.7694360233286204,Residual-passive+RVO
77.85000000000001,1.7720679826652397,Residual-passive+RVO
77.9,1.7747006498702818,Residual-passive+RVO
77.95,1.7771944083758815,Residual-passive+RVO
78.0,1.779688738999042,Residual-passive+RVO
78.05000000000001,1.7820228982968354,Residual-passive+RVO
78.10000000000001,1.7843575517516108,Residual-passive+RVO
78.15,1.784856706888959,Residual-passive+RVO
78.2,1.7835040514686251,Residual-passive+RVO
78.25,1.782345210034521,Residual-passive+RVO
78.30000000000001,1.7811867611525185,Residual-passive+RVO
78.35000000000001,1.7803231542816178,Residual-passive+RVO
78.4,1.7794598886740889,Residual-passive+RVO
78.45,1.780262269586493,Residual-passive+RVO
78.5,1.781065338114523,Residual-passive+RVO
78.55000000000001,1.7823051948969069,Residual-passive+RVO
