time_s,robot_i,robot_j,distance_m
0.0,robot1,robot2,1.1998820000337533
0.0,robot1,robot3,4.4044899856061654
0.0,robot1,robot4,4.681881420252439
0.0,robot2,robot3,4.512090700196972
0.0,robot2,robot4,4.41811888554439
0.0,robot3,robot4,1.4
0.05,robot1,robot2,1.199851250000026
0.05,robot1,robot3,4.404497828655343
0.05,robot1,robot4,4.681879603602556
0.05,robot2,robot3,4.512090700196972
0.05,robot2,robot4,4.41811888554439
0.05,robot3,robot4,1.4
0.1,robot1,robot2,1.1998205000376096
0.1,robot1,robot3,4.40450567192466
0.1,robot1,robot4,4.681877787172205
0.1,robot2,robot3,4.512090700196972
0.1,robot2,robot4,4.41811888554439
0.1,robot3,robot4,1.4
0.15000000000000002,robot1,robot2,1.19978975014651
0.15000000000000002,robot1,robot3,4.404513515414118
0.15000000000000002,robot1,robot4,4.6818759709613875
0.15000000000000002,robot2,robot3,4.512090700196972
0.15000000000000002,robot2,robot4,4.41811888554439
0.15000000000000002,robot3,robot4,1.4
0.2,robot1,robot2,1.1997590003267322
0.2,robot1,robot3,4.404521359123714
0.2,robot1,robot4,4.681874154970102
0.2,robot2,robot3,4.512090700196972
0.2,robot2,robot4,4.41811888554439
0.2,robot3,robot4,1.4
0.25,robot1,robot2,1.1996715016021051
0.25,robot1,robot3,4.404551328072021
0.25,robot1,robot4,4.681876034414089
0.25,robot2,robot3,4.512090810978238
0.25,robot2,robot4,4.418118840243464
0.25,robot3,robot4,1.4
0.30000000000000004,robot1,robot2,1.1995840038413317
0.30000000000000004,robot1,robot3,4.404581298837042
0.30000000000000004,robot1,robot4,4.68187791575827
0.30000000000000004,robot2,robot3,4.512090921759556
0.30000000000000004,robot2,robot4,4.418118794942594
0.30000000000000004,robot3,robot4,1.4
0.35000000000000003,robot1,robot2,1.1996300025683961
0.35000000000000003,robot1,robot3,4.404565904520359
0.35000000000000003,robot1,robot4,4.681877188400316
0.35000000000000003,robot2,robot3,4.512090921759556
0.35000000000000003,robot2,robot4,4.418118794942594
0.35000000000000003,robot3,robot4,1.4
0.4,robot1,robot2,1.1996760015508354
0.4,robot1,robot3,4.404550510699815
0.4,robot1,robot4,4.681876461559618
0.4,robot2,robot3,4.512090921759556
0.4,robot2,robot4,4.418118794942594
0.4,robot3,robot4,1.4
0.45,robot1,robot2,1.199683001475494
0.45,robot1,robot3,4.40454883056517
0.45,robot1,robot4,4.681876974124053
0.45,robot2,robot3,4.512090434186492
0.45,robot2,robot4,4.418118296998989
0.45,robot3,robot4,1.4
0.5,robot1,robot2,1.1996900014020289
0.5,robot1,robot3,4.404547150441916
0.5,robot1,robot4,4.6818774866997535
0.5,robot2,robot3,4.512089946613432
0.5,robot2,robot4,4.418117799055385
0.5,robot3,robot4,1.4
0.55,robot1,robot2,1.1996915013779585
0.55,robot1,robot3,4.404546696360506
0.55,robot1,robot4,4.681877358541149
0.55,robot2,robot3,4.512090057394827
0.55,robot2,robot4,4.4181177537545615
0.55,robot3,robot4,1.4
0.6000000000000001,robot1,robot2,1.1996930013540963
0.6000000000000001,robot1,robot3,4.404546242279334
0.6000000000000001,robot1,robot4,4.681877230382809
0.6000000000000001,robot2,robot3,4.512090168176274
0.6000000000000001,robot2,robot4,4.418117708453794
0.6000000000000001,robot3,robot4,1.4
0.65,robot1,robot2,1.1996930013779565
0.65,robot1,robot3,4.404546741763703
0.65,robot1,robot4,4.681877700280225
0.65,robot2,robot3,4.512090168176274
0.65,robot2,robot4,4.418117708453794
0.65,robot3,robot4,1.4
0.7000000000000001,robot1,robot2,1.1996930014020253
0.7000000000000001,robot1,robot3,4.404547241248072
0.7000000000000001,robot1,robot4,4.681878170177648
0.7000000000000001,robot2,robot3,4.512090168176274
0.7000000000000001,robot2,robot4,4.418117708453794
0.7000000000000001,robot3,robot4,1.4
0.75,robot1,robot2,1.1996935014020247
0.75,robot1,robot3,4.404547241248072
0.75,robot1,robot4,4.681878170177648
0.75,robot2,robot3,4.512090278957775
0.75,robot2,robot4,4.418117663153082
0.75,robot3,robot4,1.4
0.8,robot1,robot2,1.199694001402024
0.8,robot1,robot3,4.404547241248072
0.8,robot1,robot4,4.681878170177648
0.8,robot2,robot3,4.512090389739328
0.8,robot2,robot4,4.418117617852427
0.8,robot3,robot4,1.4
0.8500000000000001,robot1,robot2,1.199694001402024
0.8500000000000001,robot1,robot3,4.404547241248072
0.8500000000000001,robot1,robot4,4.681878170177648
0.8500000000000001,robot2,robot3,4.512090389739328
0.8500000000000001,robot2,robot4,4.418117617852427
0.8500000000000001,robot3,robot4,1.4
0.9,robot1,robot2,1.199694001402024
0.9,robot1,robot3,4.404547241248072
0.9,robot1,robot4,4.681878170177648
0.9,robot2,robot3,4.512090389739328
0.9,robot2,robot4,4.418117617852427
0.9,robot3,robot4,1.4
0.9500000000000001,robot1,robot2,1.1996935014507872
0.9500000000000001,robot1,robot3,4.404547718030821
0.9500000000000001,robot1,robot4,4.68187846920555
0.9500000000000001,robot2,robot3,4.512089902166318
0.9500000000000001,robot2,robot4,4.4181171199088025
0.9500000000000001,robot3,robot4,1.4
1.0,robot1,robot2,1.1996930015003837
1.0,robot1,robot3,4.404548194813629
1.0,robot1,robot4,4.681878768233539
1.0,robot2,robot3,4.5120894145933095
1.0,robot2,robot4,4.418116621965178
1.0,robot3,robot4,1.4
1.05,robot1,robot2,1.1996935015003831
1.05,robot1,robot3,4.404548194813629
1.05,robot1,robot4,4.681878768233539
1.05,robot2,robot3,4.51208952537494
1.05,robot2,robot4,4.418116576664569
1.05,robot3,robot4,1.4
1.1,robot1,robot2,1.1996940015003825
1.1,robot1,robot3,4.404548194813629
1.1,robot1,robot4,4.681878768233539
1.1,robot2,robot3,4.512089636156622
1.1,robot2,robot4,4.418116531364015
1.1,robot3,robot4,1.4
1.1500000000000001,robot1,robot2,1.1996940015003825
1.1500000000000001,robot1,robot3,4.404548194813629
1.1500000000000001,robot1,robot4,4.681878768233539
1.1500000000000001,robot2,robot3,4.512089636156622
1.1500000000000001,robot2,robot4,4.418116531364015
1.1500000000000001,robot3,robot4,1.4
1.2000000000000002,robot1,robot2,1.1996940015003825
1.2000000000000002,robot1,robot3,4.404548194813629
1.2000000000000002,robot1,robot4,4.681878768233539
1.2000000000000002,robot2,robot3,4.512089636156622
1.2000000000000002,robot2,robot4,4.418116531364015
1.2000000000000002,robot3,robot4,1.4
1.25,robot1,robot2,1.1996935015254937
1.25,robot1,robot3,4.4045486715965
1.25,robot1,robot4,4.681879067261616
1.25,robot2,robot3,4.512089636156622
1.25,robot2,robot4,4.418116531364015
1.25,robot3,robot4,1.4
1.3,robot1,robot2,1.1996930015508134
1.3,robot1,robot3,4.404549148379434
1.3,robot1,robot4,4.681879366289781
1.3,robot2,robot3,4.512089636156622
1.3,robot2,robot4,4.418116531364015
1.3,robot3,robot4,1.4
1.35,robot1,robot2,1.1996935015508128
1.35,robot1,robot3,4.404549148379434
1.35,robot1,robot4,4.681879366289781
1.35,robot2,robot3,4.512089746938357
1.35,robot2,robot4,4.418116486063518
1.35,robot3,robot4,1.4
1.4000000000000001,robot1,robot2,1.1996940015508122
1.4000000000000001,robot1,robot3,4.404549148379434
1.4000000000000001,robot1,robot4,4.681879366289781
1.4000000000000001,robot2,robot3,4.512089857720145
1.4000000000000001,robot2,robot4,4.418116440763077
1.4000000000000001,robot3,robot4,1.4
1.4500000000000002,robot1,robot2,1.1996940015763395
1.4500000000000002,robot1,robot3,4.404549647863814
1.4500000000000002,robot1,robot4,4.681879836187304
1.4500000000000002,robot2,robot3,4.512089857720145
1.4500000000000002,robot2,robot4,4.418116440763077
1.4500000000000002,robot3,robot4,1.4
1.5,robot1,robot2,1.1996940016020752
1.5,robot1,robot3,4.404550147348194
1.5,robot1,robot4,4.681880306084832
1.5,robot2,robot3,4.512089857720145
1.5,robot2,robot4,4.418116440763077
1.5,robot3,robot4,1.4
1.55,robot1,robot2,1.19969350162802
1.55,robot1,robot3,4.4045501246468115
1.55,robot1,robot4,4.681880135215579
1.55,robot2,robot3,4.512089370147188
1.55,robot2,robot4,4.418115942819433
1.55,robot3,robot4,1.4
1.6,robot1,robot2,1.1996930016541731
1.6,robot1,robot3,4.404550101945486
1.6,robot1,robot4,4.681879964346373
1.6,robot2,robot3,4.5120888825742345
1.6,robot2,robot4,4.418115444875791
1.6,robot3,robot4,1.4
1.6500000000000001,robot1,robot2,1.1996935016541725
1.6500000000000001,robot1,robot3,4.404550101945486
1.6500000000000001,robot1,robot4,4.681879964346373
1.6500000000000001,robot2,robot3,4.512088993356099
1.6500000000000001,robot2,robot4,4.418115399575395
1.6500000000000001,robot3,robot4,1.4
1.7000000000000002,robot1,robot2,1.1996940016541717
1.7000000000000002,robot1,robot3,4.404550101945486
1.7000000000000002,robot1,robot4,4.681879964346373
1.7000000000000002,robot2,robot3,4.512089104138016
1.7000000000000002,robot2,robot4,4.418115354275057
1.7000000000000002,robot3,robot4,1.4
1.75,robot1,robot2,1.1996940016805326
1.75,robot1,robot3,4.4045506014298725
1.75,robot1,robot4,4.681880434243943
1.75,robot2,robot3,4.512089104138016
1.75,robot2,robot4,4.418115354275057
1.75,robot3,robot4,1.4
1.8,robot1,robot2,1.199694001707102
1.8,robot1,robot3,4.404551100914259
1.8,robot1,robot4,4.681880904141519
1.8,robot2,robot3,4.512089104138016
1.8,robot2,robot4,4.418115354275057
1.8,robot3,robot4,1.4
1.85,robot1,robot2,1.199694001707102
1.85,robot1,robot3,4.404551078212995
1.85,robot1,robot4,4.681880733272394
1.85,robot2,robot3,4.512089214919986
1.85,robot2,robot4,4.418115308974773
1.85,robot3,robot4,1.4
1.9000000000000001,robot1,robot2,1.199694001707102
1.9000000000000001,robot1,robot3,4.404551055511789
1.9000000000000001,robot1,robot4,4.681880562403318
1.9000000000000001,robot2,robot3,4.512089325702009
1.9000000000000001,robot2,robot4,4.418115263674546
1.9000000000000001,robot3,robot4,1.4
1.9500000000000002,robot1,robot2,1.1996940017338795
1.9500000000000002,robot1,robot3,4.404551055511789
1.9500000000000002,robot1,robot4,4.681880562403318
1.9500000000000002,robot2,robot3,4.512088838129104
1.9500000000000002,robot2,robot4,4.418114765730882
1.9500000000000002,robot3,robot4,1.4
2.0,robot1,robot2,1.1996940017608657
2.0,robot1,robot3,4.404551055511789
2.0,robot1,robot4,4.681880562403318
2.0,robot2,robot3,4.512088350556203
2.0,robot2,robot4,4.418114267787219
2.0,robot3,robot4,1.4
2.0500000000000003,robot1,robot2,1.1996940017880602
2.0500000000000003,robot1,robot3,4.4045515549961785
2.0500000000000003,robot1,robot4,4.681881032300933
2.0500000000000003,robot2,robot3,4.512088350556203
2.0500000000000003,robot2,robot4,4.418114267787219
2.0500000000000003,robot3,robot4,1.4
2.1,robot1,robot2,1.199694001815463
2.1,robot1,robot3,4.404552054480569
2.1,robot1,robot4,4.681881502198555
2.1,robot2,robot3,4.512088350556203
2.1,robot2,robot4,4.418114267787219
2.1,robot3,robot4,1.4
2.15,robot1,robot2,1.1996945018154623
2.15,robot1,robot3,4.404552054480569
2.15,robot1,robot4,4.681881502198555
2.15,robot2,robot3,4.512088461338302
2.15,robot2,robot4,4.418114222487039
2.15,robot3,robot4,1.4
2.2,robot1,robot2,1.1996950018154613
2.2,robot1,robot3,4.404552054480569
2.2,robot1,robot4,4.681881502198555
2.2,robot2,robot3,4.5120885721204536
2.2,robot2,robot4,4.418114177186913
2.2,robot3,robot4,1.4
2.25,robot1,robot2,1.1996945018430731
2.25,robot1,robot3,4.404552531263818
2.25,robot1,robot4,4.681881801227205
2.25,robot2,robot3,4.5120885721204536
2.25,robot2,robot4,4.418114177186913
2.25,robot3,robot4,1.4
2.3000000000000003,robot1,robot2,1.1996940018708937
2.3000000000000003,robot1,robot3,4.404553008047127
2.3000000000000003,robot1,robot4,4.681882100255943
2.3000000000000003,robot2,robot3,4.5120885721204536
2.3000000000000003,robot2,robot4,4.418114177186913
2.3000000000000003,robot3,robot4,1.4
2.35,robot1,robot2,1.199694501870893
2.35,robot1,robot3,4.404553008047127
2.35,robot1,robot4,4.681882100255943
2.35,robot2,robot3,4.512088682902658
2.35,robot2,robot4,4.418114131886845
2.35,robot3,robot4,1.4
2.4000000000000004,robot1,robot2,1.199695001870892
2.4000000000000004,robot1,robot3,4.404553008047127
2.4000000000000004,robot1,robot4,4.681882100255943
2.4000000000000004,robot2,robot3,4.5120887936849154
2.4000000000000004,robot2,robot4,4.418114086586832
2.4000000000000004,robot3,robot4,1.4
2.45,robot1,robot2,1.19969500189892
2.45,robot1,robot3,4.404553008047127
2.45,robot1,robot4,4.681882100255943
2.45,robot2,robot3,4.512088306112066
2.45,robot2,robot4,4.418113588643149
2.45,robot3,robot4,1.4
2.5,robot1,robot2,1.1996950019271564
2.5,robot1,robot3,4.404553008047127
2.5,robot1,robot4,4.681882100255943
2.5,robot2,robot3,4.512087818539218
2.5,robot2,robot4,4.4181130906994674
2.5,robot3,robot4,1.4
2.5500000000000003,robot1,robot2,1.1996945019556018
2.5500000000000003,robot1,robot3,4.4045534848305
2.5500000000000003,robot1,robot4,4.681882399284768
2.5500000000000003,robot2,robot3,4.512087818539218
2.5500000000000003,robot2,robot4,4.4181130906994674
2.5500000000000003,robot3,robot4,1.4
2.6,robot1,robot2,1.199694001984256
2.6,robot1,robot3,4.404553961613934
2.6,robot1,robot4,4.681882698313681
2.6,robot2,robot3,4.512087818539218
2.6,robot2,robot4,4.4181130906994674
2.6,robot3,robot4,1.4
2.6500000000000004,robot1,robot2,1.1996945019842553
2.6500000000000004,robot1,robot3,4.404553961613934
2.6500000000000004,robot1,robot4,4.681882698313681
2.6500000000000004,robot2,robot3,4.512087929321552
2.6500000000000004,robot2,robot4,4.418113045399501
2.6500000000000004,robot3,robot4,1.4
2.7,robot1,robot2,1.1996950019842543
2.7,robot1,robot3,4.404553961613934
2.7,robot1,robot4,4.681882698313681
2.7,robot2,robot3,4.512088040103938
2.7,robot2,robot4,4.4181130000995905
2.7,robot3,robot4,1.4
2.75,robot1,robot2,1.1996950020131159
2.75,robot1,robot3,4.404553961613934
2.75,robot1,robot4,4.681882698313681
2.75,robot2,robot3,4.512087552531117
2.75,robot2,robot4,4.418112502155898
2.75,robot3,robot4,1.4
2.8000000000000003,robot1,robot2,1.1996950020421857
2.8000000000000003,robot1,robot3,4.404553961613934
2.8000000000000003,robot1,robot4,4.681882698313681
2.8000000000000003,robot2,robot3,4.512087064958299
2.8000000000000003,robot2,robot4,4.418112004212206
2.8000000000000003,robot3,robot4,1.4
2.85,robot1,robot2,1.1996945020714649
2.85,robot1,robot3,4.404554438397431
2.85,robot1,robot4,4.681882997342683
2.85,robot2,robot3,4.512087064958299
2.85,robot2,robot4,4.418112004212206
2.85,robot3,robot4,1.4
2.9000000000000004,robot1,robot2,1.1996940021009523
2.9000000000000004,robot1,robot3,4.404554915180989
2.9000000000000004,robot1,robot4,4.681883296371772
2.9000000000000004,robot2,robot3,4.512087064958299
2.9000000000000004,robot2,robot4,4.418112004212206
2.9000000000000004,robot3,robot4,1.4
2.95,robot1,robot2,1.1996945021009515
2.95,robot1,robot3,4.404554915180989
2.95,robot1,robot4,4.681883296371772
2.95,robot2,robot3,4.512087175740763
2.95,robot2,robot4,4.418111958912342
2.95,robot3,robot4,1.4
3.0,robot1,robot2,1.199695002100951
3.0,robot1,robot3,4.404554915180989
3.0,robot1,robot4,4.681883296371772
3.0,robot2,robot3,4.512087286523278
3.0,robot2,robot4,4.418111913612533
3.0,robot3,robot4,1.4
3.0500000000000003,robot1,robot2,1.1996950021306458
3.0500000000000003,robot1,robot3,4.404554915180989
3.0500000000000003,robot1,robot4,4.681883296371772
3.0500000000000003,robot2,robot3,4.512086798950487
3.0500000000000003,robot2,robot4,4.418111415668832
3.0500000000000003,robot3,robot4,1.4
3.1,robot1,robot2,1.1996950021605493
3.1,robot1,robot3,4.404554915180989
3.1,robot1,robot4,4.681883296371772
3.1,robot2,robot3,4.512086311377698
3.1,robot2,robot4,4.418110917725131
3.1,robot3,robot4,1.4
3.1500000000000004,robot1,robot2,1.199694502190662
3.1500000000000004,robot1,robot3,4.404555391964608
3.1500000000000004,robot1,robot4,4.681883595400947
3.1500000000000004,robot2,robot3,4.512086311377698
3.1500000000000004,robot2,robot4,4.418110917725131
3.1500000000000004,robot3,robot4,1.4
3.2,robot1,robot2,1.199694002220983
3.2,robot1,robot3,4.40455586874829
3.2,robot1,robot4,4.681883894430212
3.2,robot2,robot3,4.512086311377698
3.2,robot2,robot4,4.418110917725131
3.2,robot3,robot4,1.4
3.25,robot1,robot2,1.199694002220983
3.25,robot1,robot3,4.40455586874829
3.25,robot1,robot4,4.681883894430212
3.25,robot2,robot3,4.512086311377698
3.25,robot2,robot4,4.418110917725131
3.25,robot3,robot4,1.4
3.3000000000000003,robot1,robot2,1.199694002220983
3.3000000000000003,robot1,robot3,4.40455586874829
3.3000000000000003,robot1,robot4,4.681883894430212
3.3000000000000003,robot2,robot3,4.512086311377698
3.3000000000000003,robot2,robot4,4.418110917725131
3.3000000000000003,robot3,robot4,1.4
3.35,robot1,robot2,1.1996945022515106
3.35,robot1,robot3,4.4045563682327025
3.35,robot1,robot4,4.681884364328027
3.35,robot2,robot3,4.512086422160291
3.35,robot2,robot4,4.418110872425369
3.35,robot3,robot4,1.4
3.4000000000000004,robot1,robot2,1.1996950022822468
3.4000000000000004,robot1,robot3,4.4045568677171145
3.4000000000000004,robot1,robot4,4.681884834225849
3.4000000000000004,robot2,robot3,4.512086532942936
3.4000000000000004,robot2,robot4,4.418110827125662
3.4000000000000004,robot3,robot4,1.4
3.45,robot1,robot2,1.1997590029757017
3.45,robot1,robot3,4.404556845016448
3.45,robot1,robot4,4.681884663357401
3.45,robot2,robot3,4.51209058535093
3.45,robot2,robot4,4.418094527102436
3.45,robot3,robot4,1.4
3.5,robot1,robot2,1.1998230037609712
3.5,robot1,robot3,4.404556822315838
3.5,robot1,robot4,4.681884492489002
3.5,robot2,robot3,4.5120946387017415
3.5,robot2,robot4,4.41807822798567
3.5,robot3,robot4,1.4
3.5500000000000003,robot1,robot2,1.199905005320838
3.5500000000000003,robot1,robot3,4.404556822315838
3.5500000000000003,robot1,robot4,4.681884492489002
3.5500000000000003,robot2,robot3,4.51209525764838
3.5500000000000003,robot2,robot4,4.418052875882429
3.5500000000000003,robot3,robot4,1.4
3.6,robot1,robot2,1.1999870071504941
3.6,robot1,robot3,4.404556822315838
3.6,robot1,robot4,4.681884492489002
3.6,robot2,robot3,4.512095878156957
3.6,robot2,robot4,4.4180275252289904
3.6,robot3,robot4,1.4
3.6500000000000004,robot1,robot2,1.199947006510704
3.6500000000000004,robot1,robot3,4.404557321800257
3.6500000000000004,robot1,robot4,4.681884962386865
3.6500000000000004,robot2,robot3,4.512093351496093
3.6500000000000004,robot2,robot4,4.4180376200995894
3.6500000000000004,robot3,robot4,1.4
3.7,robot1,robot2,1.199907005900874
3.7,robot1,robot3,4.404557821284675
3.7,robot1,robot4,4.681885432284734
3.7,robot2,robot3,4.512090825197782
3.7,robot2,robot4,4.4180477153188376
3.7,robot3,robot4,1.4
3.75,robot1,robot2,1.1998990057530883
3.75,robot1,robot3,4.404557798584128
3.75,robot1,robot4,4.681885261416415
3.75,robot2,robot3,4.512090625813992
3.75,robot2,robot4,4.418049888305756
3.75,robot3,robot4,1.4
3.8000000000000003,robot1,robot2,1.199891005607176
3.8000000000000003,robot1,robot3,4.404557775883637
3.8000000000000003,robot1,robot4,4.681885090548144
3.8000000000000003,robot2,robot3,4.512090426443159
3.8000000000000003,robot2,robot4,4.418052061304847
3.8000000000000003,robot3,robot4,1.4
3.85,robot1,robot2,1.1998905056071782
3.85,robot1,robot3,4.404557775883637
3.85,robot1,robot4,4.681885090548144
3.85,robot2,robot3,4.512090315638668
3.85,robot2,robot4,4.418052106582747
3.85,robot3,robot4,1.4
3.9000000000000004,robot1,robot2,1.1998900056071806
3.9000000000000004,robot1,robot3,4.404557775883637
3.9000000000000004,robot1,robot4,4.681885090548144
3.9000000000000004,robot2,robot3,4.51209020483423
3.9000000000000004,robot2,robot4,4.418052151860705
3.9000000000000004,robot3,robot4,1.4
3.95,robot1,robot2,1.1998900056556225
3.95,robot1,robot3,4.40455827536806
3.95,robot1,robot4,4.681885560446053
3.95,robot2,robot3,4.51209020483423
3.95,robot2,robot4,4.418052151860705
3.95,robot3,robot4,1.4
4.0,robot1,robot2,1.1998900057042727
4.0,robot1,robot3,4.404558774852482
4.0,robot1,robot4,4.681886030343969
4.0,robot2,robot3,4.51209020483423
4.0,robot2,robot4,4.418052151860705
4.0,robot3,robot4,1.4
4.05,robot1,robot2,1.1998895057042753
4.05,robot1,robot3,4.404558752152053
4.05,robot1,robot4,4.681885859475779
4.05,robot2,robot3,4.51209020483423
4.05,robot2,robot4,4.418052151860705
4.05,robot3,robot4,1.4
4.1000000000000005,robot1,robot2,1.1998890057042777
4.1000000000000005,robot1,robot3,4.40455872945168
4.1000000000000005,robot1,robot4,4.681885688607637
4.1000000000000005,robot2,robot3,4.51209020483423
4.1000000000000005,robot2,robot4,4.418052151860705
4.1000000000000005,robot3,robot4,1.4
4.15,robot1,robot2,1.199889505753134
4.15,robot1,robot3,4.40455872945168
4.15,robot1,robot4,4.681885688607637
4.15,robot2,robot3,4.512089828070858
4.15,robot2,robot4,4.418051608637058
4.15,robot3,robot4,1.4
4.2,robot1,robot2,1.1998900058021986
4.2,robot1,robot3,4.40455872945168
4.2,robot1,robot4,4.681885688607637
4.2,robot2,robot3,4.512089451307564
4.2,robot2,robot4,4.418051065413459
4.2,robot3,robot4,1.4
4.25,robot1,robot2,1.1998900058514739
4.25,robot1,robot3,4.404559228936109
4.25,robot1,robot4,4.681886158505593
4.25,robot2,robot3,4.512089451307564
4.25,robot2,robot4,4.418051065413459
4.25,robot3,robot4,1.4
4.3,robot1,robot2,1.1998900059009576
4.3,robot1,robot3,4.404559728420538
4.3,robot1,robot4,4.6818866284035545
4.3,robot2,robot3,4.512089451307564
4.3,robot2,robot4,4.418051065413459
4.3,robot3,robot4,1.4
4.3500000000000005,robot1,robot2,1.19988950590096
4.3500000000000005,robot1,robot3,4.404559705720227
4.3500000000000005,robot1,robot4,4.6818864575354935
4.3500000000000005,robot2,robot3,4.512089451307564
4.3500000000000005,robot2,robot4,4.418051065413459
4.3500000000000005,robot3,robot4,1.4
4.4,robot1,robot2,1.1998890059009626
4.4,robot1,robot3,4.404559683019973
4.4,robot1,robot4,4.6818862866674795
4.4,robot2,robot3,4.512089451307564
4.4,robot2,robot4,4.418051065413459
4.4,robot3,robot4,1.4
4.45,robot1,robot2,1.19988950590096
4.45,robot1,robot3,4.404559683019973
4.45,robot1,robot4,4.6818862866674795
4.45,robot2,robot3,4.5120895621121315
4.45,robot2,robot4,4.418051020135604
4.45,robot3,robot4,1.4
4.5,robot1,robot2,1.1998900059009574
4.5,robot1,robot3,4.404559683019973
4.5,robot1,robot4,4.6818862866674795
4.5,robot2,robot3,4.512089672916751
4.5,robot2,robot4,4.418050974857804
4.5,robot3,robot4,1.4
4.55,robot1,robot2,1.19989000600055
4.55,robot1,robot3,4.404560182504406
4.55,robot1,robot4,4.681886756565482
4.55,robot2,robot3,4.512089185348983
4.55,robot2,robot4,4.418050476912102
4.55,robot3,robot4,1.4
4.6000000000000005,robot1,robot2,1.1998900061009758
4.6000000000000005,robot1,robot3,4.4045606819888405
4.6000000000000005,robot1,robot4,4.681887226463491
4.6000000000000005,robot2,robot3,4.512088697781217
4.6000000000000005,robot2,robot4,4.418049978966399
4.6000000000000005,robot3,robot4,1.4
4.65,robot1,robot2,1.1998895061009782
4.65,robot1,robot3,4.404560659288649
4.65,robot1,robot4,4.681887055595559
4.65,robot2,robot3,4.512088697781217
4.65,robot2,robot4,4.418049978966399
4.65,robot3,robot4,1.4
4.7,robot1,robot2,1.199889006100981
4.7,robot1,robot3,4.404560636588513
4.7,robot1,robot4,4.681886884727675
4.7,robot2,robot3,4.512088697781217
4.7,robot2,robot4,4.418049978966399
4.7,robot3,robot4,1.4
4.75,robot1,robot2,1.1998895061009784
4.75,robot1,robot3,4.404560636588513
4.75,robot1,robot4,4.681886884727675
4.75,robot2,robot3,4.512088808585914
4.75,robot2,robot4,4.418049933688646
4.75,robot3,robot4,1.4
4.800000000000001,robot1,robot2,1.1998900061009758
4.800000000000001,robot1,robot3,4.404560636588513
4.800000000000001,robot1,robot4,4.681886884727675
4.800000000000001,robot2,robot3,4.5120889193906635
4.800000000000001,robot2,robot4,4.418049888410949
4.800000000000001,robot3,robot4,1.4
4.8500000000000005,robot1,robot2,1.1998900061515014
4.8500000000000005,robot1,robot3,4.404561136072953
4.8500000000000005,robot1,robot4,4.681887354625724
4.8500000000000005,robot2,robot3,4.5120889193906635
4.8500000000000005,robot2,robot4,4.418049888410949
4.8500000000000005,robot3,robot4,1.4
4.9,robot1,robot2,1.199890006202235
4.9,robot1,robot3,4.404561635557391
4.9,robot1,robot4,4.681887824523778
4.9,robot2,robot3,4.5120889193906635
4.9,robot2,robot4,4.418049888410949
4.9,robot3,robot4,1.4
4.95,robot1,robot2,1.19988950625318
4.95,robot1,robot3,4.404561612857316
4.95,robot1,robot4,4.681887653655974
4.95,robot2,robot3,4.5120884318229235
4.95,robot2,robot4,4.418049390465236
4.95,robot3,robot4,1.4
5.0,robot1,robot2,1.1998890063043333
5.0,robot1,robot3,4.404561590157299
5.0,robot1,robot4,4.681887482788218
5.0,robot2,robot3,4.512087944255187
5.0,robot2,robot4,4.418048892519525
5.0,robot3,robot4,1.4
5.050000000000001,robot1,robot2,1.1998895063043307
5.050000000000001,robot1,robot3,4.404561590157299
5.050000000000001,robot1,robot4,4.681887482788218
5.050000000000001,robot2,robot3,4.512088055060013
5.050000000000001,robot2,robot4,4.418048847241874
5.050000000000001,robot3,robot4,1.4
5.1000000000000005,robot1,robot2,1.1998900063043278
5.1000000000000005,robot1,robot3,4.404561590157299
5.1000000000000005,robot1,robot4,4.681887482788218
5.1000000000000005,robot2,robot3,4.512088165864892
5.1000000000000005,robot2,robot4,4.418048801964279
5.1000000000000005,robot3,robot4,1.4
5.15,robot1,robot2,1.1998900063043278
5.15,robot1,robot3,4.404561590157299
5.15,robot1,robot4,4.681887482788218
5.15,robot2,robot3,4.512088165864892
5.15,robot2,robot4,4.418048801964279
5.15,robot3,robot4,1.4
5.2,robot1,robot2,1.1998900063043278
5.2,robot1,robot3,4.404561590157299
5.2,robot1,robot4,4.681887482788218
5.2,robot2,robot3,4.512088165864892
5.2,robot2,robot4,4.418048801964279
5.2,robot3,robot4,1.4
5.25,robot1,robot2,1.1998895063556894
5.25,robot1,robot3,4.404562066941787
5.25,robot1,robot4,4.681887781818622
5.25,robot2,robot3,4.512088165864892
5.25,robot2,robot4,4.418048801964279
5.25,robot3,robot4,1.4
5.300000000000001,robot1,robot2,1.1998890064072594
5.300000000000001,robot1,robot3,4.404562543726335
5.300000000000001,robot1,robot4,4.681888080849115
5.300000000000001,robot2,robot3,4.512088165864892
5.300000000000001,robot2,robot4,4.418048801964279
5.300000000000001,robot3,robot4,1.4
5.3500000000000005,robot1,robot2,1.1998895064072568
5.3500000000000005,robot1,robot3,4.404562543726335
5.3500000000000005,robot1,robot4,4.681888080849115
5.3500000000000005,robot2,robot3,4.5120882766698225
5.3500000000000005,robot2,robot4,4.418048756686741
5.3500000000000005,robot3,robot4,1.4
5.4,robot1,robot2,1.1998900064072542
5.4,robot1,robot3,4.404562543726335
5.4,robot1,robot4,4.681888080849115
5.4,robot2,robot3,4.512088387474806
5.4,robot2,robot4,4.4180487114092575
5.4,robot3,robot4,1.4
5.45,robot1,robot2,1.1998900064590297
5.45,robot1,robot3,4.404562543726335
5.45,robot1,robot4,4.681888080849115
5.45,robot2,robot3,4.5120878999071214
5.45,robot2,robot4,4.418048213463526
5.45,robot3,robot4,1.4
5.5,robot1,robot2,1.1998900065110136
5.5,robot1,robot3,4.404562543726335
5.5,robot1,robot4,4.681888080849115
5.5,robot2,robot3,4.512087412339437
5.5,robot2,robot4,4.418047715517794
5.5,robot3,robot4,1.4
5.550000000000001,robot1,robot2,1.1998895065632087
5.550000000000001,robot1,robot3,4.404563020510945
5.550000000000001,robot1,robot4,4.681888379879694
5.550000000000001,robot2,robot3,4.512087412339437
5.550000000000001,robot2,robot4,4.418047715517794
5.550000000000001,robot3,robot4,1.4
5.6000000000000005,robot1,robot2,1.199889006615612
5.6000000000000005,robot1,robot3,4.404563497295618
5.6000000000000005,robot1,robot4,4.681888678910361
5.6000000000000005,robot2,robot3,4.512087412339437
5.6000000000000005,robot2,robot4,4.418047715517794
5.6000000000000005,robot3,robot4,1.4
5.65,robot1,robot2,1.1998895066156092
5.65,robot1,robot3,4.404563497295618
5.65,robot1,robot4,4.681888678910361
5.65,robot2,robot3,4.512087523144498
5.65,robot2,robot4,4.418047670240357
5.65,robot3,robot4,1.4
5.7,robot1,robot2,1.1998900066156064
5.7,robot1,robot3,4.404563497295618
5.7,robot1,robot4,4.681888678910361
5.7,robot2,robot3,4.512087633949611
5.7,robot2,robot4,4.418047624962977
5.7,robot3,robot4,1.4
5.75,robot1,robot2,1.1998900066156064
5.75,robot1,robot3,4.404563497295618
5.75,robot1,robot4,4.681888678910361
5.75,robot2,robot3,4.512087633949611
5.75,robot2,robot4,4.418047624962977
5.75,robot3,robot4,1.4
5.800000000000001,robot1,robot2,1.1998900066156064
5.800000000000001,robot1,robot3,4.404563497295618
5.800000000000001,robot1,robot4,4.681888678910361
5.800000000000001,robot2,robot3,4.512087633949611
5.800000000000001,robot2,robot4,4.418047624962977
5.800000000000001,robot3,robot4,1.4
5.8500000000000005,robot1,robot2,1.1998900066682152
5.8500000000000005,robot1,robot3,4.404563474595894
5.8500000000000005,robot1,robot4,4.681888508042908
5.8500000000000005,robot2,robot3,4.512087257187132
5.8500000000000005,robot2,robot4,4.418047081739905
5.8500000000000005,robot3,robot4,1.4
5.9,robot1,robot2,1.1998900067210325
5.9,robot1,robot3,4.404563451896226
5.9,robot1,robot4,4.681888337175503
5.9,robot2,robot3,4.512086880424734
5.9,robot2,robot4,4.418046538516882
5.9,robot3,robot4,1.4
5.95,robot1,robot2,1.1998900067210325
5.95,robot1,robot3,4.404563451896226
5.95,robot1,robot4,4.681888337175503
5.95,robot2,robot3,4.512086880424734
5.95,robot2,robot4,4.418046538516882
5.95,robot3,robot4,1.4
6.0,robot1,robot2,1.1998900067210325
6.0,robot1,robot3,4.404563451896226
6.0,robot1,robot4,4.681888337175503
6.0,robot2,robot3,4.512086880424734
6.0,robot2,robot4,4.418046538516882
6.0,robot3,robot4,1.4
6.050000000000001,robot1,robot2,1.1998900067210325
6.050000000000001,robot1,robot3,4.404563451896226
6.050000000000001,robot1,robot4,4.681888337175503
6.050000000000001,robot2,robot3,4.512086880424734
6.050000000000001,robot2,robot4,4.418046538516882
6.050000000000001,robot3,robot4,1.4
6.1000000000000005,robot1,robot2,1.1998900067210325
6.1000000000000005,robot1,robot3,4.404563451896226
6.1000000000000005,robot1,robot4,4.681888337175503
6.1000000000000005,robot2,robot3,4.512086880424734
6.1000000000000005,robot2,robot4,4.418046538516882
6.1000000000000005,robot3,robot4,1.4
6.15,robot1,robot2,1.1998900067210325
6.15,robot1,robot3,4.404563429196616
6.15,robot1,robot4,4.681888166308146
6.15,robot2,robot3,4.512086991230029
6.15,robot2,robot4,4.41804649323966
6.15,robot3,robot4,1.4
6.2,robot1,robot2,1.1998900067210325
6.2,robot1,robot3,4.404563406497061
6.2,robot1,robot4,4.681887995440835
6.2,robot2,robot3,4.512087102035377
6.2,robot2,robot4,4.418046447962493
6.2,robot3,robot4,1.4
6.25,robot1,robot2,1.1998900067740583
6.25,robot1,robot3,4.404563905981528
6.25,robot1,robot4,4.681888465339094
6.25,robot2,robot3,4.512087102035377
6.25,robot2,robot4,4.418046447962493
6.25,robot3,robot4,1.4
6.300000000000001,robot1,robot2,1.1998900068272924
6.300000000000001,robot1,robot3,4.404564405465994
6.300000000000001,robot1,robot4,4.681888935237358
6.300000000000001,robot2,robot3,4.512087102035377
6.300000000000001,robot2,robot4,4.418046447962493
6.300000000000001,robot3,robot4,1.4
6.3500000000000005,robot1,robot2,1.1998900068807348
6.3500000000000005,robot1,robot3,4.404564405465994
6.3500000000000005,robot1,robot4,4.681888935237358
6.3500000000000005,robot2,robot3,4.512086614467773
6.3500000000000005,robot2,robot4,4.418045950016732
6.3500000000000005,robot3,robot4,1.4
6.4,robot1,robot2,1.1998900069343854
6.4,robot1,robot3,4.404564405465994
6.4,robot1,robot4,4.681888935237358
6.4,robot2,robot3,4.512086126900172
6.4,robot2,robot4,4.418045452070972
6.4,robot3,robot4,1.4
6.45,robot1,robot2,1.1998900069343854
6.45,robot1,robot3,4.404564382766502
6.45,robot1,robot4,4.681888764370129
6.45,robot2,robot3,4.5120862377055975
6.45,robot2,robot4,4.418045406793851
6.45,robot3,robot4,1.4
6.5,robot1,robot2,1.1998900069343854
6.5,robot1,robot3,4.404564360067066
6.5,robot1,robot4,4.681888593502947
6.5,robot2,robot3,4.512086348511074
6.5,robot2,robot4,4.418045361516787
6.5,robot3,robot4,1.4
6.550000000000001,robot1,robot2,1.1998900069343854
6.550000000000001,robot1,robot3,4.404564360067066
6.550000000000001,robot1,robot4,4.681888593502947
6.550000000000001,robot2,robot3,4.512086348511074
6.550000000000001,robot2,robot4,4.418045361516787
6.550000000000001,robot3,robot4,1.4
6.6000000000000005,robot1,robot2,1.1998900069343854
6.6000000000000005,robot1,robot3,4.404564360067066
6.6000000000000005,robot1,robot4,4.681888593502947
6.6000000000000005,robot2,robot3,4.512086348511074
6.6000000000000005,robot2,robot4,4.418045361516787
6.6000000000000005,robot3,robot4,1.4
6.65,robot1,robot2,1.1997060151246428
6.65,robot1,robot3,4.404617424549662
6.65,robot1,robot4,4.681883345048924
6.65,robot2,robot3,4.512086459316604
6.65,robot2,robot4,4.418045316239779
6.65,robot3,robot4,1.4
6.7,robot1,robot2,1.1995220264705437
6.7,robot1,robot3,4.404670496979882
6.7,robot1,robot4,4.681878104667506
6.7,robot2,robot3,4.512086570122187
6.7,robot2,robot4,4.418045270962827
6.7,robot3,robot4,1.4
6.75,robot1,robot2,1.1995845221452717
6.75,robot1,robot3,4.404651352156746
6.75,robot1,robot4,4.681878782503478
6.75,robot2,robot3,4.512086082554637
6.75,robot2,robot4,4.418044773017047
6.75,robot3,robot4,1.4
6.800000000000001,robot1,robot2,1.1996470182057721
6.800000000000001,robot1,robot3,4.404632208247132
6.800000000000001,robot1,robot4,4.681879461277063
6.800000000000001,robot2,robot3,4.512085594987091
6.800000000000001,robot2,robot4,4.418044275071268
6.800000000000001,robot3,robot4,1.4
6.8500000000000005,robot1,robot2,1.1996690170063575
6.8500000000000005,robot1,robot3,4.404626213042942
6.8500000000000005,robot1,robot4,4.6818803996498035
6.8500000000000005,robot2,robot3,4.512085594987091
6.8500000000000005,robot2,robot4,4.418044275071268
6.8500000000000005,robot3,robot4,1.4
6.9,robot1,robot2,1.1996910158478309
6.9,robot1,robot3,4.4046202179516
6.9,robot1,robot4,4.681881338136199
6.9,robot2,robot3,4.512085594987091
6.9,robot2,robot4,4.418044275071268
6.9,robot3,robot4,1.4
6.95,robot1,robot2,1.1996950156856534
6.95,robot1,robot3,4.404619377716904
6.95,robot1,robot4,4.681881594248113
6.95,robot2,robot3,4.5120857057927495
6.95,robot2,robot4,4.418044229794361
6.95,robot3,robot4,1.4
7.0,robot1,robot2,1.1996990155243106
7.0,robot1,robot3,4.404618537485057
7.0,robot1,robot4,4.681881850362843
7.0,robot2,robot3,4.512085816598462
7.0,robot2,robot4,4.418044184517512
7.0,robot3,robot4,1.4
7.050000000000001,robot1,robot2,1.1996990155243106
7.050000000000001,robot1,robot3,4.404618537485057
7.050000000000001,robot1,robot4,4.681881850362843
7.050000000000001,robot2,robot3,4.512085816598462
7.050000000000001,robot2,robot4,4.418044184517512
7.050000000000001,robot3,robot4,1.4
7.1000000000000005,robot1,robot2,1.1996990155243106
7.1000000000000005,robot1,robot3,4.404618537485057
7.1000000000000005,robot1,robot4,4.681881850362843
7.1000000000000005,robot2,robot3,4.512085816598462
7.1000000000000005,robot2,robot4,4.418044184517512
7.1000000000000005,robot3,robot4,1.4
7.15,robot1,robot2,1.1996995156048451
7.15,robot1,robot3,4.404619036970536
7.15,robot1,robot4,4.681882320268554
7.15,robot2,robot3,4.512085927404226
7.15,robot2,robot4,4.418044139240718
7.15,robot3,robot4,1.4
7.2,robot1,robot2,1.199700015685588
7.2,robot1,robot3,4.404619536456015
7.2,robot1,robot4,4.681882790174269
7.2,robot2,robot3,4.512086038210043
7.2,robot2,robot4,4.41804409396398
7.2,robot3,robot4,1.4
7.25,robot1,robot2,1.1997000157665456
7.25,robot1,robot3,4.404619536456015
7.25,robot1,robot4,4.681882790174269
7.25,robot2,robot3,4.512085550642546
7.25,robot2,robot4,4.41804359601818
7.25,robot3,robot4,1.4
7.300000000000001,robot1,robot2,1.1997000158477118
7.300000000000001,robot1,robot3,4.404619536456015
7.300000000000001,robot1,robot4,4.681882790174269
7.300000000000001,robot2,robot3,4.512085063075053
7.300000000000001,robot2,robot4,4.418043098072381
7.300000000000001,robot3,robot4,1.4
7.3500000000000005,robot1,robot2,1.1997000159290863
7.3500000000000005,robot1,robot3,4.404620035941494
7.3500000000000005,robot1,robot4,4.681883260079991
7.3500000000000005,robot2,robot3,4.512085063075053
7.3500000000000005,robot2,robot4,4.418043098072381
7.3500000000000005,robot3,robot4,1.4
7.4,robot1,robot2,1.1997000160106692
7.4,robot1,robot3,4.404620535426973
7.4,robot1,robot4,4.681883729985721
7.4,robot2,robot3,4.512085063075053
7.4,robot2,robot4,4.418043098072381
7.4,robot3,robot4,1.4
7.45,robot1,robot2,1.1997000160106692
7.45,robot1,robot3,4.404620512749793
7.45,robot1,robot4,4.6818835591390195
7.45,robot2,robot3,4.512085173880947
7.45,robot2,robot4,4.4180430527956895
7.45,robot3,robot4,1.4
7.5,robot1,robot2,1.1997000160106692
7.5,robot1,robot3,4.40462049007267
7.5,robot1,robot4,4.681883388292366
7.5,robot2,robot3,4.5120852846868935
7.5,robot2,robot4,4.418043007519053
7.5,robot3,robot4,1.4
7.550000000000001,robot1,robot2,1.1997000160924605
7.550000000000001,robot1,robot3,4.404620989558155
7.550000000000001,robot1,robot4,4.681883858198136
7.550000000000001,robot2,robot3,4.5120852846868935
7.550000000000001,robot2,robot4,4.418043007519053
7.550000000000001,robot3,robot4,1.4
7.6000000000000005,robot1,robot2,1.1997000161744602
7.6000000000000005,robot1,robot3,4.404621489043639
7.6000000000000005,robot1,robot4,4.68188432810391
7.6000000000000005,robot2,robot3,4.5120852846868935
7.6000000000000005,robot2,robot4,4.418043007519053
7.6000000000000005,robot3,robot4,1.4
7.65,robot1,robot2,1.1997000161744602
7.65,robot1,robot3,4.404621489043639
7.65,robot1,robot4,4.68188432810391
7.65,robot2,robot3,4.5120852846868935
7.65,robot2,robot4,4.418043007519053
7.65,robot3,robot4,1.4
7.7,robot1,robot2,1.1997000161744602
7.7,robot1,robot3,4.404621489043639
7.7,robot1,robot4,4.68188432810391
7.7,robot2,robot3,4.5120852846868935
7.7,robot2,robot4,4.418043007519053
7.7,robot3,robot4,1.4
7.75,robot1,robot2,1.1997000162566682
7.75,robot1,robot3,4.404621466366577
7.75,robot1,robot4,4.681884157257338
7.75,robot2,robot3,4.512084907925438
7.75,robot2,robot4,4.4180424642966605
7.75,robot3,robot4,1.4
7.800000000000001,robot1,robot2,1.1997000163390847
7.800000000000001,robot1,robot3,4.404621443689571
7.800000000000001,robot1,robot4,4.681883986410813
7.800000000000001,robot2,robot3,4.512084531164061
7.800000000000001,robot2,robot4,4.4180419210743125
7.800000000000001,robot3,robot4,1.4
7.8500000000000005,robot1,robot2,1.1997000164217095
7.8500000000000005,robot1,robot3,4.404621943175061
7.8500000000000005,robot1,robot4,4.681884456316628
7.8500000000000005,robot2,robot3,4.512084531164061
7.8500000000000005,robot2,robot4,4.4180419210743125
7.8500000000000005,robot3,robot4,1.4
7.9,robot1,robot2,1.1997000165045426
7.9,robot1,robot3,4.404622442660552
7.9,robot1,robot4,4.681884926222451
7.9,robot2,robot3,4.512084531164061
7.9,robot2,robot4,4.4180419210743125
7.9,robot3,robot4,1.4
7.95,robot1,robot2,1.1997000165045426
7.95,robot1,robot3,4.404622442660552
7.95,robot1,robot4,4.681884926222451
7.95,robot2,robot3,4.512084531164061
7.95,robot2,robot4,4.4180419210743125
7.95,robot3,robot4,1.4
8.0,robot1,robot2,1.1997000165045426
8.0,robot1,robot3,4.404622442660552
8.0,robot1,robot4,4.681884926222451
8.0,robot2,robot3,4.512084531164061
8.0,robot2,robot4,4.4180419210743125
8.0,robot3,robot4,1.4
8.05,robot1,robot2,1.1997000165045426
8.05,robot1,robot3,4.404622419983609
8.05,robot1,robot4,4.681884755376007
8.05,robot2,robot3,4.51208464197019
8.05,robot2,robot4,4.418041875797835
8.05,robot3,robot4,1.4
8.1,robot1,robot2,1.1997000165045426
8.1,robot1,robot3,4.404622397306721
8.1,robot1,robot4,4.681884584529611
8.1,robot2,robot3,4.512084752776371
8.1,robot2,robot4,4.418041830521413
8.1,robot3,robot4,1.4
8.15,robot1,robot2,1.1997000165875842
8.15,robot1,robot3,4.404622896792215
8.15,robot1,robot4,4.681885054435472
8.15,robot2,robot3,4.512084752776371
8.15,robot2,robot4,4.418041830521413
8.15,robot3,robot4,1.4
8.200000000000001,robot1,robot2,1.1997000166708343
8.200000000000001,robot1,robot3,4.404623396277711
8.200000000000001,robot1,robot4,4.681885524341341
8.200000000000001,robot2,robot3,4.512084752776371
8.200000000000001,robot2,robot4,4.418041830521413
8.200000000000001,robot3,robot4,1.4
8.25,robot1,robot2,1.1997000167542926
8.25,robot1,robot3,4.404623396277711
8.25,robot1,robot4,4.681885524341341
8.25,robot2,robot3,4.512084265208956
8.25,robot2,robot4,4.4180413325755845
8.25,robot3,robot4,1.4
8.3,robot1,robot2,1.1997000168379595
8.3,robot1,robot3,4.404623396277711
8.3,robot1,robot4,4.681885524341341
8.3,robot2,robot3,4.5120837776415454
8.3,robot2,robot4,4.418040834629757
8.3,robot3,robot4,1.4
8.35,robot1,robot2,1.1997000168379595
8.35,robot1,robot3,4.404623373600886
8.35,robot1,robot4,4.681885353495026
8.35,robot2,robot3,4.512083888447804
8.35,robot2,robot4,4.418040789353382
8.35,robot3,robot4,1.4
8.4,robot1,robot2,1.1997000168379595
8.4,robot1,robot3,4.404623350924117
8.4,robot1,robot4,4.681885182648759
8.4,robot2,robot3,4.512083999254114
8.4,robot2,robot4,4.418040744077063
8.4,robot3,robot4,1.4
8.450000000000001,robot1,robot2,1.1997000169218346
8.450000000000001,robot1,robot3,4.404623850409618
8.450000000000001,robot1,robot4,4.681885652554668
8.450000000000001,robot2,robot3,4.512083999254114
8.450000000000001,robot2,robot4,4.418040744077063
8.450000000000001,robot3,robot4,1.4
8.5,robot1,robot2,1.199700017005918
8.5,robot1,robot3,4.40462434989512
8.5,robot1,robot4,4.681886122460584
8.5,robot2,robot3,4.512083999254114
8.5,robot2,robot4,4.418040744077063
8.5,robot3,robot4,1.4
8.55,robot1,robot2,1.199700017005918
8.55,robot1,robot3,4.40462434989512
8.55,robot1,robot4,4.681886122460584
8.55,robot2,robot3,4.512083999254114
8.55,robot2,robot4,4.418040744077063
8.55,robot3,robot4,1.4
8.6,robot1,robot2,1.199700017005918
8.6,robot1,robot3,4.40462434989512
8.6,robot1,robot4,4.681886122460584
8.6,robot2,robot3,4.512083999254114
8.6,robot2,robot4,4.418040744077063
8.6,robot3,robot4,1.4
8.65,robot1,robot2,1.199700017005918
8.65,robot1,robot3,4.404624327218413
8.65,robot1,robot4,4.681885951614398
8.65,robot2,robot3,4.512084110060478
8.65,robot2,robot4,4.418040698800799
8.65,robot3,robot4,1.4
8.700000000000001,robot1,robot2,1.199700017005918
8.700000000000001,robot1,robot3,4.404624304541763
8.700000000000001,robot1,robot4,4.681885780768258
8.700000000000001,robot2,robot3,4.512084220866893
8.700000000000001,robot2,robot4,4.418040653524592
8.700000000000001,robot3,robot4,1.4
8.75,robot1,robot2,1.1997000171747103
8.75,robot1,robot3,4.404624804027269
8.75,robot1,robot4,4.681886250674214
8.75,robot2,robot3,4.512083733299534
8.75,robot2,robot4,4.418040155578744
8.75,robot3,robot4,1.4
8.8,robot1,robot2,1.199700017344336
8.8,robot1,robot3,4.404625303512774
8.8,robot1,robot4,4.681886720580176
8.8,robot2,robot3,4.512083245732175
8.8,robot2,robot4,4.418039657632896
8.8,robot3,robot4,1.4
8.85,robot1,robot2,1.199700017344336
8.85,robot1,robot3,4.404625303512774
8.85,robot1,robot4,4.681886720580176
8.85,robot2,robot3,4.512083245732175
8.85,robot2,robot4,4.418039657632896
8.85,robot3,robot4,1.4
8.9,robot1,robot2,1.199700017344336
8.9,robot1,robot3,4.404625303512774
8.9,robot1,robot4,4.681886720580176
8.9,robot2,robot3,4.512083245732175
8.9,robot2,robot4,4.418039657632896
8.9,robot3,robot4,1.4
8.950000000000001,robot1,robot2,1.1997000174294614
8.950000000000001,robot1,robot3,4.4046257803216955
8.950000000000001,robot1,robot4,4.681887019640105
8.950000000000001,robot2,robot3,4.5120833565386675
8.950000000000001,robot2,robot4,4.4180396123567345
8.950000000000001,robot3,robot4,1.4
9.0,robot1,robot2,1.1997000175147952
9.0,robot1,robot3,4.404626257130678
9.0,robot1,robot4,4.68188731870012
9.0,robot2,robot3,4.512083467345213
9.0,robot2,robot4,4.41803956708063
9.0,robot3,robot4,1.4
9.05,robot1,robot2,1.1997000175147952
9.05,robot1,robot3,4.404626257130678
9.05,robot1,robot4,4.68188731870012
9.05,robot2,robot3,4.512083467345213
9.05,robot2,robot4,4.41803956708063
9.05,robot3,robot4,1.4
9.1,robot1,robot2,1.1997000175147952
9.1,robot1,robot3,4.404626257130678
9.1,robot1,robot4,4.68188731870012
9.1,robot2,robot3,4.512083467345213
9.1,robot2,robot4,4.41803956708063
9.1,robot3,robot4,1.4
9.15,robot1,robot2,1.1997005176003301
9.15,robot1,robot3,4.404626257130678
9.15,robot1,robot4,4.68188731870012
9.15,robot2,robot3,4.512083090584492
9.15,robot2,robot4,4.418039023858719
9.15,robot3,robot4,1.4
9.200000000000001,robot1,robot2,1.1997010176860732
9.200000000000001,robot1,robot3,4.404626257130678
9.200000000000001,robot1,robot4,4.68188731870012
9.200000000000001,robot2,robot3,4.512082713823851
9.200000000000001,robot2,robot4,4.418038480636855
9.200000000000001,robot3,robot4,1.4
9.25,robot1,robot2,1.1997005177720397
9.25,robot1,robot3,4.404626733939722
9.25,robot1,robot4,4.681887617760223
9.25,robot2,robot3,4.512082713823851
9.25,robot2,robot4,4.418038480636855
9.25,robot3,robot4,1.4
9.3,robot1,robot2,1.1997000178582145
9.3,robot1,robot3,4.404627210748829
9.3,robot1,robot4,4.681887916820415
9.3,robot2,robot3,4.512082713823851
9.3,robot2,robot4,4.418038480636855
9.3,robot3,robot4,1.4
9.35,robot1,robot2,1.1997000178582145
9.35,robot1,robot3,4.404627210748829
9.35,robot1,robot4,4.681887916820415
9.35,robot2,robot3,4.512082713823851
9.35,robot2,robot4,4.418038480636855
9.35,robot3,robot4,1.4
9.4,robot1,robot2,1.1997000178582145
9.4,robot1,robot3,4.404627210748829
9.4,robot1,robot4,4.681887916820415
9.4,robot2,robot3,4.512082713823851
9.4,robot2,robot4,4.418038480636855
9.4,robot3,robot4,1.4
9.450000000000001,robot1,robot2,1.1997005179445828
9.450000000000001,robot1,robot3,4.404627210748829
9.450000000000001,robot1,robot4,4.681887916820415
9.450000000000001,robot2,robot3,4.512082337063288
9.450000000000001,robot2,robot4,4.418037937415035
9.450000000000001,robot3,robot4,1.4
9.5,robot1,robot2,1.1997010180311591
9.5,robot1,robot3,4.404627210748829
9.5,robot1,robot4,4.681887916820415
9.5,robot2,robot3,4.512081960302805
9.5,robot2,robot4,4.418037394193263
9.5,robot3,robot4,1.4
9.55,robot1,robot2,1.1997005181179594
9.55,robot1,robot3,4.404627687557997
9.55,robot1,robot4,4.681888215880694
9.55,robot2,robot3,4.512081960302805
9.55,robot2,robot4,4.418037394193263
9.55,robot3,robot4,1.4
9.600000000000001,robot1,robot2,1.1997000182049677
9.600000000000001,robot1,robot3,4.404628164367226
9.600000000000001,robot1,robot4,4.681888514941059
9.600000000000001,robot2,robot3,4.512081960302805
9.600000000000001,robot2,robot4,4.418037394193263
9.600000000000001,robot3,robot4,1.4
9.65,robot1,robot2,1.1997000182049677
9.65,robot1,robot3,4.404628164367226
9.65,robot1,robot4,4.681888514941059
9.65,robot2,robot3,4.512081960302805
9.65,robot2,robot4,4.418037394193263
9.65,robot3,robot4,1.4
9.700000000000001,robot1,robot2,1.1997000182049677
9.700000000000001,robot1,robot3,4.404628164367226
9.700000000000001,robot1,robot4,4.681888514941059
9.700000000000001,robot2,robot3,4.512081960302805
9.700000000000001,robot2,robot4,4.418037394193263
9.700000000000001,robot3,robot4,1.4
9.75,robot1,robot2,1.1995116448548968
9.75,robot1,robot3,4.403821417518313
9.75,robot1,robot4,4.681073026282863
9.75,robot2,robot3,4.512081583542401
9.75,robot2,robot4,4.4180368509715375
9.75,robot3,robot4,1.4
9.8,robot1,robot2,1.1993238031795252
9.8,robot1,robot3,4.403014675957031
9.8,robot1,robot4,4.680257539569057
9.8,robot2,robot3,4.512081206782077
9.8,robot2,robot4,4.418036307749858
9.8,robot3,robot4,1.4
9.850000000000001,robot1,robot2,1.2002200138750605
9.850000000000001,robot1,robot3,4.4045445190060235
9.850000000000001,robot1,robot4,4.681923453016506
9.850000000000001,robot2,robot3,4.512396263377946
9.850000000000001,robot2,robot4,4.418314026610971
9.850000000000001,robot3,robot4,1.4
9.9,robot1,robot2,1.201117435648155
9.9,robot1,robot3,4.40607446989551
9.9,robot1,robot4,4.683589375069617
9.9,robot2,robot3,4.51271132108902
9.9,robot2,robot4,4.418591751620079
9.9,robot3,robot4,1.4
9.950000000000001,robot1,robot2,1.2011160184454495
9.950000000000001,robot1,robot3,4.40550640358112
9.950000000000001,robot1,robot4,4.683261265887187
9.950000000000001,robot2,robot3,4.513278770671717
9.950000000000001,robot2,robot4,4.419481273319981
9.950000000000001,robot3,robot4,1.3996650214426307
10.0,robot1,robot2,1.2011158679998364
10.0,robot1,robot3,4.404938361879085
10.0,robot1,robot4,4.682933158258187
10.0,robot2,robot3,4.513846263281571
10.0,robot2,robot4,4.420370797854067
10.0,robot3,robot4,1.3993300857910544
10.05,robot1,robot2,1.2012193964453373
10.05,robot1,robot3,4.405607946124604
10.05,robot1,robot4,4.683397795049364
10.05,robot2,robot3,4.5151855890430745
10.05,robot2,robot4,4.4214291876361935
10.05,robot3,robot4,1.3997045097842973
10.100000000000001,robot1,robot2,1.2013233216020571
10.100000000000001,robot1,robot3,4.406277530386052
10.100000000000001,robot1,robot4,4.683862447517967
10.100000000000001,robot2,robot3,4.516524927451414
10.100000000000001,robot2,robot4,4.422487587983034
10.100000000000001,robot3,robot4,1.400079009028419
10.15,robot1,robot2,1.2014858631965881
10.15,robot1,robot3,4.406043150146512
10.15,robot1,robot4,4.68405918410285
10.15,robot2,robot3,4.515893304817026
10.15,robot2,robot4,4.42212092564784
10.15,robot3,robot4,1.4004910056231172
10.200000000000001,robot1,robot2,1.2016485676311521
10.200000000000001,robot1,robot3,4.405808770284181
10.200000000000001,robot1,robot4,4.6842559546335645
10.200000000000001,robot2,robot3,4.5152616995812105
10.200000000000001,robot2,robot4,4.421754285467477
10.200000000000001,robot3,robot4,1.400903059997015
10.25,robot1,robot2,1.2018996422127972
10.25,robot1,robot3,4.405596457095282
10.25,robot1,robot4,4.684169575043159
10.25,robot2,robot3,4.5148101796883156
10.25,robot2,robot4,4.421427279265289
10.25,robot3,robot4,1.4005586410195399
10.3,robot1,robot2,1.2021507840653767
10.3,robot1,robot3,4.405384146012355
10.3,robot1,robot4,4.6840832080713515
10.3,robot2,robot3,4.514358676155451
10.3,robot2,robot4,4.421100325579708
10.3,robot3,robot4,1.400214256178318
10.350000000000001,robot1,robot2,1.202498511847
10.350000000000001,robot1,robot3,4.405177455283498
10.350000000000001,robot1,robot4,4.683881367413274
10.350000000000001,robot2,robot3,4.513947526282649
10.350000000000001,robot2,robot4,4.420574430348899
10.350000000000001,robot3,robot4,1.4001697401137656
10.4,robot1,robot2,1.20284629750937
10.4,robot1,robot3,4.404970767856355
10.4,robot1,robot4,4.68367953119692
10.4,robot2,robot3,4.513536401495506
10.4,robot2,robot4,4.42004854760273
10.4,robot3,robot4,1.4001252245688598
10.450000000000001,robot1,robot2,1.203277196403742
10.450000000000001,robot1,robot3,4.404789481236192
10.450000000000001,robot1,robot4,4.68361398652902
10.450000000000001,robot2,robot3,4.513262622515916
10.450000000000001,robot2,robot4,4.419740238413396
10.450000000000001,robot3,robot4,1.4001377610546937
10.5,robot1,robot2,1.2037081162412255
10.5,robot1,robot3,4.404608199756818
10.5,robot1,robot4,4.683548449430197
10.5,robot2,robot3,4.512988872038131
10.5,robot2,robot4,4.419431943329482
10.5,robot3,robot4,1.4001503002852944
10.55,robot1,robot2,1.204968392440337
10.55,robot1,robot3,4.403746949452307
10.55,robot1,robot4,4.6829372563370155
10.55,robot2,robot3,4.512615160301756
10.55,robot2,robot4,4.418868194864495
10.55,robot3,robot4,1.4001267549858654
10.600000000000001,robot1,robot2,1.2062288311261673
10.600000000000001,robot1,robot3,4.402885908104024
10.600000000000001,robot1,robot4,4.682326358187028
10.600000000000001,robot2,robot3,4.512241490558434
10.600000000000001,robot2,robot4,4.418304468919837
10.600000000000001,robot3,robot4,1.4001032133874989
10.65,robot1,robot2,1.2086836303248465
10.65,robot1,robot3,4.401500641479704
10.65,robot1,robot4,4.681782162929438
10.65,robot2,robot3,4.5113857905424695
10.65,robot2,robot4,4.417371257302809
10.65,robot3,robot4,1.4004149587291976
10.700000000000001,robot1,robot2,1.2111384746877625
10.700000000000001,robot1,robot3,4.400115656190188
10.700000000000001,robot1,robot4,4.681238545510151
10.700000000000001,robot2,robot3,4.510530685852497
10.700000000000001,robot2,robot4,4.416438279488688
10.700000000000001,robot3,robot4,1.4007267967423196
10.75,robot1,robot2,1.2139435397852119
10.75,robot1,robot3,4.398914809553431
10.75,robot1,robot4,4.680890423104481
10.75,robot2,robot3,4.509739143163411
10.75,robot2,robot4,4.415404722399183
10.75,robot3,robot4,1.4013196153148824
10.8,robot1,robot2,1.2167486061376853
10.8,robot1,robot3,4.397714251829011
10.8,robot1,robot4,4.680543069523557
10.8,robot2,robot3,4.508948453689174
10.8,robot2,robot4,4.414371417312436
10.8,robot3,robot4,1.401912487170651
10.850000000000001,robot1,robot2,1.2197526585883098
10.850000000000001,robot1,robot3,4.396817165785381
10.850000000000001,robot1,robot4,4.680399601852843
10.850000000000001,robot2,robot3,4.50847874724937
10.850000000000001,robot2,robot4,4.413477570220846
10.850000000000001,robot3,robot4,1.4026421708565766
10.9,robot1,robot2,1.2227567117546319
10.9,robot1,robot3,4.395920383701234
10.9,robot1,robot4,4.680257000827626
10.9,robot2,robot3,4.508009972265478
10.9,robot2,robot4,4.412583991018981
10.9,robot3,robot4,1.4033718651319755
10.950000000000001,robot1,robot2,1.225897225777614
10.950000000000001,robot1,robot3,4.395324286487005
10.950000000000001,robot1,robot4,4.680417904087439
10.950000000000001,robot2,robot3,4.507836025541551
10.950000000000001,robot2,robot4,4.41194582469062
10.950000000000001,robot3,robot4,1.4041860399171648
11.0,robot1,robot2,1.2290377398273822
11.0,robot1,robot3,4.3947284994231435
11.0,robot1,robot4,4.680579679157807
11.0,robot2,robot3,4.507663053156702
11.0,robot2,robot4,4.411307951402282
11.0,robot3,robot4,1.4050002224216906
11.05,robot1,robot2,1.2322412185624412
11.05,robot1,robot3,4.394449512676786
11.05,robot1,robot4,4.681027565453044
11.05,robot2,robot3,4.507797059099377
11.05,robot2,robot4,4.410930830078046
11.05,robot3,robot4,1.40588434902164
11.100000000000001,robot1,robot2,1.235444697488722
11.100000000000001,robot1,robot3,4.394170821372447
11.100000000000001,robot1,robot4,4.681476285382635
11.100000000000001,robot2,robot3,4.507932046117155
11.100000000000001,robot2,robot4,4.410554017180721
11.100000000000001,robot3,robot4,1.4067684790458592
11.15,robot1,robot2,1.2386721421987539
11.15,robot1,robot3,4.394228943328397
11.15,robot1,robot4,4.682225869571678
11.15,robot2,robot3,4.508381563742942
11.15,robot2,robot4,4.410463747410072
11.15,robot3,robot4,1.4076875558984137
11.200000000000001,robot1,robot2,1.2418995879699777
11.200000000000001,robot1,robot3,4.3942873515104806
11.200000000000001,robot1,robot4,4.6829762246098365
11.200000000000001,robot2,robot3,4.508832019003703
11.200000000000001,robot2,robot4,4.410373794493274
11.200000000000001,robot3,robot4,1.4086066338733465
11.25,robot1,robot2,1.2450435067631171
11.25,robot1,robot3,4.394651382556982
11.25,robot1,robot4,4.683981942481979
11.25,robot2,robot3,4.509562786250681
11.25,robot2,robot4,4.410557671998662
11.25,robot3,robot4,1.4095431748109917
11.3,robot1,robot2,1.2481874278889369
11.3,robot1,robot3,4.395015659808393
11.3,robot1,robot4,4.6849883165201165
11.3,robot2,robot3,4.5102944161281755
11.3,robot2,robot4,4.410741860350706
11.3,robot3,robot4,1.4104797160374196
11.350000000000001,robot1,robot2,1.2512043207777854
11.350000000000001,robot1,robot3,4.395703633527913
11.350000000000001,robot1,robot4,4.686236227287443
11.350000000000001,robot2,robot3,4.511312847761115
11.350000000000001,robot2,robot4,4.411190002719363
11.350000000000001,robot3,robot4,1.4114266644364666
11.4,robot1,robot2,1.2542212180887389
11.4,robot1,robot3,4.396391813073649
11.4,robot1,robot4,4.687484682143399
11.4,robot2,robot3,4.512332036914504
11.4,robot2,robot4,4.4116384337369485
11.4,robot3,robot4,1.4123736133651037
11.450000000000001,robot1,robot2,1.2570221166476148
11.450000000000001,robot1,robot3,4.3973673294681666
11.450000000000001,robot1,robot4,4.688950476777533
11.450000000000001,robot2,robot3,4.513612880469287
11.450000000000001,robot2,robot4,4.412348354458202
11.450000000000001,robot3,robot4,1.4133874814704033
11.5,robot1,robot2,1.2598230198297695
11.5,robot1,robot3,4.398342997922854
11.5,robot1,robot4,4.690416726212715
11.5,robot2,robot3,4.514894353966879
11.5,robot2,robot4,4.413058495325549
11.5,robot3,robot4,1.4144013530822854
11.55,robot1,robot2,1.2626748116606468
11.55,robot1,robot3,4.399506401715993
11.55,robot1,robot4,4.691981529352071
11.55,robot2,robot3,4.516659035193409
11.55,robot2,robot4,4.4142185522107145
11.55,robot3,robot4,1.415224220515251
11.600000000000001,robot1,robot2,1.2655266393853588
11.600000000000001,robot1,robot3,4.400669945493413
11.600000000000001,robot1,robot4,4.693546636600089
11.600000000000001,robot2,robot3,4.51842431682694
11.600000000000001,robot2,robot4,4.415378985605878
11.600000000000001,robot3,robot4,1.4160470918655919
11.65,robot1,robot2,1.2686032282637667
11.65,robot1,robot3,4.401918382391591
11.65,robot1,robot4,4.6951221745914395
11.65,robot2,robot3,4.520730288605509
11.65,robot2,robot4,4.416871595797698
11.65,robot3,robot4,1.4171327600769275
11.700000000000001,robot1,robot2,1.2716800893310394
11.700000000000001,robot1,robot3,4.403166912590187
11.700000000000001,robot1,robot4,4.696698084964052
11.700000000000001,robot2,robot3,4.523037050864164
11.700000000000001,robot2,robot4,4.41836466061053
11.700000000000001,robot3,robot4,1.4182184571419172
11.75,robot1,robot2,1.2737661081723364
11.75,robot1,robot3,4.404269713160316
11.75,robot1,robot4,4.697329876130721
11.75,robot2,robot3,4.526038800771625
11.75,robot2,robot4,4.419845002177819
11.75,robot3,robot4,1.419942097385841
11.8,robot1,robot2,1.275853202245854
11.8,robot1,robot3,4.405372800774073
11.8,robot1,robot4,4.697961713576218
11.8,robot2,robot3,4.529041956038495
11.8,robot2,robot4,4.4213258904194115
11.8,robot3,robot4,1.4216661150706238
11.850000000000001,robot1,robot2,1.276816317097432
11.850000000000001,robot1,robot3,4.406733919931092
11.850000000000001,robot1,robot4,4.698443831918952
11.850000000000001,robot2,robot3,4.53146401287542
11.850000000000001,robot2,robot4,4.42193803332272
11.850000000000001,robot3,robot4,1.4241411272359914
11.9,robot1,robot2,1.2777795309426425
11.9,robot1,robot3,4.408095881421025
11.9,robot1,robot4,4.698925999513612
11.9,robot2,robot3,4.533887254263057
11.9,robot2,robot4,4.422550211430618
11.9,robot3,robot4,1.4266171054743455
11.950000000000001,robot1,robot2,1.278667419699509
11.950000000000001,robot1,robot3,4.409446277569159
11.950000000000001,robot1,robot4,4.700369903041462
11.950000000000001,robot2,robot3,4.536089692846087
11.950000000000001,robot2,robot4,4.4237210808156755
11.950000000000001,robot3,robot4,1.430037324757819
12.0,robot1,robot2,1.2795553325448652
12.0,robot1,robot3,4.410797460648697
12.0,robot1,robot4,4.701814110602523
12.0,robot2,robot3,4.53829322514588
12.0,robot2,robot4,4.42489204375214
12.0,robot3,robot4,1.4334577209928445
12.05,robot1,robot2,1.2804619712400678
12.05,robot1,robot3,4.412119709869423
12.05,robot1,robot4,4.703614730315957
12.05,robot2,robot3,4.540411753179467
12.05,robot2,robot4,4.426233395240388
12.05,robot3,robot4,1.437374312779034
12.100000000000001,robot1,robot2,1.2813686210314346
12.100000000000001,robot1,robot3,4.413442721984731
12.100000000000001,robot1,robot4,4.705415906936389
12.100000000000001,robot2,robot3,4.542531385620577
12.100000000000001,robot2,robot4,4.4275750368789915
12.100000000000001,robot3,robot4,1.4412909609131672
12.15,robot1,robot2,1.2822762489904427
12.15,robot1,robot3,4.414726474140498
12.15,robot1,robot4,4.7070234881683986
12.15,robot2,robot3,4.544605045077514
12.15,robot2,robot4,4.428683334432481
12.15,robot3,robot4,1.4452711706499928
12.200000000000001,robot1,robot2,1.28318388691255
12.200000000000001,robot1,robot3,4.41601097877666
12.200000000000001,robot1,robot4,4.708631732814321
12.200000000000001,robot2,robot3,4.54667980899689
12.200000000000001,robot2,robot4,4.429791970071054
12.200000000000001,robot3,robot4,1.4492515373923194
12.25,robot1,robot2,1.2840849811895239
12.25,robot1,robot3,4.417247656712945
12.25,robot1,robot4,4.710073666176597
12.25,robot2,robot3,4.548689466984144
12.25,robot2,robot4,4.430696086164029
12.25,robot3,robot4,1.4532660738385967
12.3,robot1,robot2,1.2849860837946845
12.3,robot1,robot3,4.418485060220981
12.3,robot1,robot4,4.711516362434604
12.3,robot2,robot3,4.550700206435269
12.3,robot2,robot4,4.431600589432784
12.3,robot3,robot4,1.4572808792614416
12.350000000000001,robot1,robot2,1.2858624576109414
12.350000000000001,robot1,robot3,4.419712819273584
12.350000000000001,robot1,robot4,4.7127637771242314
12.350000000000001,robot2,robot3,4.552661664566014
12.350000000000001,robot2,robot4,4.4322464454185075
12.350000000000001,robot3,robot4,1.4613553891870381
12.4,robot1,robot2,1.2867388344590365
12.4,robot1,robot3,4.420941317765822
12.4,robot1,robot4,4.714012049688884
12.4,robot2,robot3,4.554624207789924
12.4,robot2,robot4,4.432892740928096
12.4,robot3,robot4,1.465430377283411
12.450000000000001,robot1,robot2,1.2876170472038648
12.450000000000001,robot1,robot3,4.4221539797525145
12.450000000000001,robot1,robot4,4.715083852981965
12.450000000000001,robot2,robot3,4.556551303505866
12.450000000000001,robot2,robot4,4.433317479451055
12.450000000000001,robot3,robot4,1.4695463535170472
12.5,robot1,robot2,1.2884952608391698
12.5,robot1,robot3,4.423367399081949
12.5,robot1,robot4,4.716156585689771
12.5,robot2,robot3,4.558479516625034
12.5,robot2,robot4,4.433742678022711
12.5,robot3,robot4,1.4736630246898372
12.55,robot1,robot2,1.289311361449689
12.55,robot1,robot3,4.424510299943825
12.55,robot1,robot4,4.717002515516501
12.55,robot2,robot3,4.560295334597448
12.55,robot2,robot4,4.433899816168183
12.55,robot3,robot4,1.4777852107589924
12.600000000000001,robot1,robot2,1.290127462227667
12.600000000000001,robot1,robot3,4.425653924033939
12.600000000000001,robot1,robot4,4.717849492280248
12.600000000000001,robot2,robot3,4.562112195251778
12.600000000000001,robot2,robot4,4.434057499100006
12.600000000000001,robot3,robot4,1.4819083557123232
12.65,robot1,robot2,1.2912774464685155
12.65,robot1,robot3,4.426437735222139
12.65,robot1,robot4,4.718268586424473
12.65,robot2,robot3,4.563809572817128
12.65,robot2,robot4,4.433882570549681
12.65,robot3,robot4,1.4860346121038028
12.700000000000001,robot1,robot2,1.292427476816011
12.700000000000001,robot1,robot3,4.427222059735088
12.700000000000001,robot1,robot4,4.718689189711164
12.700000000000001,robot2,robot3,4.565508088133236
12.700000000000001,robot2,robot4,4.433708160116315
12.700000000000001,robot3,robot4,1.4901621329050072
12.75,robot1,robot2,1.2934667619696494
12.75,robot1,robot3,4.4280424241551986
12.75,robot1,robot4,4.718832033446465
12.75,robot2,robot3,4.567243099703857
12.75,robot2,robot4,4.433232631953938
12.75,robot3,robot4,1.4944386990784366
12.8,robot1,robot2,1.2945060776836854
12.8,robot1,robot3,4.428863489368802
12.8,robot1,robot4,4.718976375033573
12.8,robot2,robot3,4.568979388243288
12.8,robot2,robot4,4.432757641940849
12.8,robot3,robot4,1.4987171197023805
12.850000000000001,robot1,robot2,1.2953902389755954
12.850000000000001,robot1,robot3,4.429358765287025
12.850000000000001,robot1,robot4,4.718872529693507
12.850000000000001,robot2,robot3,4.570293646239949
12.850000000000001,robot2,robot4,4.432036301700523
12.850000000000001,robot3,robot4,1.5027349630606857
12.9,robot1,robot2,1.296274422989592
12.9,robot1,robot3,4.429854619498477
12.9,robot1,robot4,4.718770151926136
12.9,robot2,robot3,4.5716089711668255
12.9,robot2,robot4,4.431315544632316
12.9,robot3,robot4,1.5067544041206584
12.950000000000001,robot1,robot2,1.296887392292889
12.950000000000001,robot1,robot3,4.4289545725006585
12.950000000000001,robot1,robot4,4.718413593552658
12.950000000000001,robot2,robot3,4.570963653909343
12.950000000000001,robot2,robot4,4.430389384802566
12.950000000000001,robot3,robot4,1.508709501297715
13.0,robot1,robot2,1.2975003763313517
13.0,robot1,robot3,4.428054538902836
13.0,robot1,robot4,4.718058305000586
13.0,robot2,robot3,4.570318410409717
13.0,robot2,robot4,4.429463827860547
13.0,robot3,robot4,1.5106646482542045
13.05,robot1,robot2,1.2978862269004936
13.05,robot1,robot3,4.427167234014913
13.05,robot1,robot4,4.717280484007946
13.05,robot2,robot3,4.569641641439321
13.05,robot2,robot4,4.428378179852219
13.05,robot3,robot4,1.5117387270479314
13.100000000000001,robot1,robot2,1.2982720882419063
13.100000000000001,robot1,robot3,4.426279932947418
13.100000000000001,robot1,robot4,4.716503168720021
13.100000000000001,robot2,robot3,4.568964921053455
13.100000000000001,robot2,robot4,4.427292705833894
13.100000000000001,robot3,robot4,1.5128128982240339
13.15,robot1,robot2,1.2984266918991807
13.15,robot1,robot3,4.42539180284054
13.15,robot1,robot4,4.715527602265944
13.15,robot2,robot3,4.56823409628781
13.15,robot2,robot4,4.426031787419997
13.15,robot3,robot4,1.5138474359492935
13.200000000000001,robot1,robot2,1.2985813007821265
13.200000000000001,robot1,robot3,4.424503672748164
13.200000000000001,robot1,robot4,4.714552468781103
13.200000000000001,robot2,robot3,4.567503304649161
13.200000000000001,robot2,robot4,4.424771070968192
13.200000000000001,robot3,robot4,1.5148821538060313
13.25,robot1,robot2,1.2984966727512244
13.25,robot1,robot3,4.423624325015208
13.25,robot1,robot4,4.713378803350018
13.25,robot2,robot3,4.5667221048952875
13.25,robot2,robot4,4.423347627203208
13.25,robot3,robot4,1.515823418000428
13.3,robot1,robot2,1.2984120466943458
13.3,robot1,robot3,4.422744980537878
13.3,robot1,robot4,4.712205487686312
13.3,robot2,robot3,4.565940921143199
13.3,robot2,robot4,4.4219244061679746
13.3,robot3,robot4,1.5167649778189107
13.350000000000001,robot1,robot2,1.2980611049050232
13.350000000000001,robot1,robot3,4.4219043503858435
13.350000000000001,robot1,robot4,4.710867356374752
13.350000000000001,robot2,robot3,4.565129181708061
13.350000000000001,robot2,robot4,4.4203752981293905
13.350000000000001,robot3,robot4,1.5176105712418453
13.4,robot1,robot2,1.2977101631797447
13.4,robot1,robot3,4.421063735326149
13.4,robot1,robot4,4.709529480316478
13.4,robot2,robot3,4.564317446850077
13.4,robot2,robot4,4.418826432888489
13.4,robot3,robot4,1.5184565870811058
13.450000000000001,robot1,robot2,1.2971711165133535
13.450000000000001,robot1,robot3,4.420314441531309
13.450000000000001,robot1,robot4,4.708102649582445
13.450000000000001,robot2,robot3,4.563493599390849
13.450000000000001,robot2,robot4,4.417178974091525
13.450000000000001,robot3,robot4,1.5191845532431205
13.5,robot1,robot2,1.2966320737888601
13.5,robot1,robot3,4.419565175190541
13.5,robot1,robot4,4.706675994836377
13.5,robot2,robot3,4.562669752336346
13.5,robot2,robot4,4.41553175396905
13.5,robot3,robot4,1.5199130673627357
13.55,robot1,robot2,1.2956868584569345
13.55,robot1,robot3,4.4183718348153995
13.55,robot1,robot4,4.704576171002682
13.55,robot2,robot3,4.562100209481593
13.55,robot2,robot4,4.4140530998733185
13.55,robot3,robot4,1.5205014836149453
13.600000000000001,robot1,robot2,1.2947419527960002
13.600000000000001,robot1,robot3,4.4171786055989415
13.600000000000001,robot1,robot4,4.702476429425032
13.600000000000001,robot2,robot3,4.561530667501535
13.600000000000001,robot2,robot4,4.412574633340495
13.600000000000001,robot3,robot4,1.5210905684057738
13.65,robot1,robot2,1.292541608664108
13.65,robot1,robot3,4.41467431570419
13.65,robot1,robot4,4.698818292180333
13.65,robot2,robot3,4.559959727735131
13.65,robot2,robot4,4.4101757439154845
13.65,robot3,robot4,1.5215745621760537
13.700000000000001,robot1,robot2,1.2903420429738774
13.700000000000001,robot1,robot3,4.412170511951913
13.700000000000001,robot1,robot4,4.695160166963423
13.700000000000001,robot2,robot3,4.5583888036616615
13.700000000000001,robot2,robot4,4.407777257847088
13.700000000000001,robot3,robot4,1.5220592724575477
13.75,robot1,robot2,1.2877117289099491
13.75,robot1,robot3,4.409460779825635
13.75,robot1,robot4,4.69148714764519
13.75,robot2,robot3,4.555500495514323
13.75,robot2,robot4,4.404318488500832
13.75,robot3,robot4,1.5226875190689977
13.8,robot1,robot2,1.2850814261691748
13.8,robot1,robot3,4.406751737604468
13.8,robot1,robot4,4.687814130301669
13.8,robot2,robot3,4.552612188622813
13.8,robot2,robot4,4.400860390183379
13.8,robot3,robot4,1.523316194270907
13.850000000000001,robot1,robot2,1.282327541947552
13.850000000000001,robot1,robot3,4.40398840705743
13.850000000000001,robot1,robot4,4.684082424396265
13.850000000000001,robot2,robot3,4.549727516686796
13.850000000000001,robot2,robot4,4.397499280594171
13.850000000000001,robot3,robot4,1.523746861078719
13.9,robot1,robot2,1.2795736582674715
13.9,robot1,robot3,4.401225757754424
13.9,robot1,robot4,4.680350719837136
13.9,robot2,robot3,4.546842855145205
13.9,robot2,robot4,4.394138791501698
13.9,robot3,robot4,1.5241778943512467
13.950000000000001,robot1,robot2,1.2767445149603152
13.950000000000001,robot1,robot3,4.398438992393012
13.950000000000001,robot1,robot4,4.675830478581238
13.950000000000001,robot2,robot3,4.54392378854823
13.950000000000001,robot2,robot4,4.390013361199541
13.950000000000001,robot3,robot4,1.524417296047247
14.0,robot1,robot2,1.2739153716542557
14.0,robot1,robot3,4.395652866604459
14.0,robot1,robot4,4.67131023813587
14.0,robot2,robot3,4.541004748109938
14.0,robot2,robot4,4.385888549817244
14.0,robot3,robot4,1.524658194572475
14.05,robot1,robot2,1.2709996337308678
14.05,robot1,robot3,4.3928339348750995
14.05,robot1,robot4,4.665419133734128
14.05,robot2,robot3,4.538061165179052
14.05,robot2,robot4,4.38034722366167
14.05,robot3,robot4,1.5249084644985251
14.100000000000001,robot1,robot2,1.268083897146005
14.100000000000001,robot1,robot3,4.390015613945467
14.100000000000001,robot1,robot4,4.6595281078887165
14.100000000000001,robot2,robot3,4.535117630937703
14.100000000000001,robot2,robot4,4.3748067086983395
14.100000000000001,robot3,robot4,1.52516444000311
14.15,robot1,robot2,1.2651072867781807
14.15,robot1,robot3,4.387207784541239
14.15,robot1,robot4,4.6536895625459636
14.15,robot2,robot3,4.5321595454693
14.15,robot2,robot4,4.369361682105808
14.15,robot3,robot4,1.5252767949051085
14.200000000000001,robot1,robot2,1.2621306787634945
14.200000000000001,robot1,robot3,4.384400512262081
14.200000000000001,robot1,robot4,4.647851073373371
14.200000000000001,robot2,robot3,4.529201541932087
14.200000000000001,robot2,robot4,4.363917457127025
14.200000000000001,robot3,robot4,1.5253945757193448
14.25,robot1,robot2,1.259054120937023
14.25,robot1,robot3,4.3815626468795354
14.25,robot1,robot4,4.641977038116222
14.25,robot2,robot3,4.526236096005875
14.25,robot2,robot4,4.358525664460546
14.25,robot3,robot4,1.5254078842759564
14.3,robot1,robot2,1.2559775728865543
14.3,robot1,robot3,4.3787253239804835
14.3,robot1,robot4,4.636103043341573
14.3,robot2,robot3,4.523270769481968
14.3,robot2,robot4,4.353134687189106
14.3,robot3,robot4,1.525426527698073
14.350000000000001,robot1,robot2,1.2528382798160744
14.350000000000001,robot1,robot3,4.375908509063032
14.350000000000001,robot1,robot4,4.630229620885367
14.350000000000001,robot2,robot3,4.520310096153056
14.350000000000001,robot2,robot4,4.3477944360775895
14.350000000000001,robot3,robot4,1.5253012494651672
14.4,robot1,robot2,1.2496990015487728
14.4,robot1,robot3,4.373092182496614
14.4,robot1,robot4,4.6243562268752605
14.4,robot2,robot3,4.51734959699789
14.4,robot2,robot4,4.342454999077826
14.4,robot3,robot4,1.5251812922865924
14.450000000000001,robot1,robot2,1.2463962151675525
14.450000000000001,robot1,robot3,4.370153023270124
14.450000000000001,robot1,robot4,4.618309577430388
14.450000000000001,robot2,robot3,4.514424299204163
14.450000000000001,robot2,robot4,4.3371770283687106
14.450000000000001,robot3,robot4,1.5249656318301896
14.5,robot1,robot2,1.2430935154042113
14.5,robot1,robot3,4.367214378147814
14.5,robot1,robot4,4.6122629449593395
14.5,robot2,robot3,4.5114992351129795
14.5,robot2,robot4,4.331899894021675
14.5,robot3,robot4,1.5247553450858926
14.55,robot1,robot2,1.2398795406031384
14.55,robot1,robot3,4.364367566580208
14.55,robot1,robot4,4.606355961533206
14.55,robot2,robot3,4.508441820414288
14.55,robot2,robot4,4.3265470125137035
14.55,robot3,robot4,1.5244313766527011
14.600000000000001,robot1,robot2,1.2366655861650713
14.600000000000001,robot1,robot3,4.36152109590152
14.600000000000001,robot1,robot4,4.60044901345347
14.600000000000001,robot2,robot3,4.50538472246633
14.600000000000001,robot2,robot4,4.321195048100698
14.600000000000001,robot3,robot4,1.524112792420889
14.65,robot1,robot2,1.2345830852819302
14.65,robot1,robot3,4.359973662862569
14.65,robot1,robot4,4.5956942334561655
14.65,robot2,robot3,4.502883558365016
14.65,robot2,robot4,4.315932090115066
14.65,robot3,robot4,1.5238783734619372
14.700000000000001,robot1,robot2,1.2325009185051343
14.700000000000001,robot1,robot3,4.358426282573676
14.700000000000001,robot1,robot4,4.590939615662354
14.700000000000001,robot2,robot3,4.500382602837785
14.700000000000001,robot2,robot4,4.310669795465433
14.700000000000001,robot3,robot4,1.5236507952365592
14.75,robot1,robot2,1.231585257377864
14.75,robot1,robot3,4.357097793329064
14.75,robot1,robot4,4.586011596513522
14.75,robot2,robot3,4.4993656887330795
14.75,robot2,robot4,4.306105091784222
14.75,robot3,robot4,1.5235150332216942
14.8,robot1,robot2,1.2306697165470515
14.8,robot1,robot3,4.355769346490354
14.8,robot1,robot4,4.581083822346847
14.8,robot2,robot3,4.4983487840478755
14.8,robot2,robot4,4.301540466220212
14.8,robot3,robot4,1.523388137017287
14.850000000000001,robot1,robot2,1.230107933094186
14.850000000000001,robot1,robot3,4.354393768100044
14.850000000000001,robot1,robot4,4.576184881410742
14.850000000000001,robot2,robot3,4.497281969003527
14.850000000000001,robot2,robot4,4.296870564694496
14.850000000000001,robot3,robot4,1.5232940439328353
14.9,robot1,robot2,1.2295462492923965
14.9,robot1,robot3,4.353018200208334
14.9,robot1,robot4,4.571286313707008
14.9,robot2,robot3,4.496215154511403
14.9,robot2,robot4,4.2922007157459445
14.9,robot3,robot4,1.5232088526068905
14.950000000000001,robot1,robot2,1.2293757292288634
14.950000000000001,robot1,robot3,4.350401183576177
14.950000000000001,robot1,robot4,4.566444725751123
14.950000000000001,robot2,robot3,4.49380638856037
14.950000000000001,robot2,robot4,4.287459535753807
14.950000000000001,robot3,robot4,1.522533517304381
15.0,robot1,robot2,1.229205287315752
15.0,robot1,robot3,4.3477842348627425
15.0,robot1,robot4,4.5616036283055115
15.0,robot2,robot3,4.491397623167426
15.0,robot2,robot4,4.2827183747644435
15.0,robot3,robot4,1.5218621804923729
15.05,robot1,robot2,1.2294393489107138
15.05,robot1,robot3,4.345001769511291
15.05,robot1,robot4,4.556874098119702
15.05,robot2,robot3,4.488850407534344
15.05,robot2,robot4,4.277939447819153
15.05,robot3,robot4,1.5213105641150328
15.100000000000001,robot1,robot2,1.229673465170734
15.100000000000001,robot1,robot3,4.342219404736016
15.100000000000001,robot1,robot4,4.552145212812636
15.100000000000001,robot2,robot3,4.486303210284053
15.100000000000001,robot2,robot4,4.273160524462661
15.100000000000001,robot3,robot4,1.520762325221466
15.15,robot1,robot2,1.2303065485725502
15.15,robot1,robot3,4.339468694466466
15.15,robot1,robot4,4.547546881528903
15.15,robot2,robot3,4.483834165428065
15.15,robot2,robot4,4.268372503190325
15.15,robot3,robot4,1.5204122803638658
15.200000000000001,robot1,robot2,1.2309396674008843
15.200000000000001,robot1,robot3,4.336718089920072
15.200000000000001,robot1,robot4,4.542949340973989
15.200000000000001,robot2,robot3,4.481365218612404
15.200000000000001,robot2,robot4,4.263584482820646
15.200000000000001,robot3,robot4,1.520065506867385
15.25,robot1,robot2,1.2319615758112141
15.25,robot1,robot3,4.33405973534967
15.25,robot1,robot4,4.538514375789726
15.25,robot2,robot3,4.479018944676669
15.25,robot2,robot4,4.25881117554867
15.25,robot3,robot4,1.5199141076397211
15.3,robot1,robot2,1.232983501694163
15.3,robot1,robot3,4.3314014922245425
15.3,robot1,robot4,4.534080350036157
15.3,robot2,robot3,4.4766729003988
15.3,robot2,robot4,4.254037882012101
15.3,robot3,robot4,1.5197659472645781
15.350000000000001,robot1,robot2,1.234367240625131
15.350000000000001,robot1,robot3,4.328891233031069
15.350000000000001,robot1,robot4,4.52984863814049
15.350000000000001,robot2,robot3,4.474507103712794
15.350000000000001,robot2,robot4,4.249329441132124
15.350000000000001,robot3,robot4,1.5198309856836056
15.4,robot1,robot2,1.2357509859611686
15.4,robot1,robot3,4.3263810836957015
15.4,robot1,robot4,4.5256180078907455
15.4,robot2,robot3,4.47234171145721
15.4,robot2,robot4,4.244621038672475
15.4,robot3,robot4,1.5198992589434996
15.450000000000001,robot1,robot2,1.237467338028867
15.450000000000001,robot1,robot3,4.324065028716438
15.450000000000001,robot1,robot4,4.521576145383737
15.450000000000001,robot2,robot3,4.470382921685372
15.450000000000001,robot2,robot4,4.239963242071858
15.450000000000001,robot3,robot4,1.5201518104410658
15.5,robot1,robot2,1.2391836903175413
15.5,robot1,robot3,4.321749078320258
15.5,robot1,robot4,4.517535475121363
15.5,robot2,robot3,4.46842474110922
15.5,robot2,robot4,4.235305524457592
15.5,robot3,robot4,1.520407726397758
15.55,robot1,robot2,1.2411520562948766
15.55,robot1,robot3,4.319705664613766
15.55,robot1,robot4,4.513709982420919
15.55,robot2,robot3,4.466738345734083
15.55,robot2,robot4,4.230745997504607
15.55,robot3,robot4,1.52084240780069
15.600000000000001,robot1,robot2,1.2431204253816284
15.600000000000001,robot1,robot3,4.317662333364317
15.600000000000001,robot1,robot4,4.509885714315275
15.600000000000001,robot2,robot3,4.465052769853678
15.600000000000001,robot2,robot4,4.226186600497428
15.600000000000001,robot3,robot4,1.5212806655873858
15.65,robot1,robot2,1.245731752983061
15.65,robot1,robot3,4.315544139779189
15.65,robot1,robot4,4.50608505024575
15.65,robot2,robot3,4.4636551282994805
15.65,robot2,robot4,4.221741943090791
15.65,robot3,robot4,1.5218997609219374
15.700000000000001,robot1,robot2,1.2483431279147574
15.700000000000001,robot1,robot3,4.313426159307818
15.700000000000001,robot1,robot4,4.502286272169286
15.700000000000001,robot2,robot3,4.462258504845388
15.700000000000001,robot2,robot4,4.217297463504324
15.700000000000001,robot3,robot4,1.5225226888559
15.75,robot1,robot2,1.2527308850935421
15.75,robot1,robot3,4.311377279957791
15.75,robot1,robot4,4.498270861460934
15.75,robot2,robot3,4.461123732345697
15.75,robot2,robot4,4.212291448164675
15.75,robot3,robot4,1.5228303705482926
15.8,robot1,robot2,1.2571187291441488
15.8,robot1,robot3,4.309329526648896
15.8,robot1,robot4,4.4942589137095785
15.8,robot2,robot3,4.459990492123161
15.8,robot2,robot4,4.207286136350247
15.8,robot3,robot4,1.5231441668817827
15.850000000000001,robot1,robot2,1.2619120787159657
15.850000000000001,robot1,robot3,4.307584282305484
15.850000000000001,robot1,robot4,4.490096551218497
15.850000000000001,robot2,robot3,4.459031586962465
15.850000000000001,robot2,robot4,4.201888838117567
15.850000000000001,robot3,robot4,1.5233732567200986
15.9,robot1,robot2,1.2667054435250524
15.9,robot1,robot3,4.305840310352092
15.9,robot1,robot4,4.485937804940791
15.9,robot2,robot3,4.45807449227186
15.9,robot2,robot4,4.196492573595837
15.9,robot3,robot4,1.5236105150129413
15.950000000000001,robot1,robot2,1.2716145762251432
15.950000000000001,robot1,robot3,4.3041530501586776
15.950000000000001,robot1,robot4,4.481824463884239
15.950000000000001,robot2,robot3,4.45735766861265
15.950000000000001,robot2,robot4,4.191193170899726
15.950000000000001,robot3,robot4,1.5241916500225623
16.0,robot1,robot2,1.2765237782481766
16.0,robot1,robot3,4.302467062523315
16.0,robot1,robot4,4.477715381739443
16.0,robot2,robot3,4.456642730792429
16.0,robot2,robot4,4.1858946188748
16.0,robot3,robot4,1.5247814579407764
16.05,robot1,robot2,1.28151839330772
16.05,robot1,robot3,4.300864218505916
16.05,robot1,robot4,4.473818696173465
16.05,robot2,robot3,4.45615684552648
16.05,robot2,robot4,4.180803808672711
16.05,robot3,robot4,1.5258332953760874
16.1,robot1,robot2,1.2865131459588746
16.1,robot1,robot3,4.299262631225964
16.1,robot1,robot4,4.469927086685084
16.1,robot2,robot3,4.455672903331775
16.1,robot2,robot4,4.175713578117159
16.1,robot3,robot4,1.5268937365936766
16.150000000000002,robot1,robot2,1.29159660365553
16.150000000000002,robot1,robot3,4.297724831343236
16.150000000000002,robot1,robot4,4.4663018722599235
16.150000000000002,robot2,robot3,4.45540374204081
16.150000000000002,robot2,robot4,4.170896145314098
16.150000000000002,robot3,robot4,1.5283883779338452
16.2,robot1,robot2,1.2966802958127344
16.2,robot1,robot3,4.296188290357047
16.2,robot1,robot4,4.46268256495317
16.2,robot2,robot3,4.455136567930774
16.2,robot2,robot4,4.166079079430922
16.2,robot3,robot4,1.5298911764860923
16.25,robot1,robot2,1.3018265012712906
16.25,robot1,robot3,4.294746849635551
16.25,robot1,robot4,4.4593071503417425
16.25,robot2,robot3,4.455110437323776
16.25,robot2,robot4,4.1615225217702765
16.25,robot3,robot4,1.5318038874159123
16.3,robot1,robot2,1.3069730671203594
16.3,robot1,robot3,4.293306677027975
16.3,robot1,robot4,4.455938504719404
16.3,robot2,robot3,4.455086280628132
16.3,robot2,robot4,4.156966162969456
16.3,robot3,robot4,1.533724532222133
16.35,robot1,robot2,1.312184430013556
16.35,robot1,robot3,4.29192973844939
16.35,robot1,robot4,4.45290238877962
16.35,robot2,robot3,4.455296238703017
16.35,robot2,robot4,4.152793366346108
16.35,robot3,robot4,1.5360219580074368
16.400000000000002,robot1,robot2,1.3173963394066346
16.400000000000002,robot1,robot3,4.290554093289584
16.400000000000002,robot1,robot4,4.449873853495174
16.400000000000002,robot2,robot3,4.455508142366031
16.400000000000002,robot2,robot4,4.148620656230936
16.400000000000002,robot3,robot4,1.5383265268830282
16.45,robot1,robot2,1.3226502041039614
16.45,robot1,robot3,4.289273274723383
16.45,robot1,robot4,4.4471975652792
16.45,robot2,robot3,4.455942582414746
16.45,robot2,robot4,4.144827173003236
16.45,robot3,robot4,1.5409703650054405
16.5,robot1,robot2,1.3279047763469338
16.5,robot1,robot3,4.287993762877576
16.5,robot1,robot4,4.444529556993068
16.5,robot2,robot3,4.456378925290128
16.5,robot2,robot4,4.141033713025046
16.5,robot3,robot4,1.5436205760237844
16.55,robot1,robot2,1.3333721057571477
16.55,robot1,robot3,4.286634956523269
16.55,robot1,robot4,4.442179075614411
16.55,robot2,robot3,4.457045778143298
16.55,robot2,robot4,4.137698474079431
16.55,robot3,robot4,1.5466033767020717
16.6,robot1,robot2,1.3388406576213616
16.6,robot1,robot3,4.285277685383994
16.6,robot1,robot4,4.439838214447121
16.6,robot2,robot3,4.457714471880181
16.6,robot2,robot4,4.134363235177213
16.6,robot3,robot4,1.549591565685939
16.650000000000002,robot1,robot2,1.3442347555045029
16.650000000000002,robot1,robot3,4.283891869333101
16.650000000000002,robot1,robot4,4.437726331021918
16.650000000000002,robot2,robot3,4.4586001680543745
16.650000000000002,robot2,robot4,4.131456375960721
16.650000000000002,robot3,robot4,1.5528376520815046
16.7,robot1,robot2,1.3496304844382407
16.7,robot1,robot3,4.282507368979182
16.7,robot1,robot4,4.435624107176351
16.7,robot2,robot3,4.45948778170498
16.7,robot2,robot4,4.12854951997781
16.7,robot3,robot4,1.55608816071873
16.75,robot1,robot2,1.3543854706025351
16.75,robot1,robot3,4.281106558635191
16.75,robot1,robot4,4.433558548407926
16.75,robot2,robot3,4.460431482188524
16.75,robot2,robot4,4.125877953950438
16.75,robot3,robot4,1.5596587134855018
16.8,robot1,robot2,1.3591421241547919
16.8,robot1,robot3,4.2797063868524905
16.8,robot1,robot4,4.431501458174194
16.8,robot2,robot3,4.461377187051774
16.8,robot2,robot4,4.12320641879254
16.8,robot3,robot4,1.5632329318518081
16.85,robot1,robot2,1.3632717799122083
16.85,robot1,robot3,4.2779384939576035
16.85,robot1,robot4,4.429522933108372
16.85,robot2,robot3,4.461834044939508
16.85,robot2,robot4,4.120710596196243
16.85,robot3,robot4,1.5667213107209752
16.900000000000002,robot1,robot2,1.3674031164568847
16.900000000000002,robot1,robot3,4.276171195226519
16.900000000000002,robot1,robot4,4.42755250950816
16.900000000000002,robot2,robot3,4.46229236013834
16.900000000000002,robot2,robot4,4.118214956900137
16.900000000000002,robot3,robot4,1.570212000708503
16.95,robot1,robot2,1.37025352573064
16.95,robot1,robot3,4.273851757372411
16.95,robot1,robot4,4.425859818979585
16.95,robot2,robot3,4.462355469607951
16.95,robot2,robot4,4.117515181596329
16.95,robot3,robot4,1.5708264794210243
17.0,robot1,robot2,1.3731071386476004
17.0,robot1,robot3,4.271533092248965
17.0,robot1,robot4,4.424169449910797
17.0,robot2,robot3,4.4624188550019595
17.0,robot2,robot4,4.116815457683888
17.0,robot3,robot4,1.571441034144775
17.05,robot1,robot2,1.3750322651248952
17.05,robot1,robot3,4.268540415799351
17.05,robot1,robot4,4.422123647992501
17.05,robot2,robot3,4.462395240230968
17.05,robot2,robot4,4.11684485012491
17.05,robot3,robot4,1.5714432591843714
17.1,robot1,robot2,1.376964010026769
17.1,robot1,robot3,4.265548704367586
17.1,robot1,robot4,4.420079813990919
17.1,robot2,robot3,4.462371625922364
17.1,robot2,robot4,4.1168742432851895
17.1,robot3,robot4,1.571445485031536
17.150000000000002,robot1,robot2,1.3785292591515785
17.150000000000002,robot1,robot3,4.262440385267019
17.150000000000002,robot1,robot4,4.41774009039056
17.150000000000002,robot2,robot3,4.462433492049629
17.150000000000002,robot2,robot4,4.1169126131091245
17.150000000000002,robot3,robot4,1.5715154058230705
17.2,robot1,robot2,1.3801019865375892
17.2,robot1,robot3,4.259332714760024
17.2,robot1,robot4,4.41540206063389
17.2,robot2,robot3,4.462495359408007
17.2,robot2,robot4,4.116950986192209
17.2,robot3,robot4,1.5715853277900629
17.25,robot1,robot2,1.383077315594649
17.25,robot1,robot3,4.256058059358125
17.25,robot1,robot4,4.412832503937947
17.25,robot2,robot3,4.462330077339331
17.25,robot2,robot4,4.116212346161973
17.25,robot3,robot4,1.571484009213266
17.3,robot1,robot2,1.38605753331707
17.3,robot1,robot3,4.2527838499441755
17.3,robot1,robot4,4.410264192019907
17.3,robot2,robot3,4.462165491915893
17.3,robot2,robot4,4.115474401890018
17.3,robot3,robot4,1.5713826913151996
17.35,robot1,robot2,1.3889273714634074
17.35,robot1,robot3,4.249373633928475
17.35,robot1,robot4,4.407234861910271
17.35,robot2,robot3,4.461663548435073
17.35,robot2,robot4,4.113897253350222
17.35,robot3,robot4,1.571829489729166
17.400000000000002,robot1,robot2,1.3918011020903813
17.400000000000002,robot1,robot3,4.245963716796458
17.400000000000002,robot1,robot4,4.404207310805657
17.400000000000002,robot2,robot3,4.4611625166043885
17.400000000000002,robot2,robot4,4.112320502896873
17.400000000000002,robot3,robot4,1.5722763801196025
17.45,robot1,robot2,1.3941472137599027
17.45,robot1,robot3,4.242489711320141
17.45,robot1,robot4,4.399716108676843
17.45,robot2,robot3,4.460370303856089
17.45,robot2,robot4,4.107953776763438
17.45,robot3,robot4,1.576423696761518
17.5,robot1,robot2,1.3964965956571467
17.5,robot1,robot3,4.239015853864786
17.5,robot1,robot4,4.395235228435447
17.5,robot2,robot3,4.459578906323892
17.5,robot2,robot4,4.103588605088234
17.5,robot3,robot4,1.5805759261550836
17.55,robot1,robot2,1.398315640921248
17.55,robot1,robot3,4.235459090047884
17.55,robot1,robot4,4.390105308727913
17.55,robot2,robot3,4.458507641189621
17.55,robot2,robot4,4.098710541614033
17.55,robot3,robot4,1.5841705442663834
17.6,robot1,robot2,1.4001375076134488
17.6,robot1,robot3,4.231902379604237
17.6,robot1,robot4,4.384983683067931
17.6,robot2,robot3,4.4574370811382185
17.6,robot2,robot4,4.093833638924035
17.6,robot3,robot4,1.587771198186943
17.650000000000002,robot1,robot2,1.4013964744134688
17.650000000000002,robot1,robot3,4.228316570030796
17.650000000000002,robot1,robot4,4.379189073550975
17.650000000000002,robot2,robot3,4.456133832635472
17.650000000000002,robot2,robot4,4.0884069343830305
17.650000000000002,robot3,robot4,1.5908915230081686
17.7,robot1,robot2,1.4026578740719349
17.7,robot1,robot3,4.224730766182385
17.7,robot1,robot4,4.373401141326165
17.7,robot2,robot3,4.454831153545553
17.7,robot2,robot4,4.082981143647984
17.7,robot3,robot4,1.5940195390662562
17.75,robot1,robot2,1.4033313463045711
17.75,robot1,robot3,4.2211350215079
17.75,robot1,robot4,4.367090610696554
17.75,robot2,robot3,4.4533035327364
17.75,robot2,robot4,4.077135359561785
17.75,robot3,robot4,1.596754969415314
17.8,robot1,robot2,1.4040068906739738
17.8,robot1,robot3,4.2175392837494705
17.8,robot1,robot4,4.3607853963034
17.8,robot2,robot3,4.451776346494733
17.8,robot2,robot4,4.071290363746733
17.8,robot3,robot4,1.599499382514729
17.85,robot1,robot2,1.4040751635020292
17.85,robot1,robot3,4.213936580206239
17.85,robot1,robot4,4.353956956708747
17.85,robot2,robot3,4.450063897105861
17.85,robot2,robot4,4.065085771234015
17.85,robot3,robot4,1.6018175676203736
17.900000000000002,robot1,robot2,1.4041452945008932
17.900000000000002,robot1,robot3,4.210333933641961
17.900000000000002,robot1,robot4,4.347132567080166
17.900000000000002,robot2,robot3,4.448351743839734
17.900000000000002,robot2,robot4,4.05888184141889
17.900000000000002,robot3,robot4,1.604146108321184
17.95,robot1,robot2,1.403744805970533
17.95,robot1,robot3,4.205469706542481
17.95,robot1,robot4,4.338687239165379
17.95,robot2,robot3,4.446324245375077
17.95,robot2,robot4,4.052220079558395
17.95,robot3,robot4,1.6060124607349722
18.0,robot1,robot2,1.4033492374608683
18.0,robot1,robot3,4.200605607597671
18.0,robot1,robot4,4.3302457115559845
18.0,robot2,robot3,4.4442969727979476
18.0,robot2,robot4,4.045558808560939
18.0,robot3,robot4,1.6078903579442227
18.05,robot1,robot2,1.4027065338912663
18.05,robot1,robot3,4.19570053616902
18.05,robot1,robot4,4.321444951751816
18.05,robot2,robot3,4.442015697224995
18.05,robot2,robot4,4.038570128668376
18.05,robot3,robot4,1.6092430947412046
18.1,robot1,robot2,1.4020682355267164
18.1,robot1,robot3,4.1907955974512765
18.1,robot1,robot4,4.312647211703967
18.1,robot2,robot3,4.439734578603546
18.1,robot2,robot4,4.031581756956567
18.1,robot3,robot4,1.6106083145051127
18.150000000000002,robot1,robot2,1.401633176157371
18.150000000000002,robot1,robot3,4.188739974470247
18.150000000000002,robot1,robot4,4.306582879531114
18.150000000000002,robot2,robot3,4.437520140209169
18.150000000000002,robot2,robot4,4.024819317000764
18.150000000000002,robot3,robot4,1.611507030922453
18.2,robot1,robot2,1.4011981519617416
18.2,robot1,robot3,4.186684370587423
18.2,robot1,robot4,4.300520027915229
18.2,robot2,robot3,4.435305777711386
18.2,robot2,robot4,4.018057059854303
18.2,robot3,robot4,1.6124179597067876
18.25,robot1,robot2,1.4011544563903366
18.25,robot1,robot3,4.186735649389659
18.25,robot1,robot4,4.299555164860808
18.25,robot2,robot3,4.435024686907194
18.25,robot2,robot4,4.016665480209205
18.25,robot3,robot4,1.6126124716983308
18.3,robot1,robot2,1.4011108444605658
18.3,robot1,robot3,4.186786928337768
18.3,robot1,robot4,4.298590343999414
18.3,robot2,robot3,4.434743597513277
18.3,robot2,robot4,4.01527390572175
18.3,robot3,robot4,1.6128077200599582
18.35,robot1,robot2,1.400769032662862
18.35,robot1,robot3,4.184021337862924
18.35,robot1,robot4,4.2959065774970595
18.35,robot2,robot3,4.434749332057507
18.35,robot2,robot4,4.0153189417232165
18.35,robot3,robot4,1.6127733898596077
18.400000000000002,robot1,robot2,1.4004327503125595
18.400000000000002,robot1,robot3,4.181255780156124
18.400000000000002,robot1,robot4,4.29322290808863
18.400000000000002,robot2,robot3,4.434755066680572
18.400000000000002,robot2,robot4,4.0153639777939185
18.400000000000002,robot3,robot4,1.6127390602357223
18.45,robot1,robot2,1.3992507740594606
18.45,robot1,robot3,4.175122626939058
18.45,robot1,robot4,4.287159217164234
18.45,robot2,robot3,4.432398967044426
18.45,robot2,robot4,4.012983975186201
18.45,robot3,robot4,1.6127353229926635
18.5,robot1,robot2,1.3980789016375292
18.5,robot1,robot3,4.168989717579188
18.5,robot1,robot4,4.281095950707949
18.5,robot2,robot3,4.430042928408821
18.5,robot2,robot4,4.010604006144212
18.5,robot3,robot4,1.612731585759081
18.55,robot1,robot2,1.3968639723345473
18.55,robot1,robot3,4.163025061540857
18.55,robot1,robot4,4.27521157167695
18.55,robot2,robot3,4.4260279257585475
18.55,robot2,robot4,4.006501714825572
18.55,robot3,robot4,1.6127284297739808
18.6,robot1,robot2,1.3956515667217946
18.6,robot1,robot3,4.157060612543435
18.6,robot1,robot4,4.269327631818621
18.6,robot2,robot3,4.422013141120343
18.6,robot2,robot4,4.002399496399254
18.6,robot3,robot4,1.6127252738051823
18.650000000000002,robot1,robot2,1.3944011404546575
18.650000000000002,robot1,robot3,4.150980301345275
18.650000000000002,robot1,robot4,4.2607666949427365
18.650000000000002,robot2,robot3,4.417995821872883
18.650000000000002,robot2,robot4,3.9954552365842497
18.650000000000002,robot3,robot4,1.6133249006378876
18.7,robot1,robot2,1.3931535471440326
18.7,robot1,robot3,4.144900230254283
18.7,robot1,robot4,4.252207416855979
18.7,robot2,robot3,4.413978733421582
18.7,robot2,robot4,3.9885111868872825
18.7,robot3,robot4,1.613929380917579
18.75,robot1,robot2,1.391898571827883
18.75,robot1,robot3,4.138212672717595
18.75,robot1,robot4,4.2399279676241255
18.75,robot2,robot3,4.409858982045797
18.75,robot2,robot4,3.978002015786474
18.75,robot3,robot4,1.6151627248423763
18.8,robot1,robot2,1.390647994092682
18.8,robot1,robot3,4.1315253969690175
18.8,robot1,robot4,4.2276528696590026
18.8,robot2,robot3,4.4057395055261726
18.8,robot2,robot4,3.9674932262941547
18.8,robot3,robot4,1.6164198135311258
18.85,robot1,robot2,1.390120132837896
18.85,robot1,robot3,4.1261957661467354
18.85,robot1,robot4,4.217140277410747
18.85,robot2,robot3,4.401090191848435
18.85,robot2,robot4,3.9566376875677216
18.85,robot3,robot4,1.617693960322301
18.900000000000002,robot1,robot2,1.3895924934674193
18.900000000000002,robot1,robot3,4.120866147965619
18.900000000000002,robot1,robot4,4.206632578161301
18.900000000000002,robot2,robot3,4.396441211089259
18.900000000000002,robot2,robot4,3.94578260433149
18.900000000000002,robot3,robot4,1.6189903441296372
18.95,robot1,robot2,1.3896123790964154
18.95,robot1,robot3,4.117484635958464
18.95,robot1,robot4,4.19805351006261
18.95,robot2,robot3,4.392727635820369
18.95,robot2,robot4,3.9358157014887016
18.95,robot3,robot4,1.6202929251913063
19.0,robot1,robot2,1.3896324457643467
19.0,robot1,robot3,4.1141031283404885
19.0,robot1,robot4,4.189478531090474
19.0,robot2,robot3,4.389014354213483
19.0,robot2,robot4,3.9258490843425196
19.0,robot3,robot4,1.6216177236836677
19.05,robot1,robot2,1.390525370912106
19.05,robot1,robot3,4.110351744414157
19.05,robot1,robot4,4.181742540178585
19.05,robot2,robot3,4.387086693468257
19.05,robot2,robot4,3.918721728502357
19.05,robot3,robot4,1.6227724424549643
19.1,robot1,robot2,1.3914200776012973
19.1,robot1,robot3,4.10660042021439
19.1,robot1,robot4,4.1740107346226365
19.1,robot2,robot3,4.3851592617355415
19.1,robot2,robot4,3.9115944248330496
19.1,robot3,robot4,1.6239418074549345
19.150000000000002,robot1,robot2,1.3928654584529152
19.150000000000002,robot1,robot3,4.10249581060886
19.150000000000002,robot1,robot4,4.167124829736475
19.150000000000002,robot2,robot3,4.383147671224242
19.150000000000002,robot2,robot4,3.905465203674525
19.150000000000002,robot3,robot4,1.6248213970409178
19.200000000000003,robot1,robot2,1.3943129226586837
19.200000000000003,robot1,robot3,4.098391322735788
19.200000000000003,robot1,robot4,4.160242676260604
19.200000000000003,robot2,robot3,4.381136517171429
19.200000000000003,robot2,robot4,3.899335983092634
19.200000000000003,robot3,robot4,1.625709310697334
19.25,robot1,robot2,1.3963932376836046
19.25,robot1,robot3,4.093208580057367
19.25,robot1,robot4,4.153574607775091
19.25,robot2,robot3,4.378347487839019
19.25,robot2,robot4,3.893272176897282
19.25,robot3,robot4,1.6268976912535864
19.3,robot1,robot2,1.3984755335610988
19.3,robot1,robot3,4.088025908885241
19.3,robot1,robot4,4.146910841870127
19.3,robot2,robot3,4.375559873607261
19.3,robot2,robot4,3.887208404487339
19.3,robot3,robot4,1.6280897285632017
19.35,robot1,robot2,1.4011714302154463
19.35,robot1,robot3,4.083150183595259
19.35,robot1,robot4,4.140488545567932
19.35,robot2,robot3,4.373205622164363
19.35,robot2,robot4,3.881249266660575
19.35,robot3,robot4,1.6294687575729245
19.400000000000002,robot1,robot2,1.4038692003976014
19.400000000000002,robot1,robot3,4.078274571235364
19.400000000000002,robot1,robot4,4.13407105345675
19.400000000000002,robot2,robot3,4.370853227055101
19.400000000000002,robot2,robot4,3.875290251330602
19.400000000000002,robot3,robot4,1.6308518731436035
19.450000000000003,robot1,robot2,1.4071513464961758
19.450000000000003,robot1,robot3,4.073729598938299
19.450000000000003,robot1,robot4,4.127932374572196
19.450000000000003,robot2,robot3,4.368946106625716
19.450000000000003,robot2,robot4,3.8694872062548864
19.450000000000003,robot3,robot4,1.6323850698043798
19.5,robot1,robot2,1.4104352688517823
19.5,robot1,robot3,4.069184799049191
19.5,robot1,robot4,4.121798960489218
19.5,robot2,robot3,4.3670412601185715
19.5,robot2,robot4,3.863684421956975
19.5,robot3,robot4,1.6339227483198218
19.55,robot1,robot2,1.4141277958559828
19.55,robot1,robot3,4.06515964096959
19.55,robot1,robot4,4.116050406555567
19.55,robot2,robot3,4.365611101986582
19.55,robot2,robot4,3.858070430040288
19.55,robot3,robot4,1.6355968713421563
19.6,robot1,robot2,1.4178217183189852
19.6,robot1,robot3,4.061134670823537
19.6,robot1,robot4,4.110307141203076
19.6,robot2,robot3,4.3641835840674705
19.6,robot2,robot4,3.8524568714618983
19.6,robot3,robot4,1.637275944992169
19.650000000000002,robot1,robot2,1.422531470333785
19.650000000000002,robot1,robot3,4.056460865981237
19.650000000000002,robot1,robot4,4.104136112713277
19.650000000000002,robot2,robot3,4.3632575867574275
19.650000000000002,robot2,robot4,3.8471127214234637
19.650000000000002,robot3,robot4,1.6390732899504523
19.700000000000003,robot1,robot2,1.4272454324344501
19.700000000000003,robot1,robot3,4.051787706612725
19.700000000000003,robot1,robot4,4.097973178743365
19.700000000000003,robot2,robot3,4.362334331893533
19.700000000000003,robot2,robot4,3.8417691159471046
19.700000000000003,robot3,robot4,1.6408761172940511
19.75,robot1,robot2,1.4338014298753157
19.75,robot1,robot3,4.046428919909505
19.75,robot1,robot4,4.09121531279084
19.75,robot2,robot3,4.3615739115315355
19.75,robot2,robot4,3.835901303478656
19.75,robot3,robot4,1.6426805250906975
19.8,robot1,robot2,1.4403629201229111
19.8,robot1,robot3,4.04107147358148
19.8,robot1,robot4,4.084468608200215
19.8,robot2,robot3,4.360818301290825
19.8,robot2,robot4,3.8300352371877735
19.8,robot3,robot4,1.6444913568422914
19.85,robot1,robot2,1.4480827146420197
19.85,robot1,robot3,4.035973318589489
19.85,robot1,robot4,4.076102416039402
19.85,robot2,robot3,4.3599929019155805
19.85,robot2,robot4,3.821677365989736
19.85,robot3,robot4,1.6464194267281957
19.900000000000002,robot1,robot2,1.4558051323363996
19.900000000000002,robot1,robot3,4.030876463343053
19.900000000000002,robot1,robot4,4.067748876647131
19.900000000000002,robot2,robot3,4.3591755501812495
19.900000000000002,robot2,robot4,3.8133236028164452
19.900000000000002,robot3,robot4,1.6483636937717965
19.950000000000003,robot1,robot2,1.4634588517263656
19.950000000000003,robot1,robot3,4.025988984863129
19.950000000000003,robot1,robot4,4.058611057485214
19.950000000000003,robot2,robot3,4.35863139670023
19.950000000000003,robot2,robot4,3.804211139174388
19.950000000000003,robot3,robot4,1.6505180188972493
20.0,robot1,robot2,1.4711153094553806
20.0,robot1,robot3,4.0211027204248335
20.0,robot1,robot4,4.0494869787064385
20.0,robot2,robot3,4.358095073273414
20.0,robot2,robot4,3.795102789030226
20.0,robot3,robot4,1.6526954339142466
20.05,robot1,robot2,1.4787355007344112
20.05,robot1,robot3,4.016405564974515
20.05,robot1,robot4,4.040347089447453
20.05,robot2,robot3,4.357788458547811
20.05,robot2,robot4,3.7860710290418815
20.05,robot3,robot4,1.6548316197843969
20.1,robot1,robot2,1.486358472193367
20.1,robot1,robot3,4.011709576409664
20.1,robot1,robot4,4.03122058364027
20.1,robot2,robot3,4.357489493745223
20.1,robot2,robot4,3.7770436734771815
20.1,robot3,robot4,1.656992003278833
20.150000000000002,robot1,robot2,1.4940294135739935
20.150000000000002,robot1,robot3,4.007079962487179
20.150000000000002,robot1,robot4,4.021949516861257
20.150000000000002,robot2,robot3,4.3573999978900835
20.150000000000002,robot2,robot4,3.76801518078235
20.150000000000002,robot3,robot4,1.6591379911572306
20.200000000000003,robot1,robot2,1.5017034673916159
20.200000000000003,robot1,robot3,4.002451572733142
20.200000000000003,robot1,robot4,4.012692117156385
20.200000000000003,robot2,robot3,4.357317937705488
20.200000000000003,robot2,robot4,3.758991322036936
20.200000000000003,robot3,robot4,1.6613097902718206
20.25,robot1,robot2,1.5090230070682322
20.25,robot1,robot3,3.9980100708743844
20.25,robot1,robot4,4.003212371784346
20.25,robot2,robot3,4.3573807820963095
20.25,robot2,robot4,3.749881299890971
20.25,robot3,robot4,1.66344060065764
20.3,robot1,robot2,1.5163454244046768
20.3,robot1,robot3,3.9935693576901854
20.3,robot1,robot4,3.9937446807896975
20.3,robot2,robot3,4.357451181015916
20.3,robot2,robot4,3.7407764305294964
20.3,robot3,robot4,1.6655987415659272
20.35,robot1,robot2,1.5225730517528544
20.35,robot1,robot3,3.98918099361122
20.35,robot1,robot4,3.983922553651991
20.35,robot2,robot3,4.357690297600438
20.35,robot2,robot4,3.731854723152684
20.35,robot3,robot4,1.6678697900375798
20.400000000000002,robot1,robot2,1.5288047763874237
20.400000000000002,robot1,robot3,3.984793065152819
20.400000000000002,robot1,robot4,3.9741116012437288
20.400000000000002,robot2,robot3,4.357935085289476
20.400000000000002,robot2,robot4,3.722936739157005
20.400000000000002,robot3,robot4,1.6701699893226436
20.450000000000003,robot1,robot2,1.5337701355128972
20.450000000000003,robot1,robot3,3.9803220131675277
20.450000000000003,robot1,robot4,3.963648180656615
20.450000000000003,robot2,robot3,4.3579777698627895
20.450000000000003,robot2,robot4,3.713735482473307
20.450000000000003,robot3,robot4,1.6724936512837651
20.5,robot1,robot2,1.5387404777739486
20.5,robot1,robot3,3.975851187493063
20.5,robot1,robot4,3.953195366946845
20.5,robot2,robot3,4.358024258299854
20.5,robot2,robot4,3.704536526947737
20.5,robot3,robot4,1.6748500140430485
20.55,robot1,robot2,1.543059598046686
20.55,robot1,robot3,3.971103699575975
20.55,robot1,robot4,3.9424100919050136
20.55,robot2,robot3,4.357588944384956
20.55,robot2,robot4,3.6950260822858207
20.55,robot3,robot4,1.6771611971997504
20.6,robot1,robot2,1.5473833308666602
20.6,robot1,robot3,3.966356306912681
20.6,robot1,robot4,3.931634686415817
20.6,robot2,robot3,4.357157156493899
20.6,robot2,robot4,3.685517576835036
20.6,robot3,robot4,1.679504242774635
20.650000000000002,robot1,robot2,1.550949154057363
20.650000000000002,robot1,robot3,3.960976105791917
20.650000000000002,robot1,robot4,3.920593773478259
20.650000000000002,robot2,robot3,4.355568463578119
20.650000000000002,robot2,robot4,3.675780226188346
20.650000000000002,robot3,robot4,1.6808533632658145
20.700000000000003,robot1,robot2,1.554519303515077
20.700000000000003,robot1,robot3,3.955596241062527
20.700000000000003,robot1,robot4,3.9095619321629878
20.700000000000003,robot2,robot3,4.353981806706706
20.700000000000003,robot2,robot4,3.6660443428732545
20.700000000000003,robot3,robot4,1.6822317507555253
20.75,robot1,robot2,1.5574369525606004
20.75,robot1,robot3,3.949715716973343
20.75,robot1,robot4,3.8980298604598964
20.75,robot2,robot3,4.352004858840348
20.75,robot2,robot4,3.656119108403096
20.75,robot3,robot4,1.68362235749388
20.8,robot1,robot2,1.560359787034388
20.8,robot1,robot3,3.943835368038706
20.8,robot1,robot4,3.8865066554017376
20.8,robot2,robot3,4.3500296562401735
20.8,robot2,robot4,3.6461949415356276
20.8,robot3,robot4,1.6850413726888132
20.85,robot1,robot2,1.5631687083410097
20.85,robot1,robot3,3.9367246808203387
20.85,robot1,robot4,3.874015796380869
20.85,robot2,robot3,4.347696917856452
20.85,robot2,robot4,3.636244641404233
20.85,robot3,robot4,1.6861408425913003
20.900000000000002,robot1,robot2,1.5659877629151515
20.900000000000002,robot1,robot3,3.9296144834089004
20.900000000000002,robot1,robot4,3.8615361812071622
20.900000000000002,robot2,robot3,4.345365174738827
20.900000000000002,robot2,robot4,3.6262950171198143
20.900000000000002,robot3,robot4,1.6872688418343416
20.950000000000003,robot1,robot2,1.5686037546622476
20.950000000000003,robot1,robot3,3.922502611133866
20.950000000000003,robot1,robot4,3.847567549654748
20.950000000000003,robot2,robot3,4.341968771954088
20.950000000000003,robot2,robot4,3.6137885974630892
20.950000000000003,robot3,robot4,1.6883971623904876
21.0,robot1,robot2,1.5712253000973477
21.0,robot1,robot3,3.915391351645069
21.0,robot1,robot4,3.833611785499022
21.0,robot2,robot3,4.338573471478961
21.0,robot2,robot4,3.601282959294507
21.0,robot3,robot4,1.6895683705781193
21.05,robot1,robot2,1.5737894683927707
21.05,robot1,robot3,3.908280572783926
21.05,robot1,robot4,3.819173243266303
21.05,robot2,robot3,4.334436917144631
21.05,robot2,robot4,3.5874805305354966
21.05,robot3,robot4,1.6908134838717428
21.1,robot1,robot2,1.5763564540046135
21.1,robot1,robot3,3.9011703330872387
21.1,robot1,robot4,3.804747907652227
21.1,robot2,robot3,4.3303019224098
21.1,robot2,robot4,3.57367908437817
21.1,robot3,robot4,1.6921060802018293
21.150000000000002,robot1,robot2,1.578704424612315
21.150000000000002,robot1,robot3,3.8940517174362865
21.150000000000002,robot1,robot4,3.790314397228975
21.150000000000002,robot2,robot3,4.326126703295917
21.150000000000002,robot2,robot4,3.5599141774308616
21.150000000000002,robot3,robot4,1.6934425601390353
21.200000000000003,robot1,robot2,1.5810552961512765
21.200000000000003,robot1,robot3,3.8869335913352057
21.200000000000003,robot1,robot4,3.775894127345865
21.200000000000003,robot2,robot3,4.321952885040973
21.200000000000003,robot2,robot4,3.546150122264565
21.200000000000003,robot3,robot4,1.6948260911895947
21.25,robot1,robot2,1.5833789665277547
21.25,robot1,robot3,3.8789712740130597
21.25,robot1,robot4,3.760726743461229
21.25,robot2,robot3,4.317496720438475
21.25,robot2,robot4,3.532107015416435
21.25,robot3,robot4,1.6962782482319931
21.3,robot1,robot2,1.585707296662912
21.3,robot1,robot3,3.871009464020464
21.3,robot1,robot4,3.7455744897156964
21.3,robot2,robot3,4.313041971221008
21.3,robot2,robot4,3.518064664556494
21.3,robot3,robot4,1.697777322102342
21.35,robot1,robot2,1.5878197382292805
21.35,robot1,robot3,3.862499528639744
21.35,robot1,robot4,3.729576869587386
21.35,robot2,robot3,4.308313428557194
21.35,robot2,robot4,3.503371873210471
21.35,robot3,robot4,1.699563548876299
21.400000000000002,robot1,robot2,1.5899376436590211
21.400000000000002,robot1,robot3,3.853989892040325
21.400000000000002,robot1,robot4,3.7135956458852637
21.400000000000002,robot2,robot3,4.303586559491165
21.400000000000002,robot2,robot4,3.4886797936689447
21.400000000000002,robot3,robot4,1.7013991962866917
21.450000000000003,robot1,robot2,1.5916734050492272
21.450000000000003,robot1,robot3,3.8453652534167664
21.450000000000003,robot1,robot4,3.697383269649022
21.450000000000003,robot2,robot3,4.298722325984082
21.450000000000003,robot2,robot4,3.4738773428666843
21.450000000000003,robot3,robot4,1.7032512947990088
21.5,robot1,robot2,1.5934147485598342
21.5,robot1,robot3,3.8367407774564333
21.5,robot1,robot4,3.6811867136356993
21.5,robot2,robot3,4.293859708878831
21.5,robot2,robot4,3.4590755606398655
21.5,robot3,robot4,1.7051526373627084
21.55,robot1,robot2,1.5950072482691888
21.55,robot1,robot3,3.8271409880234684
21.55,robot1,robot4,3.6641325937088096
21.55,robot2,robot3,4.288897794281241
21.55,robot2,robot4,3.444286845997368
21.55,robot3,robot4,1.7070632228833822
21.6,robot1,robot2,1.5966093994628117
21.6,robot1,robot3,3.8175413292109885
21.6,robot1,robot4,3.647096046344955
21.6,robot2,robot3,4.283937348564402
21.6,robot2,robot4,3.429498700453173
21.6,robot3,robot4,1.7090222322734716
21.650000000000002,robot1,robot2,1.597862400002735
21.650000000000002,robot1,robot3,3.807621146756364
21.650000000000002,robot1,robot4,3.629735284297258
21.650000000000002,robot2,robot3,4.277742859782276
21.650000000000002,robot2,robot4,3.413480059384703
21.650000000000002,robot3,robot4,1.710932080170411
21.700000000000003,robot1,robot2,1.5991210882859996
21.700000000000003,robot1,robot3,3.79770107077703
21.700000000000003,robot1,robot4,3.612392513104991
21.700000000000003,robot2,robot3,4.271550210886207
21.700000000000003,robot2,robot4,3.3974619183363917
21.700000000000003,robot3,robot4,1.7128901207783294
21.75,robot1,robot2,1.6000213762407207
21.75,robot1,robot3,3.7874108284435226
21.75,robot1,robot4,3.594987653058248
21.75,robot2,robot3,4.264438110047442
21.75,robot2,robot4,3.380873507565833
21.75,robot3,robot4,1.7147714299038515
21.8,robot1,robot2,1.6009254427723985
21.8,robot1,robot3,3.777120633780446
21.8,robot1,robot4,3.5776004350189807
21.8,robot2,robot3,4.257328246019327
21.8,robot2,robot4,3.364285537135634
21.8,robot3,robot4,1.7166968268817882
21.85,robot1,robot2,1.6015072626208253
21.85,robot1,robot3,3.7665335649163203
21.85,robot1,robot4,3.5589267843192554
21.85,robot2,robot3,4.24990238199479
21.85,robot2,robot4,3.3464561612090855
21.85,robot3,robot4,1.7187826279713938
21.900000000000002,robot1,robot2,1.6020930802999558
21.900000000000002,robot1,robot3,3.7559465206918206
21.900000000000002,robot1,robot4,3.540272500558677
21.900000000000002,robot2,robot3,4.242478636855817
21.900000000000002,robot2,robot4,3.3286272540134307
21.900000000000002,robot3,robot4,1.7209229325257425
21.950000000000003,robot1,robot2,1.602338347013904
21.950000000000003,robot1,robot3,3.745361718586102
21.950000000000003,robot1,robot4,3.5211574291411964
21.950000000000003,robot2,robot3,4.234934774137731
21.950000000000003,robot2,robot4,3.31040006790146
21.950000000000003,robot3,robot4,1.7230191113057918
22.0,robot1,robot2,1.602587692295183
22.0,robot1,robot3,3.7347769352305367
22.0,robot1,robot4,3.502061943211313
22.0,robot2,robot3,4.227392674005338
22.0,robot2,robot4,3.292173326573952
22.0,robot3,robot4,1.7251746043345872
22.05,robot1,robot2,1.6025057984657962
22.05,robot1,robot3,3.724205695983004
22.05,robot1,robot4,3.482918634507021
22.05,robot2,robot3,4.219788800532232
22.05,robot2,robot4,3.2740100254400946
22.05,robot3,robot4,1.7272488844154743
22.1,robot1,robot2,1.6024282435335442
22.1,robot1,robot3,3.713634470866108
22.1,robot1,robot4,3.4637947298883054
22.1,robot2,robot3,4.212186334958723
22.1,robot2,robot4,3.2558470734805707
22.1,robot3,robot4,1.729382600303646
22.150000000000002,robot1,robot2,1.6020324270598425
22.150000000000002,robot1,robot3,3.703096100404768
22.150000000000002,robot1,robot4,3.4446100437126765
22.150000000000002,robot2,robot3,4.204509823548667
22.150000000000002,robot2,robot4,3.237701438441243
22.150000000000002,robot3,robot4,1.7314342351435847
22.200000000000003,robot1,robot2,1.6016410854873198
22.200000000000003,robot1,robot3,3.6925577397203955
22.200000000000003,robot1,robot4,3.4254445316940965
22.200000000000003,robot2,robot3,4.1968344309853345
22.200000000000003,robot2,robot4,3.2195560856195673
22.200000000000003,robot3,robot4,1.7335457737510138
22.25,robot1,robot2,1.6010444011757607
22.25,robot1,robot3,3.6808083567638374
22.25,robot1,robot4,3.4050589540620657
22.25,robot2,robot3,4.1891110024019715
22.25,robot2,robot4,3.201413022516776
22.25,robot3,robot4,1.7355904065640748
22.3,robot1,robot2,1.6004576518115061
22.3,robot1,robot3,3.6690589768987087
22.3,robot1,robot4,3.3846950937796447
22.3,robot2,robot3,4.181388427211828
22.3,robot2,robot4,3.183270183183639
22.3,robot3,robot4,1.7376959147149422
22.35,robot1,robot2,1.5994317615284497
22.35,robot1,robot3,3.6570184114563182
22.35,robot1,robot4,3.363960916156316
22.35,robot2,robot3,4.172630591266198
22.35,robot2,robot4,3.1640710050692995
22.35,robot3,robot4,1.739782833350545
22.400000000000002,robot1,robot2,1.598412987337753
22.400000000000002,robot1,robot3,3.6449778505835932
22.400000000000002,robot1,robot4,3.3432497270657167
22.400000000000002,robot2,robot3,4.163873623171697
22.400000000000002,robot2,robot4,3.1448719374761493
22.400000000000002,robot3,robot4,1.7419318459945559
22.450000000000003,robot1,robot2,1.5971408429665805
22.450000000000003,robot1,robot3,3.6330023248143526
22.450000000000003,robot1,robot4,3.3225024034257657
22.450000000000003,robot2,robot3,4.154798033986068
22.450000000000003,robot2,robot4,3.125363275508623
22.450000000000003,robot3,robot4,1.7440356536609278
22.5,robot1,robot2,1.595874647506501
22.5,robot1,robot3,3.621026802597987
22.5,robot1,robot4,3.301778165070603
22.5,robot2,robot3,4.145723244340967
22.5,robot2,robot4,3.105854704543823
22.5,robot3,robot4,1.7462022986698877
22.55,robot1,robot2,1.5944558189828435
22.55,robot1,robot3,3.608253527714273
22.55,robot1,robot4,3.2803552227341553
22.55,robot2,robot3,4.13548866662481
22.55,robot2,robot4,3.085647074927721
22.55,robot3,robot4,1.7473232582734224
22.6,robot1,robot2,1.5930430872907988
22.6,robot1,robot3,3.5954805799259986
22.6,robot1,robot4,3.2589571175015486
22.6,robot2,robot3,4.12525437407804
22.6,robot2,robot4,3.065439557985282
22.6,robot3,robot4,1.7485116872817865
22.650000000000002,robot1,robot2,1.5914579066096126
22.650000000000002,robot1,robot3,3.5824351760335102
22.650000000000002,robot1,robot4,3.237400796594854
22.650000000000002,robot2,robot3,4.114618257668625
22.650000000000002,robot2,robot4,3.0451109000545853
22.650000000000002,robot3,robot4,1.749367445289654
22.700000000000003,robot1,robot2,1.58987898558601
22.700000000000003,robot1,robot3,3.5693902620870688
22.700000000000003,robot1,robot4,3.215869951719129
22.700000000000003,robot2,robot3,4.103982301590736
22.700000000000003,robot2,robot4,3.024782345368009
22.700000000000003,robot3,robot4,1.7502908086258124
22.75,robot1,robot2,1.588146665570438
22.75,robot1,robot3,3.5564484762955586
22.75,robot1,robot4,3.1943011628478692
22.75,robot2,robot3,4.09341826262019
22.75,robot2,robot4,3.0044590710627515
22.75,robot3,robot4,1.751290856141906
22.8,robot1,robot2,1.5864207841483924
22.8,robot1,robot3,3.543507137577967
22.8,robot1,robot4,3.1727583252786524
22.8,robot2,robot3,4.0828543396584696
22.8,robot2,robot4,2.9841358875307606
22.8,robot3,robot4,1.7523597574142702
22.85,robot1,robot2,1.5845434228875679
22.85,robot1,robot3,3.530649383384061
22.85,robot1,robot4,3.151227116984429
22.85,robot2,robot3,4.072300224143107
22.85,robot2,robot4,2.963828775372364
22.85,robot3,robot4,1.753462936766914
22.900000000000002,robot1,robot2,1.582672556002978
22.900000000000002,robot1,robot3,3.5177920651506667
22.900000000000002,robot1,robot4,3.1297223651865655
22.900000000000002,robot2,robot3,4.061746182991251
22.900000000000002,robot2,robot4,2.9435217359788584
22.900000000000002,robot3,robot4,1.7546356000355174
22.950000000000003,robot1,robot2,1.5806287005237027
22.950000000000003,robot1,robot3,3.505007794264157
22.950000000000003,robot1,robot4,3.108196304068726
22.950000000000003,robot2,robot3,4.051232399251769
22.950000000000003,robot2,robot4,2.9232413236064247
22.950000000000003,robot3,robot4,1.755871805777688
23.0,robot1,robot2,1.578591571025894
23.0,robot1,robot3,3.4922239193913382
23.0,robot1,robot4,3.0866972118212375
23.0,robot2,robot3,4.040718657756439
23.0,robot2,robot4,2.9029609652823445
23.0,robot3,robot4,1.7571781571428662
23.05,robot1,robot2,1.5764316415240622
23.05,robot1,robot3,3.4793333257114427
23.05,robot1,robot4,3.065002658050438
23.05,robot2,robot3,4.0302363290326415
23.05,robot2,robot4,2.882675239938502
23.05,robot3,robot4,1.7585395469892056
23.1,robot1,robot2,1.5742793652922598
23.1,robot1,robot3,3.466443096510312
23.1,robot1,robot4,3.0433361675240547
23.1,robot2,robot3,4.01975402200993
23.1,robot2,robot4,2.8623895607734804
23.1,robot3,robot4,1.759972021618526
23.150000000000002,robot1,robot2,1.5724758940852637
23.150000000000002,robot1,robot3,3.453694152208906
23.150000000000002,robot1,robot4,3.021981197658789
23.150000000000002,robot2,robot3,4.009193248978684
23.150000000000002,robot2,robot4,2.8419942392714304
23.150000000000002,robot3,robot4,1.7614682052311503
23.200000000000003,robot1,robot2,1.570679090240906
23.200000000000003,robot1,robot3,3.440945947977677
23.200000000000003,robot1,robot4,3.0006575593287867
23.200000000000003,robot2,robot3,3.998632489715452
23.200000000000003,robot2,robot4,2.821598954861054
23.200000000000003,robot3,robot4,1.7630360590574998
23.25,robot1,robot2,1.5700891384367321
23.25,robot1,robot3,3.428257256292328
23.25,robot1,robot4,2.979609045966266
23.25,robot2,robot3,3.9889720224250755
23.25,robot2,robot4,2.8018761288795404
23.25,robot3,robot4,1.7646658921963103
23.3,robot1,robot2,1.5695081614072608
23.3,robot1,robot3,3.415569948232359
23.3,robot1,robot4,2.958596276379222
23.3,robot2,robot3,3.9793116043788275
23.3,robot2,robot4,2.782153609282744
23.3,robot3,robot4,1.766368255029794
23.35,robot1,robot2,1.5699245620669964
23.35,robot1,robot3,3.40285252577907
23.35,robot1,robot4,2.9379048701822357
23.35,robot2,robot3,3.9697164823438267
23.35,robot2,robot4,2.762423179386034
23.35,robot3,robot4,1.76796718443259
23.400000000000002,robot1,robot2,1.570349073043634
23.400000000000002,robot1,robot3,3.3901375699106953
23.400000000000002,robot1,robot4,2.9172539825837918
23.400000000000002,robot2,robot3,3.9601215020881613
23.400000000000002,robot2,robot4,2.742693484824725
23.400000000000002,robot3,robot4,1.7696388510679235
23.450000000000003,robot1,robot2,1.57177837058195
23.450000000000003,robot1,robot3,3.3770795782779897
23.450000000000003,robot1,robot4,2.8959295819275783
23.450000000000003,robot2,robot3,3.950250619336765
23.450000000000003,robot2,robot4,2.7218761728361174
23.450000000000003,robot3,robot4,1.7713496097435144
23.5,robot1,robot2,1.5732148715518806
23.5,robot1,robot3,3.3640257433350595
23.5,robot1,robot4,2.874654344689114
23.5,robot2,robot3,3.9403800323046254
23.5,robot2,robot4,2.701060515979603
23.5,robot3,robot4,1.7731439840839207
23.55,robot1,robot2,1.5756140128157181
23.55,robot1,robot3,3.35073851082004
23.55,robot1,robot4,2.8535551345228987
23.55,robot2,robot3,3.9304643021691787
23.55,robot2,robot4,2.680073885648351
23.55,robot3,robot4,1.774985888671372
23.6,robot1,robot2,1.5780194698320422
23.6,robot1,robot3,3.337456577505841
23.6,robot1,robot4,2.832511318627341
23.6,robot2,robot3,3.92054930300972
23.6,robot2,robot4,2.659089939502799
23.6,robot3,robot4,1.7769095796435452
23.650000000000002,robot1,robot2,1.5814115816327672
23.650000000000002,robot1,robot3,3.3240428147903343
23.650000000000002,robot1,robot4,2.811873281379692
23.650000000000002,robot2,robot3,3.910734240378716
23.650000000000002,robot2,robot4,2.638157017494646
23.650000000000002,robot3,robot4,1.7789553228921324
23.700000000000003,robot1,robot2,1.5848091476471233
23.700000000000003,robot1,robot3,3.310635382558761
23.700000000000003,robot1,robot4,2.791296860713312
23.700000000000003,robot2,robot3,3.9009206323784644
23.700000000000003,robot2,robot4,2.6172279890483354
23.700000000000003,robot3,robot4,1.7810785231926192
23.75,robot1,robot2,1.5891825130707926
23.75,robot1,robot3,3.2971056610277523
23.75,robot1,robot4,2.771123480126156
23.75,robot2,robot3,3.8912791078096998
23.75,robot2,robot4,2.5964193408454843
23.75,robot3,robot4,1.783322196648505
23.8,robot1,robot2,1.59356072426061
23.8,robot1,robot3,3.283583290952888
23.8,robot1,robot4,2.7510180689588353
23.8,robot2,robot3,3.881640007291377
23.8,robot2,robot4,2.5756161081418947
23.8,robot3,robot4,1.7856390393293378
23.85,robot1,robot2,1.5989209400174387
23.85,robot1,robot3,3.269726012351379
23.85,robot1,robot4,2.731080751583747
23.85,robot2,robot3,3.8721895699648408
23.85,robot2,robot4,2.5549035084810923
23.85,robot3,robot4,1.7880845345744987
23.900000000000002,robot1,robot2,1.6042862563884919
23.900000000000002,robot1,robot3,3.2558772149311768
23.900000000000002,robot1,robot4,2.7112196253747114
23.900000000000002,robot2,robot3,3.8627426929860342
23.900000000000002,robot2,robot4,2.534198114671383
23.900000000000002,robot3,robot4,1.7905998356542427
23.950000000000003,robot1,robot2,1.6104493404153548
23.950000000000003,robot1,robot3,3.2413795974529878
23.950000000000003,robot1,robot4,2.691196787901108
23.950000000000003,robot2,robot3,3.853452016781349
23.950000000000003,robot2,robot4,2.513574442385284
23.950000000000003,robot3,robot4,1.7932618381544987
24.0,robot1,robot2,1.6166188533213388
24.0,robot1,robot3,3.226890748420529
24.0,robot1,robot4,2.671258676448239
24.0,robot2,robot3,3.8441664317144233
24.0,robot2,robot4,2.4929600522178452
24.0,robot3,robot4,1.795989409679801
24.05,robot1,robot2,1.6230127296766652
24.05,robot1,robot3,3.2118448563797797
24.05,robot1,robot4,2.651437285130557
24.05,robot2,robot3,3.834102845945744
24.05,robot2,robot4,2.472001463533547
24.05,robot3,robot4,1.7983973690375692
24.1,robot1,robot2,1.6294113032135256
24.1,robot1,robot3,3.1968082463815377
24.1,robot1,robot4,2.6317045039749427
24.1,robot2,robot3,3.824045885130172
24.1,robot2,robot4,2.4510538134349478
24.1,robot3,robot4,1.800864998722836
24.150000000000002,robot1,robot2,1.6359709025946183
24.150000000000002,robot1,robot3,3.1810284935996718
24.150000000000002,robot1,robot4,2.611549765025596
24.150000000000002,robot2,robot3,3.8131911097762
24.150000000000002,robot2,robot4,2.4295144817371424
24.150000000000002,robot3,robot4,1.8029336309831958
24.200000000000003,robot1,robot2,1.642534856380528
24.200000000000003,robot1,robot3,3.1652595950577243
24.200000000000003,robot1,robot4,2.591490947725844
24.200000000000003,robot2,robot3,3.802343495184252
24.200000000000003,robot2,robot4,2.407987885322514
24.200000000000003,robot3,robot4,1.805062609101967
24.25,robot1,robot2,1.649281146810634
24.25,robot1,robot3,3.1494407058226224
24.25,robot1,robot4,2.5714730820154426
24.25,robot2,robot3,3.7916236136953914
24.25,robot2,robot4,2.386420908648137
24.25,robot3,robot4,1.8074359383769316
24.3,robot1,robot2,1.6560317914958638
24.3,robot1,robot3,3.1336325880397977
24.3,robot1,robot4,2.551557326803574
24.3,robot2,robot3,3.780911735891226
24.3,robot2,robot4,2.3648678546861768
24.3,robot3,robot4,1.8098685269842116
24.35,robot1,robot2,1.6629378203448408
24.35,robot1,robot3,3.1177970051147086
24.35,robot1,robot4,2.531772166812211
24.35,robot2,robot3,3.770297500585663
24.35,robot2,robot4,2.3433600600516447
24.35,robot3,robot4,1.8124452043604657
24.400000000000002,robot1,robot2,1.6698480212234892
24.400000000000002,robot1,robot3,3.1019720382495377
24.400000000000002,robot1,robot4,2.51209402840837
24.400000000000002,robot2,robot3,3.7596922231121512
24.400000000000002,robot2,robot4,2.3218676562812517
24.400000000000002,robot3,robot4,1.8150791543932732
24.450000000000003,robot1,robot2,1.6769381403368018
24.450000000000003,robot1,robot3,3.0860934217379894
24.450000000000003,robot1,robot4,2.492595310456602
24.450000000000003,robot2,robot3,3.74916444970506
24.450000000000003,robot2,robot4,2.300446443770642
24.450000000000003,robot3,robot4,1.8178377030365638
24.5,robot1,robot2,1.6840322565630983
24.5,robot1,robot3,3.070225388930266
24.5,robot1,robot4,2.4732091204057127
24.5,robot2,robot3,3.738646655082692
24.5,robot2,robot4,2.2790420943547756
24.5,robot3,robot4,1.8206510421060924
24.55,robot1,robot2,1.691298222081561
24.55,robot1,robot3,3.054290209378932
24.55,robot1,robot4,2.4539584280735585
24.55,robot2,robot3,3.728248697863147
24.55,robot2,robot4,2.2577192608729058
24.55,robot3,robot4,1.82360742835547
24.6,robot1,robot2,1.698568210352472
24.6,robot1,robot3,3.0383655501838485
24.6,robot1,robot4,2.4348263670867785
24.6,robot2,robot3,3.717861700044798
24.6,robot2,robot4,2.2364148450850974
24.6,robot3,robot4,1.8266165181901208
24.650000000000002,robot1,robot2,1.7059876786668922
24.650000000000002,robot1,robot3,3.0224434972280703
24.650000000000002,robot1,robot4,2.4158620701531155
24.650000000000002,robot2,robot3,3.7076171781522964
24.650000000000002,robot2,robot4,2.215179402956169
24.650000000000002,robot3,robot4,1.829797526680548
24.700000000000003,robot1,robot2,1.7134109998891105
24.700000000000003,robot1,robot3,3.006531719489584
24.700000000000003,robot1,robot4,2.3970221175460593
24.700000000000003,robot2,robot3,3.6973847654843817
24.700000000000003,robot2,robot4,2.193964152342055
24.700000000000003,robot3,robot4,1.833029170878085
24.75,robot1,robot2,1.718897153872869
24.75,robot1,robot3,2.996851582148589
24.75,robot1,robot4,2.382651492788339
24.75,robot2,robot3,3.687232338497298
24.75,robot2,robot4,2.172820357325071
24.75,robot3,robot4,1.8363617808953119
24.8,robot1,robot2,1.724390357488698
24.8,robot1,robot3,2.9871780033277227
24.8,robot1,robot4,2.3683503151596894
24.8,robot2,robot3,3.677093193301606
24.8,robot2,robot4,2.1516987234389946
24.8,robot3,robot4,1.8397428318202522
24.85,robot1,robot2,1.7280591593088617
24.85,robot1,robot3,2.9826888035194017
24.85,robot1,robot4,2.357877989775128
24.85,robot2,robot3,3.6664728149423453
24.85,robot2,robot4,2.1304538167128255
24.85,robot3,robot4,1.8428825808764924
24.900000000000002,robot1,robot2,1.7317749883841724
24.900000000000002,robot1,robot3,2.9782035004527474
24.900000000000002,robot1,robot4,2.3474375957833247
24.900000000000002,robot2,robot3,3.655867379734937
24.900000000000002,robot2,robot4,2.1092332957897266
24.900000000000002,robot3,robot4,1.8460668341319608
24.950000000000003,robot1,robot2,1.7354897373770324
24.950000000000003,robot1,robot3,2.972514445801483
24.950000000000003,robot1,robot4,2.3362999250173866
24.950000000000003,robot2,robot3,3.643472829003188
24.950000000000003,robot2,robot4,2.0864808829872477
24.950000000000003,robot3,robot4,1.8488054315825804
25.0,robot1,robot2,1.73925739266188
25.0,robot1,robot3,2.96683047448367
25.0,robot1,robot4,2.325199949307156
25.0,robot2,robot3,3.631095510716291
25.0,robot2,robot4,2.063755831412476
25.0,robot3,robot4,1.8515887886712319
25.05,robot1,robot2,1.7421088118154389
25.05,robot1,robot3,2.9611914078327075
25.05,robot1,robot4,2.3137070708940235
25.05,robot2,robot3,3.618388315096412
25.05,robot2,robot4,2.0407221755569767
25.05,robot3,robot4,1.8544503641497796
25.1,robot1,robot2,1.7450122583010699
25.1,robot1,robot3,2.955556601920186
25.1,robot1,robot4,2.302250854196823
25.1,robot2,robot3,3.605696523416939
25.1,robot2,robot4,2.0177144339407893
25.1,robot3,robot4,1.857358702622625
25.150000000000002,robot1,robot2,1.7476663598251527
25.150000000000002,robot1,robot3,2.9499497838896342
25.150000000000002,robot1,robot4,2.290930865544615
25.150000000000002,robot2,robot3,3.5926598124604
25.150000000000002,robot2,robot4,1.9945284298877508
25.150000000000002,robot3,robot4,1.8602600266329707
25.200000000000003,robot1,robot2,1.7503728768559572
25.200000000000003,robot1,robot3,2.9443480035926455
25.200000000000003,robot1,robot4,2.27964992809203
25.200000000000003,robot2,robot3,3.57963695411434
25.200000000000003,robot2,robot4,1.97136689828479
25.200000000000003,robot3,robot4,1.8632086911481498
25.25,robot1,robot2,1.7521947268443083
25.25,robot1,robot3,2.9382412765312518
25.25,robot1,robot4,2.267649552432761
25.25,robot2,robot3,3.5663058424202765
25.25,robot2,robot4,1.9480663684983885
25.25,robot3,robot4,1.866150488998275
25.3,robot1,robot2,1.7540623861051805
25.3,robot1,robot3,2.9321387156060674
25.3,robot1,robot4,2.255689279343234
25.3,robot2,robot3,3.5529868517213794
25.3,robot2,robot4,1.9247886872747877
25.3,robot3,robot4,1.8691404884224192
25.35,robot1,robot2,1.7550166889697232
25.35,robot1,robot3,2.9271147497470102
25.35,robot1,robot4,2.244327686966076
25.35,robot2,robot3,3.539366547807001
25.35,robot2,robot4,1.9013948087165502
25.35,robot3,robot4,1.8721243458768972
25.400000000000002,robot1,robot2,1.7560277449453923
25.400000000000002,robot1,robot3,2.92209428594527
25.400000000000002,robot1,robot4,2.2329994477137687
25.400000000000002,robot2,robot3,3.5257569723172915
25.400000000000002,robot2,robot4,1.878022316933426
25.400000000000002,robot3,robot4,1.8751566411454805
25.450000000000003,robot1,robot2,1.7564199351887635
25.450000000000003,robot1,robot3,2.916524593859316
25.450000000000003,robot1,robot4,2.2210991520958707
25.450000000000003,robot2,robot3,3.511848101355644
25.450000000000003,robot2,robot4,1.8545275072849403
25.450000000000003,robot3,robot4,1.878183997551691
25.5,robot1,robot2,1.7568622262499696
25.5,robot1,robot3,2.910958178673304
25.5,robot1,robot4,2.20923492653226
25.5,robot2,robot3,3.497948480850597
25.5,robot2,robot4,1.8310525204379038
25.5,robot3,robot4,1.8812603908584797
25.55,robot1,robot2,1.7569534458041993
25.55,robot1,robot3,2.904518127683876
25.55,robot1,robot4,2.197474800465525
25.55,robot2,robot3,3.4824491389728864
25.55,robot2,robot4,1.8071610523598194
25.55,robot3,robot4,1.8833600599676232
25.6,robot1,robot2,1.757098871408493
25.6,robot1,robot3,2.8980828422006852
25.6,robot1,robot4,2.18575204185699
25.6,robot2,robot3,3.4669585855047362
25.6,robot2,robot4,1.7832885676168622
25.6,robot3,robot4,1.8855050389675443
25.650000000000002,robot1,robot2,1.756443672270762
25.650000000000002,robot1,robot3,2.8913496582937266
25.650000000000002,robot1,robot4,2.1735953642095507
25.650000000000002,robot2,robot3,3.450714998464702
25.650000000000002,robot2,robot4,1.7590229201858758
25.650000000000002,robot3,robot4,1.8873477163236243
25.700000000000003,robot1,robot2,1.7558467289786428
25.700000000000003,robot1,robot3,2.8846200422469854
25.700000000000003,robot1,robot4,2.1614727950073758
25.700000000000003,robot2,robot3,3.4344807213207638
25.700000000000003,robot2,robot4,1.7347775868531372
25.700000000000003,robot3,robot4,1.8892344652424697
25.75,robot1,robot2,1.7557476918558799
25.75,robot1,robot3,2.8776742692655475
25.75,robot1,robot4,2.149565845306094
25.75,robot2,robot3,3.4182266155894716
25.75,robot2,robot4,1.710569596319381
25.75,robot3,robot4,1.8911490578990593
25.8,robot1,robot2,1.7557040316602341
25.8,robot1,robot3,2.870733538985637
25.8,robot1,robot4,2.13769892820411
25.8,robot2,robot3,3.4019815656227474
25.8,robot2,robot4,1.6863828291669125
25.8,robot3,robot4,1.8931077977891275
25.85,robot1,robot2,1.754971499112165
25.85,robot1,robot3,2.864013720431695
25.85,robot1,robot4,2.1255805553741074
25.85,robot2,robot3,3.3857032409839163
25.85,robot2,robot4,1.662178351816825
25.85,robot3,robot4,1.8951255090422112
25.900000000000002,robot1,robot2,1.7542963865493197
25.900000000000002,robot1,robot3,2.85729749539613
25.900000000000002,robot1,robot4,2.1134984875842697
25.900000000000002,robot2,robot3,3.369433846924583
25.900000000000002,robot2,robot4,1.6379962718983807
25.900000000000002,robot3,robot4,1.897187521970351
25.950000000000003,robot1,robot2,1.753523264245231
25.950000000000003,robot1,robot3,2.850502286699354
25.950000000000003,robot1,robot4,2.101364794721813
25.950000000000003,robot2,robot3,3.353101351319774
25.950000000000003,robot2,robot4,1.6138190488558481
25.950000000000003,robot3,robot4,1.899268760942616
26.0,robot1,robot2,1.752806698141298
26.0,robot1,robot3,2.843710696945454
26.0,robot1,robot4,2.0892688554477616
26.0,robot2,robot3,3.3367776368162443
26.0,robot2,robot4,1.5896654241886876
26.0,robot3,robot4,1.9013942008773457
26.05,robot1,robot2,1.752250039275859
26.05,robot1,robot3,2.8366744393435424
26.05,robot1,robot4,2.0771932848039203
26.05,robot2,robot3,3.3203865442106664
26.05,robot2,robot4,1.5655256735429957
26.05,robot3,robot4,1.903535419010243
26.1,robot1,robot2,1.751746956580202
26.1,robot1,robot3,2.829642557699824
26.1,robot1,robot4,2.06515997647882
26.1,robot2,robot3,3.30400392119168
26.1,robot2,robot4,1.5414105652764938
26.1,robot3,robot4,1.9057208522057998
26.150000000000002,robot1,robot2,1.751350074892296
26.150000000000002,robot1,robot3,2.822312647140373
26.150000000000002,robot1,robot4,2.0537463652163206
26.150000000000002,robot2,robot3,3.287968370937021
26.150000000000002,robot2,robot4,1.518968881244444
26.150000000000002,robot3,robot4,1.9069283924891494
26.200000000000003,robot1,robot2,1.7509954393330096
26.200000000000003,robot1,robot3,2.814989099421878
26.200000000000003,robot1,robot4,2.0423737586595156
26.200000000000003,robot2,robot3,3.2719387311123347
26.200000000000003,robot2,robot4,1.4965501227670246
26.200000000000003,robot3,robot4,1.9081768920435547
26.25,robot1,robot2,1.75104036525611
26.25,robot1,robot3,2.806986482976227
26.25,robot1,robot4,2.031867771576007
26.25,robot2,robot3,3.2569599889787564
26.25,robot2,robot4,1.4769617335306962
26.25,robot3,robot4,1.9082092342671704
26.3,robot1,robot2,1.75111187000831
26.3,robot1,robot3,2.7989908760896305
26.3,robot1,robot4,2.0213984445947317
26.3,robot2,robot3,3.2419863405771774
26.3,robot2,robot4,1.457395288775835
26.3,robot3,robot4,1.9082721329152716
26.35,robot1,robot2,1.7509649327868475
26.35,robot1,robot3,2.791288921065141
26.35,robot1,robot4,2.0113290265438915
26.35,robot2,robot3,3.2266733179020846
26.35,robot2,robot4,1.4381465635943536
26.35,robot3,robot4,1.907760776872457
26.400000000000002,robot1,robot2,1.750851223441044
26.400000000000002,robot1,robot3,2.783592776144707
26.400000000000002,robot1,robot4,2.0012883575761884
26.400000000000002,robot2,robot3,3.211366613544145
26.400000000000002,robot2,robot4,1.418923395420978
26.400000000000002,robot3,robot4,1.9072765503054347
26.450000000000003,robot1,robot2,1.7512366618645523
26.450000000000003,robot1,robot3,2.7757526393727874
26.450000000000003,robot1,robot4,1.9912828372375926
26.450000000000003,robot2,robot3,3.1962059941619057
26.450000000000003,robot2,robot4,1.3998727344307038
26.450000000000003,robot3,robot4,1.906709283621916
26.5,robot1,robot2,1.7516533994672003
26.5,robot1,robot3,2.7679193088775187
26.5,robot1,robot4,1.9813085685965222
26.5,robot2,robot3,3.1810522416967633
26.5,robot2,robot4,1.3808525161077123
26.5,robot3,robot4,1.9061698732497585
26.55,robot1,robot2,1.7523679757468893
26.55,robot1,robot3,2.759790426763643
26.55,robot1,robot4,1.9711435124253385
26.55,robot2,robot3,3.1659813431510457
26.55,robot2,robot4,1.3619695400287959
26.55,robot3,robot4,1.905521462710995
26.6,robot1,robot2,1.7531112744632042
26.6,robot1,robot3,2.751668872093443
26.6,robot1,robot4,1.9610119930127912
26.6,robot2,robot3,3.150917947933586
26.6,robot2,robot4,1.3431227577470348
26.6,robot3,robot4,1.90490166609093
26.650000000000002,robot1,robot2,1.7540481803377723
26.650000000000002,robot1,robot3,2.7428001004398768
26.650000000000002,robot1,robot4,1.9507595888833276
26.650000000000002,robot2,robot3,3.135395303779293
26.650000000000002,robot2,robot4,1.3245914711638447
26.650000000000002,robot3,robot4,1.903522334723512
26.700000000000003,robot1,robot2,1.7550109845687578
26.700000000000003,robot1,robot3,2.7339401851284157
26.700000000000003,robot1,robot4,1.940542012252504
26.700000000000003,robot2,robot3,3.119880568716212
26.700000000000003,robot2,robot4,1.3061018636209036
26.700000000000003,robot3,robot4,1.9021709269171894
26.75,robot1,robot2,1.7558478350342606
26.75,robot1,robot3,2.7248179935933794
26.75,robot1,robot4,1.9304307790379975
26.75,robot2,robot3,3.104008537117488
26.75,robot2,robot4,1.288188269354387
26.75,robot3,robot4,1.8999681788105032
26.8,robot1,robot2,1.756710480883233
26.8,robot1,robot3,2.7157052905860386
26.8,robot1,robot4,1.9203504754502496
26.8,robot2,robot3,3.088144385930813
26.8,robot2,robot4,1.270320825033188
26.8,robot3,robot4,1.8977922030962715
26.85,robot1,robot2,1.7575927044184612
26.85,robot1,robot3,2.7067169526568984
26.85,robot1,robot4,1.9102393239476563
26.85,robot2,robot3,3.0723229046179776
26.85,robot2,robot4,1.2526107737844978
26.85,robot3,robot4,1.895500260148294
26.900000000000002,robot1,robot2,1.758501543884736
26.900000000000002,robot1,robot3,2.6977379963999466
26.900000000000002,robot1,robot4,1.9001578236583394
26.900000000000002,robot2,robot3,3.0565097168006834
26.900000000000002,robot2,robot4,1.234953546529179
26.900000000000002,robot3,robot4,1.8932359606858304
26.950000000000003,robot1,robot2,1.7593627699546506
26.950000000000003,robot1,robot3,2.6885459409898957
26.950000000000003,robot1,robot4,1.8897674069207557
26.950000000000003,robot2,robot3,3.0407340633942717
26.950000000000003,robot2,robot4,1.2174595667440036
26.950000000000003,robot3,robot4,1.890848408243572
27.0,robot1,robot2,1.7602487592908567
27.0,robot1,robot3,2.6793631766068966
27.0,robot1,robot4,1.8794072091768725
27.0,robot2,robot3,3.0249670087781118
27.0,robot2,robot4,1.2000259695394095
27.0,robot3,robot4,1.8884897075178884
27.05,robot1,robot2,1.7611665932003706
27.05,robot1,robot3,2.6703151392735
27.05,robot1,robot4,1.8691896562207113
27.05,robot2,robot3,3.0102429128878034
27.05,robot2,robot4,1.1839637893079753
27.05,robot3,robot4,1.8859884513048455
27.1,robot1,robot2,1.7621011521796925
27.1,robot1,robot3,2.661277238746839
27.1,robot1,robot4,1.859002187645835
27.1,robot2,robot3,2.995525261568829
27.1,robot2,robot4,1.1679626470897946
27.1,robot3,robot4,1.88351704643202
27.150000000000002,robot1,robot2,1.7649138350463458
27.150000000000002,robot1,robot3,2.651824946542333
27.150000000000002,robot1,robot4,1.8502037753400298
27.150000000000002,robot2,robot3,2.9803868931535127
27.150000000000002,robot2,robot4,1.1526033345164757
27.150000000000002,robot3,robot4,1.8800566864691206
27.200000000000003,robot1,robot2,1.767741109555639
27.200000000000003,robot1,robot3,2.6423933466751306
27.200000000000003,robot1,robot4,1.8414434397966173
27.200000000000003,robot2,robot3,2.9652550888046703
27.200000000000003,robot2,robot4,1.137312577261413
27.200000000000003,robot3,robot4,1.876625522923793
27.25,robot1,robot2,1.7751430812468327
27.25,robot1,robot3,2.6336811554449793
27.25,robot1,robot4,1.8372225359641385
27.25,robot2,robot3,2.9499263727938194
27.25,robot2,robot4,1.1231156149390855
27.25,robot3,robot4,1.8721929312729764
27.3,robot1,robot2,1.7825606251639803
27.3,robot1,robot3,2.6250242737630067
27.3,robot1,robot4,1.8330581223932862
27.3,robot2,robot3,2.9346044601022467
27.3,robot2,robot4,1.1089870883887696
27.3,robot3,robot4,1.867784315308649
27.35,robot1,robot2,1.788696711469695
27.35,robot1,robot3,2.616025776301955
27.35,robot1,robot4,1.8279436274668044
27.35,robot2,robot3,2.919360833776333
27.35,robot2,robot4,1.0954591860954925
27.35,robot3,robot4,1.8629770066584959
27.400000000000002,robot1,robot2,1.7948467448506578
27.400000000000002,robot1,robot3,2.607072058370845
27.400000000000002,robot1,robot4,1.8228750804292646
27.400000000000002,robot2,robot3,2.904124361845579
27.400000000000002,robot2,robot4,1.0820050677741755
27.400000000000002,robot3,robot4,1.8581925151167729
27.450000000000003,robot1,robot2,1.7992527751255523
27.450000000000003,robot1,robot3,2.5976798787675888
27.450000000000003,robot1,robot4,1.8160604133019635
27.450000000000003,robot2,robot3,2.8889479282114094
27.450000000000003,robot2,robot4,1.0688034068623182
27.450000000000003,robot3,robot4,1.8532280639739134
27.5,robot1,robot2,1.8036714751342608
27.5,robot1,robot3,2.588319712788588
27.5,robot1,robot4,1.8092819788335925
27.5,robot2,robot3,2.8737790503629537
27.5,robot2,robot4,1.0556866422404898
27.5,robot3,robot4,1.8482881506978288
27.55,robot1,robot2,1.8066313669402094
27.55,robot1,robot3,2.577907013005027
27.55,robot1,robot4,1.8012783882774062
27.55,robot2,robot3,2.858227655616195
27.55,robot2,robot4,1.0434152290572052
27.55,robot3,robot4,1.8422682260955516
27.6,robot1,robot2,1.8096003457255418
27.6,robot1,robot3,2.5675213163991453
27.6,robot1,robot4,1.793304001863878
27.6,robot2,robot3,2.8426831042425396
27.6,robot2,robot4,1.0312325172748384
27.6,robot3,robot4,1.836272549500482
27.650000000000002,robot1,robot2,1.8133900143885902
27.650000000000002,robot1,robot3,2.557054761730231
27.650000000000002,robot1,robot4,1.7858687441901349
27.650000000000002,robot2,robot3,2.827466698002383
27.650000000000002,robot2,robot4,1.0199423892970618
27.650000000000002,robot3,robot4,1.8298231332816017
27.700000000000003,robot1,robot2,1.8171860522370848
27.700000000000003,robot1,robot3,2.546621822513307
27.700000000000003,robot1,robot4,1.7784651183399687
27.700000000000003,robot2,robot3,2.8122568161794885
27.700000000000003,robot2,robot4,1.0087479944629374
27.700000000000003,robot3,robot4,1.8233986584016668
27.75,robot1,robot2,1.8201621263849683
27.75,robot1,robot3,2.536039867210934
27.75,robot1,robot4,1.7701336551902656
27.75,robot2,robot3,2.7971498171296614
27.75,robot2,robot4,0.9979125746246511
27.75,robot3,robot4,1.8167770315117098
27.8,robot1,robot2,1.823144424482054
27.8,robot1,robot3,2.5254857126457875
27.8,robot1,robot4,1.7618284963994082
27.8,robot2,robot3,2.782049890342371
27.8,robot2,robot4,0.9871860692822807
27.8,robot3,robot4,1.810182049082633
27.85,robot1,robot2,1.826100814840873
27.85,robot1,robot3,2.514830646228091
27.85,robot1,robot4,1.7532616771339353
27.85,robot2,robot3,2.767029177995508
27.85,robot2,robot4,0.9768655805176059
27.85,robot3,robot4,1.8033517462121744
27.900000000000002,robot1,robot2,1.8290629477986808
27.900000000000002,robot1,robot3,2.504203231802482
27.900000000000002,robot1,robot4,1.744719917816323
27.900000000000002,robot2,robot3,2.752016096343914
27.900000000000002,robot2,robot4,0.9666671782371627
27.900000000000002,robot3,robot4,1.7965495198643977
27.950000000000003,robot1,robot2,1.831788773975455
27.950000000000003,robot1,robot3,2.4936912908448083
27.950000000000003,robot1,robot4,1.7359763559565686
27.950000000000003,robot2,robot3,2.7374656565950275
27.950000000000003,robot2,robot4,0.9572542641400188
27.950000000000003,robot3,robot4,1.7895754719124026
28.0,robot1,robot2,1.8345189452344175
28.0,robot1,robot3,2.4832062861657307
28.0,robot1,robot4,1.7272555119987316
28.0,robot2,robot3,2.722922116471384
28.0,robot2,robot4,0.9479694636484869
28.0,robot3,robot4,1.7826312439809306
28.05,robot1,robot2,1.8346912230730408
28.05,robot1,robot3,2.4731475156237646
28.05,robot1,robot4,1.7177432860565924
28.05,robot2,robot3,2.709092655462572
28.05,robot2,robot4,0.940307013091602
28.05,robot3,robot4,1.7750819411527177
28.1,robot1,robot2,1.8348687110921587
28.1,robot1,robot3,2.463100813728297
28.1,robot1,robot4,1.70823805395501
28.1,robot2,robot3,2.6952693520614965
28.1,robot2,robot4,0.932755901683286
28.1,robot3,robot4,1.7675560649045903
28.150000000000002,robot1,robot2,1.833849404752882
28.150000000000002,robot1,robot3,2.4531746773339433
28.150000000000002,robot1,robot4,1.6981069285825314
28.150000000000002,robot2,robot3,2.681622227873456
28.150000000000002,robot2,robot4,0.9258742308556274
28.150000000000002,robot3,robot4,1.7596947551329745
28.200000000000003,robot1,robot2,1.8328366302387675
28.200000000000003,robot1,robot3,2.4432551878322077
28.200000000000003,robot1,robot4,1.6879782579464695
28.200000000000003,robot2,robot3,2.667981853739263
28.200000000000003,robot2,robot4,0.9191058048043212
28.200000000000003,robot3,robot4,1.7518550270068005
28.25,robot1,robot2,1.8337479292166905
28.25,robot1,robot3,2.4327789986655692
28.25,robot1,robot4,1.6787871979236975
28.25,robot2,robot3,2.6546091657184205
28.25,robot2,robot4,0.9128507170594764
28.25,robot3,robot4,1.74389035112138
28.3,robot1,robot2,1.8346620341013762
28.3,robot1,robot3,2.4223174722484253
28.3,robot1,robot4,1.669604084976435
28.3,robot2,robot3,2.6412438277979944
28.3,robot2,robot4,0.9067179531039407
28.3,robot3,robot4,1.7359480661361963
28.35,robot1,robot2,1.8380657827618685
28.35,robot1,robot3,2.410589546374185
28.35,robot1,robot4,1.661429363999565
28.35,robot2,robot3,2.6280644878587927
28.35,robot2,robot4,0.9010518933468813
28.35,robot3,robot4,1.7278575112735712
28.400000000000002,robot1,robot2,1.841469556487155
28.400000000000002,robot1,robot3,2.3988935486615484
28.400000000000002,robot1,robot4,1.653279001735036
28.400000000000002,robot2,robot3,2.614893076503319
28.400000000000002,robot2,robot4,0.8955176108648
28.400000000000002,robot3,robot4,1.719790478207156
28.450000000000003,robot1,robot2,1.8432483399425592
28.450000000000003,robot1,robot3,2.3884828762752304
28.450000000000003,robot1,robot4,1.6443707231498919
28.450000000000003,robot2,robot3,2.6019061178238148
28.450000000000003,robot2,robot4,0.8904748916788724
28.450000000000003,robot3,robot4,1.711563265194278
28.5,robot1,robot2,1.8450290486127854
28.5,robot1,robot3,2.3780907539877445
28.5,robot1,robot4,1.6354712221106182
28.5,robot2,robot3,2.588927635005853
28.5,robot2,robot4,0.8855732862372261
28.5,robot3,robot4,1.7033609094592963
28.55,robot1,robot2,1.8486017954538643
28.55,robot1,robot3,2.3681250072389552
28.55,robot1,robot4,1.6280602933908808
28.55,robot2,robot3,2.576246379042822
28.55,robot2,robot4,0.8812542877349592
28.55,robot3,robot4,1.6950327175581303
28.6,robot1,robot2,1.8521757733179647
28.6,robot1,robot3,2.358189190096503
28.6,robot1,robot4,1.6206622842282719
28.6,robot2,robot3,2.5635734910507244
28.6,robot2,robot4,0.8770789107588894
28.6,robot3,robot4,1.6867302840513654
28.650000000000002,robot1,robot2,1.855939196384475
28.650000000000002,robot1,robot3,2.349172657341835
28.650000000000002,robot1,robot4,1.6132442266533915
28.650000000000002,robot2,robot3,2.552631150440903
28.650000000000002,robot2,robot4,0.873534502793822
28.650000000000002,robot3,robot4,1.679690644605726
28.700000000000003,robot1,robot2,1.8597029368307727
28.700000000000003,robot1,robot3,2.340183310962199
28.700000000000003,robot1,robot4,1.6058409216139682
28.700000000000003,robot2,robot3,2.5416958627776447
28.700000000000003,robot2,robot4,0.8701335486125101
28.700000000000003,robot3,robot4,1.6726797840782313
28.75,robot1,robot2,1.8637896400920624
28.75,robot1,robot3,2.3319276531670634
28.75,robot1,robot4,1.5989165460593933
28.75,robot2,robot3,2.5317113387363595
28.75,robot2,robot4,0.8674341677291714
28.75,robot3,robot4,1.6660676976264348
28.8,robot1,robot2,1.8678765542982223
28.8,robot1,robot3,2.323698165236828
28.8,robot1,robot4,1.5920055321423983
28.8,robot2,robot3,2.521733688170105
28.8,robot2,robot4,0.864874365713888
28.8,robot3,robot4,1.6594838709481332
28.85,robot1,robot2,1.871570236561001
28.85,robot1,robot3,2.315447299062213
28.85,robot1,robot4,1.5847602288978133
28.85,robot2,robot3,2.512044150653507
28.85,robot2,robot4,0.8629319163405941
28.85,robot3,robot4,1.652723994928448
28.900000000000002,robot1,robot2,1.8752640523256987
28.900000000000002,robot1,robot3,2.30721954919184
28.900000000000002,robot1,robot4,1.577525565409638
28.900000000000002,robot2,robot3,2.5023616986906583
28.900000000000002,robot2,robot4,0.8611287758761751
28.900000000000002,robot3,robot4,1.6459924500981158
28.950000000000003,robot1,robot2,1.8789955039282296
28.950000000000003,robot1,robot3,2.299289337891438
28.950000000000003,robot1,robot4,1.570349832330681
28.950000000000003,robot2,robot3,2.49294273852354
28.950000000000003,robot2,robot4,0.859913991530839
28.950000000000003,robot3,robot4,1.6390980399031194
29.0,robot1,robot2,1.882727124977223
29.0,robot1,robot3,2.291381797346309
29.0,robot1,robot4,1.5631825831555954
29.0,robot2,robot3,2.4835309286225935
29.0,robot2,robot4,0.8588391398183947
29.0,robot3,robot4,1.632233037200571
29.05,robot1,robot2,1.8864229042638478
29.05,robot1,robot3,2.2836717673175473
29.05,robot1,robot4,1.5560162788532292
29.05,robot2,robot3,2.4743417050873346
29.05,robot2,robot4,0.858328349288604
29.05,robot3,robot4,1.6251832431959787
29.1,robot1,robot2,1.890118841919735
29.1,robot1,robot3,2.27598401787908
29.1,robot1,robot4,1.5488567460582015
29.1,robot2,robot3,2.4651595493827574
29.1,robot2,robot4,0.8579559519753913
29.1,robot3,robot4,1.6181639570812967
29.150000000000002,robot1,robot2,1.8954052901259009
29.150000000000002,robot1,robot3,2.269210827983706
29.150000000000002,robot1,robot4,1.5429720509689244
29.150000000000002,robot2,robot3,2.456481705803088
29.150000000000002,robot2,robot4,0.8584180025372256
29.150000000000002,robot3,robot4,1.6110036670855996
29.200000000000003,robot1,robot2,1.9006920876872724
29.200000000000003,robot1,robot3,2.2624662387326357
29.200000000000003,robot1,robot4,1.5370935249896147
29.200000000000003,robot2,robot3,2.4478120740632843
29.200000000000003,robot2,robot4,0.8590225626338346
29.200000000000003,robot3,robot4,1.6038745606623976
29.25,robot1,robot2,1.9068042263091667
29.25,robot1,robot3,2.2565477814578845
29.25,robot1,robot4,1.5325688950021137
29.25,robot2,robot3,2.440134439540986
29.25,robot2,robot4,0.8604618537939379
29.25,robot3,robot4,1.5968812421136709
29.3,robot1,robot2,1.9129167055376455
29.3,robot1,robot3,2.2506579879690736
29.3,robot1,robot4,1.5280488024029206
29.3,robot2,robot3,2.4324658427764203
29.3,robot2,robot4,0.8620238301114419
29.3,robot3,robot4,1.5899128967342833
29.35,robot1,robot2,1.9188530807653046
29.35,robot1,robot3,2.245021870512846
29.35,robot1,robot4,1.5243834792407878
29.35,robot2,robot3,2.4251687049556985
29.35,robot2,robot4,0.8638538134981231
29.35,robot3,robot4,1.5829001498929895
29.400000000000002,robot1,robot2,1.9247896800910487
29.400000000000002,robot1,robot3,2.2394132321045617
29.400000000000002,robot1,robot4,1.5207216203506808
29.400000000000002,robot2,robot3,2.4178798609442937
29.400000000000002,robot2,robot4,0.8657796678445391
29.400000000000002,robot3,robot4,1.5759066290415173
29.450000000000003,robot1,robot2,1.930617507839202
29.450000000000003,robot1,robot3,2.2338997753064587
29.450000000000003,robot1,robot4,1.5170666833920814
29.450000000000003,robot2,robot3,2.4107491688954283
29.450000000000003,robot2,robot4,0.8678454541302273
29.450000000000003,robot3,robot4,1.5690044793850968
29.5,robot1,robot2,1.936445473781795
29.5,robot1,robot3,2.2284138334254706
29.5,robot1,robot4,1.51341521879919
29.5,robot2,robot3,2.40362626973496
29.5,robot2,robot4,0.8700021367312841
29.5,robot3,robot4,1.5621220989196074
29.55,robot1,robot2,1.9421660204349809
29.55,robot1,robot3,2.223063214975285
29.55,robot1,robot4,1.5097601221820804
29.55,robot2,robot3,2.3967207939842514
29.55,robot2,robot4,0.8723106907624715
29.55,robot3,robot4,1.5553744471493032
29.6,robot1,robot2,1.9478866407624955
29.6,robot1,robot3,2.2177398269420605
29.6,robot1,robot4,1.5061084536174678
29.6,robot2,robot3,2.3898226117287447
29.6,robot2,robot4,0.8747053174212444
29.6,robot3,robot4,1.5486471626606881
29.650000000000002,robot1,robot2,1.9535072435080707
29.650000000000002,robot1,robot3,2.212523705598202
29.650000000000002,robot1,robot4,1.5025452608205347
29.650000000000002,robot2,robot3,2.3830808682074758
29.650000000000002,robot2,robot4,0.8772133901173933
29.650000000000002,robot3,robot4,1.5419974052705954
29.700000000000003,robot1,robot2,1.9591278764514075
29.700000000000003,robot1,robot3,2.207334920073752
29.700000000000003,robot1,robot4,1.498985471276156
29.700000000000003,robot2,robot3,2.3763458938698294
29.700000000000003,robot2,robot4,0.8798012284715225
29.700000000000003,robot3,robot4,1.5353681151841077
29.75,robot1,robot2,1.96606095366573
29.75,robot1,robot3,2.204745721548179
29.75,robot1,robot4,1.4966021413857793
29.75,robot2,robot3,2.3726150903764394
29.75,robot2,robot4,0.8828878175920768
29.75,robot3,robot4,1.531328153463032
29.8,robot1,robot2,1.97299405549662
29.8,robot1,robot3,2.202178177270177
29.8,robot1,robot4,1.4942226894238357
29.8,robot2,robot3,2.368890204363216
29.8,robot2,robot4,0.8860501857671494
29.8,robot3,robot4,1.527308426843118
29.85,robot1,robot2,1.980580704004826
29.85,robot1,robot3,2.201414836944868
29.85,robot1,robot4,1.491765619890152
29.85,robot2,robot3,2.3676536567336552
29.85,robot2,robot4,0.8897663254748408
29.85,robot3,robot4,1.5255404190319737
29.900000000000002,robot1,robot2,1.9881674404259824
29.900000000000002,robot1,robot3,2.2006695275704162
29.900000000000002,robot1,robot4,1.4893142240615307
29.900000000000002,robot2,robot3,2.3664209283162196
29.900000000000002,robot2,robot4,0.893561319383287
29.900000000000002,robot3,robot4,1.523799199804554
29.950000000000003,robot1,robot2,1.9957058328118533
29.950000000000003,robot1,robot3,2.1975070742676235
29.950000000000003,robot1,robot4,1.4869525877285057
29.950000000000003,robot2,robot3,2.36213496260999
29.950000000000003,robot2,robot4,0.8971363250711959
29.950000000000003,robot3,robot4,1.5192205098178633
30.0,robot1,robot2,2.0032445219475825
30.0,robot1,robot3,2.194378601661072
30.0,robot1,robot4,1.4845988866067492
30.0,robot2,robot3,2.3578534824337583
30.0,robot2,robot4,0.9007848878311625
30.0,robot3,robot4,1.5146685149200139
30.05,robot1,robot2,2.0114516340728277
30.05,robot1,robot3,2.191739519205008
30.05,robot1,robot4,1.4835245269752872
30.05,robot2,robot3,2.353961045011843
30.05,robot2,robot4,0.9039828841178355
30.05,robot3,robot4,1.510758277539544
30.1,robot1,robot2,2.019659133747078
30.1,robot1,robot3,2.189138122123864
30.1,robot1,robot4,1.4824615172519657
30.1,robot2,robot3,2.3500728626338376
30.1,robot2,robot4,0.9072431772689172
30.1,robot3,robot4,1.5068696054114967
30.150000000000002,robot1,robot2,2.0285841105567335
30.150000000000002,robot1,robot3,2.1880539201850695
30.150000000000002,robot1,robot4,1.4816789292121455
30.150000000000002,robot2,robot3,2.347698212859779
30.150000000000002,robot2,robot4,0.9102552437822042
30.150000000000002,robot3,robot4,1.5050900246204544
30.200000000000003,robot1,robot2,2.0375094306915496
30.200000000000003,robot1,robot3,2.1870046775370646
30.200000000000003,robot1,robot4,1.4809124309863835
30.200000000000003,robot2,robot3,2.345327024706789
30.200000000000003,robot2,robot4,0.9133380456900939
30.200000000000003,robot3,robot4,1.5033355275842446
30.25,robot1,robot2,2.046266972494364
30.25,robot1,robot3,2.186310564438239
30.25,robot1,robot4,1.481092507837458
30.25,robot2,robot3,2.3431032480718814
30.25,robot2,robot4,0.9159343071994845
30.25,robot3,robot4,1.501842690277514
30.3,robot1,robot2,2.0550246739779063
30.3,robot1,robot3,2.1856489591519495
30.3,robot1,robot4,1.481287743932623
30.3,robot2,robot3,2.3408827641639807
30.3,robot2,robot4,0.9185863968059836
30.3,robot3,robot4,1.500367984966688
30.35,robot1,robot2,2.0619695671407228
30.35,robot1,robot3,2.18492332897896
30.35,robot1,robot4,1.4820036369176866
30.35,robot2,robot3,2.33636847472354
30.35,robot2,robot4,0.9185032349846405
30.35,robot3,robot4,1.4990200360076078
30.400000000000002,robot1,robot2,2.0689148721491666
30.400000000000002,robot1,robot3,2.184230535812555
30.400000000000002,robot1,robot4,1.482736255687437
30.400000000000002,robot2,robot3,2.3318559827948206
30.400000000000002,robot2,robot4,0.9184695699967419
30.400000000000002,robot3,robot4,1.497686612936765
30.450000000000003,robot1,robot2,2.0759324564448147
30.450000000000003,robot1,robot3,2.1835039878906795
30.450000000000003,robot1,robot4,1.4836812516545628
30.450000000000003,robot2,robot3,2.327188714672383
30.450000000000003,robot2,robot4,0.9180846614170448
30.450000000000003,robot3,robot4,1.496587259406965
30.5,robot1,robot2,2.0829505771006667
30.5,robot1,robot3,2.182810668358115
30.5,robot1,robot4,1.4846450804353883
30.5,robot2,robot3,2.322523566530596
30.5,robot2,robot4,0.9177511407026416
30.5,robot3,robot4,1.4955010912911433
30.55,robot1,robot2,2.0913413006299333
30.55,robot1,robot3,2.1828451086555023
30.55,robot1,robot4,1.487068111471445
30.55,robot2,robot3,2.317795723467504
30.55,robot2,robot4,0.9171737574283567
30.55,robot3,robot4,1.4946368107826398
30.6,robot1,robot2,2.099733041879848
30.6,robot1,robot3,2.182920991697363
30.6,robot1,robot4,1.4895134044546225
30.6,robot2,robot3,2.3130705466597856
30.6,robot2,robot4,0.9166500948737201
30.6,robot3,robot4,1.4937841884264944
30.650000000000002,robot1,robot2,2.109218991765673
30.650000000000002,robot1,robot3,2.183822319310857
30.650000000000002,robot1,robot4,1.492700318807831
30.650000000000002,robot2,robot3,2.309316971859266
30.650000000000002,robot2,robot4,0.9163080012419405
30.650000000000002,robot3,robot4,1.493872379666098
30.700000000000003,robot1,robot2,2.1187061199028996
30.700000000000003,robot1,robot3,2.184764245509799
30.700000000000003,robot1,robot4,1.4959119670575538
30.700000000000003,robot2,robot3,2.30556705057129
30.700000000000003,robot2,robot4,0.9160248512436765
30.700000000000003,robot3,robot4,1.493970767695272
30.75,robot1,robot2,2.1282159943746897
30.75,robot1,robot3,2.1859735603534296
30.75,robot1,robot4,1.4991076859276153
30.75,robot2,robot3,2.3019891938219432
30.75,robot2,robot4,0.9152452660975635
30.75,robot3,robot4,1.4949707502305856
30.8,robot1,robot2,2.137727144007158
30.8,robot1,robot3,2.1872222833413617
30.8,robot1,robot4,1.5023332330708123
30.8,robot2,robot3,2.2984148826049657
30.8,robot2,robot4,0.9145322385263408
30.8,robot3,robot4,1.4959812414505735
30.85,robot1,robot2,2.1472380323856157
30.85,robot1,robot3,2.188506170752381
30.85,robot1,robot4,1.505706181040976
30.85,robot2,robot3,2.2946543393775016
30.85,robot2,robot4,0.9134866782598692
30.85,robot3,robot4,1.4972372079921903
30.900000000000002,robot1,robot2,2.156750345016317
30.900000000000002,robot1,robot3,2.1898302105186147
30.900000000000002,robot1,robot4,1.509111435583536
30.900000000000002,robot2,robot3,2.290897390879827
30.900000000000002,robot2,robot4,0.9125109261312984
30.900000000000002,robot3,robot4,1.498503298499206
30.950000000000003,robot1,robot2,2.1662760807279975
30.950000000000003,robot1,robot3,2.191216546805906
30.950000000000003,robot1,robot4,1.5128133088558056
30.950000000000003,robot2,robot3,2.2869892968433954
30.950000000000003,robot2,robot4,0.9112311060178422
30.950000000000003,robot3,robot4,1.4999227279880956
31.0,robot1,robot2,2.1758033688853873
31.0,robot1,robot3,2.1926437645335826
31.0,robot1,robot4,1.5165490295226198
31.0,robot2,robot3,2.2830848061517557
31.0,robot2,robot4,0.910021451716936
31.0,robot3,robot4,1.5013512833610925
31.05,robot1,robot2,2.184358379858603
31.05,robot1,robot3,2.193530061038428
31.05,robot1,robot4,1.5195644445209455
31.05,robot2,robot3,2.278997858917654
31.05,robot2,robot4,0.908510536968752
31.05,robot3,robot4,1.5029294385981664
31.1,robot1,robot2,2.1929148009909096
31.1,robot1,robot3,2.194451544226256
31.1,robot1,robot4,1.5226137764400398
31.1,robot2,robot3,2.2749144995599284
31.1,robot2,robot4,0.9070711454841898
31.1,robot3,robot4,1.504516018507613
31.150000000000002,robot1,robot2,2.1999799315160242
31.150000000000002,robot1,robot3,2.1949336042765624
31.150000000000002,robot1,robot4,1.5243567869781176
31.150000000000002,robot2,robot3,2.271845726327219
31.150000000000002,robot2,robot4,0.905359067440648
31.150000000000002,robot3,robot4,1.5073732804522078
31.200000000000003,robot1,robot2,2.207045727563433
31.200000000000003,robot1,robot3,2.195437628068946
31.200000000000003,robot1,robot4,1.526135873036867
31.200000000000003,robot2,robot3,2.2687800871765864
31.200000000000003,robot2,robot4,0.9037184568846649
31.200000000000003,robot3,robot4,1.5102374468185462
31.25,robot1,robot2,2.214775744491076
31.25,robot1,robot3,2.196021173131534
31.25,robot1,robot4,1.527949291156778
31.25,robot2,robot3,2.266292282870857
31.25,robot2,robot4,0.9021003798339184
31.25,robot3,robot4,1.514104989161749
31.3,robot1,robot2,2.2225062366877624
31.3,robot1,robot3,2.196626289423169
31.3,robot1,robot4,1.529807938345203
31.3,robot2,robot3,2.263808803126492
31.3,robot2,robot4,0.9005693517880786
31.3,robot3,robot4,1.5179791908511129
31.35,robot1,robot2,2.231172722725428
31.35,robot1,robot3,2.1970505251906474
31.35,robot1,robot4,1.5317631956417088
31.35,robot2,robot3,2.261805734256702
31.35,robot2,robot4,0.8996766696388764
31.35,robot3,robot4,1.5220734406253202
31.400000000000002,robot1,robot2,2.2398394372141954
31.400000000000002,robot1,robot3,2.1974975580630347
31.400000000000002,robot1,robot4,1.5337689066798819
31.400000000000002,robot2,robot3,2.2598092286148845
31.400000000000002,robot2,robot4,0.8988822511641889
31.400000000000002,robot3,robot4,1.5261739696237127
31.450000000000003,robot1,robot2,2.248502421524436
31.450000000000003,robot1,robot3,2.197757236100077
31.450000000000003,robot1,robot4,1.5359333110789677
31.450000000000003,robot2,robot3,2.258072046259375
31.450000000000003,robot2,robot4,0.8981466512937906
31.450000000000003,robot3,robot4,1.5303622492309628
31.5,robot1,robot2,2.257165410001004
31.5,robot1,robot3,2.1980409193211123
31.5,robot1,robot4,1.5381520407300444
31.5,robot2,robot3,2.2563406812609217
31.5,robot2,robot4,0.8975023586113854
31.5,robot3,robot4,1.534556197607634
31.55,robot1,robot2,2.265828111463941
31.55,robot1,robot3,2.198146419468116
31.55,robot1,robot4,1.5405317760374988
31.55,robot2,robot3,2.2548653846771542
31.55,robot2,robot4,0.8969148902301154
31.55,robot3,robot4,1.5388293259761623
31.6,robot1,robot2,2.27449091431951
31.6,robot1,robot3,2.198276997447774
31.6,robot1,robot4,1.5429693774009254
31.6,robot2,robot3,2.253395285911906
31.6,robot2,robot4,0.8964122391026352
31.6,robot3,robot4,1.54310751680659
31.650000000000002,robot1,robot2,2.2827794868741154
31.650000000000002,robot1,robot3,2.1980893498214535
31.650000000000002,robot1,robot4,1.5452349496296673
31.650000000000002,robot2,robot3,2.252160918796046
31.650000000000002,robot2,robot4,0.895941385435035
31.650000000000002,robot3,robot4,1.5474587599682585
31.700000000000003,robot1,robot2,2.2910684753653703
31.700000000000003,robot1,robot3,2.1979255080484412
31.700000000000003,robot1,robot4,1.5475600089964203
31.700000000000003,robot2,robot3,2.25093120516843
31.700000000000003,robot2,robot4,0.8955492782477131
31.700000000000003,robot3,robot4,1.551814464436068
31.75,robot1,robot2,2.2996910889495568
31.75,robot1,robot3,2.1969892086792324
31.75,robot1,robot4,1.5500212624971472
31.75,robot2,robot3,2.2489447095313393
31.75,robot2,robot4,0.8955856619432057
31.75,robot3,robot4,1.554991802803555
31.8,robot1,robot2,2.308314642927389
31.8,robot1,robot3,2.1960847216521495
31.8,robot1,robot4,1.5525436383850857
31.8,robot2,robot3,2.2469634594067167
31.8,robot2,robot4,0.8956968156675561
31.8,robot3,robot4,1.5581740791169643
31.85,robot1,robot2,2.317272375750907
31.85,robot1,robot3,2.1941115694900293
31.85,robot1,robot4,1.5552370454835815
31.85,robot2,robot3,2.2435207033770044
31.85,robot2,robot4,0.8962397188170417
31.85,robot3,robot4,1.5594536850867038
31.900000000000002,robot1,robot2,2.3262315275561036
31.900000000000002,robot1,robot3,2.1921839028553234
31.900000000000002,robot1,robot4,1.5579911893987077
31.900000000000002,robot2,robot3,2.240084291925194
31.900000000000002,robot2,robot4,0.8968530605266397
31.900000000000002,robot3,robot4,1.5607391163400757
31.950000000000003,robot1,robot2,2.3351023403209767
31.950000000000003,robot1,robot3,2.1900376863792204
31.950000000000003,robot1,robot4,1.560882034889969
31.950000000000003,robot2,robot3,2.2368850929051427
31.950000000000003,robot2,robot4,0.8989649793352632
31.950000000000003,robot3,robot4,1.5596111015112069
32.0,robot1,robot2,2.3439751504267274
32.0,robot1,robot3,2.1879362572252874
32.0,robot1,robot4,1.563807769516765
32.0,robot2,robot3,2.233692334813593
32.0,robot2,robot4,0.9011130946407337
32.0,robot3,robot4,1.5584875424956082
32.050000000000004,robot1,robot2,2.3527343646557304
32.050000000000004,robot1,robot3,2.185589834191047
32.050000000000004,robot1,robot4,1.5664118436453742
32.050000000000004,robot2,robot3,2.2306528043425424
32.050000000000004,robot2,robot4,0.9036153702347589
32.050000000000004,robot3,robot4,1.5571934983261553
32.1,robot1,robot2,2.361496255619729
32.1,robot1,robot3,2.183288184596802
32.1,robot1,robot4,1.5690505441638902
32.1,robot2,robot3,2.227619691288888
32.1,robot2,robot4,0.9061513458230915
32.1,robot3,robot4,1.5559043731878255
32.15,robot1,robot2,2.3701442208086196
32.15,robot1,robot3,2.180730625296256
32.15,robot1,robot4,1.571355697860688
32.15,robot2,robot3,2.224727548086844
32.15,robot2,robot4,0.9089939115974592
32.15,robot3,robot4,1.5545202394029005
32.2,robot1,robot2,2.3787955662746643
32.2,robot1,robot3,2.1782177156794957
32.2,robot1,robot4,1.5736959421806997
32.2,robot2,robot3,2.2218418979189316
32.2,robot2,robot4,0.9118687036563982
32.2,robot3,robot4,1.5531414946926116
32.25,robot1,robot2,2.3870060487265214
32.25,robot1,robot3,2.175395908731328
32.25,robot1,robot4,1.5754129111458368
32.25,robot2,robot3,2.219092735977476
32.25,robot2,robot4,0.9150485272913126
32.25,robot3,robot4,1.5516656121349084
32.300000000000004,robot1,robot2,2.3952203146675264
32.300000000000004,robot1,robot3,2.1726155536219465
32.300000000000004,robot1,robot4,1.5771635322083757
32.300000000000004,robot2,robot3,2.2163501375883725
32.300000000000004,robot2,robot4,0.9182590712974203
32.300000000000004,robot3,robot4,1.550195630389919
32.35,robot1,robot2,2.40344236745678
32.35,robot1,robot3,2.1691539969763554
32.35,robot1,robot4,1.5781806545639825
32.35,robot2,robot3,2.213770660816348
32.35,robot2,robot4,0.9223351095975099
32.35,robot3,robot4,1.5482115875016889
32.4,robot1,robot2,2.411669415698802
32.4,robot1,robot3,2.165733806917646
32.4,robot1,robot4,1.5792309479844926
32.4,robot2,robot3,2.2111993089273976
32.4,robot2,robot4,0.9264406042618166
32.4,robot3,robot4,1.546234321345248
32.45,robot1,robot2,2.420814295708162
32.45,robot1,robot3,2.1619330078886
32.45,robot1,robot4,1.579389253645614
32.45,robot2,robot3,2.2095553821989276
32.45,robot2,robot4,0.9319165412799854
32.45,robot3,robot4,1.544947983733433
32.5,robot1,robot2,2.4299660661591553
32.5,robot1,robot3,2.158173653799203
32.5,robot1,robot4,1.5795902491459615
32.5,robot2,robot3,2.2079229576821744
32.5,robot2,robot4,0.9374337009783679
32.5,robot3,robot4,1.5436713950611378
32.550000000000004,robot1,robot2,2.4389311326866636
32.550000000000004,robot1,robot3,2.1540599418635034
32.550000000000004,robot1,robot4,1.5782122888424264
32.550000000000004,robot2,robot3,2.2062113612530987
32.550000000000004,robot2,robot4,0.9425436193389145
32.550000000000004,robot3,robot4,1.5454672649934227
32.6,robot1,robot2,2.4479035250638455
32.6,robot1,robot3,2.1499878676887922
32.6,robot1,robot4,1.5769196546026052
32.6,robot2,robot3,2.2045118715445833
32.6,robot2,robot4,0.9477518320341037
32.6,robot3,robot4,1.5472817395758927
32.65,robot1,robot2,2.456676397714603
32.65,robot1,robot3,2.1455448703530418
32.65,robot1,robot4,1.5752836550769198
32.65,robot2,robot3,2.2028076127783494
32.65,robot2,robot4,0.9531926719045312
32.65,robot3,robot4,1.5491026049933716
32.7,robot1,robot2,2.465457098361276
32.7,robot1,robot3,2.14114306511125
32.7,robot1,robot4,1.5737366374822694
32.7,robot2,robot3,2.2011162044894403
32.7,robot2,robot4,0.9587315777640788
32.7,robot3,robot4,1.5509424056218208
32.75,robot1,robot2,2.473998899812306
32.75,robot1,robot3,2.136378292953111
32.75,robot1,robot4,1.5719485040593728
32.75,robot2,robot3,2.1993774779655832
32.75,robot2,robot4,0.9643981394558991
32.75,robot3,robot4,1.5527459397323344
32.800000000000004,robot1,robot2,2.482548887530315
32.800000000000004,robot1,robot3,2.131654222730553
32.800000000000004,robot1,robot4,1.5702522738273617
32.800000000000004,robot2,robot3,2.197652315172944
32.800000000000004,robot2,robot4,0.9701609190077705
32.800000000000004,robot3,robot4,1.5545680342542108
32.85,robot1,robot2,2.4911505821858704
32.85,robot1,robot3,2.1264615471934234
32.85,robot1,robot4,1.5685170768278232
32.85,robot2,robot3,2.1959316724275024
32.85,robot2,robot4,0.9760826131606386
32.85,robot3,robot4,1.5563968552754308
32.9,robot1,robot2,2.499762142750786
32.9,robot1,robot3,2.1213125761659923
32.9,robot1,robot4,1.5668829529540487
32.9,robot2,robot3,2.1942253224757935
32.9,robot2,robot4,0.9820988683284387
32.9,robot3,robot4,1.5582439792182736
32.95,robot1,robot2,2.509050012671928
32.95,robot1,robot3,2.1160031314393177
32.95,robot1,robot4,1.5657824514619678
32.95,robot2,robot3,2.1930223178859807
32.95,robot2,robot4,0.9882740691201256
32.95,robot3,robot4,1.560606419774778
33.0,robot1,robot2,2.5183513210690043
33.0,robot1,robot3,2.110743568820239
33.0,robot1,robot4,1.564800974882429
33.0,robot2,robot3,2.1918336867969703
33.0,robot2,robot4,0.9945421197923193
33.0,robot3,robot4,1.5629863540264834
33.050000000000004,robot1,robot2,2.5263309968282566
33.050000000000004,robot1,robot3,2.1066517924921166
33.050000000000004,robot1,robot4,1.5640591970198887
33.050000000000004,robot2,robot3,2.1910408232916385
33.050000000000004,robot2,robot4,0.9995537611490695
33.050000000000004,robot3,robot4,1.5666045249948215
33.1,robot1,robot2,2.5343208773525503
33.1,robot1,robot3,2.102597226889877
33.1,robot1,robot4,1.5634260770388217
33.1,robot2,robot3,2.190256683537343
33.1,robot2,robot4,1.0046503664081352
33.1,robot3,robot4,1.570237822293171
33.15,robot1,robot2,2.541974135613155
33.15,robot1,robot3,2.0986103285198046
33.15,robot1,robot4,1.5632461774184034
33.15,robot2,robot3,2.1889134588240924
33.15,robot2,robot4,1.0092662207495104
33.15,robot3,robot4,1.5733294522369592
33.2,robot1,robot2,2.5496358989334142
33.2,robot1,robot3,2.0946615213119752
33.2,robot1,robot4,1.5631657323425434
33.2,robot2,robot3,2.187578687390467
33.2,robot2,robot4,1.0139586548277006
33.2,robot3,robot4,1.5764339592336243
33.25,robot1,robot2,2.5572581028529857
33.25,robot1,robot3,2.0908508138432547
33.25,robot1,robot4,1.5632516901286242
33.25,robot2,robot3,2.185934041712432
33.25,robot2,robot4,1.018524932578604
33.25,robot3,robot4,1.57970121854514
33.300000000000004,robot1,robot2,2.5648874942143185
33.300000000000004,robot1,robot3,2.0870791135548736
33.300000000000004,robot1,robot4,1.5634390030474488
33.300000000000004,robot2,robot3,2.184298116430996
33.300000000000004,robot2,robot4,1.0231729644771703
33.300000000000004,robot3,robot4,1.5829815384005592
33.35,robot1,robot2,2.572414481151755
33.35,robot1,robot3,2.0834335780437057
33.35,robot1,robot4,1.5638011466632356
33.35,robot2,robot3,2.182317626840156
33.35,robot2,robot4,1.027647808436334
33.35,robot3,robot4,1.5864033164398172
33.4,robot1,robot2,2.5799473431514066
33.4,robot1,robot3,2.0798276163925222
33.4,robot1,robot4,1.5642657459910705
33.4,robot2,robot3,2.1803461478684985
33.4,robot2,robot4,1.0322095287590598
33.4,robot3,robot4,1.5898380619534809
33.45,robot1,robot2,2.587632129564885
33.45,robot1,robot3,2.076282428065122
33.45,robot1,robot4,1.5652304173661622
33.45,robot2,robot3,2.1779776297231566
33.45,robot2,robot4,1.0365212531604213
33.45,robot3,robot4,1.5933941701149312
33.5,robot1,robot2,2.5953224975135556
33.5,robot1,robot3,2.0727814645227314
33.5,robot1,robot4,1.5663038006529895
33.5,robot2,robot3,2.1756182184962967
33.5,robot2,robot4,1.0409246552407143
33.5,robot3,robot4,1.5969630095969662
33.550000000000004,robot1,robot2,2.6034827365044118
33.550000000000004,robot1,robot3,2.0691158114265256
33.550000000000004,robot1,robot4,1.5682386856586916
33.550000000000004,robot2,robot3,2.1720726891230524
33.550000000000004,robot2,robot4,1.0450489571776052
33.550000000000004,robot3,robot4,1.5999085346597945
33.6,robot1,robot2,2.6116493909546894
33.6,robot1,robot3,2.065512416212984
33.6,robot1,robot4,1.5702936500266438
33.6,robot2,robot3,2.168536060900994
33.6,robot2,robot4,1.049268167061214
33.6,robot3,robot4,1.6028686463325683
33.65,robot1,robot2,2.619876768048165
33.65,robot1,robot3,2.061507826257337
33.65,robot1,robot4,1.572774049493442
33.65,robot2,robot3,2.161917464208856
33.65,robot2,robot4,1.053117896375567
33.65,robot3,robot4,1.6047750870518427
33.7,robot1,robot2,2.628109406477592
33.7,robot1,robot3,2.057601349702366
33.7,robot1,robot4,1.5753978651153493
33.7,robot2,robot3,2.155308126176162
33.7,robot2,robot4,1.0570933058391772
33.7,robot3,robot4,1.6067057221249321
33.75,robot1,robot2,2.6365127014760428
33.75,robot1,robot3,2.0539408955051504
33.75,robot1,robot4,1.5785420328651374
33.75,robot2,robot3,2.148610836610716
33.75,robot2,robot4,1.0609098818544862
33.75,robot3,robot4,1.6093755533866232
33.800000000000004,robot1,robot2,2.6449202234717792
33.800000000000004,robot1,robot3,2.0503792013149664
33.800000000000004,robot1,robot4,1.5818384790470872
33.800000000000004,robot2,robot3,2.141923914102692
33.800000000000004,robot2,robot4,1.064868453806385
33.800000000000004,robot3,robot4,1.6120679446602122
33.85,robot1,robot2,2.653533292518157
33.85,robot1,robot3,2.047108897163326
33.85,robot1,robot4,1.5858941451119937
33.85,robot2,robot3,2.1351701212608325
33.85,robot2,robot4,1.0685647847352309
33.85,robot3,robot4,1.614769713874474
33.9,robot1,robot2,2.66214964083032
33.9,robot1,robot3,2.0439379044432835
33.9,robot1,robot4,1.5900947503944538
33.9,robot2,robot3,2.128427855845953
33.9,robot2,robot4,1.0724014508032893
33.9,robot3,robot4,1.6174901009415794
33.95,robot1,robot2,2.670961812100887
33.95,robot1,robot3,2.0410290943424223
33.95,robot1,robot4,1.5949825656699985
33.95,robot2,robot3,2.121562445697509
33.95,robot2,robot4,1.076026292736381
33.95,robot3,robot4,1.6202005785463727
34.0,robot1,robot2,2.6797764610284194
34.0,robot1,robot3,2.0382207883281436
34.0,robot1,robot4,1.600008709447858
34.0,robot2,robot3,2.1147098381142033
34.0,robot2,robot4,1.0797913659392726
34.0,robot3,robot4,1.622926645860496
34.050000000000004,robot1,robot2,2.685639569795294
34.050000000000004,robot1,robot3,2.0364185697358486
34.050000000000004,robot1,robot4,1.6034554261227534
34.050000000000004,robot2,robot3,2.109271977087414
34.050000000000004,robot2,robot4,1.0823762514930981
34.050000000000004,robot3,robot4,1.6254334581927679
34.1,robot1,robot2,2.6915031276231134
34.1,robot1,robot3,2.0346653530939673
34.1,robot1,robot4,1.6069757006890304
34.1,robot2,robot3,2.1038409816913446
34.1,robot2,robot4,1.0850491193425302
34.1,robot3,robot4,1.6279491813548725
34.15,robot1,robot2,2.691842472735032
34.15,robot1,robot3,2.0348914037304913
34.15,robot1,robot4,1.607317561213869
34.15,robot2,robot3,2.103468151122807
34.15,robot2,robot4,1.0850989860405593
34.15,robot3,robot4,1.628910800100561
34.2,robot1,robot2,2.6921818627518457
34.2,robot1,robot3,2.0351175246402846
34.2,robot1,robot4,1.6076601234580024
34.2,robot2,robot3,2.1030953401431898
34.2,robot2,robot4,1.0851506966781157
34.2,robot3,robot4,1.6298724750129994
34.25,robot1,robot2,2.69584780876666
34.25,robot1,robot3,2.0343362201707222
34.25,robot1,robot4,1.6106360663139425
34.25,robot2,robot3,2.1018314651128667
34.25,robot2,robot4,1.0858997582370344
34.25,robot3,robot4,1.6284442742050618
34.300000000000004,robot1,robot2,2.6995156449618896
34.300000000000004,robot1,robot3,2.033568899732684
34.300000000000004,robot1,robot4,1.613616271827352
34.300000000000004,robot2,robot3,2.1005682683602536
34.300000000000004,robot2,robot4,1.086648965083021
34.300000000000004,robot3,robot4,1.6270161822335998
34.35,robot1,robot2,2.706760096109231
34.35,robot1,robot3,2.030478521568869
34.35,robot1,robot4,1.6183669759563963
34.35,robot2,robot3,2.0929919574750517
34.35,robot2,robot4,1.0894686667458593
34.35,robot3,robot4,1.6226673522029242
34.4,robot1,robot2,2.7140064986372083
34.4,robot1,robot3,2.027482474244845
34.4,robot1,robot4,1.6231523230285567
34.4,robot2,robot3,2.0854273160589893
34.4,robot2,robot4,1.0923132208116866
34.4,robot3,robot4,1.6183251233324532
34.45,robot1,robot2,2.721061324467074
34.45,robot1,robot3,2.023843713266664
34.45,robot1,robot4,1.6282373387692137
34.45,robot2,robot3,2.077659831615007
34.45,robot2,robot4,1.0953704317030155
34.45,robot3,robot4,1.6212631401102817
34.5,robot1,robot2,2.728118153337388
34.5,robot1,robot3,2.020300582658432
34.5,robot1,robot4,1.6334663790999802
34.5,robot2,robot3,2.0699070799707413
34.5,robot2,robot4,1.0985820471685308
34.5,robot3,robot4,1.6242121781097445
34.550000000000004,robot1,robot2,2.734541143379315
34.550000000000004,robot1,robot3,2.0161902372767306
34.550000000000004,robot1,robot4,1.6383429369732094
34.550000000000004,robot2,robot3,2.0619652967887814
34.550000000000004,robot2,robot4,1.1018924786980129
34.550000000000004,robot3,robot4,1.6275413911947065
34.6,robot1,robot2,2.740966380230155
34.6,robot1,robot3,2.0121740544023523
34.6,robot1,robot4,1.6433754630813981
34.6,robot2,robot3,2.0540391600712
34.6,robot2,robot4,1.1053688265090524
34.6,robot3,robot4,1.6308816578280594
34.65,robot1,robot2,2.746669366167868
34.65,robot1,robot3,2.0075613645167865
34.65,robot1,robot4,1.647867969913624
34.65,robot2,robot3,2.0458713223632863
34.65,robot2,robot4,1.109020518887387
34.65,robot3,robot4,1.634137562978175
34.7,robot1,robot2,2.7523746981114328
34.7,robot1,robot3,2.0030406509344734
34.7,robot1,robot4,1.6525197518483703
34.7,robot2,robot3,2.0377202500294294
34.7,robot2,robot4,1.1128396753912937
34.7,robot3,robot4,1.6374046687807506
34.75,robot1,robot2,2.7573365455127163
34.75,robot1,robot3,1.9979963990323533
34.75,robot1,robot4,1.6567037154050812
34.75,robot2,robot3,2.02930186708539
34.75,robot2,robot4,1.1167553094536868
34.75,robot3,robot4,1.6406250024808382
34.800000000000004,robot1,robot2,2.7623008182144106
34.800000000000004,robot1,robot3,1.9930423011589584
34.800000000000004,robot1,robot4,1.661050320322958
34.800000000000004,robot2,robot3,2.0209009498154518
34.800000000000004,robot2,robot4,1.1208398877346406
34.800000000000004,robot3,robot4,1.6438566938538166
34.85,robot1,robot2,2.7665349125146608
34.85,robot1,robot3,1.9875353795118336
34.85,robot1,robot4,1.664885106784925
34.85,robot2,robot3,2.0122783974244838
34.85,robot2,robot4,1.125086374808286
34.85,robot3,robot4,1.6470209165086522
34.9,robot1,robot2,2.770771506706751
34.9,robot1,robot3,1.9821164718522473
34.9,robot1,robot4,1.6688858254176646
34.9,robot2,robot3,2.003674305476317
34.9,robot2,robot4,1.1295022269097128
34.9,robot3,robot4,1.6501966579156557
34.95,robot1,robot2,2.774207230994559
34.95,robot1,robot3,1.976185735718748
34.95,robot1,robot4,1.6723561094085198
34.95,robot2,robot3,1.994849564245697
34.95,robot2,robot4,1.1340341868129464
34.95,robot3,robot4,1.6533404395381643
35.0,robot1,robot2,2.7776453892100768
35.0,robot1,robot3,1.970339748698432
35.0,robot1,robot4,1.675994678075083
35.0,robot2,robot3,1.9860440974321292
35.0,robot2,robot4,1.1387359815655251
35.0,robot3,robot4,1.6564958134716188
35.050000000000004,robot1,robot2,2.7803312960929674
35.050000000000004,robot1,robot3,1.9639900352606803
35.050000000000004,robot1,robot4,1.6791736274126778
35.050000000000004,robot2,robot3,1.977011575036486
35.050000000000004,robot2,robot4,1.1435388169062086
35.050000000000004,robot3,robot4,1.6595919216825565
35.1,robot1,robot2,2.7830197183146224
35.1,robot1,robot3,1.9577232742780581
35.1,robot1,robot4,1.6825241431174174
35.1,robot2,robot3,1.9679989766669086
35.1,robot2,robot4,1.1485107586352858
35.1,robot3,robot4,1.6626997736587925
35.15,robot1,robot2,2.7857135079121558
35.15,robot1,robot3,1.9516712691642648
35.15,robot1,robot4,1.6855039960446547
35.15,robot2,robot3,1.9600771949252414
35.15,robot2,robot4,1.1538153503746815
35.15,robot3,robot4,1.6657730056917266
35.2,robot1,robot2,2.7884109299844955
35.2,robot1,robot3,1.945694933211525
35.2,robot1,robot4,1.6886427199490721
35.2,robot2,robot3,1.9521726087418603
35.2,robot2,robot4,1.1592565311439915
35.2,robot3,robot4,1.6688581037949273
35.25,robot1,robot2,2.7924752249905462
35.25,robot1,robot3,1.9397716208864644
35.25,robot1,robot4,1.691644984690346
35.25,robot2,robot3,1.9470167125021038
35.25,robot2,robot4,1.1660205309041516
35.25,robot3,robot4,1.6723977756283044
35.300000000000004,robot1,robot2,2.796547847487148
35.300000000000004,robot1,robot3,1.9339179226639889
35.300000000000004,robot1,robot4,1.6948055273656037
35.300000000000004,robot2,robot3,1.9418770119922626
35.300000000000004,robot2,robot4,1.172877892945383
35.300000000000004,robot3,robot4,1.675948834915912
35.35,robot1,robot2,2.797698616821065
35.35,robot1,robot3,1.9292652225093365
35.35,robot1,robot4,1.6977153735718633
35.35,robot2,robot3,1.9381902398316062
35.35,robot2,robot4,1.1766973114341048
35.35,robot3,robot4,1.681600721292142
35.4,robot1,robot2,2.7988595294013954
35.4,robot1,robot3,1.9246492551696273
35.4,robot1,robot4,1.7007600436569525
35.4,robot2,robot3,1.9345054419117047
35.4,robot2,robot4,1.180591715929347
35.4,robot3,robot4,1.6872595301627429
35.45,robot1,robot2,2.7990934013189435
35.45,robot1,robot3,1.9202401348194056
35.45,robot1,robot4,1.7035925706509174
35.45,robot2,robot3,1.9305394606147006
35.45,robot2,robot4,1.1836161466904085
35.45,robot3,robot4,1.6925562737697235
35.5,robot1,robot2,2.799338422923531
35.5,robot1,robot3,1.9158662782250748
35.5,robot1,robot4,1.706548646083082
35.5,robot2,robot3,1.9265739417525611
35.5,robot2,robot4,1.1867044133262503
35.5,robot3,robot4,1.6978603329555704
35.550000000000004,robot1,robot2,2.799446438752669
35.550000000000004,robot1,robot3,1.911649127918876
35.550000000000004,robot1,robot4,1.7094832076496105
35.550000000000004,robot2,robot3,1.9224932101440564
35.550000000000004,robot2,robot4,1.1898780848242396
35.550000000000004,robot3,robot4,1.703256386391961
35.6,robot1,robot2,2.799565523388942
35.6,robot1,robot3,1.9074676044861154
35.6,robot1,robot4,1.7125411097033554
35.6,robot2,robot3,1.9184127629120904
35.6,robot2,robot4,1.1931152555239581
35.6,robot3,robot4,1.7086606826131394
35.65,robot1,robot2,2.799950045937338
35.65,robot1,robot3,1.9034734506977633
35.65,robot1,robot4,1.7155561213193373
35.65,robot2,robot3,1.914517551347924
35.65,robot2,robot4,1.1968441559870064
35.65,robot3,robot4,1.7141854293494618
35.7,robot1,robot2,2.8003452292976303
35.7,robot1,robot3,1.8995147029662602
35.7,robot1,robot4,1.7186936190551823
35.7,robot2,robot3,1.910622702677062
35.7,robot2,robot4,1.20063475137154
35.7,robot3,robot4,1.7197193630787553
35.75,robot1,robot2,2.80042929242161
35.75,robot1,robot3,1.895771914366942
35.75,robot1,robot4,1.7217813200808199
35.75,robot2,robot3,1.9066964900498715
35.75,robot2,robot4,1.2042930166833363
35.75,robot3,robot4,1.7254246968987808
35.800000000000004,robot1,robot2,2.80052456565587
35.800000000000004,robot1,robot3,1.892063877990645
35.800000000000004,robot1,robot4,1.7249906186052146
35.800000000000004,robot2,robot3,1.9027703325816805
35.800000000000004,robot2,robot4,1.2080104855381024
35.800000000000004,robot3,robot4,1.731140212080178
35.85,robot1,robot2,2.8011635107956927
35.85,robot1,robot3,1.888532539431145
35.85,robot1,robot4,1.7281379991482164
35.85,robot2,robot3,1.8990633731907154
35.85,robot2,robot4,1.2126068598409177
35.85,robot3,robot4,1.7370068054213983
35.9,robot1,robot2,2.801812070283266
35.9,robot1,robot3,1.8850353676151546
35.9,robot1,robot4,1.7314063609320605
35.9,robot2,robot3,1.8953567838602312
35.9,robot2,robot4,1.2172629791581604
35.9,robot3,robot4,1.7428845614107664
35.95,robot1,robot2,2.8026567474373763
35.95,robot1,robot3,1.8817204112429267
35.95,robot1,robot4,1.7346401360891115
35.95,robot2,robot3,1.8921052199156365
35.95,robot2,robot4,1.2221827794278566
35.95,robot3,robot4,1.7489342994618184
36.0,robot1,robot2,2.8035121819121813
36.0,robot1,robot3,1.8784389017109393
36.0,robot1,robot4,1.7379941867765267
36.0,robot2,robot3,1.8888538332684717
36.0,robot2,robot4,1.2271553813665979
36.0,robot3,robot4,1.7549960537448512
36.050000000000004,robot1,robot2,2.803390630026299
36.050000000000004,robot1,robot3,1.8744999572351289
36.050000000000004,robot1,robot4,1.741548058675528
36.050000000000004,robot2,robot3,1.8848361006926435
36.050000000000004,robot2,robot4,1.2316564448279603
36.050000000000004,robot3,robot4,1.7612730860068242
36.1,robot1,robot2,2.803283304884649
36.1,robot1,robot3,1.8706006740042087
36.1,robot1,robot4,1.745241668894311
36.1,robot2,robot3,1.8808183704175157
36.1,robot2,robot4,1.2362173319477445
36.1,robot3,robot4,1.76756306933699
36.15,robot1,robot2,2.8032133273017683
36.15,robot1,robot3,1.8664217257041618
36.15,robot1,robot4,1.7491145935691288
36.15,robot2,robot3,1.8771025222025703
36.15,robot2,robot4,1.2409072843428912
36.15,robot3,robot4,1.7740274842245254
36.2,robot1,robot2,2.803161897429758
36.2,robot1,robot3,1.8622862457992324
36.2,robot1,robot4,1.753137738498889
36.2,robot2,robot3,1.8733867024682864
36.2,robot2,robot4,1.2456518536433043
36.2,robot3,robot4,1.7805055515835946
36.25,robot1,robot2,2.8034528971319013
36.25,robot1,robot3,1.8583607632131065
36.25,robot1,robot4,1.7571914577656302
36.25,robot2,robot3,1.8699179849026133
36.25,robot2,robot4,1.2509938389001962
36.25,robot3,robot4,1.7872682819304158
36.300000000000004,robot1,robot2,2.803760618665046
36.300000000000004,robot1,robot3,1.8544767653958347
36.300000000000004,robot1,robot4,1.7613935351331917
36.300000000000004,robot2,robot3,1.8664492690153667
36.300000000000004,robot2,robot4,1.256390717766572
36.300000000000004,robot3,robot4,1.7940449678962913
36.35,robot1,robot2,2.8036608375103524
36.35,robot1,robot3,1.851549205972663
36.35,robot1,robot4,1.7664652036443433
36.35,robot2,robot3,1.8607254998382348
36.35,robot2,robot4,1.2625155862857698
36.35,robot3,robot4,1.8020727258951712
36.4,robot1,robot2,2.8035803016560807
36.4,robot1,robot3,1.8486866969189237
36.4,robot1,robot4,1.7717324151490823
36.4,robot2,robot3,1.8550025119770055
36.4,robot2,robot4,1.2687235442412188
36.4,robot3,robot4,1.8101308128091187
36.45,robot1,robot2,2.803106123071556
36.45,robot1,robot3,1.8462757533665575
36.45,robot1,robot4,1.777333682250607
36.45,robot2,robot3,1.8468134224286161
36.45,robot2,robot4,1.2749920801739323
36.45,robot3,robot4,1.8172184201262795
36.5,robot1,robot2,2.8026505436555946
36.5,robot1,robot3,1.843957021482876
36.5,robot1,robot4,1.7831378461330467
36.5,robot2,robot3,1.8386254876872017
36.5,robot2,robot4,1.2813537310895067
36.5,robot3,robot4,1.8243491112668102
36.550000000000004,robot1,robot2,2.8018602609824246
36.550000000000004,robot1,robot3,1.8412351302056045
36.550000000000004,robot1,robot4,1.7891556415879533
36.550000000000004,robot2,robot3,1.8303353123720931
36.550000000000004,robot2,robot4,1.287379956827238
36.550000000000004,robot3,robot4,1.831213786345617
36.6,robot1,robot2,2.801089144603756
36.6,robot1,robot3,1.8386059332453486
36.6,robot1,robot4,1.7953707170253166
36.6,robot2,robot3,1.8220460540463845
36.6,robot2,robot4,1.2934972238180489
36.6,robot3,robot4,1.8381161026825807
36.65,robot1,robot2,2.8002725811917846
36.65,robot1,robot3,1.8356040589199107
36.65,robot1,robot4,1.8017831107242759
36.65,robot2,robot3,1.8137064531385039
36.65,robot2,robot4,1.2996405496171812
36.65,robot3,robot4,1.8447334385543344
36.7,robot1,robot2,2.799475214405907
36.7,robot1,robot3,1.8326969168223095
36.7,robot1,robot4,1.8083884891043183
36.7,robot2,robot3,1.8053672727123973
36.7,robot2,robot4,1.3058728348778836
36.7,robot3,robot4,1.851384454959315
36.75,robot1,robot2,2.7989502239838506
36.75,robot1,robot3,1.8293982972607414
36.75,robot1,robot4,1.815204961229585
36.75,robot2,robot3,1.7971358652765375
36.75,robot2,robot4,1.3124880899803433
36.75,robot3,robot4,1.857769103123959
36.800000000000004,robot1,robot2,2.7984433982412438
36.800000000000004,robot1,robot3,1.8261960345384605
36.800000000000004,robot1,robot4,1.8222097690268824
36.800000000000004,robot2,robot3,1.7889044606093405
36.800000000000004,robot2,robot4,1.319190522072154
36.800000000000004,robot3,robot4,1.8641832904510767
36.85,robot1,robot2,2.7979292604397634
36.85,robot1,robot3,1.8222043733031839
36.85,robot1,robot4,1.8295737268380994
36.85,robot2,robot3,1.780794408927726
36.85,robot2,robot4,1.325945372376348
36.85,robot3,robot4,1.8703160488886637
36.9,robot1,robot2,2.797436897233609
36.9,robot1,robot3,1.8183172827009593
36.9,robot1,robot4,1.8371326472723737
36.9,robot2,robot3,1.7726844310889065
36.9,robot2,robot4,1.332783124161617
36.9,robot3,robot4,1.8764747917105093
36.95,robot1,robot2,2.796422126278148
36.95,robot1,robot3,1.8139753413001507
36.95,robot1,robot4,1.8450070682375452
36.95,robot2,robot3,1.7642219004073716
36.95,robot2,robot4,1.3391832110441428
36.95,robot3,robot4,1.8823908666024973
37.0,robot1,robot2,2.7954303956457225
37.0,robot1,robot3,1.8097423960887362
37.0,robot1,robot4,1.8530744861499766
37.0,robot2,robot3,1.7557594808438313
37.0,robot2,robot4,1.3456684248506392
37.0,robot3,robot4,1.888329469274099
37.050000000000004,robot1,robot2,2.7941280316292323
37.050000000000004,robot1,robot3,1.8049992679356544
37.050000000000004,robot1,robot4,1.86133755387423
37.050000000000004,robot2,robot3,1.7484479320543116
37.050000000000004,robot2,robot4,1.3517934620137984
37.050000000000004,robot3,robot4,1.8949524897237533
37.1,robot1,robot2,2.7928499825756843
37.1,robot1,robot3,1.8003491694135336
37.1,robot1,robot4,1.8697874818518816
37.1,robot2,robot3,1.7411364749901141
37.1,robot2,robot4,1.3580011792075144
37.1,robot3,robot4,1.9015904779131598
37.15,robot1,robot2,2.791908330175706
37.15,robot1,robot3,1.7954468335571794
37.15,robot1,robot4,1.878349230106185
37.15,robot2,robot3,1.7353598781673505
37.15,robot2,robot4,1.3646062980189555
37.15,robot3,robot4,1.9091500493282338
37.2,robot1,robot2,2.7909901523439666
37.2,robot1,robot3,1.7906204599462165
37.2,robot1,robot4,1.8870914471206741
37.2,robot2,robot3,1.7295835789012917
37.2,robot2,robot4,1.3712894361355665
37.2,robot3,robot4,1.916719570664942
37.25,robot1,robot2,2.790118119388721
37.25,robot1,robot3,1.785778685859827
37.25,robot1,robot4,1.8959963671202666
37.25,robot2,robot3,1.723729799627105
37.25,robot2,robot4,1.3781465576944276
37.25,robot3,robot4,1.924203810455249
37.300000000000004,robot1,robot2,2.789268610808217
37.300000000000004,robot1,robot3,1.7810142825988224
37.300000000000004,robot1,robot4,1.905076050873824
37.300000000000004,robot2,robot3,1.7178765625693242
37.300000000000004,robot2,robot4,1.3850808162851014
37.300000000000004,robot3,robot4,1.9316974013048742
37.35,robot1,robot2,2.7882122404201044
37.35,robot1,robot3,1.7761799227393882
37.35,robot1,robot4,1.9143029237998104
37.35,robot2,robot3,1.7122269425528847
37.35,robot2,robot4,1.3916109580615559
37.35,robot3,robot4,1.9391519904135937
37.4,robot1,robot2,2.787181566770633
37.4,robot1,robot3,1.7714239344902731
37.4,robot1,robot4,1.9237000408299105
37.4,robot2,robot3,1.7065774977752988
37.4,robot2,robot4,1.3982118816921132
37.4,robot3,robot4,1.9466152677188167
37.45,robot1,robot2,2.7862721583644694
37.45,robot1,robot3,1.7666188070533209
37.45,robot1,robot4,1.9332422331157837
37.45,robot2,robot3,1.7006819109011828
37.45,robot2,robot4,1.405338616436089
37.45,robot3,robot4,1.9540086311416338
37.5,robot1,robot2,2.785385123046722
37.5,robot1,robot3,1.7618934697322084
37.5,robot1,robot4,1.942949805776001
37.5,robot2,robot3,1.6947871631225555
37.5,robot2,robot4,1.4125392303596385
37.5,robot3,robot4,1.9614101280711282
37.550000000000004,robot1,robot2,2.7848182245067634
37.550000000000004,robot1,robot3,1.75709342193934
37.550000000000004,robot1,robot4,1.9528913338609633
37.550000000000004,robot2,robot3,1.6891501483499027
37.550000000000004,robot2,robot4,1.4200210167628688
37.550000000000004,robot3,robot4,1.9687723751028843
37.6,robot1,robot2,2.784274559286494
37.6,robot1,robot3,1.752376102498833
37.6,robot1,robot4,1.9629952995002304
37.6,robot2,robot3,1.6835143828530243
37.6,robot2,robot4,1.42757165121825
37.6,robot3,robot4,1.9761422780855127
37.65,robot1,robot2,2.7837650968309537
37.65,robot1,robot3,1.747813897556674
37.65,robot1,robot4,1.97355931603442
37.65,robot2,robot3,1.6778601073569874
37.65,robot2,robot4,1.4347720492330822
37.65,robot3,robot4,1.9834529129370573
37.7,robot1,robot2,2.783281161410216
37.7,robot1,robot3,1.7433392132628693
37.7,robot1,robot4,1.9842793950915782
37.7,robot2,robot3,1.6722066492276009
37.7,robot2,robot4,1.4420387372619363
37.7,robot3,robot4,1.990770611116459
37.75,robot1,robot2,2.783167978439543
37.75,robot1,robot3,1.73915911249733
37.75,robot1,robot4,1.9954386589461977
37.75,robot2,robot3,1.6665877068523127
37.75,robot2,robot4,1.449484011081961
37.75,robot3,robot4,1.9981490774985986
37.800000000000004,robot1,robot2,2.783079580844213
37.800000000000004,robot1,robot3,1.7350694146142964
37.800000000000004,robot1,robot4,2.006746382735249
37.800000000000004,robot2,robot3,1.660969821262866
37.800000000000004,robot2,robot4,1.4569947324067456
37.800000000000004,robot3,robot4,2.005534145642254
37.85,robot1,robot2,2.7831668292714684
37.85,robot1,robot3,1.7314908145296348
37.85,robot1,robot4,2.019501774379266
37.85,robot2,robot3,1.6557385102649813
37.85,robot2,robot4,1.4655026377717653
37.85,robot3,robot4,2.015254085854313
37.9,robot1,robot2,2.7832794782450434
37.9,robot1,robot3,1.7279984915039712
37.9,robot1,robot4,2.032422719762058
37.9,robot2,robot3,1.6505076003423915
37.9,robot2,robot4,1.4740937023964928
37.9,robot3,robot4,2.024980531881974
37.95,robot1,robot2,2.783770793036758
37.95,robot1,robot3,1.725179024643022
37.95,robot1,robot4,2.0458055723125925
37.95,robot2,robot3,1.6452489993254056
37.95,robot2,robot4,1.4828819694689972
37.95,robot3,robot4,2.0349997384232026
38.0,robot1,robot2,2.7842870657304717
38.0,robot1,robot3,1.7224477914087848
38.0,robot1,robot4,2.0593456550079203
38.0,robot2,robot3,1.6399905890379372
38.0,robot2,robot4,1.491751434973669
38.0,robot3,robot4,2.045026190060411
38.050000000000004,robot1,robot2,2.7851352223332446
38.050000000000004,robot1,robot3,1.7203236359141845
38.050000000000004,robot1,robot4,2.073250342590712
38.050000000000004,robot2,robot3,1.6347203607122682
38.050000000000004,robot2,robot4,1.5007587569680383
38.050000000000004,robot3,robot4,2.055256162156071
38.1,robot1,robot2,2.786008201973031
38.1,robot1,robot3,1.718289421362129
38.1,robot1,robot4,2.0873040027964302
38.1,robot2,robot3,1.629450186113095
38.1,robot2,robot4,1.5098439827998784
38.1,robot3,robot4,2.065494147753752
38.15,robot1,robot2,2.7872123401598325
38.15,robot1,robot3,1.7168513710989954
38.15,robot1,robot4,2.10171429577934
38.15,robot2,robot3,1.6241003023832155
38.15,robot2,robot4,1.5189858556510651
38.15,robot3,robot4,2.0758029938641207
38.2,robot1,robot2,2.788440909715679
38.2,robot1,robot3,1.715505472459065
38.2,robot1,robot4,2.116263776363665
38.2,robot2,robot3,1.6187504243647322
38.2,robot2,robot4,1.5282025767511975
38.2,robot3,robot4,2.086120382667309
38.25,robot1,robot2,2.789972841782022
38.25,robot1,robot3,1.7148899314093746
38.25,robot1,robot4,2.1311585506682156
38.25,robot2,robot3,1.6134076790416303
38.25,robot2,robot4,1.5375331041907685
38.25,robot3,robot4,2.0967840926146883
38.300000000000004,robot1,robot2,2.791529091186585
38.300000000000004,robot1,robot3,1.7143662991887119
38.300000000000004,robot1,robot4,2.1461849534022015
38.300000000000004,robot2,robot3,1.608065006175123
38.300000000000004,robot2,robot4,1.5469356011718796
38.300000000000004,robot3,robot4,2.107457472987772
38.35,robot1,robot2,2.793503143802151
38.35,robot1,robot3,1.714435952873787
38.35,robot1,robot4,2.161511814591353
38.35,robot2,robot3,1.6028773200361435
38.35,robot2,robot4,1.5565231435730411
38.35,robot3,robot4,2.1183975908594808
38.400000000000006,robot1,robot2,2.7955007055998045
38.400000000000006,robot1,robot3,1.7145959307279954
38.400000000000006,robot1,robot4,2.176961611296352
38.400000000000006,robot2,robot3,1.597689807252959
38.400000000000006,robot2,robot4,1.566179061036446
38.400000000000006,robot3,robot4,2.129347714904498
38.45,robot1,robot2,2.7980155252114405
38.45,robot1,robot3,1.7151471869233994
38.45,robot1,robot4,2.1926941302719936
38.45,robot2,robot3,1.5929575397958664
38.45,robot2,robot4,1.5761046651951776
38.45,robot3,robot4,2.140641021622379
38.5,robot1,robot2,2.8005531963114
38.5,robot1,robot3,1.7157850857318933
38.5,robot1,robot4,2.208541990230885
38.5,robot2,robot3,1.5882254670197176
38.5,robot2,robot4,1.5860938898214696
38.5,robot3,robot4,2.15194383088523
38.550000000000004,robot1,robot2,2.803364542855246
38.550000000000004,robot1,robot3,1.7160504541878279
38.550000000000004,robot1,robot4,2.2246549887133633
38.550000000000004,robot2,robot3,1.5849621058918884
38.550000000000004,robot2,robot4,1.5961343674936181
38.550000000000004,robot3,robot4,2.16418140341562
38.6,robot1,robot2,2.806198482464489
38.6,robot1,robot3,1.7163862013419358
38.6,robot1,robot4,2.2408760079027132
38.6,robot2,robot3,1.5816989137130366
38.6,robot2,robot4,1.6062355894450853
38.6,robot3,robot4,2.1764242546932344
38.650000000000006,robot1,robot2,2.8093159975736532
38.650000000000006,robot1,robot3,1.717147146904132
38.650000000000006,robot1,robot4,2.257596072804988
38.650000000000006,robot2,robot3,1.5784851997919553
38.650000000000006,robot2,robot4,1.6166054777527672
38.650000000000006,robot3,robot4,2.1891090030129847
38.7,robot1,robot2,2.8124557140842232
38.7,robot1,robot3,1.7179781445108666
38.7,robot1,robot4,2.2744199037345765
38.7,robot2,robot3,1.5752717654531867
38.7,robot2,robot4,1.62703639519004
38.7,robot3,robot4,2.2017990540112873
38.75,robot1,robot2,2.81584724893752
38.75,robot1,robot3,1.7192010777283298
38.75,robot1,robot4,2.2914992714767553
38.75,robot2,robot3,1.5721052608875303
38.75,robot2,robot4,1.6374550423362777
38.75,robot3,robot4,2.2145716404641895
38.800000000000004,robot1,robot2,2.819260662322128
38.800000000000004,robot1,robot3,1.72049356199028
38.800000000000004,robot1,robot4,2.3086748881091967
38.800000000000004,robot2,robot3,1.5689391762592324
38.800000000000004,robot2,robot4,1.6479322357490933
38.800000000000004,robot3,robot4,2.2273494180850943
38.85,robot1,robot2,2.822907639816524
38.85,robot1,robot3,1.722192454304832
38.85,robot1,robot4,2.3261013282366925
38.85,robot2,robot3,1.5657765388183587
38.85,robot2,robot4,1.6584194990390708
38.85,robot3,robot4,2.240220067473061
38.900000000000006,robot1,robot2,2.8265761438434667
38.900000000000006,robot1,robot3,1.723960527030709
38.900000000000006,robot1,robot4,2.3436173185671785
38.900000000000006,robot2,robot3,1.5626145039634693
38.900000000000006,robot2,robot4,1.6689631923805286
38.900000000000006,robot3,robot4,2.2530959250187306
38.95,robot1,robot2,2.8304843126988004
38.95,robot1,robot3,1.726132098244077
38.95,robot1,robot4,2.361341767927084
38.95,robot2,robot3,1.5595091684188649
38.95,robot2,robot4,1.6794882093414656
38.95,robot3,robot4,2.266069791127031
39.0,robot1,robot2,2.834413322760991
39.0,robot1,robot3,1.7283712041578336
39.0,robot1,robot4,2.3791485152373317
39.0,robot2,robot3,1.5564046345128248
39.0,robot2,robot4,1.6900676092254414
39.0,robot3,robot4,2.279048688665075
39.050000000000004,robot1,robot2,2.838658193009728
39.050000000000004,robot1,robot3,1.730939581584089
39.050000000000004,robot1,robot4,2.3973453967220193
39.050000000000004,robot2,robot3,1.55337003349371
39.050000000000004,robot2,robot4,1.7006580219093146
39.050000000000004,robot3,robot4,2.292130589466764
39.1,robot1,robot2,2.842924670484605
39.1,robot1,robot3,1.7335770187966844
39.1,robot1,robot4,2.415620057753495
39.1,robot2,robot3,1.5503364534996913
39.1,robot2,robot4,1.7113005094830656
39.1,robot3,robot4,2.3052174442783047
39.150000000000006,robot1,robot2,2.847693051965573
39.150000000000006,robot1,robot3,1.736381735984703
39.150000000000006,robot1,robot4,2.4349462747079773
39.150000000000006,robot2,robot3,1.54730914299963
39.150000000000006,robot2,robot4,1.7219427036699717
39.150000000000006,robot3,robot4,2.318397091777529
39.2,robot1,robot2,2.852488439497345
39.2,robot1,robot3,1.739267925900147
39.2,robot1,robot4,2.4543515354031906
39.2,robot2,robot3,1.5442831254757012
39.2,robot2,robot4,1.7326352459308911
39.2,robot3,robot4,2.33158166937489
39.25,robot1,robot2,2.857071759738675
39.25,robot1,robot3,1.74218021082163
39.25,robot1,robot4,2.473775760422213
39.25,robot2,robot3,1.5411644489009764
39.25,robot2,robot4,1.7433409012672334
39.25,robot3,robot4,2.3448649299629176
39.300000000000004,robot1,robot2,2.8616815293783135
39.300000000000004,robot1,robot3,1.7451714825302989
39.300000000000004,robot1,robot4,2.493275933769468
39.300000000000004,robot2,robot3,1.538047273986726
39.300000000000004,robot2,robot4,1.754096824305034
39.300000000000004,robot3,robot4,2.358152924026983
39.35,robot1,robot2,2.8670621333206663
39.35,robot1,robot3,1.7480042678108654
39.35,robot1,robot4,2.5127856874106884
39.35,robot2,robot3,1.5365198453541855
39.35,robot2,robot4,1.7642050310083723
39.35,robot3,robot4,2.37154915569739
39.400000000000006,robot1,robot2,2.8724773004561768
39.400000000000006,robot1,robot3,1.7509127988797732
39.400000000000006,robot1,robot4,2.532368597548551
39.400000000000006,robot2,robot3,1.5349953926996
39.400000000000006,robot2,robot4,1.7743485674652557
39.400000000000006,robot3,robot4,2.384949458416469
39.45,robot1,robot2,2.8781555256858953
39.45,robot1,robot3,1.7534289403652064
39.45,robot1,robot4,2.55219837494316
39.45,robot2,robot3,1.5346628941505362
39.45,robot2,robot4,1.784403122694884
39.45,robot3,robot4,2.3990268992483714
39.5,robot1,robot2,2.8838719461177535
39.5,robot1,robot3,1.756013296943961
39.5,robot1,robot4,2.5721004948835104
39.5,robot2,robot3,1.5343341414440987
39.5,robot2,robot4,1.7944889340101824
39.5,robot3,robot4,2.4131070370375203
39.550000000000004,robot1,robot2,2.889423079700557
39.550000000000004,robot1,robot3,1.7587400943207188
39.550000000000004,robot1,robot4,2.592269487246457
39.550000000000004,robot2,robot3,1.5339008768968743
39.550000000000004,robot2,robot4,1.8046757125592545
39.550000000000004,robot3,robot4,2.4275668634153535
39.6,robot1,robot2,2.8950125032534832
39.6,robot1,robot3,1.7615335059353825
39.6,robot1,robot4,2.6125096028853174
39.6,robot2,robot3,1.5334722726182564
39.6,robot2,robot4,1.8148952202400006
39.6,robot3,robot4,2.4420294485687517
39.650000000000006,robot1,robot2,2.9004673341032476
39.650000000000006,robot1,robot3,1.764377284348929
39.650000000000006,robot1,robot4,2.632779899431399
39.650000000000006,robot2,robot3,1.5330545199915429
39.650000000000006,robot2,robot4,1.825027048426955
39.650000000000006,robot3,robot4,2.4566068286713088
39.7,robot1,robot2,2.9059607135117984
39.7,robot1,robot3,1.7672856363341494
39.7,robot1,robot4,2.653118620571647
39.7,robot2,robot3,1.532642237499998
39.7,robot2,robot4,1.8351910272933443
39.7,robot3,robot4,2.47118691471224
39.75,robot1,robot2,2.9113302740749374
39.75,robot1,robot3,1.7702586782976804
39.75,robot1,robot4,2.673527439744447
39.75,robot2,robot3,1.5322476665947318
39.75,robot2,robot4,1.8452781624782888
39.75,robot3,robot4,2.48592446115952
39.800000000000004,robot1,robot2,2.916738653637827
39.800000000000004,robot1,robot3,1.773294178712602
39.800000000000004,robot1,robot4,2.694002099874834
39.800000000000004,robot2,robot3,1.531859497416457
39.800000000000004,robot2,robot4,1.8553971807613068
39.800000000000004,robot3,robot4,2.500664633032189
39.85,robot1,robot2,2.9220022144431206
39.85,robot1,robot3,1.7763350825389055
39.85,robot1,robot4,2.7145114633938285
39.85,robot2,robot3,1.5315358490776507
39.85,robot2,robot4,1.8654490484451731
39.85,robot3,robot4,2.515578698130711
39.900000000000006,robot1,robot2,2.9273046920115786
39.900000000000006,robot1,robot3,1.779435715323822
39.900000000000006,robot1,robot4,2.735084240862065
39.900000000000006,robot2,robot3,1.5312194906273235
39.900000000000006,robot2,robot4,1.8755325373517264
39.900000000000006,robot3,robot4,2.530495223369926
39.95,robot1,robot2,2.932492732538523
39.95,robot1,robot3,1.782562081076912
39.95,robot1,robot4,2.7556904088501137
39.95,robot2,robot3,1.5309670102913715
39.95,robot2,robot4,1.8854971020808418
39.95,robot3,robot4,2.5455329335880243
40.0,robot1,robot2,2.937720317918641
40.0,robot1,robot3,1.7857461963103827
40.0,robot1,robot4,2.776357682353266
40.0,robot2,robot3,1.5307229160187679
40.0,robot2,robot4,1.895492602073139
40.0,robot3,robot4,2.560573017136789
40.050000000000004,robot1,robot2,2.9428438943991746
40.050000000000004,robot1,robot3,1.7888987691122298
40.050000000000004,robot1,robot4,2.797295162112949
40.050000000000004,robot2,robot3,1.5304643689352098
40.050000000000004,robot2,robot4,1.9054636231059365
40.050000000000004,robot3,robot4,2.575786305586753
40.1,robot1,robot2,2.948008391669535
40.1,robot1,robot3,1.7921094558943658
40.1,robot1,robot4,2.818292685979226
40.1,robot2,robot3,1.530214984175753
40.1,robot2,robot4,1.9154661417989096
40.1,robot3,robot4,2.5910017719117833
40.150000000000006,robot1,robot2,2.9528840408224637
40.150000000000006,robot1,robot3,1.7950075019777771
40.150000000000006,robot1,robot4,2.839378627398829
40.150000000000006,robot2,robot3,1.5300911592086597
40.150000000000006,robot2,robot4,1.9253634214415867
40.150000000000006,robot3,robot4,2.6063801132185715
40.2,robot1,robot2,2.957803704241713
40.2,robot1,robot3,1.797963634355267
40.2,robot1,robot4,2.8605258796971227
40.2,robot2,robot3,1.5299776925517574
40.2,robot2,robot4,1.9352914996777617
40.2,robot3,robot4,2.621760499325787
40.25,robot1,robot2,2.9625893645139634
40.25,robot1,robot3,1.8006483063244192
40.25,robot1,robot4,2.8815880442832644
40.25,robot2,robot3,1.530205098398659
40.25,robot2,robot4,1.9450554225734804
40.25,robot3,robot4,2.6372611550279297
40.300000000000004,robot1,robot2,2.967421679448508
40.300000000000004,robot1,robot3,1.8033891431291251
40.300000000000004,robot1,robot4,2.9027115228875258
40.300000000000004,robot2,robot3,1.5304441119573757
40.300000000000004,robot2,robot4,1.9548476268346353
40.300000000000004,robot3,robot4,2.65276374126985
40.35,robot1,robot2,2.9722902276815524
40.35,robot1,robot3,1.8052204185074605
40.35,robot1,robot4,2.923714269807672
40.35,robot2,robot3,1.5315944109916961
40.35,robot2,robot4,1.9644934359402308
40.35,robot3,robot4,2.6682848769266103
40.400000000000006,robot1,robot2,2.9772084322455497
40.400000000000006,robot1,robot3,1.807105584185108
40.400000000000006,robot1,robot4,2.944778445333369
40.400000000000006,robot2,robot3,1.5327546653946287
40.400000000000006,robot2,robot4,1.9741637264994019
40.400000000000006,robot3,robot4,2.6838069794880948
40.45,robot1,robot2,2.9820913018383597
40.45,robot1,robot3,1.808002452405209
40.45,robot1,robot4,2.96480608511223
40.45,robot2,robot3,1.5346045670834068
40.45,robot2,robot4,1.983182010736408
40.45,robot3,robot4,2.6982510246050597
40.5,robot1,robot2,2.9870234285311525
40.5,robot1,robot3,1.8089511074725042
40.5,robot1,robot4,2.9848900064937065
40.5,robot2,robot3,1.5364611695841845
40.5,robot2,robot4,1.9922184878220561
40.5,robot3,robot4,2.7126954098276492
40.550000000000004,robot1,robot2,2.9919429895955996
40.550000000000004,robot1,robot3,1.8095781997861407
40.550000000000004,robot1,robot4,3.003277386882247
40.550000000000004,robot2,robot3,1.5386184153330549
40.550000000000004,robot2,robot4,1.999517186970895
40.550000000000004,robot3,robot4,2.7251007317781855
40.6,robot1,robot2,2.996911242550403
40.6,robot1,robot3,1.8102552025095797
40.6,robot1,robot4,3.0217090263446944
40.6,robot2,robot3,1.5407815771743898
40.6,robot2,robot4,2.006827338012914
40.6,robot3,robot4,2.737506189986061
40.650000000000006,robot1,robot2,3.0018096127599434
40.650000000000006,robot1,robot3,1.8105654263299213
40.650000000000006,robot1,robot4,3.0402177949098084
40.650000000000006,robot2,robot3,1.5432614347064628
40.650000000000006,robot2,robot4,2.014754227786916
40.650000000000006,robot3,robot4,2.750471190659885
40.7,robot1,robot2,3.0067560892817697
40.7,robot1,robot3,1.8109232426505548
40.7,robot1,robot4,3.058774291280741
40.7,robot2,robot3,1.5457465526253003
40.7,robot2,robot4,2.022691929570344
40.7,robot3,robot4,2.7634363558446573
40.75,robot1,robot2,3.0115777218345205
40.75,robot1,robot3,1.8108821818263743
40.75,robot1,robot4,3.0779954925361737
40.75,robot2,robot3,1.5484089619997845
40.75,robot2,robot4,2.0315342469899442
40.75,robot3,robot4,2.7773544169272406
40.800000000000004,robot1,robot2,3.0164452220408386
40.800000000000004,robot1,robot3,1.8108866140564959
40.800000000000004,robot1,robot4,3.097266995174297
40.800000000000004,robot2,robot3,1.5510753856934232
40.800000000000004,robot2,robot4,2.040390076726753
40.800000000000004,robot3,robot4,2.791272506438777
40.85,robot1,robot2,3.021407931816929
40.85,robot1,robot3,1.8104947939127027
40.85,robot1,robot4,3.116972182518238
40.85,robot2,robot3,1.5540087225174286
40.85,robot2,robot4,2.049151313539645
40.85,robot3,robot4,2.80521446455641
40.900000000000006,robot1,robot2,3.0264199840355936
40.900000000000006,robot1,robot3,1.8101521631103281
40.900000000000006,robot1,robot4,3.1367275923831857
40.900000000000006,robot2,robot3,1.5569455456954817
40.900000000000006,robot2,robot4,2.057926124019034
40.900000000000006,robot3,robot4,2.8191564300402012
40.95,robot1,robot2,3.031744427918439
40.95,robot1,robot3,1.8095757995979334
40.95,robot1,robot4,3.156831925961297
40.95,robot2,robot3,1.5602545561798562
40.95,robot2,robot4,2.0667228038285645
40.95,robot3,robot4,2.833148501394342
41.0,robot1,robot2,3.0371195261787114
41.0,robot1,robot3,1.8090506005595863
41.0,robot1,robot4,3.176984896584181
41.0,robot2,robot3,1.5635662810296849
41.0,robot2,robot4,2.0755324488227114
41.0,robot3,robot4,2.847140674742469
41.050000000000004,robot1,robot2,3.043627826457762
41.050000000000004,robot1,robot3,1.8082765850259883
41.050000000000004,robot1,robot4,3.197228859272434
41.050000000000004,robot2,robot3,1.5684618814275504
41.050000000000004,robot2,robot4,2.0838947322872388
41.050000000000004,robot3,robot4,2.8612168109408023
41.1,robot1,robot2,3.050192296738027
41.1,robot1,robot3,1.8075525145190112
41.1,robot1,robot4,3.2175191090207993
41.1,robot2,robot3,1.5733601176641028
41.1,robot2,robot4,2.092264568456389
41.1,robot3,robot4,2.8752932463555783
41.150000000000006,robot1,robot2,3.0567797918726907
41.150000000000006,robot1,robot3,1.8066189836870694
41.150000000000006,robot1,robot4,3.2377678749466443
41.150000000000006,robot2,robot3,1.5785331791505846
41.150000000000006,robot2,robot4,2.1004003248553005
41.150000000000006,robot3,robot4,2.889326080234802
41.2,robot1,robot2,3.063422647064064
41.2,robot1,robot3,1.8057336048404258
41.2,robot1,robot4,3.2580595474662517
41.2,robot2,robot3,1.5837086268013443
41.2,robot2,robot4,2.1085436350535884
41.2,robot3,robot4,2.903359529129315
41.25,robot1,robot2,3.0700130914652872
41.25,robot1,robot3,1.8045714694362343
41.25,robot1,robot4,3.278238929647212
41.25,robot2,robot3,1.58909237883422
41.25,robot2,robot4,2.1164849567162647
41.25,robot3,robot4,2.917283960897576
41.300000000000004,robot1,robot2,3.0766580375569865
41.300000000000004,robot1,robot3,1.803456263870294
41.300000000000004,robot1,robot4,3.2984586016043944
41.300000000000004,robot2,robot3,1.5944781605920486
41.300000000000004,robot2,robot4,2.1244337726862668
41.300000000000004,robot3,robot4,2.9312093770532686
41.35,robot1,robot2,3.083263543814736
41.35,robot1,robot3,1.802044147932633
41.35,robot1,robot4,3.318726606495481
41.35,robot2,robot3,1.6000684241716825
41.35,robot2,robot4,2.132295142837877
41.35,robot3,robot4,2.945152754888319
41.400000000000006,robot1,robot2,3.089922909734158
41.400000000000006,robot1,robot3,1.8006783149135768
41.400000000000006,robot1,robot4,3.339032920845498
41.400000000000006,robot2,robot3,1.6056603301383523
41.400000000000006,robot2,robot4,2.140164330653608
41.400000000000006,robot3,robot4,2.959097624373013
41.45,robot1,robot2,3.096546897110151
41.45,robot1,robot3,1.7990537080690503
41.45,robot1,robot4,3.359370409265702
41.45,robot2,robot3,1.6114248325027454
41.45,robot2,robot4,2.1479728040486226
41.45,robot3,robot4,2.973057978313407
41.5,robot1,robot2,3.1032236527884995
41.5,robot1,robot3,1.7974746113556097
41.5,robot1,robot4,3.3797441533243315
41.5,robot2,robot3,1.6171906167975376
41.5,robot2,robot4,2.155789447798648
41.5,robot3,robot4,2.9870203846150765
41.550000000000004,robot1,robot2,3.109857110183441
41.550000000000004,robot1,robot3,1.79558735575222
41.550000000000004,robot1,robot4,3.4001369639685115
41.550000000000004,robot2,robot3,1.6231297430637672
41.550000000000004,robot2,robot4,2.1635097932032803
41.550000000000004,robot3,robot4,3.00093869424906
41.6,robot1,robot2,3.1165425203767074
41.6,robot1,robot3,1.793745401099331
41.6,robot1,robot4,3.420564077395715
41.6,robot2,robot3,1.6290697808679035
41.6,robot2,robot4,2.1712386355575934
41.6,robot3,robot4,3.0148597703032562
41.650000000000006,robot1,robot2,3.123307679369142
41.650000000000006,robot1,robot3,1.791556583313307
41.650000000000006,robot1,robot4,3.4413721077298893
41.650000000000006,robot2,robot3,1.6351324961106366
41.650000000000006,robot2,robot4,2.1789025497919825
41.650000000000006,robot3,robot4,3.028705456874439
41.7,robot1,robot2,3.1301273498535167
41.7,robot1,robot3,1.789417928909845
41.7,robot1,robot4,3.4622142634627626
41.7,robot2,robot3,1.6411957799132315
41.7,robot2,robot4,2.18657529070142
41.7,robot3,robot4,3.0425546546461577
41.75,robot1,robot2,3.1354810926026966
41.75,robot1,robot3,1.7871654418575802
41.75,robot1,robot4,3.4837404474734477
41.75,robot2,robot3,1.6453805614425496
41.75,robot2,robot4,2.194640827801328
41.75,robot3,robot4,3.056345925039
41.800000000000004,robot1,robot2,3.140886318184249
41.800000000000004,robot1,robot3,1.7849707425658268
41.800000000000004,robot1,robot4,3.5053000773863885
41.800000000000004,robot2,robot3,1.6495657128229242
41.800000000000004,robot2,robot4,2.2027251990722774
41.800000000000004,robot3,robot4,3.070141501395825
41.85,robot1,robot2,3.145574107802342
41.85,robot1,robot3,1.782846420021225
41.85,robot1,robot4,3.5270317477334974
41.85,robot2,robot3,1.6527766381371685
41.85,robot2,robot4,2.2109593298458705
41.85,robot3,robot4,3.0838101423224002
41.900000000000006,robot1,robot2,3.1503085481814326
41.900000000000006,robot1,robot3,1.7807809102441543
41.900000000000006,robot1,robot4,3.548793327076264
41.900000000000006,robot2,robot3,1.655987761933343
41.900000000000006,robot2,robot4,2.219219160317882
41.900000000000006,robot3,robot4,3.097483946046051
41.95,robot1,robot2,3.1552836024006226
41.95,robot1,robot3,1.7788873071578342
41.95,robot1,robot4,3.570340762771708
41.95,robot2,robot3,1.659226220171921
41.95,robot2,robot4,2.2271334701518235
41.95,robot3,robot4,3.1106920878175175
42.0,robot1,robot2,3.1603046224429066
42.0,robot1,robot3,1.7770538488186
42.0,robot1,robot4,3.5919150200562933
42.0,robot2,robot3,1.662464821391719
42.0,robot2,robot4,2.2350714464293975
42.0,robot3,robot4,3.1239054599934675
42.050000000000004,robot1,robot2,3.16555844430035
42.050000000000004,robot1,robot3,1.7756903238956112
42.050000000000004,robot1,robot4,3.613257485361722
42.050000000000004,robot2,robot3,1.665320693826042
42.050000000000004,robot2,robot4,2.24289409994459
42.050000000000004,robot3,robot4,3.136501451714953
42.1,robot1,robot2,3.1708575368800473
42.1,robot1,robot3,1.7743915253790523
42.1,robot1,robot4,3.6346253974625777
42.1,robot2,robot3,1.6681766763271808
42.1,robot2,robot4,2.2507376469773193
42.1,robot3,robot4,3.149101432790789
42.150000000000006,robot1,robot2,3.1763823793674866
42.150000000000006,robot1,robot3,1.7739272552898697
42.150000000000006,robot1,robot4,3.6560571431412296
42.150000000000006,robot2,robot3,1.6697878879417591
42.150000000000006,robot2,robot4,2.2587254622860327
42.150000000000006,robot3,robot4,3.160547998849132
42.2,robot1,robot2,3.181951388736478
42.2,robot1,robot3,1.773542942461783
42.2,robot1,robot4,3.677513422605008
42.2,robot2,robot3,1.6713990995600063
42.2,robot2,robot4,2.266732954313322
42.2,robot3,robot4,3.1719970281984815
42.25,robot1,robot2,3.1877291501614833
42.25,robot1,robot3,1.77339243383254
42.25,robot1,robot4,3.699077546994453
42.25,robot2,robot3,1.6730293643885183
42.25,robot2,robot4,2.274884951557166
42.25,robot3,robot4,3.183518628851573
42.300000000000004,robot1,robot2,3.193550198142031
42.300000000000004,robot1,robot3,1.7733219933497695
42.300000000000004,robot1,robot4,3.7206654018089322
42.300000000000004,robot2,robot3,1.674659629245597
42.300000000000004,robot2,robot4,2.283055693412889
42.300000000000004,robot3,robot4,3.1950424350859583
42.35,robot1,robot2,3.199585045089832
42.35,robot1,robot3,1.773498587796449
42.35,robot1,robot4,3.742313295761895
42.35,robot2,robot3,1.6763013770204034
42.35,robot2,robot4,2.2913626254738144
42.35,robot3,robot4,3.2066001246688454
42.400000000000006,robot1,robot2,3.205662422352205
42.400000000000006,robot1,robot3,1.773755465291087
42.400000000000006,robot1,robot4,3.7639843550930205
42.400000000000006,robot2,robot3,1.6779431248039967
42.400000000000006,robot2,robot4,2.2996870052918084
42.400000000000006,robot3,robot4,3.2181596689575565
42.45,robot1,robot2,3.2119619365559893
42.45,robot1,robot3,1.7742921537881664
42.45,robot1,robot4,3.785714894233652
42.45,robot2,robot3,1.6795892821256182
42.45,robot2,robot4,2.3081326954440904
42.45,robot3,robot4,3.229754184760545
42.5,robot1,robot2,3.2183027728032365
42.5,robot1,robot3,1.7749086144049782
42.5,robot1,robot4,3.807467630711127
42.5,robot2,robot3,1.681235439465276
42.5,robot2,robot4,2.3165948175483773
42.5,robot3,robot4,3.2413502972634722
42.550000000000004,robot1,robot2,3.225152851337903
42.550000000000004,robot1,robot3,1.7758673892470829
42.550000000000004,robot1,robot4,3.829879130601188
42.550000000000004,robot2,robot3,1.6828831617555184
42.550000000000004,robot2,robot4,2.325184918059315
42.550000000000004,robot3,robot4,3.252989504935461
42.6,robot1,robot2,3.232047445094982
42.6,robot1,robot3,1.7769144642880255
42.6,robot1,robot4,3.8523134222361763
42.6,robot2,robot3,1.6845308840460598
42.6,robot2,robot4,2.3337904519116535
42.6,robot3,robot4,3.264630054296658
42.650000000000006,robot1,robot2,3.2393237250889273
42.650000000000006,robot1,robot3,1.7782112024718828
42.650000000000006,robot1,robot4,3.875241744614265
42.650000000000006,robot2,robot3,1.68617620242088
42.650000000000006,robot2,robot4,2.3425173264428594
42.650000000000006,robot3,robot4,3.2762860894565518
42.7,robot1,robot2,3.2466473626103896
42.7,robot1,robot3,1.779603742747806
42.7,robot1,robot4,3.898193689526086
42.7,robot2,robot3,1.6878215207968525
42.7,robot2,robot4,2.351258511626912
42.7,robot3,robot4,3.2879432079129653
42.75,robot1,robot2,3.2540336986491085
42.75,robot1,robot3,1.7811862526058297
42.75,robot1,robot4,3.9211670227611135
42.75,robot2,robot3,1.6893838631879967
42.75,robot2,robot4,2.3601566588282337
42.75,robot3,robot4,3.2996274157170005
42.800000000000004,robot1,robot2,3.261466058898207
42.800000000000004,robot1,robot3,1.7828639417661685
42.800000000000004,robot1,robot4,3.944163453943818
42.800000000000004,robot2,robot3,1.6909462058341773
42.800000000000004,robot2,robot4,2.3690685734982444
42.800000000000004,robot3,robot4,3.3113125206105223
42.85,robot1,robot2,3.2682521820675046
42.85,robot1,robot3,1.7847509234423302
42.85,robot1,robot4,3.9669778359174144
42.85,robot2,robot3,1.6916478449202277
42.85,robot2,robot4,2.378248704071339
42.85,robot3,robot4,3.322823187957833
42.900000000000006,robot1,robot2,3.275080597940302
42.900000000000006,robot1,robot3,1.7867319744777057
42.900000000000006,robot1,robot4,3.9898143613449015
42.900000000000006,robot2,robot3,1.6923494873394207
42.900000000000006,robot2,robot4,2.3874450718944313
42.900000000000006,robot3,robot4,3.334334559788656
42.95,robot1,robot2,3.2820596153562254
42.95,robot1,robot3,1.7889191450600836
42.95,robot1,robot4,4.012611257864417
42.95,robot2,robot3,1.693033038324489
42.95,robot2,robot4,2.396620955775861
42.95,robot3,robot4,3.345721794333512
43.0,robot1,robot2,3.2890795364715646
43.0,robot1,robot3,1.7911995367956637
43.0,robot1,robot4,4.035428851394236
43.0,robot2,robot3,1.6937166016606793
43.0,robot2,robot4,2.4058123633037134
43.0,robot3,robot4,3.357109716577342
43.050000000000004,robot1,robot2,3.2962474600876837
43.050000000000004,robot1,robot3,1.7936795060125013
43.050000000000004,robot1,robot4,4.058330112953635
43.050000000000004,robot2,robot3,1.6943843603236104
43.050000000000004,robot2,robot4,2.4150726180084634
43.050000000000004,robot3,robot4,3.3684937483252075
43.1,robot1,robot2,3.303455069386899
43.1,robot1,robot3,1.796251954199076
43.1,robot1,robot4,4.081250921755486
43.1,robot2,robot3,1.6950521445106048
43.1,robot2,robot4,2.424348076280302
43.1,robot3,robot4,3.3798784683787084
43.150000000000006,robot1,robot2,3.3108085189952097
43.150000000000006,robot1,robot3,1.7990450920892036
43.150000000000006,robot1,robot4,4.104243618961143
43.150000000000006,robot2,robot3,1.6957010184493022
43.150000000000006,robot2,robot4,2.4337054193505026
43.150000000000006,robot3,robot4,3.3912802654280885
43.2,robot1,robot2,3.3182000948582053
43.2,robot1,robot3,1.8019291200668799
43.2,robot1,robot4,4.127254600387163
43.2,robot2,robot3,1.6963499339564347
43.2,robot2,robot4,2.4430777301797013
43.2,robot3,robot4,3.4026827527811054
43.25,robot1,robot2,3.3257041419783944
43.25,robot1,robot3,1.804993774092379
43.25,robot1,robot4,4.150310263161568
43.25,robot2,robot3,1.696969039011761
43.25,robot2,robot4,2.452521424938017
43.25,robot3,robot4,3.414068978507977
43.300000000000004,robot1,robot2,3.333245033952951
43.300000000000004,robot1,robot3,1.8081482087671912
43.300000000000004,robot1,robot4,4.173383228696836
43.300000000000004,robot2,robot3,1.697588209242748
43.300000000000004,robot2,robot4,2.461979752837136
43.300000000000004,robot3,robot4,3.4254558842834357
43.35,robot1,robot2,3.339986029589421
43.35,robot1,robot3,1.810911243434987
43.35,robot1,robot4,4.195206046965543
43.35,robot2,robot3,1.698174694387256
43.35,robot2,robot4,2.4715116006285007
43.35,robot3,robot4,3.436843292395655
43.400000000000006,robot1,robot2,3.346756621646995
43.400000000000006,robot1,robot3,1.813746893944412
43.400000000000006,robot1,robot4,4.21704428657431
43.400000000000006,robot2,robot3,1.6987612653451336
43.400000000000006,robot2,robot4,2.481057800457097
43.400000000000006,robot3,robot4,3.448231364029973
43.45,robot1,robot2,3.3529433380936
43.45,robot1,robot3,1.8164511610348903
43.45,robot1,robot4,4.237721996936121
43.45,robot2,robot3,1.6993050442081465
43.45,robot2,robot4,2.4906759174049524
43.45,robot3,robot4,3.459632957638896
43.5,robot1,robot2,3.3591522326874377
43.5,robot1,robot3,1.8192114598949183
43.5,robot1,robot4,4.258412293804582
43.5,robot2,robot3,1.6998489289592766
43.5,robot2,robot4,2.5003082858561663
43.5,robot3,robot4,3.471035217635367
43.550000000000004,robot1,robot2,3.3673602346375127
43.550000000000004,robot1,robot3,1.8224960510588222
43.550000000000004,robot1,robot4,4.281182445264978
43.550000000000004,robot2,robot3,1.7011477399488264
43.550000000000004,robot2,robot4,2.5101717608723515
43.550000000000004,robot3,robot4,3.482415628205514
43.6,robot1,robot2,3.3756000569802396
43.6,robot1,robot3,1.8258639603193334
43.6,robot1,robot4,4.303968385204751
43.6,robot2,robot3,1.702447089454471
43.6,robot2,robot4,2.5200452828155684
43.6,robot3,robot4,3.4937967008063016
43.650000000000006,robot1,robot2,3.3853933071134077
43.650000000000006,robot1,robot3,1.8288134330062895
43.650000000000006,robot1,robot4,4.3270100818856445
43.650000000000006,robot2,robot3,1.7053232951578423
43.650000000000006,robot2,robot4,2.530427233376264
43.650000000000006,robot3,robot4,3.5052217349828605
43.7,robot1,robot2,3.3952188028349513
43.7,robot1,robot3,1.8318537739426692
43.7,robot1,robot4,4.350069937876632
43.7,robot2,robot3,1.708201979797471
43.7,robot2,robot4,2.5408132491849926
43.7,robot3,robot4,3.5166474750605867
43.75,robot1,robot2,3.4045491353802633
43.75,robot1,robot3,1.8343664618010491
43.75,robot1,robot4,4.370661043504174
43.75,robot2,robot3,1.7111953052042306
43.75,robot2,robot4,2.5491397885942817
43.75,robot3,robot4,3.5258538735336864
43.800000000000004,robot1,robot2,3.413914544733949
43.800000000000004,robot1,robot3,1.8369707424588997
43.800000000000004,robot1,robot4,4.391269802950625
43.800000000000004,robot2,robot3,1.7141905382226332
43.800000000000004,robot2,robot4,2.5574676026694854
43.800000000000004,robot3,robot4,3.535060660065115
43.85,robot1,robot2,3.4228754314894743
43.85,robot1,robot3,1.8391532150042587
43.85,robot1,robot4,4.411400034879093
43.85,robot2,robot3,1.7172779306994108
43.85,robot2,robot4,2.5650605994682665
43.85,robot3,robot4,3.5438553851901538
43.900000000000006,robot1,robot2,3.4318735676654826
43.900000000000006,robot1,robot3,1.8414277213955483
43.900000000000006,robot1,robot4,4.431547292612031
43.900000000000006,robot2,robot3,1.7203668343655667
43.900000000000006,robot2,robot4,2.572654997144002
43.900000000000006,robot3,robot4,3.552650756548553
43.95,robot1,robot2,3.4404825388186837
43.95,robot1,robot3,1.8433590743618702
43.95,robot1,robot4,4.451616182350098
43.95,robot2,robot3,1.7234800075238765
43.95,robot2,robot4,2.580058222785777
43.95,robot3,robot4,3.561508875565103
44.0,robot1,robot2,3.4491309885329087
44.0,robot1,robot3,1.8453833695232544
44.0,robot1,robot4,4.471702951886899
44.0,robot2,robot3,1.7265943178167245
44.0,robot2,robot4,2.587463082929687
44.0,robot3,robot4,3.570367721477019
44.050000000000004,robot1,robot2,3.4573278158581164
44.050000000000004,robot1,robot3,1.8469596667824804
44.050000000000004,robot1,robot4,4.490322848701668
44.050000000000004,robot2,robot3,1.7297855851759492
44.050000000000004,robot2,robot4,2.593884149972489
44.050000000000004,robot3,robot4,3.5781388150537152
44.1,robot1,robot2,3.465566425909768
44.1,robot1,robot3,1.848629245271209
44.1,robot1,robot4,4.508961983127935
44.1,robot2,robot3,1.7329776598228266
44.1,robot2,robot4,2.6003057162622243
44.1,robot3,robot4,3.5859102699583825
44.150000000000006,robot1,robot2,3.473477206179602
44.150000000000006,robot1,robot3,1.8499569018364321
44.150000000000006,robot1,robot4,4.529446421382697
44.150000000000006,robot2,robot3,1.7362363921131252
44.150000000000006,robot2,robot4,2.607890682942875
44.150000000000006,robot3,robot4,3.595558625313354
44.2,robot1,robot2,3.4814324289924112
44.2,robot1,robot3,1.8513796286783
44.2,robot1,robot4,4.549951871627325
44.2,robot2,robot3,1.7394956831406625
44.2,robot2,robot4,2.6154782114988073
44.2,robot3,robot4,3.605207886347194
44.25,robot1,robot2,3.489607212494015
44.25,robot1,robot3,1.852763565586891
44.25,robot1,robot4,4.570041988807542
44.25,robot2,robot3,1.7431215957964608
44.25,robot2,robot4,2.62251954200617
44.25,robot3,robot4,3.6145316506325207
44.300000000000004,robot1,robot2,3.497827391557938
44.300000000000004,robot1,robot3,1.8542414089977604
44.300000000000004,robot1,robot4,4.590152394298584
44.300000000000004,robot2,robot3,1.7467479048039538
44.300000000000004,robot2,robot4,2.6295625744678532
44.300000000000004,robot3,robot4,3.6238562854932606
44.35,robot1,robot2,3.506138239761804
44.35,robot1,robot3,1.8556908441494908
44.35,robot1,robot4,4.609599332766625
44.35,robot2,robot3,1.7505523428541778
44.35,robot2,robot4,2.635975407943424
44.35,robot3,robot4,3.632552126293476
44.400000000000006,robot1,robot2,3.5144948638774545
44.400000000000006,robot1,robot3,1.8572340242524636
44.400000000000006,robot1,robot4,4.629065826987668
44.400000000000006,robot2,robot3,1.7543571240462996
44.400000000000006,robot2,robot4,2.6423891996343016
44.400000000000006,robot3,robot4,3.6412487397116955
44.45,robot1,robot2,3.5227612905803385
44.45,robot1,robot3,1.8587486036318226
44.45,robot1,robot4,4.648249796359756
44.45,robot2,robot3,1.7581793538835853
44.45,robot2,robot4,2.648474617426086
44.45,robot3,robot4,3.6497204093418247
44.5,robot1,robot2,3.531074266265438
44.5,robot1,robot3,1.8603566644297003
44.5,robot1,robot4,4.667453102541578
44.5,robot2,robot3,1.7620017992754717
44.5,robot2,robot4,2.654560850021902
44.5,robot3,robot4,3.658192791656148
44.550000000000004,robot1,robot2,3.539305503615258
44.550000000000004,robot1,robot3,1.861935637102019
44.550000000000004,robot1,robot4,4.686603082080774
44.550000000000004,robot2,robot3,1.7658384580267388
44.550000000000004,robot2,robot4,2.660570487298589
44.550000000000004,robot3,robot4,3.6666824497925234
44.6,robot1,robot2,3.5475836777594125
44.6,robot1,robot3,1.863607742635236
44.6,robot1,robot4,4.70577245033682
44.6,robot2,robot3,1.7696752615112752
44.6,robot2,robot4,2.6665809333080444
44.6,robot3,robot4,3.6751727846147584
44.650000000000006,robot1,robot2,3.5557652748081185
44.650000000000006,robot1,robot3,1.8652504427198244
44.650000000000006,robot1,robot4,4.724870204415383
44.650000000000006,robot2,robot3,1.7735143764140318
44.650000000000006,robot2,robot4,2.672468995420153
44.650000000000006,robot3,robot4,3.6836544219487055
44.7,robot1,robot2,3.5639944579513587
44.7,robot1,robot3,1.8669860544867496
44.7,robot1,robot4,4.743987396423603
44.7,robot2,robot3,1.7773535670417409
44.7,robot2,robot4,2.6783578689447007
44.7,robot3,robot4,3.6921366994370612
44.75,robot1,robot2,3.572369055628527
44.75,robot1,robot3,1.868737635892543
44.75,robot1,robot4,4.763546577706389
44.75,robot2,robot3,1.7812598197031784
44.75,robot2,robot4,2.684147464615348
44.75,robot3,robot4,3.7006389466558343
44.800000000000004,robot1,robot2,3.58079629172465
44.800000000000004,robot1,robot3,1.8705909309255728
44.800000000000004,robot1,robot4,4.7831268750047835
44.800000000000004,robot2,robot3,1.7851661103841292
44.800000000000004,robot2,robot4,2.6899378328344326
44.800000000000004,robot3,robot4,3.7091418174906723
44.85,robot1,robot2,3.5883985221506896
44.85,robot1,robot3,1.8722820392676554
44.85,robot1,robot4,4.801353170520709
44.85,robot2,robot3,1.7883841816937716
44.85,robot2,robot4,2.694813893816789
44.85,robot3,robot4,3.7162413455423624
44.900000000000006,robot1,robot2,3.5960546442691896
44.900000000000006,robot1,robot3,1.8740790213371472
44.900000000000006,robot1,robot4,4.819600835505781
44.900000000000006,robot2,robot3,1.7916022816601909
44.900000000000006,robot2,robot4,2.6996904906974066
44.900000000000006,robot3,robot4,3.7233412781640105
44.95,robot1,robot2,3.603488493463106
44.95,robot1,robot3,1.875700012569774
44.95,robot1,robot4,4.837155013887736
44.95,robot2,robot3,1.794692663419353
44.95,robot2,robot4,2.7047209997819093
44.95,robot3,robot4,3.7298889159676736
45.0,robot1,robot2,3.610971531210126
45.0,robot1,robot3,1.8774268483701304
45.0,robot1,robot4,4.8547304574932895
45.0,robot2,robot3,1.7977834348978188
45.0,robot2,robot4,2.7097517449539543
45.0,robot3,robot4,3.736436913405337
45.050000000000004,robot1,robot2,3.615473358368342
45.050000000000004,robot1,robot3,1.8789307839377694
45.050000000000004,robot1,robot4,4.872157639661022
45.050000000000004,robot2,robot3,1.7983233481374394
45.050000000000004,robot2,robot4,2.714663605983622
45.050000000000004,robot3,robot4,3.7430277047941085
45.1,robot1,robot2,3.6200289634350997
45.1,robot1,robot3,1.8805403506590865
45.1,robot1,robot4,4.889606576610637
45.1,robot2,robot3,1.7988633001676366
45.1,robot2,robot4,2.7195802797845476
45.1,robot3,robot4,3.7496188732745894
45.150000000000006,robot1,robot2,3.6243564972734816
45.150000000000006,robot1,robot3,1.8819551537088364
45.150000000000006,robot1,robot4,4.906459737162275
45.150000000000006,robot2,robot3,1.7993663174515773
45.150000000000006,robot2,robot4,2.7252339724408987
45.150000000000006,robot3,robot4,3.756179317513509
45.2,robot1,robot2,3.628728224146994
45.2,robot1,robot3,1.8834672673577315
45.2,robot1,robot4,4.923333467652175
45.2,robot2,robot3,1.799869487705428
45.2,robot2,robot4,2.7308917303820373
45.2,robot3,robot4,3.76274012302524
45.25,robot1,robot2,3.633933303936005
45.25,robot1,robot3,1.8849169705851767
45.25,robot1,robot4,4.9395226007591555
45.25,robot2,robot3,1.8013265063322779
45.25,robot2,robot4,2.7359591032444635
45.25,robot3,robot4,3.768799387182939
45.300000000000004,robot1,robot2,3.6391811960728204
45.300000000000004,robot1,robot3,1.8864612824248475
45.300000000000004,robot1,robot4,4.955731282291446
45.300000000000004,robot2,robot3,1.8027838088850259
45.300000000000004,robot2,robot4,2.7410281010693787
45.300000000000004,robot3,robot4,3.7748589923018323
45.35,robot1,robot2,3.6442585166725627
45.35,robot1,robot3,1.887982389711435
45.35,robot1,robot4,4.971746802666896
45.35,robot2,robot3,1.8041187221954105
45.35,robot2,robot4,2.746153165871307
45.35,robot3,robot4,3.780783352167247
45.400000000000006,robot1,robot2,3.6493774641426175
45.400000000000006,robot1,robot3,1.8895978163540517
45.400000000000006,robot1,robot4,4.987781723783833
45.400000000000006,robot2,robot3,1.805454033464713
45.400000000000006,robot2,robot4,2.7512798252566033
45.400000000000006,robot3,robot4,3.7867080396283535
45.45,robot1,robot2,3.6543689395408956
45.45,robot1,robot3,1.8911810643574032
45.45,robot1,robot4,5.003740376164416
45.45,robot2,robot3,1.8067310992561263
45.45,robot2,robot4,2.756477319858854
45.45,robot3,robot4,3.7926170199209417
45.5,robot1,robot2,3.6594013776448464
45.5,robot1,robot3,1.8928583631328573
45.5,robot1,robot4,5.019718362133875
45.5,robot2,robot3,1.8080086328380736
45.5,robot2,robot4,2.761676441879642
45.5,robot3,robot4,3.798526332271766
45.550000000000004,robot1,robot2,3.6643294875958548
45.550000000000004,robot1,robot3,1.8945222009256055
45.550000000000004,robot1,robot4,5.035738015007657
45.550000000000004,robot2,robot3,1.8092120503049112
45.550000000000004,robot2,robot4,2.7669423945451497
45.550000000000004,robot3,robot4,3.804418922385816
45.6,robot1,robot2,3.6692988340778405
45.6,robot1,robot3,1.8962819075617423
45.6,robot1,robot4,5.051777228256309
45.6,robot2,robot3,1.8104160144389467
45.6,robot2,robot4,2.772210065086699
45.6,robot3,robot4,3.8103118649639427
45.650000000000006,robot1,robot2,3.674127565976888
45.650000000000006,robot1,robot3,1.8980085297546085
45.650000000000006,robot1,robot4,5.067786576168832
45.650000000000006,robot2,robot3,1.8115547964475156
45.650000000000006,robot2,robot4,2.77753753977282
45.650000000000006,robot3,robot4,3.816219124145946
45.7,robot1,robot2,3.6789974188207855
45.7,robot1,robot3,1.8998312206238215
45.7,robot1,robot4,5.083815583902017
45.7,robot2,robot3,1.8126941534370877
45.7,robot2,robot4,2.7828668153630707
45.7,robot3,robot4,3.822126737128951
45.75,robot1,robot2,3.68370983270008
45.75,robot1,robot3,1.9016348393680238
45.75,robot1,robot4,5.09846449353874
45.75,robot2,robot3,1.8137570772196865
45.75,robot2,robot4,2.7871097129044813
45.75,robot3,robot4,3.826733962640335
45.800000000000004,robot1,robot2,3.6884635749326584
45.800000000000004,robot1,robot3,1.9035340756314296
45.800000000000004,robot1,robot4,5.113132364953016
45.800000000000004,robot2,robot3,1.8148204995869426
45.800000000000004,robot2,robot4,2.791353436533074
45.800000000000004,robot3,robot4,3.8313413999099586
45.85,robot1,robot2,3.6931102386564363
45.85,robot1,robot3,1.9053693783642716
45.85,robot1,robot4,5.1272963572234636
45.85,robot2,robot3,1.8158910588436328
45.85,robot2,robot4,2.7952507015511148
45.85,robot3,robot4,3.835532505145961
45.900000000000006,robot1,robot2,3.6977979514701733
45.900000000000006,robot1,robot3,1.9072998075889909
45.900000000000006,robot1,robot4,5.141478972061057
45.900000000000006,robot2,robot3,1.8169621363858965
45.900000000000006,robot2,robot4,2.7991485672898824
45.900000000000006,robot3,robot4,3.8397238106104714
45.95,robot1,robot2,3.7023978427348947
45.95,robot1,robot3,1.9091745478599516
45.95,robot1,robot4,5.155598998000379
45.95,robot2,robot3,1.8180496506950106
45.95,robot2,robot4,2.803027131230538
45.95,robot3,robot4,3.8439148852967926
46.0,robot1,robot2,3.7070390145269583
46.0,robot1,robot3,1.9111445966587668
46.0,robot1,robot4,5.16973780949866
46.0,robot2,robot3,1.8191376719954429
46.0,robot2,robot4,2.8069062902535595
46.0,robot3,robot4,3.8481061646272186
46.050000000000004,robot1,robot2,3.71160317435054
46.050000000000004,robot1,robot3,1.9130774967045248
46.050000000000004,robot1,robot4,5.183789295573655
46.050000000000004,robot2,robot3,1.8202378434510285
46.050000000000004,robot2,robot4,2.8107601587693325
46.050000000000004,robot3,robot4,3.852280842556946
46.1,robot1,robot2,3.716208458997019
46.1,robot1,robot3,1.915105279692216
46.1,robot1,robot4,5.197859498039555
46.1,robot2,robot3,1.8213385244182367
46.1,robot2,robot4,2.814614618924765
46.1,robot3,robot4,3.856455734880021
46.150000000000006,robot1,robot2,3.72046408300769
46.150000000000006,robot1,robot3,1.9169757213356275
46.150000000000006,robot1,robot4,5.21116095833016
46.150000000000006,robot2,robot3,1.8223994581177863
46.150000000000006,robot2,robot4,2.8184793231392087
46.150000000000006,robot3,robot4,3.8606480069026303
46.2,robot1,robot2,3.724754362471705
46.2,robot1,robot3,1.9189268492159883
46.2,robot1,robot4,5.2244784288372745
46.2,robot2,robot3,1.8234608863745887
46.2,robot2,robot4,2.8223446763515616
46.2,robot3,robot4,3.8648405008481266
46.25,robot1,robot2,3.7288305812895612
46.25,robot1,robot3,1.9209091241816336
46.25,robot1,robot4,5.236903402491423
46.25,robot2,robot3,1.8243626692443857
46.25,robot2,robot4,2.8257194444421585
46.25,robot3,robot4,3.8684077233229957
46.300000000000004,robot1,robot2,3.73293892962971
46.300000000000004,robot1,robot3,1.922966428419644
46.300000000000004,robot1,robot4,5.249342831351084
46.300000000000004,robot2,robot3,1.8252649122721887
46.300000000000004,robot2,robot4,2.8290946773050916
46.300000000000004,robot3,robot4,3.871975121888053
46.35,robot1,robot2,3.737032073005596
46.35,robot1,robot3,1.9251266757398073
46.35,robot1,robot4,5.261648542465305
46.35,robot2,robot3,1.8260860411356579
46.35,robot2,robot4,2.8324409039048373
46.35,robot3,robot4,3.8753809314220007
46.400000000000006,robot1,robot2,3.7411565486438816
46.400000000000006,robot1,robot3,1.9273613060360535
46.400000000000006,robot1,robot4,5.273968355707116
46.400000000000006,robot2,robot3,1.826907711208752
46.400000000000006,robot2,robot4,2.8357875527960488
46.400000000000006,robot3,robot4,3.8787869036502896
46.45,robot1,robot2,3.7452558323661287
46.45,robot1,robot3,1.9297147619379529
46.45,robot1,robot4,5.286309656934151
46.45,robot2,robot3,1.8276233930365002
46.45,robot2,robot4,2.839196195067937
46.45,robot3,robot4,3.8821595293393085
46.5,robot1,robot2,3.749385725242603
46.5,robot1,robot3,1.932141979218401
46.5,robot1,robot4,5.298664646292781
46.5,robot2,robot3,1.8283396936830418
46.5,robot2,robot4,2.8426053235836313
46.5,robot3,robot4,3.8855323279263807
46.550000000000004,robot1,robot2,3.753506514275851
46.550000000000004,robot1,robot3,1.934663406860545
46.550000000000004,robot1,robot4,5.311084692320982
46.550000000000004,robot2,robot3,1.8289900652198745
46.550000000000004,robot2,robot4,2.8461233124278014
46.550000000000004,robot3,robot4,3.8889317278298936
46.6,robot1,robot2,3.7576573456498132
46.6,robot1,robot3,1.9372581746047686
46.6,robot1,robot4,5.323518225084799
46.6,robot2,robot3,1.829641137560314
46.6,robot2,robot4,2.8496418323210375
46.6,robot3,robot4,3.8923313034998706
46.650000000000006,robot1,robot2,3.761666076585015
46.650000000000006,robot1,robot3,1.939863549325635
46.650000000000006,robot1,robot4,5.335681003355266
46.650000000000006,robot2,robot3,1.8302023905197615
46.650000000000006,robot2,robot4,2.8532158523131845
46.650000000000006,robot3,robot4,3.8956998484006697
46.7,robot1,robot2,3.7657022138785745
46.7,robot1,robot3,1.9425371843658488
46.7,robot1,robot4,5.347856125193067
46.7,robot2,robot3,1.830764430159708
46.7,robot2,robot4,2.8567904644935025
46.7,robot3,robot4,3.8990685810168815
46.75,robot1,robot2,3.7695329518908904
46.75,robot1,robot3,1.9452095884532596
46.75,robot1,robot4,5.35992737581856
46.75,robot2,robot3,1.8311741227546467
46.75,robot2,robot4,2.8603708501483682
46.75,robot3,robot4,3.9024463783744996
46.800000000000004,robot1,robot2,3.7733904906575737
46.800000000000004,robot1,robot3,1.94794818318404
46.800000000000004,robot1,robot4,5.3720105611884295
46.800000000000004,robot2,robot3,1.8315845326615423
46.800000000000004,robot2,robot4,2.8639519983032193
46.800000000000004,robot3,robot4,3.9058243696113633
46.85,robot1,robot2,3.776999758548113
46.85,robot1,robot3,1.95072708205178
46.85,robot1,robot4,5.384072750019567
46.85,robot2,robot3,1.8317562941429328
46.85,robot2,robot4,2.867451477960395
46.85,robot3,robot4,3.9091986533974588
46.900000000000006,robot1,robot2,3.780636354415088
46.900000000000006,robot1,robot3,1.953571333170356
46.900000000000006,robot1,robot4,5.396146637379402
46.900000000000006,robot2,robot3,1.8319285803163834
46.900000000000006,robot2,robot4,2.870952051532035
46.900000000000006,robot3,robot4,3.9125731389365748
46.95,robot1,robot2,3.7841594590630696
46.95,robot1,robot3,1.9564666289268138
46.95,robot1,robot4,5.408229224158403
46.95,robot2,robot3,1.8319705170949805
46.95,robot2,robot4,2.874511659682128
46.95,robot3,robot4,3.915927413952696
47.0,robot1,robot2,3.7877096733330813
47.0,robot1,robot3,1.959427150707063
47.0,robot1,robot4,5.42032337992384
47.0,robot2,robot3,1.8320130271821213
47.0,robot2,robot4,2.8780725083336587
47.0,robot3,robot4,3.9192819019137928
47.050000000000004,robot1,robot2,3.7901088885401766
47.050000000000004,robot1,robot3,1.9615846764863991
47.050000000000004,robot1,robot4,5.42765912559153
47.050000000000004,robot2,robot3,1.8318821787911197
47.050000000000004,robot2,robot4,2.880098285880406
47.050000000000004,robot3,robot4,3.9205347458257847
47.1,robot1,robot2,3.792520381730598
47.1,robot1,robot3,1.9637740555881167
47.1,robot1,robot4,5.435000809159554
47.1,robot2,robot3,1.8317518582452699
47.1,robot2,robot4,2.8821241373766333
47.1,robot3,robot4,3.921787595755028
47.150000000000006,robot1,robot2,3.793915945802206
47.150000000000006,robot1,robot3,1.9650611797389412
47.150000000000006,robot1,robot4,5.438605183960429
47.150000000000006,robot2,robot3,1.8316654810666848
47.150000000000006,robot2,robot4,2.8824265360286287
47.150000000000006,robot3,robot4,3.921728614069853
47.2,robot1,robot2,3.795316416382829
47.2,robot1,robot3,1.9663598281426014
47.2,robot1,robot4,5.442211471989122
47.2,robot2,robot3,1.8315791868576146
47.2,robot2,robot4,2.882728934680644
47.2,robot3,robot4,3.9216696345017383
47.25,robot1,robot2,3.7985053775142923
47.25,robot1,robot3,1.969181582973241
47.25,robot1,robot4,5.450196991441915
47.25,robot2,robot3,1.8315859389687397
47.25,robot2,robot4,2.882681434730952
47.25,robot3,robot4,3.921668197047846
47.300000000000004,robot1,robot2,3.8017231071377355
47.300000000000004,robot1,robot3,1.9720594687709094
47.300000000000004,robot1,robot4,5.458192536845876
47.300000000000004,robot2,robot3,1.8315926919776677
47.300000000000004,robot2,robot4,2.882633934911785
47.300000000000004,robot3,robot4,3.9216667596399617
47.35,robot1,robot2,3.8046697519556805
47.35,robot1,robot3,1.9749706777396088
47.35,robot1,robot4,5.466344908692874
47.35,robot2,robot3,1.8312956938193379
47.35,robot2,robot4,2.8838209659592255
47.35,robot3,robot4,3.9218994466913926
47.400000000000006,robot1,robot2,3.807638894503653
47.400000000000006,robot1,robot3,1.9779358694740334
47.400000000000006,robot1,robot4,5.474506837068158
47.400000000000006,robot2,robot3,1.8309992192103741
47.400000000000006,robot2,robot4,2.88500800237729
47.400000000000006,robot3,robot4,3.922132136237381
47.45,robot1,robot2,3.809799818378979
47.45,robot1,robot3,1.9803713484678829
47.45,robot1,robot4,5.482240514276714
47.45,robot2,robot3,1.8304924642838607
47.45,robot2,robot4,2.8873126912585176
47.45,robot3,robot4,3.9233801651487332
47.5,robot1,robot2,3.8119738648927015
47.5,robot1,robot3,1.9828423272227171
47.5,robot1,robot4,5.489980495639124
47.5,robot2,robot3,1.829986554819734
47.5,robot2,robot4,2.8896176691619604
47.5,robot3,robot4,3.924628228385461
47.550000000000004,robot1,robot2,3.813514306923012
47.550000000000004,robot1,robot3,1.9849428258718818
47.550000000000004,robot1,robot4,5.496722975633073
47.550000000000004,robot2,robot3,1.8292641300572887
47.550000000000004,robot2,robot4,2.8918627308468503
47.550000000000004,robot3,robot4,3.9258298947826624
47.6,robot1,robot2,3.815063922279809
47.6,robot1,robot3,1.9870690183174313
47.6,robot1,robot4,5.503469909488014
47.6,robot2,robot3,1.8285424573621472
47.6,robot2,robot4,2.894108271157974
47.6,robot3,robot4,3.9270316080944645
47.650000000000006,robot1,robot2,3.81647304198975
47.650000000000006,robot1,robot3,1.9892637926158767
47.650000000000006,robot1,robot4,5.510322553709561
47.650000000000006,robot2,robot3,1.8276308382342972
47.650000000000006,robot2,robot4,2.896258505568564
47.650000000000006,robot3,robot4,3.928258695316189
47.7,robot1,robot2,3.8178919838142353
47.7,robot1,robot3,1.991484434190988
47.7,robot1,robot4,5.517179558615887
47.7,robot2,robot3,1.826719771298269
47.7,robot2,robot4,2.8984094947736425
47.7,robot3,robot4,3.9294858437268863
47.75,robot1,robot2,3.8191618854173357
47.75,robot1,robot3,1.9937190653164378
47.75,robot1,robot4,5.522914113865365
47.75,robot2,robot3,1.8256643561627777
47.75,robot2,robot4,2.899702635729438
47.75,robot3,robot4,3.9296803637871744
47.800000000000004,robot1,robot2,3.8204421377799984
47.800000000000004,robot1,robot3,1.9959793073726995
47.800000000000004,robot1,robot4,5.528653282173156
47.800000000000004,robot2,robot3,1.8246093119857192
47.800000000000004,robot2,robot4,2.9009960146489346
47.800000000000004,robot3,robot4,3.9298748844837283
47.85,robot1,robot2,3.821579467642437
47.85,robot1,robot3,1.9982528666833563
47.85,robot1,robot4,5.534120577108391
47.85,robot2,robot3,1.823414479788125
47.85,robot2,robot4,2.902006579616981
47.85,robot3,robot4,3.929808077595552
47.900000000000006,robot1,robot2,3.8227276531947707
47.900000000000006,robot1,robot3,2.000551980694578
47.900000000000006,robot1,robot4,5.539592521723056
47.900000000000006,robot2,robot3,1.8222199023655183
47.900000000000006,robot2,robot4,2.9030173771498515
47.900000000000006,robot3,robot4,3.929741271004619
47.95,robot1,robot2,3.823754934202243
47.95,robot1,robot3,2.0028526989203423
47.95,robot1,robot4,5.54507456601753
47.95,robot2,robot3,1.820918140039936
47.95,robot2,robot4,2.903929796391177
47.95,robot3,robot4,3.9296935228941203
48.0,robot1,robot2,3.824793663425519
48.0,robot1,robot3,2.0051789083243916
48.0,robot1,robot4,5.550561288361745
48.0,robot2,robot3,1.8196165254594165
48.0,robot2,robot4,2.904842550991017
48.0,robot3,robot4,3.929645775084187
48.050000000000004,robot1,robot2,3.8258717126537647
48.050000000000004,robot1,robot3,2.0076059443511323
48.050000000000004,robot1,robot4,5.556293358032066
48.050000000000004,robot2,robot3,1.8182676475016677
48.050000000000004,robot2,robot4,2.905564054189307
48.050000000000004,robot3,robot4,3.9295883086644396
48.1,robot1,robot2,3.826963256946818
48.1,robot1,robot3,2.010060970583977
48.1,robot1,robot4,5.5620305746575145
48.1,robot2,robot3,1.8169188239417853
48.1,robot2,robot4,2.9062859841997657
48.1,robot3,robot4,3.9295308423182025
48.150000000000006,robot1,robot2,3.8279128728556833
48.150000000000006,robot1,robot3,2.01257934992319
48.150000000000006,robot1,robot4,5.567878744318814
48.150000000000006,robot2,robot3,1.8153788331592116
48.150000000000006,robot2,robot4,2.9069089475988927
48.150000000000006,robot3,robot4,3.929483679648511
48.2,robot1,robot2,3.8288772412335184
48.2,robot1,robot3,2.0151265597465584
48.2,robot1,robot4,5.5737322586390885
48.2,robot2,robot3,1.813838850590647
48.2,robot2,robot4,2.907532541517979
48.2,robot3,robot4,3.929436517182839
48.25,robot1,robot2,3.8296316999780147
48.25,robot1,robot3,2.0179956650561093
48.25,robot1,robot4,5.579568651734312
48.25,robot2,robot3,1.8117846475316126
48.25,robot2,robot4,2.908140962648174
48.25,robot3,robot4,3.9289848520067494
48.300000000000004,robot1,robot2,3.8304012414171438
48.300000000000004,robot1,robot3,2.0208952804331552
48.300000000000004,robot1,robot4,5.585410367792594
48.300000000000004,robot2,robot3,1.8097304907131886
48.300000000000004,robot2,robot4,2.908750237687141
48.300000000000004,robot3,robot4,3.9285331876500673
48.35,robot1,robot2,3.830937017558792
48.35,robot1,robot3,2.02389774702145
48.35,robot1,robot4,5.591231078012472
48.35,robot2,robot3,1.8073593906852752
48.35,robot2,robot4,2.9094756463533513
48.35,robot3,robot4,3.927907950145726
48.400000000000006,robot1,robot2,3.8314877051021576
48.400000000000006,robot1,robot3,2.026931590144325
48.400000000000006,robot1,robot4,5.5970571042937385
48.400000000000006,robot2,robot3,1.804988417893588
48.400000000000006,robot2,robot4,2.9102021263139095
48.400000000000006,robot3,robot4,3.9272827127249195
48.45,robot1,robot2,3.832036010706384
48.45,robot1,robot3,2.029912581496122
48.45,robot1,robot4,5.602877722989343
48.45,robot2,robot3,1.8026874794867385
48.45,robot2,robot4,2.910962588071384
48.45,robot3,robot4,3.926661440866592
48.5,robot1,robot2,3.8325991142102245
48.5,robot1,robot3,2.0329252839615135
48.5,robot1,robot4,5.6087036584458625
48.5,robot2,robot3,1.8003867290993343
48.5,robot2,robot4,2.911724103090985
48.5,robot3,robot4,3.9260401705140513
48.550000000000004,robot1,robot2,3.8331553982938464
48.550000000000004,robot1,robot3,2.035859110509615
48.550000000000004,robot1,robot4,5.6145235819275445
48.550000000000004,robot2,robot3,1.7981775869955812
48.550000000000004,robot2,robot4,2.912512923734975
48.550000000000004,robot3,robot4,3.925459458679519
48.6,robot1,robot2,3.833726394164821
48.6,robot1,robot3,2.03882478149791
48.6,robot1,robot4,5.620348818777177
48.6,robot2,robot3,1.795968680306536
48.6,robot2,robot4,2.9133027889064333
48.6,robot3,robot4,3.9248787543770063
48.650000000000006,robot1,robot2,3.8340552988228076
48.650000000000006,robot1,robot3,2.0414743167334364
48.650000000000006,robot1,robot4,5.625575322979532
48.650000000000006,robot2,robot3,1.7938359142319846
48.650000000000006,robot2,robot4,2.914124729316249
48.650000000000006,robot3,robot4,3.924314662557018
48.7,robot1,robot2,3.834395920436621
48.7,robot1,robot3,2.0441500501149616
48.7,robot1,robot4,5.630806109555629
48.7,robot2,robot3,1.7917034459731331
48.7,robot2,robot4,2.9149476807997767
48.7,robot3,robot4,3.9237505858859074
48.75,robot1,robot2,3.8348399865157345
48.75,robot1,robot3,2.0466935146389162
48.75,robot1,robot4,5.635927314989655
48.75,robot2,robot3,1.789821765229432
48.75,robot2,robot4,2.9157405674319694
48.75,robot3,robot4,3.9232229932019544
48.800000000000004,robot1,robot2,3.8352952666678743
48.800000000000004,robot1,robot3,2.0492625162787226
48.800000000000004,robot1,robot4,5.641052669128433
48.800000000000004,robot2,robot3,1.7879404416534683
48.800000000000004,robot2,robot4,2.916534282174307
48.800000000000004,robot3,robot4,3.9226954288022418
48.85,robot1,robot2,3.835842976033886
48.85,robot1,robot3,2.0517921913357235
48.85,robot1,robot4,5.6461763941616505
48.85,robot2,robot3,1.7862330380032303
48.85,robot2,robot4,2.9174081373157663
48.85,robot3,robot4,3.9219884996231182
48.900000000000006,robot1,robot2,3.836401531909949
48.900000000000006,robot1,robot3,2.054349771010283
48.900000000000006,robot1,robot4,5.651304293184008
48.900000000000006,robot2,robot3,1.784526516421933
48.900000000000006,robot2,robot4,2.91828267567914
48.900000000000006,robot3,robot4,3.921281667872636
48.95,robot1,robot2,3.8369639443545074
48.95,robot1,robot3,2.0568047858195
48.95,robot1,robot4,5.656408235234552
48.95,robot2,robot3,1.7829597664278627
48.95,robot2,robot4,2.9192724461047233
48.95,robot3,robot4,3.920564601939146
49.0,robot1,robot2,3.837536720647374
49.0,robot1,robot3,2.0592884709165933
49.0,robot1,robot4,5.66151633614432
49.0,robot2,robot3,1.7813943149726843
49.0,robot2,robot4,2.920262832376908
49.0,robot3,robot4,3.9198476960424116
49.050000000000004,robot1,robot2,3.8381393206128216
49.050000000000004,robot1,robot3,2.061637765089809
49.050000000000004,robot1,robot4,5.666612639058806
49.050000000000004,robot2,robot3,1.7800193017476662
49.050000000000004,robot2,robot4,2.9213688923484566
49.050000000000004,robot3,robot4,3.9192373249501617
49.1,robot1,robot2,3.8387518533338416
49.1,robot1,robot3,2.064015642151968
49.1,robot1,robot4,5.671713122423683
49.1,robot2,robot3,1.7786458272050678
49.1,robot2,robot4,2.9224754793614607
49.1,robot3,robot4,3.9186271511309925
49.150000000000006,robot1,robot2,3.8393917280556957
49.150000000000006,robot1,robot3,2.0662516901823094
49.150000000000006,robot1,robot4,5.6768104123537535
49.150000000000006,robot2,robot3,1.7774649246509056
49.150000000000006,robot2,robot4,2.923667831409461
49.150000000000006,robot3,robot4,3.918151598384275
49.2,robot1,robot2,3.8400412285547145
49.2,robot1,robot3,2.068516073219882
49.2,robot1,robot4,5.681911894627107
49.2,robot2,robot3,1.7762856992041005
49.2,robot2,robot4,2.924860648907055
49.2,robot3,robot4,3.917676280741174
49.25,robot1,robot2,3.840867201566334
49.25,robot1,robot3,2.070551608489933
49.25,robot1,robot4,5.686781330704566
49.25,robot2,robot3,1.7755140906245297
49.25,robot2,robot4,2.9259507413656163
49.25,robot3,robot4,3.917324655491966
49.300000000000004,robot1,robot2,3.8417018991743754
49.300000000000004,robot1,robot3,2.0726130417702193
49.300000000000004,robot1,robot4,5.691654625477991
49.300000000000004,robot2,robot3,1.7747440528222653
49.300000000000004,robot2,robot4,2.927041108603875
49.300000000000004,robot3,robot4,3.916973286708118
49.35,robot1,robot2,3.8427108493445417
49.35,robot1,robot3,2.0745062823825093
49.35,robot1,robot4,5.696455248901461
49.35,robot2,robot3,1.7743257315572725
49.35,robot2,robot4,2.928011694210979
49.35,robot3,robot4,3.916745903050452
49.400000000000006,robot1,robot2,3.8437283939931297
49.400000000000006,robot1,robot3,2.0764246331080742
49.400000000000006,robot1,robot4,5.701259634912359
49.400000000000006,robot2,robot3,1.7739088325122576
49.400000000000006,robot2,robot4,2.928982456061149
49.400000000000006,robot3,robot4,3.916518816556994
49.45,robot1,robot2,3.844752413651138
49.45,robot1,robot3,2.0778612391849585
49.45,robot1,robot4,5.705125855416886
49.45,robot2,robot3,1.7740902120743465
49.45,robot2,robot4,2.9290449819920825
49.45,robot3,robot4,3.915235697719487
49.5,robot1,robot2,3.8457849235098935
49.5,robot1,robot3,2.0793284434761623
49.5,robot1,robot4,5.708995325857082
49.5,robot2,robot3,1.7742746321099787
49.5,robot2,robot4,2.929107556490543
49.5,robot3,robot4,3.913953702907713
49.550000000000004,robot1,robot2,3.8468311117135428
49.550000000000004,robot1,robot3,2.080691828241751
49.550000000000004,robot1,robot4,5.712433314008773
49.550000000000004,robot2,robot3,1.774602042958153
49.550000000000004,robot2,robot4,2.928887668399046
49.550000000000004,robot3,robot4,3.9123710956070172
49.6,robot1,robot2,3.847885603349585
49.6,robot1,robot3,2.082085532788939
49.6,robot1,robot4,5.715874562086278
49.6,robot2,robot3,1.7749325468766413
49.6,robot2,robot4,2.928667781953085
49.6,robot3,robot4,3.910789566890553
49.650000000000006,robot1,robot2,3.848983505317248
49.650000000000006,robot1,robot3,2.0834101929272113
49.650000000000006,robot1,robot4,5.7192822137837585
49.650000000000006,robot2,robot3,1.7753957092328039
49.650000000000006,robot2,robot4,2.9285744797981494
49.650000000000006,robot3,robot4,3.9093287348077097
49.7,robot1,robot2,3.850089612929029
49.7,robot1,robot3,2.084764735245922
49.7,robot1,robot4,5.7226934775053255
49.7,robot2,robot3,1.7758618836376325
49.7,robot2,robot4,2.928481189055173
49.7,robot3,robot4,3.907868772459101
49.75,robot1,robot2,3.8511007926926877
49.75,robot1,robot3,2.085925771250022
49.75,robot1,robot4,5.725842883608425
49.75,robot2,robot3,1.776419891443532
49.75,robot2,robot4,2.9285347946857314
49.75,robot3,robot4,3.9065533115204314
49.800000000000004,robot1,robot2,3.852119144150269
49.800000000000004,robot1,robot3,2.0871137283399293
49.800000000000004,robot1,robot4,5.728995851121644
49.800000000000004,robot2,robot3,1.7769807844414076
49.800000000000004,robot2,robot4,2.928588450337466
49.800000000000004,robot3,robot4,3.905238531327376
49.85,robot1,robot2,3.8530695879252232
49.85,robot1,robot3,2.088156348802455
49.85,robot1,robot4,5.732062171159171
49.85,robot2,robot3,1.7776331276436794
49.85,robot2,robot4,2.928881104419442
49.85,robot3,robot4,3.9040968526544013
49.900000000000006,robot1,robot2,3.8540265761463037
49.900000000000006,robot1,robot3,2.0892246246971626
49.900000000000006,robot1,robot4,5.735132221096651
49.900000000000006,robot2,robot3,1.7782884666220493
49.900000000000006,robot2,robot4,2.9291738639556715
49.900000000000006,robot3,robot4,3.902955725664845
49.95,robot1,robot2,3.8553324650419256
49.95,robot1,robot3,2.09017008608851
49.95,robot1,robot4,5.738276218281781
49.95,robot2,robot3,1.7794259352736488
49.95,robot2,robot4,2.9293304022067055
49.95,robot3,robot4,3.9020153102817265
50.0,robot1,robot2,3.856645373858608
50.0,robot1,robot3,2.091141496536282
50.0,robot1,robot4,5.741424251598205
50.0,robot2,robot3,1.780565925859809
50.0,robot2,robot4,2.9294872170352613
50.0,robot3,robot4,3.9010754134869012
50.050000000000004,robot1,robot2,3.858064218303915
50.050000000000004,robot1,robot3,2.0915737148599978
50.050000000000004,robot1,robot4,5.744060257517608
50.050000000000004,robot2,robot3,1.7824740066969422
50.050000000000004,robot2,robot4,2.9294897005953526
50.050000000000004,robot3,robot4,3.8998462895669364
50.1,robot1,robot2,3.859489954437114
50.1,robot1,robot3,2.0920361483074332
50.1,robot1,robot4,5.746701026596129
50.1,robot2,robot3,1.7843859614831092
50.1,robot2,robot4,2.9294931223544456
50.1,robot3,robot4,3.8986179158081136
50.150000000000006,robot1,robot2,3.8610313634481463
50.150000000000006,robot1,robot3,2.092523574206513
50.150000000000006,robot1,robot4,5.748893014810286
50.150000000000006,robot2,robot3,1.7864252222276897
50.150000000000006,robot2,robot4,2.9293008015742
50.150000000000006,robot3,robot4,3.896991279798878
50.2,robot1,robot2,3.8625794518419942
50.2,robot1,robot3,2.093041269824606
50.2,robot1,robot4,5.751090186430135
50.2,robot2,robot3,1.788468551818846
50.2,robot2,robot4,2.9291102072125934
50.2,robot3,robot4,3.8953651494423474
50.25,robot1,robot2,3.864136464665974
50.25,robot1,robot3,2.093504748589432
50.25,robot1,robot4,5.753120359848732
50.25,robot2,robot3,1.790584234766198
50.25,robot2,robot4,2.929003013364146
50.25,robot3,robot4,3.893759818152437
50.300000000000004,robot1,robot2,3.86569933456561
50.300000000000004,robot1,robot3,2.093996551650694
50.300000000000004,robot1,robot4,5.75515549562034
50.300000000000004,robot2,robot3,1.792704106416338
50.300000000000004,robot2,robot4,2.9288977887720824
50.300000000000004,robot3,robot4,3.892154930910638
50.35,robot1,robot2,3.8673624099980923
50.35,robot1,robot3,2.0945376114060354
50.35,robot1,robot4,5.757146842384798
50.35,robot2,robot3,1.7948651956596215
50.35,robot2,robot4,2.92882726018538
50.35,robot3,robot4,3.8906155454714675
50.400000000000006,robot1,robot2,3.8690310606106544
50.400000000000006,robot1,robot3,2.0951052868524296
50.400000000000006,robot1,robot4,5.759143176747736
50.400000000000006,robot2,robot3,1.7970300808837347
50.400000000000006,robot2,robot4,2.9287590024326
50.400000000000006,robot3,robot4,3.8890764616562885
50.45,robot1,robot2,3.8707347903478224
50.45,robot1,robot3,2.0958012632010816
50.45,robot1,robot4,5.761098069876957
50.45,robot2,robot3,1.7990979633989503
50.45,robot2,robot4,2.928984576115245
50.45,robot3,robot4,3.887593089150053
50.5,robot1,robot2,3.872443314849425
50.5,robot1,robot3,2.0965215882375268
50.5,robot1,robot4,5.7630580657959705
50.5,robot2,robot3,1.8011697230288986
50.5,robot2,robot4,2.929212880434947
50.5,robot3,robot4,3.886109837697591
50.550000000000004,robot1,robot2,3.8741824228038753
50.550000000000004,robot1,robot3,2.0971715793268446
50.550000000000004,robot1,robot4,5.764511757922348
50.550000000000004,robot2,robot3,1.803351084937498
50.550000000000004,robot2,robot4,2.9291335710483564
50.550000000000004,robot3,robot4,3.8842669559913423
50.6,robot1,robot2,3.8759263030914304
50.6,robot1,robot3,2.0978455027358427
50.6,robot1,robot4,5.765970864515012
50.6,robot2,robot3,1.8055360858894514
50.6,robot2,robot4,2.929057974310512
50.6,robot3,robot4,3.882424121108486
50.650000000000006,robot1,robot2,3.8777378350191816
50.650000000000006,robot1,robot3,2.098463582375091
50.650000000000006,robot1,robot4,5.767051662508257
50.650000000000006,robot2,robot3,1.8078510109896364
50.650000000000006,robot2,robot4,2.9285690566725586
50.650000000000006,robot3,robot4,3.8802749087463186
50.7,robot1,robot2,3.8795542020037557
50.7,robot1,robot3,2.0991052953887284
50.7,robot1,robot4,5.768137693358663
50.7,robot2,robot3,1.8101692782024557
50.7,robot2,robot4,2.928084327131307
50.7,robot3,robot4,3.8781257490354797
50.75,robot1,robot2,3.8812819152173486
50.75,robot1,robot3,2.09954893910198
50.75,robot1,robot4,5.768868542303812
50.75,robot2,robot3,1.8125675542485304
50.75,robot2,robot4,2.92731935530397
50.75,robot3,robot4,3.8758950494991797
50.800000000000004,robot1,robot2,3.8830137834218412
50.800000000000004,robot1,robot3,2.100013888480264
50.800000000000004,robot1,robot4,5.769603668523255
50.800000000000004,robot2,robot3,1.8149689499167754
50.800000000000004,robot2,robot4,2.9265582270279533
50.800000000000004,robot3,robot4,3.873664482582997
50.85,robot1,robot2,3.88469539934581
50.85,robot1,robot3,2.10033264840864
50.85,robot1,robot4,5.769615757832103
50.85,robot2,robot3,1.817460859176409
50.85,robot2,robot4,2.925215795548253
50.85,robot3,robot4,3.870894490580213
50.900000000000006,robot1,robot2,3.8863809410331878
50.900000000000006,robot1,robot3,2.100671820492911
50.900000000000006,robot1,robot4,5.769631766025715
50.900000000000006,robot2,robot3,1.81995570263482
50.900000000000006,robot2,robot4,2.9238778646915127
50.900000000000006,robot3,robot4,3.8681246466351102
50.95,robot1,robot2,3.8878068093770106
50.95,robot1,robot3,2.1009873577387372
50.95,robot1,robot4,5.7692770894654775
50.95,robot2,robot3,1.8222417449617518
50.95,robot2,robot4,2.9221803518941982
50.95,robot3,robot4,3.8649569567709605
51.0,robot1,robot2,3.889236785913787
51.0,robot1,robot3,2.101323765121643
51.0,robot1,robot4,5.76892608413403
51.0,robot2,robot3,1.8245307128892074
51.0,robot2,robot4,2.9204869367064457
51.0,robot3,robot4,3.8617894889189643
51.050000000000004,robot1,robot2,3.890418591437816
51.050000000000004,robot1,robot3,2.1016135631743174
51.050000000000004,robot1,robot4,5.768507236593211
51.050000000000004,robot2,robot3,1.8266126117719241
51.050000000000004,robot2,robot4,2.9186502590230385
51.050000000000004,robot3,robot4,3.8585971149002454
51.1,robot1,robot2,3.891604524144893
51.1,robot1,robot3,2.1019236792880944
51.1,robot1,robot4,5.76809159337341
51.1,robot2,robot3,1.8286972258635381
51.1,robot2,robot4,2.9168167338281643
51.1,robot3,robot4,3.855405098096049
51.150000000000006,robot1,robot2,3.892950951351333
51.150000000000006,robot1,robot3,2.1028300945115013
51.150000000000006,robot1,robot4,5.768693884361693
51.150000000000006,robot2,robot3,1.830573454198438
51.150000000000006,robot2,robot4,2.914939769409867
51.150000000000006,robot3,robot4,3.8521478587503943
51.2,robot1,robot2,3.8943049386767337
51.2,robot1,robot3,2.103766628959828
51.2,robot1,robot4,5.769300726138047
51.2,robot2,robot3,1.8324526348107881
51.2,robot2,robot4,2.913065138117066
51.2,robot3,robot4,3.8488912008829246
51.25,robot1,robot2,3.895471232747201
51.25,robot1,robot3,2.1048205916013365
51.25,robot1,robot4,5.7697419580143485
51.25,robot2,robot3,1.8340733459842875
51.25,robot2,robot4,2.9107771478945708
51.25,robot3,robot4,3.8452594249917977
51.300000000000004,robot1,robot2,3.8966461414311153
51.300000000000004,robot1,robot3,2.105906519876179
51.300000000000004,robot1,robot4,5.770187658382178
51.300000000000004,robot2,robot3,1.8356968173805281
51.300000000000004,robot2,robot4,2.9084910462506155
51.300000000000004,robot3,robot4,3.8416283904856012
51.35,robot1,robot2,3.897612108082108
51.35,robot1,robot3,2.107595749057798
51.35,robot1,robot4,5.769679431835554
51.35,robot2,robot3,1.836391767930049
51.35,robot2,robot4,2.905354728296701
51.35,robot3,robot4,3.8367780839382997
51.400000000000006,robot1,robot2,3.898587169723027
51.400000000000006,robot1,robot3,2.10931322154416
51.400000000000006,robot1,robot4,5.769175565427439
51.400000000000006,robot2,robot3,1.837088554771925
51.400000000000006,robot2,robot4,2.9022207708236114
51.400000000000006,robot3,robot4,3.8319279810844558
51.45,robot1,robot2,3.8993817543288194
51.45,robot1,robot3,2.1121172987079224
51.45,robot1,robot4,5.768680153275293
51.45,robot2,robot3,1.836256205687063
51.45,robot2,robot4,2.898975896811536
51.45,robot3,robot4,3.826618998081008
51.5,robot1,robot2,3.9001860988051584
51.5,robot1,robot3,2.114942853895112
51.5,robot1,robot4,5.768189102668704
51.5,robot2,robot3,1.8354244697194706
51.5,robot2,robot4,2.895732938468774
51.5,robot3,robot4,3.8213100733277323
51.550000000000004,robot1,robot2,3.9006709165432363
51.550000000000004,robot1,robot3,2.1173319976263762
51.550000000000004,robot1,robot4,5.767004864317894
51.550000000000004,robot2,robot3,1.8345456576578434
51.550000000000004,robot2,robot4,2.8922642774792378
51.550000000000004,robot3,robot4,3.816005059155615
51.6,robot1,robot2,3.90116323359277
51.6,robot1,robot3,2.1197370924867074
51.6,robot1,robot4,5.765823678895584
51.6,robot2,robot3,1.8336672488758694
51.6,robot2,robot4,2.88879723833034
51.6,robot3,robot4,3.8107000802667477
51.650000000000006,robot1,robot2,3.9007262670277507
51.650000000000006,robot1,robot3,2.121954090379962
51.650000000000006,robot1,robot4,5.763448751961147
51.650000000000006,robot2,robot3,1.831986286071214
51.650000000000006,robot2,robot4,2.8850893562595683
51.650000000000006,robot3,robot4,3.80458970533739
51.7,robot1,robot2,3.9002951198627263
51.7,robot1,robot3,2.124183935199822
51.7,robot1,robot4,5.761076254928153
51.7,robot2,robot3,1.8303059204504586
51.7,robot2,robot4,2.881382822514565
51.7,robot3,robot4,3.7984794073189336
51.75,robot1,robot2,3.899601464353281
51.75,robot1,robot3,2.1262480571994065
51.75,robot1,robot4,5.758421715229551
51.75,robot2,robot3,1.8287897879253372
51.75,robot2,robot4,2.877588291430343
51.75,robot3,robot4,3.7918853971359683
51.800000000000004,robot1,robot2,3.898913667073176
51.800000000000004,robot1,robot3,2.128329128008636
51.800000000000004,robot1,robot4,5.7557696822197455
51.800000000000004,robot2,robot3,1.8272753750707635
51.800000000000004,robot2,robot4,2.8737950758691886
51.800000000000004,robot3,robot4,3.785291392235212
51.85,robot1,robot2,3.8986004316807397
51.85,robot1,robot3,2.1310420997484427
51.85,robot1,robot4,5.754212051012479
51.85,robot2,robot3,1.8258171391611209
51.85,robot2,robot4,2.869958654590079
51.85,robot3,robot4,3.7786474819662654
51.900000000000006,robot1,robot2,3.8982980083401784
51.900000000000006,robot1,robot3,2.133783092909165
51.900000000000006,robot1,robot4,5.752658942982192
51.900000000000006,robot2,robot3,1.82436081968069
51.900000000000006,robot2,robot4,2.866123497175932
51.900000000000006,robot3,robot4,3.772003596783279
51.95,robot1,robot2,3.8979929977266825
51.95,robot1,robot3,2.1368667309456857
51.95,robot1,robot4,5.751561616794455
51.95,robot2,robot3,1.8227158429580432
51.95,robot2,robot4,2.8623170576664805
51.95,robot3,robot4,3.765277034445307
52.0,robot1,robot2,3.897701647348858
52.0,robot1,robot3,2.1399840740820943
52.0,robot1,robot4,5.7504700196244825
52.0,robot2,robot3,1.8210729057500687
52.0,robot2,robot4,2.85851172058923
52.0,robot3,robot4,3.758550497724489
52.050000000000004,robot1,robot2,3.897128688118247
52.050000000000004,robot1,robot3,2.143188806820167
52.050000000000004,robot1,robot4,5.748293193684887
52.050000000000004,robot2,robot3,1.818777323720801
52.050000000000004,robot2,robot4,2.8540630863133085
52.050000000000004,robot3,robot4,3.7511205859984353
52.1,robot1,robot2,3.8965689058792483
52.1,robot1,robot3,2.1464198293120567
52.1,robot1,robot4,5.74612201433767
52.1,robot2,robot3,1.816482591168162
52.1,robot2,robot4,2.8496161529309525
52.1,robot3,robot4,3.7436908077425413
52.150000000000006,robot1,robot2,3.8959775349649086
52.150000000000006,robot1,robot3,2.1496779126939574
52.150000000000006,robot1,robot4,5.7435287257473515
52.150000000000006,robot2,robot3,1.8140610936751826
52.150000000000006,robot2,robot4,2.844915661401625
52.150000000000006,robot3,robot4,3.7359567152346993
52.2,robot1,robot2,3.895399180776471
52.2,robot1,robot3,2.1529603120951855
52.2,robot1,robot4,5.740941169265193
52.2,robot2,robot3,1.8116402206169413
52.2,robot2,robot4,2.8402173325057363
52.2,robot3,robot4,3.728222915538313
52.25,robot1,robot2,3.894811884793667
52.25,robot1,robot3,2.15622305260031
52.25,robot1,robot4,5.738385762185608
52.25,robot2,robot3,1.8092613040202346
52.25,robot2,robot4,2.8355833610473344
52.25,robot3,robot4,3.720537424704729
52.300000000000004,robot1,robot2,3.89423760685272
52.300000000000004,robot1,robot3,2.159510276471266
52.300000000000004,robot1,robot4,5.735836198603478
52.300000000000004,robot2,robot3,1.8068830710361414
52.300000000000004,robot2,robot4,2.83095157941283
52.300000000000004,robot3,robot4,3.7128522143582545
52.35,robot1,robot2,3.893433348784078
52.35,robot1,robot3,2.16297268728069
52.35,robot1,robot4,5.733562693988899
52.35,robot2,robot3,1.80423491852537
52.35,robot2,robot4,2.826565842537769
52.35,robot3,robot4,3.705155655039947
52.400000000000006,robot1,robot2,3.892643420786702
52.400000000000006,robot1,robot3,2.166462633589604
52.400000000000006,robot1,robot4,5.731295848296527
52.400000000000006,robot2,robot3,1.80158773718795
52.400000000000006,robot2,robot4,2.822181924703118
52.400000000000006,robot3,robot4,3.6974593636329516
52.45,robot1,robot2,3.8917065725068483
52.45,robot1,robot3,2.1701112726888567
52.45,robot1,robot4,5.729049583911912
52.45,robot2,robot3,1.7987782445680316
52.45,robot2,robot4,2.817933480637584
52.45,robot3,robot4,3.6895450214237115
52.5,robot1,robot2,3.8907841040029454
52.5,robot1,robot3,2.1737893665038017
52.5,robot1,robot4,5.726810203190778
52.5,robot2,robot3,1.795970330386613
52.5,robot2,robot4,2.8136867447510925
52.5,robot3,robot4,3.681630886304193
52.550000000000004,robot1,robot2,3.889856046276166
52.550000000000004,robot1,robot3,2.177541403860613
52.550000000000004,robot1,robot4,5.723708521022908
52.550000000000004,robot2,robot3,1.7931468566776674
52.550000000000004,robot2,robot4,2.8087975972306194
52.550000000000004,robot3,robot4,3.6727820443857673
52.6,robot1,robot2,3.8889422434210825
52.6,robot1,robot3,2.1813232470810004
52.6,robot1,robot4,5.7206137505244135
52.6,robot2,robot3,1.7903252522201099
52.6,robot2,robot4,2.8039111091063496
52.6,robot3,robot4,3.6639334530890433
52.650000000000006,robot1,robot2,3.8880274668320243
52.650000000000006,robot1,robot3,2.1851235387552466
52.650000000000006,robot1,robot4,5.717221290468167
52.650000000000006,robot2,robot3,1.7875132216748775
52.650000000000006,robot2,robot4,2.798830777550377
52.650000000000006,robot3,robot4,3.6547919290856004
52.7,robot1,robot2,3.8871267762266255
52.7,robot1,robot3,2.1889533462111523
52.7,robot1,robot4,5.71383574406239
52.7,robot2,robot3,1.7847031814016023
52.7,robot2,robot4,2.793753511617838
52.7,robot3,robot4,3.6456506763616288
52.75,robot1,robot2,3.8861892694079185
52.75,robot1,robot3,2.192777596134923
52.75,robot1,robot4,5.710391893349615
52.75,robot2,robot3,1.781877476583898
52.75,robot2,robot4,2.788694470657596
52.75,robot3,robot4,3.6364884312020367
52.800000000000004,robot1,robot2,3.8852656136816437
52.800000000000004,robot1,robot3,2.196630778436832
52.800000000000004,robot1,robot4,5.7069549234968555
52.800000000000004,robot2,robot3,1.7790538415745034
52.800000000000004,robot2,robot4,2.7836385364371568
52.800000000000004,robot3,robot4,3.627326464045522
52.85,robot1,robot2,3.884321340344443
52.85,robot1,robot3,2.200487612572552
52.85,robot1,robot4,5.703511508030863
52.85,robot2,robot3,1.7762267119861133
52.85,robot2,robot4,2.7786205888230313
52.85,robot3,robot4,3.6181773632949845
52.900000000000006,robot1,robot2,3.8833907527996714
52.900000000000006,robot1,robot3,2.2043729626487893
52.900000000000006,robot1,robot4,5.7000749479820865
52.900000000000006,robot2,robot3,1.7734017401888942
52.900000000000006,robot2,robot4,2.7736057421538836
52.900000000000006,robot3,robot4,3.6090285357644363
52.95,robot1,robot2,3.8824447514943787
52.95,robot1,robot3,2.208252020604363
52.95,robot1,robot4,5.696596782481734
52.95,robot2,robot3,1.7705831859952244
52.95,robot2,robot4,2.7685930034522945
52.95,robot3,robot4,3.599868961755691
53.0,robot1,robot2,3.881512400555871
53.0,robot1,robot3,2.2121592539331343
53.0,robot1,robot4,5.693125537984209
53.0,robot2,robot3,1.7677668133996067
53.0,robot2,robot4,2.763583452614558
53.0,robot3,robot4,3.5907096747938283
53.050000000000004,robot1,robot2,3.880607281572112
53.050000000000004,robot1,robot3,2.216128165313155
53.050000000000004,robot1,robot4,5.689742153536858
53.050000000000004,robot2,robot3,1.7649786250794226
53.050000000000004,robot2,robot4,2.758594171844102
53.050000000000004,robot3,robot4,3.581551323596661
53.1,robot1,robot2,3.879716451958442
53.1,robot1,robot3,2.2201263268843507
53.1,robot1,robot4,5.686366100273267
53.1,robot2,robot3,1.7621926969863426
53.1,robot2,robot4,2.7536081687883627
53.1,robot3,robot4,3.5723932604238855
53.150000000000006,robot1,robot2,3.8788563327141286
53.150000000000006,robot1,robot3,2.224024194106317
53.150000000000006,robot1,robot4,5.6830120393016275
53.150000000000006,robot2,robot3,1.7596213603375725
53.150000000000006,robot2,robot4,2.7484698425180594
53.150000000000006,robot3,robot4,3.563261497070134
53.2,robot1,robot2,3.87801255299941
53.2,robot1,robot3,2.2279545093708712
53.2,robot1,robot4,5.67966648338527
53.2,robot2,robot3,1.7570520138279915
53.2,robot2,robot4,2.7433351891806805
53.2,robot3,robot4,3.5541300210239917
53.25,robot1,robot2,3.8770380080313886
53.25,robot1,robot3,2.2315033533625375
53.25,robot1,robot4,5.675964219621411
53.25,robot2,robot3,1.7547485491757073
53.25,robot2,robot4,2.73812200924694
53.25,robot3,robot4,3.545024468216016
53.300000000000004,robot1,robot2,3.8760796006538616
53.300000000000004,robot1,robot3,2.2350846948142706
53.300000000000004,robot1,robot4,5.6722708673493365
53.300000000000004,robot2,robot3,1.7524469824431204
53.300000000000004,robot2,robot4,2.73291311577463
53.300000000000004,robot3,robot4,3.535919208023423
53.35,robot1,robot2,3.8748277974543592
53.35,robot1,robot3,2.2383380079588076
53.35,robot1,robot4,5.6672224329523395
53.35,robot2,robot3,1.750235563366257
53.35,robot2,robot4,2.7268516306548927
53.35,robot3,robot4,3.525766676597197
53.400000000000006,robot1,robot2,3.87359195023908
53.400000000000006,robot1,robot3,2.2416243926592614
53.400000000000006,robot1,robot4,5.662183110727256
53.400000000000006,robot2,robot3,1.7480262000650906
53.400000000000006,robot2,robot4,2.7207962169574547
53.400000000000006,robot3,robot4,3.515614455531208
53.45,robot1,robot2,3.8720817984739484
53.45,robot1,robot3,2.2445605110527205
53.45,robot1,robot4,5.656475776819696
53.45,robot2,robot3,1.7459695726393687
53.45,robot2,robot4,2.714509865754635
53.45,robot3,robot4,3.5051186804416825
53.5,robot1,robot2,3.870587434812705
53.5,robot1,robot3,2.247530698175667
53.5,robot1,robot4,5.6507781297351425
53.5,robot2,robot3,1.7439152228614783
53.5,robot2,robot4,2.708230729631617
53.5,robot3,robot4,3.4946232238616224
53.550000000000004,robot1,robot2,3.8687943700991982
53.550000000000004,robot1,robot3,2.249904362100865
53.550000000000004,robot1,robot4,5.644741765769094
53.550000000000004,robot2,robot3,1.7422073718967126
53.550000000000004,robot2,robot4,2.7020258939296355
53.550000000000004,robot3,robot4,3.4843499310577997
53.6,robot1,robot2,3.867016654017022
53.6,robot1,robot3,2.2523128105349848
53.6,robot1,robot4,5.638715556116747
53.6,robot2,robot3,1.7405018333357192
53.6,robot2,robot4,2.6958287383797215
53.6,robot3,robot4,3.474076882829883
53.650000000000006,robot1,robot2,3.864941753659555
53.650000000000006,robot1,robot3,2.2544040750618004
53.650000000000006,robot1,robot4,5.632396935516884
53.650000000000006,robot2,robot3,1.7388789900051267
53.650000000000006,robot2,robot4,2.689715519383601
53.650000000000006,robot3,robot4,3.463821806775464
53.7,robot1,robot2,3.8628818504925824
53.7,robot1,robot3,2.256530623058548
53.7,robot1,robot4,5.626088910552427
53.7,robot2,robot3,1.7372586897989604
53.7,robot2,robot4,2.6836102995707107
53.7,robot3,robot4,3.453566964241464
53.75,robot1,robot2,3.8605950368435433
53.75,robot1,robot3,2.258416628553398
53.75,robot1,robot4,5.619597319010523
53.75,robot2,robot3,1.7357743569261819
53.75,robot2,robot4,2.677544162955347
53.75,robot3,robot4,3.44330989070578
53.800000000000004,robot1,robot2,3.858324028633805
53.800000000000004,robot1,robot3,2.2603406394446397
53.800000000000004,robot1,robot4,5.613117518547424
53.800000000000004,robot2,robot3,1.734292743889566
53.800000000000004,robot2,robot4,2.671486598639229
53.800000000000004,robot3,robot4,3.4330530468533382
53.85,robot1,robot2,3.855964798902669
53.85,robot1,robot3,2.262244280848667
53.85,robot1,robot4,5.606664256231239
53.85,robot2,robot3,1.7329097715694837
53.85,robot2,robot4,2.665500105228379
53.85,robot3,robot4,3.422771642189484
53.900000000000006,robot1,robot2,3.85362278160084
53.900000000000006,robot1,robot3,2.2641897233591095
53.900000000000006,robot1,robot4,5.600224302899661
53.900000000000006,robot2,robot3,1.73152979041078
53.900000000000006,robot2,robot4,2.659522769821119
53.900000000000006,robot3,robot4,3.4124904735047967
53.95,robot1,robot2,3.8519944920075173
53.95,robot1,robot3,2.2660430456618648
53.95,robot1,robot4,5.593694840991774
53.95,robot2,robot3,1.730823128992749
53.95,robot2,robot4,2.6528504947024905
53.95,robot3,robot4,3.4022363221526066
54.0,robot1,robot2,3.850384884595305
54.0,robot1,robot3,2.2679378262917615
54.0,robot1,robot4,5.5871787181356565
54.0,robot2,robot3,1.7301180875665685
54.0,robot2,robot4,2.646189535528398
54.0,robot3,robot4,3.39198239238841
54.050000000000004,robot1,robot2,3.8489702398870596
54.050000000000004,robot1,robot3,2.2697432063467557
54.050000000000004,robot1,robot4,5.57971413571345
54.050000000000004,robot2,robot3,1.7297526835170685
54.050000000000004,robot2,robot4,2.638827630143213
54.050000000000004,robot3,robot4,3.3808904098929684
54.1,robot1,robot2,3.847573743764374
54.1,robot1,robot3,2.2715901329848216
54.1,robot1,robot4,5.572263049039412
54.1,robot2,robot3,1.7293889644371505
54.1,robot2,robot4,2.6314809114893842
54.1,robot3,robot4,3.369798690497698
54.150000000000006,robot1,robot2,3.846290568133699
54.150000000000006,robot1,robot3,2.27336222120915
54.150000000000006,robot1,robot4,5.564450369430434
54.150000000000006,robot2,robot3,1.7292760799563642
54.150000000000006,robot2,robot4,2.623954934429752
54.150000000000006,robot3,robot4,3.3584405419022225
54.2,robot1,robot2,3.8450250362134186
54.2,robot1,robot3,2.2751759854345335
54.2,robot1,robot4,5.556651466961014
54.2,robot2,robot3,1.7291650022626528
54.2,robot2,robot4,2.6164464912189587
54.2,robot3,robot4,3.347082678268047
54.25,robot1,robot2,3.843950395690773
54.25,robot1,robot3,2.27689283710109
54.25,robot1,robot4,5.548723570304976
54.25,robot2,robot3,1.7293722236720757
54.25,robot2,robot4,2.6088858792891365
54.25,robot3,robot4,3.335719800684591
54.300000000000004,robot1,robot2,3.8428929500303544
54.300000000000004,robot1,robot3,2.278651164142726
54.300000000000004,robot1,robot4,5.5408096790277845
54.300000000000004,robot2,robot3,1.729581202535458
54.300000000000004,robot2,robot4,2.6013448317601022
54.300000000000004,robot3,robot4,3.3243572204005076
54.35,robot1,robot2,3.8420103806274395
54.35,robot1,robot3,2.2803236637158006
54.35,robot1,robot4,5.532813217420071
54.35,robot2,robot3,1.7300782209354728
54.35,robot2,robot4,2.5937487525387355
54.35,robot3,robot4,3.3130182528350933
54.400000000000006,robot1,robot2,3.8411448669823685
54.400000000000006,robot1,robot3,2.282037731995245
54.400000000000006,robot1,robot4,5.5248310815753445
54.400000000000006,robot2,robot3,1.7305768817203704
54.400000000000006,robot2,robot4,2.5861740913171323
54.400000000000006,robot3,robot4,3.301679591144633
54.45,robot1,robot2,3.840382784679478
54.45,robot1,robot3,2.283745864447542
54.45,robot1,robot4,5.516933901745175
54.45,robot2,robot3,1.7314346682466106
54.45,robot2,robot4,2.578682011266656
54.45,robot3,robot4,3.290344364401163
54.5,robot1,robot2,3.839639649915731
54.5,robot1,robot3,2.285501341418333
54.5,robot1,robot4,5.50905350464052
54.5,robot2,robot3,1.7322942893659843
54.5,robot2,robot4,2.571214000065533
54.5,robot3,robot4,3.2790094603915065
54.550000000000004,robot1,robot2,3.838878499780926
54.550000000000004,robot1,robot3,2.287041164918223
54.550000000000004,robot1,robot4,5.500947262330212
54.550000000000004,robot2,robot3,1.7335480370172183
54.550000000000004,robot2,robot4,2.563933622752839
54.550000000000004,robot3,robot4,3.267645981438051
54.6,robot1,robot2,3.8381356174569965
54.6,robot1,robot3,2.2886306416975635
54.6,robot1,robot4,5.492859067224736
54.6,robot2,robot3,1.7348041322941907
54.6,robot2,robot4,2.5566805117411526
54.6,robot3,robot4,3.2562828335453298
54.650000000000006,robot1,robot2,3.8373849815753434
54.650000000000006,robot1,robot3,2.2899603789393934
54.650000000000006,robot1,robot4,5.483617225524133
54.650000000000006,robot2,robot3,1.7362884251460786
54.650000000000006,robot2,robot4,2.548547607515504
54.650000000000006,robot3,robot4,3.2440534630443816
54.7,robot1,robot2,3.836652891271766
54.7,robot1,robot3,2.2913398716192237
54.7,robot1,robot4,5.474393881783534
54.7,robot2,robot3,1.7377746160880587
54.7,robot2,robot4,2.540447579349946
54.7,robot3,robot4,3.2318244950344996
54.75,robot1,robot2,3.8358886064746787
54.75,robot1,robot3,2.2924828145576144
54.75,robot1,robot4,5.464637222235457
54.75,robot2,robot3,1.7394444885138618
54.75,robot2,robot4,2.531935791110134
54.75,robot3,robot4,3.21931762809516
54.800000000000004,robot1,robot2,3.8351432930649407
54.800000000000004,robot1,robot3,2.2936758206791126
54.800000000000004,robot1,robot4,5.4548995105217095
54.800000000000004,robot2,robot3,1.7411158651775591
54.800000000000004,robot2,robot4,2.5234598504539343
54.800000000000004,robot3,robot4,3.2068111765780642
54.85,robot1,robot2,3.8343697680156317
54.85,robot1,robot3,2.29463138916962
54.85,robot1,robot4,5.444898635105752
54.85,robot2,robot3,1.7429664376083813
54.85,robot2,robot4,2.51481990488827
54.85,robot3,robot4,3.1943056441632183
54.900000000000006,robot1,robot2,3.8336154129868065
54.900000000000006,robot1,robot3,2.29563696142269
54.900000000000006,robot1,robot4,5.434917111286977
54.900000000000006,robot2,robot3,1.7448181836604069
54.900000000000006,robot2,robot4,2.5062177641286465
54.900000000000006,robot3,robot4,3.181800536980593
54.95,robot1,robot2,3.833103432033403
54.95,robot1,robot3,2.296491475317348
54.95,robot1,robot4,5.424807260335799
54.95,robot2,robot3,1.7472206080871702
54.95,robot2,robot4,2.4975815660494947
54.95,robot3,robot4,3.1692933402910572
55.0,robot1,robot2,3.8326111600605928
55.0,robot1,robot3,2.2973993519466744
55.0,robot1,robot4,5.414718470849616
55.0,robot2,robot3,1.7496241680480984
55.0,robot2,robot4,2.488988345185449
55.0,robot3,robot4,3.1567865735340743
55.050000000000004,robot1,robot2,3.832852392969008
55.050000000000004,robot1,robot3,2.298027078576371
55.050000000000004,robot1,robot4,5.404123544901985
55.050000000000004,robot2,robot3,1.753767333177352
55.050000000000004,robot2,robot4,2.480213625969797
55.050000000000004,robot3,robot4,3.143846430211922
55.1,robot1,robot2,3.833111633336551
55.1,robot1,robot3,2.298718992756183
55.1,robot1,robot4,5.393550860809974
55.1,robot2,robot3,1.7579131187752142
55.1,robot2,robot4,2.4714947040760578
55.1,robot3,robot4,3.130906320829482
55.150000000000006,robot1,robot2,3.8336620733738394
55.150000000000006,robot1,robot3,2.299320130108572
55.150000000000006,robot1,robot4,5.382973391701769
55.150000000000006,robot2,robot3,1.7625519918886086
55.150000000000006,robot2,robot4,2.4624937517785193
55.150000000000006,robot3,robot4,3.1180180790909864
55.2,robot1,robot2,3.8342313174924643
55.2,robot1,robot3,2.299988504243445
55.2,robot1,robot4,5.372418215976581
55.2,robot2,robot3,1.7671931204721232
55.2,robot2,robot4,2.453551190399948
55.2,robot3,robot4,3.105129837995345
55.25,robot1,robot2,3.8350612129731707
55.25,robot1,robot3,2.3006574176466383
55.25,robot1,robot4,5.361989351574096
55.25,robot2,robot3,1.7719453712951339
55.25,robot2,robot4,2.4444706173166106
55.25,robot3,robot4,3.092441384197686
55.300000000000004,robot1,robot2,3.835910549356567
55.300000000000004,robot1,robot3,2.3013916066923508
55.300000000000004,robot1,robot4,5.351582791204953
55.300000000000004,robot2,robot3,1.7766990339269626
55.300000000000004,robot2,robot4,2.435450133741193
55.300000000000004,robot3,robot4,3.0797529308502964
55.35,robot1,robot2,3.8369344774484357
55.35,robot1,robot3,2.302219769876021
55.35,robot1,robot4,5.341389437027153
55.35,robot2,robot3,1.7815202696080954
55.35,robot2,robot4,2.4262932657230967
55.35,robot3,robot4,3.0672061732226683
55.400000000000006,robot1,robot2,3.837980592645695
55.400000000000006,robot1,robot3,2.3031160123193968
55.400000000000006,robot1,robot4,5.331220346348666
55.400000000000006,robot2,robot3,1.7863423019446756
55.400000000000006,robot2,robot4,2.417198553167901
55.400000000000006,robot3,robot4,3.054659424305759
55.45,robot1,robot2,3.83901309604311
55.45,robot1,robot3,2.303966319697078
55.45,robot1,robot4,5.321122569805383
55.45,robot2,robot3,1.7911018499487965
55.45,robot2,robot4,2.40800768940098
55.45,robot3,robot4,3.0422786468082186
55.5,robot1,robot2,3.8400692911582985
55.5,robot1,robot3,2.3048846793885374
55.5,robot1,robot4,5.311049842215472
55.5,robot2,robot3,1.7958617961304817
55.5,robot2,robot4,2.3988792975158213
55.5,robot3,robot4,3.029897888814242
55.550000000000004,robot1,robot2,3.8407763154943693
55.550000000000004,robot1,robot3,2.3057625809810194
55.550000000000004,robot1,robot4,5.300187578052709
55.550000000000004,robot2,robot3,1.8002397855764245
55.550000000000004,robot2,robot4,2.3893100891019246
55.550000000000004,robot3,robot4,3.0168395920735485
55.6,robot1,robot2,3.8415073233246613
55.6,robot1,robot3,2.3067068294902584
55.6,robot1,robot4,5.2893507450820465
55.6,robot2,robot3,1.8046180874838866
55.6,robot2,robot4,2.3798067514899186
55.6,robot3,robot4,3.0037813633613553
55.650000000000006,robot1,robot2,3.840605952827301
55.650000000000006,robot1,robot3,2.3076606330819094
55.650000000000006,robot1,robot4,5.278294705707066
55.650000000000006,robot2,robot3,1.80693094240552
55.650000000000006,robot2,robot4,2.369623150771921
55.650000000000006,robot3,robot4,2.990545299866104
55.7,robot1,robot2,3.8397356784399883
55.7,robot1,robot3,2.3086797813523208
55.7,robot1,robot4,5.267264222111987
55.7,robot2,robot3,1.8092438031332314
55.7,robot2,robot4,2.3594879486689475
55.7,robot3,robot4,2.977309319952161
55.75,robot1,robot2,3.83809771330815
55.75,robot1,robot3,2.309894027675999
55.75,robot1,robot4,5.256270458103375
55.75,robot2,robot3,1.8100628213491652
55.75,robot2,robot4,2.348278342520856
55.75,robot3,robot4,2.9639598347084597
55.800000000000004,robot1,robot2,3.8365006337781304
55.800000000000004,robot1,robot3,2.311173176231067
55.800000000000004,robot1,robot4,5.245302541473845
55.800000000000004,robot2,robot3,1.8108823398470704
55.800000000000004,robot2,robot4,2.337106378416693
55.800000000000004,robot3,robot4,2.9506104486932845
55.85,robot1,robot2,3.835057192498242
55.85,robot1,robot3,2.313433151111622
55.85,robot1,robot4,5.2340501118209115
55.85,robot2,robot3,1.8108790445886356
55.85,robot2,robot4,2.32682715171368
55.85,robot3,robot4,2.9362201648374815
55.900000000000006,robot1,robot2,3.833642770578656
55.900000000000006,robot1,robot3,2.3157421836147907
55.900000000000006,robot1,robot4,5.222819481801949
55.900000000000006,robot2,robot3,1.810875797676086
55.900000000000006,robot2,robot4,2.316589672415034
55.900000000000006,robot3,robot4,2.921830416506233
55.95,robot1,robot2,3.833107543904814
55.95,robot1,robot3,2.3180506554849596
55.95,robot1,robot4,5.211434077987073
55.95,robot2,robot3,1.8124542855289483
55.95,robot2,robot4,2.3081228111010463
55.95,robot3,robot4,2.907364017368696
56.0,robot1,robot2,3.8325883929107234
56.0,robot1,robot3,2.320403214721528
56.0,robot1,robot4,5.200069113532434
56.0,robot2,robot3,1.814034942344827
56.0,robot2,robot4,2.299714649152803
56.0,robot3,robot4,2.892898276495736
56.050000000000004,robot1,robot2,3.831486475992868
56.050000000000004,robot1,robot3,2.3228052067697154
56.050000000000004,robot1,robot4,5.188192293173509
56.050000000000004,robot2,robot3,1.8145820425296977
56.050000000000004,robot2,robot4,2.290203894112105
56.050000000000004,robot3,robot4,2.877900572161675
56.1,robot1,robot2,3.8304056513785842
56.1,robot1,robot3,2.3252509541380686
56.1,robot1,robot4,5.176336389858179
56.1,robot2,robot3,1.8151299428473435
56.1,robot2,robot4,2.2807471201772898
56.1,robot3,robot4,2.8629036392603227
56.150000000000006,robot1,robot2,3.8294808447515765
56.150000000000006,robot1,robot3,2.3276659165795786
56.150000000000006,robot1,robot4,5.164402171023598
56.150000000000006,robot2,robot3,1.8160195464136666
56.150000000000006,robot2,robot4,2.2715378790133562
56.150000000000006,robot3,robot4,2.847878868538126
56.2,robot1,robot2,3.828575490766768
56.2,robot1,robot3,2.3301244772940777
56.2,robot1,robot4,5.152489065798101
56.2,robot2,robot3,1.816910277180742
56.2,robot2,robot4,2.2623871680357897
56.2,robot3,robot4,2.832854851456036
56.25,robot1,robot2,3.82731787233266
56.25,robot1,robot3,2.3324403265859774
56.25,robot1,robot4,5.140551039338219
56.25,robot2,robot3,1.8177242364221533
56.25,robot2,robot4,2.2534500289523285
56.25,robot3,robot4,2.817951909511454
56.300000000000004,robot1,robot2,3.8260795778206176
56.300000000000004,robot1,robot3,2.334800847037923
56.300000000000004,robot1,robot4,5.128634488601423
56.300000000000004,robot2,robot3,1.818539600245483
56.300000000000004,robot2,robot4,2.244569930227168
56.300000000000004,robot3,robot4,2.803049587460947
56.35,robot1,robot2,3.8247233191641783
56.35,robot1,robot3,2.3370951289254895
56.35,robot1,robot4,5.116583408160297
56.35,robot2,robot3,1.818983620074271
56.35,robot2,robot4,2.2352809777655462
56.35,robot3,robot4,2.7881230081163912
56.400000000000006,robot1,robot2,3.8233873468238864
56.400000000000006,robot1,robot3,2.3394310210788443
56.400000000000006,robot1,robot4,5.104552814650171
56.400000000000006,robot2,robot3,1.8194283935305067
56.400000000000006,robot2,robot4,2.2260471450142276
56.400000000000006,robot3,robot4,2.773197071102771
56.45,robot1,robot2,3.8219444835582057
56.45,robot1,robot3,2.3417430535740893
56.45,robot1,robot4,5.092486387359543
56.45,robot2,robot3,1.819676245475689
56.45,robot2,robot4,2.2167284981202022
56.45,robot3,robot4,2.758288808675996
56.5,robot1,robot2,3.820522014482445
56.5,robot1,robot3,2.344095055482179
56.5,robot1,robot4,5.0804399586004365
56.5,robot2,robot3,1.8199247067109674
56.5,robot2,robot4,2.207464113482482
56.5,robot3,robot4,2.743381178064762
56.550000000000004,robot1,robot2,3.8189936241606897
56.550000000000004,robot1,robot3,2.346449210958177
56.550000000000004,robot1,robot4,5.068389131060996
56.550000000000004,robot2,robot3,1.820074106768252
56.550000000000004,robot2,robot4,2.1982567714849073
56.550000000000004,robot3,robot4,2.7284870454896786
56.6,robot1,robot2,3.817485863447958
56.6,robot1,robot3,2.3488431615229226
56.6,robot1,robot4,5.056358647826814
56.6,robot2,robot3,1.820224113975529
56.6,robot2,robot4,2.1891040181905472
56.6,robot3,robot4,2.7135935696039666
56.650000000000006,robot1,robot2,3.8158711911463286
56.650000000000006,robot1,robot3,2.3512471319130306
56.650000000000006,robot1,robot4,5.0443134153433595
56.650000000000006,robot2,robot3,1.8202992995195186
56.650000000000006,robot2,robot4,2.180013330936877
56.650000000000006,robot3,robot4,2.6986918244783427
56.7,robot1,robot2,3.814277350785729
56.7,robot1,robot3,2.3536910193523704
56.7,robot1,robot4,5.032288907989385
56.7,robot2,robot3,1.8203751354797724
56.7,robot2,robot4,2.1709776984916265
56.7,robot3,robot4,2.6837907341782445
56.75,robot1,robot2,3.812715758281753
56.75,robot1,robot3,2.3559150559880657
56.75,robot1,robot4,5.020222028259407
56.75,robot2,robot3,1.8205391562765822
56.75,robot2,robot4,2.1619552340890413
56.75,robot3,robot4,2.6690970997337753
56.800000000000004,robot1,robot2,3.811173262606805
56.800000000000004,robot1,robot3,2.3581758147485523
56.800000000000004,robot1,robot4,5.008174152605417
56.800000000000004,robot2,robot3,1.8207037167260356
56.800000000000004,robot2,robot4,2.152987587278662
56.800000000000004,robot3,robot4,2.6544039905523027
56.85,robot1,robot2,3.809836561243343
56.85,robot1,robot3,2.359574032230394
56.85,robot1,robot4,4.994929159485472
56.85,robot2,robot3,1.8205951264348974
56.85,robot2,robot4,2.1440657134876364
56.85,robot3,robot4,2.639551765382192
56.900000000000006,robot1,robot2,3.8085061993313074
56.900000000000006,robot1,robot3,2.3609859286071577
56.900000000000006,robot1,robot4,4.981692195760391
56.900000000000006,robot2,robot3,1.8204871594828678
56.900000000000006,robot2,robot4,2.1351990056210206
56.900000000000006,robot3,robot4,2.6247001747310086
56.95,robot1,robot2,3.8060890340665967
56.95,robot1,robot3,2.3630708323477108
56.95,robot1,robot4,4.969178932733707
56.95,robot2,robot3,1.8201200506923985
56.95,robot2,robot4,2.1270202747403464
56.95,robot3,robot4,2.6097785067656596
57.0,robot1,robot2,3.8036871304024205
57.0,robot1,robot3,2.365188813590365
57.0,robot1,robot4,4.956684040072959
57.0,robot2,robot3,1.8197546434791698
57.0,robot2,robot4,2.118895321575136
57.0,robot3,robot4,2.5948575388273243
57.050000000000004,robot1,robot2,3.800506634380539
57.050000000000004,robot1,robot3,2.3668586639632707
57.050000000000004,robot1,robot4,4.943774743074616
57.050000000000004,robot2,robot3,1.8193388062932367
57.050000000000004,robot2,robot4,2.1107949258355245
57.050000000000004,robot3,robot4,2.5799534952960865
57.1,robot1,robot2,3.7973441448260914
57.1,robot1,robot3,2.3685679612679476
57.1,robot1,robot4,4.930887461277533
57.1,robot2,robot3,1.8189246446980698
57.1,robot2,robot4,2.1027487306078676
57.1,robot3,robot4,2.5650501468620455
57.150000000000006,robot1,robot2,3.793782265710303
57.150000000000006,robot1,robot3,2.3698943925358784
57.150000000000006,robot1,robot4,4.917609652341776
57.150000000000006,robot2,robot3,1.818460397357336
57.150000000000006,robot2,robot4,2.094705233038052
57.150000000000006,robot3,robot4,2.5501563969890153
57.2,robot1,robot2,3.7902380324155103
57.2,robot1,robot3,2.3712600587267945
57.2,robot1,robot4,4.904354161226532
57.2,robot2,robot3,1.8179977572356902
57.2,robot2,robot4,2.0867165194057864
57.2,robot3,robot4,2.5352633463648306
57.25,robot1,robot2,3.7863184936180425
57.25,robot1,robot3,2.3723099857578163
57.25,robot1,robot4,4.890723263056216
57.25,robot2,robot3,1.8174202039460357
57.25,robot2,robot4,2.078855807705347
57.25,robot3,robot4,2.520335251965202
57.300000000000004,robot1,robot2,3.782414928288672
57.300000000000004,robot1,robot3,2.3733969508032153
57.300000000000004,robot1,robot4,4.877113982141588
57.300000000000004,robot2,robot3,1.8168444944807467
57.300000000000004,robot2,robot4,2.0710499986842406
57.300000000000004,robot3,robot4,2.505407880366985
57.35,robot1,robot2,3.7782023199634245
57.35,robot1,robot3,2.3739608508445333
57.35,robot1,robot4,4.863678499182614
57.35,robot2,robot3,1.8161947181473963
57.35,robot2,robot4,2.0637329074120148
57.35,robot3,robot4,2.4912087032049812
57.400000000000006,robot1,robot2,3.774002578433803
57.400000000000006,robot1,robot3,2.374556428144002
57.400000000000006,robot1,robot4,4.850261911844759
57.400000000000006,robot2,robot3,1.8155467979198443
57.400000000000006,robot2,robot4,2.0564652643993275
57.400000000000006,robot3,robot4,2.477010179316183
57.45,robot1,robot2,3.769422553134
57.45,robot1,robot3,2.374834016525997
57.45,robot1,robot4,4.836880349302454
57.45,robot2,robot3,1.8148224115164133
57.45,robot2,robot4,2.0494194554079206
57.45,robot3,robot4,2.463175930922565
57.5,robot1,robot2,3.764855410164114
57.5,robot1,robot3,2.375143598300532
57.5,robot1,robot4,4.823518084269302
57.5,robot2,robot3,1.814099817728341
57.5,robot2,robot4,2.0424205930642687
57.5,robot3,robot4,2.449342313829776
57.550000000000004,robot1,robot2,3.7597051586785692
57.550000000000004,robot1,robot3,2.375129216537597
57.550000000000004,robot1,robot4,4.809836750151973
57.550000000000004,robot2,robot3,1.8132898548103802
57.550000000000004,robot2,robot4,2.0354295200982144
57.550000000000004,robot3,robot4,2.435516800707808
57.6,robot1,robot2,3.754569532759914
57.6,robot1,robot3,2.3751508593034676
57.6,robot1,robot4,4.796177318217603
57.6,robot2,robot3,1.8124816280186127
57.6,robot2,robot4,2.0284855602542504
57.6,robot3,robot4,2.4216919457108905
57.650000000000006,robot1,robot2,3.748743726232996
57.650000000000006,robot1,robot3,2.375207711116335
57.650000000000006,robot1,robot4,4.782193329362635
57.650000000000006,robot2,robot3,1.811897859987491
57.650000000000006,robot2,robot4,2.0217747861661666
57.650000000000006,robot3,robot4,2.4074953103815164
57.7,robot1,robot2,3.74293264440198
57.7,robot1,robot3,2.3753090431192314
57.7,robot1,robot4,4.768232747294222
57.7,robot2,robot3,1.8113182741820941
57.7,robot2,robot4,2.015109791693991
57.7,robot3,robot4,2.393298782877934
57.75,robot1,robot2,3.736558842823334
57.75,robot1,robot3,2.3756217007229923
57.75,robot1,robot4,4.755244906098371
57.75,robot2,robot3,1.8111583240568039
57.75,robot2,robot4,2.009496874473123
57.75,robot3,robot4,2.3798618389306765
57.800000000000004,robot1,robot2,3.730198707383428
57.800000000000004,robot1,robot3,2.375988364245078
57.800000000000004,robot1,robot4,4.7422803276783405
57.800000000000004,robot2,robot3,1.811007497051572
57.800000000000004,robot2,robot4,2.003919342613369
57.800000000000004,robot3,robot4,2.366425084106613
57.85,robot1,robot2,3.723536800744186
57.85,robot1,robot3,2.376248815073245
57.85,robot1,robot4,4.729094917883599
57.85,robot2,robot3,1.8106117355066076
57.85,robot2,robot4,1.9984522544372303
57.85,robot3,robot4,2.3529063098594674
57.900000000000006,robot1,robot2,3.7168882295005843
57.900000000000006,robot1,robot3,2.376561587283611
57.900000000000006,robot1,robot4,4.7159332942123955
57.900000000000006,robot2,robot3,1.8102252821922469
57.900000000000006,robot2,robot4,1.9930206378040836
57.900000000000006,robot3,robot4,2.3393876311977437
57.95,robot1,robot2,3.7099532197003837
57.95,robot1,robot3,2.3767452733063337
57.95,robot1,robot4,4.702438593918185
57.95,robot2,robot3,1.809632479243023
57.95,robot2,robot4,1.987572767507393
57.95,robot3,robot4,2.3256934246226963
58.0,robot1,robot2,3.7030312297663652
58.0,robot1,robot3,2.3769798004307905
58.0,robot1,robot4,4.688967946787651
58.0,robot2,robot3,1.8090491113767475
58.0,robot2,robot4,1.9821609460134664
58.0,robot3,robot4,2.3119992720608713
58.050000000000004,robot1,robot2,3.6956608180140798
58.050000000000004,robot1,robot3,2.3770739053151044
58.050000000000004,robot1,robot4,4.675176184627296
58.050000000000004,robot2,robot3,1.8081510908971352
58.050000000000004,robot2,robot4,1.9769372004351196
58.050000000000004,robot3,robot4,2.298149132541499
58.1,robot1,robot2,3.688302359881169
58.1,robot1,robot3,2.3772164503990796
58.1,robot1,robot4,4.661408460176495
58.1,robot2,robot3,1.8072635708941294
58.1,robot2,robot4,1.9717488448227882
58.1,robot3,robot4,2.28429900926236
58.150000000000006,robot1,robot2,3.6805832865861077
58.150000000000006,robot1,robot3,2.376392855313805
58.150000000000006,robot1,robot4,4.648203612703782
58.150000000000006,robot2,robot3,1.806110356336096
58.150000000000006,robot2,robot4,1.9672357186693459
58.150000000000006,robot3,robot4,2.2719889139980403
58.2,robot1,robot2,3.6728752405766523
58.2,robot1,robot3,2.3756107275936436
58.2,robot1,robot4,4.63502257677317
58.2,robot2,robot3,1.8049640405152119
58.2,robot2,robot4,1.962752229005485
58.2,robot3,robot4,2.259678924676025
58.25,robot1,robot2,3.6648617023064456
58.25,robot1,robot3,2.3740995787044192
58.25,robot1,robot4,4.621826094781206
58.25,robot2,robot3,1.8036341618324376
58.25,robot2,robot4,1.95844647699267
58.25,robot3,robot4,2.248088496685573
58.300000000000004,robot1,robot2,3.6568585728946355
58.300000000000004,robot1,robot3,2.3726256133237706
58.300000000000004,robot1,robot4,4.608653064857994
58.300000000000004,robot2,robot3,1.8023091215141198
58.300000000000004,robot2,robot4,1.9541683054481254
58.300000000000004,robot3,robot4,2.2364984173759197
58.35,robot1,robot2,3.648568108245513
58.35,robot1,robot3,2.370844708508973
58.35,robot1,robot4,4.595099313529713
58.35,robot2,robot3,1.8009730380842044
58.35,robot2,robot4,1.9499161268244332
58.35,robot3,robot4,2.2248465308041467
58.400000000000006,robot1,robot2,3.6402873639999895
58.400000000000006,robot1,robot3,2.3691003460765443
58.400000000000006,robot1,robot4,4.5815690559676145
58.400000000000006,robot2,robot3,1.7996418992238425
58.400000000000006,robot2,robot4,1.945692195916404
58.400000000000006,robot3,robot4,2.213195022934037
58.45,robot1,robot2,3.6317267369007813
58.45,robot1,robot3,2.367076463324854
58.45,robot1,robot4,4.567747829540969
58.45,robot2,robot3,1.7982555068383634
58.45,robot2,robot4,1.941453654908159
58.45,robot3,robot4,2.201543902372434
58.5,robot1,robot2,3.623175513317841
58.5,robot1,robot3,2.3650887459497163
58.5,robot1,robot4,4.553950200466953
58.5,robot2,robot3,1.7968739811350154
58.5,robot2,robot4,1.9372433902390787
58.5,robot3,robot4,2.1898931773584303
58.550000000000004,robot1,robot2,3.6140795429979464
58.550000000000004,robot1,robot3,2.3627996886466063
58.550000000000004,robot1,robot4,4.539821739809531
58.550000000000004,robot2,robot3,1.7953552796634011
58.550000000000004,robot2,robot4,1.9332947067578699
58.550000000000004,robot3,robot4,2.1782236039489256
58.6,robot1,robot2,3.6049919695013193
58.6,robot1,robot3,2.360546449659485
58.6,robot1,robot4,4.5257170816004395
58.6,robot2,robot3,1.7938424566647428
58.6,robot2,robot4,1.929373182109931
58.6,robot3,robot4,2.1665544613127086
58.650000000000006,robot1,robot2,3.595618838821802
58.650000000000006,robot1,robot3,2.357956671523567
58.650000000000006,robot1,robot4,4.511318857391704
58.650000000000006,robot2,robot3,1.7923014171866432
58.650000000000006,robot2,robot4,1.9255548332652719
58.650000000000006,robot3,robot4,2.1549344749329378
58.7,robot1,robot2,3.5862533341338287
58.7,robot1,robot3,2.355401613604355
58.7,robot1,robot4,4.496944355890786
58.7,robot2,robot3,1.7907663094976967
58.7,robot2,robot4,1.9217637288543041
58.7,robot3,robot4,2.143314994601587
58.75,robot1,robot2,3.5767047549839086
58.75,robot1,robot3,2.3526941686657876
58.75,robot1,robot4,4.483382934218536
58.75,robot2,robot3,1.789237828016304
58.75,robot2,robot4,1.9185762761387675
58.75,robot3,robot4,2.132675278679809
58.800000000000004,robot1,robot2,3.567163175592054
58.800000000000004,robot1,robot3,2.350020942640724
58.800000000000004,robot1,robot4,4.469844326959271
58.800000000000004,robot2,robot3,1.7877157259480603
58.800000000000004,robot2,robot4,1.9154098906630923
58.800000000000004,robot3,robot4,2.122035933140623
58.85,robot1,robot2,3.5574139432016123
58.85,robot1,robot3,2.3479165624234284
58.85,robot1,robot4,4.45645052893895
58.85,robot2,robot3,1.7858648899781024
58.85,robot2,robot4,1.9125335184358205
58.85,robot3,robot4,2.110986096805234
58.900000000000006,robot1,robot2,3.5476710922870223
58.900000000000006,robot1,robot3,2.3458460827899597
58.900000000000006,robot1,robot4,4.4430792512176716
58.900000000000006,robot2,robot3,1.7840237597902107
58.900000000000006,robot2,robot4,1.909676260714365
58.900000000000006,robot3,robot4,2.0999365489938007
58.95,robot1,robot2,3.5377815783653523
58.95,robot1,robot3,2.343527540572811
58.95,robot1,robot4,4.429421654897764
58.95,robot2,robot3,1.782316538245241
58.95,robot2,robot4,1.9068514045525413
58.95,robot3,robot4,2.088860972767814
59.0,robot1,robot2,3.52789771664259
59.0,robot1,robot3,2.3412424904930287
59.0,robot1,robot4,4.4157861861738725
59.0,robot2,robot3,1.7806193711161293
59.0,robot2,robot4,1.9040462145525774
59.0,robot3,robot4,2.077785628973788
59.050000000000004,robot1,robot2,3.5177476273253667
59.050000000000004,robot1,robot3,2.338653686059193
59.050000000000004,robot1,robot4,4.401889709705366
59.050000000000004,robot2,robot3,1.7790216451079226
59.050000000000004,robot2,robot4,1.901379808524391
59.050000000000004,robot3,robot4,2.0667650757619374
59.1,robot1,robot2,3.5076022922168644
59.1,robot1,robot3,2.3360978570301802
59.1,robot1,robot4,4.388014828445775
59.1,robot2,robot3,1.7774347309040632
59.1,robot2,robot4,1.8987327596291692
59.1,robot3,robot4,2.0557446982037924
59.150000000000006,robot1,robot2,3.4972964602844647
59.150000000000006,robot1,robot3,2.3322946802911715
59.150000000000006,robot1,robot4,4.374524677335412
59.150000000000006,robot2,robot3,1.776338013191535
59.150000000000006,robot2,robot4,1.8965749306310702
59.150000000000006,robot3,robot4,2.046355549606421
59.2,robot1,robot2,3.486994597200288
59.2,robot1,robot3,2.3285232034285164
59.2,robot1,robot4,4.361055525389467
59.2,robot2,robot3,1.7752484381080302
59.2,robot2,robot4,1.8944336067357967
59.2,robot3,robot4,2.0369666492706746
59.25,robot1,robot2,3.4765561562093668
59.25,robot1,robot3,2.3244286313952514
59.25,robot1,robot4,4.347609490843935
59.25,robot2,robot3,1.7743218550145434
59.25,robot2,robot4,1.8925335390720295
59.25,robot3,robot4,2.0279331060888697
59.300000000000004,robot1,robot2,3.4661209739582066
59.300000000000004,robot1,robot3,2.320365139353071
59.300000000000004,robot1,robot4,4.334183826648909
59.300000000000004,robot2,robot3,1.7734024941862463
59.300000000000004,robot2,robot4,1.8906489727921465
59.300000000000004,robot3,robot4,2.0188997688191446
59.35,robot1,robot2,3.455593147056305
59.35,robot1,robot3,2.3159941851600685
59.35,robot1,robot4,4.3204833546909995
59.35,robot2,robot3,1.7726760752811692
59.35,robot2,robot4,1.8888499732304043
59.35,robot3,robot4,2.00990581841992
59.400000000000006,robot1,robot2,3.4450679142044485
59.400000000000006,robot1,robot3,2.31165369186736
59.400000000000006,robot1,robot4,4.306802815553666
59.400000000000006,robot2,robot3,1.7719569272645992
59.400000000000006,robot2,robot4,1.8870672169930776
59.400000000000006,robot3,robot4,2.000912053639788
59.45,robot1,robot2,3.434400752058282
59.45,robot1,robot3,2.3070181670208516
59.45,robot1,robot4,4.292838790344361
59.45,robot2,robot3,1.77137135814494
59.45,robot2,robot4,1.8853657183332493
59.45,robot3,robot4,1.9919353812893876
59.5,robot1,robot2,3.4237356138506083
59.5,robot1,robot3,2.3024124788050035
59.5,robot1,robot4,4.278894291375051
59.5,robot2,robot3,1.7707932101970574
59.5,robot2,robot4,1.8836809658286087
59.5,robot3,robot4,1.9829588800701339
59.550000000000004,robot1,robot2,3.4130114238783675
59.550000000000004,robot1,robot3,2.29750583801897
59.550000000000004,robot1,robot4,4.26466620402324
59.550000000000004,robot2,robot3,1.7704183238603524
59.550000000000004,robot2,robot4,1.8820699761648738
59.550000000000004,robot3,robot4,1.974004215743788
59.6,robot1,robot2,3.4022887193964007
59.6,robot1,robot3,2.292628338907552
59.6,robot1,robot4,4.250457171048074
59.6,robot2,robot3,1.770050832296632
59.6,robot2,robot4,1.8804766963964217
59.6,robot3,robot4,1.9650497070028534
59.650000000000006,robot1,robot2,3.3915983462547925
59.650000000000006,robot1,robot3,2.2875311830900245
59.650000000000006,robot1,robot4,4.236093374108978
59.650000000000006,robot2,robot3,1.7698420840607503
59.650000000000006,robot2,robot4,1.8789712051596876
59.650000000000006,robot3,robot4,1.9561574483788995
59.7,robot1,robot2,3.380908950327559
59.7,robot1,robot3,2.2824616603459082
59.7,robot1,robot4,4.221747684268447
59.7,robot2,robot3,1.7696407222258421
59.7,robot2,robot4,1.8774839421164164
59.7,robot3,robot4,1.9472653316137993
59.75,robot1,robot2,3.3701476335503466
59.75,robot1,robot3,2.2771902333015572
59.75,robot1,robot4,4.207244648192983
59.75,robot2,robot3,1.7695834118856903
59.75,robot2,robot4,1.8762026671696477
59.75,robot3,robot4,1.9384159886099008
59.800000000000004,robot1,robot2,3.359386855824287
59.800000000000004,robot1,robot3,2.271945349736432
59.800000000000004,robot1,robot4,4.192759086875847
59.800000000000004,robot2,robot3,1.7695340326458828
59.800000000000004,robot2,robot4,1.874939844939298
59.800000000000004,robot3,robot4,1.9295667828041079
59.85,robot1,robot2,3.3485679559606143
59.85,robot1,robot3,2.266528514184688
59.85,robot1,robot4,4.178060967787839
59.85,robot2,robot3,1.7698749098419355
59.85,robot2,robot4,1.8738818676646882
59.85,robot3,robot4,1.9207064452368818
59.900000000000006,robot1,robot2,3.3377492833494835
59.900000000000006,robot1,robot3,2.261138974632032
59.900000000000006,robot1,robot4,4.163379882941861
59.900000000000006,robot2,robot3,1.7702247986343431
59.900000000000006,robot2,robot4,1.8728430835830856
59.900000000000006,robot3,robot4,1.9118461479797468
59.95,robot1,robot2,3.326921402981628
59.95,robot1,robot3,2.255633090340326
59.95,robot1,robot4,4.1497124261003
59.95,robot2,robot3,1.7712074761564494
59.95,robot2,robot4,1.8724864889826307
59.95,robot3,robot4,1.9042042987035288
60.0,robot1,robot2,3.31609360415972
60.0,robot1,robot3,2.2501576233706384
60.0,robot1,robot4,4.136060795822276
60.0,robot2,robot3,1.7722004666769502
60.0,robot2,robot4,1.8721434940423236
60.0,robot3,robot4,1.8965625298737188
60.050000000000004,robot1,robot2,3.305262264532195
60.050000000000004,robot1,robot3,2.2443770882145673
60.050000000000004,robot1,robot4,4.122713146903534
60.050000000000004,robot2,robot3,1.7733942317851945
60.050000000000004,robot2,robot4,1.8721425095743245
60.050000000000004,robot3,robot4,1.8895369040890015
60.1,robot1,robot2,3.294430930624742
60.1,robot1,robot3,2.2386261037218786
60.1,robot1,robot4,4.109380505547887
60.1,robot2,robot3,1.7745979042955056
60.1,robot2,robot4,1.8721534158300168
60.1,robot3,robot4,1.8825113784267016
60.150000000000006,robot1,robot2,3.2836721758195115
60.150000000000006,robot1,robot3,2.232595716050098
60.150000000000006,robot1,robot4,4.095869186473519
60.150000000000006,robot2,robot3,1.776049268432889
60.150000000000006,robot2,robot4,1.8722461253912372
60.150000000000006,robot3,robot4,1.8755892404160615
60.2,robot1,robot2,3.272913441322273
60.2,robot1,robot3,2.22659399655393
60.2,robot1,robot4,4.082372282275345
60.2,robot2,robot3,1.7775100500312229
60.2,robot2,robot4,1.8723515410547238
60.2,robot3,robot4,1.868667213090656
60.25,robot1,robot2,3.2621906022988982
60.25,robot1,robot3,2.2202981178391896
60.25,robot1,robot4,4.068656845105797
60.25,robot2,robot3,1.7791686717516413
60.25,robot2,robot4,1.8725210315513148
60.25,robot3,robot4,1.861818818344175
60.300000000000004,robot1,robot2,3.251467882782942
60.300000000000004,robot1,robot3,2.214030034000667
60.300000000000004,robot1,robot4,4.054955376294169
60.300000000000004,robot2,robot3,1.780836159291472
60.300000000000004,robot2,robot4,1.8727041195880358
60.300000000000004,robot3,robot4,1.8549705262181382
60.35,robot1,robot2,3.2408499551682803
60.35,robot1,robot3,2.2074756680318126
60.35,robot1,robot4,4.041102222876637
60.35,robot2,robot3,1.7827262915700914
60.35,robot2,robot4,1.8729494146309051
60.35,robot3,robot4,1.8482533255636249
60.400000000000006,robot1,robot2,3.230232332729333
60.400000000000006,robot1,robot3,2.2009480854079664
60.400000000000006,robot1,robot4,4.027262442172968
60.400000000000006,robot2,robot3,1.7846245681232233
60.400000000000006,robot2,robot4,1.873209153650761
60.400000000000006,robot3,robot4,1.8415362257273127
60.45,robot1,robot2,3.219684937859331
60.45,robot1,robot3,2.194130930253764
60.45,robot1,robot4,4.013229948580381
60.45,robot2,robot3,1.7867099249797098
60.45,robot2,robot4,1.873515799160031
60.45,robot3,robot4,1.8349100874106197
60.5,robot1,robot2,3.2091381076982337
60.5,robot1,robot3,2.187339619385156
60.5,robot1,robot4,3.999210329610709
60.5,robot2,robot3,1.7888027661654038
60.5,robot2,robot4,1.8738378020293005
60.5,robot3,robot4,1.8282840407171421
60.550000000000004,robot1,robot2,3.1990672341264172
60.550000000000004,robot1,robot3,2.180584029628358
60.550000000000004,robot1,robot4,3.9853286379564725
60.550000000000004,robot2,robot3,1.7910436244822459
60.550000000000004,robot2,robot4,1.8742092244072566
60.550000000000004,robot3,robot4,1.821725762504403
60.6,robot1,robot2,3.1889973554548456
60.6,robot1,robot3,2.1738512900529785
60.6,robot1,robot4,3.9714584143240126
60.6,robot2,robot3,1.793291400018692
60.6,robot2,robot4,1.8745968734127878
60.6,robot3,robot4,1.8151675587256402
60.650000000000006,robot1,robot2,3.1791665014797896
60.650000000000006,robot1,robot3,2.166993673496302
60.650000000000006,robot1,robot4,3.957597481767757
60.650000000000006,robot2,robot3,1.7957500811825822
60.650000000000006,robot2,robot4,1.8751390827070005
60.650000000000006,robot3,robot4,1.8087250676602284
60.7,robot1,robot2,3.1693371852765995
60.7,robot1,robot3,2.160157400607882
60.7,robot1,robot4,3.943747287147213
60.7,robot2,robot3,1.7982153610315978
60.7,robot2,robot4,1.8756982777221929
60.7,robot3,robot4,1.802282638211887
60.75,robot1,robot2,3.159379166747678
60.75,robot1,robot3,2.1530985763399806
60.75,robot1,robot4,3.930520364755092
60.75,robot2,robot3,1.8010636330875431
60.75,robot2,robot4,1.8770298877125668
60.75,robot3,robot4,1.796722933859378
60.800000000000004,robot1,robot2,3.149423778169586
60.800000000000004,robot1,robot3,2.1460613641645936
60.800000000000004,robot1,robot4,3.917303232532935
60.800000000000004,robot2,robot3,1.8039198035223187
60.800000000000004,robot2,robot4,1.8783743640693675
60.800000000000004,robot3,robot4,1.7911634033847934
60.85,robot1,robot2,3.1394772476917625
60.85,robot1,robot3,2.1388296646804292
60.85,robot1,robot4,3.904323621876809
60.85,robot2,robot3,1.8069735782244443
60.85,robot2,robot4,1.8798866142203898
60.85,robot3,robot4,1.7860667421029506
60.900000000000006,robot1,robot2,3.129533846411793
60.900000000000006,robot1,robot3,2.1316198453504778
60.900000000000006,robot1,robot4,3.8913531612008674
60.900000000000006,robot2,robot3,1.810034993289633
60.900000000000006,robot2,robot4,1.8814101541995039
60.900000000000006,robot3,robot4,1.780970382594836
60.95,robot1,robot2,3.1196034053406527
60.95,robot1,robot3,2.1243253915613414
60.95,robot1,robot4,3.878208140633119
60.95,robot2,robot3,1.8131179274992708
60.95,robot2,robot4,1.882887140310327
60.95,robot3,robot4,1.775783655946368
61.0,robot1,robot2,3.1096765937745037
61.0,robot1,robot3,2.1170522136680994
61.0,robot1,robot4,3.865071867921734
61.0,robot2,robot3,1.8162084532899851
61.0,robot2,robot4,1.884375711677743
61.0,robot3,robot4,1.7705972609786222
61.050000000000004,robot1,robot2,3.0997893472092977
61.050000000000004,robot1,robot3,2.109704285706944
61.050000000000004,robot1,robot4,3.8518583645503166
61.050000000000004,robot2,robot3,1.8193321617551044
61.050000000000004,robot2,robot4,1.8858905801143395
61.050000000000004,robot3,robot4,1.7654033680523264
61.1,robot1,robot2,3.0899063974460454
61.1,robot1,robot3,2.1023767850853945
61.1,robot1,robot4,3.838653084107106
61.1,robot2,robot3,1.8224635096319486
61.1,robot2,robot4,1.8874169744327827
61.1,robot3,robot4,1.7602098344029895
61.150000000000006,robot1,robot2,3.080039785670389
61.150000000000006,robot1,robot3,2.094916257549451
61.150000000000006,robot1,robot4,3.825310021777646
61.150000000000006,robot2,robot3,1.825637544943821
61.150000000000006,robot2,robot4,1.8889451915619473
61.150000000000006,robot3,robot4,1.7550068622089485
61.2,robot1,robot2,3.0701781331929254
61.2,robot1,robot3,2.087475532220198
61.2,robot1,robot4,3.8119747958601455
61.2,robot2,robot3,1.8288190574603056
61.2,robot2,robot4,1.890485101647987
61.2,robot3,robot4,1.7498042631840285
61.25,robot1,robot2,3.0609189821671614
61.25,robot1,robot3,2.080451518726464
61.25,robot1,robot4,3.799007285052307
61.25,robot2,robot3,1.8320341885761846
61.25,robot2,robot4,1.8920343848342847
61.25,robot3,robot4,1.7445162889131332
61.300000000000004,robot1,robot2,3.0516655445911818
61.300000000000004,robot1,robot3,2.073444663697827
61.300000000000004,robot1,robot4,3.7860464252310733
61.300000000000004,robot2,robot3,1.8352569761300463
61.300000000000004,robot2,robot4,1.8935955281764902
61.300000000000004,robot3,robot4,1.739228724322364
61.35,robot1,robot2,3.0426256486484244
61.35,robot1,robot3,2.0664782372346675
61.35,robot1,robot4,3.7731840800390977
61.35,robot2,robot3,1.8384837440987207
61.35,robot2,robot4,1.8951628859410081
61.35,robot3,robot4,1.733978362242447
61.400000000000006,robot1,robot2,3.033592222864502
61.400000000000006,robot1,robot3,2.059527538510956
61.400000000000006,robot1,robot4,3.7603276685274363
61.400000000000006,robot2,robot3,1.8417180461137372
61.400000000000006,robot2,robot4,1.8967418640302642
61.400000000000006,robot3,robot4,1.7287284321928638
61.45,robot1,robot2,3.0244332295648793
61.45,robot1,robot3,2.052500913231587
61.45,robot1,robot4,3.7473681006360975
61.45,robot2,robot3,1.8445396598607606
61.45,robot2,robot4,1.8979398039087674
61.45,robot3,robot4,1.7234320398375151
61.5,robot1,robot2,3.015280377847639
61.5,robot1,robot3,2.0454890013424665
61.5,robot1,robot4,3.7344139996530923
61.5,robot2,robot3,1.8473680797816119
61.5,robot2,robot4,1.8991483304497307
61.5,robot3,robot4,1.71813607861601
61.550000000000004,robot1,robot2,3.0058020345233145
61.550000000000004,robot1,robot3,2.0383334036610643
61.550000000000004,robot1,robot4,3.7220952800575238
61.550000000000004,robot2,robot3,1.84969968140047
61.550000000000004,robot2,robot4,1.9002741450551288
61.550000000000004,robot3,robot4,1.7136307642674948
61.6,robot1,robot2,2.9963293647936973
61.6,robot1,robot3,2.031192006336427
61.6,robot1,robot4,3.709781264611837
61.6,robot2,robot3,1.85203758599009
61.6,robot2,robot4,1.9014060372182475
61.6,robot3,robot4,1.7091259901160007
61.650000000000006,robot1,robot2,2.9865119821333375
61.650000000000006,robot1,robot3,2.0235299414998775
61.650000000000006,robot1,robot4,3.6981397261753433
61.650000000000006,robot2,robot3,1.8545009073242593
61.650000000000006,robot2,robot4,1.9026891946698103
61.650000000000006,robot3,robot4,1.705923889411028
61.7,robot1,robot2,2.9767004520927194
61.7,robot1,robot3,2.0158838699183543
61.7,robot1,robot4,3.6865021396982804
61.7,robot2,robot3,1.8569696887052303
61.7,robot2,robot4,1.9039750872973626
61.7,robot3,robot4,1.70272290754456
61.75,robot1,robot2,2.966625527250828
61.75,robot1,robot3,2.0078673874290724
61.75,robot1,robot4,3.6747988765343336
61.75,robot2,robot3,1.8589712896871218
61.75,robot2,robot4,1.9050577715589758
61.75,robot3,robot4,1.6997698920289919
61.800000000000004,robot1,robot2,2.9565565779917
61.800000000000004,robot1,robot3,1.999865343463903
61.800000000000004,robot1,robot4,3.663099154813037
61.800000000000004,robot2,robot3,1.8609774564507764
61.800000000000004,robot2,robot4,1.9061423996296813
61.800000000000004,robot3,robot4,1.6968177187959814
61.85,robot1,robot2,2.946216228477553
61.85,robot1,robot3,1.9915096402122934
61.85,robot1,robot4,3.651307794169781
61.85,robot2,robot3,1.8624264116093285
61.85,robot2,robot4,1.9069361913227458
61.85,robot3,robot4,1.6940603598309296
61.900000000000006,robot1,robot2,2.9358817338251195
61.900000000000006,robot1,robot3,1.9831667994886346
61.900000000000006,robot1,robot4,3.639519620036137
61.900000000000006,robot2,robot3,1.8638790081638885
61.900000000000006,robot2,robot4,1.9077312996258147
61.900000000000006,robot3,robot4,1.6913035678464108
61.95,robot1,robot2,2.9253354737058785
61.95,robot1,robot3,1.9744974803311977
61.95,robot1,robot4,3.6276357075960637
61.95,robot2,robot3,1.8647639683587973
61.95,robot2,robot4,1.908210220059624
61.95,robot3,robot4,1.6886980146524861
62.0,robot1,robot2,2.9147949170053113
62.0,robot1,robot3,1.9658393424837648
62.0,robot1,robot4,3.615754632638117
62.0,robot2,robot3,1.8656516986718072
62.0,robot2,robot4,1.908690031724376
62.0,robot3,robot4,1.6860927836940056
62.050000000000004,robot1,robot2,2.9042780144125313
62.050000000000004,robot1,robot3,1.9572782456986022
62.050000000000004,robot1,robot4,3.6041951193460995
62.050000000000004,robot2,robot3,1.865928961719872
62.050000000000004,robot2,robot4,1.9088313387065525
62.050000000000004,robot3,robot4,1.6836463192613373
62.1,robot1,robot2,2.893765469867937
62.1,robot1,robot3,1.9487274586727106
62.1,robot1,robot4,3.5926385558618334
62.1,robot2,robot3,1.8662081429478865
62.1,robot2,robot4,1.9089732105100372
62.1,robot3,robot4,1.681199973620033
62.150000000000006,robot1,robot2,2.885517677195246
62.150000000000006,robot1,robot3,1.94183645181372
62.150000000000006,robot1,robot4,3.583123030543118
62.150000000000006,robot2,robot3,1.8659155103825709
62.150000000000006,robot2,robot4,1.9087335710471092
62.150000000000006,robot3,robot4,1.6788776595192991
62.2,robot1,robot2,2.8772734711745773
62.2,robot1,robot3,1.9349492853005217
62.2,robot1,robot4,3.5736085810078584
62.2,robot2,robot3,1.86562405280914
62.2,robot2,robot4,1.9084943037452327
62.2,robot3,robot4,1.676555365480067
62.25,robot1,robot2,2.866732166899491
62.25,robot1,robot3,1.9255689828622735
62.25,robot1,robot4,3.56319874370056
62.25,robot2,robot3,1.865196764932054
62.25,robot2,robot4,1.9085784563829173
62.25,robot3,robot4,1.675962098421083
62.300000000000004,robot1,robot2,2.856195492827827
62.300000000000004,robot1,robot3,1.9161958548942735
62.300000000000004,robot1,robot4,3.5527904181206624
62.300000000000004,robot2,robot3,1.8647699935852677
62.300000000000004,robot2,robot4,1.9086627370093439
62.300000000000004,robot3,robot4,1.6753688514377958
62.35,robot1,robot2,2.8455267665457824
62.35,robot1,robot3,1.9066719645834458
62.35,robot1,robot4,3.5428089243991825
62.35,robot2,robot3,1.863972623553522
62.35,robot2,robot4,1.9089148659366661
62.35,robot3,robot4,1.6752799916088652
62.400000000000006,robot1,robot2,2.8348631571686123
62.400000000000006,robot1,robot3,1.8971539977735057
62.400000000000006,robot1,robot4,3.5328285961308663
62.400000000000006,robot2,robot3,1.8631757587699556
62.400000000000006,robot2,robot4,1.9091676768372128
62.400000000000006,robot3,robot4,1.6751911317972046
62.45,robot1,robot2,2.8244131540143425
62.45,robot1,robot3,1.887608775896371
62.45,robot1,robot4,3.5228978084827403
62.45,robot2,robot3,1.8620781220089153
62.45,robot2,robot4,1.909283254480395
62.45,robot3,robot4,1.6750741286726685
62.5,robot1,robot2,2.81396857392349
62.5,robot1,robot3,1.8780679475673931
62.5,robot1,robot4,3.5129679072217552
62.5,robot2,robot3,1.8609808143763868
62.5,robot2,robot4,1.9093995032472906
62.5,robot3,robot4,1.6749571599446953
62.550000000000004,robot1,robot2,2.803551203830598
62.550000000000004,robot1,robot3,1.8684019159380556
62.550000000000004,robot1,robot4,3.5030102530966127
62.550000000000004,robot2,robot3,1.8595625785977195
62.550000000000004,robot2,robot4,1.9093734190042555
62.550000000000004,robot3,robot4,1.67485394845073
62.6,robot1,robot2,2.793139396548085
62.6,robot1,robot3,1.858739352418192
62.6,robot1,robot4,3.493053341924512
62.6,robot2,robot3,1.8581445351707706
62.6,robot2,robot4,1.9093480705311434
62.6,robot3,robot4,1.6747508623081822
62.650000000000006,robot1,robot2,2.7828065781466913
62.650000000000006,robot1,robot3,1.8490169594598767
62.650000000000006,robot1,robot4,3.483081527755917
62.650000000000006,robot2,robot3,1.8563812136181106
62.650000000000006,robot2,robot4,1.9091993680014143
62.650000000000006,robot3,robot4,1.674591294424777
62.7,robot1,robot2,2.7724795869807592
62.7,robot1,robot3,1.8392970103854895
62.7,robot1,robot4,3.473110296045894
62.7,robot2,robot3,1.8546180095734002
62.7,robot2,robot4,1.9090514394654223
62.7,robot3,robot4,1.674432021995817
62.75,robot1,robot2,2.7627846033567294
62.75,robot1,robot3,1.8301522684925018
62.75,robot1,robot4,3.463766097267106
62.75,robot2,robot3,1.85254946166877
62.75,robot2,robot4,1.908793628569626
62.75,robot3,robot4,1.674220805085533
62.800000000000004,robot1,robot2,2.753094822167408
62.800000000000004,robot1,robot3,1.8210089426101113
62.800000000000004,robot1,robot4,3.4544223155231024
62.800000000000004,robot2,robot3,1.850480982848783
62.800000000000004,robot2,robot4,1.9085366323874948
62.800000000000004,robot3,robot4,1.6740100879773694
62.85,robot1,robot2,2.7429729775255254
62.85,robot1,robot3,1.812157093963572
62.85,robot1,robot4,3.445458946623983
62.85,robot2,robot3,1.8475354171864335
62.85,robot2,robot4,1.90832625087955
62.85,robot3,robot4,1.6737862342761245
62.900000000000006,robot1,robot2,2.732856533433468
62.900000000000006,robot1,robot3,1.8033058986117678
62.900000000000006,robot1,robot4,3.4364958123560974
62.900000000000006,robot2,robot3,1.8445902811177333
62.900000000000006,robot2,robot4,1.9081183391616463
62.900000000000006,robot3,robot4,1.6735630954263423
62.95,robot1,robot2,2.722520563237309
62.95,robot1,robot3,1.7931090518680808
62.95,robot1,robot4,3.4286230384030625
62.95,robot2,robot3,1.8415229872940087
62.95,robot2,robot4,1.9084687081367748
62.95,robot3,robot4,1.6756908984398047
63.0,robot1,robot2,2.7121904659536726
63.0,robot1,robot3,1.7829126580416101
63.0,robot1,robot4,3.4207503674384077
63.0,robot2,robot3,1.8384557221551463
63.0,robot2,robot4,1.9088252776459138
63.0,robot3,robot4,1.677820139033085
63.050000000000004,robot1,robot2,2.7020031462759713
63.050000000000004,robot1,robot3,1.7724650047683586
63.050000000000004,robot1,robot4,3.413432111842309
63.050000000000004,robot2,robot3,1.8354500923469015
63.050000000000004,robot2,robot4,1.909265125941654
63.050000000000004,robot3,robot4,1.6807665274184427
63.1,robot1,robot2,2.6918220729567177
63.1,robot1,robot3,1.7620176999011672
63.1,robot1,robot4,3.4061138652671317
63.1,robot2,robot3,1.8324446129747005
63.1,robot2,robot4,1.909713322747684
63.1,robot3,robot4,1.6837141048729145
63.150000000000006,robot1,robot2,2.6817682869909727
63.150000000000006,robot1,robot3,1.7515820721054574
63.150000000000006,robot1,robot4,3.398512206751139
63.150000000000006,robot2,robot3,1.8294885712368496
63.150000000000006,robot2,robot4,1.9097003248742983
63.150000000000006,robot3,robot4,1.6864155502076734
63.2,robot1,robot2,2.6717211018878824
63.2,robot1,robot3,1.7411467310832822
63.2,robot1,robot4,3.390910570373834
63.2,robot2,robot3,1.8265326968431197
63.2,robot2,robot4,1.9096953707950386
63.2,robot3,robot4,1.6891175888448382
63.25,robot1,robot2,2.661829473709107
63.25,robot1,robot3,1.730702075630725
63.25,robot1,robot4,3.3834254165966184
63.25,robot2,robot3,1.8236013289151225
63.25,robot2,robot4,1.9096951556838855
63.25,robot3,robot4,1.6919299061191924
63.300000000000004,robot1,robot2,2.6519447149827604
63.300000000000004,robot1,robot3,1.7202576291579106
63.300000000000004,robot1,robot4,3.375940311423914
63.300000000000004,robot2,robot3,1.8206701902994398
63.300000000000004,robot2,robot4,1.909703069504262
63.300000000000004,robot3,robot4,1.694742813816008
63.35,robot1,robot2,2.6422285747630725
63.35,robot1,robot3,1.7098300181483679
63.35,robot1,robot4,3.368491201727599
63.35,robot2,robot3,1.8177839718567355
63.35,robot2,robot4,1.909616945653041
63.35,robot3,robot4,1.6975746521508268
63.400000000000006,robot1,robot2,2.6325196723901216
63.400000000000006,robot1,robot3,1.699402546612484
63.400000000000006,robot1,robot4,3.36104221168137
63.400000000000006,robot2,robot3,1.814898023793072
63.400000000000006,robot2,robot4,1.9095389658933382
63.400000000000006,robot3,robot4,1.700406953592287
63.45,robot1,robot2,2.623289290066242
63.45,robot1,robot3,1.690097896685647
63.45,robot1,robot4,3.3547058490333392
63.45,robot2,robot3,1.8118249474452544
63.45,robot2,robot4,1.9094634809839255
63.45,robot3,robot4,1.7032722018624185
63.5,robot1,robot2,2.6140641312201964
63.5,robot1,robot3,1.6807934127453024
63.5,robot1,robot4,3.348369592662375
63.5,robot2,robot3,1.8087519706195208
63.5,robot2,robot4,1.9093979837032402
63.5,robot3,robot4,1.7061377571960594
63.550000000000004,robot1,robot2,2.605307545671527
63.550000000000004,robot1,robot3,1.6723075702711652
63.550000000000004,robot1,robot4,3.342811536514734
63.550000000000004,robot2,robot3,1.8057880646028894
63.550000000000004,robot2,robot4,1.9093982863543688
63.550000000000004,robot3,robot4,1.709023403053993
63.6,robot1,robot2,2.5965548242130376
63.6,robot1,robot3,1.6638220565039399
63.6,robot1,robot4,3.3372535289716905
63.6,robot2,robot3,1.8028242118612121
63.6,robot2,robot4,1.9094088573844001
63.6,robot3,robot4,1.7119092536478095
63.650000000000006,robot1,robot2,2.587725728874874
63.650000000000006,robot1,robot3,1.6564326321034
63.650000000000006,robot1,robot4,3.332549376760718
63.650000000000006,robot2,robot3,1.7998593753113046
63.650000000000006,robot2,robot4,1.9098827094421926
63.650000000000006,robot3,robot4,1.7146693602074572
63.7,robot1,robot2,2.5789005835022025
63.7,robot1,robot3,1.6490437433994891
63.7,robot1,robot4,3.3278453084734876
63.7,robot2,robot3,1.7968949446667717
63.7,robot2,robot4,1.9103709780943074
63.7,robot3,robot4,1.717429470890144
63.75,robot1,robot2,2.5700780824740033
63.75,robot1,robot3,1.641844075441088
63.75,robot1,robot4,3.3236290369041646
63.75,robot2,robot3,1.7943455734727496
63.75,robot2,robot4,1.9111348454126023
63.75,robot3,robot4,1.7206334545086879
63.800000000000004,robot1,robot2,2.5612596713806655
63.800000000000004,robot1,robot3,1.634645564938466
63.800000000000004,robot1,robot4,3.319412882703355
63.800000000000004,robot2,robot3,1.791796893843719
63.800000000000004,robot2,robot4,1.9119155928649154
63.800000000000004,robot3,robot4,1.7238375308282397
63.85,robot1,robot2,2.5524170383621185
63.85,robot1,robot3,1.627611904763924
63.85,robot1,robot4,3.315150764034156
63.85,robot2,robot3,1.7896019895486535
63.85,robot2,robot4,1.9127566114235497
63.85,robot3,robot4,1.726946114736068
63.900000000000006,robot1,robot2,2.543578588177293
63.900000000000006,robot1,robot3,1.6205802062718144
63.900000000000006,robot1,robot4,3.310888732618479
63.900000000000006,robot2,robot3,1.7874080964508356
63.900000000000006,robot2,robot4,1.9136140909394455
63.900000000000006,robot3,robot4,1.7300550176835423
63.95,robot1,robot2,2.534697872486827
63.95,robot1,robot3,1.6137546717397904
63.95,robot1,robot4,3.306665214644884
63.95,robot2,robot3,1.7855438215160806
63.95,robot2,robot4,1.914531486299259
63.95,robot3,robot4,1.7331238611762578
64.0,robot1,robot2,2.5258214470633114
64.0,robot1,robot3,1.6069321059385178
64.0,robot1,robot4,3.3024417815177305
64.0,robot2,robot3,1.7836810331516677
64.0,robot2,robot4,1.9154657032358997
64.0,robot3,robot4,1.736193470938651
64.05,robot1,robot2,2.516950550714942
64.05,robot1,robot3,1.6003808695965158
64.05,robot1,robot4,3.298180459608032
64.05,robot2,robot3,1.7821444934141142
64.05,robot2,robot4,1.916461151311187
64.05,robot3,robot4,1.7390670809089712
64.10000000000001,robot1,robot2,2.508084080423539
64.10000000000001,robot1,robot3,1.593833703416387
64.10000000000001,robot1,robot4,3.2939192023516597
64.10000000000001,robot2,robot3,1.7806100829771796
64.10000000000001,robot2,robot4,1.9174729215884643
64.10000000000001,robot3,robot4,1.7419419753898242
64.15,robot1,robot2,2.499736637879327
64.15,robot1,robot3,1.58823869866922
64.15,robot1,robot4,3.290349912207666
64.15,robot2,robot3,1.7793650682513829
64.15,robot2,robot4,1.9185269364570439
64.15,robot3,robot4,1.7446726680688565
64.2,robot1,robot2,2.491392608043341
64.2,robot1,robot3,1.582648756995689
64.2,robot1,robot4,3.286780667206895
64.2,robot2,robot3,1.7781229123648905
64.2,robot2,robot4,1.9195972294093364
64.2,robot3,robot4,1.747405330855151
64.25,robot1,robot2,2.483726709314302
64.25,robot1,robot3,1.5782537086717867
64.25,robot1,robot4,3.2839825854951252
64.25,robot2,robot3,1.7770206479906192
64.25,robot2,robot4,1.9208092943320791
64.25,robot3,robot4,1.7497510586179108
64.3,robot1,robot2,2.4760635598304015
64.3,robot1,robot3,1.5738635804214418
64.3,robot1,robot4,3.281184546739485
64.3,robot2,robot3,1.7759226631813108
64.3,robot2,robot4,1.9220371980214117
64.3,robot3,robot4,1.7520991518612752
64.35000000000001,robot1,robot2,2.4722610219813457
64.35000000000001,robot1,robot3,1.5721309185280972
64.35000000000001,robot1,robot4,3.2799678757692883
64.35000000000001,robot2,robot3,1.774863710304611
64.35000000000001,robot2,robot4,1.9227150474543153
64.35000000000001,robot3,robot4,1.7528705159019877
64.4,robot1,robot2,2.46845912014783
64.4,robot1,robot3,1.5703988199998749
64.4,robot1,robot4,3.278751215816778
64.4,robot2,robot3,1.7738064550412485
64.4,robot2,robot4,1.9233971846992497
64.4,robot3,robot4,1.753642164037179
64.45,robot1,robot2,2.4678826711212385
64.45,robot1,robot3,1.569488664208904
64.45,robot1,robot4,3.2778462143282816
64.45,robot2,robot3,1.773818210620877
64.45,robot2,robot4,1.923407007102306
64.45,robot3,robot4,1.7536180550047091
64.5,robot1,robot2,2.467306436335179
64.5,robot1,robot3,1.5685785126954914
64.5,robot1,robot4,3.2769412289293505
64.5,robot2,robot3,1.7738299663093415
64.5,robot2,robot4,1.923416829842143
64.5,robot3,robot4,1.753593945990063
64.55,robot1,robot2,2.463620293076025
64.55,robot1,robot3,1.5669312606432357
64.55,robot1,robot4,3.2753222545308422
64.55,robot2,robot3,1.7721697327674344
64.55,robot2,robot4,1.924178787359688
64.55,robot3,robot4,1.753590957068951
64.60000000000001,robot1,robot2,2.459935342728542
64.60000000000001,robot1,robot3,1.5652840093740172
64.60000000000001,robot1,robot4,3.273703311457072
64.60000000000001,robot2,robot3,1.7705117959655041
64.60000000000001,robot2,robot4,1.9249439796783698
64.60000000000001,robot3,robot4,1.753587968147877
64.65,robot1,robot2,2.453063136554478
64.65,robot1,robot3,1.5635714705097425
64.65,robot1,robot4,3.272130307802128
64.65,robot2,robot3,1.766923489481788
64.65,robot2,robot4,1.9266124833497913
64.65,robot3,robot4,1.7537506281045918
64.7,robot1,robot2,2.4461931072515513
64.7,robot1,robot3,1.5618589403201557
64.7,robot1,robot4,3.270557348487563
64.7,robot2,robot3,1.7633464021085024
64.7,robot2,robot4,1.9282977102504166
64.7,robot3,robot4,1.7539133053432259
64.75,robot1,robot2,2.4395520916661115
64.75,robot1,robot3,1.5589153964590254
64.75,robot1,robot4,3.268992235894726
64.75,robot2,robot3,1.7625664896418802
64.75,robot2,robot4,1.9301700615154354
64.75,robot3,robot4,1.7560320681676063
64.8,robot1,robot2,2.4329137431329126
64.8,robot1,robot3,1.5559758636463485
64.8,robot1,robot4,3.267427179613036
64.8,robot2,robot3,1.7617933384551663
64.8,robot2,robot4,1.9320578264764747
64.8,robot3,robot4,1.7581532628710161
64.85000000000001,robot1,robot2,2.426322321429749
64.85000000000001,robot1,robot3,1.5531553208711126
64.85000000000001,robot1,robot4,3.265829862616583
64.85000000000001,robot2,robot3,1.7614682088543352
64.85000000000001,robot2,robot4,1.9341496192239114
64.85000000000001,robot3,robot4,1.7602290017905342
64.9,robot1,robot2,2.419734175021711
64.9,robot1,robot3,1.5503396975440575
64.9,robot1,robot4,3.264232615933644
64.9,robot2,robot3,1.7611510802293482
64.9,robot2,robot4,1.9362563850794658
64.9,robot3,robot4,1.7623079934591457
64.95,robot1,robot2,2.4145998340820367
64.95,robot1,robot3,1.5490300966375703
64.95,robot1,robot4,3.2637375515972864
64.95,robot2,robot3,1.7609556486322986
64.95,robot2,robot4,1.9382394612640745
64.95,robot3,robot4,1.7639145353123686
65.0,robot1,robot2,2.4094669247424836
65.0,robot1,robot3,1.547724485890496
65.0,robot1,robot4,3.2632424937475917
65.0,robot2,robot3,1.7607674158993856
65.0,robot2,robot4,1.940233566596558
65.0,robot3,robot4,1.7655236224205555
65.05,robot1,robot2,2.4071074474814163
65.05,robot1,robot3,1.5476587745373653
65.05,robot1,robot4,3.26327637859962
65.05,robot2,robot3,1.7606851719810672
65.05,robot2,robot4,1.9415264722591992
65.05,robot3,robot4,1.76598897078896
65.10000000000001,robot1,robot2,2.4047483970132917
65.10000000000001,robot1,robot3,1.547593810515214
65.10000000000001,robot1,robot4,3.26331026350315
65.10000000000001,robot2,robot3,1.7606058947717402
65.10000000000001,robot2,robot4,1.942822006932442
65.10000000000001,robot3,robot4,1.7664548799468387
65.15,robot1,robot2,2.4024112381126588
65.15,robot1,robot3,1.5476256125323886
65.15,robot1,robot4,3.2633193694814033
65.15,robot2,robot3,1.7607335746129367
65.15,robot2,robot4,1.9443169959316051
65.15,robot3,robot4,1.7668248806280293
65.2,robot1,robot2,2.400074704889412
65.2,robot1,robot3,1.547658243702401
65.2,robot1,robot4,3.2633284754619787
65.2,robot2,robot3,1.760864894524847
65.2,robot2,robot4,1.94581444085735
65.2,robot3,robot4,1.7671955359554865
65.25,robot1,robot2,2.3978554609944696
65.25,robot1,robot3,1.547840175908514
65.25,robot1,robot4,3.263336849074962
65.25,robot2,robot3,1.761205434289964
65.25,robot2,robot4,1.9475076033696248
65.25,robot3,robot4,1.7674229057497812
65.3,robot1,robot2,2.395637078033732
65.3,robot1,robot3,1.5480229211048524
65.3,robot1,robot4,3.263345222688675
65.3,robot2,robot3,1.7615503084783015
65.3,robot2,robot4,1.9492029028997984
65.3,robot3,robot4,1.7676509793307615
65.35000000000001,robot1,robot2,2.3935450248178425
65.35000000000001,robot1,robot3,1.5483658062797208
65.35000000000001,robot1,robot4,3.2633476423036822
65.35000000000001,robot2,robot3,1.7620905560850157
65.35000000000001,robot2,robot4,1.9510961783211127
65.35000000000001,robot3,robot4,1.767711345238597
65.4,robot1,robot2,2.3914541144067556
65.4,robot1,robot3,1.5487094516858222
65.4,robot1,robot4,3.263350061919346
65.4,robot2,robot3,1.76263591752466
65.4,robot2,robot4,1.9529912654899408
65.4,robot3,robot4,1.7677724393880567
65.45,robot1,robot2,2.389531207332989
65.45,robot1,robot3,1.54921058735425
65.45,robot1,robot4,3.263348589078594
65.45,robot2,robot3,1.7633535915970597
65.45,robot2,robot4,1.9550464962865974
65.45,robot3,robot4,1.7676582651293913
65.5,robot1,robot2,2.3876097125150078
65.5,robot1,robot3,1.5497123862191333
65.5,robot1,robot4,3.2633471162439953
65.5,robot2,robot3,1.7640770112512094
65.5,robot2,robot4,1.9571031785927893
65.5,robot3,robot4,1.7675448020214366
65.55,robot1,robot2,2.385880606029616
65.55,robot1,robot3,1.550358676963576
65.55,robot1,robot4,3.2633488034992517
65.55,robot2,robot3,1.7649895713721653
65.55,robot2,robot4,1.959310054801498
65.55,robot3,robot4,1.7672765202865819
65.60000000000001,robot1,robot2,2.38415319639175
65.60000000000001,robot1,robot3,1.5510055425233014
65.60000000000001,robot1,robot4,3.2633504907567006
65.60000000000001,robot2,robot3,1.7659084089683137
65.60000000000001,robot2,robot4,1.9615180408247594
65.60000000000001,robot3,robot4,1.7670089347108575
65.65,robot1,robot2,2.3826025932939907
65.65,robot1,robot3,1.5517777362955367
65.65,robot1,robot4,3.263346343399402
65.65,robot2,robot3,1.7669517165101738
65.65,robot2,robot4,1.9638549989473513
65.65,robot3,robot4,1.7665798956781573
65.7,robot1,robot2,2.3810539600693637
65.7,robot1,robot3,1.552550377596811
65.7,robot1,robot4,3.263342196053763
65.7,robot2,robot3,1.7680017512508295
65.7,robot2,robot4,1.966192782212619
65.7,robot3,robot4,1.7661514795217876
65.75,robot1,robot2,2.3796718392275222
65.75,robot1,robot3,1.5534388659314051
65.75,robot1,robot4,3.263344528680699
65.75,robot2,robot3,1.7691903061065108
65.75,robot2,robot4,1.9686972436101617
65.75,robot3,robot4,1.765583103624692
65.8,robot1,robot2,2.378292061570235
65.8,robot1,robot3,1.5543276851117978
65.8,robot1,robot4,3.2633468613238157
65.8,robot2,robot3,1.7703861637103357
65.8,robot2,robot4,1.9712023173565925
65.8,robot3,robot4,1.7650152886162205
65.85000000000001,robot1,robot2,2.3761813314745672
65.85000000000001,robot1,robot3,1.5553078239636358
65.85000000000001,robot1,robot4,3.2633447835938587
65.85000000000001,robot2,robot3,1.7718350292285256
65.85000000000001,robot2,robot4,1.9752348780548863
65.85000000000001,robot3,robot4,1.7643048172595488
65.9,robot1,robot2,2.374076712585547
65.9,robot1,robot3,1.5562881732009017
65.9,robot1,robot4,3.263342705869091
65.9,robot2,robot3,1.7732994499091235
65.9,robot2,robot4,1.979268803010344
65.9,robot3,robot4,1.763594788568508
65.95,robot1,robot2,2.3720115401820876
65.95,robot1,robot3,1.5586322690350183
65.95,robot1,robot4,3.263346701487983
65.95,robot2,robot3,1.7753667114278813
65.95,robot2,robot4,1.9833781160223836
65.95,robot3,robot4,1.7618115740252278
66.0,robot1,robot2,2.3699527587876092
66.0,robot1,robot3,1.5609771340605858
66.0,robot1,robot4,3.2633506971076525
66.0,robot2,robot3,1.7774588313626283
66.0,robot2,robot4,1.9874887184565353
66.0,robot3,robot4,1.760030344734147
66.05,robot1,robot2,2.367939270109825
66.05,robot1,robot3,1.5634423894146212
66.05,robot1,robot4,3.2633506809290354
66.05,robot2,robot3,1.779462420265247
66.05,robot2,robot4,1.9916342000829999
66.05,robot3,robot4,1.758073618825588
66.10000000000001,robot1,robot2,2.365932335727714
66.10000000000001,robot1,robot3,1.5659081901599474
66.10000000000001,robot1,robot4,3.2633506647556283
66.10000000000001,robot2,robot3,1.7814916209255662
66.10000000000001,robot2,robot4,1.9957808801321364
66.10000000000001,robot3,robot4,1.7561186532478374
66.15,robot1,robot2,2.3639939124833313
66.15,robot1,robot3,1.56843552254189
66.15,robot1,robot4,3.26335052922242
66.15,robot2,robot3,1.7833956110107765
66.15,robot2,robot4,1.9999317837047599
66.15,robot3,robot4,1.754033129141237
66.2,robot1,robot2,2.3620621118287723
66.2,robot1,robot3,1.570963181980087
66.2,robot1,robot4,3.2633503936932673
66.2,robot2,robot3,1.785325263685584
66.2,robot2,robot4,2.0040837768698694
66.2,robot3,robot4,1.7519490569491454
66.25,robot1,robot2,2.3601931043279594
66.25,robot1,robot3,1.573536861368125
66.25,robot1,robot4,3.2633487144986897
66.25,robot2,robot3,1.7871207894333834
66.25,robot2,robot4,2.008262430536034
66.25,robot3,robot4,1.7497390364927279
66.3,robot1,robot2,2.358330883862568
66.3,robot1,robot3,1.5761106907428806
66.3,robot1,robot4,3.263347035310986
66.3,robot2,robot3,1.7889421268520678
66.3,robot2,robot4,2.0124420808810872
66.3,robot3,robot4,1.7475301568296326
66.35000000000001,robot1,robot2,2.3565204318669717
66.35000000000001,robot1,robot3,1.5787200495084621
66.35000000000001,robot1,robot4,3.263345793157844
66.35000000000001,robot2,robot3,1.7906333291856547
66.35000000000001,robot2,robot4,2.016642897222139
66.35000000000001,robot3,robot4,1.745212703268286
66.4,robot1,robot2,2.3547168536811385
66.4,robot1,robot3,1.5813294592089278
66.4,robot1,robot4,3.2633445510220036
66.4,robot2,robot3,1.7923503564526662
66.4,robot2,robot4,2.020844623155625
66.4,robot3,robot4,1.7428961177824112
66.45,robot1,robot2,2.3529771582237045
66.45,robot1,robot3,1.58395368136461
66.45,robot1,robot4,3.2633433492824886
66.45,robot2,robot3,1.793962428745095
66.45,robot2,robot4,2.0250748088962665
66.45,robot3,robot4,1.7404931495740654
66.5,robot1,robot2,2.351244510011666
66.5,robot1,robot3,1.58657790774106
66.5,robot1,robot4,3.263342147545366
66.5,robot2,robot3,1.795600282062798
66.5,robot2,robot4,2.029305822805917
66.5,robot3,robot4,1.7380908306489626
66.55,robot1,robot2,2.3494645242525474
66.55,robot1,robot3,1.5890983749442638
66.55,robot1,robot4,3.263232079551192
66.55,robot2,robot3,1.7970627181070362
66.55,robot2,robot4,2.0335248419090557
66.55,robot3,robot4,1.7356045432195955
66.60000000000001,robot1,robot2,2.3476916842177125
66.60000000000001,robot1,robot3,1.5916188470390775
66.60000000000001,robot1,robot4,3.2631220123461517
66.60000000000001,robot2,robot3,1.7985504524102185
66.60000000000001,robot2,robot4,2.0377446008175326
66.60000000000001,robot3,robot4,1.7331186589463508
66.65,robot1,robot2,2.3463281023844997
66.65,robot1,robot3,1.5944062544205135
66.65,robot1,robot4,3.263334985744798
66.65,robot2,robot3,1.799929992417483
66.65,robot2,robot4,2.0419912931759168
66.65,robot3,robot4,1.7305777082010068
66.7,robot1,robot2,2.344971595917102
66.7,robot1,robot3,1.5971938246440223
66.7,robot1,robot4,3.2635479643715977
66.7,robot2,robot3,1.8013346520025089
66.7,robot2,robot4,2.04623867009203
66.7,robot3,robot4,1.7280370143561739
66.75,robot1,robot2,2.345537563632802
66.75,robot1,robot3,1.6017512254037767
66.75,robot1,robot4,3.265656755334254
66.75,robot2,robot3,1.8024829049119995
66.75,robot2,robot4,2.0504016714281255
66.75,robot3,robot4,1.7253648827889276
66.8,robot1,robot2,2.346108291176688
66.8,robot1,robot3,1.6063106111873258
66.8,robot1,robot4,3.267765747825416
66.8,robot2,robot3,1.8036560981409402
66.8,robot2,robot4,2.054565347257906
66.8,robot3,robot4,1.722692878899196
66.85000000000001,robot1,robot2,2.3466519268017247
66.85000000000001,robot1,robot3,1.6108787393038004
66.85000000000001,robot1,robot4,3.270645861952842
66.85000000000001,robot2,robot3,1.8048503160742306
66.85000000000001,robot2,robot4,2.0592124899292212
66.85000000000001,robot3,robot4,1.720795012498365
66.9,robot1,robot2,2.347200516795487
66.9,robot1,robot3,1.6154488833773106
66.9,robot1,robot4,3.273526276780133
66.9,robot2,robot3,1.8060699830100715
66.9,robot2,robot4,2.0638613348539185
66.9,robot3,robot4,1.7188972815281895
66.95,robot1,robot2,2.347704771530324
66.95,robot1,robot3,1.6180242017727207
66.95,robot1,robot4,3.2772133576861457
66.95,robot2,robot3,1.8075501856270824
66.95,robot2,robot4,2.069140722952224
66.95,robot3,robot4,1.7197791823319208
67.0,robot1,robot2,2.348214260052093
67.0,robot1,robot3,1.6206008368676106
67.0,robot1,robot4,3.2809007707225772
67.0,robot2,robot3,1.8090434547395484
67.0,robot2,robot4,2.0744231662127186
67.0,robot3,robot4,1.7206610844463242
67.05,robot1,robot2,2.348716189965329
67.05,robot1,robot3,1.6223094592701017
67.05,robot1,robot4,3.2845339363605683
67.05,robot2,robot3,1.8106377300567336
67.05,robot2,robot4,2.0798434547981013
67.05,robot3,robot4,1.7223102786462432
67.10000000000001,robot1,robot2,2.3492233848199704
67.10000000000001,robot1,robot3,1.6240191361141658
67.10000000000001,robot1,robot4,3.2881673054297296
67.10000000000001,robot2,robot3,1.8122408125687939
67.10000000000001,robot2,robot4,2.0852663255311077
67.10000000000001,robot3,robot4,1.7239595866661146
67.15,robot1,robot2,2.3497278475015997
67.15,robot1,robot3,1.625731302474136
67.15,robot1,robot4,3.2917306048206623
67.15,robot2,robot3,1.8137815399480308
67.15,robot2,robot4,2.090816851415375
67.15,robot3,robot4,1.7254698449353585
67.2,robot1,robot2,2.350237709956378
67.2,robot1,robot3,1.6274446799992925
67.2,robot1,robot4,3.2952940275376035
67.2,robot2,robot3,1.8153312395133292
67.2,robot2,robot4,2.0963695546434553
67.2,robot3,robot4,1.726980383366586
67.25,robot1,robot2,2.3507087527269834
67.25,robot1,robot3,1.6290998874502756
67.25,robot1,robot4,3.298728970901558
67.25,robot2,robot3,1.8168612735344574
67.25,robot2,robot4,2.102044707445824
67.25,robot3,robot4,1.7283700754428288
67.3,robot1,robot2,2.351185454363394
67.3,robot1,robot3,1.630756390298686
67.3,robot1,robot4,3.302163980184206
67.3,robot2,robot3,1.818400402411416
67.3,robot2,robot4,2.1077216651635955
67.3,robot3,robot4,1.729760244587093
67.35000000000001,robot1,robot2,2.3516605760012435
67.35000000000001,robot1,robot3,1.6323875488235784
67.35000000000001,robot1,robot4,3.3054769519238825
67.35000000000001,robot2,robot3,1.8199072837829544
67.35000000000001,robot2,robot4,2.113442913931792
67.35000000000001,robot3,robot4,1.7310107209096801
67.4,robot1,robot2,2.352141370850825
67.4,robot1,robot3,1.6340200649272947
67.4,robot1,robot4,3.3087899498859095
67.4,robot2,robot3,1.8214231531428937
67.4,robot2,robot4,2.1191655906176847
67.4,robot3,robot4,1.7322618947483084
67.45,robot1,robot2,2.353160507728755
67.45,robot1,robot3,1.6359866859545344
67.45,robot1,robot4,3.3123678676609125
67.45,robot2,robot3,1.822916873548339
67.45,robot2,robot4,2.1249162915621524
67.45,robot3,robot4,1.7333327798022513
67.5,robot1,robot2,2.3541853834846993
67.5,robot1,robot3,1.6379556167994906
67.5,robot1,robot4,3.31594585642287
67.5,robot2,robot3,1.8244196048678056
67.5,robot2,robot4,2.1306680774820372
67.5,robot3,robot4,1.7344045867031717
67.55,robot1,robot2,2.355358504337928
67.55,robot1,robot3,1.6400881738059847
67.55,robot1,robot4,3.3195898698386297
67.55,robot2,robot3,1.8260529270260077
67.55,robot2,robot4,2.1368787709358363
67.55,robot3,robot4,1.7352880593303524
67.60000000000001,robot1,robot2,2.3565391499105215
67.60000000000001,robot1,robot3,1.642223977540823
67.60000000000001,robot1,robot4,3.323234007672798
67.60000000000001,robot2,robot3,1.8276974608662675
67.60000000000001,robot2,robot4,2.1430904879584545
67.60000000000001,robot3,robot4,1.7361726689200592
67.65,robot1,robot2,2.3575887066195937
67.65,robot1,robot3,1.6442248276706264
67.65,robot1,robot4,3.3265796703217934
67.65,robot2,robot3,1.8292951016485148
67.65,robot2,robot4,2.149366949527233
67.65,robot3,robot4,1.7368475443565132
67.7,robot1,robot2,2.358646768550136
67.7,robot1,robot3,1.6462292937461658
67.7,robot1,robot4,3.329925461133627
67.7,robot2,robot3,1.8309047259374258
67.7,robot2,robot4,2.1556443000889547
67.7,robot3,robot4,1.7375237438176205
67.75,robot1,robot2,2.359612564051194
67.75,robot1,robot3,1.648076405518036
67.75,robot1,robot4,3.332914989961865
67.75,robot2,robot3,1.8324178052492561
67.75,robot2,robot4,2.1617657840925437
67.75,robot3,robot4,1.7379719319382723
67.8,robot1,robot2,2.3605873470551773
67.8,robot1,robot3,1.649927452530262
67.8,robot1,robot4,3.3359046714251295
67.8,robot2,robot3,1.8339428748578839
67.8,robot2,robot4,2.167887998030572
67.8,robot3,robot4,1.7384215140273085
67.85000000000001,robot1,robot2,2.36142952213802
67.85000000000001,robot1,robot3,1.65162128186337
67.85000000000001,robot1,robot4,3.3386559286665425
67.85000000000001,robot2,robot3,1.835403463677946
67.85000000000001,robot2,robot4,2.173948230835834
67.85000000000001,robot3,robot4,1.7387793082689504
67.9,robot1,robot2,2.3622813398774074
67.9,robot1,robot3,1.653319270961601
67.9,robot1,robot4,3.341407386574855
67.9,robot2,robot3,1.8368763291201724
67.9,robot2,robot4,2.1800092214502214
67.9,robot3,robot4,1.739138467840327
67.95,robot1,robot2,2.363059997223145
67.95,robot1,robot3,1.6548878358857133
67.95,robot1,robot4,3.3444323612224545
67.95,robot2,robot3,1.8382227942295923
67.95,robot2,robot4,2.186669389745567
67.95,robot3,robot4,1.7397767416167225
68.0,robot1,robot2,2.3638486049093754
68.0,robot1,robot3,1.6564609374703043
68.0,robot1,robot4,3.3474573761266924
68.0,robot2,robot3,1.8395814439010305
68.0,robot2,robot4,2.1933302446838687
68.0,robot3,robot4,1.740417777575258
68.05,robot1,robot2,2.364494619577934
68.05,robot1,robot3,1.6578488407147527
68.05,robot1,robot4,3.3505925498230904
68.05,robot2,robot3,1.8408596708028153
68.05,robot2,robot4,2.2002879882753987
68.05,robot3,robot4,1.7413121348248424
68.10000000000001,robot1,robot2,2.3651511989722773
68.10000000000001,robot1,robot3,1.6592414993375744
68.10000000000001,robot1,robot4,3.3537277484299475
68.10000000000001,robot2,robot3,1.8421501991542386
68.10000000000001,robot2,robot4,2.2072465978292977
68.10000000000001,robot3,robot4,1.7422098465836433
68.15,robot1,robot2,2.3656701463442658
68.15,robot1,robot3,1.6604713499693395
68.15,robot1,robot4,3.3568831289205248
68.15,robot2,robot3,1.8433501210959626
68.15,robot2,robot4,2.214215522773755
68.15,robot3,robot4,1.743298823431098
68.2,robot1,robot2,2.366200271350251
68.2,robot1,robot3,1.6617062227602086
68.2,robot1,robot4,3.360038589721255
68.2,robot2,robot3,1.8445625503392395
68.2,robot2,robot4,2.2211857318418917
68.2,robot3,robot4,1.744390899552047
68.25,robot1,robot2,2.3666137812669183
68.25,robot1,robot3,1.6627879948587103
68.25,robot1,robot4,3.363206122222997
68.25,robot2,robot3,1.8456737414373239
68.25,robot2,robot4,2.2281048389017175
68.25,robot3,robot4,1.745660988002109
68.3,robot1,robot2,2.367038819779684
68.3,robot1,robot3,1.66387500000601
68.3,robot1,robot4,3.3663738159380046
68.3,robot2,robot3,1.846797379712512
68.3,robot2,robot4,2.235025670534681
68.3,robot3,robot4,1.7469339035836473
68.35000000000001,robot1,robot2,2.3674096759798986
68.35000000000001,robot1,robot3,1.6648276627558933
68.35000000000001,robot1,robot4,3.36957611465018
68.35000000000001,robot2,robot3,1.8478287509026643
68.35000000000001,robot2,robot4,2.241920753607552
68.35000000000001,robot3,robot4,1.748374575364573
68.4,robot1,robot2,2.3677927079812116
68.4,robot1,robot3,1.6657860768165882
68.4,robot1,robot4,3.372778725241992
68.4,robot2,robot3,1.8488726613493423
68.4,robot2,robot4,2.2488180629032666
68.4,robot3,robot4,1.7498178217931717
68.45,robot1,robot2,2.369602754486287
68.45,robot1,robot3,1.6673193883834163
68.45,robot1,robot4,3.376925096928047
68.45,robot2,robot3,1.8498409917169232
68.45,robot2,robot4,2.255745074940096
68.45,robot3,robot4,1.7514179903450375
68.5,robot1,robot2,2.371427623075391
68.5,robot1,robot3,1.6688656174542633
68.5,robot1,robot4,3.3810734851648814
68.5,robot2,robot3,1.850822466621799
68.5,robot2,robot4,2.2626750044073938
68.5,robot3,robot4,1.7530204254697088
68.55,robot1,robot2,2.373197067564765
68.55,robot1,robot3,1.670635247712154
68.55,robot1,robot4,3.385513531947295
68.55,robot2,robot3,1.8515244950800003
68.55,robot2,robot4,2.269452949466291
68.55,robot3,robot4,1.7547091823057175
68.60000000000001,robot1,robot2,2.37497999218204
68.60000000000001,robot1,robot3,1.6724181669391187
68.60000000000001,robot1,robot4,3.389955818272859
68.60000000000001,robot2,robot3,1.8522400561074692
68.60000000000001,robot2,robot4,2.2762347167735157
68.60000000000001,robot3,robot4,1.7563999868942157
68.65,robot1,robot2,2.376575022893345
68.65,robot1,robot3,1.6743209898279663
68.65,robot1,robot4,3.3945711313470075
68.65,robot2,robot3,1.8527052763494252
68.65,robot2,robot4,2.282806130660246
68.65,robot3,robot4,1.7581935992549287
68.7,robot1,robot2,2.3781821307647992
68.7,robot1,robot3,1.6762366067503718
68.7,robot1,robot4,3.3991888044355525
68.7,robot2,robot3,1.8531841807270535
68.7,robot2,robot4,2.2893823870566052
68.7,robot3,robot4,1.7599889177179497
68.75,robot1,robot2,2.379668126487862
68.75,robot1,robot3,1.6782978374684423
68.75,robot1,robot4,3.4038263974918728
68.75,robot2,robot3,1.8534828079360488
68.75,robot2,robot4,2.295473545938234
68.75,robot3,robot4,1.7617471606593411
68.8,robot1,robot2,2.381165096529008
68.8,robot1,robot3,1.6803714617384455
68.8,robot1,robot4,3.4084670182605556
68.8,robot2,robot3,1.8537953687915503
68.8,robot2,robot4,2.3015708049821106
68.8,robot3,robot4,1.7635062968657074
68.85000000000001,robot1,robot2,2.382555934829338
68.85000000000001,robot1,robot3,1.6825278561493422
68.85000000000001,robot1,robot4,3.413345591806264
68.85000000000001,robot2,robot3,1.8539407754545452
68.85000000000001,robot2,robot4,2.307381197383574
68.85000000000001,robot3,robot4,1.7654947915548351
68.9,robot1,robot2,2.383956424056866
68.9,robot1,robot3,1.6846959483921722
68.9,robot1,robot4,3.418227613764332
68.9,robot2,robot3,1.8540996787187576
68.9,robot2,robot4,2.3131991786668524
68.9,robot3,robot4,1.767483775068388
68.95,robot1,robot2,2.3852210173920994
68.95,robot1,robot3,1.6869801899561536
68.95,robot1,robot4,3.423291353339721
68.95,robot2,robot3,1.8540450367298256
68.95,robot2,robot4,2.3187159813294294
68.95,robot3,robot4,1.7695991181465367
69.0,robot1,robot2,2.3864940972703033
69.0,robot1,robot3,1.689275667991758
69.0,robot1,robot4,3.428358971840755
69.0,robot2,robot3,1.8540038499703821
69.0,robot2,robot4,2.324241946490296
69.0,robot3,robot4,1.7717146875865766
69.05,robot1,robot2,2.387639745187127
69.05,robot1,robot3,1.6916992484200613
69.05,robot1,robot4,3.433563249573867
69.05,robot2,robot3,1.8537659346501245
69.05,robot2,robot4,2.32944757929965
69.05,robot3,robot4,1.7738983725276511
69.10000000000001,robot1,robot2,2.3887929014179954
69.10000000000001,robot1,robot3,1.694133672912797
69.10000000000001,robot1,robot4,3.438771916902895
69.10000000000001,robot2,robot3,1.8535415963662643
69.10000000000001,robot2,robot4,2.3346639839225274
69.10000000000001,robot3,robot4,1.7760821130322217
69.15,robot1,robot2,2.390634412436634
69.15,robot1,robot3,1.697095922252187
69.15,robot1,robot4,3.444562670897789
69.15,robot2,robot3,1.8530911868640598
69.15,robot2,robot4,2.3394696543369085
69.15,robot3,robot4,1.778285303547353
69.2,robot1,robot2,2.3924827566392195
69.2,robot1,robot3,1.7000723790418453
69.2,robot1,robot4,3.4503599701842704
69.2,robot2,robot3,1.8526541575148343
69.2,robot2,robot4,2.344287568793982
69.2,robot3,robot4,1.7804884940636376
69.25,robot1,robot2,2.3945807205870615
69.25,robot1,robot3,1.703428059718182
69.25,robot1,robot4,3.456562079495499
69.25,robot2,robot3,1.8519550321993512
69.25,robot2,robot4,2.3490236077098077
69.25,robot3,robot4,1.782676698585725
69.3,robot1,robot2,2.3966865247847915
69.3,robot1,robot3,1.706802066744706
69.3,robot1,robot4,3.462773557903693
69.3,robot2,robot3,1.8512719422108141
69.3,robot2,robot4,2.353775161478683
69.3,robot3,robot4,1.784864962353455
69.35000000000001,robot1,robot2,2.398458711886657
69.35000000000001,robot1,robot3,1.710136086243578
69.35000000000001,robot1,robot4,3.4688160030878703
69.35000000000001,robot2,robot3,1.8503849317162362
69.35000000000001,robot2,robot4,2.3582354370457805
69.35000000000001,robot3,robot4,1.7869750720751536
69.4,robot1,robot2,2.4002386481358475
69.4,robot1,robot3,1.713487981586682
69.4,robot1,robot4,3.4748686138409615
69.4,robot2,robot3,1.849515017960384
69.4,robot2,robot4,2.3627132149916124
69.4,robot3,robot4,1.7890854057380827
69.45,robot1,robot2,2.401906912865068
69.45,robot1,robot3,1.7168212313552045
69.45,robot1,robot4,3.4807498296178228
69.45,robot2,robot3,1.8484485757404778
69.45,robot2,robot4,2.366740569275074
69.45,robot3,robot4,1.7910805459377028
69.5,robot1,robot2,2.4035823846069846
69.5,robot1,robot3,1.7201723009193002
69.5,robot1,robot4,3.48664211615603
69.5,robot2,robot3,1.8473989742784314
69.5,robot2,robot4,2.370786407427291
69.5,robot3,robot4,1.793076147691726
69.55,robot1,robot2,2.4051638376081574
69.55,robot1,robot3,1.7235110226569483
69.55,robot1,robot4,3.4932775831051917
69.55,robot2,robot3,1.8461587291958403
69.55,robot2,robot4,2.3747579137441037
69.55,robot3,robot4,1.7959054100612453
69.60000000000001,robot1,robot2,2.406752012427745
69.60000000000001,robot1,robot3,1.7268676022237497
69.60000000000001,robot1,robot4,3.4999267188654124
69.60000000000001,robot2,robot3,1.8449350939783757
69.60000000000001,robot2,robot4,2.3787545770720033
69.60000000000001,robot3,robot4,1.7987359157836382
69.65,robot1,robot2,2.4082346097702465
69.65,robot1,robot3,1.7302001967460303
69.65,robot1,robot4,3.5072113358522476
69.65,robot2,robot3,1.8435222230049872
69.65,robot2,robot4,2.382729531654034
69.65,robot3,robot4,1.802283131233409
69.7,robot1,robot2,2.4097233333916153
69.7,robot1,robot3,1.7335504332282923
69.7,robot1,robot4,3.514511440279858
69.7,robot2,robot3,1.8421255314625005
69.7,robot2,robot4,2.3867355780098474
69.7,robot3,robot4,1.8058323317096743
69.75,robot1,robot2,2.4111057724664424
69.75,robot1,robot3,1.736879276432087
69.75,robot1,robot4,3.5217419027948726
69.75,robot2,robot3,1.8405429879805169
69.75,robot2,robot4,2.390563097288848
69.75,robot3,robot4,1.8093350156144385
69.8,robot1,robot2,2.4124939231923466
69.8,robot1,robot3,1.7402257505981804
69.8,robot1,robot4,3.5289878495734444
69.8,robot2,robot3,1.8389764460821678
69.8,robot2,robot4,2.394422093870043
69.8,robot3,robot4,1.8128396948307373
69.85000000000001,robot1,robot2,2.414561383396372
69.85000000000001,robot1,robot3,1.743968063097559
69.85000000000001,robot1,robot4,3.536669122791847
69.85000000000001,robot2,robot3,1.8372291875801041
69.85000000000001,robot2,robot4,2.3980652470075228
69.85000000000001,robot3,robot4,1.8163177158682897
69.9,robot1,robot2,2.416634386097326
69.9,robot1,robot3,1.747732264907872
69.9,robot1,robot4,3.544368573702515
69.9,robot2,robot3,1.83549754228438
69.9,robot2,robot4,2.4017403414644973
69.9,robot3,robot4,1.8197978153767522
69.95,robot1,robot2,2.41960632436317
69.95,robot1,robot3,1.751910783256385
69.95,robot1,robot4,3.552528550496181
69.95,robot2,robot3,1.833672518361785
69.95,robot2,robot4,2.4051286767402384
69.95,robot3,robot4,1.8232580964840113
70.0,robot1,robot2,2.422583353410363
70.0,robot1,robot3,1.7561158019675127
70.0,robot1,robot4,3.5607093947431316
70.0,robot2,robot3,1.831861531405963
70.0,robot2,robot4,2.4085478256951847
70.0,robot3,robot4,1.8267204682063427
70.05,robot1,robot2,2.425085913670276
70.05,robot1,robot3,1.7603184651159005
70.05,robot1,robot4,3.568844873859783
70.05,robot2,robot3,1.8296766041270789
70.05,robot2,robot4,2.4118300021780663
70.05,robot3,robot4,1.8301609767152316
70.10000000000001,robot1,robot2,2.427593004931634
70.10000000000001,robot1,robot3,1.7645466320072143
70.10000000000001,robot1,robot4,3.5770007641130044
70.10000000000001,robot2,robot3,1.8275068321735484
70.10000000000001,robot2,robot4,2.415145814132556
70.10000000000001,robot3,robot4,1.8336036472806776
70.15,robot1,robot2,2.4294594656816666
70.15,robot1,robot3,1.7687867997747073
70.15,robot1,robot4,3.585299467013356
70.15,robot2,robot3,1.8252255426189112
70.15,robot2,robot4,2.4190165023960675
70.15,robot3,robot4,1.8371937317019675
70.2,robot1,robot2,2.431331761352202
70.2,robot1,robot3,1.7730522061882439
70.2,robot1,robot4,3.593618902134727
70.2,robot2,robot3,1.822964306875206
70.2,robot2,robot4,2.4229265364389403
70.2,robot3,robot4,1.8407861666247387
70.25,robot1,robot2,2.4331394586543946
70.25,robot1,robot3,1.7777218597745401
70.25,robot1,robot4,3.602184244901036
70.25,robot2,robot3,1.8206979901749905
70.25,robot2,robot4,2.4269642024229054
70.25,robot3,robot4,1.8442451839714804
70.3,robot1,robot2,2.434952575075745
70.3,robot1,robot3,1.7824157595914594
70.3,robot1,robot4,3.6107697344911096
70.3,robot2,robot3,1.8184541656791904
70.3,robot2,robot4,2.431042347271022
70.3,robot3,robot4,1.8477066967852338
70.35000000000001,robot1,robot2,2.436715078548834
70.35000000000001,robot1,robot3,1.787265455820148
70.35000000000001,robot1,robot4,3.619509278637818
70.35000000000001,robot2,robot3,1.8161733249310896
70.35000000000001,robot2,robot4,2.4353400764544166
70.35000000000001,robot3,robot4,1.8511573786702338
70.4,robot1,robot2,2.4384826273822418
70.4,robot1,robot3,1.7921386165874558
70.4,robot1,robot4,3.628267359951579
70.4,robot2,robot3,1.8139157549282712
70.4,robot2,robot4,2.439677421858267
70.4,robot3,robot4,1.854610048264055
70.45,robot1,robot2,2.440217220213653
70.45,robot1,robot3,1.7970438205297055
70.45,robot1,robot4,3.637169958556515
70.45,robot2,robot3,1.811550633304311
70.45,robot2,robot4,2.444211238708359
70.45,robot3,robot4,1.858152000254554
70.5,robot1,robot2,2.441956510331828
70.5,robot1,robot3,1.8019722590028961
70.5,robot1,robot4,3.6460896792725768
70.5,robot2,robot3,1.8092086690417997
70.5,robot2,robot4,2.448783770033198
70.5,robot3,robot4,1.8616953661160573
70.55,robot1,robot2,2.4436863538689346
70.55,robot1,robot3,1.8069455186084746
70.55,robot1,robot4,3.6551635330729386
70.55,robot2,robot3,1.8067545600078059
70.55,robot2,robot4,2.453542154156822
70.55,robot3,robot4,1.8653244934124733
70.60000000000001,robot1,robot2,2.44542057476848
70.60000000000001,robot1,robot3,1.811941965439568
70.60000000000001,robot1,robot4,3.6642532872061424
70.60000000000001,robot2,robot3,1.8043235137424767
70.60000000000001,robot2,robot4,2.458338391038143
70.60000000000001,robot3,robot4,1.8689545714200768
70.65,robot1,robot2,2.447092884911605
70.65,robot1,robot3,1.8169525299333642
70.65,robot1,robot4,3.6734298452076786
70.65,robot2,robot3,1.8017953366132482
70.65,robot2,robot4,2.4633057368772766
70.65,robot3,robot4,1.8726409555508103
70.7,robot1,robot2,2.4487692405673918
70.7,robot1,robot3,1.8219858041093513
70.7,robot1,robot4,3.6826209003237085
70.7,robot2,robot3,1.7992901125013165
70.7,robot2,robot4,2.4683097970299435
70.7,robot3,robot4,1.8763279223358054
70.75,robot1,robot2,2.44986613773207
70.75,robot1,robot3,1.8267276812648483
70.75,robot1,robot4,3.6915459352193154
70.75,robot2,robot3,1.7966655744045692
70.75,robot2,robot4,2.4734742835656287
70.75,robot3,robot4,1.8800591980639867
70.8,robot1,robot2,2.4509665979617106
70.8,robot1,robot3,1.8314890896385378
70.8,robot1,robot4,3.7004827044530293
70.8,robot2,robot3,1.7940638919127154
70.8,robot2,robot4,2.4786743147174457
70.8,robot3,robot4,1.8837907652382737
70.85000000000001,robot1,robot2,2.451801963320957
70.85000000000001,robot1,robot3,1.8361204766360657
70.85000000000001,robot1,robot4,3.709296918627607
70.85000000000001,robot2,robot3,1.7913800641799182
70.85000000000001,robot2,robot4,2.484023846362642
70.85000000000001,robot3,robot4,1.8875273734928992
70.9,robot1,robot2,2.45264054756705
70.9,robot1,robot3,1.8407698625444733
70.9,robot1,robot4,3.718121031795092
70.9,robot2,robot3,1.7887188622391166
70.9,robot2,robot4,2.4894071794523693
70.9,robot3,robot4,1.8912640772597042
70.95,robot1,robot2,2.4530609553066554
70.95,robot1,robot3,1.8454246277229798
70.95,robot1,robot4,3.7269881849181177
70.95,robot2,robot3,1.7859526945993
70.95,robot2,robot4,2.495284176526644
70.95,robot3,robot4,1.8950236120336998
71.0,robot1,robot2,2.4534850603193
71.0,robot1,robot3,1.8500971246639997
71.0,robot1,robot4,3.7358642460681035
71.0,robot2,robot3,1.783212605828032
71.0,robot2,robot4,2.501196062514892
71.0,robot3,robot4,1.8987831585781458
71.05,robot1,robot2,2.4539348417716798
71.05,robot1,robot3,1.8547777016950033
71.05,robot1,robot4,3.7451066433091396
71.05,robot2,robot3,1.7806259384435574
71.05,robot2,robot4,2.5077256995814454
71.05,robot3,robot4,1.9028879474867275
71.10000000000001,robot1,robot2,2.4543887078508977
71.10000000000001,robot1,robot3,1.8594757645492463
71.10000000000001,robot1,robot4,3.754357083482207
71.10000000000001,robot2,robot3,1.7780661816456658
71.10000000000001,robot2,robot4,2.5142897297258746
71.10000000000001,robot3,robot4,1.9069927453540578
71.15,robot1,robot2,2.454927338517018
71.15,robot1,robot3,1.8646507392326859
71.15,robot1,robot4,3.765320543234667
71.15,robot2,robot3,1.7758619487016012
71.15,robot2,robot4,2.5222553097993976
71.15,robot3,robot4,1.9123711727721695
71.2,robot1,robot2,2.455470428384956
71.2,robot1,robot3,1.8698421790541573
71.2,robot1,robot4,3.776292222093121
71.2,robot2,robot3,1.7736887355421187
71.2,robot2,robot4,2.530263057513586
71.2,robot3,robot4,1.9177496008303587
71.25,robot1,robot2,2.456038464999785
71.25,robot1,robot3,1.8750811259112228
71.25,robot1,robot4,3.787191332168207
71.25,robot2,robot3,1.7718461454158485
71.25,robot2,robot4,2.538416536473969
71.25,robot3,robot4,1.9230399943330612
71.3,robot1,robot2,2.456611319795014
71.3,robot1,robot3,1.880335210092073
71.3,robot1,robot4,3.7980983495708744
71.3,robot2,robot3,1.770035512804475
71.3,robot2,robot4,2.5466102916261057
71.3,robot3,robot4,1.928330402453117
71.35000000000001,robot1,robot2,2.457247863454001
71.35000000000001,robot1,robot3,1.8855347927031878
71.35000000000001,robot1,robot4,3.808987877201109
71.35000000000001,robot2,robot3,1.7685299790043139
71.35000000000001,robot2,robot4,2.554926943166919
71.35000000000001,robot3,robot4,1.9336871118418442
71.4,robot1,robot2,2.4578896107360073
71.4,robot1,robot3,1.8907485011108698
71.4,robot1,robot4,3.819885285540523
71.4,robot2,robot3,1.7670562633173283
71.4,robot2,robot4,2.5632825793355285
71.4,robot3,robot4,1.9390438781481971
71.45,robot1,robot2,2.4586246912638474
71.45,robot1,robot3,1.8959135833688465
71.45,robot1,robot4,3.830816861156182
71.45,robot2,robot3,1.7658705723971533
71.45,robot2,robot4,2.5717992769781337
71.45,robot3,robot4,1.9445053751764227
71.5,robot1,robot2,2.459365378814827
71.5,robot1,robot3,1.9010920265755153
71.5,robot1,robot4,3.8417562782369474
71.5,robot2,robot3,1.7647164218661306
71.5,robot2,robot4,2.580353689453444
71.5,robot3,robot4,1.9499669767255035
71.55,robot1,robot2,2.4601405231933398
71.55,robot1,robot3,1.9061706962574205
71.55,robot1,robot4,3.8526651425090788
71.55,robot2,robot3,1.7638423853038856
71.55,robot2,robot4,2.5890381878992246
71.55,robot3,robot4,1.9555219173949445
71.60000000000001,robot1,robot2,2.460921660242967
71.60000000000001,robot1,robot3,1.9112617720754541
71.60000000000001,robot1,robot4,3.8635817156287793
71.60000000000001,robot2,robot3,1.7629994399914029
71.60000000000001,robot2,robot4,2.5977591023899835
71.60000000000001,robot3,robot4,1.961077028271966
71.65,robot1,robot2,2.460728130934013
71.65,robot1,robot3,1.9155993684103814
71.65,robot1,robot4,3.8738094778989858
71.65,robot2,robot3,1.7624136573532472
71.65,robot2,robot4,2.6066283181631413
71.65,robot3,robot4,1.966768652239061
71.7,robot1,robot2,2.460540618140859
71.7,robot1,robot3,1.9199449610715411
71.7,robot1,robot4,3.8840428331867045
71.7,robot2,robot3,1.7618582615763958
71.7,robot2,robot4,2.615532715683365
71.7,robot3,robot4,1.9724605047059878
71.75,robot1,robot2,2.459169464449431
71.75,robot1,robot3,1.923544036322668
71.75,robot1,robot4,3.893611576531004
71.75,robot2,robot3,1.7615096610220449
71.75,robot2,robot4,2.624808713982459
71.75,robot3,robot4,1.9782957648145663
71.8,robot1,robot2,2.457805008392855
71.8,robot1,robot3,1.9271479385812602
71.8,robot1,robot4,3.9031842453240664
71.8,robot2,robot3,1.7611932928878078
71.8,robot2,robot4,2.6341202911972337
71.8,robot3,robot4,1.9841312973057
71.85000000000001,robot1,robot2,2.456388158749803
71.85000000000001,robot1,robot3,1.9305823674692701
71.85000000000001,robot1,robot4,3.912755063663487
71.85000000000001,robot2,robot3,1.7610213312146448
71.85000000000001,robot2,robot4,2.643749525693103
71.85000000000001,robot3,robot4,1.9901278425253244
71.9,robot1,robot2,2.454979013246753
71.9,robot1,robot3,1.934021744319593
71.9,robot1,robot4,3.922329769714041
71.9,robot2,robot3,1.7608821397711434
71.9,robot2,robot4,2.653413672910615
71.9,robot3,robot4,1.996124608886429
71.95,robot1,robot2,2.4537063343786687
71.95,robot1,robot3,1.9378227642229053
71.95,robot1,robot4,3.9325514996077615
71.95,robot2,robot3,1.7625878398135228
71.95,robot2,robot4,2.6637848114977776
71.95,robot3,robot4,2.0026039988672877
72.0,robot1,robot2,2.452442136477434
72.0,robot1,robot3,1.9416250149967167
72.0,robot1,robot4,3.942777109149844
72.0,robot2,robot3,1.764327971079357
72.0,robot2,robot4,2.6741919099006344
72.0,robot3,robot4,2.009085828685525
72.05,robot1,robot2,2.45133014172046
72.05,robot1,robot3,1.9454276899255984
72.05,robot1,robot4,3.9532424930805856
72.05,robot2,robot3,1.7666464612622694
72.05,robot2,robot4,2.684873627252547
72.05,robot3,robot4,2.0158566131915863
72.10000000000001,robot1,robot2,2.4502274427483255
72.10000000000001,robot1,robot3,1.9492311601680299
72.10000000000001,robot1,robot4,3.963712109610891
72.10000000000001,robot2,robot3,1.7689989511226405
72.10000000000001,robot2,robot4,2.6955913935982614
72.10000000000001,robot3,robot4,2.0226309536190747
72.15,robot1,robot2,2.4493069719616605
72.15,robot1,robot3,1.9529210178893568
72.15,robot1,robot4,3.9741825837857854
72.15,robot2,robot3,1.7716305693326702
72.15,robot2,robot4,2.7064000462009044
72.15,robot3,robot4,2.029529638361868
72.2,robot1,robot2,2.4483966174370115
72.2,robot1,robot3,1.9566116653342327
72.2,robot1,robot4,3.9846575896973886
72.2,robot2,robot3,1.774294813488728
72.2,robot2,robot4,2.7172433973518086
72.2,robot3,robot4,2.0364322319078036
72.25,robot1,robot2,2.447619856582513
72.25,robot1,robot3,1.960181755922904
72.25,robot1,robot4,3.995113812072066
72.25,robot2,robot3,1.7772444189328602
72.25,robot2,robot4,2.7281835290027683
72.25,robot3,robot4,2.0434503502189623
72.3,robot1,robot2,2.4468540360399516
72.3,robot1,robot3,1.963752574779725
72.3,robot1,robot4,4.005574799110984
72.3,robot2,robot3,1.7802254533302797
72.3,robot2,robot4,2.739157126397097
72.3,robot3,robot4,2.0504727743398594
72.35000000000001,robot1,robot2,2.446276497386436
72.35000000000001,robot1,robot3,1.9672212542394036
72.35000000000001,robot1,robot4,4.016010874581425
72.35000000000001,robot2,robot3,1.7834873663673654
72.35000000000001,robot2,robot4,2.7501788322669145
72.35000000000001,robot3,robot4,2.057585010317922
72.4,robot1,robot2,2.44571071986938
72.4,robot1,robot3,1.9706906420524255
72.4,robot1,robot4,4.026452044228019
72.4,robot2,robot3,1.7867793025231178
72.4,robot2,robot4,2.761232657752693
72.4,robot3,robot4,2.0647019973790406
72.45,robot1,robot2,2.4451417469717884
72.45,robot1,robot3,1.973936982327957
72.45,robot1,robot4,4.036764664862846
72.45,robot2,robot3,1.7903306250185327
72.45,robot2,robot4,2.7723644574663155
72.45,robot3,robot4,2.0719326493658645
72.5,robot1,robot2,2.444585281154454
72.5,robot1,robot3,1.9771838611876738
72.5,robot1,robot4,4.047082337917651
72.5,robot2,robot3,1.7939105621674676
72.5,robot2,robot4,2.7835270579166282
72.5,robot3,robot4,2.0791683807161943
72.55,robot1,robot2,2.442587441277026
72.55,robot1,robot3,1.9793759790461736
72.55,robot1,robot4,4.056379425448758
72.55,robot2,robot3,1.7976769553746996
72.55,robot2,robot4,2.794822582930131
72.55,robot3,robot4,2.0865254153968507
72.60000000000001,robot1,robot2,2.440602641756334
72.60000000000001,robot1,robot3,1.9815681024665799
72.60000000000001,robot1,robot4,4.065679686085098
72.60000000000001,robot2,robot3,1.8014716164638855
72.60000000000001,robot2,robot4,2.8061486050637123
72.60000000000001,robot3,robot4,2.0938878719229472
72.65,robot1,robot2,2.4378199215326073
72.65,robot1,robot3,1.983661718150615
72.65,robot1,robot4,4.074929822661736
72.65,robot2,robot3,1.8054975457331706
72.65,robot2,robot4,2.818133696519074
72.65,robot3,robot4,2.1013409699511536
72.7,robot1,robot2,2.4350533652667656
72.7,robot1,robot3,1.9857553834473165
72.7,robot1,robot4,4.0841833940841825
72.7,robot2,robot3,1.809558799069265
72.7,robot2,robot4,2.8301537975343316
72.7,robot3,robot4,2.1088006024062587
72.75,robot1,robot2,2.4321701575881773
72.75,robot1,robot3,1.9878954118364724
72.75,robot1,robot4,4.094145904321742
72.75,robot2,robot3,1.8126716555772033
72.75,robot2,robot4,2.842427425018447
72.75,robot3,robot4,2.116837021279626
72.8,robot1,robot2,2.429302112948696
72.8,robot1,robot3,1.9900355359530641
72.8,robot1,robot4,4.104112343762655
72.8,robot2,robot3,1.81582079417133
72.8,robot2,robot4,2.8547410557740607
72.8,robot3,robot4,2.124878225965196
72.85000000000001,robot1,robot2,2.426247298217609
72.85000000000001,robot1,robot3,1.992301491735124
72.85000000000001,robot1,robot4,4.114967931768911
72.85000000000001,robot2,robot3,1.8178573182995554
72.85000000000001,robot2,robot4,2.867556229291984
72.85000000000001,robot3,robot4,2.1335635859989046
72.9,robot1,robot2,2.423206815441472
72.9,robot1,robot3,1.994568364089835
72.9,robot1,robot4,4.1258277880736856
72.9,robot2,robot3,1.8199329384243805
72.9,robot2,robot4,2.880417349309124
72.9,robot3,robot4,2.1422516683725563
72.95,robot1,robot2,2.4200242342691527
72.95,robot1,robot3,1.9969246483320924
72.95,robot1,robot4,4.136653621135476
72.95,robot2,robot3,1.8218405904500121
72.95,robot2,robot4,2.8931551870810956
72.95,robot3,robot4,2.1508178480979043
73.0,robot1,robot2,2.416855233247122
73.0,robot1,robot3,1.999281826471946
73.0,robot1,robot4,4.147483636848976
73.0,robot2,robot3,1.8237880546732945
73.0,robot2,robot4,2.905939021524712
73.0,robot3,robot4,2.1593867256499006
73.05,robot1,robot2,2.41358195850778
73.05,robot1,robot3,2.001750879152174
73.05,robot1,robot4,4.158315507885435
73.05,robot2,robot3,1.8255057261195458
73.05,robot2,robot4,2.9185912351648784
73.05,robot3,robot4,2.167837532289724
73.10000000000001,robot1,robot2,2.4103214770907626
73.10000000000001,robot1,robot3,2.0042209153775943
73.10000000000001,robot1,robot4,4.1691515430984305
73.10000000000001,robot2,robot3,1.8272639631060428
73.10000000000001,robot2,robot4,2.931289608869281
73.10000000000001,robot3,robot4,2.176290908411146
73.15,robot1,robot2,2.4068865727089213
73.15,robot1,robot3,2.006771850584416
73.15,robot1,robot4,4.179968451018084
73.15,robot2,robot3,1.8288295817425144
73.15,robot2,robot4,2.9438799619036797
73.15,robot3,robot4,2.1846451186800353
73.2,robot1,robot2,2.4034637037802336
73.2,robot1,robot3,2.009323744105215
73.2,robot1,robot4,4.190789420622563
73.2,robot2,robot3,1.8304366479569842
73.2,robot2,robot4,2.9565168150046093
73.2,robot3,robot4,2.1930018542392977
73.25,robot1,robot2,2.399906749782427
73.25,robot1,robot3,2.0119749461007834
73.25,robot1,robot4,4.201637453920198
73.25,robot2,robot3,1.831863021972986
73.25,robot2,robot4,2.9690575340781544
73.25,robot3,robot4,2.2012870349402984
73.3,robot1,robot2,2.396361103719137
73.3,robot1,robot3,2.0146271078772866
73.3,robot1,robot4,4.2124895190585345
73.3,robot2,robot3,1.8333316629851786
73.3,robot2,robot4,2.9816452248045877
73.3,robot3,robot4,2.2095747333602453
73.35000000000001,robot1,robot2,2.391378892657957
73.35000000000001,robot1,robot3,2.016537219384879
73.35000000000001,robot1,robot4,4.222406894478109
73.35000000000001,robot2,robot3,1.8345523715589318
73.35000000000001,robot2,robot4,2.994090058680811
73.35000000000001,robot3,robot4,2.217736681142569
73.4,robot1,robot2,2.3864069781129116
73.4,robot1,robot3,2.0184474252702245
73.4,robot1,robot4,4.232326599397193
73.4,robot2,robot3,1.835816061788871
73.4,robot2,robot4,3.0065818710264653
73.4,robot3,robot4,2.2259009619614702
73.45,robot1,robot2,2.3813089306854955
73.45,robot1,robot3,2.0201333929444485
73.45,robot1,robot4,4.24191201438788
73.45,robot2,robot3,1.8369247199341756
73.45,robot2,robot4,3.0185936208973625
73.45,robot3,robot4,2.233979402118561
73.5,robot1,robot2,2.376219419957677
73.5,robot1,robot3,2.021819365858632
73.5,robot1,robot4,4.251499254553151
73.5,robot2,robot3,1.8380719174191742
73.5,robot2,robot4,3.030649431000887
73.5,robot3,robot4,2.242060085202223
73.55,robot1,robot2,2.3718475262150602
73.55,robot1,robot3,2.0235381219775057
73.55,robot1,robot4,4.260896920296536
73.55,robot2,robot3,1.8391903962266252
73.55,robot2,robot4,3.0420919365109595
73.55,robot3,robot4,2.249889671625089
73.60000000000001,robot1,robot2,2.3674829475546373
73.60000000000001,robot1,robot3,2.0252569178807915
73.60000000000001,robot1,robot4,4.2702963452074405
73.60000000000001,robot2,robot3,1.8403410350394303
73.60000000000001,robot2,robot4,3.0535721103903897
73.60000000000001,robot3,robot4,2.257721091051773
73.65,robot1,robot2,2.3631510299195853
73.65,robot1,robot3,2.027361575951426
73.65,robot1,robot4,4.27901198926972
73.65,robot2,robot3,1.8421892935166166
73.65,robot2,robot4,3.0646844501905917
73.65,robot3,robot4,2.264553384463536
73.7,robot1,robot2,2.3588268157340417
73.7,robot1,robot3,2.029466256646067
73.7,robot1,robot4,4.287729151300954
73.7,robot2,robot3,1.844071884952699
73.7,robot2,robot4,3.075829838486193
73.7,robot3,robot4,2.271388306890083
73.75,robot1,robot2,2.3545368595806693
73.75,robot1,robot3,2.0315618319387307
73.75,robot1,robot4,4.297147596531594
73.75,robot2,robot3,1.8461125539967085
73.75,robot2,robot4,3.087449729314997
73.75,robot3,robot4,2.2789709748502722
73.8,robot1,robot2,2.350254920650524
73.8,robot1,robot3,2.033657444619914
73.8,robot1,robot4,4.306568028250454
73.8,robot2,robot3,1.848187233017261
73.8,robot2,robot4,3.099106332486351
73.8,robot3,robot4,2.286557119965517
73.85000000000001,robot1,robot2,2.3460567430746955
73.85000000000001,robot1,robot3,2.035721424997107
73.85000000000001,robot1,robot4,4.316380163473209
73.85000000000001,robot2,robot3,1.8503661838518615
73.85000000000001,robot2,robot4,3.111194268842796
73.85000000000001,robot3,robot4,2.2945610923968127
73.9,robot1,robot2,2.3418669201389304
73.9,robot1,robot3,2.037785437607453
73.9,robot1,robot4,4.326194215221618
73.9,robot2,robot3,1.852578472540907
73.9,robot2,robot4,3.1233186952880745
73.9,robot3,robot4,2.302568267506959
73.95,robot1,robot2,2.3377205441460487
73.95,robot1,robot3,2.039832674782726
73.95,robot1,robot4,4.333726593018819
73.95,robot2,robot3,1.854952995730148
73.95,robot2,robot4,3.1335308456986666
73.95,robot3,robot4,2.3083369275983627
74.0,robot1,robot2,2.3335828551420668
74.0,robot1,robot3,2.0418799621182435
74.0,robot1,robot4,4.341261005830564
74.0,robot2,robot3,1.8573603701524917
74.0,robot2,robot4,3.143771329549909
74.0,robot3,robot4,2.314109572519201
74.05,robot1,robot2,2.329494788761825
74.05,robot1,robot3,2.0438736742032884
74.05,robot1,robot4,4.352245527939859
74.05,robot2,robot3,1.8598459026140446
74.05,robot2,robot4,3.156839503766069
74.05,robot3,robot4,2.323403836965337
74.10000000000001,robot1,robot2,2.325415704846984
74.10000000000001,robot1,robot3,2.04586743462156
74.10000000000001,robot1,robot4,4.363232579729967
74.10000000000001,robot2,robot3,1.8623635624791426
74.10000000000001,robot2,robot4,3.1699488489027745
74.10000000000001,robot3,robot4,2.33270222152293
74.15,robot1,robot2,2.3206982289806657
74.15,robot1,robot3,2.0474180298274463
74.15,robot1,robot4,4.373586090020667
74.15,robot2,robot3,1.86502890877769
74.15,robot2,robot4,3.1829866300412353
74.15,robot3,robot4,2.3418709150286774
74.2,robot1,robot2,2.315990050251728
74.2,robot1,robot3,2.048969013153932
74.2,robot1,robot4,4.38394148482299
74.2,robot2,robot3,1.867725942859926
74.2,robot2,robot4,3.1960639887000073
74.2,robot3,robot4,2.3510439378814256
74.25,robot1,robot2,2.3095010566270044
74.25,robot1,robot3,2.0496320133095236
74.25,robot1,robot4,4.393391235291765
74.25,robot2,robot3,1.870607934146811
74.25,robot2,robot4,3.210181100597013
74.25,robot3,robot4,2.3602316820433646
74.3,robot1,robot2,2.3030264782173044
74.3,robot1,robot3,2.05029592750949
74.3,robot1,robot4,4.402842220126676
74.3,robot2,robot3,1.8735310751423366
74.3,robot2,robot4,3.224340662510709
74.3,robot3,robot4,2.3694232991417974
74.35000000000001,robot1,robot2,2.295818822533966
74.35000000000001,robot1,robot3,2.0505536339550474
74.35000000000001,robot1,robot4,4.41246174862766
74.35000000000001,robot2,robot3,1.8764633318358506
74.35000000000001,robot2,robot4,3.2395441628306316
74.35000000000001,robot3,robot4,2.3791693769718263
74.4,robot1,robot2,2.288629845772575
74.4,robot1,robot3,2.0508120744117435
74.4,robot1,robot4,4.422082600076688
74.4,robot2,robot3,1.8794430077366007
74.4,robot2,robot4,3.2547941779780794
74.4,robot3,robot4,2.3889189252149188
74.45,robot1,robot2,2.2785785429791536
74.45,robot1,robot3,2.049667788040906
74.45,robot1,robot4,4.430378797453809
74.45,robot2,robot3,1.8819090194242922
74.45,robot2,robot4,3.2701472221088537
74.45,robot3,robot4,2.39892212681055
74.5,robot1,robot2,2.2685420694483494
74.5,robot1,robot3,2.0485292524533305
74.5,robot1,robot4,4.438674995789622
74.5,robot2,robot3,1.8844218464897926
74.5,robot2,robot4,3.285546800909249
74.5,robot3,robot4,2.408927754737572
74.55,robot1,robot2,2.2624104553208846
74.55,robot1,robot3,2.049677886734523
74.55,robot1,robot4,4.449546705863559
74.55,robot2,robot3,1.886894520355139
74.55,robot2,robot4,3.3009803227099823
74.55,robot3,robot4,2.4189071996873404
74.60000000000001,robot1,robot2,2.2562949528964493
74.60000000000001,robot1,robot3,2.050826537851751
74.60000000000001,robot1,robot4,4.460420241489476
74.60000000000001,robot2,robot3,1.889413984975501
74.60000000000001,robot2,robot4,3.31645911219557
74.60000000000001,robot3,robot4,2.428888852856387
74.65,robot1,robot2,2.2488305537961826
74.65,robot1,robot3,2.0512623971459623
74.65,robot1,robot4,4.47045108275678
74.65,robot2,robot3,1.891898183664029
74.65,robot2,robot4,3.3319483603190814
74.65,robot3,robot4,2.4388442680399374
74.7,robot1,robot2,2.241381647490003
74.7,robot1,robot3,2.0516990510922892
74.7,robot1,robot4,4.480482629811435
74.7,robot2,robot3,1.8944290726427315
74.7,robot2,robot4,3.3474817952426563
74.7,robot3,robot4,2.4488017510498885
74.75,robot1,robot2,2.2324917144879284
74.75,robot1,robot3,2.050620032750217
74.75,robot1,robot4,4.488917206533498
74.75,robot2,robot3,1.8969146946134003
74.75,robot2,robot4,3.363060436294188
74.75,robot3,robot4,2.4587194680786584
74.8,robot1,robot2,2.2236224344384543
74.8,robot1,robot3,2.0495425913420293
74.8,robot1,robot4,4.497352176980583
74.8,robot2,robot3,1.899447439099329
74.8,robot2,robot4,3.378682311950918
74.8,robot3,robot4,2.468639069950284
74.85000000000001,robot1,robot2,2.2164338959258396
74.85000000000001,robot1,robot3,2.0505747900423557
74.85000000000001,robot1,robot4,4.507855202480584
74.85000000000001,robot2,robot3,1.9020829765026686
74.85000000000001,robot2,robot4,3.3944546620407623
74.85000000000001,robot3,robot4,2.4784596594111648
74.9,robot1,robot2,2.2092604007898204
74.9,robot1,robot3,2.051607558157748
74.9,robot1,robot4,4.51835899248798
74.9,robot2,robot3,1.9047677887658643
74.9,robot2,robot4,3.4102699246999495
74.9,robot3,robot4,2.48828217704524
74.95,robot1,robot2,2.2019205597133835
74.95,robot1,robot3,2.0526572097191487
74.95,robot1,robot4,4.529036404214835
74.95,robot2,robot3,1.9074956473707876
74.95,robot2,robot4,3.4263229784612035
74.95,robot3,robot4,2.4982805951992764
75.0,robot1,robot2,2.194595832877662
75.0,robot1,robot3,2.0537075699159315
75.0,robot1,robot4,4.539714507028168
75.0,robot2,robot3,1.9102733883112124
75.0,robot2,robot4,3.4424191501271313
75.0,robot3,robot4,2.508280954685101
75.05,robot1,robot2,2.1872259538325025
75.05,robot1,robot3,2.0547707830947957
75.05,robot1,robot4,4.55044750006483
75.05,robot2,robot3,1.9129840694309244
75.05,robot2,robot4,3.4586009526668806
75.05,robot3,robot4,2.5183096340180753
75.10000000000001,robot1,robot2,2.179871430627502
75.10000000000001,robot1,robot3,2.0558346036707333
75.10000000000001,robot1,robot4,4.561181189677629
75.10000000000001,robot2,robot3,1.9157451352181487
75.10000000000001,robot2,robot4,3.4748254016403517
75.10000000000001,robot3,robot4,2.5283400915132077
75.15,robot1,robot2,2.1725107181605563
75.15,robot1,robot3,2.056956344927622
75.15,robot1,robot4,4.571936672001321
75.15,robot2,robot3,1.9184784382120381
75.15,robot2,robot4,3.491013512991609
75.15,robot3,robot4,2.538337637882026
75.2,robot1,robot2,2.1651651388917195
75.2,robot1,robot3,2.0580786877653634
75.2,robot1,robot4,4.582692851281329
75.2,robot2,robot3,1.9212619191776015
75.2,robot2,robot4,3.507243564556217
75.2,robot3,robot4,2.54833695224258
75.25,robot1,robot2,2.1571059383317848
75.25,robot1,robot3,2.0592147254733417
75.25,robot1,robot4,4.593427671745388
75.25,robot2,robot3,1.9241113928096782
75.25,robot2,robot4,3.5241240530807794
75.25,robot3,robot4,2.55829867378938
75.3,robot1,robot2,2.1490647089524786
75.3,robot1,robot3,2.0603513389684296
75.3,robot1,robot4,4.60416317934975
75.3,robot2,robot3,1.9270199217802602
75.3,robot2,robot4,3.541049298359033
75.3,robot3,robot4,2.568262094102742
75.35000000000001,robot1,robot2,2.1408565008605773
75.35000000000001,robot1,robot3,2.0613514381701754
75.35000000000001,robot1,robot4,4.613094206040482
75.35000000000001,robot2,robot3,1.9297683101992456
75.35000000000001,robot2,robot4,3.5567114315276225
75.35000000000001,robot3,robot4,2.5764947218694254
75.4,robot1,robot2,2.1326673977404447
75.4,robot1,robot3,2.0623519245851325
75.4,robot1,robot4,4.622025691677731
75.4,robot2,robot3,1.9325772191032884
75.4,robot2,robot4,3.57241075724083
75.4,robot3,robot4,2.5847284784326963
75.45,robot1,robot2,2.1245136249207723
75.45,robot1,robot3,2.063384170298699
75.45,robot1,robot4,4.630256879058278
75.45,robot2,robot3,1.9353346505269444
75.45,robot2,robot4,3.5874353277363062
75.45,robot3,robot4,2.5922205924450665
75.5,robot1,robot2,2.116378868275952
75.5,robot1,robot3,2.0644167499671666
75.5,robot1,robot4,4.638488511296433
75.5,robot2,robot3,1.9381520594514765
75.5,robot2,robot4,3.6024941649124154
75.5,robot3,robot4,2.599713809512116
75.55,robot1,robot2,2.108194925510684
75.55,robot1,robot3,2.0654277653199347
75.55,robot1,robot4,4.646695603175282
75.55,robot2,robot3,1.940989297251404
75.55,robot2,robot4,3.6175476841596024
75.55,robot3,robot4,2.6072128119940654
75.60000000000001,robot1,robot2,2.1000302976540577
75.60000000000001,robot1,robot3,2.0664391353090954
75.60000000000001,robot1,robot4,4.654903152143235
75.60000000000001,robot2,robot3,1.9438861752422654
75.60000000000001,robot2,robot4,3.6326351429388044
75.60000000000001,robot3,robot4,2.614712965065192
75.65,robot1,robot2,2.091889525092684
75.65,robot1,robot3,2.0675525618262407
75.65,robot1,robot4,4.663152711284959
75.65,robot2,robot3,1.9469408739176572
75.65,robot2,robot4,3.6476985086135154
75.65,robot3,robot4,2.622188682496457
75.7,robot1,robot2,2.083768084371435
75.7,robot1,robot3,2.068666454310119
75.7,robot1,robot4,4.671402759507042
75.7,robot2,robot3,1.950054612779088
75.7,robot2,robot4,3.662795491005879
75.7,robot3,robot4,2.6296658068298338
75.75,robot1,robot2,2.0752203923078265
75.75,robot1,robot3,2.069761304689565
75.75,robot1,robot4,4.679593652733161
75.75,robot2,robot3,1.9530067582975743
75.75,robot2,robot4,3.678246421202805
75.75,robot3,robot4,2.6370469762795747
75.8,robot1,robot2,2.0666942575722227
75.8,robot1,robot3,2.0708563937011664
75.8,robot1,robot4,4.687785048656134
75.8,robot2,robot3,1.9560245561354797
75.8,robot2,robot4,3.6937322963476924
75.8,robot3,robot4,2.6444292026463856
75.85000000000001,robot1,robot2,2.0581315379074403
75.85000000000001,robot1,robot3,2.072040109603636
75.85000000000001,robot1,robot4,4.695829146199983
75.85000000000001,robot2,robot3,1.959184414327682
75.85000000000001,robot2,robot4,3.7090935719229323
75.85000000000001,robot3,robot4,2.651603550905848
75.9,robot1,robot2,2.04959067893787
75.9,robot1,robot3,2.07322414107737
75.9,robot1,robot4,4.70387375030251
75.9,robot2,robot3,1.9624100152009516
75.9,robot2,robot4,3.7244890219532127
75.9,robot3,robot4,2.6587791361203736
75.95,robot1,robot2,2.041058638754715
75.95,robot1,robot3,2.0743969096077657
75.95,robot1,robot4,4.7118968934883325
75.95,robot2,robot3,1.9656317389200857
75.95,robot2,robot4,3.739914863774475
75.95,robot3,robot4,2.665927922961581
76.0,robot1,robot2,2.032549056158301
76.0,robot1,robot3,2.075569938647455
76.0,robot1,robot4,4.719920527681054
76.0,robot2,robot3,1.9689190210216874
76.0,robot2,robot4,3.7553739668540334
76.0,robot3,robot4,2.6730778121786876
76.05,robot1,robot2,2.023963663232186
76.05,robot1,robot3,2.076830308877268
76.05,robot1,robot4,4.727999626025789
76.05,robot2,robot3,1.972171728772624
76.05,robot2,robot4,3.7708631577065015
76.05,robot3,robot4,2.6801920786531794
76.10000000000001,robot1,robot2,2.0154002876959676
76.10000000000001,robot1,robot3,2.078090968944334
76.10000000000001,robot1,robot4,4.736079112403531
76.10000000000001,robot2,robot3,1.9754901715718567
76.10000000000001,robot2,robot4,3.7863848585129367
76.10000000000001,robot3,robot4,2.6873072990897433
76.15,robot1,robot2,2.005371166362101
76.15,robot1,robot3,2.0791211484563616
76.15,robot1,robot4,4.743804340452924
76.15,robot2,robot3,1.9789395081611267
76.15,robot2,robot4,3.8023961951483325
76.15,robot3,robot4,2.694426105987044
76.2,robot1,robot2,1.9953643659464806
76.2,robot1,robot3,2.0801529226597744
76.2,robot1,robot4,4.751529587427716
76.2,robot2,robot3,1.98246061757529
76.2,robot2,robot4,3.8184412403369516
76.2,robot3,robot4,2.701545801167361
76.25,robot1,robot2,1.9848666060373552
76.25,robot1,robot3,2.080921314704859
76.25,robot1,robot4,4.7574535521908405
76.25,robot2,robot3,1.9859072808646556
76.25,robot2,robot4,3.833254376668538
76.25,robot3,robot4,2.707130563613667
76.3,robot1,robot2,1.974391812021616
76.3,robot1,robot3,2.0816918042174257
76.3,robot1,robot4,4.76337754026888
76.3,robot2,robot3,1.9894260127705177
76.3,robot2,robot4,3.848095852979237
76.3,robot3,robot4,2.712715942198888
76.35000000000001,robot1,robot2,1.9638954050245379
76.35000000000001,robot1,robot3,2.0822334704561833
76.35000000000001,robot1,robot4,4.768521538667227
76.35000000000001,robot2,robot3,1.9929025583586621
76.35000000000001,robot2,robot4,3.862447216429794
76.35000000000001,robot3,robot4,2.717711993273248
76.4,robot1,robot2,1.9534241487859207
76.4,robot1,robot3,2.082776884254768
76.4,robot1,robot4,4.7736655566888
76.4,robot2,robot3,1.996450798813234
76.4,robot2,robot4,3.876824719732503
76.4,robot3,robot4,2.7227085415565506
76.45,robot1,robot2,1.9429094280344104
76.45,robot1,robot3,2.0831688129199346
76.45,robot1,robot4,4.7786874404681985
76.45,robot2,robot3,2.000023171139587
76.45,robot2,robot4,3.8912272677324435
76.45,robot3,robot4,2.727727667210979
76.5,robot1,robot2,1.9324217322830957
76.5,robot1,robot3,2.0835623580889053
76.5,robot1,robot4,4.783709332229226
76.5,robot2,robot3,2.003666895130276
76.5,robot2,robot4,3.9056558064311044
76.5,robot3,robot4,2.732747298933072
76.55,robot1,robot2,1.9216091102231223
76.55,robot1,robot3,2.083751603462191
76.55,robot1,robot4,4.788493573923979
76.55,robot2,robot3,2.007249367453195
76.55,robot2,robot4,3.9202026760250863
76.55,robot3,robot4,2.737711897778325
76.60000000000001,robot1,robot2,1.9108262940544827
76.60000000000001,robot1,robot3,2.0839422986599225
76.60000000000001,robot1,robot4,4.793277821187711
76.60000000000001,robot2,robot3,2.010906079575574
76.60000000000001,robot2,robot4,3.934776070683062
76.60000000000001,robot3,robot4,2.742676926343678
76.65,robot1,robot2,1.8988727576657143
76.65,robot1,robot3,2.0833456171270526
76.65,robot1,robot4,4.797162582541294
76.65,robot2,robot3,2.014244413747374
76.65,robot2,robot4,3.9491269793995314
76.65,robot3,robot4,2.7476067809186695
76.7,robot1,robot2,1.8869507003443413
76.7,robot1,robot3,2.082751607446745
76.7,robot1,robot4,4.801047443477413
76.7,robot2,robot3,2.017657555487551
76.7,robot2,robot4,3.963505434572406
76.7,robot3,robot4,2.7525370479187017
76.75,robot1,robot2,1.8746773040090128
76.75,robot1,robot3,2.0820125503363927
76.75,robot1,robot4,4.80437356877304
76.75,robot2,robot3,2.0208128028942336
76.75,robot2,robot4,3.977369475472263
76.75,robot3,robot4,2.75706457195878
76.80000000000001,robot1,robot2,1.8624350962071101
76.80000000000001,robot1,robot3,2.0812764069592005
76.80000000000001,robot1,robot4,4.807699839904422
76.80000000000001,robot2,robot3,2.024043173451842
76.80000000000001,robot2,robot4,3.991260834906312
76.80000000000001,robot3,robot4,2.761592485591241
76.85000000000001,robot1,robot2,1.8500455057914775
76.85000000000001,robot1,robot3,2.080482715977833
76.85000000000001,robot1,robot4,4.810785017936705
76.85000000000001,robot2,robot3,2.02688523436855
76.85000000000001,robot2,robot4,4.004728095595071
76.85000000000001,robot3,robot4,2.7659102954738524
76.9,robot1,robot2,1.8376863455870263
76.9,robot1,robot3,2.0796915713549926
76.9,robot1,robot4,4.813870309065253
76.9,robot2,robot3,2.0298030072048863
76.9,robot2,robot4,4.018223338598416
76.9,robot3,robot4,2.770228454977134
76.95,robot1,robot2,1.8252051060511665
76.95,robot1,robot3,2.0788466252588833
76.95,robot1,robot4,4.816930748995723
76.95,robot2,robot3,2.032403289298288
76.95,robot2,robot4,4.031508839114861
76.95,robot3,robot4,2.7745587158294645
77.0,robot1,robot2,1.8127537426605964
77.0,robot1,robot3,2.078003971473106
77.0,robot1,robot4,4.819991270851225
77.0,robot2,robot3,2.035079543536321
77.0,robot2,robot4,4.044823314431423
77.0,robot3,robot4,2.778889309107507
77.05000000000001,robot1,robot2,1.8001525330051857
77.05000000000001,robot1,robot3,2.0770947962502815
77.05000000000001,robot1,robot4,4.822972179651907
77.05000000000001,robot2,robot3,2.0374347743810115
77.05000000000001,robot2,robot4,4.057877578558068
77.05000000000001,robot3,robot4,2.7831960970045313
77.10000000000001,robot1,robot2,1.7875805314138957
77.10000000000001,robot1,robot3,2.0761877447981423
77.10000000000001,robot1,robot4,4.8259531488464535
77.10000000000001,robot2,robot3,2.0398661612027396
77.10000000000001,robot2,robot4,4.070961773816727
77.10000000000001,robot3,robot4,2.787503212128913
77.15,robot1,robot2,1.7747506268138753
77.15,robot1,robot3,2.0751049692756505
77.15,robot1,robot4,4.828754348493123
77.15,robot2,robot3,2.041906642722985
77.15,robot2,robot4,4.083757233313706
77.15,robot3,robot4,2.791794508344275
77.2,robot1,robot2,1.7619493724852027
77.2,robot1,robot3,2.0740242356153895
77.2,robot1,robot4,4.831555605407434
77.2,robot2,robot3,2.0440234620260602
77.2,robot2,robot4,4.096583573772785
77.2,robot3,robot4,2.7960860928004343
77.25,robot1,robot2,1.7484757410631264
77.25,robot1,robot3,2.072552088028911
77.25,robot1,robot4,4.833934325097311
77.25,robot2,robot3,2.0458408668653214
77.25,robot2,robot4,4.109208705679385
77.25,robot3,robot4,2.800393935424978
77.30000000000001,robot1,robot2,1.7350310681304775
77.30000000000001,robot1,robot3,2.071082756721227
77.30000000000001,robot1,robot4,4.836313191788142
77.30000000000001,robot2,robot3,2.047734885252972
77.30000000000001,robot2,robot4,4.121865588787925
77.30000000000001,robot3,robot4,2.8047020472092945
77.35000000000001,robot1,robot2,1.7215378884828507
77.35000000000001,robot1,robot3,2.069652420500239
77.35000000000001,robot1,robot4,4.838703335345638
77.35000000000001,robot2,robot3,2.0495842196632226
77.35000000000001,robot2,robot4,4.13443557583487
77.35000000000001,robot3,robot4,2.8089951504982174
77.4,robot1,robot2,1.7080734759681737
77.4,robot1,robot3,2.0682250967324616
77.4,robot1,robot4,4.841093663290972
77.4,robot2,robot3,2.051509394451802
77.4,robot2,robot4,4.147036887739726
77.4,robot3,robot4,2.8132885089777053
77.45,robot1,robot2,1.6945645356578338
77.45,robot1,robot3,2.0668378355329424
77.45,robot1,robot4,4.842167819461677
77.45,robot2,robot3,2.053351028128958
77.45,robot2,robot4,4.158353577933099
77.45,robot3,robot4,2.8162158336420613
77.5,robot1,robot2,1.681084183282027
77.5,robot1,robot3,2.0654536562537538
77.5,robot1,robot4,4.843242272756649
77.5,robot2,robot3,2.055268123429398
77.5,robot2,robot4,4.169698006214119
77.5,robot3,robot4,2.819143367547844
77.55000000000001,robot1,robot2,1.6675320027972438
77.55000000000001,robot1,robot3,2.064163546418076
77.55000000000001,robot1,robot4,4.8438794866305255
77.55000000000001,robot2,robot3,2.0571336580463733
77.55000000000001,robot2,robot4,4.180540215279005
77.55000000000001,robot3,robot4,2.8215431992247177
77.60000000000001,robot1,robot2,1.6540080428900537
77.60000000000001,robot1,robot3,2.062876684218666
77.60000000000001,robot1,robot4,4.844517100315469
77.60000000000001,robot2,robot3,2.0590746369706956
77.60000000000001,robot2,robot4,4.191408800100752
77.60000000000001,robot3,robot4,2.823943208042613
77.65,robot1,robot2,1.6403946339404103
77.65,robot1,robot3,2.0616989697364887
77.65,robot1,robot4,4.845211175603727
77.65,robot2,robot3,2.0610002199422497
77.65,robot2,robot4,4.202242311786086
77.65,robot3,robot4,2.8263031256318296
77.7,robot1,robot2,1.6268092807827843
77.7,robot1,robot3,2.06052471077272
77.7,robot1,robot4,4.845905725909657
77.7,robot2,robot3,2.063001529686297
77.7,robot2,robot4,4.213102077598049
77.7,robot3,robot4,2.8286632051294123
77.75,robot1,robot2,1.6131954085157356
77.75,robot1,robot3,2.0593879063809233
77.75,robot1,robot4,4.846659447429874
77.75,robot2,robot3,2.064918448998955
77.75,robot2,robot4,4.22389746718182
77.75,robot3,robot4,2.831044833642387
77.80000000000001,robot1,robot2,1.5996094089001816
77.80000000000001,robot1,robot3,2.0582546222353053
77.80000000000001,robot1,robot4,4.8474136979149
77.80000000000001,robot2,robot3,2.06691050539132
77.80000000000001,robot2,robot4,4.234718894027917
77.80000000000001,robot3,robot4,2.833426595070005
77.85000000000001,robot1,robot2,1.585960393065506
77.85000000000001,robot1,robot3,2.057160171767199
77.85000000000001,robot1,robot4,4.848214505889617
77.85000000000001,robot2,robot3,2.0688500491872897
77.85000000000001,robot2,robot4,4.245500090526205
77.85000000000001,robot3,robot4,2.8358225253674205
77.9,robot1,robot2,1.572339451880541
77.9,robot1,robot3,2.0560693205186444
77.9,robot1,robot4,4.8490158692589365
77.9,robot2,robot3,2.0708647044387036
77.9,robot2,robot4,4.256307411151713
77.9,robot3,robot4,2.838218583158281
77.95,robot1,robot2,1.559965052838444
77.95,robot1,robot3,2.055232435105638
77.95,robot1,robot4,4.850065124030631
77.95,robot2,robot3,2.0728701928304627
77.95,robot2,robot4,4.26651515111115
77.95,robot3,robot4,2.840552461152584
78.0,robot1,robot2,1.547615821444392
78.0,robot1,robot3,2.0543982533591194
78.0,robot1,robot4,4.8511147571740665
78.0,robot2,robot3,2.07494009661243
78.0,robot2,robot4,4.276745183387596
78.0,robot3,robot4,2.8428864541168366
78.05000000000001,robot1,robot2,1.538340877617504
78.05000000000001,robot1,robot3,2.054754206542294
78.05000000000001,robot1,robot4,4.853600557472412
78.05000000000001,robot2,robot3,2.0771889503565277
78.05000000000001,robot2,robot4,4.286425589423258
78.05000000000001,robot3,robot4,2.8452247834201527
78.10000000000001,robot1,robot2,1.5290852886693378
78.10000000000001,robot1,robot3,2.055110463647636
78.10000000000001,robot1,robot4,4.856086358283386
78.10000000000001,robot2,robot3,2.0794891400382456
78.10000000000001,robot2,robot4,4.296123281798256
78.10000000000001,robot3,robot4,2.8475632071544967
78.15,robot1,robot2,1.5200476437274086
78.15,robot1,robot3,2.055375509143342
78.15,robot1,robot4,4.857830281985571
78.15,robot2,robot3,2.082156893861388
78.15,robot2,robot4,4.305493840520651
78.15,robot3,robot4,2.8492228784976175
78.2,robot1,robot2,1.511033312766466
78.2,robot1,robot3,2.055640767755154
78.2,robot1,robot4,4.859574205690247
78.2,robot2,robot3,2.0848757445979844
78.2,robot2,robot4,4.314879651774775
78.2,robot3,robot4,2.850882638247495
78.25,robot1,robot2,1.5023537056240284
78.25,robot1,robot3,2.0558664754200966
78.25,robot1,robot4,4.861079263275441
78.25,robot2,robot3,2.0879685930814427
78.25,robot2,robot4,4.324306109218709
78.25,robot3,robot4,2.8523164760680486
78.30000000000001,robot1,robot2,1.4937012562212675
78.30000000000001,robot1,robot3,2.0560923115390515
78.30000000000001,robot1,robot4,4.862584323620928
78.30000000000001,robot2,robot3,2.091111462218359
78.30000000000001,robot2,robot4,4.333746392009692
78.30000000000001,robot3,robot4,2.8537503997347073
78.35000000000001,robot1,robot2,1.4853888693851338
78.35000000000001,robot1,robot3,2.0562323105783182
78.35000000000001,robot1,robot4,4.864088900581203
78.35000000000001,robot2,robot3,2.094537369145989
78.35000000000001,robot2,robot4,4.343422823379335
78.35000000000001,robot3,robot4,2.8552285514323543
78.4,robot1,robot2,1.4771077389310505
78.4,robot1,robot3,2.056372352345022
78.4,robot1,robot4,4.865593496940841
78.4,robot2,robot3,2.098012337965866
78.4,robot2,robot4,4.353112223070869
78.4,robot3,robot4,2.8567067746340364
78.45,robot1,robot2,1.4692368064605854
78.45,robot1,robot3,2.0568073773170883
78.45,robot1,robot4,4.86731792473794
78.45,robot2,robot3,2.1020558807064336
78.45,robot2,robot4,4.363019110548481
78.45,robot3,robot4,2.858158130727943
78.5,robot1,robot2,1.461399137217482
78.5,robot1,robot3,2.0572424764847237
78.5,robot1,robot4,4.869042386525097
78.5,robot2,robot3,2.106146197336975
78.5,robot2,robot4,4.372938018957278
78.5,robot3,robot4,2.859609656898123
78.55000000000001,robot1,robot2,1.4543862889626313
78.55000000000001,robot1,robot3,2.0576916260948823
78.55000000000001,robot1,robot4,4.870818604308932
78.55000000000001,robot2,robot3,2.1102110074398968
78.55000000000001,robot2,robot4,4.382608269594776
78.55000000000001,robot3,robot4,2.861000193145922
78.60000000000001,robot1,robot2,1.4474066174209632
78.60000000000001,robot1,robot3,2.0581407760716957
78.60000000000001,robot1,robot4,4.872594885687297
78.60000000000001,robot2,robot3,2.114317927399994
78.60000000000001,robot2,robot4,4.392288504513794
78.60000000000001,robot3,robot4,2.8623907977264387
78.65,robot1,robot2,1.440854013591938
78.65,robot1,robot3,2.0596792257369834
78.65,robot1,robot4,4.873326343782575
78.65,robot2,robot3,2.119156997265305
78.65,robot2,robot4,4.400744356560519
78.65,robot3,robot4,2.8616388590787016
78.7,robot1,robot2,1.4343344021928777
78.7,robot1,robot3,2.0612177211330684
78.7,robot1,robot4,4.874057907324963
78.7,robot2,robot3,2.1240422969444372
78.7,robot2,robot4,4.409208585526092
78.7,robot3,robot4,2.86088712272295
78.75,robot1,robot2,1.4280233975804633
78.75,robot1,robot3,2.0637995207011994
78.75,robot1,robot4,4.874285485015111
78.75,robot2,robot3,2.1299553323394482
78.75,robot2,robot4,4.417316413833997
78.75,robot3,robot4,2.8586220360062464
78.80000000000001,robot1,robot2,1.4217471486874855
78.80000000000001,robot1,robot3,2.066381351804406
78.80000000000001,robot1,robot4,4.8745131137336175
78.80000000000001,robot2,robot3,2.1359186638493535
78.80000000000001,robot2,robot4,4.425431109145416
78.80000000000001,robot3,robot4,2.8563572623052598
78.85000000000001,robot1,robot2,1.4157249587251217
78.85000000000001,robot1,robot3,2.0689777617098746
78.85000000000001,robot1,robot4,4.874862372228626
78.85000000000001,robot2,robot3,2.142012189543807
78.85000000000001,robot2,robot4,4.433606415314655
78.85000000000001,robot3,robot4,2.854204013334453
78.9,robot1,robot2,1.4097388038143803
78.9,robot1,robot3,2.07157422372866
78.9,robot1,robot4,4.87521173426601
78.9,robot2,robot3,2.1481540041004976
78.9,robot2,robot4,4.441788553102117
78.9,robot3,robot4,2.8520511703253155
78.95,robot1,robot2,1.40399901082239
78.95,robot1,robot3,2.074225170022893
78.95,robot1,robot4,4.875625083508908
78.95,robot2,robot3,2.1544575586187
78.95,robot2,robot4,4.450032701423047
78.95,robot3,robot4,2.8498944268036053
79.0,robot1,robot2,1.3982966612450307
79.0,robot1,robot3,2.076876197760714
79.0,robot1,robot4,4.876038556609863
79.0,robot2,robot3,2.1608078597302445
79.0,robot2,robot4,4.458283284051048
79.0,robot3,robot4,2.8477380863304473
79.05000000000001,robot1,robot2,1.393304324852434
79.05000000000001,robot1,robot3,2.0798125367830638
79.05000000000001,robot1,robot4,4.8765180880622445
79.05000000000001,robot2,robot3,2.1672167898031125
79.05000000000001,robot2,robot4,4.466023572854858
79.05000000000001,robot3,robot4,2.845363586293718
79.10000000000001,robot1,robot2,1.3883458001092512
79.10000000000001,robot1,robot3,2.0827489982676752
79.10000000000001,robot1,robot4,4.87699779063852
79.10000000000001,robot2,robot3,2.173666822574704
79.10000000000001,robot2,robot4,4.473769204670712
79.10000000000001,robot3,robot4,2.8429895841655832
79.15,robot1,robot2,1.3841085311799064
79.15,robot1,robot3,2.085843516799439
79.15,robot1,robot4,4.877457246444811
79.15,robot2,robot3,2.180306372959143
79.15,robot2,robot4,4.4811402936993625
79.15,robot3,robot4,2.840445864600177
79.2,robot1,robot2,1.3799034208135728
79.2,robot1,robot3,2.0889381714737274
79.2,robot1,robot4,4.87791690567039
79.2,robot2,robot3,2.1869812598879306
79.2,robot2,robot4,4.4885155041269496
79.2,robot3,robot4,2.837902733545496
79.25,robot1,robot2,1.376003345776183
79.25,robot1,robot3,2.0921529021948895
79.25,robot1,robot4,4.877783258471516
79.25,robot2,robot3,2.1939258858136594
79.25,robot2,robot4,4.495363974173532
79.25,robot3,robot4,2.834638838600519
79.30000000000001,robot1,robot2,1.3721366941504034
79.30000000000001,robot1,robot3,2.0953677937130757
79.30000000000001,robot1,robot4,4.877649803370983
79.30000000000001,robot2,robot3,2.2009043096481977
79.30000000000001,robot2,robot4,4.50221567683613
79.30000000000001,robot3,robot4,2.831375564213443
79.35000000000001,robot1,robot2,1.3689115610832017
79.35000000000001,robot1,robot3,2.0986267192205723
79.35000000000001,robot1,robot4,4.877654643041802
79.35000000000001,robot2,robot3,2.2081623017761296
79.35000000000001,robot2,robot4,4.509221214108098
79.35000000000001,robot3,robot4,2.8281544115633515
79.4,robot1,robot2,1.3657225334499683
79.4,robot1,robot3,2.1018860664726815
79.4,robot1,robot4,4.877659868191302
79.4,robot2,robot3,2.2154522085328314
79.4,robot2,robot4,4.5162296202329
79.4,robot3,robot4,2.824933929199053
79.45,robot1,robot2,1.364056909086732
79.45,robot1,robot3,2.1060762192796463
79.45,robot1,robot4,4.877650889870041
79.45,robot2,robot3,2.2237817542921112
79.45,robot2,robot4,4.522994132097261
79.45,robot3,robot4,2.8206797822961494
79.5,robot1,robot2,1.3624306183031853
79.5,robot1,robot3,2.1102680442742336
79.5,robot1,robot4,4.877643197445669
79.5,robot2,robot3,2.232142896501252
79.5,robot2,robot4,4.529760856226519
79.5,robot3,robot4,2.8164268714243232
79.55000000000001,robot1,robot2,1.3612406076641994
79.55000000000001,robot1,robot3,2.115276517232737
79.55000000000001,robot1,robot4,4.877821098275464
79.55000000000001,robot2,robot3,2.2411634813688317
79.55000000000001,robot2,robot4,4.536431280580614
79.55000000000001,robot3,robot4,2.811590060661848
79.60000000000001,robot1,robot2,1.360087574825239
79.60000000000001,robot1,robot3,2.1202865188290017
79.60000000000001,robot1,robot4,4.8780002345892735
79.60000000000001,robot2,robot3,2.250214675579646
79.60000000000001,robot2,robot4,4.54310342167169
79.60000000000001,robot3,robot4,2.8067548171753423
79.65,robot1,robot2,1.3592276379658597
79.65,robot1,robot3,2.12548899909368
79.65,robot1,robot4,4.87826752906493
79.65,robot2,robot3,2.259443474801374
79.65,robot2,robot4,4.5497322850335395
79.65,robot3,robot4,2.801817452339284
79.7,robot1,robot2,1.3584038616424057
79.7,robot1,robot3,2.1306930463445455
79.7,robot1,robot4,4.878536085438951
79.7,robot2,robot3,2.2687011998383566
79.7,robot2,robot4,4.556362619602286
79.7,robot3,robot4,2.7968817247658153
79.75,robot1,robot2,1.358366982541629
79.75,robot1,robot3,2.1361484513900835
79.75,robot1,robot4,4.8791047975219035
79.75,robot2,robot3,2.278189485702408
79.75,robot2,robot4,4.563058089596768
79.75,robot3,robot4,2.791928089289998
79.80000000000001,robot1,robot2,1.3583659127009928
79.80000000000001,robot1,robot3,2.141606249334366
79.80000000000001,robot1,robot4,4.8796752071453495
79.80000000000001,robot2,robot3,2.2877046224877926
79.80000000000001,robot2,robot4,4.569754720022183
79.80000000000001,robot3,robot4,2.7869761079221673
79.85000000000001,robot1,robot2,1.359866309811373
79.85000000000001,robot1,robot3,2.1477681894078455
79.85000000000001,robot1,robot4,4.880516917836574
79.85000000000001,robot2,robot3,2.2976598552310254
79.85000000000001,robot2,robot4,4.576117712244846
79.85000000000001,robot3,robot4,2.7814676649506906
79.9,robot1,robot2,1.3614005674818859
79.9,robot1,robot3,2.153935018766583
79.9,robot1,robot4,4.881361749370866
79.9,robot2,robot3,2.307639937941142
79.9,robot2,robot4,4.582481501705926
79.9,robot3,robot4,2.775961265701667
79.95,robot1,robot2,1.3633338809809212
79.95,robot1,robot3,2.160390311010027
79.95,robot1,robot4,4.882301918733519
79.95,robot2,robot3,2.3178792962923027
79.95,robot2,robot4,4.5887422037136165
79.95,robot3,robot4,2.770279247881159
80.0,robot1,robot2,1.3652991018915965
80.0,robot1,robot3,2.16685033253176
80.0,robot1,robot4,4.883245154324836
80.0,robot2,robot3,2.328141206272721
80.0,robot2,robot4,4.59500342827957
80.0,robot3,robot4,2.7645994042175444
80.05000000000001,robot1,robot2,1.367556635995929
80.05000000000001,robot1,robot3,2.1733856022471616
80.05000000000001,robot1,robot4,4.884275766999777
80.05000000000001,robot2,robot3,2.3386165618029957
80.05000000000001,robot2,robot4,4.601359323514332
80.05000000000001,robot3,robot4,2.758937343451821
80.10000000000001,robot1,robot2,1.3698460121867724
80.10000000000001,robot1,robot3,2.1799254854187122
80.10000000000001,robot1,robot4,4.885309399906008
80.10000000000001,robot2,robot3,2.349112692612684
80.10000000000001,robot2,robot4,4.6077155753525
80.10000000000001,robot3,robot4,2.7532774713065136
80.15,robot1,robot2,1.3734963757383933
80.15,robot1,robot3,2.1866557762451446
80.15,robot1,robot4,4.8866707132969385
80.15,robot2,robot3,2.3598118202980207
80.15,robot2,robot4,4.614106401540878
80.15,robot3,robot4,2.7476027586987977
80.2,robot1,robot2,1.377178860709821
80.2,robot1,robot3,2.1933939614408082
80.2,robot1,robot4,4.888036737782768
80.2,robot2,robot3,2.370529746521861
80.2,robot2,robot4,4.620497426922344
80.2,robot3,robot4,2.741930247642525
80.25,robot1,robot2,1.381811745517185
80.25,robot1,robot3,2.200685979806524
80.25,robot1,robot4,4.88961442065131
80.25,robot2,robot3,2.3816940365626835
80.25,robot2,robot4,4.626826511088998
80.25,robot3,robot4,2.7358422078113804
80.30000000000001,robot1,robot2,1.3864757179716505
80.30000000000001,robot1,robot3,2.2079882464354315
80.30000000000001,robot1,robot4,4.891198027812921
80.30000000000001,robot2,robot3,2.3928764257269983
80.30000000000001,robot2,robot4,4.633155690205545
80.30000000000001,robot3,robot4,2.729756598471737
80.35000000000001,robot1,robot2,1.3914456642432187
80.35000000000001,robot1,robot3,2.2158859421437977
80.35000000000001,robot1,robot4,4.892772522050074
80.35000000000001,robot2,robot3,2.40456910562293
80.35000000000001,robot2,robot4,4.639477292676192
80.35000000000001,robot3,robot4,2.723038369262035
80.4,robot1,robot2,1.3964461319972208
80.4,robot1,robot3,2.2237945181758585
80.4,robot1,robot4,4.8943528504612335
80.4,robot2,robot3,2.416280725906036
80.4,robot2,robot4,4.645798921172977
80.4,robot3,robot4,2.7163224896335487
80.45,robot1,robot2,1.401771284334217
80.45,robot1,robot3,2.2317045160180253
80.45,robot1,robot4,4.895939017205279
80.45,robot2,robot3,2.4279360786847852
80.45,robot2,robot4,4.652121974749265
80.45,robot3,robot4,2.7095231806510256
80.5,robot1,robot2,1.40712626561869
80.5,robot1,robot3,2.2396266537103897
80.5,robot1,robot4,4.8975309046385815
80.5,robot2,robot3,2.4396098197252774
80.5,robot2,robot4,4.658445028338105
80.5,robot3,robot4,2.702725614578735
80.55000000000001,robot1,robot2,1.4128594700801826
80.55000000000001,robot1,robot3,2.2476156780050855
80.55000000000001,robot1,robot4,4.899164628659105
80.55000000000001,robot2,robot3,2.4512671451608488
80.55000000000001,robot2,robot4,4.664763890794824
80.55000000000001,robot3,robot4,2.6958196143416644
80.60000000000001,robot1,robot2,1.4186216530283904
80.60000000000001,robot1,robot3,2.2556183529455973
80.60000000000001,robot1,robot4,4.900804164948035
80.60000000000001,robot2,robot3,2.462942413040146
80.60000000000001,robot2,robot4,4.67108277060266
80.60000000000001,robot3,robot4,2.68891492779169
80.65,robot1,robot2,1.4228789801055646
80.65,robot1,robot3,2.2633412011962544
80.65,robot1,robot4,4.901924890114928
80.65,robot2,robot3,2.4746395077055685
80.65,robot2,robot4,4.677516689163707
80.65,robot3,robot4,2.6819404623060232
80.7,robot1,robot2,1.4271655954156126
80.7,robot1,robot3,2.2710714258950553
80.7,robot1,robot4,4.903048309733956
80.7,robot2,robot3,2.4863545591240603
80.7,robot2,robot4,4.683950667550738
80.7,robot3,robot4,2.6749669042064803
80.75,robot1,robot2,1.4301937530715898
80.75,robot1,robot3,2.278119073124416
80.75,robot1,robot4,4.903749870221895
80.75,robot2,robot3,2.497244738873875
80.75,robot2,robot4,4.690130356435869
80.75,robot3,robot4,2.668306535281132
80.80000000000001,robot1,robot2,1.4332491935103269
80.80000000000001,robot1,robot3,2.285171466971354
80.80000000000001,robot1,robot4,4.904452735177291
80.80000000000001,robot2,robot3,2.5081526948752564
80.80000000000001,robot2,robot4,4.696310082869956
80.80000000000001,robot3,robot4,2.661646610582252
80.85000000000001,robot1,robot2,1.4358821425177106
80.85000000000001,robot1,robot3,2.291670385106027
80.85000000000001,robot1,robot4,4.9050747562087675
80.85000000000001,robot2,robot3,2.516049823504943
80.85000000000001,robot2,robot4,4.7000421428985355
80.85000000000001,robot3,robot4,2.655333933293983
80.9,robot1,robot2,1.4385253805550322
80.9,robot1,robot3,2.29817518533379
80.9,robot1,robot4,4.905698027633784
80.9,robot2,robot3,2.5239612353681267
80.9,robot2,robot4,4.703774203729278
80.9,robot3,robot4,2.649021356299341
80.95,robot1,robot2,1.4415021888697397
80.95,robot1,robot3,2.304624806053309
80.95,robot1,robot4,4.906239723957773
80.95,robot2,robot3,2.5313757769881775
80.95,robot2,robot4,4.706950207506448
80.95,robot3,robot4,2.6426092531270107
81.0,robot1,robot2,1.4444868323955053
81.0,robot1,robot3,2.3110812536890606
81.0,robot1,robot4,4.906782708104874
81.0,robot2,robot3,2.5388031081879903
81.0,robot2,robot4,4.710126241692148
81.0,robot3,robot4,2.636197172390563
81.05000000000001,robot1,robot2,1.4465135131263904
81.05000000000001,robot1,robot3,2.3173981968191204
81.05000000000001,robot1,robot4,4.907267876717069
81.05000000000001,robot2,robot3,2.5460398122141097
81.05000000000001,robot2,robot4,4.713822179851771
81.05000000000001,robot3,robot4,2.6297801645408008
81.10000000000001,robot1,robot2,1.4485509904221532
81.10000000000001,robot1,robot3,2.323723167622384
81.10000000000001,robot1,robot4,4.9077543792119425
81.10000000000001,robot2,robot3,2.55329581456791
81.10000000000001,robot2,robot4,4.717518200408877
81.10000000000001,robot3,robot4,2.6233631603979255
81.15,robot1,robot2,1.4498653684850364
81.15,robot1,robot3,2.329867336946731
81.15,robot1,robot4,4.9080278613914015
81.15,robot2,robot3,2.5598325946524323
81.15,robot2,robot4,4.720667870885486
81.15,robot3,robot4,2.616929574174379
