time_s,robot_i,robot_j,distance_m
0.0,robot1,robot2,1.1994570101445903
0.0,robot1,robot3,4.404628029596257
0.0,robot1,robot4,4.681880912529174
0.0,robot2,robot3,4.512086311377698
0.0,robot2,robot4,4.418110917725131
0.0,robot3,robot4,1.4
0.05,robot1,robot2,1.1994715095046027
0.05,robot1,robot3,4.404623692293616
0.05,robot1,robot4,4.681881167940324
0.05,robot2,robot3,4.512086311377698
0.05,robot2,robot4,4.418110917725131
0.05,robot3,robot4,1.4
0.1,robot1,robot2,1.1994860088854726
0.1,robot1,robot3,4.404619355040115
0.1,robot1,robot4,4.681881423401708
0.1,robot2,robot3,4.512086311377698
0.1,robot2,robot4,4.418110917725131
0.1,robot3,robot4,1.4
0.15000000000000002,robot1,robot2,1.1994885088246992
0.15000000000000002,robot1,robot3,4.404618946262123
0.15000000000000002,robot1,robot4,4.681881636881827
0.15000000000000002,robot2,robot3,4.512086422160291
0.15000000000000002,robot2,robot4,4.418110872425369
0.15000000000000002,robot3,robot4,1.4
0.2,robot1,robot2,1.1994910087641342
0.2,robot1,robot3,4.404618537485057
0.2,robot1,robot4,4.681881850362843
0.2,robot2,robot3,4.512086532942936
0.2,robot2,robot4,4.418110827125662
0.2,robot3,robot4,1.4
0.25,robot1,robot2,1.199491508824677
0.25,robot1,robot3,4.404619059647781
0.25,robot1,robot4,4.681882491115353
0.25,robot2,robot3,4.512086532942936
0.25,robot2,robot4,4.418110827125662
0.25,robot3,robot4,1.4
0.30000000000000004,robot1,robot2,1.1994920088854282
0.30000000000000004,robot1,robot3,4.4046195818105565
0.30000000000000004,robot1,robot4,4.681883131867881
0.30000000000000004,robot2,robot3,4.512086532942936
0.30000000000000004,robot2,robot4,4.418110827125662
0.30000000000000004,robot3,robot4,1.4
0.35000000000000003,robot1,robot2,1.1996835140338054
0.35000000000000003,robot1,robot3,4.404619559133257
0.35000000000000003,robot1,robot4,4.681882961021051
0.35000000000000003,robot2,robot3,4.512092509768418
0.35000000000000003,robot2,robot4,4.418056090262804
0.35000000000000003,robot3,robot4,1.4
0.4,robot1,robot2,1.1998750203525366
0.4,robot1,robot3,4.404619536456015
0.4,robot1,robot4,4.681882790174269
0.4,robot2,robot3,4.5120984950676775
0.4,robot2,robot4,4.418001361384127
0.4,robot3,robot4,1.4
0.45,robot1,robot2,1.1997985178567483
0.45,robot1,robot3,4.404619536456015
0.45,robot1,robot4,4.681882790174269
0.45,robot2,robot3,4.512095191290877
0.45,robot2,robot4,4.418022228924415
0.45,robot3,robot4,1.4
0.5,robot1,robot2,1.199722015524013
0.5,robot1,robot3,4.404619536456015
0.5,robot1,robot4,4.681882790174269
0.5,robot2,robot3,4.512091888852109
0.5,robot2,robot4,4.418043097735127
0.5,robot3,robot4,1.4
0.55,robot1,robot2,1.199707015204129
0.55,robot1,robot3,4.404620035941494
0.55,robot1,robot4,4.681883260079991
0.55,robot2,robot3,4.512091002468396
0.55,robot2,robot4,4.418046945716654
0.55,robot3,robot4,1.4
0.6000000000000001,robot1,robot2,1.199692014887571
0.6000000000000001,robot1,robot3,4.404620535426973
0.6000000000000001,robot1,robot4,4.681883729985721
0.6000000000000001,robot2,robot3,4.512090116135758
0.6000000000000001,robot2,robot4,4.418050793747169
0.6000000000000001,robot3,robot4,1.4
0.65,robot1,robot2,1.1996895148089357
0.65,robot1,robot3,4.404620512749793
0.65,robot1,robot4,4.6818835591390195
0.65,robot2,robot3,4.512090160484523
0.65,robot2,robot4,4.4180514728035085
0.65,robot3,robot4,1.4
0.7000000000000001,robot1,robot2,1.1996870147305088
0.7000000000000001,robot1,robot3,4.40462049007267
0.7000000000000001,robot1,robot4,4.681883388292366
0.7000000000000001,robot2,robot3,4.51209020483423
0.7000000000000001,robot2,robot4,4.418052151860705
0.7000000000000001,robot3,robot4,1.4
0.75,robot1,robot2,1.1996870147305088
0.75,robot1,robot3,4.40462049007267
0.75,robot1,robot4,4.681883388292366
0.75,robot2,robot3,4.51209020483423
0.75,robot2,robot4,4.418052151860705
0.75,robot3,robot4,1.4
0.8,robot1,robot2,1.1996870147305088
0.8,robot1,robot3,4.40462049007267
0.8,robot1,robot4,4.681883388292366
0.8,robot2,robot3,4.51209020483423
0.8,robot2,robot4,4.418052151860705
0.8,robot3,robot4,1.4
0.8500000000000001,robot1,robot2,1.1996870148089667
0.8500000000000001,robot1,robot3,4.404620989558155
0.8500000000000001,robot1,robot4,4.681883858198136
0.8500000000000001,robot2,robot3,4.51209020483423
0.8500000000000001,robot2,robot4,4.418052151860705
0.8500000000000001,robot3,robot4,1.4
0.9,robot1,robot2,1.199687014887633
0.9,robot1,robot3,4.404621489043639
0.9,robot1,robot4,4.68188432810391
0.9,robot2,robot3,4.51209020483423
0.9,robot2,robot4,4.418052151860705
0.9,robot3,robot4,1.4
0.9500000000000001,robot1,robot2,1.199686514966514
0.9500000000000001,robot1,robot3,4.404621466366577
0.9500000000000001,robot1,robot4,4.681884157257338
0.9500000000000001,robot2,robot3,4.512089717266408
0.9500000000000001,robot2,robot4,4.418051653915021
0.9500000000000001,robot3,robot4,1.4
1.0,robot1,robot2,1.1996860150456037
1.0,robot1,robot3,4.404621443689571
1.0,robot1,robot4,4.681883986410813
1.0,robot2,robot3,4.512089229698588
1.0,robot2,robot4,4.418051155969337
1.0,robot3,robot4,1.4
1.05,robot1,robot2,1.1996865151248886
1.05,robot1,robot3,4.404621943175061
1.05,robot1,robot4,4.681884456316628
1.05,robot2,robot3,4.51208934050305
1.05,robot2,robot4,4.41805111069137
1.05,robot3,robot4,1.4
1.1,robot1,robot2,1.1996870152043824
1.1,robot1,robot3,4.404622442660552
1.1,robot1,robot4,4.681884926222451
1.1,robot2,robot3,4.512089451307564
1.1,robot2,robot4,4.418051065413459
1.1,robot3,robot4,1.4
1.1500000000000001,robot1,robot2,1.1996870152043824
1.1500000000000001,robot1,robot3,4.404622442660552
1.1500000000000001,robot1,robot4,4.681884926222451
1.1500000000000001,robot2,robot3,4.512089451307564
1.1500000000000001,robot2,robot4,4.418051065413459
1.1500000000000001,robot3,robot4,1.4
1.2000000000000002,robot1,robot2,1.1996870152043824
1.2000000000000002,robot1,robot3,4.404622442660552
1.2000000000000002,robot1,robot4,4.681884926222451
1.2000000000000002,robot2,robot3,4.512089451307564
1.2000000000000002,robot2,robot4,4.418051065413459
1.2000000000000002,robot3,robot4,1.4
1.25,robot1,robot2,1.1996865152043885
1.25,robot1,robot3,4.404622419983609
1.25,robot1,robot4,4.681884755376007
1.25,robot2,robot3,4.512089451307564
1.25,robot2,robot4,4.418051065413459
1.25,robot3,robot4,1.4
1.3,robot1,robot2,1.199686015204395
1.3,robot1,robot3,4.404622397306721
1.3,robot1,robot4,4.681884584529611
1.3,robot2,robot3,4.512089451307564
1.3,robot2,robot4,4.418051065413459
1.3,robot3,robot4,1.4
1.35,robot1,robot2,1.199686515284097
1.35,robot1,robot3,4.404622896792215
1.35,robot1,robot4,4.681885054435472
1.35,robot2,robot3,4.5120895621121315
1.35,robot2,robot4,4.418051020135604
1.35,robot3,robot4,1.4
1.4000000000000001,robot1,robot2,1.1996870153640073
1.4000000000000001,robot1,robot3,4.404623396277711
1.4000000000000001,robot1,robot4,4.681885524341341
1.4000000000000001,robot2,robot3,4.512089672916751
1.4000000000000001,robot2,robot4,4.418050974857804
1.4000000000000001,robot3,robot4,1.4
1.4500000000000002,robot1,robot2,1.1996870154441324
1.4500000000000002,robot1,robot3,4.404623396277711
1.4500000000000002,robot1,robot4,4.681885524341341
1.4500000000000002,robot2,robot3,4.512089185348983
1.4500000000000002,robot2,robot4,4.418050476912102
1.4500000000000002,robot3,robot4,1.4
1.5,robot1,robot2,1.1996870155244659
1.5,robot1,robot3,4.404623396277711
1.5,robot1,robot4,4.681885524341341
1.5,robot2,robot3,4.512088697781217
1.5,robot2,robot4,4.418049978966399
1.5,robot3,robot4,1.4
1.55,robot1,robot2,1.199686515605014
1.55,robot1,robot3,4.4046238730863845
1.55,robot1,robot4,4.681885823400919
1.55,robot2,robot3,4.512088697781217
1.55,robot2,robot4,4.418049978966399
1.55,robot3,robot4,1.4
1.6,robot1,robot2,1.1996860156857712
1.6,robot1,robot3,4.40462434989512
1.6,robot1,robot4,4.681886122460584
1.6,robot2,robot3,4.512088697781217
1.6,robot2,robot4,4.418049978966399
1.6,robot3,robot4,1.4
1.6500000000000001,robot1,robot2,1.1996865156857646
1.6500000000000001,robot1,robot3,4.40462434989512
1.6500000000000001,robot1,robot4,4.681886122460584
1.6500000000000001,robot2,robot3,4.512088808585914
1.6500000000000001,robot2,robot4,4.418049933688646
1.6500000000000001,robot3,robot4,1.4
1.7000000000000002,robot1,robot2,1.199687015685758
1.7000000000000002,robot1,robot3,4.40462434989512
1.7000000000000002,robot1,robot4,4.681886122460584
1.7000000000000002,robot2,robot3,4.5120889193906635
1.7000000000000002,robot2,robot4,4.418049888410949
1.7000000000000002,robot3,robot4,1.4
1.75,robot1,robot2,1.199687015685758
1.75,robot1,robot3,4.40462434989512
1.75,robot1,robot4,4.681886122460584
1.75,robot2,robot3,4.5120889193906635
1.75,robot2,robot4,4.418049888410949
1.75,robot3,robot4,1.4
1.8,robot1,robot2,1.199687015685758
1.8,robot1,robot3,4.40462434989512
1.8,robot1,robot4,4.681886122460584
1.8,robot2,robot3,4.5120889193906635
1.8,robot2,robot4,4.418049888410949
1.8,robot3,robot4,1.4
1.85,robot1,robot2,1.19968651584789
1.85,robot1,robot3,4.404624826703916
1.85,robot1,robot4,4.681886421520336
1.85,robot2,robot3,4.5120884318229235
1.85,robot2,robot4,4.418049390465236
1.85,robot3,robot4,1.4
1.9000000000000001,robot1,robot2,1.199686016010856
1.9000000000000001,robot1,robot3,4.404625303512774
1.9000000000000001,robot1,robot4,4.681886720580176
1.9000000000000001,robot2,robot3,4.512087944255187
1.9000000000000001,robot2,robot4,4.418048892519525
1.9000000000000001,robot3,robot4,1.4
1.9500000000000002,robot1,robot2,1.1996865160108494
1.9500000000000002,robot1,robot3,4.404625303512774
1.9500000000000002,robot1,robot4,4.681886720580176
1.9500000000000002,robot2,robot3,4.512088055060013
1.9500000000000002,robot2,robot4,4.418048847241874
1.9500000000000002,robot3,robot4,1.4
2.0,robot1,robot2,1.1996870160108426
2.0,robot1,robot3,4.404625303512774
2.0,robot1,robot4,4.681886720580176
2.0,robot2,robot3,4.512088165864892
2.0,robot2,robot4,4.418048801964279
2.0,robot3,robot4,1.4
2.0500000000000003,robot1,robot2,1.1996870160108426
2.0500000000000003,robot1,robot3,4.404625303512774
2.0500000000000003,robot1,robot4,4.681886720580176
2.0500000000000003,robot2,robot3,4.512088165864892
2.0500000000000003,robot2,robot4,4.418048801964279
2.0500000000000003,robot3,robot4,1.4
2.1,robot1,robot2,1.1996870160108426
2.1,robot1,robot3,4.404625303512774
2.1,robot1,robot4,4.681886720580176
2.1,robot2,robot3,4.512088165864892
2.1,robot2,robot4,4.418048801964279
2.1,robot3,robot4,1.4
2.15,robot1,robot2,1.199687016092635
2.15,robot1,robot3,4.4046257803216955
2.15,robot1,robot4,4.681887019640105
2.15,robot2,robot3,4.5120882766698225
2.15,robot2,robot4,4.418048756686741
2.15,robot3,robot4,1.4
2.2,robot1,robot2,1.1996870161746354
2.2,robot1,robot3,4.404626257130678
2.2,robot1,robot4,4.68188731870012
2.2,robot2,robot3,4.512088387474806
2.2,robot2,robot4,4.4180487114092575
2.2,robot3,robot4,1.4
2.25,robot1,robot2,1.1996870162568443
2.25,robot1,robot3,4.404626257130678
2.25,robot1,robot4,4.68188731870012
2.25,robot2,robot3,4.5120878999071214
2.25,robot2,robot4,4.418048213463526
2.25,robot3,robot4,1.4
2.3000000000000003,robot1,robot2,1.1996870163392617
2.3000000000000003,robot1,robot3,4.404626257130678
2.3000000000000003,robot1,robot4,4.68188731870012
2.3000000000000003,robot2,robot3,4.512087412339437
2.3000000000000003,robot2,robot4,4.418047715517794
2.3000000000000003,robot3,robot4,1.4
2.35,robot1,robot2,1.1996870164218874
2.35,robot1,robot3,4.404626756616189
2.35,robot1,robot4,4.681887788606136
2.35,robot2,robot3,4.512087412339437
2.35,robot2,robot4,4.418047715517794
2.35,robot3,robot4,1.4
2.4000000000000004,robot1,robot2,1.1996870165047215
2.4000000000000004,robot1,robot3,4.404627256101701
2.4000000000000004,robot1,robot4,4.681888258512157
2.4000000000000004,robot2,robot3,4.512087412339437
2.4000000000000004,robot2,robot4,4.418047715517794
2.4000000000000004,robot3,robot4,1.4
2.45,robot1,robot2,1.1996870165047215
2.45,robot1,robot3,4.404627233425237
2.45,robot1,robot4,4.6818880876662625
2.45,robot2,robot3,4.512087523144498
2.45,robot2,robot4,4.418047670240357
2.45,robot3,robot4,1.4
2.5,robot1,robot2,1.1996870165047215
2.5,robot1,robot3,4.404627210748829
2.5,robot1,robot4,4.681887916820415
2.5,robot2,robot3,4.512087633949611
2.5,robot2,robot4,4.418047624962977
2.5,robot3,robot4,1.4
2.5500000000000003,robot1,robot2,1.1996870165047215
2.5500000000000003,robot1,robot3,4.404627210748829
2.5500000000000003,robot1,robot4,4.681887916820415
2.5500000000000003,robot2,robot3,4.512087633949611
2.5500000000000003,robot2,robot4,4.418047624962977
2.5500000000000003,robot3,robot4,1.4
2.6,robot1,robot2,1.1996870165047215
2.6,robot1,robot3,4.404627210748829
2.6,robot1,robot4,4.681887916820415
2.6,robot2,robot3,4.512087633949611
2.6,robot2,robot4,4.418047624962977
2.6,robot3,robot4,1.4
2.6500000000000004,robot1,robot2,1.199687016587764
2.6500000000000004,robot1,robot3,4.404627710234346
2.6500000000000004,robot1,robot4,4.681888386726477
2.6500000000000004,robot2,robot3,4.512087633949611
2.6500000000000004,robot2,robot4,4.418047624962977
2.6500000000000004,robot3,robot4,1.4
2.7,robot1,robot2,1.199687016671015
2.7,robot1,robot3,4.404628209719862
2.7,robot1,robot4,4.681888856632545
2.7,robot2,robot3,4.512087633949611
2.7,robot2,robot4,4.418047624962977
2.7,robot3,robot4,1.4
2.75,robot1,robot2,1.1996870167544742
2.75,robot1,robot3,4.4046281870435156
2.75,robot1,robot4,4.681888685786778
2.75,robot2,robot3,4.512087257187133
2.75,robot2,robot4,4.418047081739906
2.75,robot3,robot4,1.4
2.8000000000000003,robot1,robot2,1.199687016838142
2.8000000000000003,robot1,robot3,4.404628164367226
2.8000000000000003,robot1,robot4,4.681888514941059
2.8000000000000003,robot2,robot3,4.512086880424734
2.8000000000000003,robot2,robot4,4.418046538516882
2.8000000000000003,robot3,robot4,1.4
2.85,robot1,robot2,1.199687016838142
2.85,robot1,robot3,4.404628164367226
2.85,robot1,robot4,4.681888514941059
2.85,robot2,robot3,4.512086880424734
2.85,robot2,robot4,4.418046538516882
2.85,robot3,robot4,1.4
2.9000000000000004,robot1,robot2,1.199687016838142
2.9000000000000004,robot1,robot3,4.404628164367226
2.9000000000000004,robot1,robot4,4.681888514941059
2.9000000000000004,robot2,robot3,4.512086880424734
2.9000000000000004,robot2,robot4,4.418046538516882
2.9000000000000004,robot3,robot4,1.4
2.95,robot1,robot2,1.199687516922011
2.95,robot1,robot3,4.4046286638527485
2.95,robot1,robot4,4.681888984847168
2.95,robot2,robot3,4.512086991230029
2.95,robot2,robot4,4.41804649323966
2.95,robot3,robot4,1.4
3.0,robot1,robot2,1.1996880170060882
3.0,robot1,robot3,4.404629163338272
3.0,robot1,robot4,4.681889454753284
3.0,robot2,robot3,4.512087102035377
3.0,robot2,robot4,4.418046447962493
3.0,robot3,robot4,1.4
3.0500000000000003,robot1,robot2,1.1996875170060952
3.0500000000000003,robot1,robot3,4.404629140662044
3.0500000000000003,robot1,robot4,4.681889283907647
3.0500000000000003,robot2,robot3,4.512087102035377
3.0500000000000003,robot2,robot4,4.418046447962493
3.0500000000000003,robot3,robot4,1.4
3.1,robot1,robot2,1.1996870170061023
3.1,robot1,robot3,4.4046291179858725
3.1,robot1,robot4,4.681889113062056
3.1,robot2,robot3,4.512087102035377
3.1,robot2,robot4,4.418046447962493
3.1,robot3,robot4,1.4
3.1500000000000004,robot1,robot2,1.199687017090395
3.1500000000000004,robot1,robot3,4.4046291179858725
3.1500000000000004,robot1,robot4,4.681889113062056
3.1500000000000004,robot2,robot3,4.512086614467773
3.1500000000000004,robot2,robot4,4.418045950016732
3.1500000000000004,robot3,robot4,1.4
3.2,robot1,robot2,1.1996870171748963
3.2,robot1,robot3,4.4046291179858725
3.2,robot1,robot4,4.681889113062056
3.2,robot2,robot3,4.512086126900172
3.2,robot2,robot4,4.418045452070972
3.2,robot3,robot4,1.4
3.25,robot1,robot2,1.1996875172595989
3.25,robot1,robot3,4.4046296174714
3.25,robot1,robot4,4.6818895829682114
3.25,robot2,robot3,4.5120862377055975
3.25,robot2,robot4,4.418045406793851
3.25,robot3,robot4,1.4
3.3000000000000003,robot1,robot2,1.1996880173445095
3.3000000000000003,robot1,robot3,4.404630116956928
3.3000000000000003,robot1,robot4,4.6818900528743725
3.3000000000000003,robot2,robot3,4.512086348511074
3.3000000000000003,robot2,robot4,4.418045361516787
3.3000000000000003,robot3,robot4,1.4
3.35,robot1,robot2,1.1996875173445167
3.35,robot1,robot3,4.404630094280819
3.35,robot1,robot4,4.681889882028864
3.35,robot2,robot3,4.512086348511074
3.35,robot2,robot4,4.418045361516787
3.35,robot3,robot4,1.4
3.4000000000000004,robot1,robot2,1.1996870173445238
3.4000000000000004,robot1,robot3,4.404630071604765
3.4000000000000004,robot1,robot4,4.681889711183402
3.4000000000000004,robot2,robot3,4.512086348511074
3.4000000000000004,robot2,robot4,4.418045361516787
3.4000000000000004,robot3,robot4,1.4
3.45,robot1,robot2,1.1996875173445167
3.45,robot1,robot3,4.404630071604765
3.45,robot1,robot4,4.681889711183402
3.45,robot2,robot3,4.512086459316604
3.45,robot2,robot4,4.418045316239779
3.45,robot3,robot4,1.4
3.5,robot1,robot2,1.1996880173445095
3.5,robot1,robot3,4.404630071604765
3.5,robot1,robot4,4.681889711183402
3.5,robot2,robot3,4.512086570122187
3.5,robot2,robot4,4.418045270962827
3.5,robot3,robot4,1.4
3.5500000000000003,robot1,robot2,1.1996880174296358
3.5500000000000003,robot1,robot3,4.404630571090299
3.5500000000000003,robot1,robot4,4.681890181089605
3.5500000000000003,robot2,robot3,4.512086570122187
3.5500000000000003,robot2,robot4,4.418045270962827
3.5500000000000003,robot3,robot4,1.4
3.6,robot1,robot2,1.1996880175149705
3.6,robot1,robot3,4.404631070575832
3.6,robot1,robot4,4.681890650995813
3.6,robot2,robot3,4.512086570122187
3.6,robot2,robot4,4.418045270962827
3.6,robot3,robot4,1.4
3.6500000000000004,robot1,robot2,1.1996875176005208
3.6500000000000004,robot1,robot3,4.404631047899841
3.6500000000000004,robot1,robot4,4.681890480150432
3.6500000000000004,robot2,robot3,4.512086082554637
3.6500000000000004,robot2,robot4,4.418044773017047
3.6500000000000004,robot3,robot4,1.4
3.7,robot1,robot2,1.1996870176862797
3.7,robot1,robot3,4.404631025223907
3.7,robot1,robot4,4.6818903093051
3.7,robot2,robot3,4.512085594987091
3.7,robot2,robot4,4.418044275071268
3.7,robot3,robot4,1.4
3.75,robot1,robot2,1.1996875176862725
3.75,robot1,robot3,4.404631025223907
3.75,robot1,robot4,4.6818903093051
3.75,robot2,robot3,4.5120857057927495
3.75,robot2,robot4,4.418044229794361
3.75,robot3,robot4,1.4
3.8000000000000003,robot1,robot2,1.1996880176862648
3.8000000000000003,robot1,robot3,4.404631025223907
3.8000000000000003,robot1,robot4,4.6818903093051
3.8000000000000003,robot2,robot3,4.512085816598462
3.8000000000000003,robot2,robot4,4.418044184517512
3.8000000000000003,robot3,robot4,1.4
3.85,robot1,robot2,1.1996880177722247
3.85,robot1,robot3,4.404631524709445
3.85,robot1,robot4,4.681890779211348
3.85,robot2,robot3,4.512085816598462
3.85,robot2,robot4,4.418044184517512
3.85,robot3,robot4,1.4
3.9000000000000004,robot1,robot2,1.1996880178583929
3.9000000000000004,robot1,robot3,4.404632024194984
3.9000000000000004,robot1,robot4,4.681891249117604
3.9000000000000004,robot2,robot3,4.512085816598462
3.9000000000000004,robot2,robot4,4.418044184517512
3.9000000000000004,robot3,robot4,1.4
3.95,robot1,robot2,1.1996880178583929
3.95,robot1,robot3,4.404632024194984
3.95,robot1,robot4,4.681891249117604
3.95,robot2,robot3,4.512085816598462
3.95,robot2,robot4,4.418044184517512
3.95,robot3,robot4,1.4
4.0,robot1,robot2,1.1996880178583929
4.0,robot1,robot3,4.404632024194984
4.0,robot1,robot4,4.681891249117604
4.0,robot2,robot3,4.512085816598462
4.0,robot2,robot4,4.418044184517512
4.0,robot3,robot4,1.4
4.05,robot1,robot2,1.199688017858393
4.05,robot1,robot3,4.404632001519111
4.05,robot1,robot4,4.681891078272352
4.05,robot2,robot3,4.512085927404226
4.05,robot2,robot4,4.418044139240718
4.05,robot3,robot4,1.4
4.1000000000000005,robot1,robot2,1.199688017858393
4.1000000000000005,robot1,robot3,4.4046319788432955
4.1000000000000005,robot1,robot4,4.681890907427148
4.1000000000000005,robot2,robot3,4.512086038210043
4.1000000000000005,robot2,robot4,4.41804409396398
4.1000000000000005,robot3,robot4,1.4
4.15,robot1,robot2,1.1996880180313547
4.15,robot1,robot3,4.40463247832884
4.15,robot1,robot4,4.681891377333444
4.15,robot2,robot3,4.512085550642546
4.15,robot2,robot4,4.41804359601818
4.15,robot3,robot4,1.4
4.2,robot1,robot2,1.19968801820515
4.2,robot1,robot3,4.404632977814384
4.2,robot1,robot4,4.681891847239746
4.2,robot2,robot3,4.512085063075053
4.2,robot2,robot4,4.418043098072381
4.2,robot3,robot4,1.4
4.25,robot1,robot2,1.19968801820515
4.25,robot1,robot3,4.404632977814384
4.25,robot1,robot4,4.681891847239746
4.25,robot2,robot3,4.512085063075053
4.25,robot2,robot4,4.418043098072381
4.25,robot3,robot4,1.4
4.3,robot1,robot2,1.19968801820515
4.3,robot1,robot3,4.404632977814384
4.3,robot1,robot4,4.681891847239746
4.3,robot2,robot3,4.512085063075053
4.3,robot2,robot4,4.418043098072381
4.3,robot3,robot4,1.4
4.3500000000000005,robot1,robot2,1.19968801820515
4.3500000000000005,robot1,robot3,4.404632955138629
4.3500000000000005,robot1,robot4,4.681891676394622
4.3500000000000005,robot2,robot3,4.512085173880947
4.3500000000000005,robot2,robot4,4.4180430527956895
4.3500000000000005,robot3,robot4,1.4
4.4,robot1,robot2,1.19968801820515
4.4,robot1,robot3,4.404632932462931
4.4,robot1,robot4,4.6818915055495465
4.4,robot2,robot3,4.5120852846868935
4.4,robot2,robot4,4.418043007519053
4.4,robot3,robot4,1.4
4.45,robot1,robot2,1.1996880182923602
4.45,robot1,robot3,4.40463343194848
4.45,robot1,robot4,4.681891975455889
4.45,robot2,robot3,4.5120852846868935
4.45,robot2,robot4,4.418043007519053
4.45,robot3,robot4,1.4
4.5,robot1,robot2,1.1996880183797787
4.5,robot1,robot3,4.40463393143403
4.5,robot1,robot4,4.681892445362239
4.5,robot2,robot3,4.5120852846868935
4.5,robot2,robot4,4.418043007519053
4.5,robot3,robot4,1.4
4.55,robot1,robot2,1.1996880184674055
4.55,robot1,robot3,4.40463393143403
4.55,robot1,robot4,4.681892445362239
4.55,robot2,robot3,4.512084797119426
4.55,robot2,robot4,4.418042509573245
4.55,robot3,robot4,1.4
4.6000000000000005,robot1,robot2,1.199688018555241
4.6000000000000005,robot1,robot3,4.40463393143403
4.6000000000000005,robot1,robot4,4.681892445362239
4.6000000000000005,robot2,robot3,4.512084309551962
4.6000000000000005,robot2,robot4,4.418042011627436
4.6000000000000005,robot3,robot4,1.4
4.65,robot1,robot2,1.1996880185552408
4.65,robot1,robot3,4.404633908758394
4.65,robot1,robot4,4.681892274517244
4.65,robot2,robot3,4.512084420357985
4.65,robot2,robot4,4.418041966350846
4.65,robot3,robot4,1.4
4.7,robot1,robot2,1.199688018555241
4.7,robot1,robot3,4.404633886082816
4.7,robot1,robot4,4.681892103672297
4.7,robot2,robot3,4.512084531164061
4.7,robot2,robot4,4.4180419210743125
4.7,robot3,robot4,1.4
4.75,robot1,robot2,1.1996880186432846
4.75,robot1,robot3,4.40463438556837
4.75,robot1,robot4,4.681892573578686
4.75,robot2,robot3,4.512084531164061
4.75,robot2,robot4,4.4180419210743125
4.75,robot3,robot4,1.4
4.800000000000001,robot1,robot2,1.1996880187315369
4.800000000000001,robot1,robot3,4.404634885053924
4.800000000000001,robot1,robot4,4.681893043485082
4.800000000000001,robot2,robot3,4.512084531164061
4.800000000000001,robot2,robot4,4.4180419210743125
4.800000000000001,robot3,robot4,1.4
4.8500000000000005,robot1,robot2,1.1996880187315369
4.8500000000000005,robot1,robot3,4.404634885053924
4.8500000000000005,robot1,robot4,4.681893043485082
4.8500000000000005,robot2,robot3,4.512084531164061
4.8500000000000005,robot2,robot4,4.4180419210743125
4.8500000000000005,robot3,robot4,1.4
4.9,robot1,robot2,1.1996880187315369
4.9,robot1,robot3,4.404634885053924
4.9,robot1,robot4,4.681893043485082
4.9,robot2,robot3,4.512084531164061
4.9,robot2,robot4,4.4180419210743125
4.9,robot3,robot4,1.4
4.95,robot1,robot2,1.1996880187315369
4.95,robot1,robot3,4.404634862378407
4.95,robot1,robot4,4.681892872640216
4.95,robot2,robot3,4.51208464197019
4.95,robot2,robot4,4.418041875797835
4.95,robot3,robot4,1.4
5.0,robot1,robot2,1.1996880187315369
5.0,robot1,robot3,4.404634839702946
5.0,robot1,robot4,4.681892701795396
5.0,robot2,robot3,4.512084752776371
5.0,robot2,robot4,4.418041830521413
5.0,robot3,robot4,1.4
5.050000000000001,robot1,robot2,1.1996880187315369
5.050000000000001,robot1,robot3,4.404634839702946
5.050000000000001,robot1,robot4,4.681892701795396
5.050000000000001,robot2,robot3,4.512084752776371
5.050000000000001,robot2,robot4,4.418041830521413
5.050000000000001,robot3,robot4,1.4
5.1000000000000005,robot1,robot2,1.1996880187315369
5.1000000000000005,robot1,robot3,4.404634839702946
5.1000000000000005,robot1,robot4,4.681892701795396
5.1000000000000005,robot2,robot3,4.512084752776371
5.1000000000000005,robot2,robot4,4.418041830521413
5.1000000000000005,robot3,robot4,1.4
5.15,robot1,robot2,1.1996885188199895
5.15,robot1,robot3,4.404634839702946
5.15,robot1,robot4,4.681892701795396
5.15,robot2,robot3,4.512084376015202
5.15,robot2,robot4,4.418041287299214
5.15,robot3,robot4,1.4
5.2,robot1,robot2,1.1996890189086504
5.2,robot1,robot3,4.404634839702946
5.2,robot1,robot4,4.681892701795396
5.2,robot2,robot3,4.512083999254114
5.2,robot2,robot4,4.418040744077063
5.2,robot3,robot4,1.4
5.25,robot1,robot2,1.1996885189975357
5.25,robot1,robot3,4.404635316513105
5.25,robot1,robot4,4.6818930008570785
5.25,robot2,robot3,4.512083999254114
5.25,robot2,robot4,4.418040744077063
5.25,robot3,robot4,1.4
5.300000000000001,robot1,robot2,1.199688019086629
5.300000000000001,robot1,robot3,4.404635793323326
5.300000000000001,robot1,robot4,4.6818932999188485
5.300000000000001,robot2,robot3,4.512083999254114
5.300000000000001,robot2,robot4,4.418040744077063
5.300000000000001,robot3,robot4,1.4
5.3500000000000005,robot1,robot2,1.199688019086629
5.3500000000000005,robot1,robot3,4.404635793323326
5.3500000000000005,robot1,robot4,4.6818932999188485
5.3500000000000005,robot2,robot3,4.512083999254114
5.3500000000000005,robot2,robot4,4.418040744077063
5.3500000000000005,robot3,robot4,1.4
5.4,robot1,robot2,1.199688019086629
5.4,robot1,robot3,4.404635793323326
5.4,robot1,robot4,4.6818932999188485
5.4,robot2,robot3,4.512083999254114
5.4,robot2,robot4,4.418040744077063
5.4,robot3,robot4,1.4
5.45,robot1,robot2,1.1996885190866213
5.45,robot1,robot3,4.404635793323326
5.45,robot1,robot4,4.6818932999188485
5.45,robot2,robot3,4.512084110060478
5.45,robot2,robot4,4.418040698800799
5.45,robot3,robot4,1.4
5.5,robot1,robot2,1.1996890190866132
5.5,robot1,robot3,4.404635793323326
5.5,robot1,robot4,4.6818932999188485
5.5,robot2,robot3,4.512084220866893
5.5,robot2,robot4,4.418040653524592
5.5,robot3,robot4,1.4
5.550000000000001,robot1,robot2,1.199688519086621
5.550000000000001,robot1,robot3,4.40463577064804
5.550000000000001,robot1,robot4,4.681893129074206
5.550000000000001,robot2,robot3,4.512084220866893
5.550000000000001,robot2,robot4,4.418040653524592
5.550000000000001,robot3,robot4,1.4
5.6000000000000005,robot1,robot2,1.199688019086629
5.6000000000000005,robot1,robot3,4.4046357479728115
5.6000000000000005,robot1,robot4,4.68189295822961
5.6000000000000005,robot2,robot3,4.512084220866893
5.6000000000000005,robot2,robot4,4.418040653524592
5.6000000000000005,robot3,robot4,1.4
5.65,robot1,robot2,1.1996880191759232
5.65,robot1,robot3,4.4046357479728115
5.65,robot1,robot4,4.68189295822961
5.65,robot2,robot3,4.512083733299534
5.65,robot2,robot4,4.418040155578744
5.65,robot3,robot4,1.4
5.7,robot1,robot2,1.1996880192654256
5.7,robot1,robot3,4.4046357479728115
5.7,robot1,robot4,4.68189295822961
5.7,robot2,robot3,4.512083245732175
5.7,robot2,robot4,4.418039657632896
5.7,robot3,robot4,1.4
5.75,robot1,robot2,1.1996880192654256
5.75,robot1,robot3,4.404635725297639
5.75,robot1,robot4,4.681892787385061
5.75,robot2,robot3,4.5120833565386675
5.75,robot2,robot4,4.4180396123567345
5.75,robot3,robot4,1.4
5.800000000000001,robot1,robot2,1.1996880192654256
5.800000000000001,robot1,robot3,4.404635702622523
5.800000000000001,robot1,robot4,4.681892616540559
5.800000000000001,robot2,robot3,4.512083467345213
5.800000000000001,robot2,robot4,4.41803956708063
5.800000000000001,robot3,robot4,1.4
5.8500000000000005,robot1,robot2,1.1996880193551365
5.8500000000000005,robot1,robot3,4.404636202108098
5.8500000000000005,robot1,robot4,4.68189308644711
5.8500000000000005,robot2,robot3,4.512083467345213
5.8500000000000005,robot2,robot4,4.41803956708063
5.8500000000000005,robot3,robot4,1.4
5.9,robot1,robot2,1.1996880194450557
5.9,robot1,robot3,4.404636701593674
5.9,robot1,robot4,4.681893556353668
5.9,robot2,robot3,4.512083467345213
5.9,robot2,robot4,4.41803956708063
5.9,robot3,robot4,1.4
5.95,robot1,robot2,1.1996885194450473
5.95,robot1,robot3,4.404636701593674
5.95,robot1,robot4,4.681893556353668
5.95,robot2,robot3,4.512083578151811
5.95,robot2,robot4,4.418039521804581
5.95,robot3,robot4,1.4
6.0,robot1,robot2,1.1996890194450394
6.0,robot1,robot3,4.404636701593674
6.0,robot1,robot4,4.681893556353668
6.0,robot2,robot3,4.5120836889584615
6.0,robot2,robot4,4.418039476528588
6.0,robot3,robot4,1.4
6.050000000000001,robot1,robot2,1.199688519535175
6.050000000000001,robot1,robot3,4.40463667891862
6.050000000000001,robot1,robot4,4.681893385509248
6.050000000000001,robot2,robot3,4.512083201391155
6.050000000000001,robot2,robot4,4.418038978582722
6.050000000000001,robot3,robot4,1.4
6.1000000000000005,robot1,robot2,1.1996880196255193
6.1000000000000005,robot1,robot3,4.404636656243622
6.1000000000000005,robot1,robot4,4.681893214664875
6.1000000000000005,robot2,robot3,4.512082713823851
6.1000000000000005,robot2,robot4,4.418038480636855
6.1000000000000005,robot3,robot4,1.4
6.15,robot1,robot2,1.1996880196255193
6.15,robot1,robot3,4.404636656243622
6.15,robot1,robot4,4.681893214664875
6.15,robot2,robot3,4.512082713823851
6.15,robot2,robot4,4.418038480636855
6.15,robot3,robot4,1.4
6.2,robot1,robot2,1.1996880196255193
6.2,robot1,robot3,4.404636656243622
6.2,robot1,robot4,4.681893214664875
6.2,robot2,robot3,4.512082713823851
6.2,robot2,robot4,4.418038480636855
6.2,robot3,robot4,1.4
6.25,robot1,robot2,1.1995040326801742
6.25,robot1,robot3,4.404691228339877
6.25,robot1,robot4,4.681889385388581
6.25,robot2,robot3,4.512082824630578
6.25,robot2,robot4,4.4180384353609075
6.25,robot3,robot4,1.4
6.300000000000001,robot1,robot2,1.1993200490482097
6.300000000000001,robot1,robot3,4.4047458083891735
6.300000000000001,robot1,robot4,4.681885564227515
6.300000000000001,robot2,robot3,4.512082935437358
6.300000000000001,robot2,robot4,4.418038390085017
6.300000000000001,robot3,robot4,1.4
6.3500000000000005,robot1,robot2,1.1993950421562531
6.3500000000000005,robot1,robot3,4.404723730061427
6.3500000000000005,robot1,robot4,4.681887219718802
6.3500000000000005,robot2,robot3,4.51208244787008
6.3500000000000005,robot2,robot4,4.4180378921391394
6.3500000000000005,robot3,robot4,1.4
6.4,robot1,robot2,1.1994700357862218
6.4,robot1,robot3,4.404701653047685
6.4,robot1,robot4,4.681888876549827
6.4,robot2,robot3,4.512081960302805
6.4,robot2,robot4,4.418037394193263
6.4,robot3,robot4,1.4
6.45,robot1,robot2,1.199483034815416
6.45,robot1,robot3,4.404698246067714
6.45,robot1,robot4,4.681889558598323
6.45,robot2,robot3,4.512081960302805
6.45,robot2,robot4,4.418037394193263
6.45,robot3,robot4,1.4
6.5,robot1,robot2,1.19949603385797
6.5,robot1,robot3,4.40469483912711
6.5,robot1,robot4,4.681890240686234
6.5,robot2,robot3,4.512081960302805
6.5,robot2,robot4,4.418037394193263
6.5,robot3,robot4,1.4
6.550000000000001,robot1,robot2,1.1994980337392183
6.550000000000001,robot1,robot3,4.4046944075990675
6.550000000000001,robot1,robot4,4.681890283243991
6.550000000000001,robot2,robot3,4.512082071109661
6.550000000000001,robot2,robot4,4.4180373489174185
6.550000000000001,robot3,robot4,1.4
6.6000000000000005,robot1,robot2,1.199500033620675
6.6000000000000005,robot1,robot3,4.404693976071551
6.6000000000000005,robot1,robot4,4.681890325802282
6.6000000000000005,robot2,robot3,4.51208218191657
6.6000000000000005,robot2,robot4,4.418037303641629
6.6000000000000005,robot3,robot4,1.4
6.65,robot1,robot2,1.1995000337391617
6.65,robot1,robot3,4.404693976071551
6.65,robot1,robot4,4.681890325802282
6.65,robot2,robot3,4.512081694349322
6.65,robot2,robot4,4.418036805695744
6.65,robot3,robot4,1.4
6.7,robot1,robot2,1.199500033857857
6.7,robot1,robot3,4.404693976071551
6.7,robot1,robot4,4.681890325802282
6.7,robot2,robot3,4.512081206782077
6.7,robot2,robot4,4.418036307749858
6.7,robot3,robot4,1.4
6.75,robot1,robot2,1.199500033857857
6.75,robot1,robot3,4.404693976071551
6.75,robot1,robot4,4.681890325802282
6.75,robot2,robot3,4.512081206782077
6.75,robot2,robot4,4.418036307749858
6.75,robot3,robot4,1.4
6.800000000000001,robot1,robot2,1.199500033857857
6.800000000000001,robot1,robot3,4.404693976071551
6.800000000000001,robot1,robot4,4.681890325802282
6.800000000000001,robot2,robot3,4.512081206782077
6.800000000000001,robot2,robot4,4.418036307749858
6.800000000000001,robot3,robot4,1.4
6.8500000000000005,robot1,robot2,1.1995005339767466
6.8500000000000005,robot1,robot3,4.404694475558124
6.8500000000000005,robot1,robot4,4.681890795716219
6.8500000000000005,robot2,robot3,4.512081317589063
6.8500000000000005,robot2,robot4,4.418036262474116
6.8500000000000005,robot3,robot4,1.4
6.9,robot1,robot2,1.1995010340958445
6.9,robot1,robot3,4.404694975044697
6.9,robot1,robot4,4.681891265630162
6.9,robot2,robot3,4.512081428396102
6.9,robot2,robot4,4.418036217198429
6.9,robot3,robot4,1.4
6.95,robot1,robot2,1.1995005340958587
6.95,robot1,robot3,4.4046949523916235
6.95,robot1,robot4,4.681891094806056
6.95,robot2,robot3,4.512081428396102
6.95,robot2,robot4,4.418036217198429
6.95,robot3,robot4,1.4
7.0,robot1,robot2,1.1995000340958728
7.0,robot1,robot3,4.404694929738607
7.0,robot1,robot4,4.681890923981997
7.0,robot2,robot3,4.512081428396102
7.0,robot2,robot4,4.418036217198429
7.0,robot3,robot4,1.4
7.050000000000001,robot1,robot2,1.1995630367671388
7.050000000000001,robot1,robot3,4.404695429225186
7.050000000000001,robot1,robot4,4.681891393895981
7.050000000000001,robot2,robot3,4.512085151625161
7.050000000000001,robot2,robot4,4.418020056033726
7.050000000000001,robot3,robot4,1.4
7.1000000000000005,robot1,robot2,1.1996260395389888
7.1000000000000005,robot1,robot3,4.4046959287117655
7.1000000000000005,robot1,robot4,4.6818918638099705
7.1000000000000005,robot2,robot3,4.51208887575522
7.1000000000000005,robot2,robot4,4.41800389573323
7.1000000000000005,robot3,robot4,1.4
7.15,robot1,robot2,1.1997255444277661
7.15,robot1,robot3,4.4046959287117655
7.15,robot1,robot4,4.6818918638099705
7.15,robot2,robot3,4.512092890365236
7.15,robot2,robot4,4.417976465677981
7.15,robot3,robot4,1.4
7.2,robot1,robot2,1.1998250496009824
7.2,robot1,robot3,4.4046959287117655
7.2,robot1,robot4,4.6818918638099705
7.2,robot2,robot3,4.512096907241688
7.2,robot2,robot4,4.417949037770807
7.2,robot3,robot4,1.4
7.25,robot1,robot2,1.1997735467692434
7.25,robot1,robot3,4.404695906058811
7.25,robot1,robot4,4.681891692985993
7.25,robot2,robot3,4.512095352767824
7.25,robot2,robot4,4.417963611492177
7.25,robot3,robot4,1.4
7.300000000000001,robot1,robot2,1.199722044020614
7.300000000000001,robot1,robot3,4.404695883405914
7.300000000000001,robot1,robot4,4.681891522162063
7.300000000000001,robot2,robot3,4.512093798892041
7.300000000000001,robot2,robot4,4.417978185776838
7.300000000000001,robot3,robot4,1.4
7.3500000000000005,robot1,robot2,1.1997110437505356
7.3500000000000005,robot1,robot3,4.404696382892498
7.3500000000000005,robot1,robot4,4.6818919920760935
7.3500000000000005,robot2,robot3,4.5120928232982145
7.3500000000000005,robot2,robot4,4.417980675156836
7.3500000000000005,robot3,robot4,1.4
7.4,robot1,robot2,1.1997000434812863
7.4,robot1,robot3,4.404696882379081
7.4,robot1,robot4,4.681892461990129
7.4,robot2,robot3,4.512091847731493
7.4,robot2,robot4,4.417983164563328
7.4,robot3,robot4,1.4
7.45,robot1,robot2,1.1996985433468277
7.45,robot1,robot3,4.404696882379081
7.45,robot1,robot4,4.681892461990129
7.45,robot2,robot3,4.512092002806736
7.45,robot2,robot4,4.417983798271843
7.45,robot3,robot4,1.4
7.5,robot1,robot2,1.199697043212577
7.5,robot1,robot3,4.404696882379081
7.5,robot1,robot4,4.681892461990129
7.5,robot2,robot3,4.5120921578825275
7.5,robot2,robot4,4.417984431980833
7.5,robot3,robot4,1.4
7.550000000000001,robot1,robot2,1.1996965433468998
7.550000000000001,robot1,robot3,4.404696859726245
7.550000000000001,robot1,robot4,4.681892291166281
7.550000000000001,robot2,robot3,4.512091670320236
7.550000000000001,robot2,robot4,4.417983934032949
7.550000000000001,robot3,robot4,1.4
7.6000000000000005,robot1,robot2,1.1996960434814312
7.6000000000000005,robot1,robot3,4.404696837073466
7.6000000000000005,robot1,robot4,4.6818921203424795
7.6000000000000005,robot2,robot3,4.5120911827579455
7.6000000000000005,robot2,robot4,4.417983436085065
7.6000000000000005,robot3,robot4,1.4
7.65,robot1,robot2,1.1996965436161346
7.65,robot1,robot3,4.404697336560056
7.65,robot1,robot4,4.681892590256557
7.65,robot2,robot3,4.512091293586739
7.65,robot2,robot4,4.417983390831302
7.65,robot3,robot4,1.4
7.7,robot1,robot2,1.1996970437510464
7.7,robot1,robot3,4.404697836046647
7.7,robot1,robot4,4.6818930601706406
7.7,robot2,robot3,4.512091404415584
7.7,robot2,robot4,4.417983345577595
7.7,robot3,robot4,1.4
7.75,robot1,robot2,1.1996970437510464
7.75,robot1,robot3,4.404697836046647
7.75,robot1,robot4,4.6818930601706406
7.75,robot2,robot3,4.512091404415584
7.75,robot2,robot4,4.417983345577595
7.75,robot3,robot4,1.4
7.800000000000001,robot1,robot2,1.1996970437510464
7.800000000000001,robot1,robot3,4.404697836046647
7.800000000000001,robot1,robot4,4.6818930601706406
7.800000000000001,robot2,robot3,4.512091404415584
7.800000000000001,robot2,robot4,4.417983345577595
7.800000000000001,robot3,robot4,1.4
7.8500000000000005,robot1,robot2,1.1996965437510645
7.8500000000000005,robot1,robot3,4.404697813393929
7.8500000000000005,robot1,robot4,4.681892889346921
7.8500000000000005,robot2,robot3,4.512091404415584
7.8500000000000005,robot2,robot4,4.417983345577595
7.8500000000000005,robot3,robot4,1.4
7.9,robot1,robot2,1.1996960437510829
7.9,robot1,robot3,4.404697790741268
7.9,robot1,robot4,4.6818927185232475
7.9,robot2,robot3,4.512091404415584
7.9,robot2,robot4,4.417983345577595
7.9,robot3,robot4,1.4
7.95,robot1,robot2,1.200003670133242
7.95,robot1,robot3,4.405025886232595
7.95,robot1,robot4,4.682293183727313
7.95,robot2,robot3,4.512091027682232
7.95,robot2,robot4,4.417982802376047
7.95,robot3,robot4,1.4
8.0,robot1,robot2,1.2003113791166857
8.0,robot1,robot3,4.405354001134984
8.0,robot1,robot4,4.68269365593309
8.0,robot2,robot3,4.512090650948959
8.0,robot2,robot4,4.417982259174544
8.0,robot3,robot4,1.4
8.05,robot1,robot2,1.2000815016799902
8.05,robot1,robot3,4.4047380021489655
8.05,robot1,robot4,4.682014573618418
8.05,robot2,robot3,4.512395403674334
8.05,robot2,robot4,4.418260707461846
8.05,robot3,robot4,1.4
8.1,robot1,robot2,1.1998522850055335
8.1,robot1,robot3,4.404122024333228
8.1,robot1,robot4,4.681335493768525
8.1,robot2,robot3,4.5127001567008636
8.1,robot2,robot4,4.418539159528633
8.1,robot3,robot4,1.4
8.15,robot1,robot2,1.1997537805660374
8.15,robot1,robot3,4.403539104272181
8.15,robot1,robot4,4.681070940162758
8.15,robot2,robot3,4.512032782514578
8.15,robot2,robot4,4.418279181586
8.15,robot3,robot4,1.3996700408110476
8.200000000000001,robot1,robot2,1.199655276161031
8.200000000000001,robot1,robot3,4.402956203407434
8.200000000000001,robot1,robot4,4.680806386700907
8.200000000000001,robot2,robot3,4.511365419061617
8.200000000000001,robot2,robot4,4.418019204359461
8.200000000000001,robot3,robot4,1.399340163282681
8.25,robot1,robot2,1.1997061497867925
8.25,robot1,robot3,4.4034538474760065
8.25,robot1,robot4,4.680959265788423
8.25,robot2,robot3,4.511669946820412
8.25,robot2,robot4,4.417882170105067
8.25,robot3,robot4,1.3997000188148352
8.3,robot1,robot2,1.199757061772924
8.3,robot1,robot3,4.4039514931925625
8.3,robot1,robot4,4.681112159424724
8.3,robot2,robot3,4.511974475072858
8.3,robot2,robot4,4.417745151148943
8.3,robot3,robot4,1.400060016816779
8.35,robot1,robot2,1.200023071413629
8.35,robot1,robot3,4.403417522458125
8.35,robot1,robot4,4.680418093232298
8.35,robot2,robot3,4.511502578069445
8.35,robot2,robot4,4.416887123320705
8.35,robot3,robot4,1.4003861221895195
8.4,robot1,robot2,1.2002890817507255
8.4,robot1,robot3,4.4028835580519265
8.4,robot1,robot4,4.679724147569491
8.4,robot2,robot3,4.5110306931939625
8.4,robot2,robot4,4.416029113425884
8.4,robot3,robot4,1.4007123241954431
8.450000000000001,robot1,robot2,1.200722629192625
8.450000000000001,robot1,robot3,4.402305952445859
8.450000000000001,robot1,robot4,4.680024207222677
8.450000000000001,robot2,robot3,4.510608160582395
8.450000000000001,robot2,robot4,4.416416999136574
8.450000000000001,robot3,robot4,1.400480000892551
8.5,robot1,robot2,1.2011561874198542
8.5,robot1,robot3,4.4017283639662494
8.5,robot1,robot4,4.680324268692502
8.5,robot2,robot3,4.51018564614673
8.5,robot2,robot4,4.416804931624783
8.5,robot3,robot4,1.4002482598143087
8.55,robot1,robot2,1.2017322911348642
8.55,robot1,robot3,4.40113065058571
8.55,robot1,robot4,4.679809781205241
8.55,robot2,robot3,4.509805873425068
8.55,robot2,robot4,4.4163017484355045
8.55,robot3,robot4,1.4001867424591086
8.6,robot1,robot2,1.2023084175318743
8.6,robot1,robot3,4.4005329648265334
8.6,robot1,robot4,4.679295339623799
8.6,robot2,robot3,4.50942612754805
8.6,robot2,robot4,4.415798582011299
8.6,robot3,robot4,1.400125225703044
8.65,robot1,robot2,1.2031059872171748
8.65,robot1,robot3,4.400095583585096
8.65,robot1,robot4,4.679021670239443
8.65,robot2,robot3,4.509133381314114
8.65,robot2,robot4,4.415393852875415
8.65,robot3,robot4,1.4001207274104082
8.700000000000001,robot1,robot2,1.2039035622263314
8.700000000000001,robot1,robot3,4.399658253957942
8.700000000000001,robot1,robot4,4.678748072811385
8.700000000000001,robot2,robot3,4.5088406736279785
8.700000000000001,robot2,robot4,4.41498914560489
8.700000000000001,robot3,robot4,1.400116229124211
8.75,robot1,robot2,1.2047011425487701
8.75,robot1,robot3,4.399220975960467
8.75,robot1,robot4,4.6784745473522475
8.75,robot2,robot3,4.508548004497152
8.75,robot2,robot4,4.414584460205739
8.75,robot3,robot4,1.400111730844453
8.8,robot1,robot2,1.2054987281739455
8.8,robot1,robot3,4.398783749608067
8.8,robot1,robot4,4.678201093874653
8.8,robot2,robot3,4.508255373929143
8.8,robot2,robot4,4.414179796683977
8.8,robot3,robot4,1.4001072325711343
8.85,robot1,robot2,1.2064413611786111
8.85,robot1,robot3,4.398400465187885
8.85,robot1,robot4,4.677963759811127
8.85,robot2,robot3,4.50806401974667
8.85,robot2,robot4,4.413810355844398
8.85,robot3,robot4,1.4001272081711895
8.9,robot1,robot2,1.2073840052166502
8.9,robot1,robot3,4.398017247884779
8.9,robot1,robot4,4.677726520783039
8.9,robot2,robot3,4.507872714958243
8.9,robot2,robot4,4.413440945308774
8.9,robot3,robot4,1.400147185123407
8.950000000000001,robot1,robot2,1.2084375993125378
8.950000000000001,robot1,robot3,4.397734251835825
8.950000000000001,robot1,robot4,4.677661189937579
8.950000000000001,robot2,robot3,4.507741770227666
8.950000000000001,robot2,robot4,4.413183011172604
8.950000000000001,robot3,robot4,1.4001571958138308
9.0,robot1,robot2,1.209491197530598
9.0,robot1,robot3,4.397451340076431
9.0,robot1,robot4,4.677595954471699
9.0,robot2,robot3,4.507610881002485
9.0,robot2,robot4,4.412925118361517
9.0,robot3,robot4,1.4001672068042448
9.05,robot1,robot2,1.2103331424830934
9.05,robot1,robot3,4.397359125099888
9.05,robot1,robot4,4.677534003662721
9.05,robot2,robot3,4.507574775927544
9.05,robot2,robot4,4.4126452006453
9.05,robot3,robot4,1.4001746607803076
9.1,robot1,robot2,1.2111750887679287
9.1,robot1,robot3,4.397266939793967
9.1,robot1,robot4,4.677472088825971
9.1,robot2,robot3,4.5075387277152705
9.1,robot2,robot4,4.412365329791494
9.1,robot3,robot4,1.4001821205418246
9.15,robot1,robot2,1.2129144338303506
9.15,robot1,robot3,4.396994314315775
9.15,robot1,robot4,4.677654272599676
9.15,robot2,robot3,4.507543705308274
9.15,robot2,robot4,4.412276294102172
9.15,robot3,robot4,1.4002081379303044
9.200000000000001,robot1,robot2,1.2146538257215511
9.200000000000001,robot1,robot3,4.396722086504217
9.200000000000001,robot1,robot4,4.677836848178654
9.200000000000001,robot2,robot3,4.507548726046342
9.200000000000001,robot2,robot4,4.412187294428241
9.200000000000001,robot3,robot4,1.4002341564895493
9.25,robot1,robot2,1.2176857134796728
9.25,robot1,robot3,4.3957341246486346
9.25,robot1,robot4,4.678070448854154
9.25,robot2,robot3,4.507503303290304
9.25,robot2,robot4,4.41183943798729
9.25,robot3,robot4,1.402306141067991
9.3,robot1,robot2,1.2207179860598434
9.3,robot1,robot3,4.39474678262946
9.3,robot1,robot4,4.678307180307424
9.3,robot2,robot3,4.507458364144698
9.3,robot2,robot4,4.411491685387381
9.3,robot3,robot4,1.4043781264673698
9.35,robot1,robot2,1.223844221109145
9.35,robot1,robot3,4.393713731617537
9.35,robot1,robot4,4.678677654530204
9.35,robot2,robot3,4.507443871356165
9.35,robot2,robot4,4.411012755361404
9.35,robot3,robot4,1.4075911014819786
9.4,robot1,robot2,1.226970709337839
9.4,robot1,robot3,4.3926809112770755
9.4,robot1,robot4,4.679052091802035
9.4,robot2,robot3,4.507430480755195
9.4,robot2,robot4,4.410534095413162
9.4,robot3,robot4,1.4108040792913097
9.450000000000001,robot1,robot2,1.2307283142380572
9.450000000000001,robot1,robot3,4.391926774518816
9.450000000000001,robot1,robot4,4.679710239509493
9.450000000000001,robot2,robot3,4.507573839136192
9.450000000000001,robot2,robot4,4.410010323747581
9.450000000000001,robot3,robot4,1.4140935606027805
9.5,robot1,robot2,1.2344859814813613
9.5,robot1,robot3,4.391172846952508
9.5,robot1,robot4,4.680372239224675
9.5,robot2,robot3,4.507719034457339
9.5,robot2,robot4,4.409486609416225
9.5,robot3,robot4,1.4173830444569318
9.55,robot1,robot2,1.2381778990481338
9.55,robot1,robot3,4.3906735901308185
9.55,robot1,robot4,4.681278370032058
9.55,robot2,robot3,4.5079168073120535
9.55,robot2,robot4,4.409035651129195
9.55,robot3,robot4,1.4206790303172812
9.600000000000001,robot1,robot2,1.24186982317995
9.600000000000001,robot1,robot3,4.390174539630969
9.600000000000001,robot1,robot4,4.682188211212894
9.600000000000001,robot2,robot3,4.508116310831498
9.600000000000001,robot2,robot4,4.408584767484686
9.600000000000001,robot3,robot4,1.4239750188992082
9.65,robot1,robot2,1.2451512961111395
9.65,robot1,robot3,4.389890893557748
9.65,robot1,robot4,4.6833172921428785
9.65,robot2,robot3,4.508534142375435
9.65,robot2,robot4,4.408498410625465
9.65,robot3,robot4,1.427288008912094
9.700000000000001,robot1,robot2,1.248432804840533
9.700000000000001,robot1,robot3,4.389607475669893
9.700000000000001,robot1,robot4,4.684450080384356
9.700000000000001,robot2,robot3,4.508953105865373
9.700000000000001,robot2,robot4,4.408412294462146
9.700000000000001,robot3,robot4,1.430601002645392
9.75,robot1,robot2,1.2509658044075387
9.75,robot1,robot3,4.389572536605843
9.75,robot1,robot4,4.685709964355054
9.75,robot2,robot3,4.5096015165282894
9.75,robot2,robot4,4.408667890664963
9.75,robot3,robot4,1.433983001708528
9.8,robot1,robot2,1.253498836812384
9.8,robot1,robot3,4.389537630737889
9.8,robot1,robot4,4.686972529506227
9.8,robot2,robot3,4.510250866992878
9.8,robot2,robot4,4.408923819619477
9.8,robot3,robot4,1.437365000977135
9.850000000000001,robot1,robot2,1.2550484843543892
9.850000000000001,robot1,robot3,4.389603497582356
9.850000000000001,robot1,robot4,4.688117761450564
9.850000000000001,robot2,robot3,4.510956503060742
9.850000000000001,robot2,robot4,4.409287210026639
9.850000000000001,robot3,robot4,1.4408975013124632
9.9,robot1,robot2,1.2565981440607812
9.9,robot1,robot3,4.389669439228084
9.9,robot1,robot4,4.68926458882339
9.9,robot2,robot3,4.5116630343812245
9.9,robot2,robot4,4.4096510366923605
9.9,robot3,robot4,1.4444300016961709
9.950000000000001,robot1,robot2,1.2580904096367638
9.950000000000001,robot1,robot3,4.389482329912777
9.950000000000001,robot1,robot4,4.690145109461033
9.950000000000001,robot2,robot3,4.512186907048343
9.950000000000001,robot2,robot4,4.4098510428314075
9.950000000000001,robot3,robot4,1.447831001181854
10.0,robot1,robot2,1.2595827187100497
10.0,robot1,robot3,4.389295266471942
10.0,robot1,robot4,4.691027318396899
10.0,robot2,robot3,4.5127115615549815
10.0,robot2,robot4,4.410051519284667
10.0,robot3,robot4,1.4512320007610775
10.05,robot1,robot2,1.2615816171704866
10.05,robot1,robot3,4.387856370305578
10.05,robot1,robot4,4.690412207740488
10.05,robot2,robot3,4.511482890620472
10.05,robot2,robot4,4.408706343361565
10.05,robot3,robot4,1.4519590051675875
10.100000000000001,robot1,robot2,1.263580519001856
10.100000000000001,robot1,robot3,4.386417902942902
10.100000000000001,robot1,robot4,4.689798326809587
10.100000000000001,robot2,robot3,4.510254446526604
10.100000000000001,robot2,robot4,4.407361172694723
10.100000000000001,robot3,robot4,1.4526860134936248
10.15,robot1,robot2,1.2658320212635839
10.15,robot1,robot3,4.384472501335822
10.15,robot1,robot4,4.688720285830906
10.15,robot2,robot3,4.508280931908664
10.15,robot2,robot4,4.405213542330099
10.15,robot3,robot4,1.4532930210749826
10.200000000000001,robot1,robot2,1.268083550128303
10.200000000000001,robot1,robot3,4.382527716729924
10.200000000000001,robot1,robot4,4.687643817322835
10.200000000000001,robot2,robot3,4.5063077355160726
10.200000000000001,robot2,robot4,4.403065914178096
10.200000000000001,robot3,robot4,1.4539000303353047
10.25,robot1,robot2,1.2697498748388403
10.25,robot1,robot3,4.380374840462971
10.25,robot1,robot4,4.686182274918892
10.25,robot2,robot3,4.504216825399533
10.25,robot2,robot4,4.4008133216637635
10.25,robot3,robot4,1.4544160256216239
10.3,robot1,robot2,1.2714162006255072
10.3,robot1,robot3,4.378222389832888
10.3,robot1,robot4,4.684722019419829
10.3,robot2,robot3,4.502126104655999
10.3,robot2,robot4,4.398560751501564
10.3,robot3,robot4,1.454932021307181
10.350000000000001,robot1,robot2,1.2725353046168308
10.350000000000001,robot1,robot3,4.3758942204909665
10.350000000000001,robot1,robot4,4.682933919524197
10.350000000000001,robot2,robot3,4.49995941357786
10.350000000000001,robot2,robot4,4.396271232932574
10.350000000000001,robot3,robot4,1.4553275128638572
10.4,robot1,robot2,1.273654417930547
10.4,robot1,robot3,4.37356631765805
10.4,robot1,robot4,4.681146795850991
10.4,robot2,robot3,4.4977928261342806
10.4,robot2,robot4,4.393981760439614
10.4,robot3,robot4,1.4557230065410796
10.450000000000001,robot1,robot2,1.2742117453241437
10.450000000000001,robot1,robot3,4.3710926297742185
10.450000000000001,robot1,robot4,4.6791418647615295
10.450000000000001,robot2,robot3,4.495547229273928
10.450000000000001,robot2,robot4,4.391700226450117
10.450000000000001,robot3,robot4,1.4561525016111807
10.5,robot1,robot2,1.274769115993167
10.5,robot1,robot3,4.368619098065773
10.5,robot1,robot4,4.677137771313776
10.5,robot2,robot3,4.493301666832642
10.5,robot2,robot4,4.389418833114471
10.5,robot3,robot4,1.4565820000003433
10.55,robot1,robot2,1.274802594056429
10.55,robot1,robot3,4.365801095991949
10.55,robot1,robot4,4.674634947840445
10.55,robot2,robot3,4.491006670525496
10.55,robot2,robot4,4.387089131332443
10.55,robot3,robot4,1.4569530063942522
10.600000000000001,robot1,robot2,1.2748363259093303
10.600000000000001,robot1,robot3,4.362983160652468
10.600000000000001,robot1,robot4,4.672132805906206
10.600000000000001,robot2,robot3,4.48871168129264
10.600000000000001,robot2,robot4,4.384759637284238
10.600000000000001,robot3,robot4,1.457324025383511
10.65,robot1,robot2,1.2745764060562434
10.65,robot1,robot3,4.359482375294256
10.65,robot1,robot4,4.669008508823474
10.65,robot2,robot3,4.486511063804534
10.65,robot2,robot4,4.382638665027753
10.65,robot3,robot4,1.4577085405897334
10.700000000000001,robot1,robot2,1.274317975111785
10.700000000000001,robot1,robot3,4.355981630083625
10.700000000000001,robot1,robot4,4.665884963486027
10.700000000000001,robot2,robot3,4.484310446337653
10.700000000000001,robot2,robot4,4.380517964943643
10.700000000000001,robot3,robot4,1.4580930593432642
10.75,robot1,robot2,1.2732719005786826
10.75,robot1,robot3,4.352413220849843
10.75,robot1,robot4,4.6624712464400515
10.75,robot2,robot3,4.48080440234142
10.75,robot2,robot4,4.376984873075586
10.75,robot3,robot4,1.4587952008473466
10.8,robot1,robot2,1.2722258633851145
10.8,robot1,robot3,4.348844816996808
10.8,robot1,robot4,4.659058423065544
10.8,robot2,robot3,4.4772983674034945
10.8,robot2,robot4,4.37345274977883
10.8,robot3,robot4,1.4594974259086586
10.850000000000001,robot1,robot2,1.270876126382898
10.850000000000001,robot1,robot3,4.345238947465375
10.850000000000001,robot1,robot4,4.6554241347325425
10.850000000000001,robot2,robot3,4.4735578158105875
10.850000000000001,robot2,robot4,4.369611792926375
10.850000000000001,robot3,robot4,1.4600993365765391
10.9,robot1,robot2,1.2695263903212095
10.9,robot1,robot3,4.341633078194425
10.9,robot1,robot4,4.651790558364059
10.9,robot2,robot3,4.4698172796160245
10.9,robot2,robot4,4.365771850437102
10.9,robot3,robot4,1.4607013843085794
10.950000000000001,robot1,robot2,1.267883661137133
10.950000000000001,robot1,robot3,4.338015195536433
10.950000000000001,robot1,robot4,4.648009825336539
10.950000000000001,robot2,robot3,4.466096203988725
10.950000000000001,robot2,robot4,4.361938374380649
10.950000000000001,robot3,robot4,1.4611901455183716
11.0,robot1,robot2,1.2662409383367763
11.0,robot1,robot3,4.334397322419346
11.0,robot1,robot4,4.644229627108569
11.0,robot2,robot3,4.462375163231796
11.0,robot2,robot4,4.358105927283662
11.0,robot3,robot4,1.461679072500185
11.05,robot1,robot2,1.2643628779998246
11.05,robot1,robot3,4.3308869264182475
11.05,robot1,robot4,4.640408341697985
11.05,robot2,robot3,4.458463532641317
11.05,robot2,robot4,4.35404650405393
11.05,robot3,robot4,1.4620297494494598
11.100000000000001,robot1,robot2,1.262484852712301
11.100000000000001,robot1,robot3,4.327376566698351
11.100000000000001,robot1,robot4,4.636587390964177
11.100000000000001,robot2,robot3,4.454551937415255
11.100000000000001,robot2,robot4,4.349988047645188
11.100000000000001,robot3,robot4,1.462380616472333
11.15,robot1,robot2,1.2609954432329444
11.15,robot1,robot3,4.323997643360973
11.15,robot1,robot4,4.632218255849458
11.15,robot2,robot3,4.4510842073482495
11.15,robot2,robot4,4.345573614054104
11.15,robot3,robot4,1.4626096553456258
11.200000000000001,robot1,robot2,1.259506037775524
11.200000000000001,robot1,robot3,4.320618731430141
11.200000000000001,robot1,robot4,4.627849622622152
11.200000000000001,robot2,robot3,4.447616496611415
11.200000000000001,robot2,robot4,4.341159893388516
11.200000000000001,robot3,robot4,1.462839780837601
11.25,robot1,robot2,1.2590992122136366
11.25,robot1,robot3,4.31684398256255
11.25,robot1,robot4,4.622629309008699
11.25,robot2,robot3,4.44524976841285
11.25,robot2,robot4,4.3370310383222135
11.25,robot3,robot4,1.4629533200691165
11.3,robot1,robot2,1.2586940411096734
11.3,robot1,robot3,4.3130692404524416
11.3,robot1,robot4,4.617409978862284
11.3,robot2,robot3,4.442883046047015
11.3,robot2,robot4,4.332902374967845
11.3,robot3,robot4,1.4630692212311762
11.350000000000001,robot1,robot2,1.259084524706741
11.350000000000001,robot1,robot3,4.309096714225181
11.350000000000001,robot1,robot4,4.612310030121809
11.350000000000001,robot2,robot3,4.440326765891701
11.350000000000001,robot2,robot4,4.328706166798602
11.350000000000001,robot3,robot4,1.462940611548022
11.4,robot1,robot2,1.2594764776640333
11.4,robot1,robot3,4.305124262990094
11.4,robot1,robot4,4.60721117174479
11.4,robot2,robot3,4.437770574323215
11.4,robot2,robot4,4.324509974605331
11.4,robot3,robot4,1.4628136880204534
11.450000000000001,robot1,robot2,1.260698506285801
11.450000000000001,robot1,robot3,4.299459185080404
11.450000000000001,robot1,robot4,4.602223254677297
11.450000000000001,robot2,robot3,4.433867444443733
11.450000000000001,robot2,robot4,4.320396538655479
11.450000000000001,robot3,robot4,1.4628897695695495
11.5,robot1,robot2,1.2619222291234908
11.5,robot1,robot3,4.293794210732624
11.5,robot1,robot4,4.597236638477511
11.5,robot2,robot3,4.429965040042303
11.5,robot2,robot4,4.316283131047361
11.5,robot3,robot4,1.4629658676896735
11.55,robot1,robot2,1.2638810893083456
11.55,robot1,robot3,4.288641498857797
11.55,robot1,robot4,4.59192027464472
11.55,robot2,robot3,4.426908940321734
11.55,robot2,robot4,4.312018544016711
11.55,robot3,robot4,1.4627252754541777
11.600000000000001,robot1,robot2,1.2658424187666488
11.600000000000001,robot1,robot3,4.283489077556285
11.600000000000001,robot1,robot4,4.586605549892099
11.600000000000001,robot2,robot3,4.4238536182185095
11.600000000000001,robot2,robot4,4.307754152597384
11.600000000000001,robot3,robot4,1.4624850675835976
11.65,robot1,robot2,1.2686857385534844
11.65,robot1,robot3,4.278737514584208
11.65,robot1,robot4,4.581561994288874
11.65,robot2,robot3,4.420028217595929
11.65,robot2,robot4,4.302356604624522
11.65,robot3,robot4,1.4619968283990907
11.700000000000001,robot1,robot2,1.2715291912374644
11.700000000000001,robot1,robot3,4.273986383217078
11.700000000000001,robot1,robot4,4.576519977069258
11.700000000000001,robot2,robot3,4.416204476063353
11.700000000000001,robot2,robot4,4.2969597341856725
11.700000000000001,robot3,robot4,1.4615090883100934
11.75,robot1,robot2,1.274901310934007
11.75,robot1,robot3,4.269450911258086
11.75,robot1,robot4,4.571685148150188
11.75,robot2,robot3,4.412670360387942
11.75,robot2,robot4,4.291671275841178
11.75,robot3,robot4,1.461066222010659
11.8,robot1,robot2,1.2782735594957755
11.8,robot1,robot3,4.264915990179056
11.8,robot1,robot4,4.566852062000038
11.8,robot2,robot3,4.409138282373665
11.8,robot2,robot4,4.286383774012775
11.8,robot3,robot4,1.460623946132953
11.850000000000001,robot1,robot2,1.2821471679696137
11.850000000000001,robot1,robot3,4.260608794278641
11.850000000000001,robot1,robot4,4.562193629208897
11.850000000000001,robot2,robot3,4.405861707418084
11.850000000000001,robot2,robot4,4.281090650985242
11.850000000000001,robot3,robot4,1.4603630833413483
11.9,robot1,robot2,1.2860208778476343
11.9,robot1,robot3,4.256302287661087
11.9,robot1,robot4,4.557537379093779
11.9,robot2,robot3,4.402587550411349
11.9,robot2,robot4,4.275798623593141
11.9,robot3,robot4,1.4601030567086692
11.950000000000001,robot1,robot2,1.290409743579147
11.950000000000001,robot1,robot3,4.252231774251052
11.950000000000001,robot1,robot4,4.553051431428515
11.950000000000001,robot2,robot3,4.399468470668502
11.950000000000001,robot2,robot4,4.270340492141258
11.950000000000001,robot3,robot4,1.4601502262866655
12.0,robot1,robot2,1.2947986368930111
12.0,robot1,robot3,4.248162072471577
12.0,robot1,robot4,4.548568309528614
12.0,robot2,robot3,4.396352348800309
12.0,robot2,robot4,4.264883512032187
12.0,robot3,robot4,1.4601986081112392
12.05,robot1,robot2,1.2994995342811786
12.05,robot1,robot3,4.243583342955131
12.05,robot1,robot4,4.544291713513229
12.05,robot2,robot3,4.39304508937175
12.05,robot2,robot4,4.259624583717443
12.05,robot3,robot4,1.4609766423958495
12.100000000000001,robot1,robot2,1.3042005376873607
12.100000000000001,robot1,robot3,4.239005333249889
12.100000000000001,robot1,robot4,4.540018912667656
12.100000000000001,robot2,robot3,4.389741703276515
12.100000000000001,robot2,robot4,4.254366551916748
12.100000000000001,robot3,robot4,1.4617551555048474
12.15,robot1,robot2,1.3087567607359283
12.15,robot1,robot3,4.233120047804368
12.15,robot1,robot4,4.535415208717637
12.15,robot2,robot3,4.385965008463388
12.15,robot2,robot4,4.249092715945517
12.15,robot3,robot4,1.4642283589266396
12.200000000000001,robot1,robot2,1.3133134526227928
12.200000000000001,robot1,robot3,4.227234796802751
12.200000000000001,robot1,robot4,4.530816138634738
12.200000000000001,robot2,robot3,4.382195409361386
12.200000000000001,robot2,robot4,4.243819434524164
12.200000000000001,robot3,robot4,1.4667015640616874
12.25,robot1,robot2,1.3171638381178137
12.25,robot1,robot3,4.221416028753503
12.25,robot1,robot4,4.525958362623324
12.25,robot2,robot3,4.378481089865326
12.25,robot2,robot4,4.238443791121837
12.25,robot3,robot4,1.4693351612361965
12.3,robot1,robot2,1.3210147307312663
12.3,robot1,robot3,4.215597261842739
12.3,robot1,robot4,4.521104838521775
12.3,robot2,robot3,4.374773203202767
12.3,robot2,robot4,4.2330684385804584
12.3,robot3,robot4,1.4719688216253088
12.350000000000001,robot1,robot2,1.3242855383172656
12.350000000000001,robot1,robot3,4.209571160244265
12.350000000000001,robot1,robot4,4.515731025273344
12.350000000000001,robot2,robot3,4.371142813163909
12.350000000000001,robot2,robot4,4.227565197421915
12.350000000000001,robot3,robot4,1.4747635550055134
12.4,robot1,robot2,1.3275573603532165
12.4,robot1,robot3,4.203545091601255
12.4,robot1,robot4,4.510361578819375
12.4,robot2,robot3,4.367518174454801
12.4,robot2,robot4,4.222062061877585
12.4,robot3,robot4,1.4775585430246072
12.450000000000001,robot1,robot2,1.3304894367229114
12.450000000000001,robot1,robot3,4.197404933304625
12.450000000000001,robot1,robot4,4.504889416818686
12.450000000000001,robot2,robot3,4.363418486102868
12.450000000000001,robot2,robot4,4.216062676333957
12.450000000000001,robot3,robot4,1.4807226957134818
12.5,robot1,robot2,1.3334219383154755
12.5,robot1,robot3,4.191264901643059
12.5,robot1,robot4,4.499421757323267
12.5,robot2,robot3,4.359324943131677
12.5,robot2,robot4,4.210063309940244
12.5,robot3,robot4,1.4838871156637892
12.55,robot1,robot2,1.3360354006614121
12.55,robot1,robot3,4.185003402741299
12.55,robot1,robot4,4.493846593037222
12.55,robot2,robot3,4.35473460137208
12.55,robot2,robot4,4.203423381671093
12.55,robot3,robot4,1.4877826847696878
12.600000000000001,robot1,robot2,1.3386488796413345
12.600000000000001,robot1,robot3,4.178742548161109
12.600000000000001,robot1,robot4,4.488275663395131
12.600000000000001,robot2,robot3,4.350152394973423
12.600000000000001,robot2,robot4,4.196783456022004
12.600000000000001,robot3,robot4,1.4916784860609207
12.65,robot1,robot2,1.3407437611434188
12.65,robot1,robot3,4.172409888047733
12.65,robot1,robot4,4.482385242226202
12.65,robot2,robot3,4.34549712193444
12.65,robot2,robot4,4.189910631390632
12.65,robot3,robot4,1.495759372394253
12.700000000000001,robot1,robot2,1.3428386690205938
12.700000000000001,robot1,robot3,4.166078145282683
12.700000000000001,robot1,robot4,4.476499071598697
12.700000000000001,robot2,robot3,4.340849515027329
12.700000000000001,robot2,robot4,4.183037829075539
12.700000000000001,robot3,robot4,1.499840709185479
12.75,robot1,robot2,1.3446956750667605
12.75,robot1,robot3,4.158772483070094
12.75,robot1,robot4,4.468239350198493
12.75,robot2,robot3,4.335532153054714
12.75,robot2,robot4,4.173600239105921
12.75,robot3,robot4,1.5050702187626497
12.8,robot1,robot2,1.34655286754364
12.8,robot1,robot3,4.151467796460668
12.8,robot1,robot4,4.459988975628192
12.8,robot2,robot3,4.330222599836641
12.8,robot2,robot4,4.164163424824367
12.8,robot3,robot4,1.5103049904919867
12.850000000000001,robot1,robot2,1.3482589207259117
12.850000000000001,robot1,robot3,4.14356736598942
12.850000000000001,robot1,robot4,4.450985843405987
12.850000000000001,robot2,robot3,4.324544652923414
12.850000000000001,robot2,robot4,4.154207164433726
12.850000000000001,robot3,robot4,1.5154291832141151
12.9,robot1,robot2,1.349965355668804
12.9,robot1,robot3,4.135668001670346
12.9,robot1,robot4,4.441992373840482
12.9,robot2,robot3,4.318874721235845
12.9,robot2,robot4,4.144251668296823
12.9,robot3,robot4,1.5205590619469538
12.950000000000001,robot1,robot2,1.3512907014562965
12.950000000000001,robot1,robot3,4.127674614968881
12.950000000000001,robot1,robot4,4.432879256327765
12.950000000000001,robot2,robot3,4.312832144817399
12.950000000000001,robot2,robot4,4.1343715104533425
12.950000000000001,robot3,robot4,1.524547981243785
13.0,robot1,robot2,1.3526164701204106
13.0,robot1,robot3,4.119681711616324
13.0,robot1,robot4,4.423774665636237
13.0,robot2,robot3,4.306795121028745
13.0,robot2,robot4,4.124492063002182
13.0,robot3,robot4,1.5285419205847774
13.05,robot1,robot2,1.3536037971463437
13.05,robot1,robot3,4.111491934677636
13.05,robot1,robot4,4.414934346092391
13.05,robot2,robot3,4.300279854025927
13.05,robot2,robot4,4.1151835730572515
13.05,robot3,robot4,1.5310849189489786
13.100000000000001,robot1,robot2,1.3545915374078639
13.100000000000001,robot1,robot3,4.103302317726662
13.100000000000001,robot1,robot4,4.406100043353532
13.100000000000001,robot2,robot3,4.293768441573206
13.100000000000001,robot2,robot4,4.105875415198689
13.100000000000001,robot3,robot4,1.5336303651300727
13.15,robot1,robot2,1.3553079607075473
13.15,robot1,robot3,4.0940025408136345
13.15,robot1,robot4,4.396236439645649
13.15,robot2,robot3,4.2869699004673745
13.15,robot2,robot4,4.096462837015612
13.15,robot3,robot4,1.535873850943576
13.200000000000001,robot1,robot2,1.3560263000878705
13.200000000000001,robot1,robot3,4.084702947863528
13.200000000000001,robot1,robot4,4.386378930720532
13.200000000000001,robot2,robot3,4.280175033563114
13.200000000000001,robot2,robot4,4.087050539738529
13.200000000000001,robot3,robot4,1.5381194114820866
13.25,robot1,robot2,1.3565551158172673
13.25,robot1,robot3,4.074630289115965
13.25,robot1,robot4,4.375796252818109
13.25,robot2,robot3,4.271810145764468
13.25,robot2,robot4,4.0761419810964625
13.25,robot3,robot4,1.5400920582657551
13.3,robot1,robot2,1.3570843780730804
13.3,robot1,robot3,4.064557831273902
13.3,robot1,robot4,4.365219621756161
13.3,robot2,robot3,4.263449639964333
13.3,robot2,robot4,4.065233688493811
13.3,robot3,robot4,1.5420665114582446
13.350000000000001,robot1,robot2,1.357390325881432
13.350000000000001,robot1,robot3,4.053880719034694
13.350000000000001,robot1,robot4,4.353207107862949
13.350000000000001,robot2,robot3,4.254189320669244
13.350000000000001,robot2,robot4,4.052365069811085
13.350000000000001,robot3,robot4,1.5445065806458225
13.4,robot1,robot2,1.3576963369060109
13.4,robot1,robot3,4.043204187723519
13.4,robot1,robot4,4.341201685205722
13.4,robot2,robot3,4.244935027511376
13.4,robot2,robot4,4.039496817938714
13.4,robot3,robot4,1.546950852706058
13.450000000000001,robot1,robot2,1.3578090302694448
13.450000000000001,robot1,robot3,4.032294422293653
13.450000000000001,robot1,robot4,4.329079241778787
13.450000000000001,robot2,robot3,4.2353950720909435
13.450000000000001,robot2,robot4,4.026644627967217
13.450000000000001,robot3,robot4,1.5489596886570354
13.5,robot1,robot2,1.3579218027195086
13.5,robot1,robot3,4.0213851459711
13.5,robot1,robot4,4.316963309422145
13.5,robot2,robot3,4.225860634456607
13.5,robot2,robot4,4.013792747058573
13.5,robot3,robot4,1.550972000214704
13.55,robot1,robot2,1.3578433733499973
13.55,robot1,robot3,4.010296433592067
13.55,robot1,robot4,4.30477187405108
13.55,robot2,robot3,4.215364000361089
13.55,robot2,robot4,4.000237859662503
13.55,robot3,robot4,1.5525521985996154
13.600000000000001,robot1,robot2,1.3577650553998657
13.600000000000001,robot1,robot3,3.999208101734142
13.600000000000001,robot1,robot4,4.2925864603178345
13.600000000000001,robot2,robot3,4.20487280092145
13.600000000000001,robot2,robot4,3.9866832738311424
13.600000000000001,robot3,robot4,1.554135293716734
13.65,robot1,robot2,1.3579984268188603
13.65,robot1,robot3,3.987762371164592
13.65,robot1,robot4,4.27977118480416
13.65,robot2,robot3,4.194122663610382
13.65,robot2,robot4,3.972588016590003
13.65,robot3,robot4,1.5551787191465325
13.700000000000001,robot1,robot2,1.3582318147610148
13.700000000000001,robot1,robot3,3.9763166954900613
13.700000000000001,robot1,robot4,4.266963279014245
13.700000000000001,robot2,robot3,4.183377177162489
13.700000000000001,robot2,robot4,3.9584930352528094
13.700000000000001,robot3,robot4,1.5562262621113292
13.75,robot1,robot2,1.3587965914183033
13.75,robot1,robot3,3.9649104282708896
13.75,robot1,robot4,4.2542604697101
13.75,robot2,robot3,4.172481565701188
13.75,robot2,robot4,3.9443059508050338
13.75,robot3,robot4,1.5568843559706838
13.8,robot1,robot2,1.359361394038024
13.8,robot1,robot3,3.9535041881439814
13.8,robot1,robot4,4.241566249328189
13.8,robot2,robot3,4.16158978784082
13.8,robot2,robot4,3.9301191905255237
13.8,robot3,robot4,1.5575468625887312
13.850000000000001,robot1,robot2,1.3603014210362534
13.850000000000001,robot1,robot3,3.942073082677216
13.850000000000001,robot1,robot4,4.229091374858671
13.850000000000001,robot2,robot3,4.150485190921417
13.850000000000001,robot2,robot4,3.9159319132425225
13.850000000000001,robot3,robot4,1.5578520361312398
13.9,robot1,robot2,1.3612414979782241
13.9,robot1,robot3,3.9306422667901235
13.9,robot1,robot4,4.216626193399647
13.9,robot2,robot3,4.13938391201698
13.9,robot2,robot4,3.9017449681559144
13.9,robot3,robot4,1.558161281756481
13.950000000000001,robot1,robot2,1.3626240118655255
13.950000000000001,robot1,robot3,3.9187932877272624
13.950000000000001,robot1,robot4,4.203995922762681
13.950000000000001,robot2,robot3,4.1278451007173524
13.950000000000001,robot2,robot4,3.887278171831963
13.950000000000001,robot3,robot4,1.558092415210985
14.0,robot1,robot2,1.364006546701298
14.0,robot1,robot3,3.9069452306294234
14.0,robot1,robot4,4.191377267040155
14.0,robot2,robot3,4.116309226580773
14.0,robot2,robot4,3.8728117223904652
14.0,robot3,robot4,1.5580274560048675
14.05,robot1,robot2,1.3661528473973914
14.05,robot1,robot3,3.894661524417397
14.05,robot1,robot4,4.177366484106613
14.05,robot2,robot3,4.104576298392716
14.05,robot2,robot4,3.856911968930228
14.05,robot3,robot4,1.5575214435295908
14.100000000000001,robot1,robot2,1.3682991487843583
14.100000000000001,robot1,robot3,3.882379517812368
14.100000000000001,robot1,robot4,4.163370310532801
14.100000000000001,robot2,robot3,4.092846683747267
14.100000000000001,robot2,robot4,3.8410123324334684
14.100000000000001,robot3,robot4,1.5570238899930213
14.15,robot1,robot2,1.371193129250763
14.15,robot1,robot3,3.868824855153984
14.15,robot1,robot4,4.149213417281672
14.15,robot2,robot3,4.079924883983312
14.15,robot2,robot4,3.8247218178624767
14.15,robot3,robot4,1.5562538571820472
14.200000000000001,robot1,robot2,1.374087110627998
14.200000000000001,robot1,robot3,3.8552726728598583
14.200000000000001,robot1,robot4,4.135072715228717
14.200000000000001,robot2,robot3,4.067007811380991
14.200000000000001,robot2,robot4,3.8084313125187115
14.200000000000001,robot3,robot4,1.5554883298273248
14.25,robot1,robot2,1.3777574256814042
14.25,robot1,robot3,3.841911961780098
14.25,robot1,robot4,4.121176868519598
14.25,robot2,robot3,4.054292956537705
14.25,robot2,robot4,3.792177185161085
14.25,robot3,robot4,1.5544937499810028
14.3,robot1,robot2,1.381427745682343
14.3,robot1,robot3,3.828554742079053
14.3,robot1,robot4,4.107298516290848
14.3,robot2,robot3,4.0415833161088
14.3,robot2,robot4,3.775923079023989
14.3,robot3,robot4,1.5535039342341554
14.350000000000001,robot1,robot2,1.3857784338262737
14.350000000000001,robot1,robot3,3.8151889941497323
14.350000000000001,robot1,robot4,4.093520599911921
14.350000000000001,robot2,robot3,4.029015746336101
14.350000000000001,robot2,robot4,3.7597122038855915
14.350000000000001,robot3,robot4,1.552311349463116
14.4,robot1,robot2,1.3901291219886733
14.4,robot1,robot3,3.8018277323415117
14.4,robot1,robot4,4.079761492544387
14.4,robot2,robot3,4.016453960732278
14.4,robot2,robot4,3.74350147154145
14.4,robot3,robot4,1.5511235492845177
14.450000000000001,robot1,robot2,1.3948840032064493
14.450000000000001,robot1,robot3,3.7871593989923698
14.450000000000001,robot1,robot4,4.065030727655204
14.450000000000001,robot2,robot3,4.003420544564173
14.450000000000001,robot2,robot4,3.7269402555239934
14.450000000000001,robot3,robot4,1.5496856634025011
14.5,robot1,robot2,1.3996392981257706
14.5,robot1,robot3,3.7724962730915985
14.5,robot1,robot4,4.0503210971403245
14.5,robot2,robot3,3.9903938709856703
14.5,robot2,robot4,3.7103793799569877
14.5,robot3,robot4,1.5482518217273311
14.55,robot1,robot2,1.404152723833309
14.55,robot1,robot3,3.7577512242927944
14.55,robot1,robot4,4.035270733456956
14.55,robot2,robot3,3.97604221401842
14.55,robot2,robot4,3.692122435251335
14.55,robot3,robot4,1.5470525165750675
14.600000000000001,robot1,robot2,1.4086665096111288
14.600000000000001,robot1,robot3,3.7430101298545795
14.600000000000001,robot1,robot4,4.020240723647403
14.600000000000001,robot2,robot3,3.96169990171921
14.600000000000001,robot2,robot4,3.6738658681265157
14.600000000000001,robot3,robot4,1.5458577385416161
14.65,robot1,robot2,1.412468904061431
14.65,robot1,robot3,3.729673128573635
14.65,robot1,robot4,4.005556617486888
14.65,robot2,robot3,3.9489335650569317
14.65,robot2,robot4,3.656092279936667
14.65,robot3,robot4,1.545850184870206
14.700000000000001,robot1,robot2,1.4162715775252994
14.700000000000001,robot1,robot3,3.7163380947132616
14.700000000000001,robot1,robot4,3.9908926502993025
14.700000000000001,robot2,robot3,3.936176451723804
14.700000000000001,robot2,robot4,3.638318762550224
14.700000000000001,robot3,robot4,1.5458513352745147
14.75,robot1,robot2,1.4193810570262657
14.75,robot1,robot3,3.7029164932081575
14.75,robot1,robot4,3.9761336667024914
14.75,robot2,robot3,3.923475839848386
14.75,robot2,robot4,3.620551474645817
14.75,robot3,robot4,1.5466346799195991
14.8,robot1,robot2,1.4224907506686995
14.8,robot1,robot3,3.6894958887800646
14.8,robot1,robot4,3.9613953409000975
14.8,robot2,robot3,3.9107849551737046
14.8,robot2,robot4,3.602784192924827
14.8,robot3,robot4,1.5474267425923596
14.850000000000001,robot1,robot2,1.425054510052598
14.850000000000001,robot1,robot3,3.6756084892214105
14.850000000000001,robot1,robot4,3.946255364746749
14.850000000000001,robot2,robot3,3.8979395456274393
14.850000000000001,robot2,robot4,3.584776120976629
14.850000000000001,robot3,robot4,1.5489995880929086
14.9,robot1,robot2,1.4276183518395247
14.9,robot1,robot3,3.6617214975528927
14.9,robot1,robot4,3.931137687696146
14.9,robot2,robot3,3.8851048598795885
14.9,robot2,robot4,3.5667682123695674
14.9,robot3,robot4,1.550581100752231
14.950000000000001,robot1,robot2,1.4297853537374936
14.950000000000001,robot1,robot3,3.6470753991055966
14.950000000000001,robot1,robot4,3.9152805615996407
14.950000000000001,robot2,robot3,3.871981526222071
14.950000000000001,robot2,robot4,3.5480900142268443
14.950000000000001,robot3,robot4,1.5532998230641921
15.0,robot1,robot2,1.431952357395315
15.0,robot1,robot3,3.6324293723625245
15.0,robot1,robot4,3.899450124568976
15.0,robot2,robot3,3.8588707999403145
15.0,robot2,robot4,3.529412527730501
15.0,robot3,robot4,1.5560281477354452
15.05,robot1,robot2,1.4335752946940912
15.05,robot1,robot3,3.616958095028749
15.05,robot1,robot4,3.883591849616859
15.05,robot2,robot3,3.8451382134264365
15.05,robot2,robot4,3.510649710073799
15.05,robot3,robot4,1.5597478210007218
15.100000000000001,robot1,robot2,1.4351982344362748
15.100000000000001,robot1,robot3,3.601486853751655
15.100000000000001,robot1,robot4,3.867761852648764
15.100000000000001,robot2,robot3,3.831420830371547
15.100000000000001,robot2,robot4,3.4918883912006686
15.100000000000001,robot3,robot4,1.5634736799297264
15.15,robot1,robot2,1.4363401650988703
15.15,robot1,robot3,3.586225375398484
15.15,robot1,robot4,3.8520979695591855
15.15,robot2,robot3,3.8179708472501783
15.15,robot2,robot4,3.4732584608743484
15.15,robot3,robot4,1.5679388224653412
15.200000000000001,robot1,robot2,1.4374820976283493
15.200000000000001,robot1,robot3,3.5709641448463176
15.200000000000001,robot1,robot4,3.8364636505731413
15.200000000000001,robot2,robot3,3.8045363995577697
15.200000000000001,robot2,robot4,3.4546310369451896
15.200000000000001,robot3,robot4,1.57241044290764
15.25,robot1,robot2,1.4382137551634144
15.25,robot1,robot3,3.5550499901664177
15.25,robot1,robot4,3.8202722661230903
15.25,robot2,robot3,3.790311306990034
15.25,robot2,robot4,3.4350556561948893
15.25,robot3,robot4,1.5775662034849756
15.3,robot1,robot2,1.4389454716593677
15.3,robot1,robot3,3.5391363784043417
15.3,robot1,robot4,3.8041142301739574
15.3,robot2,robot3,3.7761035582581686
15.3,robot2,robot4,3.4154842184786918
15.3,robot3,robot4,1.582728598617274
15.350000000000001,robot1,robot2,1.4394850047121888
15.350000000000001,robot1,robot3,3.5230265227909148
15.350000000000001,robot1,robot4,3.78784378438819
15.350000000000001,robot2,robot3,3.7616872639204066
15.350000000000001,robot2,robot4,3.3955027123476866
15.350000000000001,robot3,robot4,1.588613417723299
15.4,robot1,robot2,1.4400247038443472
15.4,robot1,robot3,3.5069177469025417
15.4,robot1,robot4,3.7716090929147197
15.4,robot2,robot3,3.7472908165267875
15.4,robot2,robot4,3.375526182364018
15.4,robot3,robot4,1.5945047575723943
15.450000000000001,robot1,robot2,1.4402854247242973
15.450000000000001,robot1,robot3,3.490752226780532
15.450000000000001,robot1,robot4,3.7544080281951566
15.450000000000001,robot2,robot3,3.7328489368050373
15.450000000000001,robot2,robot4,3.3544888851639527
15.450000000000001,robot3,robot4,1.6006436477820416
15.5,robot1,robot2,1.4405462900486747
15.5,robot1,robot3,3.474587989568979
15.5,robot1,robot4,3.7372469176445913
15.5,robot2,robot3,3.718426834817649
15.5,robot2,robot4,3.3334576858704836
15.5,robot3,robot4,1.606793790639297
15.55,robot1,robot2,1.4405420853390574
15.55,robot1,robot3,3.4584186562429435
15.55,robot1,robot4,3.7197674912855776
15.55,robot2,robot3,3.7037807664713696
15.55,robot2,robot4,3.3122468597026398
15.55,robot3,robot4,1.6121580003871363
15.600000000000001,robot1,robot2,1.440538037972271
15.600000000000001,robot1,robot3,3.4422502759596076
15.600000000000001,robot1,robot4,3.702326696718159
15.600000000000001,robot2,robot3,3.6891525235838376
15.600000000000001,robot2,robot4,3.2910417828312353
15.600000000000001,robot3,robot4,1.6175343254942074
15.65,robot1,robot2,1.4403687449480602
15.65,robot1,robot3,3.42580034614643
15.65,robot1,robot4,3.6846350125516163
15.65,robot2,robot3,3.6735612975736838
15.65,robot2,robot4,3.2691302560437228
15.65,robot3,robot4,1.622205089834282
15.700000000000001,robot1,robot2,1.4402002073170244
15.700000000000001,robot1,robot3,3.409351066382575
15.700000000000001,robot1,robot4,3.666981303086913
15.700000000000001,robot2,robot3,3.657987667300151
15.700000000000001,robot2,robot4,3.247224308862108
15.700000000000001,robot3,robot4,1.6268872550133895
15.75,robot1,robot2,1.4404161742459192
15.75,robot1,robot3,3.3925493374722273
15.75,robot1,robot4,3.6497218020508084
15.75,robot2,robot3,3.6414887787459262
15.75,robot2,robot4,3.225074122665439
15.75,robot3,robot4,1.6310517349125535
15.8,robot1,robot2,1.4406339081893775
15.8,robot1,robot3,3.3757478391682336
15.8,robot1,robot4,3.632501256466816
15.8,robot2,robot3,3.625008529446793
15.8,robot2,robot4,3.202929193050636
15.8,robot3,robot4,1.635224321446449
15.850000000000001,robot1,robot2,1.4412681200734303
15.850000000000001,robot1,robot3,3.358739608937331
15.850000000000001,robot1,robot4,3.6150744324033286
15.850000000000001,robot2,robot3,3.608109959905116
15.850000000000001,robot2,robot4,3.1803198848308085
15.850000000000001,robot3,robot4,1.6387746124526248
15.9,robot1,robot2,1.4419041801094135
15.9,robot1,robot3,3.3417313789030088
15.9,robot1,robot4,3.597690562431961
15.9,robot2,robot3,3.5912289326463167
15.9,robot2,robot4,3.15771574538067
15.9,robot3,robot4,1.642334053876068
15.950000000000001,robot1,robot2,1.4429744655524919
15.950000000000001,robot1,robot3,3.324662956490552
15.950000000000001,robot1,robot4,3.5803541452568624
15.950000000000001,robot2,robot3,3.5740213239499563
15.950000000000001,robot2,robot4,3.134954292530036
15.950000000000001,robot3,robot4,1.6450737106520488
16.0,robot1,robot2,1.4440467203539502
16.0,robot1,robot3,3.307594844796593
16.0,robot1,robot4,3.563063147138989
16.0,robot2,robot3,3.556829764270424
16.0,robot2,robot4,3.1121975502729575
16.0,robot3,robot4,1.6478228086432716
16.05,robot1,robot2,1.4455224174917696
16.05,robot1,robot3,3.29018085818789
16.05,robot1,robot4,3.5456057125818785
16.05,robot2,robot3,3.5393676296833383
16.05,robot2,robot4,3.089395422618882
16.05,robot3,robot4,1.6497525062997327
16.1,robot1,robot2,1.4469994016978722
16.1,robot1,robot3,3.272768152216255
16.1,robot1,robot4,3.5281974374194256
16.1,robot2,robot3,3.5219197726128004
16.1,robot2,robot4,3.066597667390523
16.1,robot3,robot4,1.6516918785802637
16.150000000000002,robot1,robot2,1.4487675751341207
16.150000000000002,robot1,robot3,3.2552474488172547
16.150000000000002,robot1,robot4,3.510690678296401
16.150000000000002,robot2,robot3,3.504404201139082
16.150000000000002,robot2,robot4,3.043896082295065
16.150000000000002,robot3,robot4,1.6527729194237484
16.2,robot1,robot2,1.450536620223702
16.2,robot1,robot3,3.237729210012783
16.2,robot1,robot4,3.493234140872896
16.2,robot2,robot3,3.4869015014995766
16.2,robot2,robot4,3.0211980804617893
16.2,robot3,robot4,1.6538639493071974
16.25,robot1,robot2,1.4530280105835023
16.25,robot1,robot3,3.220204910034647
16.25,robot1,robot4,3.475103284578352
16.25,robot2,robot3,3.469695851686499
16.25,robot2,robot4,2.997941956756752
16.25,robot3,robot4,1.6543367694009583
16.3,robot1,robot2,1.455519815079479
16.3,robot1,robot3,3.2026845960857586
16.3,robot1,robot4,3.4570273056134515
16.3,robot2,robot3,3.4525030484774377
16.3,robot2,robot4,2.974688176396309
16.3,robot3,robot4,1.6548243406192695
16.35,robot1,robot2,1.4587749575470854
16.35,robot1,robot3,3.184369134190397
16.35,robot1,robot4,3.438652875165105
16.35,robot2,robot3,3.4346831065117196
16.35,robot2,robot4,2.950802325417995
16.35,robot3,robot4,1.6551224342525994
16.400000000000002,robot1,robot2,1.4620305211386664
16.400000000000002,robot1,robot3,3.166058908807129
16.400000000000002,robot1,robot4,3.420339312143459
16.400000000000002,robot2,robot3,3.4168790229345243
16.400000000000002,robot2,robot4,2.926918183141611
16.400000000000002,robot3,robot4,1.65543394492713
16.45,robot1,robot2,1.4660320235616444
16.45,robot1,robot3,3.147854097849279
16.45,robot1,robot4,3.4022630346014178
16.45,robot2,robot3,3.3992638172173764
16.45,robot2,robot4,2.903002346461676
16.45,robot3,robot4,1.6555972268810581
16.5,robot1,robot2,1.47003398224939
16.5,robot1,robot3,3.1296557778485803
16.5,robot1,robot4,3.384250967564462
16.5,robot2,robot3,3.381666374393695
16.5,robot2,robot4,2.879087575567127
16.5,robot3,robot4,1.655774136662969
16.55,robot1,robot2,1.4747274761766154
16.55,robot1,robot3,3.11123807343833
16.55,robot1,robot4,3.3661890356462454
16.55,robot2,robot3,3.3642758760892364
16.55,robot2,robot4,2.8551651552810826
16.55,robot3,robot4,1.6558080820992662
16.6,robot1,robot2,1.4794211576197633
16.6,robot1,robot3,3.092828067920362
16.6,robot1,robot4,3.3481956489830456
16.6,robot2,robot3,3.3469053283271997
16.6,robot2,robot4,2.8312432723582766
16.6,robot3,robot4,1.6558557252312172
16.650000000000002,robot1,robot2,1.4843222998248224
16.650000000000002,robot1,robot3,3.072841113434316
16.650000000000002,robot1,robot4,3.32946496706847
16.650000000000002,robot2,robot3,3.328576627322029
16.650000000000002,robot2,robot4,2.8068809069090364
16.650000000000002,robot3,robot4,1.655591997372843
16.7,robot1,robot2,1.4892234482608713
16.7,robot1,robot3,3.0528623905123857
16.7,robot1,robot4,3.3108075628079017
16.7,robot2,robot3,3.310271956780742
16.7,robot2,robot4,2.7825188168513795
16.7,robot3,robot4,1.6553381298384326
16.75,robot1,robot2,1.4936194733391768
16.75,robot1,robot3,3.032573233227559
16.75,robot1,robot4,3.2913077306934166
16.75,robot2,robot3,3.2907845330953
16.75,robot2,robot4,2.75644428248228
16.75,robot3,robot4,1.6550436287265966
16.8,robot1,robot2,1.4980162915248953
16.8,robot1,robot3,3.0122912678308515
16.8,robot1,robot4,3.271883004939052
16.8,robot2,robot3,3.271324500091668
16.8,robot2,robot4,2.730370140406791
16.8,robot3,robot4,1.6547613009812019
16.85,robot1,robot2,1.5016947279101038
16.85,robot1,robot3,2.9919586416595476
16.85,robot1,robot4,3.2521031498109796
16.85,robot2,robot3,3.2518193057830325
16.85,robot2,robot4,2.7042125272479036
16.85,robot3,robot4,1.6544591726725233
16.900000000000002,robot1,robot2,1.50537383693553
16.900000000000002,robot1,robot3,2.971632228208092
16.900000000000002,robot1,robot4,3.232398281068871
16.900000000000002,robot2,robot3,3.2323407883521487
16.900000000000002,robot2,robot4,2.678055547675027
16.900000000000002,robot3,robot4,1.6541701784768097
16.95,robot1,robot2,1.5083576137532009
16.95,robot1,robot3,2.9512118515681403
16.95,robot1,robot4,3.212462181833819
16.95,robot2,robot3,3.2127182621425896
16.95,robot2,robot4,2.651893840551927
16.95,robot3,robot4,1.653823863306262
17.0,robot1,robot2,1.511342049081213
17.0,robot1,robot3,2.930796774948751
17.0,robot1,robot4,3.192600183483206
17.0,robot2,robot3,3.193122071319072
17.0,robot2,robot4,2.6257330401185115
17.0,robot3,robot4,1.6534905814684884
17.05,robot1,robot2,1.5136759269605895
17.05,robot1,robot3,2.9099479594273245
17.05,robot1,robot4,3.1722622527017292
17.05,robot2,robot3,3.1734412131090832
17.05,robot2,robot4,2.5996503904029575
17.05,robot3,robot4,1.6530936070321305
17.1,robot1,robot2,1.5160100158353176
17.1,robot1,robot3,2.8891038454802898
17.1,robot1,robot4,3.1520001163670663
17.1,robot2,robot3,3.153786004804384
17.1,robot2,robot4,2.5735690046425796
17.1,robot3,robot4,1.6527095827243818
17.150000000000002,robot1,robot2,1.5178988775758415
17.150000000000002,robot1,robot3,2.8682752439748955
17.150000000000002,robot1,robot4,3.13150636915822
17.150000000000002,robot2,robot3,3.134270711895232
17.150000000000002,robot2,robot4,2.5474876499085317
17.150000000000002,robot3,robot4,1.6524016286321705
17.2,robot1,robot2,1.519787831925562
17.2,robot1,robot3,2.8474509449488323
17.2,robot1,robot4,3.111090892314784
17.2,robot2,robot3,3.1147804248346302
17.2,robot2,robot4,2.5214079877324496
17.2,robot3,robot4,1.6521080313738565
17.25,robot1,robot2,1.5211843441119324
17.25,robot1,robot3,2.8271990398709548
17.25,robot1,robot4,3.0898337099658377
17.25,robot2,robot3,3.0959591435908838
17.25,robot2,robot4,2.4943740670206225
17.25,robot3,robot4,1.6526312574537005
17.3,robot1,robot2,1.5225809832971116
17.3,robot1,robot3,2.806949745409953
17.3,robot1,robot4,3.0686612154183788
17.3,robot2,robot3,3.0771640219144962
17.3,robot2,robot4,2.467342538602413
17.3,robot3,robot4,1.6531784806396435
17.35,robot1,robot2,1.5234673335556788
17.35,robot1,robot3,2.7884326103810535
17.35,robot1,robot4,3.048786198927574
17.35,robot2,robot3,3.0584971414950264
17.35,robot2,robot4,2.4401535963533107
17.35,robot3,robot4,1.6544663225787495
17.400000000000002,robot1,robot2,1.5243568766955462
17.400000000000002,robot1,robot3,2.7699167771297746
17.400000000000002,robot1,robot4,3.0289894284612475
17.400000000000002,robot2,robot3,3.0398583182964285
17.400000000000002,robot2,robot4,2.4129684041853907
17.400000000000002,robot3,robot4,1.6557789048544498
17.45,robot1,robot2,1.5244681564317768
17.45,robot1,robot3,2.7639713517032427
17.45,robot1,robot4,3.0190132667779466
17.45,robot2,robot3,3.0213221153904213
17.45,robot2,robot4,2.385841915655195
17.45,robot3,robot4,1.6577243984984356
17.5,robot1,robot2,1.524725332833753
17.5,robot1,robot3,2.7580259471005704
17.5,robot1,robot4,3.009055469615839
17.5,robot2,robot3,3.0028159939471815
17.5,robot2,robot4,2.358720698535543
17.5,robot3,robot4,1.6596935078697514
17.55,robot1,robot2,1.5262256441312996
17.55,robot1,robot3,2.7522606679383586
17.55,robot1,robot4,3.000047717063222
17.55,robot2,robot3,2.98442733199227
17.55,robot2,robot4,2.3315413154028066
17.55,robot3,robot4,1.662342205562456
17.6,robot1,robot2,1.5278735258420444
17.6,robot1,robot3,2.7464955122763266
17.6,robot1,robot4,2.9910649518607912
17.6,robot2,robot3,2.9660714999178626
17.6,robot2,robot4,2.3043689331765
17.6,robot3,robot4,1.6650138906099252
17.650000000000002,robot1,robot2,1.5288993992493425
17.650000000000002,robot1,robot3,2.7404075208590783
17.650000000000002,robot1,robot4,2.981773653164254
17.650000000000002,robot2,robot3,2.9478251407615748
17.650000000000002,robot2,robot4,2.2773049321938634
17.650000000000002,robot3,robot4,1.6683445250362712
17.7,robot1,robot2,1.5300708875960616
17.7,robot1,robot3,2.7343196579130975
17.7,robot1,robot4,2.9725056695535503
17.7,robot2,robot3,2.929615972783634
17.7,robot2,robot4,2.25024941194193
17.7,robot3,robot4,1.6716953979891191
17.75,robot1,robot2,1.530730783100183
17.75,robot1,robot3,2.7279836318696082
17.75,robot1,robot4,2.962610922937106
17.75,robot2,robot3,2.911410771290269
17.75,robot2,robot4,2.2227090169260233
17.75,robot3,robot4,1.6757040681761948
17.8,robot1,robot2,1.5315365522889097
17.8,robot1,robot3,2.7216484342442175
17.8,robot1,robot4,2.95274028504591
17.8,robot2,robot3,2.89324649520517
17.8,robot2,robot4,2.1951793462330134
17.8,robot3,robot4,1.6797343131772358
17.85,robot1,robot2,1.5329129038613059
17.85,robot1,robot3,2.7154458214708037
17.85,robot1,robot4,2.9430954998098513
17.85,robot2,robot3,2.875348613117416
17.85,robot2,robot4,2.167399302803361
17.85,robot3,robot4,1.684407792948682
17.900000000000002,robot1,robot2,1.5344339955869724
17.900000000000002,robot1,robot3,2.7092439024910617
17.900000000000002,robot1,robot4,2.93347963830755
17.900000000000002,robot2,robot3,2.8574947663525117
17.900000000000002,robot2,robot4,2.139632270067451
17.900000000000002,robot3,robot4,1.6891044705553302
17.95,robot1,robot2,1.5357389919553388
17.95,robot1,robot3,2.7030958161934437
17.95,robot1,robot4,2.9238857070552537
17.95,robot2,robot3,2.8398741006094794
17.95,robot2,robot4,2.111957542554774
17.95,robot3,robot4,1.694354883570883
18.0,robot1,robot2,1.5371888067914754
18.0,robot1,robot3,2.6969491781576087
18.0,robot1,robot4,2.914320823036647
18.0,robot2,robot3,2.8223004458296073
18.0,robot2,robot4,2.0842984663838333
18.0,robot3,robot4,1.6996275438448272
18.05,robot1,robot2,1.5386831508184198
18.05,robot1,robot3,2.6909368727146408
18.05,robot1,robot4,2.904919251199291
18.05,robot2,robot3,2.8050273598029754
18.05,robot2,robot4,2.056730432637017
18.05,robot3,robot4,1.7054487263956368
18.1,robot1,robot2,1.540321205458459
18.1,robot1,robot3,2.684926518509212
18.1,robot1,robot4,2.895548355901521
18.1,robot2,robot3,2.7878037938960123
18.1,robot2,robot4,2.0291811377876052
18.1,robot3,robot4,1.7112918789785685
18.150000000000002,robot1,robot2,1.5420204801039445
18.150000000000002,robot1,robot3,2.678998558635857
18.150000000000002,robot1,robot4,2.8864080758556123
18.150000000000002,robot2,robot3,2.7707780883002875
18.150000000000002,robot2,robot4,2.001752113006627
18.150000000000002,robot3,robot4,1.7176240170457855
18.2,robot1,robot2,1.543862831143039
18.2,robot1,robot3,2.673072985506008
18.2,robot1,robot4,2.877300144991829
18.2,robot2,robot3,2.753804418743096
18.2,robot2,robot4,1.9743455581749108
18.2,robot3,robot4,1.723977110486099
18.25,robot1,robot2,1.5457539285103725
18.25,robot1,robot3,2.666465666559247
18.25,robot1,robot4,2.8679216742337994
18.25,robot2,robot3,2.7363095472794194
18.25,robot2,robot4,1.9464826821750174
18.25,robot3,robot4,1.7305871042889607
18.3,robot1,robot2,1.547787516838794
18.3,robot1,robot3,2.659860950975633
18.3,robot1,robot4,2.858579298333002
18.3,robot2,robot3,2.718872069093542
18.3,robot2,robot4,1.9186466593596645
18.3,robot3,robot4,1.7372160624150932
18.35,robot1,robot2,1.5498387100279984
18.35,robot1,robot3,2.652720186653551
18.35,robot1,robot4,2.8488720107063865
18.35,robot2,robot3,2.700820488717548
18.35,robot2,robot4,1.890497584564047
18.35,robot3,robot4,1.7433300507092742
18.400000000000002,robot1,robot2,1.5520312135923686
18.400000000000002,robot1,robot3,2.645581434898952
18.400000000000002,robot1,robot4,2.839202138369334
18.400000000000002,robot2,robot3,2.682827620880811
18.400000000000002,robot2,robot4,1.86237767798532
18.400000000000002,robot3,robot4,1.7494622207081245
18.45,robot1,robot2,1.5542809139519311
18.45,robot1,robot3,2.638324442231707
18.45,robot1,robot4,2.8293791879430463
18.45,robot2,robot3,2.6644761717299144
18.45,robot2,robot4,1.8342276784146783
18.45,robot3,robot4,1.754867871689775
18.5,robot1,robot2,1.556671098215034
18.5,robot1,robot3,2.6310687247172013
18.5,robot1,robot4,2.81959311533597
18.5,robot2,robot3,2.646181966675194
18.5,robot2,robot4,1.8061082200322327
18.5,robot3,robot4,1.7602919024994121
18.55,robot1,robot2,1.5594421060933938
18.55,robot1,robot3,2.624159164018496
18.55,robot1,robot4,2.8101573028431166
18.55,robot2,robot3,2.627524749003756
18.55,robot2,robot4,1.777987469333375
18.55,robot3,robot4,1.764973704900798
18.6,robot1,robot2,1.5623597446971038
18.6,robot1,robot3,2.617250090824719
18.6,robot1,robot4,2.8007569398075227
18.6,robot2,robot3,2.608923110548105
18.6,robot2,robot4,1.7498988478337827
18.6,robot3,robot4,1.7696741135186447
18.650000000000002,robot1,robot2,1.5649000910685165
18.650000000000002,robot1,robot3,2.609407959522715
18.650000000000002,robot1,robot4,2.7904346212929356
18.650000000000002,robot2,robot3,2.5900048528541886
18.650000000000002,robot2,robot4,1.7218267186446192
18.650000000000002,robot3,robot4,1.7736469443060674
18.7,robot1,robot2,1.5675708607157126
18.7,robot1,robot3,2.6015660627222212
18.7,robot1,robot4,2.7801502186473668
18.7,robot2,robot3,2.5711401220674457
18.7,robot2,robot4,1.6937885895234976
18.7,robot3,robot4,1.7776390345199444
18.75,robot1,robot2,1.5708488963452212
18.75,robot1,robot3,2.5938505523135387
18.75,robot1,robot4,2.7699208622193976
18.75,robot2,robot3,2.551823983949765
18.75,robot2,robot4,1.6651979000552006
18.75,robot3,robot4,1.7811362349876554
18.8,robot1,robot2,1.5742601886972178
18.8,robot1,robot3,2.5861350466534034
18.8,robot1,robot4,2.7597329381996367
18.8,robot2,robot3,2.532561193515371
18.8,robot2,robot4,1.6366447298986422
18.8,robot3,robot4,1.784655621940827
18.85,robot1,robot2,1.5772604108191046
18.85,robot1,robot3,2.578491347380721
18.85,robot1,robot4,2.7490866721175324
18.85,robot2,robot3,2.513036246756599
18.85,robot2,robot4,1.607966175234416
18.85,robot3,robot4,1.7876285859373866
18.900000000000002,robot1,robot2,1.580398131133418
18.900000000000002,robot1,robot3,2.5708476484809433
18.900000000000002,robot1,robot4,2.738478422006826
18.900000000000002,robot2,robot3,2.4935637515832623
18.900000000000002,robot2,robot4,1.5793281589527217
18.900000000000002,robot3,robot4,1.7906252786658072
18.95,robot1,robot2,1.5833925826580406
18.95,robot1,robot3,2.563100586035788
18.95,robot1,robot4,2.727570122784976
18.95,robot2,robot3,2.4738932443103723
18.95,robot2,robot4,1.5507245404988117
18.95,robot3,robot4,1.7930658589991195
19.0,robot1,robot2,1.5865223757350542
19.0,robot1,robot3,2.555353535456102
19.0,robot1,robot4,2.7166989728702
19.0,robot2,robot3,2.4542741514256305
19.0,robot2,robot4,1.5221645161131565
19.0,robot3,robot4,1.7955311205573687
19.05,robot1,robot2,1.5900085352840092
19.05,robot1,robot3,2.547669470079714
19.05,robot1,robot4,2.7059295774653855
19.05,robot2,robot3,2.4344455985025113
19.05,robot2,robot4,1.4936140457648355
19.05,robot3,robot4,1.7974245918511436
19.1,robot1,robot2,1.5936271197755139
19.1,robot1,robot3,2.539985722582117
19.1,robot1,robot4,2.695198708480323
19.1,robot2,robot3,2.4146671038105856
19.1,robot2,robot4,1.4651107710511178
19.1,robot3,robot4,1.7993441835304884
19.150000000000002,robot1,robot2,1.59695853826023
19.150000000000002,robot1,robot3,2.532693284418486
19.150000000000002,robot1,robot4,2.684370440980622
19.150000000000002,robot2,robot3,2.395284969404736
19.150000000000002,robot2,robot4,1.4372428635722103
19.150000000000002,robot3,robot4,1.8006900803797417
19.200000000000003,robot1,robot2,1.6004177981142926
19.200000000000003,robot1,robot3,2.525401184913992
19.200000000000003,robot1,robot4,2.673576491193023
19.200000000000003,robot2,robot3,2.3759490039245357
19.200000000000003,robot2,robot4,1.4094229996906518
19.200000000000003,robot3,robot4,1.802063616147055
19.25,robot1,robot2,1.6036827096275155
19.25,robot1,robot3,2.516691342108622
19.25,robot1,robot4,2.6621533757446243
19.25,robot2,robot3,2.3569947684000594
19.25,robot2,robot4,1.3826019833333272
19.25,robot3,robot4,1.8026677200973562
19.3,robot1,robot2,1.6070427828928513
19.3,robot1,robot3,2.507982295404216
19.3,robot1,robot4,2.6507681601682935
19.3,robot2,robot3,2.3380866766339095
19.3,robot2,robot4,1.3558247624829693
19.3,robot3,robot4,1.8032957715097653
19.35,robot1,robot2,1.6107765353136358
19.35,robot1,robot3,2.4986132282954974
19.35,robot1,robot4,2.640038422439387
19.35,robot2,robot3,2.3188081663980413
19.35,robot2,robot4,1.329978793390424
19.35,robot3,robot4,1.8031038066829375
19.400000000000002,robot1,robot2,1.6146035472635385
19.400000000000002,robot1,robot3,2.489244994772511
19.400000000000002,robot1,robot4,2.6293403107313815
19.400000000000002,robot2,robot3,2.299584390617573
19.400000000000002,robot2,robot4,1.3041724836634903
19.400000000000002,robot3,robot4,1.8029255006541451
19.450000000000003,robot1,robot2,1.6194288725240453
19.450000000000003,robot1,robot3,2.480553365929162
19.450000000000003,robot1,robot4,2.6232564514399366
19.450000000000003,robot2,robot3,2.280641962308199
19.450000000000003,robot2,robot4,1.283359927855489
19.450000000000003,robot3,robot4,1.8012810959459518
19.5,robot1,robot2,1.6243498744328453
19.5,robot1,robot3,2.471863132080334
19.5,robot1,robot4,2.617184838758623
19.5,robot2,robot3,2.2617590859311254
19.5,robot2,robot4,1.26257621811992
19.5,robot3,robot4,1.7996366949609581
19.55,robot1,robot2,1.6292470561045216
19.55,robot1,robot3,2.4633009666184216
19.55,robot1,robot4,2.615841733256668
19.55,robot2,robot3,2.2430954164335053
19.55,robot2,robot4,1.2489931107352035
19.55,robot3,robot4,1.7945558804286368
19.6,robot1,robot2,1.6342418820336848
19.6,robot1,robot3,2.454739562837777
19.6,robot1,robot4,2.6144989347607317
19.6,robot2,robot3,2.2244969279160625
19.6,robot2,robot4,1.2354169323956994
19.6,robot3,robot4,1.7895024866912033
19.650000000000002,robot1,robot2,1.6395447797215696
19.650000000000002,robot1,robot3,2.445387955943034
19.650000000000002,robot1,robot4,2.6132349059934317
19.650000000000002,robot2,robot3,2.2061503373927165
19.650000000000002,robot2,robot4,1.2220913586656477
19.650000000000002,robot3,robot4,1.784783436764878
19.700000000000003,robot1,robot2,1.644928919073405
19.700000000000003,robot1,robot3,2.436037589544134
19.700000000000003,robot1,robot4,2.611970877495574
19.700000000000003,robot2,robot3,2.1878749235484176
19.700000000000003,robot2,robot4,1.208773353020738
19.700000000000003,robot3,robot4,1.780095006145739
19.75,robot1,robot2,1.6510962940819807
19.75,robot1,robot3,2.42723075399971
19.75,robot1,robot4,2.610992060427655
19.75,robot2,robot3,2.169860999699808
19.75,robot2,robot4,1.1950451938284592
19.75,robot3,robot4,1.7755446067647105
19.8,robot1,robot2,1.6573464578020494
19.8,robot1,robot3,2.4184255280491893
19.8,robot1,robot4,2.610013246297804
19.8,robot2,robot3,2.1519244049392166
19.8,robot2,robot4,1.1813242110144868
19.8,robot3,robot4,1.7710224303068554
19.85,robot1,robot2,1.6633411183802618
19.85,robot1,robot3,2.4092885346832684
19.85,robot1,robot4,2.608984033790021
19.85,robot2,robot3,2.1342480766115846
19.85,robot2,robot4,1.1682283392043906
19.85,robot3,robot4,1.7663079884925221
19.900000000000002,robot1,robot2,1.6694144072485422
19.900000000000002,robot1,robot3,2.400152465029044
19.900000000000002,robot1,robot4,2.607954950190858
19.900000000000002,robot2,robot3,2.116655872830535
19.900000000000002,robot2,robot4,1.1551378427270045
19.900000000000002,robot3,robot4,1.7616281407606995
19.950000000000003,robot1,robot2,1.675659405385907
19.950000000000003,robot1,robot3,2.390999188249339
19.950000000000003,robot1,robot4,2.6061957049735347
19.950000000000003,robot2,robot3,2.099854832976853
19.950000000000003,robot2,robot4,1.141811609623167
19.950000000000003,robot3,robot4,1.7567168445394092
20.0,robot1,robot2,1.6819686414229011
20.0,robot1,robot3,2.3818473982413315
20.0,robot1,robot4,2.604436462620849
20.0,robot2,robot3,2.0831372473413747
20.0,robot2,robot4,1.1284885543030554
20.0,robot3,robot4,1.7518327085364058
20.05,robot1,robot2,1.686074853034704
20.05,robot1,robot3,2.377448526782284
20.05,robot1,robot4,2.6031900796832432
20.05,robot2,robot3,2.073384794223988
20.05,robot2,robot4,1.1197401658060009
20.05,robot3,robot4,1.7489631322982482
20.1,robot1,robot2,1.6902102054791883
20.1,robot1,robot3,2.373049965466804
20.1,robot1,robot4,2.6019437891810804
20.1,robot2,robot3,2.0636628115513442
20.1,robot2,robot4,1.1109927937570072
20.1,robot3,robot4,1.7460993985910425
20.150000000000002,robot1,robot2,1.6906323093160294
20.150000000000002,robot1,robot3,2.373122010083447
20.150000000000002,robot1,robot4,2.6018386861216527
20.150000000000002,robot2,robot3,2.0634440525832654
20.150000000000002,robot2,robot4,1.1103855071406505
20.150000000000002,robot3,robot4,1.7459782837776792
20.200000000000003,robot1,robot2,1.6910544684997584
20.200000000000003,robot1,robot3,2.3731940579750317
20.200000000000003,robot1,robot4,2.6017335830682202
20.200000000000003,robot2,robot3,2.0632253578620534
20.200000000000003,robot2,robot4,1.1097782355065358
20.200000000000003,robot3,robot4,1.7458571879134328
20.25,robot1,robot2,1.6924472654337712
20.25,robot1,robot3,2.3708444178002273
20.25,robot1,robot4,2.601632146061247
20.25,robot2,robot3,2.058994771141794
20.25,robot2,robot4,1.1068091694172038
20.25,robot3,robot4,1.7449745194891098
20.3,robot1,robot2,1.693844793908226
20.3,robot1,robot3,2.368494782596322
20.3,robot1,robot4,2.6015307266703576
20.3,robot2,robot3,2.054770224183716
20.3,robot2,robot4,1.1038406984288993
20.3,robot3,robot4,1.7440948067086262
20.35,robot1,robot2,1.6985962667008307
20.35,robot1,robot3,2.359716622785721
20.35,robot1,robot4,2.6008856731491483
20.35,robot2,robot3,2.0406621847518633
20.35,robot2,robot4,1.0943840391574153
20.35,robot3,robot4,1.7401782829438048
20.400000000000002,robot1,robot2,1.703383841713312
20.400000000000002,robot1,robot3,2.3509397081926613
20.400000000000002,robot1,robot4,2.600240620066535
20.400000000000002,robot2,robot3,2.0266165694301908
20.400000000000002,robot2,robot4,1.084931346179102
20.400000000000002,robot3,robot4,1.736294844597829
20.450000000000003,robot1,robot2,1.7094487065201027
20.450000000000003,robot1,robot3,2.3414628044299564
20.450000000000003,robot1,robot4,2.599362252340466
20.450000000000003,robot2,robot3,2.0115587408184843
20.450000000000003,robot2,robot4,1.0738417107256768
20.450000000000003,robot3,robot4,1.7320472092124104
20.5,robot1,robot2,1.7155595152943544
20.5,robot1,robot3,2.3319867901652014
20.5,robot1,robot4,2.598483957872744
20.5,robot2,robot3,1.9965928929153285
20.5,robot2,robot4,1.062754253724256
20.5,robot3,robot4,1.7278401808769814
20.55,robot1,robot2,1.721082300494808
20.55,robot1,robot3,2.3223708319829113
20.55,robot1,robot4,2.5993884173724404
20.55,robot2,robot3,1.9828911601977806
20.55,robot2,robot4,1.054176631198254
20.55,robot3,robot4,1.725541753460924
20.6,robot1,robot2,1.726638988203672
20.6,robot1,robot3,2.312755375366145
20.6,robot1,robot4,2.600292917829451
20.6,robot2,robot3,1.969278500662108
20.6,robot2,robot4,1.045605495464231
20.6,robot3,robot4,1.7232993816446984
20.650000000000002,robot1,robot2,1.7327498999484174
20.650000000000002,robot1,robot3,2.3031335635245407
20.650000000000002,robot1,robot4,2.5993627886342647
20.650000000000002,robot2,robot3,1.9545691561397867
20.650000000000002,robot2,robot4,1.034136067261581
20.650000000000002,robot3,robot4,1.720176775856554
20.700000000000003,robot1,robot2,1.7389098023514622
20.700000000000003,robot1,robot3,2.2935119604623813
20.700000000000003,robot1,robot4,2.5984326682983343
20.700000000000003,robot2,robot3,1.939969288050199
20.700000000000003,robot2,robot4,1.0226717167625194
20.700000000000003,robot3,robot4,1.7170969662683584
20.75,robot1,robot2,1.7448158549985295
20.75,robot1,robot3,2.2837928958288884
20.75,robot1,robot4,2.5980939845565634
20.75,robot2,robot3,1.9259553275269004
20.75,robot2,robot4,1.012082679965056
20.75,robot3,robot4,1.7149292778090004
20.8,robot1,robot2,1.7507685887109694
20.8,robot1,robot3,2.2740738319100373
20.8,robot1,robot4,2.597755318818922
20.8,robot2,robot3,1.9120587998262502
20.8,robot2,robot4,1.0015005836368744
20.8,robot3,robot4,1.7128127801070379
20.85,robot1,robot2,1.7549945503693878
20.85,robot1,robot3,2.264428799314133
20.85,robot1,robot4,2.5976239771375687
20.85,robot2,robot3,1.9006015145868946
20.85,robot2,robot4,0.9939709217156453
20.85,robot3,robot4,1.7114065576645574
20.900000000000002,robot1,robot2,1.7592451765373696
20.900000000000002,robot1,robot3,2.2547838525368675
20.900000000000002,robot1,robot4,2.5974926427376075
20.900000000000002,robot2,robot3,1.8892361814757301
20.900000000000002,robot2,robot4,0.9864459470493044
20.900000000000002,robot3,robot4,1.710053496692136
20.950000000000003,robot1,robot2,1.7620106400462656
20.950000000000003,robot1,robot3,2.2469485155148745
20.950000000000003,robot1,robot4,2.597706939911862
20.950000000000003,robot2,robot3,1.8810033641342188
20.950000000000003,robot2,robot4,0.9817620602264072
20.950000000000003,robot3,robot4,1.7094156004729366
21.0,robot1,robot2,1.7647861262195486
21.0,robot1,robot3,2.239113242036901
21.0,robot1,robot4,2.597921247875886
21.0,robot2,robot3,1.8728227453814204
21.0,robot2,robot4,0.977081276174096
21.0,robot3,robot4,1.7088141345038084
21.05,robot1,robot2,1.7674344917312355
21.05,robot1,robot3,2.2332306393235
21.05,robot1,robot4,2.598128666103981
21.05,robot2,robot3,1.8659810407560415
21.05,robot2,robot4,0.9723749734749964
21.05,robot3,robot4,1.708885952525943
21.1,robot1,robot2,1.7700946476852586
21.1,robot1,robot3,2.22734843754317
21.1,robot1,robot4,2.59833608692717
21.1,robot2,robot3,1.8591809624869764
21.1,robot2,robot4,0.9676724362220926
21.1,robot3,robot4,1.7089801009543675
21.150000000000002,robot1,robot2,1.7726879983324761
21.150000000000002,robot1,robot3,2.2214243382303165
21.150000000000002,robot1,robot4,2.5983900060572123
21.150000000000002,robot2,robot3,1.8525511134092898
21.150000000000002,robot2,robot4,0.9628682627078327
21.150000000000002,robot3,robot4,1.709288200547819
21.200000000000003,robot1,robot2,1.7752929478832504
21.200000000000003,robot1,robot3,2.215500841204534
21.200000000000003,robot1,robot4,2.5984439252175524
21.200000000000003,robot2,robot3,1.845964605546379
21.200000000000003,robot2,robot4,0.9580681834650389
21.200000000000003,robot3,robot4,1.7096178552302266
21.25,robot1,robot2,1.7777527710942402
21.25,robot1,robot3,2.2096545374234973
21.25,robot1,robot4,2.5984517829108356
21.25,robot2,robot3,1.83966892401459
21.25,robot2,robot4,0.9533342687558494
21.25,robot3,robot4,1.710299242297163
21.3,robot1,robot2,1.7802242770642693
21.3,robot1,robot3,2.2038092732541537
21.3,robot1,robot4,2.5984596406105678
21.3,robot2,robot3,1.8334177000089207
21.3,robot2,robot4,0.9486050100884983
21.3,robot3,robot4,1.711001710468169
21.35,robot1,robot2,1.7830599534603429
21.35,robot1,robot3,2.1980771459430737
21.35,robot1,robot4,2.5984575871322204
21.35,robot2,robot3,1.8266537416714337
21.35,robot2,robot4,0.9429635422374503
21.35,robot3,robot4,1.7120956431467986
21.400000000000002,robot1,robot2,1.7859131081340438
21.400000000000002,robot1,robot3,2.1923466423081908
21.400000000000002,robot1,robot4,2.5984555336587927
21.400000000000002,robot2,robot3,1.8199429630142254
21.400000000000002,robot2,robot4,0.9373300549267581
21.400000000000002,robot3,robot4,1.7132101109957294
21.450000000000003,robot1,robot2,1.7888262895138816
21.450000000000003,robot1,robot3,2.185260880896432
21.450000000000003,robot1,robot4,2.598452385989832
21.450000000000003,robot2,robot3,1.8127142088145742
21.450000000000003,robot2,robot4,0.931406485151488
21.450000000000003,robot3,robot4,1.7150209868023483
21.5,robot1,robot2,1.7917596542229095
21.5,robot1,robot3,2.1781786096711633
21.5,robot1,robot4,2.5984492383221576
21.5,robot2,robot3,1.8055608779019332
21.5,robot2,robot4,0.9254932954624793
21.5,robot3,robot4,1.7168635931954523
21.55,robot1,robot2,1.7945267356640997
21.55,robot1,robot3,2.169248932988213
21.55,robot1,robot4,2.598446090655769
21.55,robot2,robot3,1.7979500876980012
21.55,robot2,robot4,0.9196995525507229
21.55,robot3,robot4,1.7193931407349077
21.6,robot1,robot2,1.7973142976341117
21.6,robot1,robot3,2.160325470251416
21.6,robot1,robot4,2.5984429429906672
21.6,robot2,robot3,1.790442844132423
21.6,robot2,robot4,0.9139177840976725
21.6,robot3,robot4,1.7219730357833716
21.650000000000002,robot1,robot2,1.7999397907397485
21.650000000000002,robot1,robot3,2.1515589201423815
21.650000000000002,robot1,robot4,2.59844086254142
21.650000000000002,robot2,robot3,1.783065989070511
21.650000000000002,robot2,robot4,0.9082549228274239
21.650000000000002,robot3,robot4,1.7246967019659571
21.700000000000003,robot1,robot2,1.8025860981603625
21.700000000000003,robot1,robot3,2.1427990046782264
21.700000000000003,robot1,robot4,2.598438782093971
21.700000000000003,robot2,robot3,1.7757917733115554
21.700000000000003,robot2,robot4,0.9026057820294524
21.700000000000003,robot3,robot4,1.7274687634860437
21.75,robot1,robot2,1.8050772665297459
21.75,robot1,robot3,2.1341157328903813
21.75,robot1,robot4,2.59843670164832
21.75,robot2,robot3,1.7686208570952255
21.75,robot2,robot4,0.8970762951513656
21.75,robot3,robot4,1.7303924377352238
21.8,robot1,robot2,1.807589559255364
21.8,robot1,robot3,2.1254396104008695
21.8,robot1,robot4,2.5984346212044667
21.8,robot2,robot3,1.761552838710778
21.8,robot2,robot4,0.891562347332479
21.8,robot3,robot4,1.733363417603187
21.85,robot1,robot2,1.8095945819996533
21.85,robot1,robot3,2.1168030401105455
21.85,robot1,robot4,2.5984332342428966
21.85,robot2,robot3,1.7554578029067658
21.85,robot2,robot4,0.8870290373231869
21.85,robot3,robot4,1.7364978011089593
21.900000000000002,robot1,robot2,1.8116145664221737
21.900000000000002,robot1,robot3,2.1081742276467565
21.900000000000002,robot1,robot4,2.5984318472821255
21.900000000000002,robot2,robot3,1.749456797062734
21.900000000000002,robot2,robot4,0.8825077337819764
21.900000000000002,robot3,robot4,1.7396787959310192
21.950000000000003,robot1,robot2,1.8128954717694703
21.950000000000003,robot1,robot3,2.1008631043103447
21.950000000000003,robot1,robot4,2.5984311673000886
21.950000000000003,robot2,robot3,1.744852998635773
21.950000000000003,robot2,robot4,0.8793063983761573
21.950000000000003,robot3,robot4,1.7425386441402098
22.0,robot1,robot2,1.8141849420839098
22.0,robot1,robot3,2.093558112481237
22.0,robot1,robot4,2.598430487318835
22.0,robot2,robot3,1.7403120364635762
22.0,robot2,robot4,0.8761129885351546
22.0,robot3,robot4,1.7454317758274025
22.05,robot1,robot2,1.8153524945651738
22.05,robot1,robot3,2.0867029569646465
22.05,robot1,robot4,2.598699255641753
22.05,robot2,robot3,1.7359336437067518
22.05,robot2,robot4,0.8732347748257624
22.05,robot3,robot4,1.7485457337501928
22.1,robot1,robot2,1.8165289147877608
22.1,robot1,robot3,2.079853910939901
22.1,robot1,robot4,2.5989680245205022
22.1,robot2,robot3,1.7316132337516943
22.1,robot2,robot4,0.8703663776249632
22.1,robot3,robot4,1.7516904904474422
22.150000000000002,robot1,robot2,1.8175358208236916
22.150000000000002,robot1,robot3,2.0730729495877607
22.150000000000002,robot1,robot4,2.599402321358604
22.150000000000002,robot2,robot3,1.727401121429892
22.150000000000002,robot2,robot4,0.8677873600262047
22.150000000000002,robot3,robot4,1.7551184901629864
22.200000000000003,robot1,robot2,1.8185517917180694
22.200000000000003,robot1,robot3,2.066298737472875
22.200000000000003,robot1,robot4,2.599836618805497
22.200000000000003,robot2,robot3,1.7232464269282555
22.200000000000003,robot2,robot4,0.8652197477895426
22.200000000000003,robot3,robot4,1.7585776319071047
22.25,robot1,robot2,1.8194003848736124
22.25,robot1,robot3,2.059610613197371
22.25,robot1,robot4,2.600275898386554
22.25,robot2,robot3,1.7192076372518241
22.25,robot2,robot4,0.8628247283494198
22.25,robot3,robot4,1.7621529751035379
22.3,robot1,robot2,1.8202582013489184
22.3,robot1,robot3,2.052929869363539
22.3,robot1,robot4,2.600715178372672
22.3,robot2,robot3,1.7152253975746161
22.3,robot2,robot4,0.8604417608949487
22.3,robot3,robot4,1.7657589252729264
22.35,robot1,robot2,1.820943330802815
22.35,robot1,robot3,2.046332695115154
22.35,robot1,robot4,2.6011489069045046
22.35,robot2,robot3,1.7113627567855094
22.35,robot2,robot4,0.8582303071933838
22.35,robot3,robot4,1.7694792653451044
22.400000000000002,robot1,robot2,1.821637814213627
22.400000000000002,robot1,robot3,2.0397435778082493
22.400000000000002,robot1,robot4,2.6015826393524386
22.400000000000002,robot2,robot3,1.7075557174572664
22.400000000000002,robot2,robot4,0.8560315180067845
22.400000000000002,robot3,robot4,1.7732296109421366
22.450000000000003,robot1,robot2,1.8221205021999094
22.450000000000003,robot1,robot3,2.0324043318499023
22.450000000000003,robot1,robot4,2.6019886752196384
22.450000000000003,robot2,robot3,1.7041989457086573
22.450000000000003,robot2,robot4,0.8541789627777072
22.450000000000003,robot3,robot4,1.7775915490113305
22.5,robot1,robot2,1.822611220920139
22.5,robot1,robot3,2.025076389742619
22.5,robot1,robot4,2.602394721291334
22.5,robot2,robot3,1.7009069670869714
22.5,robot2,robot4,0.8523375982631529
22.5,robot3,robot4,1.7819901975140042
22.55,robot1,robot2,1.8227046933077915
22.55,robot1,robot3,2.017226106525803
22.55,robot1,robot4,2.6031679220579007
22.55,robot2,robot3,1.6981997952708627
22.55,robot2,robot4,0.8514527000045274
22.55,robot3,robot4,1.7871676937268643
22.6,robot1,robot2,1.8228061406658143
22.6,robot1,robot3,2.0093932637769045
22.6,robot1,robot4,2.6039414172242816
22.6,robot2,robot3,1.6955664992635944
22.6,robot2,robot4,0.8505766101092834
22.6,robot3,robot4,1.7923943918903564
22.650000000000002,robot1,robot2,1.8228404505718538
22.650000000000002,robot1,robot3,2.001689502510441
22.650000000000002,robot1,robot4,2.6053755830566927
22.650000000000002,robot2,robot3,1.6932795809973318
22.650000000000002,robot2,robot4,0.8505890037762068
22.650000000000002,robot3,robot4,1.7979385595905388
22.700000000000003,robot1,robot2,1.8228819559294014
22.700000000000003,robot1,robot3,1.9940040328068542
22.700000000000003,robot1,robot4,2.6068102843436844
22.700000000000003,robot2,robot3,1.691064647579447
22.700000000000003,robot2,robot4,0.8506089643290857
22.700000000000003,robot3,robot4,1.8035374274269997
22.75,robot1,robot2,1.8229082492484365
22.75,robot1,robot3,1.9866059272450716
22.75,robot1,robot4,2.6081960777762188
22.75,robot2,robot3,1.6892015793653081
22.75,robot2,robot4,0.8506627379791888
22.75,robot3,robot4,1.8092210400911495
22.8,robot1,robot2,1.8229416737419222
22.8,robot1,robot3,1.979227512637443
22.8,robot1,robot4,2.6095825421268053
22.8,robot2,robot3,1.6874087547177181
22.8,robot2,robot4,0.8507231791564163
22.8,robot3,robot4,1.8149561449302294
22.85,robot1,robot2,1.8228681198858712
22.85,robot1,robot3,1.9721272064911275
22.85,robot1,robot4,2.6108466226970326
22.85,robot2,robot3,1.6859602547365256
22.85,robot2,robot4,0.85082712841696
22.85,robot3,robot4,1.820764867115466
22.900000000000002,robot1,robot2,1.8228016750047167
22.900000000000002,robot1,robot3,1.9650483900670226
22.900000000000002,robot1,robot4,2.6121115401546313
22.900000000000002,robot2,robot3,1.6845795652521134
22.900000000000002,robot2,robot4,0.8509369755798605
22.900000000000002,robot3,robot4,1.8266216571945055
22.950000000000003,robot1,robot2,1.8226548175930763
22.950000000000003,robot1,robot3,1.9582035942102645
22.950000000000003,robot1,robot4,2.6131767891986377
22.950000000000003,robot2,robot3,1.684088679497089
22.950000000000003,robot2,robot4,0.8512284078502375
22.950000000000003,robot3,robot4,1.8325716836556494
23.0,robot1,robot2,1.8225130123927786
23.0,robot1,robot3,1.9513825345198208
23.0,robot1,robot4,2.614243016577648
23.0,robot2,robot3,1.6836615636908743
23.0,robot2,robot4,0.8515228216812513
23.0,robot3,robot4,1.8385661879263415
23.05,robot1,robot2,1.822166110048217
23.05,robot1,robot3,1.9448531675330276
23.05,robot1,robot4,2.6151799738251764
23.05,robot2,robot3,1.6842892652037236
23.05,robot2,robot4,0.8523047527149545
23.05,robot3,robot4,1.844591183319762
23.1,robot1,robot2,1.8218218021447654
23.1,robot1,robot3,1.9383492299505785
23.1,robot1,robot4,2.6161180884272026
23.1,robot2,robot3,1.684972759530551
23.1,robot2,robot4,0.8530873181814391
23.1,robot3,robot4,1.8506572995003696
23.150000000000002,robot1,robot2,1.821315814930582
23.150000000000002,robot1,robot3,1.9320847629450033
23.150000000000002,robot1,robot4,2.6171982205087656
23.150000000000002,robot2,robot3,1.6858742930564248
23.150000000000002,robot2,robot4,0.854261804576618
23.150000000000002,robot3,robot4,1.8567419119791528
23.200000000000003,robot1,robot2,1.820812398613597
23.200000000000003,robot1,robot3,1.9258471812739966
23.200000000000003,robot1,robot4,2.6182800104383417
23.200000000000003,robot2,robot3,1.6868283378251623
23.200000000000003,robot2,robot4,0.8554365949104586
23.200000000000003,robot3,robot4,1.8628680490882872
23.25,robot1,robot2,1.8200984981921309
23.25,robot1,robot3,1.9198318143819264
23.25,robot1,robot4,2.6197468149291163
23.25,robot2,robot3,1.688034261172518
23.25,robot2,robot4,0.857315354264112
23.25,robot3,robot4,1.8691659932767473
23.3,robot1,robot2,1.8193871603922018
23.3,robot1,robot3,1.9138454824684774
23.3,robot1,robot4,2.6212161199450916
23.3,robot2,robot3,1.6892896392226526
23.3,robot2,robot4,0.8591941889584682
23.3,robot3,robot4,1.8755086555985283
23.35,robot1,robot2,1.8182710578344057
23.35,robot1,robot3,1.9080593732628577
23.35,robot1,robot4,2.622606039058526
23.35,robot2,robot3,1.6908010541006888
23.35,robot2,robot4,0.8613537052877871
23.35,robot3,robot4,1.882201813229655
23.400000000000002,robot1,robot2,1.8171576926059554
23.400000000000002,robot1,robot3,1.902306138898258
23.400000000000002,robot1,robot4,2.6239985873214566
23.400000000000002,robot2,robot3,1.6923586109477506
23.400000000000002,robot2,robot4,0.8635134070204125
23.400000000000002,robot3,robot4,1.8889372041243195
23.450000000000003,robot1,robot2,1.8166065845374997
23.450000000000003,robot1,robot3,1.8972674830266416
23.450000000000003,robot1,robot4,2.6261587174289374
23.450000000000003,robot2,robot3,1.6944553198450676
23.450000000000003,robot2,robot4,0.8659564294518519
23.450000000000003,robot3,robot4,1.896040908581946
23.5,robot1,robot2,1.8160578421319626
23.5,robot1,robot3,1.8922601702633282
23.5,robot1,robot4,2.628321400377245
23.5,robot2,robot3,1.6965950588169234
23.5,robot2,robot4,0.8683995373766616
23.5,robot3,robot4,1.9031844426880964
23.55,robot1,robot2,1.8152995551743656
23.55,robot1,robot3,1.8864860064085418
23.55,robot1,robot4,2.630393536671509
23.55,robot2,robot3,1.69993456358914
23.55,robot2,robot4,0.871151217374171
23.55,robot3,robot4,1.911647018861615
23.6,robot1,robot2,1.8145423080463017
23.6,robot1,robot3,1.8807539294878528
23.6,robot1,robot4,2.632467638970705
23.6,robot2,robot3,1.703324831809247
23.6,robot2,robot4,0.8739028973804813
23.6,robot3,robot4,1.9201537142801877
23.650000000000002,robot1,robot2,1.8131753068980945
23.650000000000002,robot1,robot3,1.8741920727089976
23.650000000000002,robot1,robot4,2.6344426379238643
23.650000000000002,robot2,robot3,1.7070857446022594
23.650000000000002,robot2,robot4,0.8773471731454147
23.650000000000002,robot3,robot4,1.9291830756092074
23.700000000000003,robot1,robot2,1.8118084096421452
23.700000000000003,robot1,robot3,1.8676749448951224
23.700000000000003,robot1,robot4,2.636418753138621
23.700000000000003,robot2,robot3,1.7108956751517612
23.700000000000003,robot2,robot4,0.8807914589782307
23.700000000000003,robot3,robot4,1.9382593860275774
23.75,robot1,robot2,1.810799472877795
23.75,robot1,robot3,1.862242435854218
23.75,robot1,robot4,2.639486084050312
23.75,robot2,robot3,1.7150054069160394
23.75,robot2,robot4,0.8849393925723106
23.75,robot3,robot4,1.947756960371211
23.8,robot1,robot2,1.8097910661510073
23.8,robot1,robot3,1.856856390265009
23.8,robot1,robot4,2.642555693966354
23.8,robot2,robot3,1.719160329966929
23.8,robot2,robot4,0.8890873495230939
23.8,robot3,robot4,1.957302698785755
23.85,robot1,robot2,1.8080611410326393
23.85,robot1,robot3,1.85166913880342
23.85,robot1,robot4,2.6452787486255587
23.85,robot2,robot3,1.7236150635267293
23.85,robot2,robot4,0.893529410155732
23.85,robot3,robot4,1.9672976816763146
23.900000000000002,robot1,robot2,1.806331969445539
23.900000000000002,robot1,robot3,1.8465373011385389
23.900000000000002,robot1,robot4,2.648004412037488
23.900000000000002,robot2,robot3,1.7281111952212453
23.900000000000002,robot2,robot4,0.8979714744116323
23.900000000000002,robot3,robot4,1.9773371726567026
23.950000000000003,robot1,robot2,1.804797852426969
23.950000000000003,robot1,robot3,1.841585505911957
23.950000000000003,robot1,robot4,2.6511237517937563
23.950000000000003,robot2,robot3,1.732934907367268
23.950000000000003,robot2,robot4,0.9026384357659497
23.950000000000003,robot3,robot4,1.9877996107379647
24.0,robot1,robot2,1.8032640499973929
24.0,robot1,robot3,1.8366871195334278
24.0,robot1,robot4,2.6542447616363494
24.0,robot2,robot3,1.737796914086626
24.0,robot2,robot4,0.9073054436764941
24.0,robot3,robot4,1.9983030411151357
24.05,robot1,robot2,1.8018831879181985
24.05,robot1,robot3,1.8322029574023726
24.05,robot1,robot4,2.6577172684272212
24.05,robot2,robot3,1.742834707550102
24.05,robot2,robot4,0.9120772213373712
24.05,robot3,robot4,2.0092125825037157
24.1,robot1,robot2,1.8005027608337623
24.1,robot1,robot3,1.8277731060117939
24.1,robot1,robot4,2.6611912317653914
24.1,robot2,robot3,1.7479090922087452
24.1,robot2,robot4,0.9168492534877258
24.1,robot3,robot4,2.0201599595885966
24.150000000000002,robot1,robot2,1.798833280682579
24.150000000000002,robot1,robot3,1.8232670895788279
24.150000000000002,robot1,robot4,2.664581088993024
24.150000000000002,robot2,robot3,1.7515689097721792
24.150000000000002,robot2,robot4,0.9217325986293424
24.150000000000002,robot3,robot4,2.0298104923200344
24.200000000000003,robot1,robot2,1.7971640770817223
24.200000000000003,robot1,robot3,1.818799762741627
24.200000000000003,robot1,robot4,2.66797173082025
24.200000000000003,robot2,robot3,1.7552560171211495
24.200000000000003,robot2,robot4,0.9266168277367947
24.200000000000003,robot3,robot4,2.0394945198320595
24.25,robot1,robot2,1.7956192229096068
24.25,robot1,robot3,1.8142686811094162
24.25,robot1,robot4,2.6714679600657765
24.25,robot2,robot3,1.7581033592920525
24.25,robot2,robot4,0.9312918329688605
24.25,robot3,robot4,2.0487596108071098
24.3,robot1,robot2,1.7940753258001738
24.3,robot1,robot3,1.8097732421574257
24.3,robot1,robot4,2.674965182699767
24.3,robot2,robot3,1.7609799795432088
24.3,robot2,robot4,0.9359684870277418
24.3,robot3,robot4,2.058059621810068
24.35,robot1,robot2,1.7924654638705035
24.35,robot1,robot3,1.8046394450727545
24.35,robot1,robot4,2.6759223755233448
24.35,robot2,robot3,1.7633412962282713
24.35,robot2,robot4,0.9379434135325009
24.35,robot3,robot4,2.0660661754438077
24.400000000000002,robot1,robot2,1.7908567617542728
24.400000000000002,robot1,robot3,1.799541164324117
24.400000000000002,robot1,robot4,2.676879725143063
24.400000000000002,robot2,robot3,1.7657362566363077
24.400000000000002,robot2,robot4,0.9399211166161765
24.400000000000002,robot3,robot4,2.0740939739879196
24.450000000000003,robot1,robot2,1.7897357488704864
24.450000000000003,robot1,robot3,1.7941553017328233
24.450000000000003,robot1,robot4,2.6774965954944276
24.450000000000003,robot2,robot3,1.7676548630864004
24.450000000000003,robot2,robot4,0.9410038438844179
24.450000000000003,robot3,robot4,2.081505328068187
24.5,robot1,robot2,1.7886162007029345
24.5,robot1,robot3,1.7888011860061475
24.5,robot1,robot4,2.6781135403722147
24.5,robot2,robot3,1.7696117134795417
24.5,robot2,robot4,0.9420895372585346
24.5,robot3,robot4,2.0889369453556994
24.55,robot1,robot2,1.7875678396453236
24.55,robot1,robot3,1.7847015211021982
24.55,robot1,robot4,2.6785320798191403
24.55,robot2,robot3,1.7702986500614097
24.55,robot2,robot4,0.9428769325633118
24.55,robot3,robot4,2.094183624241974
24.6,robot1,robot2,1.786521436199409
24.6,robot1,robot3,1.7806194029339901
24.6,robot1,robot4,2.67895077578443
24.6,robot2,robot3,1.7710083120711206
24.6,robot2,robot4,0.9436671144614504
24.6,robot3,robot4,2.099442936998527
24.650000000000002,robot1,robot2,1.7864212417989496
24.650000000000002,robot1,robot3,1.7802437877311215
24.650000000000002,robot1,robot4,2.6795900057293283
24.650000000000002,robot2,robot3,1.7701771139539257
24.650000000000002,robot2,robot4,0.9440570255763154
24.650000000000002,robot3,robot4,2.100016817427482
24.700000000000003,robot1,robot2,1.7863217677904504
24.700000000000003,robot1,robot3,1.7798682840277815
24.700000000000003,robot1,robot4,2.6802293274303977
24.700000000000003,robot2,robot3,1.7693465105541086
24.700000000000003,robot2,robot4,0.9444475674954116
24.700000000000003,robot3,robot4,2.100591376652299
24.75,robot1,robot2,1.7861664353248972
24.75,robot1,robot3,1.7795461353168815
24.75,robot1,robot4,2.6800085940050637
24.75,robot2,robot3,1.769403270140812
24.75,robot2,robot4,0.9444381210525389
24.75,robot3,robot4,2.100592369428026
24.8,robot1,robot2,1.7860111615936223
24.8,robot1,robot3,1.7792239867225825
24.8,robot1,robot4,2.6797878847987207
24.8,robot2,robot3,1.7694600297723597
24.8,robot2,robot4,0.9444286771085469
24.8,robot3,robot4,2.10059336230528
24.85,robot1,robot2,1.7863625303955661
24.85,robot1,robot3,1.776379801793876
24.85,robot1,robot4,2.6801515015806476
24.85,robot2,robot3,1.7702906680984625
24.85,robot2,robot4,0.9442982350699645
24.85,robot3,robot4,2.10347489812245
24.900000000000002,robot1,robot2,1.7867139034758754
24.900000000000002,robot1,robot3,1.7735385414436302
24.900000000000002,robot1,robot4,2.6805153191045186
24.900000000000002,robot2,robot3,1.7711297096090959
24.900000000000002,robot2,robot4,0.9441681547266885
24.900000000000002,robot3,robot4,2.106359774098433
24.950000000000003,robot1,robot2,1.7867121756962563
24.950000000000003,robot1,robot3,1.7715400712609493
24.950000000000003,robot1,robot4,2.6811260455504975
24.950000000000003,robot2,robot3,1.7719958884297673
24.950000000000003,robot2,robot4,0.9438736599145566
24.950000000000003,robot3,robot4,2.11106972135799
25.0,robot1,robot2,1.7867177360425457
25.0,robot1,robot3,1.7695599883228033
25.0,robot1,robot4,2.6817383016575276
25.0,robot2,robot3,1.7728848912222135
25.0,robot2,robot4,0.9435816294746311
25.0,robot3,robot4,2.115788111678955
25.05,robot1,robot2,1.7866209658484506
25.05,robot1,robot3,1.7701446207314533
25.05,robot1,robot4,2.681888971756894
25.05,robot2,robot3,1.7719635984760662
25.05,robot2,robot4,0.943249921510996
25.05,robot3,robot4,2.116056725114724
25.1,robot1,robot2,1.786526607663597
25.1,robot1,robot3,1.77072955006037
25.1,robot1,robot4,2.6820399523202485
25.1,robot2,robot3,1.7710426786345381
25.1,robot2,robot4,0.9429195184659187
25.1,robot3,robot4,2.1163253663066555
25.150000000000002,robot1,robot2,1.786575856169701
25.150000000000002,robot1,robot3,1.7701247902089419
25.150000000000002,robot1,robot4,2.6819673797587473
25.150000000000002,robot2,robot3,1.7711223748087679
25.150000000000002,robot2,robot4,0.9429274062750007
25.150000000000002,robot3,robot4,2.116320901446482
25.200000000000003,robot1,robot2,1.7866254788757492
25.200000000000003,robot1,robot3,1.7695201237092502
25.200000000000003,robot1,robot4,2.681895013140149
25.200000000000003,robot2,robot3,1.771202072023404
25.200000000000003,robot2,robot4,0.9429352999066267
25.200000000000003,robot3,robot4,2.116316436899265
25.25,robot1,robot2,1.7864126169400227
25.25,robot1,robot3,1.7700459518561942
25.25,robot1,robot4,2.681852362052859
25.25,robot2,robot3,1.7710301103326844
25.25,robot2,robot4,0.9429463896372899
25.25,robot3,robot4,2.1163162094103516
25.3,robot1,robot2,1.7862001505279301
25.3,robot1,robot3,1.770571900767094
25.3,robot1,robot4,2.6818098920907874
25.3,robot2,robot3,1.770858148695146
25.3,robot2,robot4,0.9429575111711026
25.3,robot3,robot4,2.116315981925667
25.35,robot1,robot2,1.785417648425432
25.35,robot1,robot3,1.7716210112962225
25.35,robot1,robot4,2.6814968105057018
25.35,robot2,robot3,1.7699278589886793
25.35,robot2,robot4,0.9428534761383923
25.35,robot3,robot4,2.1162962255506668
25.400000000000002,robot1,robot2,1.7846383625020503
25.400000000000002,robot1,robot3,1.7726708922371912
25.400000000000002,robot1,robot4,2.681184604850065
25.400000000000002,robot2,robot3,1.7689975901557922
25.400000000000002,robot2,robot4,0.9427504011523942
25.400000000000002,robot3,robot4,2.1162764697746845
25.450000000000003,robot1,robot2,1.7839348489690563
25.450000000000003,robot1,robot3,1.7713787239058312
25.450000000000003,robot1,robot4,2.6810224250772783
25.450000000000003,robot2,robot3,1.769523268238087
25.450000000000003,robot2,robot4,0.9428894909892676
25.450000000000003,robot3,robot4,2.1187513674751934
25.5,robot1,robot2,1.7832323701203385
25.5,robot1,robot3,1.7700919496257814
25.5,robot1,robot4,2.680860391444508
25.5,robot2,robot3,1.7700531276843077
25.5,robot2,robot4,0.943029396049243
25.5,robot3,robot4,2.121227848561771
25.55,robot1,robot2,1.7834835864378595
25.55,robot1,robot3,1.7676983029671662
25.55,robot1,robot4,2.6827395485683097
25.55,robot2,robot3,1.7714570728869639
25.55,robot2,robot4,0.9447489326055097
25.55,robot3,robot4,2.1249666541323657
25.6,robot1,robot2,1.7837348141077474
25.6,robot1,robot3,1.7653087252064437
25.6,robot1,robot4,2.684618743314216
25.6,robot2,robot3,1.772868118685087
25.6,robot2,robot4,0.9464684736482245
25.6,robot3,robot4,2.12871306853695
25.650000000000002,robot1,robot2,1.7838344691128856
25.650000000000002,robot1,robot3,1.763776970313211
25.650000000000002,robot1,robot4,2.6871771799187805
25.650000000000002,robot2,robot3,1.7747024040673691
25.650000000000002,robot2,robot4,0.9490843924923116
25.650000000000002,robot3,robot4,2.1328565530961057
25.700000000000003,robot1,robot2,1.7839341472915975
25.700000000000003,robot1,robot3,1.7622507198298996
25.700000000000003,robot1,robot4,2.6897361800780764
25.700000000000003,robot2,robot3,1.776541940703906
25.700000000000003,robot2,robot4,0.9517004822463844
25.700000000000003,robot3,robot4,2.137008765122877
25.75,robot1,robot2,1.7831826774204178
25.75,robot1,robot3,1.7612592606684145
25.75,robot1,robot4,2.6917554159924153
25.75,robot2,robot3,1.778748031524561
25.75,robot2,robot4,0.954516749752067
25.75,robot3,robot4,2.141577460729882
25.8,robot1,robot2,1.782431459049688
25.8,robot1,robot3,1.7602778079621408
25.8,robot1,robot4,2.693775686801891
25.8,robot2,robot3,1.7809579893939105
25.8,robot2,robot4,0.9573330638231398
25.8,robot3,robot4,2.1461529497733847
25.85,robot1,robot2,1.7816330159550957
25.85,robot1,robot3,1.759708624857678
25.85,robot1,robot4,2.6959579259656947
25.85,robot2,robot3,1.783526000467403
25.85,robot2,robot4,0.960353321435658
25.85,robot3,robot4,2.1510773341909983
25.900000000000002,robot1,robot2,1.7808346980000698
25.900000000000002,robot1,robot3,1.7591495330011033
25.900000000000002,robot1,robot4,2.6981408748725486
25.900000000000002,robot2,robot3,1.7860965563409503
25.900000000000002,robot2,robot4,0.9633735829432944
25.900000000000002,robot3,robot4,2.156006744725072
25.950000000000003,robot1,robot2,1.7798205483096463
25.950000000000003,robot1,robot3,1.759060862215404
25.950000000000003,robot1,robot4,2.7004363489629784
25.950000000000003,robot2,robot3,1.7888558307494349
25.950000000000003,robot2,robot4,0.9666731917878194
25.950000000000003,robot3,robot4,2.161210408165411
26.0,robot1,robot2,1.7788064979339377
26.0,robot1,robot3,1.7589824315489908
26.0,robot1,robot4,2.70273234208791
26.0,robot2,robot3,1.7916164091350582
26.0,robot2,robot4,0.9699728379145469
26.0,robot3,robot4,2.1664175438382145
26.05,robot1,robot2,1.7776970348594976
26.05,robot1,robot3,1.759108600206721
26.05,robot1,robot4,2.7049544796308957
26.05,robot2,robot3,1.7928679406877686
26.05,robot2,robot4,0.9732744774882365
26.05,robot3,robot4,2.1698275701981484
26.1,robot1,robot2,1.776587613408638
26.1,robot1,robot3,1.7592377730451905
26.1,robot1,robot4,2.7071769143565407
26.1,robot2,robot3,1.7941195006247495
26.1,robot2,robot4,0.9765762388200934
26.1,robot3,robot4,2.173239713620658
26.150000000000002,robot1,robot2,1.7754425780407543
26.150000000000002,robot1,robot3,1.7594406051373972
26.150000000000002,robot1,robot4,2.709352727333274
26.150000000000002,robot2,robot3,1.7940576541087665
26.150000000000002,robot2,robot4,0.9798707091225097
26.150000000000002,robot3,robot4,2.1750752256205987
26.200000000000003,robot1,robot2,1.7742975499743552
26.200000000000003,robot1,robot3,1.7596436447786807
26.200000000000003,robot1,robot4,2.7115287079951784
26.200000000000003,robot2,robot3,1.7939961612514672
26.200000000000003,robot2,robot4,0.9831653519042464
26.200000000000003,robot3,robot4,2.176912160672543
26.25,robot1,robot2,1.7731378733551717
26.25,robot1,robot3,1.759915244080379
26.25,robot1,robot4,2.7137429402671875
26.25,robot2,robot3,1.794127126112584
26.25,robot2,robot4,0.9865338135484764
26.25,robot3,robot4,2.178913116095385
26.3,robot1,robot2,1.7719781978526148
26.3,robot1,robot3,1.7601870747360917
26.3,robot1,robot4,2.7159572743594476
26.3,robot2,robot3,1.7942585756710208
26.3,robot2,robot4,0.9899024531583908
26.3,robot3,robot4,2.1809152503611875
26.35,robot1,robot2,1.770855905318739
26.35,robot1,robot3,1.7605378563703906
26.35,robot1,robot4,2.718217909350996
26.35,robot2,robot3,1.7945618138583301
26.35,robot2,robot4,0.9933032493212987
26.35,robot3,robot4,2.183030273934205
26.400000000000002,robot1,robot2,1.769733641195194
26.400000000000002,robot1,robot3,1.7608888354251666
26.400000000000002,robot1,robot4,2.7204785867563817
26.400000000000002,robot2,robot3,1.7948657076541965
26.400000000000002,robot2,robot4,0.9967042286546197
26.400000000000002,robot3,robot4,2.1851462040387593
26.450000000000003,robot1,robot2,1.7686476005454705
26.450000000000003,robot1,robot3,1.761319869515827
26.450000000000003,robot1,robot4,2.7227578613503263
26.450000000000003,robot2,robot3,1.795317849897338
26.450000000000003,robot2,robot4,1.0001041398470714
26.450000000000003,robot3,robot4,2.1873462732981377
26.5,robot1,robot2,1.7675616436449961
26.5,robot1,robot3,1.7617510646683316
26.5,robot1,robot4,2.7250371444404204
26.5,robot2,robot3,1.7957708385384257
26.5,robot2,robot4,1.0035042511743535
26.5,robot3,robot4,2.1895469901968307
26.55,robot1,robot2,1.7668642933899166
26.55,robot1,robot3,1.7626491762192074
26.55,robot1,robot4,2.7276303454141746
26.55,robot2,robot3,1.7963613783326005
26.55,robot2,robot4,1.0068034659706433
26.55,robot3,robot4,2.1917918049263942
26.6,robot1,robot2,1.7661669667220028
26.6,robot1,robot3,1.763547364071915
26.6,robot1,robot4,2.73022356821946
26.6,robot2,robot3,1.7969528471345597
26.6,robot2,robot4,1.0101028857957985
26.6,robot3,robot4,2.1940370623346364
26.650000000000002,robot1,robot2,1.7674607533035211
26.650000000000002,robot1,robot3,1.7656632956147813
26.650000000000002,robot1,robot4,2.7347907613782816
26.650000000000002,robot2,robot3,1.7974387837103105
26.650000000000002,robot2,robot4,1.0133264924407386
26.650000000000002,robot3,robot4,2.1962332954363593
26.700000000000003,robot1,robot2,1.7687545521719512
26.700000000000003,robot1,robot3,1.7677801865616665
26.700000000000003,robot1,robot4,2.7393579677648923
26.700000000000003,robot2,robot3,1.7979256544443099
26.700000000000003,robot2,robot4,1.0165504141999058
26.700000000000003,robot3,robot4,2.198429896320781
26.75,robot1,robot2,1.769010351463849
26.75,robot1,robot3,1.7713471439246458
26.75,robot1,robot4,2.7430787868880566
26.75,robot2,robot3,1.7996949097364392
26.75,robot2,robot4,1.019781902301909
26.75,robot3,robot4,2.2016742975399994
26.8,robot1,robot2,1.7692666361733045
26.8,robot1,robot3,1.774914396459728
26.8,robot1,robot4,2.746799854917719
26.8,robot2,robot3,1.8014664115714174
26.8,robot2,robot4,1.0230140945285162
26.8,robot3,robot4,2.204918806866139
26.85,robot1,robot2,1.7704151343273278
26.85,robot1,robot3,1.7791449591636008
26.85,robot1,robot4,2.7505275908723856
26.85,robot2,robot3,1.8037263910273367
26.85,robot2,robot4,1.0252588437194776
26.85,robot3,robot4,2.2083075139229367
26.900000000000002,robot1,robot2,1.7715647795147094
26.900000000000002,robot1,robot3,1.783375945781764
26.900000000000002,robot1,robot4,2.7542556214587273
26.900000000000002,robot2,robot3,1.8059875837585375
26.900000000000002,robot2,robot4,1.0275043971798854
26.900000000000002,robot3,robot4,2.211696745243796
26.950000000000003,robot1,robot2,1.7726417684090179
26.950000000000003,robot1,robot3,1.7877916967446883
26.950000000000003,robot1,robot4,2.7558687611933284
26.950000000000003,robot2,robot3,1.808135665114208
26.950000000000003,robot2,robot4,1.0278162851565449
26.950000000000003,robot3,robot4,2.2131358766874207
27.0,robot1,robot2,1.7737203239518906
27.0,robot1,robot3,1.7922079100422474
27.0,robot1,robot4,2.7574827247944818
27.0,robot2,robot3,1.8102850791170986
27.0,robot2,robot4,1.028128178376607
27.0,robot3,robot4,2.214577109978788
27.05,robot1,robot2,1.774453603786881
27.05,robot1,robot3,1.7965414859426432
27.05,robot1,robot4,2.758772344385814
27.05,robot2,robot3,1.8123649343457982
27.05,robot2,robot4,1.0284519608305729
27.05,robot3,robot4,2.215923536840791
27.1,robot1,robot2,1.7751885320227256
27.1,robot1,robot3,1.8008757598263132
27.1,robot1,robot4,2.76006288778861
27.1,robot2,robot3,1.8144462804836632
27.1,robot2,robot4,1.0287757490245384
27.1,robot3,robot4,2.2172721450020516
27.150000000000002,robot1,robot2,1.7758684291794395
27.150000000000002,robot1,robot3,1.8054225602698253
27.150000000000002,robot1,robot4,2.761325936502698
27.150000000000002,robot2,robot3,1.816435308306492
27.150000000000002,robot2,robot4,1.0290912138028632
27.150000000000002,robot3,robot4,2.218506004597745
27.200000000000003,robot1,robot2,1.7765504910725167
27.200000000000003,robot1,robot3,1.8099701122242327
27.200000000000003,robot1,robot4,2.7625902124799473
27.200000000000003,robot2,robot3,1.8184259634422846
27.200000000000003,robot2,robot4,1.0294066858185835
27.200000000000003,robot3,robot4,2.219742117148972
27.25,robot1,robot2,1.777046054857611
27.25,robot1,robot3,1.8146315744924644
27.25,robot1,robot4,2.763861117445891
27.25,robot2,robot3,1.8202147147372478
27.25,robot2,robot4,1.0298746797772291
27.25,robot3,robot4,2.2208771764789805
27.3,robot1,robot2,1.7775441465330755
27.3,robot1,robot3,1.8192937325129772
27.3,robot1,robot4,2.765133414816182
27.3,robot2,robot3,1.8220054825507523
27.3,robot2,robot4,1.0303427070198536
27.3,robot3,robot4,2.2220145202086323
27.35,robot1,robot2,1.7778607106638724
27.35,robot1,robot3,1.8233168499141887
27.35,robot1,robot4,2.765997195617161
27.35,robot2,robot3,1.8236808229375694
27.35,robot2,robot4,1.0306611392243572
27.35,robot3,robot4,2.2229336366218853
27.400000000000002,robot1,robot2,1.7781785144638882
27.400000000000002,robot1,robot3,1.8273403453612578
27.400000000000002,robot1,robot4,2.766861601081087
27.400000000000002,robot2,robot3,1.825358331452211
27.400000000000002,robot2,robot4,1.0309796074976458
27.400000000000002,robot3,robot4,2.2238553228899582
27.450000000000003,robot1,robot2,1.7783681372670004
27.450000000000003,robot1,robot3,1.8294118341847607
27.450000000000003,robot1,robot4,2.7672912571759594
27.450000000000003,robot2,robot3,1.8261513136641363
27.450000000000003,robot2,robot4,1.0311200779967384
27.450000000000003,robot3,robot4,2.2241753981152765
27.5,robot1,robot2,1.7785579467998787
27.5,robot1,robot3,1.8314833328916755
27.5,robot1,robot4,2.7677209874127486
27.5,robot2,robot3,1.826945144207948
27.5,robot2,robot4,1.031260564522856
27.5,robot3,robot4,2.2244963937612936
27.55,robot1,robot2,1.7790316421750345
27.55,robot1,robot3,1.8335459137540706
27.55,robot1,robot4,2.7683911264892647
27.55,robot2,robot3,1.8277461874090313
27.55,robot2,robot4,1.0313989020269994
27.55,robot3,robot4,2.224764569409368
27.6,robot1,robot2,1.7795054718671137
27.6,robot1,robot3,1.835608500514475
27.6,robot1,robot4,2.769061337598176
27.6,robot2,robot3,1.8285479614278646
27.6,robot2,robot4,1.031537239584689
27.6,robot3,robot4,2.225033488957863
27.650000000000002,robot1,robot2,1.780038782120561
27.650000000000002,robot1,robot3,1.8376445968704749
27.650000000000002,robot1,robot4,2.7700358191850607
27.650000000000002,robot2,robot3,1.8292147811957458
27.650000000000002,robot2,robot4,1.0319251912658205
27.650000000000002,robot3,robot4,2.225326868738613
27.700000000000003,robot1,robot2,1.7805721920607434
27.700000000000003,robot1,robot3,1.8396807599064575
27.700000000000003,robot1,robot4,2.771010353091089
27.700000000000003,robot2,robot3,1.8298824456434355
27.700000000000003,robot2,robot4,1.032313146002704
27.700000000000003,robot3,robot4,2.2256208199493464
27.75,robot1,robot2,1.7816289843739215
27.75,robot1,robot3,1.842076546003518
27.75,robot1,robot4,2.7725142598537253
27.75,robot2,robot3,1.8304004760752495
27.75,robot2,robot4,1.0326774659543994
27.75,robot3,robot4,2.225790190876602
27.8,robot1,robot2,1.782685967978937
27.8,robot1,robot3,1.8444727507396252
27.8,robot1,robot4,2.7740182287701356
27.8,robot2,robot3,1.8309194160093445
27.8,robot2,robot4,1.0330417977497328
27.8,robot3,robot4,2.22596015796914
27.85,robot1,robot2,1.783962811190651
27.85,robot1,robot3,1.8469714330845781
27.85,robot1,robot4,2.775730418819027
27.85,robot2,robot3,1.83132399829884
27.85,robot2,robot4,1.0333944842067817
27.85,robot3,robot4,2.2259979505098944
27.900000000000002,robot1,robot2,1.7852397914168279
27.900000000000002,robot1,robot3,1.8494710174103839
27.900000000000002,robot1,robot4,2.777442629272475
27.900000000000002,robot2,robot3,1.8317297216928594
27.900000000000002,robot2,robot4,1.0337471984861677
27.900000000000002,robot3,robot4,2.2260364804380455
27.950000000000003,robot1,robot2,1.7849122469413585
27.950000000000003,robot1,robot3,1.8519672921658876
27.950000000000003,robot1,robot4,2.779253647448223
27.950000000000003,robot2,robot3,1.8320371411589886
27.950000000000003,robot2,robot4,1.0359885146904382
27.950000000000003,robot3,robot4,2.226078643574952
28.0,robot1,robot2,1.7845848025165405
28.0,robot1,robot3,1.8544647038765658
28.0,robot1,robot4,2.781064669071361
28.0,robot2,robot3,1.8323507798041838
28.0,robot2,robot4,1.038229831742471
28.0,robot3,robot4,2.226121600215271
28.05,robot1,robot2,1.7838735396456777
28.05,robot1,robot3,1.8565611193305758
28.05,robot1,robot4,2.7837564552385863
28.05,robot2,robot3,1.8327472607061783
28.05,robot2,robot4,1.0417275617581114
28.05,robot3,robot4,2.227233453802385
28.1,robot1,robot2,1.7831627748708192
28.1,robot1,robot3,1.8586586362998452
28.1,robot1,robot4,2.78644834663286
28.1,robot2,robot3,1.8331508478390424
28.1,robot2,robot4,1.045225528257897
28.1,robot3,robot4,2.2283456084425057
28.150000000000002,robot1,robot2,1.7824595102634169
28.150000000000002,robot1,robot3,1.8601968589224636
28.150000000000002,robot1,robot4,2.790050414071581
28.150000000000002,robot2,robot3,1.8336744382895511
28.150000000000002,robot2,robot4,1.0495783572771022
28.150000000000002,robot3,robot4,2.230653279801682
28.200000000000003,robot1,robot2,1.7817571523484899
28.200000000000003,robot1,robot3,1.8617359692781361
28.200000000000003,robot1,robot4,2.7936529706620687
28.200000000000003,robot2,robot3,1.8342036342601113
28.200000000000003,robot2,robot4,1.0539321349252049
28.200000000000003,robot3,robot4,2.232960956919086
28.25,robot1,robot2,1.7810604112641015
28.25,robot1,robot3,1.8632128113372477
28.25,robot1,robot4,2.797267655267949
28.25,robot2,robot3,1.8349237952103077
28.25,robot2,robot4,1.058358330185245
28.25,robot3,robot4,2.2353360416703567
28.3,robot1,robot2,1.780364952372406
28.3,robot1,robot3,1.864690526791242
28.3,robot1,robot4,2.8008828983936476
28.3,robot2,robot3,1.8356497297777155
28.3,robot2,robot4,1.062785208219422
28.3,robot3,robot4,2.2377111313788913
28.35,robot1,robot2,1.7796867304570767
28.35,robot1,robot3,1.8659769638323513
28.35,robot1,robot4,2.8045270173782426
28.35,robot2,robot3,1.83634784048012
28.35,robot2,robot4,1.0672110497874825
28.35,robot3,robot4,2.2402095531522273
28.400000000000002,robot1,robot2,1.7790099289953385
28.400000000000002,robot1,robot3,1.8672642803344686
28.400000000000002,robot1,robot4,2.8081718691169884
28.400000000000002,robot2,robot3,1.8370512403329966
28.400000000000002,robot2,robot4,1.0716377423681944
28.400000000000002,robot3,robot4,2.242707975480758
28.450000000000003,robot1,robot2,1.7782257734158786
28.450000000000003,robot1,robot3,1.8683672282332509
28.450000000000003,robot1,robot4,2.8119200520517116
28.450000000000003,robot2,robot3,1.837593702626481
28.450000000000003,robot2,robot4,1.0762232892857322
28.450000000000003,robot3,robot4,2.245382935605974
28.5,robot1,robot2,1.7774430200515572
28.5,robot1,robot3,1.8694710599067856
28.5,robot1,robot4,2.8156691562529144
28.5,robot2,robot3,1.838141233446712
28.5,robot2,robot4,1.0808101555592453
28.5,robot3,robot4,2.248057898741267
28.55,robot1,robot2,1.7765282930475668
28.55,robot1,robot3,1.8702433139720753
28.55,robot1,robot4,2.8191479172677782
28.55,robot2,robot3,1.8383887522720133
28.55,robot2,robot4,1.0852785873020114
28.55,robot3,robot4,2.2503704708380794
28.6,robot1,robot2,1.7756149672369852
28.6,robot1,robot3,1.8710165506616985
28.6,robot1,robot4,2.8226274876825315
28.6,robot2,robot3,1.8386409294111778
28.6,robot2,robot4,1.0897480916822015
28.6,robot3,robot4,2.2526830828372195
28.650000000000002,robot1,robot2,1.774607839002747
28.650000000000002,robot1,robot3,1.8709272403609127
28.650000000000002,robot1,robot4,2.825826551640997
28.650000000000002,robot2,robot3,1.838172852723731
28.650000000000002,robot2,robot4,1.0940848069406
28.650000000000002,robot3,robot4,2.2543161165243113
28.700000000000003,robot1,robot2,1.7736021079565731
28.700000000000003,robot1,robot3,1.8708393021283256
28.700000000000003,robot1,robot4,2.8290261818399633
28.700000000000003,robot2,robot3,1.8377079532330483
28.700000000000003,robot2,robot4,1.0984221231876208
28.700000000000003,robot3,robot4,2.255949724763387
28.75,robot1,robot2,1.7736929536205668
28.75,robot1,robot3,1.8706123368822307
28.75,robot1,robot4,2.8330324884747173
28.75,robot2,robot3,1.837231894783903
28.75,robot2,robot4,1.1025849778701866
28.75,robot3,robot4,2.2574570135622185
28.8,robot1,robot2,1.7737862715110295
28.8,robot1,robot3,1.8703892087851661
28.8,robot1,robot4,2.837039930280327
28.8,robot2,robot3,1.8367583611060547
28.8,robot2,robot4,1.106748195900043
28.8,robot3,robot4,2.2589650912134522
28.85,robot1,robot2,1.7745023501895538
28.85,robot1,robot3,1.8701332956232024
28.85,robot1,robot4,2.841222680821938
28.85,robot2,robot3,1.836267786375737
28.85,robot2,robot4,1.110452128216363
28.85,robot3,robot4,2.2604077686356727
28.900000000000002,robot1,robot2,1.7752203436559646
28.900000000000002,robot1,robot3,1.869881448873698
28.900000000000002,robot1,robot4,2.845406343334639
28.900000000000002,robot2,robot3,1.8357784375288866
28.900000000000002,robot2,robot4,1.1141562941584993
28.900000000000002,robot3,robot4,2.2618515975998514
28.950000000000003,robot1,robot2,1.7782913520459045
28.950000000000003,robot1,robot3,1.8695799245298395
28.950000000000003,robot1,robot4,2.8495583080413094
28.950000000000003,robot2,robot3,1.8366422798893776
28.950000000000003,robot2,robot4,1.1157478790497433
28.950000000000003,robot3,robot4,2.2632551271951757
29.0,robot1,robot2,1.7813649484339247
29.0,robot1,robot3,1.869282403347873
29.0,robot1,robot4,2.8537111154876906
29.0,robot2,robot3,1.8375062564805051
29.0,robot2,robot4,1.117339860725017
29.0,robot3,robot4,2.2646599138811103
29.05,robot1,robot2,1.7847453562770517
29.05,robot1,robot3,1.8689353597364595
29.05,robot1,robot4,2.8573203917702767
29.05,robot2,robot3,1.8384613433888815
29.05,robot2,robot4,1.118063297312925
29.05,robot3,robot4,2.265782249345687
29.1,robot1,robot2,1.788128263391919
29.1,robot1,robot3,1.8685923225050989
29.1,robot1,robot4,2.860930734749969
29.1,robot2,robot3,1.8394167979753802
29.1,robot2,robot4,1.1187871388901465
29.1,robot3,robot4,2.2669052532728404
29.150000000000002,robot1,robot2,1.7888542994862664
29.150000000000002,robot1,robot3,1.8681297469565652
29.150000000000002,robot1,robot4,2.8638177581400415
29.150000000000002,robot2,robot3,1.8385891147688493
29.150000000000002,robot2,robot4,1.1211362347918516
29.150000000000002,robot3,robot4,2.267361057826532
29.200000000000003,robot1,robot2,1.7895829274054333
29.200000000000003,robot1,robot3,1.8676731449986101
29.200000000000003,robot1,robot4,2.8667069521278243
29.200000000000003,robot2,robot3,1.83776312775722
29.200000000000003,robot2,robot4,1.1234859098204124
29.200000000000003,robot3,robot4,2.2678168968867394
29.25,robot1,robot2,1.7911834516406329
29.25,robot1,robot3,1.8671656236449006
29.25,robot1,robot4,2.8697646824704113
29.25,robot2,robot3,1.8375113877259375
29.25,robot2,robot4,1.125295903944047
29.25,robot3,robot4,2.2683105139720734
29.3,robot1,robot2,1.792787729003632
29.3,robot1,robot3,1.8666649419668222
29.3,robot1,robot4,2.872824974208488
29.3,robot2,robot3,1.8372605437797875
29.3,robot2,robot4,1.1271059968583257
29.3,robot3,robot4,2.2688041618059502
29.35,robot1,robot2,1.7957581467438761
29.35,robot1,robot3,1.8661269388512267
29.35,robot1,robot4,2.87537843597695
29.35,robot2,robot3,1.8372044308454762
29.35,robot2,robot4,1.1269893566605897
29.35,robot3,robot4,2.2688669280088907
29.400000000000002,robot1,robot2,1.7987310204191176
29.400000000000002,robot1,robot3,1.865595765602238
29.400000000000002,robot1,robot4,2.8779343097459678
29.400000000000002,robot2,robot3,1.8371483372773687
29.400000000000002,robot2,robot4,1.126872727090775
29.400000000000002,robot3,robot4,2.268929694689106
29.450000000000003,robot1,robot2,1.8008348257103566
29.450000000000003,robot1,robot3,1.865041601534735
29.450000000000003,robot1,robot4,2.8803818053653933
29.450000000000003,robot2,robot3,1.8366297308691537
29.450000000000003,robot2,robot4,1.1274396436977239
29.450000000000003,robot3,robot4,2.2689255615980994
29.5,robot1,robot2,1.8029409528514793
29.5,robot1,robot3,1.8644942370702033
29.5,robot1,robot4,2.882831722204576
29.5,robot2,robot3,1.83611127425573
29.5,robot2,robot4,1.1280067464417047
29.5,robot3,robot4,2.2689214286451174
29.55,robot1,robot2,1.805166334909473
29.55,robot1,robot3,1.8639115182761494
29.55,robot1,robot4,2.885276899965149
29.55,robot2,robot3,1.8355037912289913
29.55,robot2,robot4,1.1284029516077136
29.55,robot3,robot4,2.268922524226202
29.6,robot1,robot2,1.8073937072583275
29.6,robot1,robot3,1.8633355906465157
29.6,robot1,robot4,2.8877245059342136
29.6,robot2,robot3,1.8348963620196648
29.6,robot2,robot4,1.1287994330092481
29.6,robot3,robot4,2.2689236198702236
29.650000000000002,robot1,robot2,1.8095743806246263
29.650000000000002,robot1,robot3,1.862691590022621
29.650000000000002,robot1,robot4,2.8901062621264466
29.650000000000002,robot2,robot3,1.8341525378250305
29.650000000000002,robot2,robot4,1.129125865272114
29.650000000000002,robot3,robot4,2.268921532653895
29.700000000000003,robot1,robot2,1.8117568385004101
29.700000000000003,robot1,robot3,1.8620543561674028
29.700000000000003,robot1,robot4,2.8924905538143078
29.700000000000003,robot2,robot3,1.8334087459388317
29.700000000000003,robot2,robot4,1.1294527444475044
29.700000000000003,robot3,robot4,2.2689194454552593
29.75,robot1,robot2,1.8131562421350373
29.75,robot1,robot3,1.8613774649555905
29.75,robot1,robot4,2.8941604264733662
29.75,robot2,robot3,1.832599863764387
29.75,robot2,robot4,1.1297548732934282
29.75,robot3,robot4,2.268919536756207
29.8,robot1,robot2,1.8145565935114838
29.8,robot1,robot3,1.8607043923718782
29.8,robot1,robot4,2.8958319478244934
29.8,robot2,robot3,1.8317910040438568
29.8,robot2,robot4,1.1300575364860852
29.8,robot3,robot4,2.2689196280575916
29.85,robot1,robot2,1.814679741490561
29.85,robot1,robot3,1.859857254704578
29.85,robot1,robot4,2.896704231106664
29.85,robot2,robot3,1.830423917051184
29.85,robot2,robot4,1.1306442662115261
29.85,robot3,robot4,2.2688259552156045
29.900000000000002,robot1,robot2,1.8148031394377189
29.900000000000002,robot1,robot3,1.8590119479435843
29.900000000000002,robot1,robot4,2.8975775346071413
29.900000000000002,robot2,robot3,1.829056937314965
29.900000000000002,robot2,robot4,1.131232272377782
29.900000000000002,robot3,robot4,2.2687322831045975
29.950000000000003,robot1,robot2,1.814004151122042
29.950000000000003,robot1,robot3,1.8579208078709921
29.950000000000003,robot1,robot4,2.8982105142041097
29.950000000000003,robot2,robot3,1.8270545687833188
29.950000000000003,robot2,robot4,1.1323561539600737
29.950000000000003,robot3,robot4,2.2686234460613446
30.0,robot1,robot2,1.8132053036060203
30.0,robot1,robot3,1.8568313187635002
30.0,robot1,robot4,2.8988446663726224
30.0,robot2,robot3,1.8250526553203883
30.0,robot2,robot4,1.133482768385122
30.0,robot3,robot4,2.2685146097096225
30.05,robot1,robot2,1.8119470154064936
30.05,robot1,robot3,1.855636800572313
30.05,robot1,robot4,2.8996526743912794
30.05,robot2,robot3,1.8232195447562671
30.05,robot2,robot4,1.1351520905874242
30.05,robot3,robot4,2.2692141762747404
30.1,robot1,robot2,1.810689000928928
30.1,robot1,robot3,1.8544433985673436
30.1,robot1,robot4,2.9004626878443034
30.1,robot2,robot3,1.8213871714231986
30.1,robot2,robot4,1.1368261921410854
30.1,robot3,robot4,2.2699137561196023
30.150000000000002,robot1,robot2,1.809201899469556
30.150000000000002,robot1,robot3,1.8527312787125931
30.150000000000002,robot1,robot4,2.902388962397571
30.150000000000002,robot2,robot3,1.8195586944070394
30.150000000000002,robot2,robot4,1.1396294659276323
30.150000000000002,robot3,robot4,2.2724081894675634
30.200000000000003,robot1,robot2,1.8077160990227417
30.200000000000003,robot1,robot3,1.851020998003534
30.200000000000003,robot1,robot4,2.904322299148289
30.200000000000003,robot2,robot3,1.8177314911592415
30.200000000000003,robot2,robot4,1.142446367541164
30.200000000000003,robot3,robot4,2.2749027712717744
30.25,robot1,robot2,1.8063757366009152
30.25,robot1,robot3,1.8485285081671043
30.25,robot1,robot4,2.905785078631117
30.25,robot2,robot3,1.8159786464463177
30.25,robot2,robot4,1.145149115360637
30.25,robot3,robot4,2.2761177948316407
30.3,robot1,robot2,1.8050398453275207
30.3,robot1,robot3,1.8460399923901971
30.3,robot1,robot4,2.9072547152516584
30.3,robot2,robot3,1.8142275734085842
30.3,robot2,robot4,1.147857289764281
30.3,robot3,robot4,2.277332820635798
30.35,robot1,robot2,1.8036679626168033
30.35,robot1,robot3,1.8435287280691477
30.35,robot1,robot4,2.9081208618367294
30.35,robot2,robot3,1.8126882103452042
30.35,robot2,robot4,1.1503057277442594
30.35,robot3,robot4,2.2775128849798523
30.400000000000002,robot1,robot2,1.8023016044028255
30.400000000000002,robot1,robot3,1.8410215706941075
30.400000000000002,robot1,robot4,2.908991528431288
30.400000000000002,robot2,robot3,1.8111510018598669
30.400000000000002,robot2,robot4,1.1527555466689372
30.400000000000002,robot3,robot4,2.2776929692515626
30.450000000000003,robot1,robot2,1.8009428572512372
30.450000000000003,robot1,robot3,1.8384998455564932
30.450000000000003,robot1,robot4,2.9099118445165995
30.450000000000003,robot2,robot3,1.8099295915356763
30.450000000000003,robot2,robot4,1.155375673614972
30.450000000000003,robot3,robot4,2.2779189074965442
30.5,robot1,robot2,1.7995909556057454
30.5,robot1,robot3,1.835982205587516
30.5,robot1,robot4,2.9108366431101897
30.5,robot2,robot3,1.8087106658722396
30.5,robot2,robot4,1.1579965439503694
30.5,robot3,robot4,2.2781448776416746
30.55,robot1,robot2,1.7982538144333935
30.55,robot1,robot3,1.8335745804385077
30.55,robot1,robot4,2.911768335815068
30.55,robot2,robot3,1.8078479706165838
30.55,robot2,robot4,1.1607276596224025
30.55,robot3,robot4,2.2783918858864034
30.6,robot1,robot2,1.7969242803760543
30.6,robot1,robot3,1.831170611380873
30.6,robot1,robot4,2.9127039665386523
30.6,robot2,robot3,1.8069879871902859
30.6,robot2,robot4,1.163459020624706
30.6,robot3,robot4,2.2786389448337356
30.650000000000002,robot1,robot2,1.7956762991398254
30.650000000000002,robot1,robot3,1.8290748878320973
30.650000000000002,robot1,robot4,2.9136114228513725
30.650000000000002,robot2,robot3,1.8066043204322577
30.650000000000002,robot2,robot4,1.1662080164826945
30.650000000000002,robot3,robot4,2.2788595693758755
30.700000000000003,robot1,robot2,1.7944367398459606
30.700000000000003,robot1,robot3,1.8269824614563215
30.700000000000003,robot1,robot4,2.914522297375335
30.700000000000003,robot2,robot3,1.8062239249627938
30.700000000000003,robot2,robot4,1.1689570215320153
30.700000000000003,robot3,robot4,2.2790802103710615
30.75,robot1,robot2,1.7932934719049753
30.75,robot1,robot3,1.824966801394617
30.75,robot1,robot4,2.9154521798155515
30.75,robot2,robot3,1.8059777279956972
30.75,robot2,robot4,1.1716867845436552
30.75,robot3,robot4,2.2792405066515578
30.8,robot1,robot2,1.79215906895705
30.8,robot1,robot3,1.822954557964899
30.8,robot1,robot4,2.9163853469335974
30.8,robot2,robot3,1.8057349414069608
30.8,robot2,robot4,1.1744165516715097
30.8,robot3,robot4,2.2794008165309583
30.85,robot1,robot2,1.7917688909422025
30.85,robot1,robot3,1.8209954154582595
30.85,robot1,robot4,2.9173629339848173
30.85,robot2,robot3,1.8055105023511355
30.85,robot2,robot4,1.1763494577532012
30.85,robot3,robot4,2.279586301473252
30.900000000000002,robot1,robot2,1.791385911188318
30.900000000000002,robot1,robot3,1.819039773420306
30.900000000000002,robot1,robot4,2.918343851078039
30.900000000000002,robot2,robot3,1.805287661943381
30.900000000000002,robot2,robot4,1.1782823673080236
30.900000000000002,robot3,robot4,2.279771794180286
30.950000000000003,robot1,robot2,1.7927286310396366
30.950000000000003,robot1,robot3,1.8171585633439504
30.950000000000003,robot1,robot4,2.919211639904899
30.950000000000003,robot2,robot3,1.805194895894208
30.950000000000003,robot2,robot4,1.1782232164106257
30.950000000000003,robot3,robot4,2.279767415914725
31.0,robot1,robot2,1.794075685754924
31.0,robot1,robot3,1.8152810299113469
31.0,robot1,robot4,2.920082603086769
31.0,robot2,robot3,1.805102135920569
31.0,robot2,robot4,1.1781640701825022
31.0,robot3,robot4,2.279763038541067
31.05,robot1,robot2,1.7954719229640574
31.05,robot1,robot3,1.8134782492148203
31.05,robot1,robot4,2.9210209274622634
31.05,robot2,robot3,1.8050873916874497
31.05,robot2,robot4,1.1781468770803791
31.05,robot3,robot4,2.279774985711583
31.1,robot1,robot2,1.7968726074822332
31.1,robot1,robot3,1.8116792244426165
31.1,robot1,robot4,2.921962374001418
31.1,robot2,robot3,1.8050726489349396
31.1,robot2,robot4,1.1781296840840572
31.1,robot3,robot4,2.2797869333183307
31.150000000000002,robot1,robot2,1.7984846896130366
31.150000000000002,robot1,robot3,1.8098131708356666
31.150000000000002,robot1,robot4,2.923093283522184
31.150000000000002,robot2,robot3,1.805070594143412
31.150000000000002,robot2,robot4,1.178133082306494
31.150000000000002,robot3,robot4,2.279800972291496
31.200000000000003,robot1,robot2,1.800101929461218
31.200000000000003,robot1,robot3,1.8079517766981508
31.200000000000003,robot1,robot4,2.9242278066269054
31.200000000000003,robot2,robot3,1.8050685400538118
31.200000000000003,robot2,robot4,1.178136480557325
31.200000000000003,robot3,robot4,2.279815011893728
31.25,robot1,robot2,1.8020746064989928
31.25,robot1,robot3,1.8062036842217575
31.25,robot1,robot4,2.9255752381966262
31.25,robot2,robot3,1.8051762927814696
31.25,robot2,robot4,1.1780265217796457
31.25,robot3,robot4,2.279836152683126
31.3,robot1,robot2,1.804052546983042
31.3,robot1,robot3,1.8044608706306158
31.3,robot1,robot4,2.9269263523527544
31.3,robot2,robot3,1.8052840557998069
31.3,robot2,robot4,1.1779165703669339
31.3,robot3,robot4,2.279857293955918
31.35,robot1,robot2,1.8062622400673858
31.35,robot1,robot3,1.8029518919311187
31.35,robot1,robot4,2.9284869749058555
31.35,robot2,robot3,1.8054409297947829
31.35,robot2,robot4,1.1777865808409433
31.35,robot3,robot4,2.2798595231014236
31.400000000000002,robot1,robot2,1.8084768704501035
31.400000000000002,robot1,robot3,1.8014486398987342
31.400000000000002,robot1,robot4,2.930051060773174
31.400000000000002,robot2,robot3,1.80559781152559
31.400000000000002,robot2,robot4,1.1776566087603806
31.400000000000002,robot3,robot4,2.279861752273808
31.450000000000003,robot1,robot2,1.8108277723875346
31.450000000000003,robot1,robot3,1.8001362753854218
31.450000000000003,robot1,robot4,2.9317922014932267
31.450000000000003,robot2,robot3,1.8057259606874183
31.450000000000003,robot2,robot4,1.177543081764952
31.450000000000003,robot3,robot4,2.2798619361595125
31.5,robot1,robot2,1.813183139492809
31.5,robot1,robot3,1.7988299562562884
31.5,robot1,robot4,2.933536601445429
31.5,robot2,robot3,1.8058541153260415
31.5,robot2,robot4,1.1774295660569256
31.5,robot3,robot4,2.2798621200469555
31.55,robot1,robot2,1.8154626035060595
31.55,robot1,robot3,1.7977305923544968
31.55,robot1,robot4,2.935460467956646
31.55,robot2,robot3,1.8057957782250045
31.55,robot2,robot4,1.1775002731079303
31.55,robot3,robot4,2.279869542306423
31.6,robot1,robot2,1.817745826050771
31.6,robot1,robot3,1.7966375185751855
31.6,robot1,robot4,2.9373873510153543
31.6,robot2,robot3,1.8057374431176312
31.6,robot2,robot4,1.1775709828838345
31.6,robot3,robot4,2.2798769645665096
31.650000000000002,robot1,robot2,1.8201918799566847
31.650000000000002,robot1,robot3,1.7957544332024493
31.650000000000002,robot1,robot4,2.9394766223831414
31.650000000000002,robot2,robot3,1.8057001481443422
31.650000000000002,robot2,robot4,1.17763252222977
31.650000000000002,robot3,robot4,2.2798660415410925
31.700000000000003,robot1,robot2,1.8226413294491048
31.700000000000003,robot1,robot3,1.7948779062524
31.700000000000003,robot1,robot4,2.9415686577962106
31.700000000000003,robot2,robot3,1.8056628560074552
31.700000000000003,robot2,robot4,1.177694062108237
31.700000000000003,robot3,robot4,2.279855118555563
31.75,robot1,robot2,1.8252358715126382
31.75,robot1,robot3,1.7941843366036836
31.75,robot1,robot4,2.9438395687602443
31.75,robot2,robot3,1.8056265490628178
31.75,robot2,robot4,1.1777739912075662
31.75,robot3,robot4,2.2798537783630994
31.8,robot1,robot2,1.8278334482556118
31.8,robot1,robot3,1.79349756004434
31.8,robot1,robot4,2.946113018000667
31.8,robot2,robot3,1.8055902445795946
31.8,robot2,robot4,1.1778539205966927
31.8,robot3,robot4,2.2798524382411247
31.85,robot1,robot2,1.8305568947995035
31.85,robot1,robot3,1.7930494867306368
31.85,robot1,robot4,2.9485357409059842
31.85,robot2,robot3,1.805578923101674
31.85,robot2,robot4,1.177934779224215
31.85,robot3,robot4,2.279858673038529
31.900000000000002,robot1,robot2,1.8332829392851504
31.900000000000002,robot1,robot3,1.7926082538973762
31.900000000000002,robot1,robot4,2.950960716215823
31.900000000000002,robot2,robot3,1.8055676054385226
31.900000000000002,robot2,robot4,1.178015637949259
31.900000000000002,robot3,robot4,2.2798649078684465
31.950000000000003,robot1,robot2,1.8361392216225056
31.950000000000003,robot1,robot3,1.7923544906614457
31.950000000000003,robot1,robot4,2.9535282723092395
31.950000000000003,robot2,robot3,1.805564743705484
31.950000000000003,robot2,robot4,1.1780969591228474
31.950000000000003,robot3,robot4,2.279856987720337
32.0,robot1,robot2,1.8389977865457043
32.0,robot1,robot3,1.7921077336298732
32.0,robot1,robot4,2.9560978483204847
32.0,robot2,robot3,1.8055618860310494
32.0,robot2,robot4,1.1781782804928125
32.0,robot3,robot4,2.2798490675728953
32.050000000000004,robot1,robot2,1.8419469911489041
32.050000000000004,robot1,robot3,1.7920693791806726
32.050000000000004,robot1,robot4,2.9587813379177756
32.050000000000004,robot2,robot3,1.8055816841673213
32.050000000000004,robot2,robot4,1.1782578671432666
32.050000000000004,robot3,robot4,2.2798571178507
32.1,robot1,robot2,1.84489809074702
32.1,robot1,robot3,1.7920379058546725
32.1,robot1,robot4,2.961466580042564
32.1,robot2,robot3,1.8056014860256404
32.1,robot2,robot4,1.1783374541552176
32.1,robot3,robot4,2.279865168140651
32.15,robot1,robot2,1.8465560310110412
32.15,robot1,robot3,1.7919692433422234
32.15,robot1,robot4,2.9629858263199638
32.15,robot2,robot3,1.805623311603572
32.15,robot2,robot4,1.1784176875472678
32.15,robot3,robot4,2.2798611928471653
32.2,robot1,robot2,1.848214689069698
32.2,robot1,robot3,1.7919028862932276
32.2,robot1,robot4,2.9645056830940635
32.2,robot2,robot3,1.8056451408660008
32.2,robot2,robot4,1.178497922225576
32.2,robot3,robot4,2.2798572175688987
32.25,robot1,robot2,1.849170415947784
32.25,robot1,robot3,1.7918225844949744
32.25,robot1,robot4,2.965913239901203
32.25,robot2,robot3,1.8062956384560227
32.25,robot2,robot4,1.1795000061840824
32.25,robot3,robot4,2.2799736757186473
32.300000000000004,robot1,robot2,1.850128515966661
32.300000000000004,robot1,robot3,1.7917441176577082
32.300000000000004,robot1,robot4,2.967321391184312
32.300000000000004,robot2,robot3,1.8069467540162882
32.300000000000004,robot2,robot4,1.1805024614582558
32.300000000000004,robot3,robot4,2.2800901347133187
32.35,robot1,robot2,1.8503695670368798
32.35,robot1,robot3,1.7916342624071604
32.35,robot1,robot4,2.9686653958132854
32.35,robot2,robot3,1.8080223198098249
32.35,robot2,robot4,1.182457834712934
32.35,robot3,robot4,2.2802315140345946
32.4,robot1,robot2,1.8506154880585
32.4,robot1,robot3,1.791526157692932
32.4,robot1,robot4,2.9700100424363884
32.4,robot2,robot3,1.80910031002927
32.4,robot2,robot4,1.1844143444525652
32.4,robot3,robot4,2.2803728973045176
32.45,robot1,robot2,1.8508939892291236
32.45,robot1,robot3,1.7913844909653678
32.45,robot1,robot4,2.971316036401799
32.45,robot2,robot3,1.8102612224549945
32.45,robot2,robot4,1.1863246393736413
32.45,robot3,robot4,2.280541549284566
32.5,robot1,robot2,1.8511775726385622
32.5,robot1,robot3,1.791244516693631
32.5,robot1,robot4,2.9726227127715017
32.5,robot2,robot3,1.811424471490048
32.5,robot2,robot4,1.1882361357596392
32.5,robot3,robot4,2.280710207630071
32.550000000000004,robot1,robot2,1.851464467807376
32.550000000000004,robot1,robot3,1.7910686142490464
32.550000000000004,robot1,robot4,2.973896567446992
32.550000000000004,robot2,robot3,1.8125795525215578
32.550000000000004,robot2,robot4,1.1901410129124408
32.550000000000004,robot3,robot4,2.280810642008889
32.6,robot1,robot2,1.8517567053425243
32.6,robot1,robot3,1.7908945380878796
32.6,robot1,robot4,2.975171140685019
32.6,robot2,robot3,1.813737055567317
32.6,robot2,robot4,1.1920471651113473
32.6,robot3,robot4,2.2809110838838063
32.65,robot1,robot2,1.8520410810204104
32.65,robot1,robot3,1.7906502112429719
32.65,robot1,robot4,2.9763672357141178
32.65,robot2,robot3,1.8149211187586773
32.65,robot2,robot4,1.1938930740105034
32.65,robot3,robot4,2.2810193054564443
32.7,robot1,robot2,1.8523309129445524
32.7,robot1,robot3,1.7904076315534965
32.7,robot1,robot4,2.977564092278284
32.7,robot2,robot3,1.8161074740292769
32.7,robot2,robot4,1.1957402530386774
32.7,robot3,robot4,2.2811275361846826
32.75,robot1,robot2,1.8523841013099844
32.75,robot1,robot3,1.7901692477342053
32.75,robot1,robot4,2.978671048931133
32.75,robot2,robot3,1.8174259279300076
32.75,robot2,robot4,1.1978226055265864
32.75,robot3,robot4,2.281222217096846
32.800000000000004,robot1,robot2,1.85244349374819
32.800000000000004,robot1,robot3,1.7899324485488275
32.800000000000004,robot1,robot4,2.979778722641163
32.800000000000004,robot2,robot3,1.818747333513372
32.800000000000004,robot2,robot4,1.1999065488566185
32.800000000000004,robot3,robot4,2.281316910958449
32.85,robot1,robot2,1.8521677558842367
32.85,robot1,robot3,1.7904880740184363
32.85,robot1,robot4,2.9808061365548837
32.85,robot2,robot3,1.820367728884057
32.85,robot2,robot4,1.2021599130569112
32.85,robot3,robot4,2.2815511669450896
32.9,robot1,robot2,1.851897162214198
32.9,robot1,robot3,1.791044611082873
32.9,robot1,robot4,2.9818340337000646
32.9,robot2,robot3,1.8219928962847247
32.9,robot2,robot4,1.2044145295640534
32.9,robot3,robot4,2.2817857214245603
32.95,robot1,robot2,1.8512663004657783
32.95,robot1,robot3,1.7922349872885672
32.95,robot1,robot4,2.9828173098767716
32.95,robot2,robot3,1.823590787979173
32.95,robot2,robot4,1.2068194729785604
32.95,robot3,robot4,2.282085170607629
33.0,robot1,robot2,1.8506391135523967
33.0,robot1,robot3,1.793425892652384
33.0,robot1,robot4,2.9838008726444865
33.0,robot2,robot3,1.8251950708836577
33.0,robot2,robot4,1.209225100515202
33.0,robot3,robot4,2.2823853396414027
33.050000000000004,robot1,robot2,1.8498210888389315
33.050000000000004,robot1,robot3,1.7947821829336283
33.050000000000004,robot1,robot4,2.984846122442035
33.050000000000004,robot2,robot3,1.8263346608935753
33.050000000000004,robot2,robot4,1.2117271234217712
33.050000000000004,robot3,robot4,2.2825173290218963
33.1,robot1,robot2,1.8490057424705313
33.1,robot1,robot3,1.796139159799151
33.1,robot1,robot4,2.9858915897321188
33.1,robot2,robot3,1.8274812806102831
33.1,robot2,robot4,1.2142294164530851
33.1,robot3,robot4,2.2826500661706777
33.15,robot1,robot2,1.8481094072744313
33.15,robot1,robot3,1.7976367864928942
33.15,robot1,robot4,2.9870585471688527
33.15,robot2,robot3,1.8281914395738892
33.15,robot2,robot4,1.2167860165260156
33.15,robot3,robot4,2.282640005703046
33.2,robot1,robot2,1.8472149766916681
33.2,robot1,robot3,1.7991353517737347
33.2,robot1,robot4,2.9882256856403933
33.2,robot2,robot3,1.8289090093583114
33.2,robot2,robot4,1.21934266884293
33.2,robot3,robot4,2.282630692674792
33.25,robot1,robot2,1.845841981433473
33.25,robot1,robot3,1.8006672527449372
33.25,robot1,robot4,2.989110154331929
33.25,robot2,robot3,1.8291601962934383
33.25,robot2,robot4,1.2218950759394194
33.25,robot3,robot4,2.2824739471582696
33.300000000000004,robot1,robot2,1.8444699651187053
33.300000000000004,robot1,robot3,1.8021997663283613
33.300000000000004,robot1,robot4,2.989994693177899
33.300000000000004,robot2,robot3,1.8294189494396846
33.300000000000004,robot2,robot4,1.224447490559314
33.300000000000004,robot3,robot4,2.2823179441721084
33.35,robot1,robot2,1.8428558463832703
33.35,robot1,robot3,1.8034700239256822
33.35,robot1,robot4,2.990788747706238
33.35,robot2,robot3,1.8291481718019729
33.35,robot2,robot4,1.2269855496758102
33.35,robot3,robot4,2.282097213387994
33.4,robot1,robot2,1.841242177526085
33.4,robot1,robot3,1.804740778781263
33.4,robot1,robot4,2.991582827506703
33.4,robot2,robot3,1.8288837984325301
33.4,robot2,robot4,1.2295237342272007
33.4,robot3,robot4,2.2818768815089476
33.45,robot1,robot2,1.8396269406176486
33.45,robot1,robot3,1.8058826207875474
33.45,robot1,robot4,2.99240726344648
33.45,robot2,robot3,1.8283557323155823
33.45,robot2,robot4,1.2320422479584459
33.45,robot3,robot4,2.2815642955946367
33.5,robot1,robot2,1.8380120219089973
33.5,robot1,robot3,1.8070250586048884
33.5,robot1,robot4,2.9932317155676404
33.5,robot2,robot3,1.8278335552330798
33.5,robot2,robot4,1.2345609475056305
33.5,robot3,robot4,2.2812519613146636
33.550000000000004,robot1,robot2,1.8372132775500642
33.550000000000004,robot1,robot3,1.8082154395240768
33.550000000000004,robot1,robot4,2.9940831407946074
33.550000000000004,robot2,robot3,1.827540915907083
33.550000000000004,robot2,robot4,1.236320188500637
33.550000000000004,robot3,robot4,2.2808322716940963
33.6,robot1,robot2,1.8364147169572018
33.6,robot1,robot3,1.8094064940208985
33.6,robot1,robot4,2.9949345710372373
33.6,robot2,robot3,1.8272518685112897
33.6,robot2,robot4,1.2380794589060107
33.6,robot3,robot4,2.2804128013245757
33.65,robot1,robot2,1.836693594776494
33.65,robot1,robot3,1.8105932405875291
33.65,robot1,robot4,2.995776118737347
33.65,robot2,robot3,1.827241466118326
33.65,robot2,robot4,1.2387642653225028
33.65,robot3,robot4,2.2798970492384627
33.7,robot1,robot2,1.836972523508449
33.7,robot1,robot3,1.8117807100181853
33.7,robot1,robot4,2.996617667096355
33.7,robot2,robot3,1.8272323153909575
33.7,robot2,robot4,1.2394490841938608
33.7,robot3,robot4,2.2793814788420126
33.75,robot1,robot2,1.837375544606015
33.75,robot1,robot3,1.8129439095665647
33.75,robot1,robot4,2.997514117422302
33.75,robot2,robot3,1.8271686743700621
33.75,robot2,robot4,1.2400663365059348
33.75,robot3,robot4,2.278809958024692
33.800000000000004,robot1,robot2,1.837778606171048
33.800000000000004,robot1,robot3,1.8141079469370065
33.800000000000004,robot1,robot4,2.998410567959298
33.800000000000004,robot2,robot3,1.827106123212333
33.800000000000004,robot2,robot4,1.2406836078589902
33.800000000000004,robot3,robot4,2.2782385772631453
33.85,robot1,robot2,1.838224949935739
33.85,robot1,robot3,1.815278171139757
33.85,robot1,robot4,2.9992835424017517
33.85,robot2,robot3,1.827039164435522
33.85,robot2,robot4,1.2412420606840755
33.85,robot3,robot4,2.2776086027306137
33.9,robot1,robot2,1.8386713201322848
33.9,robot1,robot3,1.8164492072045395
33.9,robot1,robot4,3.0001565184066648
33.9,robot2,robot3,1.8269731941068539
33.9,robot2,robot4,1.2418005535048695
33.9,robot3,robot4,2.276978742922296
33.95,robot1,robot2,1.838843693803595
33.95,robot1,robot3,1.818156004236504
33.95,robot1,robot4,3.001014936742068
33.95,robot2,robot3,1.826804301706261
33.95,robot2,robot4,1.2426648357486623
33.95,robot3,robot4,2.275878949112463
34.0,robot1,robot2,1.8390161373397462
34.0,robot1,robot3,1.819864226012754
34.0,robot1,robot4,3.0018733594890374
34.0,robot2,robot3,1.8266383336678884
34.0,robot2,robot4,1.2435291772668626
34.0,robot3,robot4,2.2747795878302144
34.050000000000004,robot1,robot2,1.8391313494699746
34.050000000000004,robot1,robot3,1.821792802822813
34.050000000000004,robot1,robot4,3.0027453106849156
34.050000000000004,robot2,robot3,1.8264563587313687
34.050000000000004,robot2,robot4,1.2444442271321363
34.050000000000004,robot3,robot4,2.273595184465839
34.1,robot1,robot2,1.8392466135635537
34.1,robot1,robot3,1.8237229099380752
34.1,robot1,robot4,3.0036172690302934
34.1,robot2,robot3,1.8262779664733406
34.1,robot2,robot4,1.245359318714081
34.1,robot3,robot4,2.272411387697659
34.15,robot1,robot2,1.8391018470574843
34.15,robot1,robot3,1.8255937497269894
34.15,robot1,robot4,3.0042683879134784
34.15,robot2,robot3,1.8261518861543256
34.15,robot2,robot4,1.2462840259629824
34.15,robot3,robot4,2.2713194644748897
34.2,robot1,robot2,1.8389571229987935
34.2,robot1,robot3,1.8274656569670467
34.2,robot1,robot4,3.0049195150968684
34.2,robot2,robot3,1.826029456748713
34.2,robot2,robot4,1.2472087526641238
34.2,robot3,robot4,2.270228237129474
34.25,robot1,robot2,1.8378289900853806
34.25,robot1,robot3,1.8293736417714808
34.25,robot1,robot4,3.005494190241016
34.25,robot2,robot3,1.8259322112998884
34.25,robot2,robot4,1.2491294264771964
34.25,robot3,robot4,2.269223521481798
34.300000000000004,robot1,robot2,1.8367011063319472
34.300000000000004,robot1,robot3,1.831282435225381
34.300000000000004,robot1,robot4,3.0060688791842414
34.300000000000004,robot2,robot3,1.8258419670343873
34.300000000000004,robot2,robot4,1.251050113864749
34.300000000000004,robot3,robot4,2.268219567732586
34.35,robot1,robot2,1.834681318988396
34.35,robot1,robot3,1.8328153279035642
34.35,robot1,robot4,3.0066444015002007
34.35,robot2,robot3,1.8256877182624225
34.35,robot2,robot4,1.2539085566174675
34.35,robot3,robot4,2.2675749379427903
34.4,robot1,robot2,1.832662067641768
34.4,robot1,robot3,1.8343486441879036
34.4,robot1,robot4,3.0072199373191846
34.4,robot2,robot3,1.8255422916944435
34.4,robot2,robot4,1.2567669993793598
34.4,robot3,robot4,2.266930716903364
34.45,robot1,robot2,1.8304927514710347
34.45,robot1,robot3,1.835827651330661
34.45,robot1,robot4,3.0077714686879466
34.45,robot2,robot3,1.8251163081240191
34.45,robot2,robot4,1.2595703273820205
34.45,robot3,robot4,2.2664220313993817
34.5,robot1,robot2,1.8283236264417193
34.5,robot1,robot3,1.8373069201712056
34.5,robot1,robot4,3.008323022524177
34.5,robot2,robot3,1.8246982562221075
34.5,robot2,robot4,1.2623737579061123
34.5,robot3,robot4,2.265913694572236
34.550000000000004,robot1,robot2,1.826032728792258
34.550000000000004,robot1,robot3,1.8388205910085411
34.550000000000004,robot1,robot4,3.008913196486773
34.550000000000004,robot2,robot3,1.8240109241653406
34.550000000000004,robot2,robot4,1.265166772690166
34.550000000000004,robot3,robot4,2.2655099164495507
34.6,robot1,robot2,1.8237418704918194
34.6,robot1,robot3,1.840334482133343
34.6,robot1,robot4,3.0095033875019976
34.6,robot2,robot3,1.8233313197469077
34.6,robot2,robot4,1.2679602250879165
34.6,robot3,robot4,2.2651065200394
34.65,robot1,robot2,1.8211958060330857
34.65,robot1,robot3,1.8418483510007004
34.65,robot1,robot4,3.0111667513813476
34.65,robot2,robot3,1.8223810279265145
34.65,robot2,robot4,1.2716126039962012
34.65,robot3,robot4,2.266272545318082
34.7,robot1,robot2,1.8186497418703251
34.7,robot1,robot3,1.8433623934649963
34.7,robot1,robot4,3.012830347681064
34.7,robot2,robot3,1.8214387614915852
34.7,robot2,robot4,1.275269463466055
34.7,robot3,robot4,2.2674391256598274
34.75,robot1,robot2,1.815406022767634
34.75,robot1,robot3,1.844911068377281
34.75,robot1,robot4,3.014002160001631
34.75,robot2,robot3,1.8202268139773132
34.75,robot2,robot4,1.2792455288366265
34.75,robot3,robot4,2.2678915875452472
34.800000000000004,robot1,robot2,1.8121623041198593
34.800000000000004,robot1,robot3,1.846459889806708
34.800000000000004,robot1,robot4,3.0151739905434978
34.800000000000004,robot2,robot3,1.8190257369482157
34.800000000000004,robot2,robot4,1.2832246284626092
34.800000000000004,robot3,robot4,2.268344474563994
34.85,robot1,robot2,1.8085318876935093
34.85,robot1,robot3,1.8475234600524697
34.85,robot1,robot4,3.0158468139990964
34.85,robot2,robot3,1.817819000068076
34.85,robot2,robot4,1.2872296910552719
34.85,robot3,robot4,2.268559802378207
34.9,robot1,robot2,1.8049015568811502
34.9,robot1,robot3,1.8485871183782494
34.9,robot1,robot4,3.0165196583751945
34.9,robot2,robot3,1.8166233641572487
34.9,robot2,robot4,1.291236968189805
34.9,robot3,robot4,2.2687754288377686
34.95,robot1,robot2,1.8012058667518402
34.95,robot1,robot3,1.848875953698152
34.95,robot1,robot4,3.0171548318854966
34.95,robot2,robot3,1.8152677132942399
34.95,robot2,robot4,1.2953102864720294
34.95,robot3,robot4,2.2692189201587074
35.0,robot1,robot2,1.7975103000130486
35.0,robot1,robot3,1.849164805912388
35.0,robot1,robot4,3.0177900217245073
35.0,robot2,robot3,1.8139200638815371
35.0,robot2,robot4,1.2993855832850387
35.0,robot3,robot4,2.2696624132934398
35.050000000000004,robot1,robot2,1.7938127620855526
35.050000000000004,robot1,robot3,1.8494112978838022
35.050000000000004,robot1,robot4,3.0184386643671424
35.050000000000004,robot2,robot3,1.8125523867332083
35.050000000000004,robot2,robot4,1.3035132586792129
35.050000000000004,robot3,robot4,2.2700306490869786
35.1,robot1,robot2,1.790115367540595
35.1,robot1,robot3,1.8496578153836996
35.1,robot1,robot4,3.0190873138089267
35.1,robot2,robot3,1.811192758434342
35.1,robot2,robot4,1.3076426362278801
35.1,robot3,robot4,2.270398886033906
35.15,robot1,robot2,1.7883645300142952
35.15,robot1,robot3,1.8498880490014793
35.15,robot1,robot4,3.0197510520321043
35.15,robot2,robot3,1.81047987283655
35.15,robot2,robot4,1.3099505911202336
35.15,robot3,robot4,2.270676491103147
35.2,robot1,robot2,1.7866137236039579
35.2,robot1,robot3,1.8501183168327369
35.2,robot1,robot4,3.02041479054947
35.2,robot2,robot3,1.8097691590504021
35.2,robot2,robot4,1.3122589903780428
35.2,robot3,robot4,2.270954108690442
35.25,robot1,robot2,1.7856904474864896
35.25,robot1,robot3,1.8501910028524757
35.25,robot1,robot4,3.0211661305769
35.25,robot2,robot3,1.809400831731944
35.25,robot2,robot4,1.313887006896141
35.25,robot3,robot4,2.2714037476869344
35.300000000000004,robot1,robot2,1.7847671796041071
35.300000000000004,robot1,robot3,1.8502636935110086
35.300000000000004,robot1,robot4,3.0219174726352143
35.300000000000004,robot2,robot3,1.8090330376499486
35.300000000000004,robot2,robot4,1.3155151563467449
35.300000000000004,robot3,robot4,2.271853477680504
35.35,robot1,robot2,1.7838203399126968
35.35,robot1,robot3,1.8502657458930054
35.35,robot1,robot4,3.0227046848421204
35.35,robot2,robot3,1.8087019982161934
35.35,robot2,robot4,1.3172108176052346
35.35,robot3,robot4,2.272408012832753
35.4,robot1,robot2,1.782873508547648
35.4,robot1,robot3,1.8502677982943443
35.4,robot1,robot4,3.02349190197361
35.4,robot2,robot3,1.8083713984914713
35.4,robot2,robot4,1.3189065966887117
35.4,robot3,robot4,2.2729626934828917
35.45,robot1,robot2,1.781926845023176
35.45,robot1,robot3,1.850263315963501
35.45,robot1,robot4,3.0242393572554733
35.45,robot2,robot3,1.808029979160744
35.45,robot2,robot4,1.320555432981611
35.45,robot3,robot4,2.273497235087664
35.5,robot1,robot2,1.780980189161575
35.5,robot1,robot3,1.8502588336349055
35.5,robot1,robot4,3.024986815702839
35.5,robot2,robot3,1.8076889940833296
35.5,robot2,robot4,1.3222043968501995
35.5,robot3,robot4,2.274031904072588
35.550000000000004,robot1,robot2,1.780046649817077
35.550000000000004,robot1,robot3,1.8502613466649787
35.550000000000004,robot1,robot4,3.0250065475328314
35.550000000000004,robot2,robot3,1.8073538920732986
35.550000000000004,robot2,robot4,1.3231119543472125
35.550000000000004,robot3,robot4,2.274047759506603
35.6,robot1,robot2,1.779113117591459
35.6,robot1,robot3,1.8502638596962326
35.6,robot1,robot4,3.025026279363867
35.6,robot2,robot3,1.8070192175735154
35.6,robot2,robot4,1.324019585601361
35.6,robot3,robot4,2.274063614992334
35.65,robot1,robot2,1.778662972216561
35.65,robot1,robot3,1.8502283503682053
35.65,robot1,robot4,3.0254369697808117
35.65,robot2,robot3,1.8066806812807292
35.65,robot2,robot4,1.3249046583302702
35.65,robot3,robot4,2.2740646620358556
35.7,robot1,robot2,1.7782129340101538
35.7,robot1,robot3,1.8501930245660854
35.7,robot1,robot4,3.025847717803393
35.7,robot2,robot3,1.8063425726666578
35.7,robot2,robot4,1.3257898058549855
35.7,robot3,robot4,2.2740657090957157
35.75,robot1,robot2,1.778374938326069
35.75,robot1,robot3,1.8500439548454652
35.75,robot1,robot4,3.026670504381217
35.75,robot2,robot3,1.8060483831693157
35.75,robot2,robot4,1.3265737614933064
35.75,robot3,robot4,2.274067628706323
35.800000000000004,robot1,robot2,1.7785373495544028
35.800000000000004,robot1,robot3,1.849895700132848
35.800000000000004,robot1,robot4,3.0274935744025946
35.800000000000004,robot2,robot3,1.805754526161848
35.800000000000004,robot2,robot4,1.327357772852896
35.800000000000004,robot3,robot4,2.2740695483175086
35.85,robot1,robot2,1.7789885027844476
35.85,robot1,robot3,1.849611306129277
35.85,robot1,robot4,3.0282184581957177
35.85,robot2,robot3,1.8056066779723927
35.85,robot2,robot4,1.3278027769298044
35.85,robot3,robot4,2.274064861474272
35.9,robot1,robot2,1.779440149376483
35.9,robot1,robot3,1.8493277172056337
35.9,robot1,robot4,3.028943682004669
35.9,robot2,robot3,1.8054589370262621
35.9,robot2,robot4,1.3282477932995032
35.9,robot3,robot4,2.2740601746394047
35.95,robot1,robot2,1.7802565454361488
35.95,robot1,robot3,1.8489137178749717
35.95,robot1,robot4,3.029543473057451
35.95,robot2,robot3,1.8054885174580868
35.95,robot2,robot4,1.3282376972862386
35.95,robot3,robot4,2.2740693488713686
36.0,robot1,robot2,1.7810734646207045
36.0,robot1,robot3,1.8485004482174194
36.0,robot1,robot4,3.03014365548566
36.0,robot2,robot3,1.805518097957481
36.0,robot2,robot4,1.328227601547265
36.0,robot3,robot4,2.2740785231130434
36.050000000000004,robot1,robot2,1.7817619011552162
36.050000000000004,robot1,robot3,1.847956566254805
36.050000000000004,robot1,robot4,3.0306163104226838
36.050000000000004,robot2,robot3,1.8055191408434306
36.050000000000004,robot2,robot4,1.3282272461255453
36.050000000000004,robot3,robot4,2.2740726520976087
36.1,robot1,robot2,1.782450940049964
36.1,robot1,robot3,1.847413360726018
36.1,robot1,robot4,3.0310893965701506
36.1,robot2,robot3,1.8055201837309935
36.1,robot2,robot4,1.3282268907400572
36.1,robot3,robot4,2.274066781083836
36.15,robot1,robot2,1.7830465231619728
36.15,robot1,robot3,1.846709877244528
36.15,robot1,robot4,3.03144119394934
36.15,robot2,robot3,1.805525327125737
36.15,robot2,robot4,1.3282225115412702
36.15,robot3,robot4,2.274063103914775
36.2,robot1,robot2,1.7836428702868186
36.2,robot1,robot3,1.8460070487517106
36.2,robot1,robot4,3.031793511169915
36.2,robot2,robot3,1.805530470520506
36.2,robot2,robot4,1.3282181323762299
36.2,robot3,robot4,2.274059426747903
36.25,robot1,robot2,1.7844627383434628
36.25,robot1,robot3,1.8450729476321526
36.25,robot1,robot4,3.032299005491749
36.25,robot2,robot3,1.805505986457051
36.25,robot2,robot4,1.3282053272020857
36.25,robot3,robot4,2.2740767156835866
36.300000000000004,robot1,robot2,1.7852839036803083
36.300000000000004,robot1,robot3,1.8441400401881087
36.300000000000004,robot1,robot4,3.0328054430775806
36.300000000000004,robot2,robot3,1.805481502786722
36.300000000000004,robot2,robot4,1.3281925230616987
36.300000000000004,robot3,robot4,2.2740940046238194
36.35,robot1,robot2,1.7852852298055908
36.35,robot1,robot3,1.8430315336334453
36.35,robot1,robot4,3.0334211283229786
36.35,robot2,robot3,1.8065096095515936
36.35,robot2,robot4,1.3298281219786452
36.35,robot3,robot4,2.2741381683315773
36.4,robot1,robot2,1.7852936295780593
36.4,robot1,robot3,1.8419247623570296
36.4,robot1,robot4,3.034038224450707
36.4,robot2,robot3,1.8075392525585718
36.4,robot2,robot4,1.331464506083433
36.4,robot3,robot4,2.2741823325151396
36.45,robot1,robot2,1.7848162950713584
36.45,robot1,robot3,1.8408918650972552
36.45,robot1,robot4,3.03474570300153
36.45,robot2,robot3,1.8091116463691512
36.45,robot2,robot4,1.3340297884951822
36.45,robot3,robot4,2.2742392493414143
36.5,robot1,robot2,1.784350008957043
36.5,robot1,robot3,1.8398608075963245
36.5,robot1,robot4,3.0354545842277063
36.5,robot2,robot3,1.8106877941207866
36.5,robot2,robot4,1.3365969111538452
36.5,robot3,robot4,2.2742961669949673
36.550000000000004,robot1,robot2,1.7840536512737641
36.550000000000004,robot1,robot3,1.8389070755433103
36.550000000000004,robot1,robot4,3.0362763734976843
36.550000000000004,robot2,robot3,1.812352598978742
36.550000000000004,robot2,robot4,1.3391072408754277
36.550000000000004,robot3,robot4,2.2744561487902994
36.6,robot1,robot2,1.7837681682786024
36.6,robot1,robot3,1.8379551816390953
36.6,robot1,robot4,3.0370996003796122
36.6,robot2,robot3,1.8140208690139152
36.6,robot2,robot4,1.341619350296499
36.6,robot3,robot4,2.274616132938479
36.65,robot1,robot2,1.783873544728227
36.65,robot1,robot3,1.8369228811039537
36.65,robot1,robot4,3.038870608981238
36.65,robot2,robot3,1.8157467716635212
36.65,robot2,robot4,1.3444093108797817
36.65,robot3,robot4,2.276095248361599
36.7,robot1,robot2,1.7839913056192285
36.7,robot1,robot3,1.835893319953259
36.7,robot1,robot4,3.04064606913761
36.7,robot2,robot3,1.8174759785614774
36.7,robot2,robot4,1.3471992981044045
36.7,robot3,robot4,2.277574553619925
36.75,robot1,robot2,1.7842279427596968
36.75,robot1,robot3,1.8348766598625232
36.75,robot1,robot4,3.0428135520813626
36.75,robot2,robot3,1.8194198927667165
36.75,robot2,robot4,1.3504286445045883
36.75,robot3,robot4,2.279193899898657
36.800000000000004,robot1,robot2,1.7844788548730413
36.800000000000004,robot1,robot3,1.8338631947667197
36.800000000000004,robot1,robot4,3.044985493413393
36.800000000000004,robot2,robot3,1.8213675766722652
36.800000000000004,robot2,robot4,1.3536581267546843
36.800000000000004,robot3,robot4,2.2808133261119816
36.85,robot1,robot2,1.7850104103960431
36.85,robot1,robot3,1.8329812286289922
36.85,robot1,robot4,3.046761974213362
36.85,robot2,robot3,1.8227415606005424
36.85,robot2,robot4,1.3561165129771302
36.85,robot3,robot4,2.281525967494617
36.9,robot1,robot2,1.7855519652303597
36.9,robot1,robot3,1.8321026420157251
36.9,robot1,robot4,3.048541075960106
36.9,robot2,robot3,1.8241180260238097
36.9,robot2,robot4,1.3585753263805433
36.9,robot3,robot4,2.282238613781872
36.95,robot1,robot2,1.786051513645183
36.95,robot1,robot3,1.8313507463423002
36.95,robot1,robot4,3.0500492399761763
36.95,robot2,robot3,1.8251384571791396
36.95,robot2,robot4,1.3607585805575508
36.95,robot3,robot4,2.282381804636606
37.0,robot1,robot2,1.7865590894826289
37.0,robot1,robot3,1.830602293423943
37.0,robot1,robot4,3.0515591206635664
37.0,robot2,robot3,1.8261612420358726
37.0,robot2,robot4,1.3629424854490375
37.0,robot3,robot4,2.282524996126001
37.050000000000004,robot1,robot2,1.7869701100273754
37.050000000000004,robot1,robot3,1.8299819830919781
37.050000000000004,robot1,robot4,3.0531663671158262
37.050000000000004,robot2,robot3,1.8269986620204461
37.050000000000004,robot2,robot4,1.3652413100884404
37.050000000000004,robot3,robot4,2.282642202266159
37.1,robot1,robot2,1.787388345051517
37.1,robot1,robot3,1.8293652297608587
37.1,robot1,robot4,3.0547751942746952
37.1,robot2,robot3,1.8278387153575666
37.1,robot2,robot4,1.367540576144635
37.1,robot3,robot4,2.282759409332924
37.15,robot1,robot2,1.78806981175715
37.15,robot1,robot3,1.8288083555518468
37.15,robot1,robot4,3.056798443548822
37.15,robot2,robot3,1.8284474229778933
37.15,robot2,robot4,1.369937767233698
37.15,robot3,robot4,2.2829049660893137
37.2,robot1,robot2,1.7887585640899109
37.2,robot1,robot3,1.8282565002769717
37.2,robot1,robot4,3.05882372185028
37.2,robot2,robot3,1.8290589606554513
37.2,robot2,robot4,1.3723351522689347
37.2,robot3,robot4,2.283050523651415
37.25,robot1,robot2,1.7905903187632006
37.25,robot1,robot3,1.827501948448346
37.25,robot1,robot4,3.0611452765810543
37.25,robot2,robot3,1.8293158850698803
37.25,robot2,robot4,1.3736405807997956
37.25,robot3,robot4,2.283308056380698
37.300000000000004,robot1,robot2,1.7924271015449975
37.300000000000004,robot1,robot3,1.826753562001454
37.300000000000004,robot1,robot4,3.063469369430679
37.300000000000004,robot2,robot3,1.8295733327773447
37.300000000000004,robot2,robot4,1.3749460317296094
37.300000000000004,robot3,robot4,2.283565609274452
37.35,robot1,robot2,1.794570052496419
37.35,robot1,robot3,1.8260425917552554
37.35,robot1,robot4,3.065956111503922
37.35,robot2,robot3,1.8296517088659934
37.35,robot2,robot4,1.3759243880047516
37.35,robot3,robot4,2.2839949547240685
37.4,robot1,robot2,1.7967164915525766
37.4,robot1,robot3,1.825337441398165
37.4,robot1,robot4,3.0684452205859896
37.4,robot2,robot3,1.8297301948978708
37.4,robot2,robot4,1.3769027472643085
37.4,robot3,robot4,2.2844243508264834
37.45,robot1,robot2,1.798877671092312
37.45,robot1,robot3,1.824724609098384
37.45,robot1,robot4,3.0710407253011973
37.45,robot2,robot3,1.8297630740817923
37.45,robot2,robot4,1.3779433884253012
37.45,robot3,robot4,2.2848728547392416
37.5,robot1,robot2,1.8010420522900068
37.5,robot1,robot3,1.8241176610934395
37.5,robot1,robot4,3.073638464046317
37.5,robot2,robot3,1.8297960753318934
37.5,robot2,robot4,1.3789840375711389
37.5,robot3,robot4,2.2853214197639686
37.550000000000004,robot1,robot2,1.8032250603888165
37.550000000000004,robot1,robot3,1.8236873890086671
37.550000000000004,robot1,robot4,3.0762826684542905
37.550000000000004,robot2,robot3,1.8297046741751797
37.550000000000004,robot2,robot4,1.3800126550834597
37.550000000000004,robot3,robot4,2.285614844314982
37.6,robot1,robot2,1.8054110057280588
37.6,robot1,robot3,1.823263609906697
37.6,robot1,robot4,3.0789290636976356
37.6,robot2,robot3,1.8296134989057116
37.6,robot2,robot4,1.3810412941002164
37.6,robot3,robot4,2.285908299089008
37.65,robot1,robot2,1.8079216202396604
37.65,robot1,robot3,1.8229098431668254
37.65,robot1,robot4,3.0816870766112836
37.65,robot2,robot3,1.8294155315647946
37.65,robot2,robot4,1.381850196732265
37.65,robot3,robot4,2.2860291985170487
37.7,robot1,robot2,1.810435208492146
37.7,robot1,robot3,1.8225640566070647
37.7,robot1,robot4,3.084447610229423
37.7,robot2,robot3,1.829217773860729
37.7,robot2,robot4,1.382659131173696
37.7,robot3,robot4,2.286150107509566
37.75,robot1,robot2,1.8132797018937812
37.75,robot1,robot3,1.8222778381680715
37.75,robot1,robot4,3.087314955092572
37.75,robot2,robot3,1.829006875552003
37.75,robot2,robot4,1.3832192446753515
37.75,robot3,robot4,2.2862445370152886
37.800000000000004,robot1,robot2,1.81612687674953
37.800000000000004,robot1,robot3,1.822000153278259
37.800000000000004,robot1,robot4,3.09018487539063
37.800000000000004,robot2,robot3,1.828796060803391
37.800000000000004,robot2,robot4,1.3837793881009357
37.800000000000004,robot3,robot4,2.286338975380729
37.85,robot1,robot2,1.8195432987563118
37.85,robot1,robot3,1.82190756913434
37.85,robot1,robot4,3.0931014652340463
37.85,robot2,robot3,1.8287861653293422
37.85,robot2,robot4,1.3838172670096294
37.85,robot3,robot4,2.2863989659361725
37.9,robot1,robot2,1.822961958378726
37.9,robot1,robot3,1.8218236039973792
37.9,robot1,robot4,3.096020521744809
37.9,robot2,robot3,1.8287762702884134
37.9,robot2,robot4,1.3838551468101712
37.9,robot3,robot4,2.2864589571100984
37.95,robot1,robot2,1.8260910839813689
37.95,robot1,robot3,1.8218291756167753
37.95,robot1,robot4,3.098912539709898
37.95,robot2,robot3,1.828770761838741
37.95,robot2,robot4,1.3840631778724914
37.95,robot3,robot4,2.2867145844079992
38.0,robot1,robot2,1.8292219402535603
38.0,robot1,robot3,1.8218418722798089
38.0,robot1,robot4,3.101806637372807
38.0,robot2,robot3,1.8287652533939396
38.0,robot2,robot4,1.384271229010052
38.0,robot3,robot4,2.286970213973501
38.050000000000004,robot1,robot2,1.8317583567089986
38.050000000000004,robot1,robot3,1.8217449741720848
38.050000000000004,robot1,robot4,3.1059966265768066
38.050000000000004,robot2,robot3,1.8287734980036485
38.050000000000004,robot2,robot4,1.3859781043015256
38.050000000000004,robot3,robot4,2.289199515688672
38.1,robot1,robot2,1.834296117940067
38.1,robot1,robot3,1.821652925566503
38.1,robot1,robot4,3.110189544991752
38.1,robot2,robot3,1.8287817426256747
38.1,robot2,robot4,1.387686587927548
38.1,robot3,robot4,2.2914289118209625
38.15,robot1,robot2,1.8368105326623239
38.15,robot1,robot3,1.821500779521999
38.15,robot1,robot4,3.1144310516555422
38.15,robot2,robot3,1.8287782851178267
38.15,robot2,robot4,1.3895077388561028
38.15,robot3,robot4,2.2936524034941517
38.2,robot1,robot2,1.8393263817694239
38.2,robot1,robot3,1.8213535495746014
38.2,robot1,robot4,3.11867535749026
38.2,robot2,robot3,1.828774827610277
38.2,robot2,robot4,1.391330325802611
38.2,robot3,robot4,2.2958760535501477
38.25,robot1,robot2,1.8415516008432944
38.25,robot1,robot3,1.8211730733307585
38.25,robot1,robot4,3.1227093234641616
38.25,robot2,robot3,1.8287731429481622
38.25,robot2,robot4,1.3932276527863274
38.25,robot3,robot4,2.298074583999614
38.300000000000004,robot1,robot2,1.843778019612177
38.300000000000004,robot1,robot3,1.8209965060394815
38.300000000000004,robot1,robot4,3.126745515317325
38.300000000000004,robot2,robot3,1.8287714583307013
38.300000000000004,robot2,robot4,1.3951262178326378
38.300000000000004,robot3,robot4,2.300273342054157
38.35,robot1,robot2,1.845690991180539
38.35,robot1,robot3,1.8206910888794399
38.35,robot1,robot4,3.130679354200818
38.35,robot2,robot3,1.8287811865420094
38.35,robot2,robot4,1.3972425561359239
38.35,robot3,robot4,2.3025867009136163
38.400000000000006,robot1,robot2,1.8476051295298463
38.400000000000006,robot1,robot3,1.8203887895908388
38.400000000000006,robot1,robot4,3.1346151145290557
38.400000000000006,robot2,robot3,1.828790914754609
38.400000000000006,robot2,robot4,1.399360071587367
38.400000000000006,robot3,robot4,2.3049004095088366
38.45,robot1,robot2,1.849049519349401
38.45,robot1,robot3,1.8199917799332226
38.45,robot1,robot4,3.137794322445665
38.45,robot2,robot3,1.8284067793968195
38.45,robot2,robot4,1.4011836222422813
38.45,robot3,robot4,2.306443503917287
38.5,robot1,robot2,1.8504947732971309
38.5,robot1,robot3,1.8195976952288107
38.5,robot1,robot4,3.1409748436943903
38.5,robot2,robot3,1.828022661490278
38.5,robot2,robot4,1.403007983940576
38.5,robot3,robot4,2.307986939885276
38.550000000000004,robot1,robot2,1.8503585200882693
38.550000000000004,robot1,robot3,1.8191777348588702
38.550000000000004,robot1,robot4,3.1441127221477365
38.550000000000004,robot2,robot3,1.8260573809485012
38.550000000000004,robot2,robot4,1.4057708838457639
38.550000000000004,robot3,robot4,2.3093768154569316
38.6,robot1,robot2,1.8502223404047957
38.6,robot1,robot3,1.8187606766369784
38.6,robot1,robot4,3.147251624878125
38.6,robot2,robot3,1.8240927075672444
38.6,robot2,robot4,1.4085378797749815
38.6,robot3,robot4,2.310767194196118
38.650000000000006,robot1,robot2,1.8498671630603643
38.650000000000006,robot1,robot3,1.8182496589118335
38.650000000000006,robot1,robot4,3.1502658924650313
38.650000000000006,robot2,robot3,1.8223513830021916
38.650000000000006,robot2,robot4,1.4116440283947296
38.650000000000006,robot3,robot4,2.3119877016676584
38.7,robot1,robot2,1.8495123047454969
38.7,robot1,robot3,1.8177414394255855
38.7,robot1,robot4,3.1532809455270554
38.7,robot2,robot3,1.8206110465093854
38.7,robot2,robot4,1.4147527647518487
38.7,robot3,robot4,2.313208910340136
38.75,robot1,robot2,1.8490199479795368
38.75,robot1,robot3,1.8171617181683364
38.75,robot1,robot4,3.1561822474520147
38.75,robot2,robot3,1.819099885006112
38.75,robot2,robot4,1.4181252350938545
38.75,robot3,robot4,2.3142398405420836
38.800000000000004,robot1,robot2,1.8485283050307884
38.800000000000004,robot1,robot3,1.8165847801600121
38.800000000000004,robot1,robot4,3.1590841405668515
38.800000000000004,robot2,robot3,1.8175901097301888
38.800000000000004,robot2,robot4,1.4214991188885773
38.800000000000004,robot3,robot4,2.3152716752834865
38.85,robot1,robot2,1.847644885491054
38.85,robot1,robot3,1.8161334558243512
38.85,robot1,robot4,3.1616165292901197
38.85,robot2,robot3,1.8163395297623322
38.85,robot2,robot4,1.4250417330416156
38.85,robot3,robot4,2.316078133917334
38.900000000000006,robot1,robot2,1.8467621719986038
38.900000000000006,robot1,robot3,1.8156838925564658
38.900000000000006,robot1,robot4,3.1641490878751277
38.900000000000006,robot2,robot3,1.8150907530330267
38.900000000000006,robot2,robot4,1.4285849180164272
38.900000000000006,robot3,robot4,2.3168856446035484
38.95,robot1,robot2,1.8454387509576822
38.95,robot1,robot3,1.815209091752931
38.95,robot1,robot4,3.1661932101296744
38.95,robot2,robot3,1.8141104162608872
38.95,robot2,robot4,1.432252409007749
38.95,robot3,robot4,2.3174596149789215
39.0,robot1,robot2,1.8441161781991937
39.0,robot1,robot3,1.8147352505820236
39.0,robot1,robot4,3.1682373454174804
39.0,robot2,robot3,1.813132278200628
39.0,robot2,robot4,1.435920000131623
39.0,robot3,robot4,2.318034789263742
39.050000000000004,robot1,robot2,1.8427113501431795
39.050000000000004,robot1,robot3,1.814196394145353
39.050000000000004,robot1,robot4,3.1700431940284743
39.050000000000004,robot2,robot3,1.8122725173506604
39.050000000000004,robot2,robot4,1.439576591453977
39.050000000000004,robot3,robot4,2.3183604896114085
39.1,robot1,robot2,1.841307655401997
39.1,robot1,robot3,1.8136584580909934
39.1,robot1,robot4,3.171849043111131
39.1,robot2,robot3,1.8114151828724965
39.1,robot2,robot4,1.4432331832760084
39.1,robot3,robot4,2.3186874824404433
39.150000000000006,robot1,robot2,1.8401534989137451
39.150000000000006,robot1,robot3,1.8130553773289027
39.150000000000006,robot1,robot4,3.173435483601526
39.150000000000006,robot2,robot3,1.8105984226192315
39.150000000000006,robot2,robot4,1.4464706390802584
39.150000000000006,robot3,robot4,2.318773263983027
39.2,robot1,robot2,1.8390003841489537
39.2,robot1,robot3,1.8124532213091735
39.2,robot1,robot4,3.175021926439249
39.2,robot2,robot3,1.8097834438346483
39.2,robot2,robot4,1.4497081308380664
39.2,robot3,robot4,2.3188604053103328
39.25,robot1,robot2,1.8397218788546545
39.25,robot1,robot3,1.8117706509826237
39.25,robot1,robot4,3.1763044587523406
39.25,robot2,robot3,1.8097128582497555
39.25,robot2,robot4,1.4509629341104824
39.25,robot3,robot4,2.318671906463698
39.300000000000004,robot1,robot2,1.840444129052007
39.300000000000004,robot1,robot3,1.8110889890477495
39.300000000000004,robot1,robot4,3.1775870011393867
39.300000000000004,robot2,robot3,1.8096422726649595
39.300000000000004,robot2,robot4,1.4522186903755234
39.300000000000004,robot3,robot4,2.318484742596336
39.35,robot1,robot2,1.841093652557156
39.35,robot1,robot3,1.8103463412707799
39.35,robot1,robot4,3.179460745944586
39.35,robot2,robot3,1.8096676514231145
39.35,robot2,robot4,1.4545040851074469
39.35,robot3,robot4,2.3182226252303724
39.400000000000006,robot1,robot2,1.8417440011046595
39.400000000000006,robot1,robot3,1.8096044253372061
39.400000000000006,robot1,robot4,3.1813351421873177
39.400000000000006,robot2,robot3,1.809693030606296
39.400000000000006,robot2,robot4,1.4567928430511323
39.400000000000006,robot3,robot4,2.317964851803409
39.45,robot1,robot2,1.842344211190257
39.45,robot1,robot3,1.8088013991276792
39.45,robot1,robot4,3.18367998388987
39.45,robot2,robot3,1.8096589151605336
39.45,robot2,robot4,1.4598724994513221
39.45,robot3,robot4,2.3175534537391473
39.5,robot1,robot2,1.8429453264907236
39.5,robot1,robot3,1.8079991890830591
39.5,robot1,robot4,3.1860265231752227
39.5,robot2,robot3,1.8096248000005415
39.5,robot2,robot4,1.462958060591622
39.5,robot3,robot4,2.3171498313991266
39.550000000000004,robot1,robot2,1.8434450557608164
39.550000000000004,robot1,robot3,1.8071291249593233
39.550000000000004,robot1,robot4,3.1883275057984948
39.550000000000004,robot2,robot3,1.8096594693503112
39.550000000000004,robot2,robot4,1.466076671982148
39.550000000000004,robot3,robot4,2.3169280232691736
39.6,robot1,robot2,1.8439457187265573
39.6,robot1,robot3,1.806259684242551
39.6,robot1,robot4,3.1906300537920407
39.6,robot2,robot3,1.8096941387919672
39.6,robot2,robot4,1.4692007070216786
39.6,robot3,robot4,2.316713781147123
39.650000000000006,robot1,robot2,1.8444570354780563
39.650000000000006,robot1,robot3,1.8054454642332733
39.650000000000006,robot1,robot4,3.1930221337000235
39.650000000000006,robot2,robot3,1.8096877597710053
39.650000000000006,robot2,robot4,1.4723771545977107
39.650000000000006,robot3,robot4,2.3165415543469647
39.7,robot1,robot2,1.8449691903270362
39.7,robot1,robot3,1.804631888112919
39.7,robot1,robot4,3.1954158049756214
39.7,robot2,robot3,1.8096813807502137
39.7,robot2,robot4,1.4755587416324707
39.7,robot3,robot4,2.3163769614279106
39.75,robot1,robot2,1.8449449745270181
39.75,robot1,robot3,1.80398041139261
39.75,robot1,robot4,3.1975453715471343
39.75,robot2,robot3,1.809506787825691
39.75,robot2,robot4,1.4787938217757066
39.75,robot3,robot4,2.3162822444301234
39.800000000000004,robot1,robot2,1.8449209990116109
39.800000000000004,robot1,robot3,1.8033290627639207
39.800000000000004,robot1,robot4,3.1996772907319895
39.800000000000004,robot2,robot3,1.8093321951275283
39.800000000000004,robot2,robot4,1.482033181712205
39.800000000000004,robot3,robot4,2.3161951260506957
39.85,robot1,robot2,1.8452104530232454
39.85,robot1,robot3,1.8034031233892218
39.85,robot1,robot4,3.2022660661772395
39.85,robot2,robot3,1.8091745262249437
39.85,robot2,robot4,1.485279011067281
39.85,robot3,robot4,2.316102302406189
39.900000000000006,robot1,robot2,1.8454999303541033
39.900000000000006,robot1,robot3,1.8034773781794438
39.900000000000006,robot1,robot4,3.204857643071998
39.900000000000006,robot2,robot3,1.8090168807974125
39.900000000000006,robot2,robot4,1.4885286794643902
39.900000000000006,robot3,robot4,2.3160162861504237
39.95,robot1,robot2,1.8451030380101405
39.95,robot1,robot3,1.8037855084533332
39.95,robot1,robot4,3.20697928918367
39.95,robot2,robot3,1.8089523883820158
39.95,robot2,robot4,1.4919005405043766
39.95,robot3,robot4,2.3158895353987092
40.0,robot1,robot2,1.8447061671886935
40.0,robot1,robot3,1.804093657771126
40.0,robot1,robot4,3.2091051061492206
40.0,robot2,robot3,1.808887993709395
40.0,robot2,robot4,1.4952764163809313
40.0,robot3,robot4,2.3157692959785527
40.050000000000004,robot1,robot2,1.844714117298667
40.050000000000004,robot1,robot3,1.804101126766457
40.050000000000004,robot1,robot4,3.210802694132925
40.050000000000004,robot2,robot3,1.8089243010034997
40.050000000000004,robot2,robot4,1.497788832263831
40.050000000000004,robot3,robot4,2.3156013564711975
40.1,robot1,robot2,1.8447221369355333
40.1,robot1,robot3,1.8041086516753917
40.1,robot1,robot4,3.2125019458864146
40.1,robot2,robot3,1.808960670443114
40.1,robot2,robot4,1.5003038696424136
40.1,robot3,robot4,2.315437102824864
40.150000000000006,robot1,robot2,1.8452504225311128
40.150000000000006,robot1,robot3,1.8044994762194446
40.150000000000006,robot1,robot4,3.212887052479203
40.150000000000006,robot2,robot3,1.809067468318968
40.150000000000006,robot2,robot4,1.5001891860749599
40.150000000000006,robot3,robot4,2.315351104630408
40.2,robot1,robot2,1.8457787278287177
40.2,robot1,robot3,1.8048904911625525
40.2,robot1,robot4,3.213272221351002
40.2,robot2,robot3,1.8091743058362288
40.2,robot2,robot4,1.500074509107131
40.2,robot3,robot4,2.315265184422942
40.25,robot1,robot2,1.8464521901957007
40.25,robot1,robot3,1.8045597373504292
40.25,robot1,robot4,3.21352684420346
40.25,robot2,robot3,1.8093529772894648
40.25,robot2,robot4,1.4998782100451522
40.25,robot3,robot4,2.315306400479751
40.300000000000004,robot1,robot2,1.8471262254196381
40.300000000000004,robot1,robot3,1.8042295547656901
40.300000000000004,robot1,robot4,3.213782053387099
40.300000000000004,robot2,robot3,1.809531660198572
40.300000000000004,robot2,robot4,1.499681926951845
40.300000000000004,robot3,robot4,2.315347714136475
40.35,robot1,robot2,1.8471621554111728
40.35,robot1,robot3,1.804952943445341
40.35,robot1,robot4,3.213786831611308
40.35,robot2,robot3,1.8098264881018982
40.35,robot2,robot4,1.4994897518852872
40.35,robot3,robot4,2.315422128462594
40.400000000000006,robot1,robot2,1.8471982040771908
40.400000000000006,robot1,robot3,1.805676411571575
40.400000000000006,robot1,robot4,3.2137916336993597
40.400000000000006,robot2,robot3,1.810121334621522
40.400000000000006,robot2,robot4,1.4992975853785666
40.400000000000006,robot3,robot4,2.3154966742040464
40.45,robot1,robot2,1.8477202805568946
40.45,robot1,robot3,1.8058296713603001
40.45,robot1,robot4,3.214045990994295
40.45,robot2,robot3,1.8104612003206533
40.45,robot2,robot4,1.4990891661006194
40.45,robot3,robot4,2.31569493558613
40.5,robot1,robot2,1.8482424066720795
40.5,robot1,robot3,1.8059829800762244
40.5,robot1,robot4,3.214300445913854
40.5,robot2,robot3,1.810801066165469
40.5,robot2,robot4,1.4988807505872506
40.5,robot3,robot4,2.3158932721602263
40.550000000000004,robot1,robot2,1.8495128790503867
40.550000000000004,robot1,robot3,1.805652318865678
40.550000000000004,robot1,robot4,3.2147145707608704
40.550000000000004,robot2,robot3,1.8111477443823434
40.550000000000004,robot2,robot4,1.4982149392301825
40.550000000000004,robot3,robot4,2.3161229002657113
40.6,robot1,robot2,1.8507837536379015
40.6,robot1,robot3,1.8053222233842356
40.6,robot1,robot4,3.215129362944048
40.6,robot2,robot3,1.811494537218647
40.6,robot2,robot4,1.4975491359274324
40.6,robot3,robot4,2.316352621951157
40.650000000000006,robot1,robot2,1.8525539418286854
40.650000000000006,robot1,robot3,1.8047456234608243
40.650000000000006,robot1,robot4,3.2156415056633723
40.650000000000006,robot2,robot3,1.8120329268708117
40.650000000000006,robot2,robot4,1.4965857322619374
40.650000000000006,robot3,robot4,2.3167177352405277
40.7,robot1,robot2,1.8543248614161434
40.7,robot1,robot3,1.8041698854168364
40.7,robot1,robot4,3.216154761314356
40.7,robot2,robot3,1.812571698679255
40.7,robot2,robot4,1.4956223289216433
40.7,robot3,robot4,2.317082947709037
40.75,robot1,robot2,1.8552037170112883
40.75,robot1,robot3,1.8045576115758264
40.75,robot1,robot4,3.2161617963540405
40.75,robot2,robot3,1.8136218633872525
40.75,robot2,robot4,1.4946998230455004
40.75,robot3,robot4,2.317802019447951
40.800000000000004,robot1,robot2,1.8560825881937477
40.800000000000004,robot1,robot3,1.8049455605469105
40.800000000000004,robot1,robot4,3.2161688619638737
40.800000000000004,robot2,robot3,1.8146723806930003
40.800000000000004,robot2,robot4,1.4937773178255183
40.800000000000004,robot3,robot4,2.318521345513127
40.85,robot1,robot2,1.857003630187351
40.85,robot1,robot3,1.8057248006380293
40.85,robot1,robot4,3.2154441383495143
40.85,robot2,robot3,1.8163636776786334
40.85,robot2,robot4,1.4925746758334235
40.85,robot3,robot4,2.3182378428353725
40.900000000000006,robot1,robot2,1.8579246821720197
40.900000000000006,robot1,robot3,1.8065047022537748
40.900000000000006,robot1,robot4,3.2147197723977436
40.900000000000006,robot2,robot3,1.8180552375153516
40.900000000000006,robot2,robot4,1.4913738108324817
40.900000000000006,robot3,robot4,2.3179544430260055
40.95,robot1,robot2,1.858889083108511
40.95,robot1,robot3,1.8072794581803062
40.95,robot1,robot4,3.213841848396557
40.95,robot2,robot3,1.8198838194518079
40.95,robot2,robot4,1.490138413827722
40.95,robot3,robot4,2.3174175600966906
41.0,robot1,robot2,1.8598534847756152
41.0,robot1,robot3,1.8080548321124004
41.0,robot1,robot4,3.212964402574825
41.0,robot2,robot3,1.8217126165202346
41.0,robot2,robot4,1.4889057199342743
41.0,robot3,robot4,2.316880753736368
41.050000000000004,robot1,robot2,1.8608033722019772
41.050000000000004,robot1,robot3,1.8088224067858347
41.050000000000004,robot1,robot4,3.2120005570079297
41.050000000000004,robot2,robot3,1.8236852337619152
41.050000000000004,robot2,robot4,1.487675476286747
41.050000000000004,robot3,robot4,2.3163236874438016
41.1,robot1,robot2,1.8617532816334716
41.1,robot1,robot3,1.809590615866749
41.1,robot1,robot4,3.211037142071079
41.1,robot2,robot3,1.8256580114884606
41.1,robot2,robot4,1.4864482190836652
41.1,robot3,robot4,2.31576673689925
41.150000000000006,robot1,robot2,1.862653086378674
41.150000000000006,robot1,robot3,1.810343173483967
41.150000000000006,robot1,robot4,3.210002847589586
41.150000000000006,robot2,robot3,1.827750431528331
41.150000000000006,robot2,robot4,1.485270273881912
41.150000000000006,robot3,robot4,2.315199279043005
41.2,robot1,robot2,1.863552965817983
41.2,robot1,robot3,1.8110963734867895
41.2,robot1,robot4,3.208968936011223
41.2,robot2,robot3,1.8298429511277738
41.2,robot2,robot4,1.4840955429863671
41.2,robot3,robot4,2.314631976623498
41.25,robot1,robot2,1.864370300628204
41.25,robot1,robot3,1.811832914798851
41.25,robot1,robot4,3.2078657668743324
41.25,robot2,robot3,1.8320066831690325
41.25,robot2,robot4,1.4829924102699414
41.25,robot3,robot4,2.31403348434638
41.300000000000004,robot1,robot2,1.8651877798133356
41.300000000000004,robot1,robot3,1.8125700932998425
41.300000000000004,robot1,robot4,3.2067629493412824
41.300000000000004,robot2,robot3,1.8341704620541681
41.300000000000004,robot2,robot4,1.481892668490198
41.300000000000004,robot3,robot4,2.313435180662082
41.35,robot1,robot2,1.865571671656305
41.35,robot1,robot3,1.8133256401377553
41.35,robot1,robot4,3.2055855238864317
41.35,robot2,robot3,1.8360064570334442
41.35,robot2,robot4,1.4809703674902648
41.35,robot3,robot4,2.3128477720250524
41.400000000000006,robot1,robot2,1.865955626697752
41.400000000000006,robot1,robot3,1.8140818760036717
41.400000000000006,robot1,robot4,3.2044084122104346
41.400000000000006,robot2,robot3,1.8378424522036705
41.400000000000006,robot2,robot4,1.4800503207404807
41.400000000000006,robot3,robot4,2.312260625338329
41.45,robot1,robot2,1.865883055644498
41.45,robot1,robot3,1.8148090830780244
41.45,robot1,robot4,3.203171444045144
41.45,robot2,robot3,1.8391727345334505
41.45,robot2,robot4,1.4792809658918755
41.45,robot3,robot4,2.311645007503585
41.5,robot1,robot2,1.8658104871181318
41.5,robot1,robot3,1.8155369505215255
41.5,robot1,robot4,3.201934749759276
41.5,robot2,robot3,1.840503041446278
41.5,robot2,robot4,1.4785127591481921
41.5,robot3,robot4,2.3110296909059818
41.550000000000004,robot1,robot2,1.8657590111405062
41.550000000000004,robot1,robot3,1.8162598672701686
41.550000000000004,robot1,robot4,3.2006994321671707
41.550000000000004,robot2,robot3,1.841694148582834
41.550000000000004,robot2,robot4,1.4776925125212113
41.550000000000004,robot3,robot4,2.3103146547521405
41.6,robot1,robot2,1.8657075366777076
41.6,robot1,robot3,1.8169832714441816
41.6,robot1,robot4,3.1994643407478387
41.6,robot2,robot3,1.8428852909467808
41.6,robot2,robot4,1.476873275161075
41.6,robot3,robot4,2.3095999472213795
41.650000000000006,robot1,robot2,1.8656514547286827
41.650000000000006,robot1,robot3,1.8177726572146615
41.650000000000006,robot1,robot4,3.1983045399847794
41.650000000000006,robot2,robot3,1.8439719609603613
41.650000000000006,robot2,robot4,1.4761247296583713
41.650000000000006,robot3,robot4,2.308794571764452
41.7,robot1,robot2,1.8655953739986064
41.7,robot1,robot3,1.8185623890713787
41.7,robot1,robot4,3.197144962563005
41.7,robot2,robot3,1.8450587107460836
41.7,robot2,robot4,1.4753771354853646
41.7,robot3,robot4,2.307989525350798
41.75,robot1,robot2,1.8655357752148578
41.75,robot1,robot3,1.8194450631063994
41.75,robot1,robot4,3.1968633633536014
41.75,robot2,robot3,1.846100178427555
41.75,robot2,robot4,1.4752340121275676
41.75,robot3,robot4,2.308188524298925
41.800000000000004,robot1,robot2,1.8654761773351598
41.800000000000004,robot1,robot3,1.8203280051820332
41.800000000000004,robot1,robot4,3.1965817716986376
41.800000000000004,robot2,robot3,1.8471417865028663
41.800000000000004,robot2,robot4,1.4750909276532753
41.800000000000004,robot3,robot4,2.3083879802567853
41.85,robot1,robot2,1.8654077585456348
41.85,robot1,robot3,1.82128965478641
41.85,robot1,robot4,3.1965321330232235
41.85,robot2,robot3,1.848113021265813
41.85,robot2,robot4,1.475110877572005
41.85,robot3,robot4,2.3087579134110188
41.900000000000006,robot1,robot2,1.8653393401791536
41.900000000000006,robot1,robot3,1.8222514966804118
41.900000000000006,robot1,robot4,3.196482494438535
41.900000000000006,robot2,robot3,1.8490844701922085
41.900000000000006,robot2,robot4,1.4751308276407216
41.900000000000006,robot3,robot4,2.309128368021579
41.95,robot1,robot2,1.8647737937501294
41.95,robot1,robot3,1.8229037765886056
41.95,robot1,robot4,3.1958878163980113
41.95,robot2,robot3,1.8499689355279052
41.95,robot2,robot4,1.4751267195059887
41.95,robot3,robot4,2.3093296772161507
42.0,robot1,robot2,1.8642082622928695
42.0,robot1,robot3,1.8235564268587907
42.0,robot1,robot4,3.195293138410465
42.0,robot2,robot3,1.8508536991683053
42.0,robot2,robot4,1.4751226113818472
42.0,robot3,robot4,2.3095315465481305
42.050000000000004,robot1,robot2,1.8632508037315454
42.050000000000004,robot1,robot3,1.8235144056460042
42.050000000000004,robot1,robot4,3.1944260307152597
42.050000000000004,robot2,robot3,1.8513893261516472
42.050000000000004,robot2,robot4,1.4753436497823142
42.050000000000004,robot3,robot4,2.309579774492375
42.1,robot1,robot2,1.8622934256239
42.1,robot1,robot3,1.8234727575042078
42.1,robot1,robot4,3.1935589257585337
42.1,robot2,robot3,1.8519251361742461
42.1,robot2,robot4,1.4755647047750906
42.1,robot3,robot4,2.3096281192131345
42.150000000000006,robot1,robot2,1.8612468078168058
42.150000000000006,robot1,robot3,1.823295813608011
42.150000000000006,robot1,robot4,3.192653102524607
42.150000000000006,robot2,robot3,1.8522417264415707
42.150000000000006,robot2,robot4,1.475941934853892
42.150000000000006,robot3,robot4,2.3093445591982373
42.2,robot1,robot2,1.860200246278072
42.2,robot1,robot3,1.823119190581351
42.2,robot1,robot4,3.1917473799716674
42.2,robot2,robot3,1.8525584717317292
42.2,robot2,robot4,1.4763193434325108
42.2,robot3,robot4,2.309060999194694
42.25,robot1,robot2,1.8590976775474974
42.25,robot1,robot3,1.823047986965373
42.25,robot1,robot4,3.190908159140474
42.25,robot2,robot3,1.852806921730648
42.25,robot2,robot4,1.476792849935376
42.25,robot3,robot4,2.3087337274513167
42.300000000000004,robot1,robot2,1.857995128013257
42.300000000000004,robot1,robot3,1.8229771286168128
42.300000000000004,robot1,robot4,3.1900691186375565
42.300000000000004,robot2,robot3,1.853055560637349
42.300000000000004,robot2,robot4,1.4772665458027538
42.300000000000004,robot3,robot4,2.3084064586127373
42.35,robot1,robot2,1.856882612171068
42.35,robot1,robot3,1.823043097943998
42.35,robot1,robot4,3.1893688213661493
42.35,robot2,robot3,1.8531987629458422
42.35,robot2,robot4,1.4778148772262547
42.35,robot3,robot4,2.3080916273235883
42.400000000000006,robot1,robot2,1.8557700963454493
42.400000000000006,robot1,robot3,1.8231094118085727
42.400000000000006,robot1,robot4,3.1886687753896608
42.400000000000006,robot2,robot3,1.8533421718832712
42.400000000000006,robot2,robot4,1.4783633428792127
42.400000000000006,robot3,robot4,2.307776804337889
42.45,robot1,robot2,1.8546153399182943
42.45,robot1,robot3,1.8232398420397138
42.45,robot1,robot4,3.1880537291928595
42.45,robot2,robot3,1.8533738911297013
42.45,robot2,robot4,1.4789640991519202
42.45,robot3,robot4,2.3074915844961383
42.5,robot1,robot2,1.8534605972194285
42.5,robot1,robot3,1.823370627171832
42.5,robot1,robot4,3.1874389769482647
42.5,robot2,robot3,1.853405821190815
42.5,robot2,robot4,1.47956493119633
42.5,robot3,robot4,2.307206378873377
42.550000000000004,robot1,robot2,1.8520116133967006
42.550000000000004,robot1,robot3,1.8236943878821914
42.550000000000004,robot1,robot4,3.1868672971467213
42.550000000000004,robot2,robot3,1.8532486475843575
42.550000000000004,robot2,robot4,1.480413271855194
42.550000000000004,robot3,robot4,2.3068347790282355
42.6,robot1,robot2,1.8505626660996919
42.6,robot1,robot3,1.8240184576656564
42.6,robot1,robot4,3.186295950137087
42.6,robot2,robot3,1.8530920348134357
42.6,robot2,robot4,1.481261623973969
42.6,robot3,robot4,2.306463181692914
42.650000000000006,robot1,robot2,1.846990820823495
42.650000000000006,robot1,robot3,1.8242530479692916
42.650000000000006,robot1,robot4,3.185459546519348
42.650000000000006,robot2,robot3,1.852447229312889
42.650000000000006,robot2,robot4,1.4839347557869587
42.650000000000006,robot3,robot4,2.3060680831784865
42.7,robot1,robot2,1.8434189764231572
42.7,robot1,robot3,1.824488533131957
42.7,robot1,robot4,3.1846239791066386
42.7,robot2,robot3,1.851806115742412
42.7,robot2,robot4,1.486607921879875
42.7,robot3,robot4,2.3056730604248727
42.75,robot1,robot2,1.8397400032429854
42.75,robot1,robot3,1.8245764197421959
42.75,robot1,robot4,3.183908905122915
42.75,robot2,robot3,1.850851255913411
42.75,robot2,robot4,1.4893965594113947
42.75,robot3,robot4,2.3053392056082007
42.800000000000004,robot1,robot2,1.8360610598204512
42.800000000000004,robot1,robot3,1.8246651645913012
42.800000000000004,robot1,robot4,3.183194740144718
42.800000000000004,robot2,robot3,1.8498997580717718
42.800000000000004,robot2,robot4,1.4921853146315311
42.800000000000004,robot3,robot4,2.3050055589807155
42.85,robot1,robot2,1.8323412534828902
42.85,robot1,robot3,1.8246249802919092
42.85,robot1,robot4,3.182546940475898
42.85,robot2,robot3,1.8486834578695457
42.85,robot2,robot4,1.4949301841511697
42.85,robot3,robot4,2.3047860854561426
42.900000000000006,robot1,robot2,1.8286215244812136
42.900000000000006,robot1,robot3,1.8245855606685042
42.900000000000006,robot1,robot4,3.1818998612974925
42.900000000000006,robot2,robot3,1.8474702303127915
42.900000000000006,robot2,robot4,1.497675435099675
42.900000000000006,robot3,robot4,2.304566833803047
42.95,robot1,robot2,1.8249007928943013
42.95,robot1,robot3,1.8244067999312135
42.95,robot1,robot4,3.181331971551735
42.95,robot2,robot3,1.8460040440004457
42.95,robot2,robot4,1.500365371220124
42.95,robot3,robot4,2.304456889532217
43.0,robot1,robot2,1.8211802005746165
43.0,robot1,robot3,1.824228694130481
43.0,robot1,robot4,3.180764634798369
43.0,robot2,robot3,1.8445405935278303
43.0,robot2,robot4,1.5030560568644804
43.0,robot3,robot4,2.3043471942016462
43.050000000000004,robot1,robot2,1.816836154342281
43.050000000000004,robot1,robot3,1.8240169501081946
43.050000000000004,robot1,robot4,3.1807778336525248
43.050000000000004,robot2,robot3,1.84254231358638
43.050000000000004,robot2,robot4,1.5068579648933407
43.050000000000004,robot3,robot4,2.3044103611197917
43.1,robot1,robot2,1.8124922150370744
43.1,robot1,robot3,1.823805546638402
43.1,robot1,robot4,3.1807916034881947
43.1,robot2,robot3,1.840548753503965
43.1,robot2,robot4,1.5106613944617107
43.1,robot3,robot4,2.30447414206799
43.150000000000006,robot1,robot2,1.8078686229438794
43.150000000000006,robot1,robot3,1.8234282156295596
43.150000000000006,robot1,robot4,3.181563713287265
43.150000000000006,robot2,robot3,1.838375233356074
43.150000000000006,robot2,robot4,1.5155564665878507
43.150000000000006,robot3,robot4,2.3049922980707005
43.2,robot1,robot2,1.8032450739336567
43.2,robot1,robot3,1.8230511312108062
43.2,robot1,robot4,3.182336529134843
43.2,robot2,robot3,1.8362072736063866
43.2,robot2,robot4,1.5204532735549618
43.2,robot3,robot4,2.3055120636563586
43.25,robot1,robot2,1.7986127778711154
43.25,robot1,robot3,1.8224954180343638
43.25,robot1,robot4,3.1831323267594844
43.25,robot2,robot3,1.8341071151283668
43.25,robot2,robot4,1.5253993263891588
43.25,robot3,robot4,2.306231856030525
43.300000000000004,robot1,robot2,1.7939804855340533
43.300000000000004,robot1,robot3,1.8219399406709322
43.300000000000004,robot1,robot4,3.1839285830911788
43.300000000000004,robot2,robot3,1.8320124197474748
43.300000000000004,robot2,robot4,1.530347347414306
43.300000000000004,robot3,robot4,2.3069531764049738
43.35,robot1,robot2,1.7895450388901222
43.35,robot1,robot3,1.821290785916543
43.35,robot1,robot4,3.184929285070589
43.35,robot2,robot3,1.829974526115664
43.35,robot2,robot4,1.5353320020902648
43.35,robot3,robot4,2.3078558076455407
43.400000000000006,robot1,robot2,1.785109601583611
43.400000000000006,robot1,robot3,1.820641739673679
43.400000000000006,robot1,robot4,3.1859302129698324
43.400000000000006,robot2,robot3,1.8279420038874317
43.400000000000006,robot2,robot4,1.5403188659105627
43.400000000000006,robot3,robot4,2.308759879987523
43.45,robot1,robot2,1.7811208137474839
43.45,robot1,robot3,1.8201888487626772
43.45,robot1,robot4,3.1873701457372743
43.45,robot2,robot3,1.8263967552830627
43.45,robot2,robot4,1.5453056905098912
43.45,robot3,robot4,2.310263294422359
43.5,robot1,robot2,1.7771320589669188
43.5,robot1,robot3,1.819736105119091
43.5,robot1,robot4,3.188810155265597
43.5,robot2,robot3,1.8248562300329305
43.5,robot2,robot4,1.5502950032213225
43.5,robot3,robot4,2.311767776812584
43.550000000000004,robot1,robot2,1.77350373675727
43.550000000000004,robot1,robot3,1.8190733932508054
43.550000000000004,robot1,robot4,3.1891379621647364
43.550000000000004,robot2,robot3,1.8227819992322176
43.550000000000004,robot2,robot4,1.5538038886153718
43.550000000000004,robot3,robot4,2.3119164928885843
43.6,robot1,robot2,1.7698754197829856
43.6,robot1,robot3,1.8184106823272896
43.6,robot1,robot4,3.1894658093458226
43.6,robot2,robot3,1.8207116821314682
43.6,robot2,robot4,1.5573145588640722
43.6,robot3,robot4,2.3120657710411265
43.650000000000006,robot1,robot2,1.768539288355294
43.650000000000006,robot1,robot3,1.8176947622321658
43.650000000000006,robot1,robot4,3.188547542416452
43.650000000000006,robot2,robot3,1.819317153445902
43.650000000000006,robot2,robot4,1.5575456935952954
43.650000000000006,robot3,robot4,2.3110343020191735
43.7,robot1,robot2,1.7672031761744318
43.7,robot1,robot3,1.8169788742440016
43.7,robot1,robot4,3.1876293020478403
43.7,robot2,robot3,1.8179228200834048
43.7,robot2,robot4,1.5577768978839686
43.7,robot3,robot4,2.3100029302130762
43.75,robot1,robot2,1.7658721229936925
43.75,robot1,robot3,1.8162304659985333
43.75,robot1,robot4,3.1867440194272354
43.75,robot2,robot3,1.8165018763118579
43.75,robot2,robot4,1.5580237720272434
43.75,robot3,robot4,2.3090122756993954
43.800000000000004,robot1,robot2,1.7645410990447343
43.800000000000004,robot1,robot3,1.8154820825885338
43.800000000000004,robot1,robot4,3.185858770871835
43.800000000000004,robot2,robot3,1.8150810864867717
43.800000000000004,robot2,robot4,1.5582707183236808
43.800000000000004,robot3,robot4,2.3080217528058524
43.85,robot1,robot2,1.7632585864657655
43.85,robot1,robot3,1.8146990528003535
43.85,robot1,robot4,3.1849585641437312
43.85,robot2,robot3,1.8136689675354898
43.85,robot2,robot4,1.5584452921720575
43.85,robot3,robot4,2.3070615590107257
43.900000000000006,robot1,robot2,1.7619761147089932
43.900000000000006,robot1,robot3,1.8139160383397022
43.900000000000006,robot1,robot4,3.1840583948315078
43.900000000000006,robot2,robot3,1.8122569429948387
43.900000000000006,robot2,robot4,1.5586199331793495
43.900000000000006,robot3,robot4,2.3061015120252186
43.95,robot1,robot2,1.7608223754071561
43.95,robot1,robot3,1.813404331544747
43.95,robot1,robot4,3.183630828932942
43.95,robot2,robot3,1.810552543976907
43.95,robot2,robot4,1.558963261039929
43.95,robot3,robot4,2.30523043033934
44.0,robot1,robot2,1.7596687777900135
44.0,robot1,robot3,1.8128927715463483
44.0,robot1,robot4,3.18320327374329
44.0,robot2,robot3,1.8088483470108818
44.0,robot2,robot4,1.5593069423731174
44.0,robot3,robot4,2.3043594619861283
44.050000000000004,robot1,robot2,1.7590373145448763
44.050000000000004,robot1,robot3,1.8126452822453984
44.050000000000004,robot1,robot4,3.183339644684062
44.050000000000004,robot2,robot3,1.8072497269952068
44.050000000000004,robot2,robot4,1.559655232081757
44.050000000000004,robot3,robot4,2.303753784816479
44.1,robot1,robot2,1.7584060001922195
44.1,robot1,robot3,1.8123981835736318
44.1,robot1,robot4,3.1834760195737304
44.1,robot2,robot3,1.8056512678435446
44.1,robot2,robot4,1.5600040651039984
44.1,robot3,robot4,2.3031481708834973
44.150000000000006,robot1,robot2,1.7578065434746368
44.150000000000006,robot1,robot3,1.8123116243629986
44.150000000000006,robot1,robot4,3.183612231908316
44.150000000000006,robot2,robot3,1.8043190397205255
44.150000000000006,robot2,robot4,1.5602866614063262
44.150000000000006,robot3,robot4,2.3027798434879743
44.2,robot1,robot2,1.7572072624835697
44.2,robot1,robot3,1.8122252644287906
44.2,robot1,robot4,3.1837484529736324
44.2,robot2,robot3,1.8029869503523868
44.2,robot2,robot4,1.5605698879809902
44.2,robot3,robot4,2.302411523939628
44.25,robot1,robot2,1.7566589440106182
44.25,robot1,robot3,1.8122359544951647
44.25,robot1,robot4,3.1838620211281925
44.25,robot2,robot3,1.8016865109869973
44.25,robot2,robot4,1.5607596477308734
44.25,robot3,robot4,2.3020112548774603
44.300000000000004,robot1,robot2,1.7561108290722998
44.300000000000004,robot1,robot3,1.8122468497161197
44.300000000000004,robot1,robot4,3.183975600709591
44.300000000000004,robot2,robot3,1.8003862236578572
44.300000000000004,robot2,robot4,1.560950067855151
44.300000000000004,robot3,robot4,2.301610985845349
44.35,robot1,robot2,1.75554530568496
44.35,robot1,robot3,1.812304784195873
44.35,robot1,robot4,3.1839422549853587
44.35,robot2,robot3,1.7992799171888874
44.35,robot2,robot4,1.5611064474696306
44.35,robot3,robot4,2.3011145276156943
44.400000000000006,robot1,robot2,1.7549799769299361
44.400000000000006,robot1,robot3,1.8123628136785968
44.400000000000006,robot1,robot4,3.1839089118071513
44.400000000000006,robot2,robot3,1.7981737404933928
44.400000000000006,robot2,robot4,1.5612631420039351
44.400000000000006,robot3,robot4,2.3006180719319755
44.45,robot1,robot2,1.7545520567634918
44.45,robot1,robot3,1.8124670053252003
44.45,robot1,robot4,3.1838452192131212
44.45,robot2,robot3,1.7974300609415932
44.45,robot2,robot4,1.5614316200350402
44.45,robot3,robot4,2.3001077422984446
44.5,robot1,robot2,1.7541241985449605
44.5,robot1,robot3,1.8125712676816323
44.5,robot1,robot4,3.1837815341084568
44.5,robot2,robot3,1.7966865176168045
44.5,robot2,robot4,1.5616001728217757
44.5,robot3,robot4,2.2995974140803432
44.550000000000004,robot1,robot2,1.753716594281984
44.550000000000004,robot1,robot3,1.8127339453142317
44.550000000000004,robot1,robot4,3.1838370471569757
44.550000000000004,robot2,robot3,1.796108729595316
44.550000000000004,robot2,robot4,1.5618643793061067
44.550000000000004,robot3,robot4,2.299322039315339
44.6,robot1,robot2,1.753309015568277
44.6,robot1,robot3,1.812896684015115
44.6,robot1,robot4,3.1838925615028217
44.6,robot2,robot3,1.795531122675405
44.6,robot2,robot4,1.5621287303727567
44.6,robot3,robot4,2.2990466707746497
44.650000000000006,robot1,robot2,1.7528220139635542
44.650000000000006,robot1,robot3,1.8131032937290834
44.650000000000006,robot1,robot4,3.1844469525239782
44.650000000000006,robot2,robot3,1.7950070646257914
44.650000000000006,robot2,robot4,1.5627177767415332
44.650000000000006,robot3,robot4,2.2996711210563348
44.7,robot1,robot2,1.7523350243403801
44.7,robot1,robot3,1.813309960444711
44.7,robot1,robot4,3.185001614387346
44.7,robot2,robot3,1.794483282506137
44.7,robot2,robot4,1.5633081392329535
44.7,robot3,robot4,2.300295729144842
44.75,robot1,robot2,1.751805369635708
44.75,robot1,robot3,1.8133786338991646
44.75,robot1,robot4,3.1853724303121136
44.75,robot2,robot3,1.7941482594887468
44.75,robot2,robot4,1.563939798865033
44.75,robot3,robot4,2.3007772792772663
44.800000000000004,robot1,robot2,1.7512757170679891
44.800000000000004,robot1,robot3,1.8134473105596425
44.800000000000004,robot1,robot4,3.185743315093669
44.800000000000004,robot2,robot3,1.7938133959250053
44.800000000000004,robot2,robot4,1.5645719664751763
44.800000000000004,robot3,robot4,2.301258853219255
44.85,robot1,robot2,1.7507413930995064
44.85,robot1,robot3,1.813491696179638
44.85,robot1,robot4,3.1859730497788266
44.85,robot2,robot3,1.793578981277518
44.85,robot2,robot4,1.5652038692927512
44.85,robot3,robot4,2.301512889396125
44.900000000000006,robot1,robot2,1.7502070697720313
44.900000000000006,robot1,robot3,1.8135360826126399
44.900000000000006,robot1,robot4,3.1862027965244146
44.900000000000006,robot2,robot3,1.793344731429515
44.900000000000006,robot2,robot4,1.5658359392541734
44.900000000000006,robot3,robot4,2.3017669277305206
44.95,robot1,robot2,1.7496918792519587
44.95,robot1,robot3,1.8135789244485612
44.95,robot1,robot4,3.1864552549097955
44.95,robot2,robot3,1.7932185677413255
44.95,robot2,robot4,1.5665361993966178
44.95,robot3,robot4,2.302036038672343
45.0,robot1,robot2,1.7491766988309099
45.0,robot1,robot3,1.8136217666012946
45.0,robot1,robot4,3.186707721676558
45.0,robot2,robot3,1.793092582300479
45.0,robot2,robot4,1.567236557798471
45.0,robot3,robot4,2.302305150057438
45.050000000000004,robot1,robot2,1.7486912940602177
45.050000000000004,robot1,robot3,1.81368526541983
45.050000000000004,robot1,robot4,3.1869941823084647
45.050000000000004,robot2,robot3,1.7930582052351227
45.050000000000004,robot2,robot4,1.5679941455943007
45.050000000000004,robot3,robot4,2.30258013512516
45.1,robot1,robot2,1.7482059128835483
45.1,robot1,robot3,1.8137487644263193
45.1,robot1,robot4,3.187280647515214
45.1,robot2,robot3,1.7930240204763013
45.1,robot2,robot4,1.568751785558187
45.1,robot3,robot4,2.3028551201934087
45.150000000000006,robot1,robot2,1.7469991079609197
45.150000000000006,robot1,robot3,1.8138172144486473
45.150000000000006,robot1,robot4,3.187581687577159
45.150000000000006,robot2,robot3,1.7932171813008315
45.150000000000006,robot2,robot4,1.5704906408056052
45.150000000000006,robot3,robot4,2.303116313788016
45.2,robot1,robot2,1.7457927143529954
45.2,robot1,robot3,1.8138856646417931
45.2,robot1,robot4,3.187882729384505
45.2,robot2,robot3,1.7934116506884301
45.2,robot2,robot4,1.5722295007091045
45.2,robot3,robot4,2.3033775081659975
45.25,robot1,robot2,1.7443677358519476
45.25,robot1,robot3,1.814640575236939
45.25,robot1,robot4,3.189386631629387
45.25,robot2,robot3,1.7941945672893171
45.25,robot2,robot4,1.5755040961021014
45.25,robot3,robot4,2.3045021905229333
45.300000000000004,robot1,robot2,1.7429436980662913
45.300000000000004,robot1,robot3,1.8153954895509683
45.300000000000004,robot1,robot4,3.190890543877838
45.300000000000004,robot2,robot3,1.7949810918717226
45.300000000000004,robot2,robot4,1.57877874404807
45.300000000000004,robot3,robot4,2.3056268733741376
45.35,robot1,robot2,1.7417827143057338
45.35,robot1,robot3,1.8160392209962044
45.35,robot1,robot4,3.1926388929817917
45.35,robot2,robot3,1.796128479537377
45.35,robot2,robot4,1.5822422401510619
45.35,robot3,robot4,2.3069777479773186
45.400000000000006,robot1,robot2,1.7406230526452302
45.400000000000006,robot1,robot3,1.816682952664003
45.400000000000006,robot1,robot4,3.1943872420896318
45.400000000000006,robot2,robot3,1.7972787450198147
45.400000000000006,robot2,robot4,1.5857057498555656
45.400000000000006,robot3,robot4,2.308328672053657
45.45,robot1,robot2,1.7397391215541484
45.45,robot1,robot3,1.8173156560127357
45.45,robot1,robot4,3.196127200545373
45.45,robot2,robot3,1.7987738071377959
45.45,robot2,robot4,1.5890921819365926
45.45,robot3,robot4,2.309618500222277
45.5,robot1,robot2,1.7388568148067856
45.5,robot1,robot3,1.8179483660192335
45.5,robot1,robot4,3.197867179386442
45.5,robot2,robot3,1.8002712003095531
45.5,robot2,robot4,1.5924789037387592
45.5,robot3,robot4,2.3109084552722985
45.550000000000004,robot1,robot2,1.7382994556135172
45.550000000000004,robot1,robot3,1.8186108480269356
45.550000000000004,robot1,robot4,3.1995851369274817
45.550000000000004,robot2,robot3,1.80208190187974
45.550000000000004,robot2,robot4,1.5957070879351576
45.550000000000004,robot3,robot4,2.31208447904656
45.6,robot1,robot2,1.7377439333000133
45.6,robot1,robot3,1.8192733458699932
45.6,robot1,robot4,3.2013031794898774
45.6,robot2,robot3,1.8038944046196275
45.6,robot2,robot4,1.5989361718483324
45.6,robot3,robot4,2.3132607203307196
45.650000000000006,robot1,robot2,1.7374819565987585
45.650000000000006,robot1,robot3,1.8201810699625465
45.650000000000006,robot1,robot4,3.2030435229061833
45.650000000000006,robot2,robot3,1.8062967110060435
45.650000000000006,robot2,robot4,1.6021060709110369
45.650000000000006,robot3,robot4,2.3144700302307326
45.7,robot1,robot2,1.737222153684439
45.7,robot1,robot3,1.821088875132952
45.7,robot1,robot4,3.204784061110046
45.7,robot2,robot3,1.8087006261471246
45.7,robot2,robot4,1.605277841741111
45.7,robot3,robot4,2.315679529923344
45.75,robot1,robot2,1.7370579570325224
45.75,robot1,robot3,1.8222052528752763
45.75,robot1,robot4,3.2070869604432306
45.75,robot2,robot3,1.8116579646918043
45.75,robot2,robot4,1.6091614221155688
45.75,robot3,robot4,2.3173045713686946
45.800000000000004,robot1,robot2,1.7368964561159077
45.800000000000004,robot1,robot3,1.823321843354047
45.800000000000004,robot1,robot4,3.2093903318688115
45.800000000000004,robot2,robot3,1.8146170269784205
45.800000000000004,robot2,robot4,1.6130480493230825
45.800000000000004,robot3,robot4,2.3189301275814675
45.85,robot1,robot2,1.7364607015133544
45.85,robot1,robot3,1.8243323163026661
45.85,robot1,robot4,3.2118022962855295
45.85,robot2,robot3,1.8183426040589825
45.85,robot2,robot4,1.6178693882094592
45.85,robot3,robot4,2.3206672499458536
45.900000000000006,robot1,robot2,1.736030646021262
45.900000000000006,robot1,robot3,1.8253430806051232
45.900000000000006,robot1,robot4,3.2142148843213647
45.900000000000006,robot2,robot3,1.822071145493502
45.900000000000006,robot2,robot4,1.6226963366064528
45.900000000000006,robot3,robot4,2.3224052046557255
45.95,robot1,robot2,1.7365011168508502
45.95,robot1,robot3,1.826786770158603
45.95,robot1,robot4,3.2176113907557267
45.95,robot2,robot3,1.8257434629597475
45.95,robot2,robot4,1.6276670061214151
45.95,robot3,robot4,2.324137307304046
46.0,robot1,robot2,1.7369773543647598
46.0,robot1,robot3,1.8282304722854281
46.0,robot1,robot4,3.221008338633261
46.0,robot2,robot3,1.8294188755375296
46.0,robot2,robot4,1.6326432090242495
46.0,robot3,robot4,2.325870370641064
46.050000000000004,robot1,robot2,1.7377474484050466
46.050000000000004,robot1,robot3,1.8296521849625549
46.050000000000004,robot1,robot4,3.224692746017363
46.050000000000004,robot2,robot3,1.832911289249019
46.050000000000004,robot2,robot4,1.6375959818148833
46.050000000000004,robot3,robot4,2.3275996135622745
46.1,robot1,robot2,1.738523167867774
46.1,robot1,robot3,1.8310740264325744
46.1,robot1,robot4,3.2283774916389505
46.1,robot2,robot3,1.836406496314201
46.1,robot2,robot4,1.6425538563797535
46.1,robot3,robot4,2.329329979748898
46.150000000000006,robot1,robot2,1.7393851347164322
46.150000000000006,robot1,robot3,1.832205370669593
46.150000000000006,robot1,robot4,3.231819370008827
46.150000000000006,robot2,robot3,1.8398805562459757
46.150000000000006,robot2,robot4,1.6472482798033972
46.150000000000006,robot3,robot4,2.330977871922694
46.2,robot1,robot2,1.7402532989875354
46.2,robot1,robot3,1.833336871375798
46.2,robot1,robot4,3.2352614670965933
46.2,robot2,robot3,1.8433568898184096
46.2,robot2,robot4,1.6519479249579874
46.2,robot3,robot4,2.332626871715663
46.25,robot1,robot2,1.7417256102734724
46.25,robot1,robot3,1.834247972298184
46.25,robot1,robot4,3.2384747085377246
46.25,robot2,robot3,1.8452472571345284
46.25,robot2,robot4,1.6547608701440821
46.25,robot3,robot4,2.3341943015915576
46.300000000000004,robot1,robot2,1.7431990655587792
46.300000000000004,robot1,robot3,1.835159316020819
46.300000000000004,robot1,robot4,3.2416880237225176
46.300000000000004,robot2,robot3,1.8471377652630574
46.300000000000004,robot2,robot4,1.6575751261131424
46.300000000000004,robot3,robot4,2.335762605197712
46.35,robot1,robot2,1.7447027583948218
46.35,robot1,robot3,1.835888616697715
46.35,robot1,robot4,3.2430197853250915
46.35,robot2,robot3,1.8489488563032916
46.35,robot2,robot4,1.6581473170676062
46.35,robot3,robot4,2.336580568395032
46.400000000000006,robot1,robot2,1.7462076934342607
46.400000000000006,robot1,robot3,1.8366182033054663
46.400000000000006,robot1,robot4,3.2443518652689325
46.400000000000006,robot2,robot3,1.8507600310342778
46.400000000000006,robot2,robot4,1.6587197959947908
46.400000000000006,robot3,robot4,2.337398728687299
46.45,robot1,robot2,1.7476880547175748
46.45,robot1,robot3,1.8371806071007961
46.45,robot1,robot4,3.2452686109086564
46.45,robot2,robot3,1.8525863514628005
46.45,robot2,robot4,1.6589104545057578
46.45,robot3,robot4,2.338059746482166
46.5,robot1,robot2,1.7491699517408248
46.5,robot1,robot3,1.837743323475833
46.5,robot1,robot4,3.2461859223208394
46.5,robot2,robot3,1.8544127479234496
46.5,robot2,robot4,1.659101344695073
46.5,robot3,robot4,2.3387212098088987
46.550000000000004,robot1,robot2,1.7511713444635424
46.550000000000004,robot1,robot3,1.8381062438080802
46.550000000000004,robot1,robot4,3.2474635262777394
46.550000000000004,robot2,robot3,1.8559784297380721
46.550000000000004,robot2,robot4,1.6591703638133428
46.550000000000004,robot3,robot4,2.3393266848361516
46.6,robot1,robot2,1.7531748446797886
46.6,robot1,robot3,1.8384704488136325
46.6,robot1,robot4,3.248742385809777
46.6,robot2,robot3,1.8575441670078803
46.6,robot2,robot4,1.6592394838253457
46.6,robot3,robot4,2.339932608200501
46.650000000000006,robot1,robot2,1.7559656023567207
46.650000000000006,robot1,robot3,1.8385618534039723
46.650000000000006,robot1,robot4,3.250346521480825
46.650000000000006,robot2,robot3,1.8589201058163447
46.650000000000006,robot2,robot4,1.6590437093713053
46.650000000000006,robot3,robot4,2.3402573727082348
46.7,robot1,robot2,1.7587599918107075
46.7,robot1,robot3,1.8386571521047637
46.7,robot1,robot4,3.2519533164104613
46.7,robot2,robot3,1.8602961013870885
46.7,robot2,robot4,1.658848024059166
46.7,robot3,robot4,2.340582670599994
46.75,robot1,robot2,1.7615350176437028
46.75,robot1,robot3,1.837929273281823
46.75,robot1,robot4,3.253548236611262
46.75,robot2,robot3,1.8606745562056923
46.75,robot2,robot4,1.6586824457265021
46.75,robot3,robot4,2.340393421512717
46.800000000000004,robot1,robot2,1.7643136780136353
46.800000000000004,robot1,robot3,1.8372074178146025
46.800000000000004,robot1,robot4,3.255145709413636
46.800000000000004,robot2,robot3,1.8610530111377805
46.800000000000004,robot2,robot4,1.658516983434297
46.800000000000004,robot3,robot4,2.3402041805554066
46.85,robot1,robot2,1.7671371598435703
46.85,robot1,robot3,1.8364871007743289
46.85,robot1,robot4,3.257345549805624
46.85,robot2,robot3,1.8614903532998768
46.85,robot2,robot4,1.658927611193599
46.85,robot3,robot4,2.340493423491722
46.900000000000006,robot1,robot2,1.7699643452278924
46.900000000000006,robot1,robot3,1.8357727790184166
46.900000000000006,robot1,robot4,3.2595478269999356
46.900000000000006,robot2,robot3,1.861927695566345
46.900000000000006,robot2,robot4,1.659338316528007
46.900000000000006,robot3,robot4,2.340782692396925
46.95,robot1,robot2,1.7727667967524665
46.95,robot1,robot3,1.8350796461984966
46.95,robot1,robot4,3.261775912833874
46.95,robot2,robot3,1.8623446743092429
46.95,robot2,robot4,1.6597983985470195
46.95,robot3,robot4,2.341064065608041
47.0,robot1,robot2,1.7755728884058803
47.0,robot1,robot3,1.8343925486702675
47.0,robot1,robot4,3.2640063718983456
47.0,robot2,robot3,1.862761653327929
47.0,robot2,robot4,1.660258556897991
47.0,robot3,robot4,2.3413454704528336
47.050000000000004,robot1,robot2,1.778511563117457
47.050000000000004,robot1,robot3,1.8336487415436196
47.050000000000004,robot1,robot4,3.2663211528453537
47.050000000000004,robot2,robot3,1.8631962992282913
47.050000000000004,robot2,robot4,1.660733322030512
47.050000000000004,robot3,robot4,2.3416256756113905
47.1,robot1,robot2,1.7814543343976013
47.1,robot1,robot3,1.8329116820089832
47.1,robot1,robot4,3.2686386161429657
47.1,robot2,robot3,1.863630946012917
47.1,robot2,robot4,1.661208168918333
47.1,robot3,robot4,2.3419059110263163
47.150000000000006,robot1,robot2,1.7833793524181139
47.150000000000006,robot1,robot3,1.832281834242347
47.150000000000006,robot1,robot4,3.270218652931215
47.150000000000006,robot2,robot3,1.8639759250546264
47.150000000000006,robot2,robot4,1.6616810123548083
47.150000000000006,robot3,robot4,2.3421691457598124
47.2,robot1,robot2,1.78530656240574
47.2,robot1,robot3,1.8316550163229428
47.2,robot1,robot4,3.271799937840026
47.2,robot2,robot3,1.864320904814941
47.2,robot2,robot4,1.6621539140648196
47.2,robot3,robot4,2.342432417754886
47.25,robot1,robot2,1.7863953268639197
47.25,robot1,robot3,1.830993684680671
47.25,robot1,robot4,3.2736842511376225
47.25,robot2,robot3,1.8649756650884883
47.25,robot2,robot4,1.6638869969556975
47.25,robot3,robot4,2.3433155676956954
47.300000000000004,robot1,robot2,1.7874860728039255
47.300000000000004,robot1,robot3,1.8303333923689966
47.300000000000004,robot1,robot4,3.275568827408761
47.300000000000004,robot2,robot3,1.8656304403801414
47.300000000000004,robot2,robot4,1.6656203461773635
47.300000000000004,robot3,robot4,2.3441993292297054
47.35,robot1,robot2,1.7883671591234418
47.35,robot1,robot3,1.8295183690602834
47.35,robot1,robot4,3.277960705679867
47.35,robot2,robot3,1.8664078653912306
47.35,robot2,robot4,1.6682396804895874
47.35,robot3,robot4,2.345507671703559
47.400000000000006,robot1,robot2,1.7892509098516622
47.400000000000006,robot1,robot3,1.8287043037968165
47.400000000000006,robot1,robot4,3.2803527601154427
47.400000000000006,robot2,robot3,1.8671853524623634
47.400000000000006,robot2,robot4,1.670859370714364
47.400000000000006,robot3,robot4,2.3468173221284183
47.45,robot1,robot2,1.7897956508663915
47.45,robot1,robot3,1.8277220364405111
47.45,robot1,robot4,3.2824757808061964
47.45,robot2,robot3,1.867875411182716
47.45,robot2,robot4,1.6735820446702039
47.45,robot3,robot4,2.348000364305019
47.5,robot1,robot2,1.7903432694072943
47.5,robot1,robot3,1.8267405711227853
47.5,robot1,robot4,3.2845989361336034
47.5,robot2,robot3,1.8685655912453274
47.5,robot2,robot4,1.676305110331052
47.5,robot3,robot4,2.3491848199015757
47.550000000000004,robot1,robot2,1.7905172850375533
47.550000000000004,robot1,robot3,1.8257639645625745
47.550000000000004,robot1,robot4,3.2865061398221216
47.550000000000004,robot2,robot3,1.869157077680338
47.550000000000004,robot2,robot4,1.6791131286697902
47.550000000000004,robot3,robot4,2.3503068334501034
47.6,robot1,robot2,1.7906937794176312
47.6,robot1,robot3,1.8247878452020112
47.6,robot1,robot4,3.2884133921519054
47.6,robot2,robot3,1.8697487445878926
47.6,robot2,robot4,1.6819215011233433
47.6,robot3,robot4,2.35143031954702
47.650000000000006,robot1,robot2,1.790544547959084
47.650000000000006,robot1,robot3,1.8233379582897544
47.650000000000006,robot1,robot4,3.2901284801964805
47.650000000000006,robot2,robot3,1.8705337009252871
47.650000000000006,robot2,robot4,1.6852654970282874
47.650000000000006,robot3,robot4,2.3524612016155015
47.7,robot1,robot2,1.7904007360635774
47.7,robot1,robot3,1.821888931084988
47.7,robot1,robot4,3.2918438027543164
47.7,robot2,robot3,1.8713193443036387
47.7,robot2,robot4,1.6886100612115869
47.7,robot3,robot4,2.3534935916143898
47.75,robot1,robot2,1.7898709238206258
47.75,robot1,robot3,1.8203510908135276
47.75,robot1,robot4,3.293414877901393
47.75,robot2,robot3,1.8720283892223697
47.75,robot2,robot4,1.6922461115955474
47.75,robot3,robot4,2.3544294123764358
47.800000000000004,robot1,robot2,1.7893471593285077
47.800000000000004,robot1,robot3,1.8188140851560393
47.800000000000004,robot1,robot4,3.2949861694679394
47.800000000000004,robot2,robot3,1.8727385900677649
47.800000000000004,robot2,robot4,1.695882697000592
47.800000000000004,robot3,robot4,2.3553667897304233
47.85,robot1,robot2,1.7885381634789066
47.85,robot1,robot3,1.8172479489788949
47.85,robot1,robot4,3.2966725807657182
47.85,robot2,robot3,1.8731628008207135
47.85,robot2,robot4,1.6998159056468443
47.85,robot3,robot4,2.356334206713152
47.900000000000006,robot1,robot2,1.787734552816217
47.900000000000006,robot1,robot3,1.8156825901070923
47.900000000000006,robot1,robot4,3.298359108223512
47.900000000000006,robot2,robot3,1.87358833599086
47.900000000000006,robot2,robot4,1.7037494840316172
47.900000000000006,robot3,robot4,2.3573036449242175
47.95,robot1,robot2,1.7867408958214954
47.95,robot1,robot3,1.8140781839874625
47.95,robot1,robot4,3.300382375911388
47.95,robot2,robot3,1.87373772409888
47.95,robot2,robot4,1.7080804585008578
47.95,robot3,robot4,2.3585055889781668
48.0,robot1,robot2,1.7857518240967862
48.0,robot1,robot3,1.8124744790823952
48.0,robot1,robot4,3.3024056885435806
48.0,robot2,robot3,1.8738883963886428
48.0,robot2,robot4,1.712411632254348
48.0,robot3,robot4,2.359710357548146
48.050000000000004,robot1,robot2,1.784643789117663
48.050000000000004,robot1,robot3,1.8108654569155598
48.050000000000004,robot1,robot4,3.3043368312804464
48.050000000000004,robot2,robot3,1.873709050928465
48.050000000000004,robot2,robot4,1.7166842434609957
48.050000000000004,robot3,robot4,2.3606457815899655
48.1,robot1,robot2,1.7835400240566512
48.1,robot1,robot3,1.809257420932964
48.1,robot1,robot4,3.306268020868998
48.1,robot2,robot3,1.8735312625480791
48.1,robot2,robot4,1.7209569697889022
48.1,robot3,robot4,2.361584020110654
48.150000000000006,robot1,robot2,1.78251909052533
48.150000000000006,robot1,robot3,1.807654351369268
48.150000000000006,robot1,robot4,3.3082279562811645
48.150000000000006,robot2,robot3,1.873092053222425
48.150000000000006,robot2,robot4,1.7251756055765748
48.150000000000006,robot3,robot4,2.3622304276620647
48.2,robot1,robot2,1.781502369831991
48.2,robot1,robot3,1.806052834962477
48.2,robot1,robot4,3.3101879421525293
48.2,robot2,robot3,1.8726545950935531
48.2,robot2,robot4,1.7293943581696454
48.2,robot3,robot4,2.3628798220510494
48.25,robot1,robot2,1.7816171877304339
48.25,robot1,robot3,1.804319651411717
48.25,robot1,robot4,3.310408620387595
48.25,robot2,robot3,1.8721185357754464
48.25,robot2,robot4,1.7302862635855956
48.25,robot3,robot4,2.362662423818731
48.300000000000004,robot1,robot2,1.7817342007732244
48.300000000000004,robot1,robot3,1.802587922966866
48.300000000000004,robot1,robot4,3.310629881875955
48.300000000000004,robot2,robot3,1.8715825269095134
48.300000000000004,robot2,robot4,1.7311781988879713
48.300000000000004,robot3,robot4,2.3624454638742454
48.35,robot1,robot2,1.7820096720829688
48.35,robot1,robot3,1.8008255386329068
48.35,robot1,robot4,3.3101568817005105
48.35,robot2,robot3,1.8709175608348567
48.35,robot2,robot4,1.7310109418373123
48.35,robot3,robot4,2.3618675877481468
48.400000000000006,robot1,robot2,1.782287029102215
48.400000000000006,robot1,robot3,1.7990647678802447
48.400000000000006,robot1,robot4,3.309685040623201
48.400000000000006,robot2,robot3,1.8702526018209409
48.400000000000006,robot2,robot4,1.730843688999385
48.400000000000006,robot3,robot4,2.3612897319619632
48.45,robot1,robot2,1.7828327568095808
48.45,robot1,robot3,1.7973151630591946
48.45,robot1,robot4,3.3094998909625675
48.45,robot2,robot3,1.8692774764863695
48.45,robot2,robot4,1.7306779513833588
48.45,robot3,robot4,2.3605299826619976
48.5,robot1,robot2,1.783380120822535
48.5,robot1,robot3,1.7955680492908086
48.5,robot1,robot4,3.3093158386908312
48.5,robot2,robot3,1.8683023522687647
48.5,robot2,robot4,1.730512215862402
48.5,robot3,robot4,2.3597703431054473
48.550000000000004,robot1,robot2,1.7841660886507313
48.550000000000004,robot1,robot3,1.7940191108074908
48.550000000000004,robot1,robot4,3.3091344103792455
48.550000000000004,robot2,robot3,1.8675531640923237
48.550000000000004,robot2,robot4,1.7301216061777998
48.550000000000004,robot3,robot4,2.3590283624112067
48.6,robot1,robot2,1.7849535518942783
48.6,robot1,robot3,1.7924725049930335
48.6,robot1,robot4,3.3089540678314044
48.6,robot2,robot3,1.866803978371591
48.6,robot2,robot4,1.7297309975351658
48.6,robot3,robot4,2.3582864226505653
48.650000000000006,robot1,robot2,1.7857947093675128
48.650000000000006,robot1,robot3,1.7912079461798958
48.650000000000006,robot1,robot4,3.309052041590046
48.650000000000006,robot2,robot3,1.86655533902025
48.650000000000006,robot2,robot4,1.7296128764426593
48.650000000000006,robot3,robot4,2.3579994565767506
48.7,robot1,robot2,1.7866374958675861
48.7,robot1,robot3,1.7899450758780282
48.7,robot1,robot4,3.309151082888329
48.7,robot2,robot3,1.8663066996707696
48.7,robot2,robot4,1.7294947569533135
48.7,robot3,robot4,2.3577124965502048
48.75,robot1,robot2,1.7876491824765983
48.75,robot1,robot3,1.7889715440224307
48.75,robot1,robot4,3.3095876688929846
48.75,robot2,robot3,1.8661562318697356
48.75,robot2,robot4,1.7294640551321816
48.75,robot3,robot4,2.357631076194598
48.800000000000004,robot1,robot2,1.7886621344773308
48.800000000000004,robot1,robot3,1.787999636385869
48.800000000000004,robot1,robot4,3.310025232082831
48.800000000000004,robot2,robot3,1.866005764265748
48.800000000000004,robot2,robot4,1.7294333540070286
48.800000000000004,robot3,robot4,2.357549658342958
48.85,robot1,robot2,1.7898948351464676
48.85,robot1,robot3,1.7869027029075337
48.85,robot1,robot4,3.3106846702802284
48.85,robot2,robot3,1.864922492058651
48.85,robot2,robot4,1.7294094216773828
48.85,robot3,robot4,2.356630255431948
48.900000000000006,robot1,robot2,1.7911286170526672
48.900000000000006,robot1,robot3,1.7858099860211891
48.900000000000006,robot1,robot4,3.3113449670315234
48.900000000000006,robot2,robot3,1.8638392350699131
48.900000000000006,robot2,robot4,1.7293854906786976
48.900000000000006,robot3,robot4,2.3557110500101666
48.95,robot1,robot2,1.792545225033179
48.95,robot1,robot3,1.784920510586536
48.95,robot1,robot4,3.312196543331064
48.95,robot2,robot3,1.862339832841807
48.95,robot2,robot4,1.7292915199232604
48.95,robot3,robot4,2.3543731813508773
49.0,robot1,robot2,1.793962595744404
49.0,robot1,robot3,1.7840369434664183
49.0,robot1,robot4,3.3130488862101024
49.0,robot2,robot3,1.8608404881023521
49.0,robot2,robot4,1.7291975493019878
49.0,robot3,robot4,2.3530355854429827
49.050000000000004,robot1,robot2,1.7955266448183111
49.050000000000004,robot1,robot3,1.7836045447338518
49.050000000000004,robot1,robot4,3.31420541229425
49.050000000000004,robot2,robot3,1.859408275796698
49.050000000000004,robot2,robot4,1.7292055400194621
49.050000000000004,robot3,robot4,2.3516745652101294
49.1,robot1,robot2,1.7970912122037657
49.1,robot1,robot3,1.7831783537408703
49.1,robot1,robot4,3.3153625480450857
49.1,robot2,robot3,1.857976208080717
49.1,robot2,robot4,1.7292135307751904
49.1,robot3,robot4,2.35031375216374
49.150000000000006,robot1,robot2,1.798787800926224
49.150000000000006,robot1,robot3,1.7831993735432388
49.150000000000006,robot1,robot4,3.316716991698757
49.150000000000006,robot2,robot3,1.8566088006928114
49.150000000000006,robot2,robot4,1.7292084922363324
49.150000000000006,robot3,robot4,2.348885961244021
49.2,robot1,robot2,1.8004846744185299
49.2,robot1,robot3,1.7832266937105894
49.2,robot1,robot4,3.318071900263314
49.2,robot2,robot3,1.8552416336924955
49.2,robot2,robot4,1.72920345369913
49.2,robot3,robot4,2.3474582925046823
49.25,robot1,robot2,1.8022591695515102
49.25,robot1,robot3,1.7836932366907994
49.25,robot1,robot4,3.3195892760904173
49.25,robot2,robot3,1.8539576027711637
49.25,robot2,robot4,1.7292038137481074
49.25,robot3,robot4,2.34597884582321
49.300000000000004,robot1,robot2,1.804033783857165
49.300000000000004,robot1,robot3,1.7841659234151963
49.300000000000004,robot1,robot4,3.3211069705092306
49.300000000000004,robot2,robot3,1.8526739372080558
49.300000000000004,robot2,robot4,1.7292041737981665
49.300000000000004,robot3,robot4,2.3444994589457684
49.35,robot1,robot2,1.8058563515471686
49.35,robot1,robot3,1.7850633994401992
49.35,robot1,robot4,3.322756171527637
49.35,robot2,robot3,1.8514940091021763
49.35,robot2,robot4,1.7292060459257739
49.35,robot3,robot4,2.3429901766832057
49.400000000000006,robot1,robot2,1.807678942445533
49.400000000000006,robot1,robot3,1.7859666447165246
49.400000000000006,robot1,robot4,3.324405563087182
49.400000000000006,robot2,robot3,1.8503145773184082
49.400000000000006,robot2,robot4,1.7292079180723177
49.400000000000006,robot3,robot4,2.3414809135213974
49.45,robot1,robot2,1.8095241979975014
49.45,robot1,robot3,1.7872861386838008
49.45,robot1,robot4,3.32615250666115
49.45,robot2,robot3,1.8492344014313735
49.45,robot2,robot4,1.7291919386760537
49.45,robot3,robot4,2.339939126130101
49.5,robot1,robot2,1.8113694564237854
49.5,robot1,robot3,1.7886109136603747
49.5,robot1,robot4,3.3278995408665812
49.5,robot2,robot3,1.8481548593340333
49.5,robot2,robot4,1.7291759592918818
49.5,robot3,robot4,2.338397339461581
49.550000000000004,robot1,robot2,1.8131884457395075
49.550000000000004,robot1,robot3,1.790323543587583
49.550000000000004,robot1,robot4,3.3297266216316093
49.550000000000004,robot2,robot3,1.847215151001975
49.550000000000004,robot2,robot4,1.7291809622848906
49.550000000000004,robot3,robot4,2.3368785347844354
49.6,robot1,robot2,1.815007493173513
49.6,robot1,robot3,1.7920407553493307
49.6,robot1,robot4,3.33155372873934
49.6,robot2,robot3,1.846276225339264
49.6,robot2,robot4,1.7291859652810624
49.6,robot3,robot4,2.3353597369574564
49.650000000000006,robot1,robot2,1.8163454793817448
49.650000000000006,robot1,robot3,1.793677886924308
49.650000000000006,robot1,robot4,3.3329202155259057
49.650000000000006,robot2,robot3,1.8454788636441357
49.650000000000006,robot2,robot4,1.7291850295934932
49.650000000000006,robot3,robot4,2.3338669147894873
49.7,robot1,robot2,1.81768352126821
49.7,robot1,robot3,1.7953181332527113
49.7,robot1,robot4,3.3342867086325976
49.7,robot2,robot3,1.844682411760897
49.7,robot2,robot4,1.7291840939061403
49.7,robot3,robot4,2.3323741307624726
49.75,robot1,robot2,1.8183265468486403
49.75,robot1,robot3,1.7966790936394987
49.75,robot1,robot4,3.334962409068092
49.75,robot2,robot3,1.844023390715869
49.75,robot2,robot4,1.7291815742385905
49.75,robot3,robot4,2.330912315904011
49.800000000000004,robot1,robot2,1.8189695972874314
49.800000000000004,robot1,robot3,1.798041711381858
49.800000000000004,robot1,robot4,3.3356381095863803
49.800000000000004,robot2,robot3,1.8433654074927737
49.800000000000004,robot2,robot4,1.7291790545750316
49.800000000000004,robot3,robot4,2.3294505922199766
49.85,robot1,robot2,1.8189476948706496
49.85,robot1,robot3,1.799901442716031
49.85,robot1,robot4,3.3363360449917585
49.85,robot2,robot3,1.8419077300418714
49.85,robot2,robot4,1.7294018266968785
49.85,robot3,robot4,2.327534532666809
49.900000000000006,robot1,robot2,1.8189260446859843
49.900000000000006,robot1,robot3,1.8017635725088907
49.900000000000006,robot1,robot4,3.3370339808758316
49.900000000000006,robot2,robot3,1.840452976009167
49.900000000000006,robot2,robot4,1.729624983172075
49.900000000000006,robot3,robot4,2.325618775504704
49.95,robot1,robot2,1.818474523171345
49.95,robot1,robot3,1.803826289163261
49.95,robot1,robot4,3.3377664996917473
49.95,robot2,robot3,1.838648796236315
49.95,robot2,robot4,1.7300072323855324
49.95,robot3,robot4,2.3237225474849614
50.0,robot1,robot2,1.8180235439586585
50.0,robot1,robot3,1.8058912841857342
50.0,robot1,robot4,3.3384990192039896
50.0,robot2,robot3,1.8368485218226351
50.0,robot2,robot4,1.7303905388489618
50.0,robot3,robot4,2.3218267784182354
50.050000000000004,robot1,robot2,1.817510405178262
50.050000000000004,robot1,robot3,1.8080946858450888
50.050000000000004,robot1,robot4,3.339369600113807
50.050000000000004,robot2,robot3,1.8352915677006199
50.050000000000004,robot2,robot4,1.730787393708713
50.050000000000004,robot3,robot4,2.3204799063749717
50.1,robot1,robot2,1.816997734299358
50.1,robot1,robot3,1.8102999989032205
50.1,robot1,robot4,3.3402403100407314
50.1,robot2,robot3,1.8337389183790584
50.1,robot2,robot4,1.7311864569854973
50.1,robot3,robot4,2.3191342261188765
50.150000000000006,robot1,robot2,1.81644093004218
50.150000000000006,robot1,robot3,1.8126293562552995
50.150000000000006,robot1,robot4,3.3414000819745078
50.150000000000006,robot2,robot3,1.8324156763946873
50.150000000000006,robot2,robot4,1.731522920686368
50.150000000000006,robot3,robot4,2.318763189234996
50.2,robot1,robot2,1.8158845346510886
50.2,robot1,robot3,1.8149603079166774
50.2,robot1,robot4,3.3425608707112575
50.2,robot2,robot3,1.8310970639160558
50.2,robot2,robot4,1.7318651129822438
50.2,robot3,robot4,2.31839528302423
50.25,robot1,robot2,1.8153105126849511
50.25,robot1,robot3,1.8173951333720055
50.25,robot1,robot4,3.3439614519623277
50.25,robot2,robot3,1.830015656841288
50.25,robot2,robot4,1.7325311978075604
50.25,robot3,robot4,2.318293306379771
50.300000000000004,robot1,robot2,1.8147368318213524
50.300000000000004,robot1,robot3,1.819831282786402
50.300000000000004,robot1,robot4,3.3453629465291206
50.300000000000004,robot2,robot3,1.82893912090288
50.300000000000004,robot2,robot4,1.7332028079405482
50.300000000000004,robot3,robot4,2.31819431607318
50.35,robot1,robot2,1.814116332086369
50.35,robot1,robot3,1.822362734953308
50.35,robot1,robot4,3.3469426538727105
50.35,robot2,robot3,1.8281039479356744
50.35,robot2,robot4,1.7341554598861662
50.35,robot3,robot4,2.318346885998944
50.400000000000006,robot1,robot2,1.813496129644891
50.400000000000006,robot1,robot3,1.8248951934009803
50.400000000000006,robot1,robot4,3.3485231569209737
50.400000000000006,robot2,robot3,1.82727382984516
50.400000000000006,robot2,robot4,1.7351134151014453
50.400000000000006,robot3,robot4,2.3185023464422025
50.45,robot1,robot2,1.8128337385685014
50.45,robot1,robot3,1.8275147079220049
50.45,robot1,robot4,3.3502781622119833
50.45,robot2,robot3,1.8266909714296231
50.45,robot2,robot4,1.7363514307283103
50.45,robot3,robot4,2.3189064246060576
50.5,robot1,robot2,1.8121716071172729
50.5,robot1,robot3,1.830134939921371
50.5,robot1,robot4,3.352033829611211
50.5,robot2,robot3,1.8261132842474477
50.5,robot2,robot4,1.7375944357933468
50.5,robot3,robot4,2.319313242273454
50.550000000000004,robot1,robot2,1.8114992247200246
50.550000000000004,robot1,robot3,1.832812177891191
50.550000000000004,robot1,robot4,3.3539575525126284
50.550000000000004,robot2,robot3,1.8257668622061252
50.550000000000004,robot2,robot4,1.7390922239614697
50.550000000000004,robot3,robot4,2.3199432306817873
50.6,robot1,robot2,1.8108270441047096
50.6,robot1,robot3,1.8354899500378639
50.6,robot1,robot4,3.355881850855301
50.6,robot2,robot3,1.8254256886800404
50.6,robot2,robot4,1.7405946649880897
50.6,robot3,robot4,2.3205757997553107
50.650000000000006,robot1,robot2,1.8100748787973524
50.650000000000006,robot1,robot3,1.8381811730645596
50.650000000000006,robot1,robot4,3.3578819905042074
50.650000000000006,robot2,robot3,1.825323846529226
50.650000000000006,robot2,robot4,1.7423391591418849
50.650000000000006,robot3,robot4,2.3214054137277484
50.7,robot1,robot2,1.809322870029006
50.7,robot1,robot3,1.8408727024196976
50.7,robot1,robot4,3.3598825676053026
50.7,robot2,robot3,1.825227242957983
50.7,robot2,robot4,1.744087810617344
50.7,robot3,robot4,2.3222373828538716
50.75,robot1,robot2,1.8084594721976077
50.75,robot1,robot3,1.843475499821465
50.75,robot1,robot4,3.361924416512736
50.75,robot2,robot3,1.825360182542681
50.75,robot2,robot4,1.7460985930626172
50.75,robot3,robot4,2.323285401877371
50.800000000000004,robot1,robot2,1.8075961475918783
50.800000000000004,robot1,robot3,1.8460784569118405
50.800000000000004,robot1,robot4,3.363966642952929
50.800000000000004,robot2,robot3,1.8254983522044057
50.800000000000004,robot2,robot4,1.7481131161366537
50.800000000000004,robot3,robot4,2.3243355398810213
50.85,robot1,robot2,1.8067530512610874
50.85,robot1,robot3,1.8485407704632864
50.85,robot1,robot4,3.366004854578347
50.85,robot2,robot3,1.8258931992075138
50.85,robot2,robot4,1.7503131496790083
50.85,robot3,robot4,2.325453445900391
50.900000000000006,robot1,robot2,1.805909958901052
50.900000000000006,robot1,robot3,1.8510031983921587
50.900000000000006,robot1,robot4,3.3680433821077784
50.900000000000006,robot2,robot3,1.8262931202126345
50.900000000000006,robot2,robot4,1.7525160154709003
50.900000000000006,robot3,robot4,2.326573120687592
50.95,robot1,robot2,1.805156417098668
50.95,robot1,robot3,1.8529536981701675
50.95,robot1,robot4,3.369880722812938
50.95,robot2,robot3,1.8266644324847956
50.95,robot2,robot4,1.7547082416932598
50.95,robot3,robot4,2.3274842816249586
51.0,robot1,robot2,1.8044029011925247
51.0,robot1,robot3,1.8549043589543908
51.0,robot1,robot4,3.3717182694538703
51.0,robot2,robot3,1.8270397827491331
51.0,robot2,robot4,1.7569020698049733
51.0,robot3,robot4,2.328396345240432
51.050000000000004,robot1,robot2,1.8031038483768065
51.050000000000004,robot1,robot3,1.856714129306461
51.050000000000004,robot1,robot4,3.3742299871823347
51.050000000000004,robot2,robot3,1.827210740852981
51.050000000000004,robot2,robot4,1.7607964426452738
51.050000000000004,robot3,robot4,2.329046201089246
51.1,robot1,robot2,1.8018056045003856
51.1,robot1,robot3,1.8585249819093097
51.1,robot1,robot4,3.3767418733869783
51.1,robot2,robot3,1.8273904605447626
51.1,robot2,robot4,1.7646918738981037
51.1,robot3,robot4,2.329696232092073
51.150000000000006,robot1,robot2,1.8015566829593856
51.150000000000006,robot1,robot3,1.8589044366881295
51.150000000000006,robot1,robot4,3.37735761031062
51.150000000000006,robot2,robot3,1.8275192964397975
51.150000000000006,robot2,robot4,1.7657198262451108
51.150000000000006,robot3,robot4,2.329762042135768
51.2,robot1,robot2,1.8013078897685704
51.2,robot1,robot3,1.8592839949336009
51.2,robot1,robot4,3.3779733528369125
51.2,robot2,robot3,1.8276486797812783
51.2,robot2,robot4,1.7667477843515893
51.2,robot3,robot4,2.329827852516683
51.25,robot1,robot2,1.8010592249811288
51.25,robot1,robot3,1.8596636565823703
51.25,robot1,robot4,3.3785891009627913
51.25,robot2,robot3,1.827778610452949
51.25,robot2,robot4,1.7677757482074934
51.25,robot3,robot4,2.329893663234789
51.300000000000004,robot1,robot2,1.8008106886502533
51.300000000000004,robot1,robot3,1.8600434215711201
51.300000000000004,robot1,robot4,3.3792048546851965
51.300000000000004,robot2,robot3,1.8279090883380935
51.300000000000004,robot2,robot4,1.768803717802798
51.300000000000004,robot3,robot4,2.329959474290057
51.35,robot1,robot2,1.8004436190612856
51.35,robot1,robot3,1.8606688467446997
51.35,robot1,robot4,3.380388944046676
51.35,robot2,robot3,1.8282557625953897
51.35,robot2,robot4,1.770862771795291
51.35,robot3,robot4,2.329950704244244
51.400000000000006,robot1,robot2,1.80007730534469
51.400000000000006,robot1,robot3,1.8612947859500923
51.400000000000006,robot1,robot4,3.3815730446624985
51.400000000000006,robot2,robot3,1.8286044558279957
51.400000000000006,robot2,robot4,1.7729218353681022
51.400000000000006,robot3,robot4,2.3299419432434365
51.45,robot1,robot2,1.7998583206847838
51.45,robot1,robot3,1.8617707966644286
51.45,robot1,robot4,3.3826700810686523
51.45,robot2,robot3,1.829023898067833
51.45,robot2,robot4,1.774916512172967
51.45,robot3,robot4,2.3297748540480256
51.5,robot1,robot2,1.799640327125951
51.5,robot1,robot3,1.8622474106049927
51.5,robot1,robot4,3.3837671204644093
51.5,robot2,robot3,1.8294450851362005
51.5,robot2,robot4,1.7769113135038563
51.5,robot3,robot4,2.329607816729889
51.550000000000004,robot1,robot2,1.7995818625948223
51.550000000000004,robot1,robot3,1.8625652745910006
51.550000000000004,robot1,robot4,3.384776121790332
51.550000000000004,robot2,robot3,1.8299175727115415
51.550000000000004,robot2,robot4,1.7788032776789147
51.550000000000004,robot3,robot4,2.32930843896021
51.6,robot1,robot2,1.7995245878656396
51.6,robot1,robot3,1.8628838151924556
51.6,robot1,robot4,3.385785123200821
51.6,robot2,robot3,1.8303914661768395
51.6,robot2,robot4,1.7806955789244268
51.6,robot3,robot4,2.329009188014938
51.650000000000006,robot1,robot2,1.7996586700408637
51.650000000000006,robot1,robot3,1.8630067181213412
51.650000000000006,robot1,robot4,3.386677003727474
51.650000000000006,robot2,robot3,1.8308996135102549
51.650000000000006,robot2,robot4,1.782423470092405
51.650000000000006,robot3,robot4,2.328566619975527
51.7,robot1,robot2,1.7997941731325833
51.7,robot1,robot3,1.8631304052634103
51.7,robot1,robot4,3.387568884373866
51.7,robot2,robot3,1.8314087985277892
51.7,robot2,robot4,1.7841520033539742
51.7,robot3,robot4,2.3281242788126666
51.75,robot1,robot2,1.800583973364336
51.75,robot1,robot3,1.8626520547059373
51.75,robot1,robot4,3.3885262946164736
51.75,robot2,robot3,1.8319413610727964
51.75,robot2,robot4,1.7856790025635207
51.75,robot3,robot4,2.3275540340868566
51.800000000000004,robot1,robot2,1.8013770728029157
51.800000000000004,robot1,robot3,1.8621759422192092
51.800000000000004,robot1,robot4,3.3894838941120518
51.800000000000004,robot2,robot3,1.8324746144904709
51.800000000000004,robot2,robot4,1.7872069971799573
51.800000000000004,robot3,robot4,2.32698412725678
51.85,robot1,robot2,1.8022344620349067
51.85,robot1,robot3,1.8614619545255282
51.85,robot1,robot4,3.3902447386674757
51.85,robot2,robot3,1.8328415547491415
51.85,robot2,robot4,1.7884641921621607
51.85,robot3,robot4,2.326301197065526
51.900000000000006,robot1,robot2,1.8030949202948245
51.900000000000006,robot1,robot3,1.8607502004009029
51.900000000000006,robot1,robot4,3.391005753127677
51.900000000000006,robot2,robot3,1.8332088660610932
51.900000000000006,robot2,robot4,1.7897224952355046
51.900000000000006,robot3,robot4,2.3256187383363165
51.95,robot1,robot2,1.8036616870944786
51.95,robot1,robot3,1.8598379493367156
51.95,robot1,robot4,3.3915319827486883
51.95,robot2,robot3,1.8325804979461338
51.95,robot2,robot4,1.790385545580965
51.95,robot3,robot4,2.3249147856414543
52.0,robot1,robot2,1.8042294531763414
52.0,robot1,robot3,1.8589275983168358
52.0,robot1,robot4,3.3920583522460226
52.0,robot2,robot3,1.831952195804519
52.0,robot2,robot4,1.7910487827094492
52.0,robot3,robot4,2.324211381025831
52.050000000000004,robot1,robot2,1.8046713497422462
52.050000000000004,robot1,robot3,1.857829057107381
52.050000000000004,robot1,robot4,3.392355295389068
52.050000000000004,robot2,robot3,1.8312131458290157
52.050000000000004,robot2,robot4,1.7916354138555226
52.050000000000004,robot3,robot4,2.323361955776209
52.1,robot1,robot2,1.805114333765316
52.1,robot1,robot3,1.8567324290769525
52.1,robot1,robot4,3.39265237386989
52.1,robot2,robot3,1.8304741543810445
52.1,robot2,robot4,1.7922222675103667
52.1,robot3,robot4,2.3225131516099107
52.150000000000006,robot1,robot2,1.80522719937997
52.150000000000006,robot1,robot3,1.8563681940151988
52.150000000000006,robot1,robot4,3.392807633814103
52.150000000000006,robot2,robot3,1.8304010586152968
52.150000000000006,robot2,robot4,1.792627220109775
52.150000000000006,robot3,robot4,2.3222881061023632
52.2,robot1,robot2,1.8053401886846703
52.2,robot1,robot3,1.856004050745849
52.2,robot1,robot4,3.3929629003739494
52.2,robot2,robot3,1.830327963372958
52.2,robot2,robot4,1.7930323283003013
52.2,robot3,robot4,2.322063261414942
52.25,robot1,robot2,1.8055572644325768
52.25,robot1,robot3,1.8553573700832542
52.25,robot1,robot4,3.392876216198471
52.25,robot2,robot3,1.8303306074456875
52.25,robot2,robot4,1.7930282016578827
52.25,robot3,robot4,2.3220684076904363
52.300000000000004,robot1,robot2,1.805774766698494
52.300000000000004,robot1,robot3,1.8547109012209961
52.300000000000004,robot1,robot4,3.392789777174678
52.300000000000004,robot2,robot3,1.830333251525798
52.300000000000004,robot2,robot4,1.7930240750876714
52.300000000000004,robot3,robot4,2.3220735540600344
52.35,robot1,robot2,1.806353562997704
52.35,robot1,robot3,1.8530805587486607
52.35,robot1,robot4,3.392596188255611
52.35,robot2,robot3,1.8303330610209307
52.35,robot2,robot4,1.7930201480398933
52.35,robot3,robot4,2.3220743533972485
52.400000000000006,robot1,robot2,1.806935071070624
52.400000000000006,robot1,robot3,1.8514516105286143
52.400000000000006,robot1,robot4,3.3924041351756724
52.400000000000006,robot2,robot3,1.8303328705216435
52.400000000000006,robot2,robot4,1.793016220992995
52.400000000000006,robot3,robot4,2.322075152735587
52.45,robot1,robot2,1.8074420630972519
52.45,robot1,robot3,1.8498211315263022
52.45,robot1,robot4,3.3921569682571073
52.45,robot2,robot3,1.8303321643386206
52.45,robot2,robot4,1.7930160592399893
52.45,robot3,robot4,2.322075152735587
52.5,robot1,robot2,1.8079516688523507
52.5,robot1,robot3,1.848191911673677
52.5,robot1,robot4,3.3919112531810143
52.5,robot2,robot3,1.830331458155599
52.5,robot2,robot4,1.7930158974872477
52.5,robot3,robot4,2.322075152735587
52.550000000000004,robot1,robot2,1.8083987879509595
52.550000000000004,robot1,robot3,1.8465537714973936
52.550000000000004,robot1,robot4,3.391612174476358
52.550000000000004,robot2,robot3,1.8303354324935224
52.550000000000004,robot2,robot4,1.7930159163491133
52.550000000000004,robot3,robot4,2.3220752810029652
52.6,robot1,robot2,1.8088484581147202
52.6,robot1,robot3,1.8449167784160347
52.6,robot1,robot4,3.3913144836055826
52.6,robot2,robot3,1.8303394068327876
52.6,robot2,robot4,1.7930159352233876
52.6,robot3,robot4,2.3220754092707674
52.650000000000006,robot1,robot2,1.8092892671786898
52.650000000000006,robot1,robot3,1.8432348544364197
52.650000000000006,robot1,robot4,3.39097426909207
52.650000000000006,robot2,robot3,1.8304071153825998
52.650000000000006,robot2,robot4,1.7930095300082762
52.650000000000006,robot3,robot4,2.3221157625295623
52.7,robot1,robot2,1.809732760180906
52.7,robot1,robot3,1.8415540049930657
52.7,robot1,robot4,3.390635481345201
52.7,robot2,robot3,1.8304748244064983
52.7,robot2,robot4,1.7930031252423961
52.7,robot3,robot4,2.3221561159493564
52.75,robot1,robot2,1.810134406041303
52.75,robot1,robot3,1.8396740772297824
52.75,robot1,robot4,3.3902518399040065
52.75,robot2,robot3,1.8298517322281196
52.75,robot2,robot4,1.792970737895351
52.75,robot3,robot4,2.3216202429932955
52.800000000000004,robot1,robot2,1.8105386917075261
52.800000000000004,robot1,robot3,1.8377964417206274
52.800000000000004,robot1,robot4,3.389869649853959
52.800000000000004,robot2,robot3,1.829228653983148
52.800000000000004,robot2,robot4,1.792938350660446
52.800000000000004,robot3,robot4,2.3210844185431942
52.85,robot1,robot2,1.8108916888989386
52.85,robot1,robot3,1.8356776865232225
52.85,robot1,robot4,3.3895759823423712
52.85,robot2,robot3,1.8279419032815294
52.85,robot2,robot4,1.7931420431915037
52.85,robot3,robot4,2.319967084387729
52.900000000000006,robot1,robot2,1.8112473425341444
52.900000000000006,robot1,robot3,1.8335627958812861
52.900000000000006,robot1,robot4,3.3892833843823094
52.900000000000006,robot2,robot3,1.826655205571374
52.900000000000006,robot2,robot4,1.793345763647658
52.900000000000006,robot3,robot4,2.318850248898794
52.95,robot1,robot2,1.8115800318258783
52.95,robot1,robot3,1.8312577423084113
52.95,robot1,robot4,3.38927336063842
52.95,robot2,robot3,1.8253516391551108
52.95,robot2,robot4,1.7940067453390471
52.95,robot3,robot4,2.3178847250813077
53.0,robot1,robot2,1.811915365362301
53.0,robot1,robot3,1.828956255976069
53.0,robot1,robot4,3.389263908806896
53.0,robot2,robot3,1.8240480790247826
53.0,robot2,robot4,1.7946679203231444
53.0,robot3,robot4,2.3169206108291673
53.050000000000004,robot1,robot2,1.812193895910217
53.050000000000004,robot1,robot3,1.8264791126027828
53.050000000000004,robot1,robot4,3.3892988609144887
53.050000000000004,robot2,robot3,1.8227494772998838
53.050000000000004,robot2,robot4,1.7953912445627276
53.050000000000004,robot3,robot4,2.3162283181712677
53.1,robot1,robot2,1.812475071426087
53.1,robot1,robot3,1.8240051713186012
53.1,robot1,robot4,3.389334447785878
53.1,robot2,robot3,1.8214508780996537
53.1,robot2,robot4,1.7961146899162648
53.1,robot3,robot4,2.3155375663065803
53.150000000000006,robot1,robot2,1.8127304789039242
53.150000000000006,robot1,robot3,1.8213766420993902
53.150000000000006,robot1,robot4,3.3894456940539706
53.150000000000006,robot2,robot3,1.8201561752916975
53.150000000000006,robot2,robot4,1.7969053628636793
53.150000000000006,robot3,robot4,2.3151088843437257
53.2,robot1,robot2,1.8129885484608004
53.2,robot1,robot3,1.8187510676422984
53.2,robot1,robot4,3.389557652966534
53.2,robot2,robot3,1.8188615011869376
53.2,robot2,robot4,1.797696102367138
53.2,robot3,robot4,2.3146818730983316
53.25,robot1,robot2,1.8132207377614011
53.25,robot1,robot3,1.8157587479809234
53.25,robot1,robot4,3.3896255478330493
53.25,robot2,robot3,1.8175988609710478
53.25,robot2,robot4,1.7985175614595759
53.25,robot3,robot4,2.3145208607952212
53.300000000000004,robot1,robot2,1.8134562719983078
53.300000000000004,robot1,robot3,1.8127694068670175
53.300000000000004,robot1,robot4,3.3896945141310306
53.300000000000004,robot2,robot3,1.816336304988974
53.300000000000004,robot2,robot4,1.7993390464601164
53.300000000000004,robot3,robot4,2.31436155757414
53.35,robot1,robot2,1.8137882312390412
53.35,robot1,robot3,1.8098913892722954
53.35,robot1,robot4,3.389989252868289
53.35,robot2,robot3,1.815128112546949
53.35,robot2,robot4,1.8001856845909674
53.35,robot3,robot4,2.3144764185868256
53.400000000000006,robot1,robot2,1.8141230114479558
53.400000000000006,robot1,robot3,1.807016014573473
53.400000000000006,robot1,robot4,3.3902850139095975
53.400000000000006,robot2,robot3,1.8139200879669422
53.400000000000006,robot2,robot4,1.8010323269561266
53.400000000000006,robot3,robot4,2.3145929878155687
53.45,robot1,robot2,1.8145926102093826
53.45,robot1,robot3,1.8041131048707144
53.45,robot1,robot4,3.390592369558176
53.45,robot2,robot3,1.8127157062667743
53.45,robot2,robot4,1.801685220147966
53.45,robot3,robot4,2.3148269389681437
53.5,robot1,robot2,1.815064906368089
53.5,robot1,robot3,1.8012128806668024
53.5,robot1,robot4,3.390900985243671
53.5,robot2,robot3,1.8115116058709093
53.5,robot2,robot4,1.8023381153414304
53.5,robot3,robot4,2.3150623623052793
53.550000000000004,robot1,robot2,1.8159675975961824
53.550000000000004,robot1,robot3,1.7983213409560594
53.550000000000004,robot1,robot4,3.3913171724324345
53.550000000000004,robot2,robot3,1.8102945108938076
53.550000000000004,robot2,robot4,1.8026004974037162
53.550000000000004,robot3,robot4,2.3153740957528064
53.6,robot1,robot2,1.8168724312488205
53.6,robot1,robot3,1.7954325919777663
53.6,robot1,robot4,3.391734655041576
53.6,robot2,robot3,1.8090781904539117
53.6,robot2,robot4,1.8028628798380646
53.6,robot3,robot4,2.3156873532517297
53.650000000000006,robot1,robot2,1.8182280911530326
53.650000000000006,robot1,robot3,1.7930874760296134
53.650000000000006,robot1,robot4,3.391871409167991
53.650000000000006,robot2,robot3,1.8081878851831878
53.650000000000006,robot2,robot4,1.8022782242634598
53.650000000000006,robot3,robot4,2.315728329157049
53.7,robot1,robot2,1.8195853296089195
53.7,robot1,robot3,1.790744983285169
53.7,robot1,robot4,3.3920096884627258
53.7,robot2,robot3,1.8072984858160537
53.7,robot2,robot4,1.8016935687360933
53.7,robot3,robot4,2.3157697804367343
53.75,robot1,robot2,1.8210868091154386
53.75,robot1,robot3,1.7887752689073328
53.75,robot1,robot4,3.3922536691027396
53.75,robot2,robot3,1.8067093370078238
53.75,robot2,robot4,1.801122876248106
53.75,robot3,robot4,2.3157861457121856
53.800000000000004,robot1,robot2,1.8225899665544638
53.800000000000004,robot1,robot3,1.7868082051650085
53.800000000000004,robot1,robot4,3.392499224382667
53.800000000000004,robot2,robot3,1.8061207980088152
53.800000000000004,robot2,robot4,1.8005521854881072
53.800000000000004,robot3,robot4,2.3158027370244643
53.85,robot1,robot2,1.8242524466044987
53.85,robot1,robot3,1.7849995085263328
53.85,robot1,robot4,3.392878424002435
53.85,robot2,robot3,1.8055868821167953
53.85,robot2,robot4,1.799985787079512
53.85,robot3,robot4,2.315769983368059
53.900000000000006,robot1,robot2,1.8259166214011529
53.900000000000006,robot1,robot3,1.783193808194723
53.900000000000006,robot1,robot4,3.3932592331739113
53.900000000000006,robot2,robot3,1.805053497285053
53.900000000000006,robot2,robot4,1.7994193940527037
53.900000000000006,robot3,robot4,2.3157374218162126
53.95,robot1,robot2,1.8277262163038805
53.95,robot1,robot3,1.7815495034213895
53.95,robot1,robot4,3.3937616762438183
53.95,robot2,robot3,1.8045631196964267
53.95,robot2,robot4,1.7988492794804267
53.95,robot3,robot4,2.3156483140430133
54.0,robot1,robot2,1.8295374809412897
54.0,robot1,robot3,1.7799085210616863
54.0,robot1,robot4,3.39426573752336
54.0,robot2,robot3,1.8040732035227949
54.0,robot2,robot4,1.7982791754797138
54.0,robot3,robot4,2.3155593688508613
54.050000000000004,robot1,robot2,1.8314568400927445
54.050000000000004,robot1,robot3,1.778425861533803
54.050000000000004,robot1,robot4,3.394863488600536
54.050000000000004,robot2,robot3,1.8036491518857678
54.050000000000004,robot2,robot4,1.7977259289403655
54.050000000000004,robot3,robot4,2.315412015783422
54.1,robot1,robot2,1.8333778930643294
54.1,robot1,robot3,1.776946794597126
54.1,robot1,robot4,3.395462860753597
54.1,robot2,robot3,1.8032254687337355
54.1,robot2,robot4,1.797172701638326
54.1,robot3,robot4,2.3152647906794592
54.150000000000006,robot1,robot2,1.8344941356293567
54.150000000000006,robot1,robot3,1.7760497491469656
54.150000000000006,robot1,robot4,3.3956489751012615
54.150000000000006,robot2,robot3,1.8028629144642419
54.150000000000006,robot2,robot4,1.7966218086634844
54.150000000000006,robot3,robot4,2.3150542693306893
54.2,robot1,robot2,1.8356106831528847
54.2,robot1,robot3,1.775153679027537
54.2,robot1,robot4,3.395835428753284
54.2,robot2,robot3,1.8025006513186066
54.2,robot2,robot4,1.7960709453818913
54.2,robot3,robot4,2.3148438433002347
54.25,robot1,robot2,1.8366456102474562
54.25,robot1,robot3,1.774605082520193
54.25,robot1,robot4,3.3962437514061032
54.25,robot2,robot3,1.80205197822739
54.25,robot2,robot4,1.7957212353484187
54.25,robot3,robot4,2.314571233385246
54.300000000000004,robot1,robot2,1.8376807223198484
54.300000000000004,robot1,robot3,1.774057581435563
54.300000000000004,robot1,robot4,3.396652343277422
54.300000000000004,robot2,robot3,1.8016033936937952
54.300000000000004,robot2,robot4,1.7953715292078127
54.300000000000004,robot3,robot4,2.314298687826833
54.35,robot1,robot2,1.8374438212599862
54.35,robot1,robot3,1.7734533868165947
54.35,robot1,robot4,3.3964281800282485
54.35,robot2,robot3,1.8012460266263601
54.35,robot2,robot4,1.7954587067583871
54.35,robot3,robot4,2.3142197508020383
54.400000000000006,robot1,robot2,1.8372070357071901
54.400000000000006,robot1,robot3,1.7728492760954047
54.400000000000006,robot1,robot4,3.396204096256289
54.400000000000006,robot2,robot3,1.8008886643265876
54.400000000000006,robot2,robot4,1.795545910535289
54.400000000000006,robot3,robot4,2.3141408223571873
54.45,robot1,robot2,1.8377318906285678
54.45,robot1,robot3,1.7727719998393758
54.45,robot1,robot4,3.396662901237956
54.45,robot2,robot3,1.8008901461833398
54.45,robot2,robot4,1.7955766789158574
54.45,robot3,robot4,2.3143267698927588
54.5,robot1,robot2,1.838256843426674
54.5,robot1,robot3,1.772694983577829
54.5,robot1,robot4,3.3971218934917538
54.5,robot2,robot3,1.8008916284776828
54.5,robot2,robot4,1.7956074803258089
54.5,robot3,robot4,2.3145127274139154
54.550000000000004,robot1,robot2,1.8385979237534507
54.550000000000004,robot1,robot3,1.7720234660661947
54.550000000000004,robot1,robot4,3.3971685309982047
54.550000000000004,robot2,robot3,1.8008944632552044
54.550000000000004,robot2,robot4,1.795577371481942
54.550000000000004,robot3,robot4,2.3147047839774837
54.6,robot1,robot2,1.838939516820768
54.6,robot1,robot3,1.7713522902260297
54.6,robot1,robot4,3.3972156579565276
54.6,robot2,robot3,1.8008972980517242
54.6,robot2,robot4,1.7955473025108528
54.6,robot3,robot4,2.314896856684548
54.650000000000006,robot1,robot2,1.8392699821881098
54.650000000000006,robot1,robot3,1.770584677253957
54.650000000000006,robot1,robot4,3.3972230058202313
54.650000000000006,robot2,robot3,1.8008954263369235
54.650000000000006,robot2,robot4,1.7954861627076104
54.650000000000006,robot3,robot4,2.3151419773863218
54.7,robot1,robot2,1.8396010827269045
54.7,robot1,robot3,1.7698174550458587
54.7,robot1,robot4,3.3972310154433125
54.7,robot2,robot3,1.8008935546236484
54.7,robot2,robot4,1.7954251009340378
54.7,robot3,robot4,2.3153871336433136
54.75,robot1,robot2,1.8398150749129654
54.75,robot1,robot3,1.7689776814960811
54.75,robot1,robot4,3.397190699009293
54.75,robot2,robot3,1.8008911057443895
54.75,robot2,robot4,1.7953058641346464
54.75,robot3,robot4,2.3158520335510424
54.800000000000004,robot1,robot2,1.8400297174692588
54.800000000000004,robot1,robot3,1.7681382149255185
54.800000000000004,robot1,robot4,3.3971513394944592
54.800000000000004,robot2,robot3,1.800888656865271
54.800000000000004,robot2,robot4,1.7951869067406325
54.800000000000004,robot3,robot4,2.3163170613180313
54.85,robot1,robot2,1.840189407757324
54.85,robot1,robot3,1.767259960486289
54.85,robot1,robot4,3.397055731463093
54.85,robot2,robot3,1.8008903570593215
54.85,robot2,robot4,1.7950752980306983
54.85,robot3,robot4,2.3167758074412923
54.900000000000006,robot1,robot2,1.84034976818457
54.900000000000006,robot1,robot3,1.766381979441593
54.900000000000006,robot1,robot4,3.3969610578974847
54.900000000000006,robot2,robot3,1.8008920572541265
54.900000000000006,robot2,robot4,1.7949639562478685
54.900000000000006,robot3,robot4,2.31723467591006
54.95,robot1,robot2,1.8404357868864238
54.95,robot1,robot3,1.7654569817302965
54.95,robot1,robot4,3.3968035797394145
54.95,robot2,robot3,1.8008876937850677
54.95,robot2,robot4,1.794851015295211
54.95,robot3,robot4,2.3177118801592336
55.0,robot1,robot2,1.8405224858045066
55.0,robot1,robot3,1.7645322166582846
55.0,robot1,robot4,3.3966470482006224
55.0,robot2,robot3,1.8008833303179304
55.0,robot2,robot4,1.79473836594697
55.0,robot3,robot4,2.3181892146727368
55.050000000000004,robot1,robot2,1.8404814247397676
55.050000000000004,robot1,robot3,1.7635541381737123
55.050000000000004,robot1,robot4,3.3963786685157213
55.050000000000004,robot2,robot3,1.8008807956822823
55.050000000000004,robot2,robot4,1.7946320717716069
55.050000000000004,robot3,robot4,2.3186669022186
55.1,robot1,robot2,1.8404410286093111
55.1,robot1,robot3,1.7625762142013888
55.1,robot1,robot4,3.396111167408172
55.1,robot2,robot3,1.8008782610470924
55.1,robot2,robot4,1.7945260634554738
55.1,robot3,robot4,2.3191447158469867
55.150000000000006,robot1,robot2,1.8404012974569228
55.150000000000006,robot1,robot3,1.7615984449986395
55.150000000000006,robot1,robot4,3.3958445450855996
55.150000000000006,robot2,robot3,1.8008757264123614
55.150000000000006,robot2,robot4,1.794420341049234
55.150000000000006,robot3,robot4,2.3196226554799817
55.2,robot1,robot2,1.84036223132567
55.2,robot1,robot3,1.7606208308233207
55.2,robot1,robot4,3.395578801755012
55.2,robot2,robot3,1.8008731917780882
55.2,robot2,robot4,1.7943149046034257
55.2,robot3,robot4,2.3201007210397133
55.25,robot1,robot2,1.8402286531721062
55.25,robot1,robot3,1.7601458728676438
55.25,robot1,robot4,3.3954165002217422
55.25,robot2,robot3,1.801058181792061
55.25,robot2,robot4,1.7944328922690485
55.25,robot3,robot4,2.3204103922327106
55.300000000000004,robot1,robot2,1.8400956505183366
55.300000000000004,robot1,robot3,1.7596710272425922
55.300000000000004,robot1,robot4,3.395254800000178
55.300000000000004,robot2,robot3,1.8012432833808152
55.300000000000004,robot2,robot4,1.7945510776557043
55.300000000000004,robot3,robot4,2.320720289441028
55.35,robot1,robot2,1.8399632234891614
55.35,robot1,robot3,1.7591962940391273
55.35,robot1,robot4,3.3950937011762377
55.35,robot2,robot3,1.8014284965099574
55.35,robot2,robot4,1.7946694607243314
55.35,robot3,robot4,2.3210304125741357
55.400000000000006,robot1,robot2,1.839831372208877
55.400000000000006,robot1,robot3,1.7587216733482873
55.400000000000006,robot1,robot4,3.3949332038355338
55.400000000000006,robot2,robot3,1.8016138211450865
55.400000000000006,robot2,robot4,1.7947880414358126
55.400000000000006,robot3,robot4,2.321340761541485
55.45,robot1,robot2,1.8395129532191397
55.45,robot1,robot3,1.7594826719152423
55.45,robot1,robot4,3.395126445215443
55.45,robot2,robot3,1.8021285451190767
55.45,robot2,robot4,1.795356963304582
55.45,robot3,robot4,2.3213708892329654
55.5,robot1,robot2,1.8391947273195408
55.5,robot1,robot3,1.7602436925667422
55.5,robot1,robot4,3.395319822990465
55.5,robot2,robot3,1.802644283623644
55.5,robot2,robot4,1.7959260097097542
55.5,robot3,robot4,2.3214015733312925
55.550000000000004,robot1,robot2,1.8387514593856886
55.550000000000004,robot1,robot3,1.760988348064305
55.550000000000004,robot1,robot4,3.395506848133427
55.550000000000004,robot2,robot3,1.803142811074112
55.550000000000004,robot2,robot4,1.7965147145292186
55.550000000000004,robot3,robot4,2.3215823729887877
55.6,robot1,robot2,1.83830834772951
55.6,robot1,robot3,1.7617330068344634
55.6,robot1,robot4,3.395694041921327
55.6,robot2,robot3,1.8036423555954768
55.6,robot2,robot4,1.7971036689517943
55.6,robot3,robot4,2.3217638309668795
55.650000000000006,robot1,robot2,1.8377798836732324
55.650000000000006,robot1,robot3,1.7624830887273784
55.650000000000006,robot1,robot4,3.3959321854164357
55.650000000000006,robot2,robot3,1.8041296884747502
55.650000000000006,robot2,robot4,1.7977882585783704
55.650000000000006,robot3,robot4,2.322040588723257
55.7,robot1,robot2,1.8372515299207128
55.7,robot1,robot3,1.7632331715397145
55.7,robot1,robot4,3.396170449924002
55.7,robot2,robot3,1.804618002462017
55.7,robot2,robot4,1.7984731214407959
55.7,robot3,robot4,2.3223179243835244
55.75,robot1,robot2,1.8366543373588975
55.75,robot1,robot3,1.763975392971583
55.75,robot1,robot4,3.396475562342713
55.75,robot2,robot3,1.8050598618462768
55.75,robot2,robot4,1.7992107107776452
55.75,robot3,robot4,2.322731538150395
55.800000000000004,robot1,robot2,1.836057208155835
55.800000000000004,robot1,robot3,1.764717625059885
55.800000000000004,robot1,robot4,3.396780783748048
55.800000000000004,robot2,robot3,1.805502625452536
55.800000000000004,robot2,robot4,1.799948675152989
55.800000000000004,robot3,robot4,2.323145697731634
55.85,robot1,robot2,1.8354104524861055
55.85,robot1,robot3,1.7654237192969426
55.85,robot1,robot4,3.3971292681867804
55.85,robot2,robot3,1.8059133422737927
55.85,robot2,robot4,1.8007001764291577
55.85,robot3,robot4,2.323708610387821
55.900000000000006,robot1,robot2,1.8347637270242727
55.900000000000006,robot1,robot3,1.7661298491067978
55.900000000000006,robot1,robot4,3.397477855301635
55.900000000000006,robot2,robot3,1.806324826844275
55.900000000000006,robot2,robot4,1.8014521598535445
55.900000000000006,robot3,robot4,2.3242720413981233
55.95,robot1,robot2,1.8340843449498854
55.95,robot1,robot3,1.7667906130753723
55.95,robot1,robot4,3.397889313396958
55.95,robot2,robot3,1.8066989416802401
55.95,robot2,robot4,1.802237218776291
55.95,robot3,robot4,2.3249761004606047
56.0,robot1,robot2,1.8334049729137858
56.0,robot1,robot3,1.7674514453294041
56.0,robot1,robot4,3.3983008590979695
56.0,robot2,robot3,1.807073685436208
56.0,robot2,robot4,1.8030228414174347
56.0,robot3,robot4,2.32568060767273
56.050000000000004,robot1,robot2,1.8327310553333378
56.050000000000004,robot1,robot3,1.768181596613665
56.050000000000004,robot1,robot4,3.3987675342921366
56.050000000000004,robot2,robot3,1.8075795435350834
56.050000000000004,robot2,robot4,1.803829908069633
56.050000000000004,robot3,robot4,2.326544220781114
56.1,robot1,robot2,1.83205714040365
56.1,robot1,robot3,1.7689118998757398
56.1,robot1,robot4,3.3992342820719195
56.1,robot2,robot3,1.8080859610765194
56.1,robot2,robot4,1.8046375594187882
56.1,robot3,robot4,2.3274083333624547
56.150000000000006,robot1,robot2,1.8313733524205953
56.150000000000006,robot1,robot3,1.7705518950457935
56.150000000000006,robot1,robot4,3.399746250886712
56.150000000000006,robot2,robot3,1.809753469691383
56.150000000000006,robot2,robot4,1.805539605016323
56.150000000000006,robot3,robot4,2.3286967941044834
56.2,robot1,robot2,1.8306895714383147
56.2,robot1,robot3,1.7721928570505525
56.2,robot1,robot4,3.4002582801951973
56.2,robot2,robot3,1.8114221541037858
56.2,robot2,robot4,1.806442178297717
56.2,robot3,robot4,2.3299872441335383
56.25,robot1,robot2,1.8299670419696774
56.25,robot1,robot3,1.7741436325678368
56.25,robot1,robot4,3.4009452883953086
56.25,robot2,robot3,1.8135503394533192
56.25,robot2,robot4,1.8076140781773635
56.25,robot3,robot4,2.331568349982957
56.300000000000004,robot1,robot2,1.8292445492552383
56.300000000000004,robot1,robot3,1.7760957464576623
56.300000000000004,robot1,robot4,3.4016323732515543
56.300000000000004,robot2,robot3,1.8156801629992552
56.300000000000004,robot2,robot4,1.8087865395897331
56.300000000000004,robot3,robot4,2.3331521097335255
56.35,robot1,robot2,1.8285694577442908
56.35,robot1,robot3,1.7779880113249498
56.35,robot1,robot4,3.402557435224166
56.35,robot2,robot3,1.8179687247345593
56.35,robot2,robot4,1.8101812582084151
56.35,robot3,robot4,2.3350928348825875
56.400000000000006,robot1,robot2,1.8278944494956484
56.400000000000006,robot1,robot3,1.7798817075760962
56.400000000000006,robot1,robot4,3.4034826234670277
56.400000000000006,robot2,robot3,1.8202588138275835
56.400000000000006,robot2,robot4,1.8115766419682608
56.400000000000006,robot3,robot4,2.3370361477568125
56.45,robot1,robot2,1.8274283844487587
56.45,robot1,robot3,1.7817446589522865
56.45,robot1,robot4,3.40442769614193
56.45,robot2,robot3,1.8226689247831052
56.45,robot2,robot4,1.8128221396240862
56.45,robot3,robot4,2.3390544590894526
56.5,robot1,robot2,1.8269623977742397
56.5,robot1,robot3,1.7836091051797194
56.5,robot1,robot4,3.4053728998576642
56.5,robot2,robot3,1.825080158537975
56.5,robot2,robot4,1.8140681728810524
56.5,robot3,robot4,2.3410753150321755
56.550000000000004,robot1,robot2,1.8268141162987135
56.550000000000004,robot1,robot3,1.7854425725002332
56.550000000000004,robot1,robot4,3.406318419812364
56.550000000000004,robot2,robot3,1.8275097542892897
56.550000000000004,robot2,robot4,1.8149695794677247
56.550000000000004,robot3,robot4,2.343115890245348
56.6,robot1,robot2,1.8266658530119844
56.6,robot1,robot3,1.7872775983895168
56.6,robot1,robot4,3.407264046713286
56.6,robot2,robot3,1.8299399040998587
56.6,robot2,robot4,1.815871394796724
56.6,robot3,robot4,2.3451588487115322
56.650000000000006,robot1,robot2,1.8265536041404586
56.650000000000006,robot1,robot3,1.7890775374929955
56.650000000000006,robot1,robot4,3.408231026041882
56.650000000000006,robot2,robot3,1.8324248584082514
56.650000000000006,robot2,robot4,1.8167769061087276
56.650000000000006,robot3,robot4,2.3472784700611258
56.7,robot1,robot2,1.826441380077116
56.7,robot1,robot3,1.7908790846902536
56.7,robot1,robot4,3.4091981221244683
56.7,robot2,robot3,1.8349102964867248
56.7,robot2,robot4,1.8176828123622117
56.7,robot3,robot4,2.349400442232018
56.75,robot1,robot2,1.826362910247646
56.75,robot1,robot3,1.7926480814851808
56.75,robot1,robot4,3.4101720334405785
56.75,robot2,robot3,1.837443290783215
56.75,robot2,robot4,1.8185987933585022
56.75,robot3,robot4,2.3515522687304338
56.800000000000004,robot1,robot2,1.826284468810103
56.800000000000004,robot1,robot3,1.7944187507293277
56.800000000000004,robot1,robot4,3.4111460423617164
56.800000000000004,robot2,robot3,1.8399766962143844
56.800000000000004,robot2,robot4,1.8195150962805997
56.800000000000004,robot3,robot4,2.353706298478423
56.85,robot1,robot2,1.8262181779634792
56.85,robot1,robot3,1.795096695627425
56.85,robot1,robot4,3.4115298877340208
56.85,robot2,robot3,1.8411207133323038
56.85,robot2,robot4,1.820010783670594
56.85,robot3,robot4,2.35460000895014
56.900000000000006,robot1,robot2,1.826151927861973
56.900000000000006,robot1,robot3,1.7957749149615052
56.900000000000006,robot1,robot4,3.411913753512829
56.900000000000006,robot2,robot3,1.8422648353928381
56.900000000000006,robot2,robot4,1.8205064980164176
56.900000000000006,robot3,robot4,2.3554940753958604
56.95,robot1,robot2,1.826586091735755
56.95,robot1,robot3,1.7963469950725692
56.95,robot1,robot4,3.4124712542995876
56.95,robot2,robot3,1.8423799640156344
56.95,robot2,robot4,1.8206064465755636
56.95,robot3,robot4,2.355490443733799
57.0,robot1,robot2,1.8270202989326636
57.0,robot1,robot3,1.7969190928441934
57.0,robot1,robot4,3.41302877418313
57.0,robot2,robot3,1.8424950951413683
57.0,robot2,robot4,1.820706402684958
57.0,robot3,robot4,2.355486812242854
57.050000000000004,robot1,robot2,1.8277075631917297
57.050000000000004,robot1,robot3,1.7979286619664585
57.050000000000004,robot1,robot4,3.4139563924716807
57.050000000000004,robot2,robot3,1.8425596650464944
57.050000000000004,robot2,robot4,1.8207756867023737
57.050000000000004,robot3,robot4,2.355485561491144
57.1,robot1,robot2,1.8283950800122495
57.1,robot1,robot3,1.7989382647222778
57.1,robot1,robot4,3.414884075646639
57.1,robot2,robot3,1.8426242367843206
57.1,robot2,robot4,1.8208449724345013
57.1,robot3,robot4,2.355484310741424
57.150000000000006,robot1,robot2,1.8289764897508252
57.150000000000006,robot1,robot3,1.8003165979085458
57.150000000000006,robot1,robot4,3.4157459897136677
57.150000000000006,robot2,robot3,1.843217250671296
57.150000000000006,robot2,robot4,1.8209335145071197
57.150000000000006,robot3,robot4,2.3557336682761916
57.2,robot1,robot2,1.8295581913811871
57.2,robot1,robot3,1.8016949705613323
57.2,robot1,robot4,3.4166079987737836
57.2,robot2,robot3,1.8438102837244401
57.2,robot2,robot4,1.8210220587529962
57.2,robot3,robot4,2.3559831176001667
57.25,robot1,robot2,1.8300761913730532
57.25,robot1,robot3,1.8033979397050723
57.25,robot1,robot4,3.4174023472659028
57.25,robot2,robot3,1.8447565246969586
57.25,robot2,robot4,1.8210199537429568
57.25,robot3,robot4,2.3564142190221995
57.300000000000004,robot1,robot2,1.8305946272509381
57.300000000000004,robot1,robot3,1.8051011696434083
57.300000000000004,robot1,robot4,3.418196823253014
57.300000000000004,robot2,robot3,1.8457027946102265
57.300000000000004,robot2,robot4,1.8210178487595887
57.300000000000004,robot3,robot4,2.356845639604978
57.35,robot1,robot2,1.8310103409479288
57.35,robot1,robot3,1.8067473670335044
57.35,robot1,robot4,3.418884397084523
57.35,robot2,robot3,1.8466340029741277
57.35,robot2,robot4,1.8209806865582758
57.35,robot3,robot4,2.3572940750921383
57.400000000000006,robot1,robot2,1.8314265474839553
57.400000000000006,robot1,robot3,1.8083939347304836
57.400000000000006,robot1,robot4,3.4195721272827395
57.400000000000006,robot2,robot3,1.84756522760118
57.400000000000006,robot2,robot4,1.8209435243570844
57.400000000000006,robot3,robot4,2.357742816535552
57.45,robot1,robot2,1.8317307593394423
57.45,robot1,robot3,1.809953024958659
57.45,robot1,robot4,3.4201413798478053
57.45,robot2,robot3,1.8484974101113179
57.45,robot2,robot4,1.8209146065823625
57.45,robot3,robot4,2.3581813664901285
57.5,robot1,robot2,1.8320354669339782
57.5,robot1,robot3,1.811512601687882
57.5,robot1,robot4,3.420710836397897
57.5,robot2,robot3,1.8494296018659373
57.5,robot2,robot4,1.8208856910179727
57.5,robot3,robot4,2.358620171609664
57.550000000000004,robot1,robot2,1.8322704690703417
57.550000000000004,robot1,robot3,1.8131191001220108
57.550000000000004,robot1,robot4,3.421924381368801
57.550000000000004,robot2,robot3,1.850369892757932
57.550000000000004,robot2,robot4,1.8212847955886802
57.550000000000004,robot3,robot4,2.359947992876644
57.6,robot1,robot2,1.8325060807628988
57.6,robot1,robot3,1.8147262230543206
57.6,robot1,robot4,3.423137969002272
57.6,robot2,robot3,1.851310190621226
57.6,robot2,robot4,1.8216841782405644
57.6,robot3,robot4,2.361276182528846
57.650000000000006,robot1,robot2,1.8327313304525845
57.650000000000006,robot1,robot3,1.8162301320009673
57.650000000000006,robot1,robot4,3.4242689811695946
57.650000000000006,robot2,robot3,1.852250900073813
57.650000000000006,robot2,robot4,1.8219951282323041
57.650000000000006,robot3,robot4,2.3626589485984852
57.7,robot1,robot2,1.8329571250547572
57.7,robot1,robot3,1.8177346743708227
57.7,robot1,robot4,3.4254000073395807
57.7,robot2,robot3,1.8531916112957667
57.7,robot2,robot4,1.8223064285067427
57.7,robot3,robot4,2.364042154290824
57.75,robot1,robot2,1.8332086401924494
57.75,robot1,robot3,1.819203409555196
57.75,robot1,robot4,3.4264363555479185
57.75,robot2,robot3,1.8541335096249136
57.75,robot2,robot4,1.8224922204981424
57.75,robot3,robot4,2.3653889594523876
57.800000000000004,robot1,robot2,1.8334606623639353
57.800000000000004,robot1,robot3,1.8206727435146053
57.800000000000004,robot1,robot4,3.427472706776817
57.800000000000004,robot2,robot3,1.855075408640037
57.800000000000004,robot2,robot4,1.8226783925904209
57.800000000000004,robot3,robot4,2.366736298128078
57.85,robot1,robot2,1.833663163533041
57.85,robot1,robot3,1.822138718017923
57.85,robot1,robot4,3.4284161212287594
57.85,robot2,robot3,1.8560281775603518
57.85,robot2,robot4,1.822785998295535
57.85,robot3,robot4,2.368090054901048
57.900000000000006,robot1,robot2,1.8338661769551232
57.900000000000006,robot1,robot3,1.8236053467175952
57.900000000000006,robot1,robot4,3.4293595358820284
57.900000000000006,robot2,robot3,1.8569809476892865
57.900000000000006,robot2,robot4,1.8228940553858306
57.900000000000006,robot3,robot4,2.3694444677991506
57.95,robot1,robot2,1.8341944987183068
57.95,robot1,robot3,1.8251927053574373
57.95,robot1,robot4,3.430212568851237
57.95,robot2,robot3,1.8581158007143959
57.95,robot2,robot4,1.8228313300584067
57.95,robot3,robot4,2.3707335603279
58.0,robot1,robot2,1.8345233000128398
58.0,robot1,robot3,1.8267807585271418
58.0,robot1,robot4,3.4310656018393177
58.0,robot2,robot3,1.8592506546705851
58.0,robot2,robot4,1.822768958388583
58.0,robot3,robot4,2.3720235339852764
58.050000000000004,robot1,robot2,1.834852491580522
58.050000000000004,robot1,robot3,1.828071887672501
58.050000000000004,robot1,robot4,3.431825585497681
58.050000000000004,robot2,robot3,1.859765196228075
58.050000000000004,robot2,robot4,1.8225960170469073
58.050000000000004,robot3,robot4,2.372849370686011
58.1,robot1,robot2,1.8351821600617744
58.1,robot1,robot3,1.8293631994530226
58.1,robot1,robot4,3.4325855710325706
58.1,robot2,robot3,1.8602797398455964
58.1,robot2,robot4,1.8224234600004467
58.1,robot3,robot4,2.373675712619565
58.150000000000006,robot1,robot2,1.8352501019698242
58.150000000000006,robot1,robot3,1.82985103953259
58.150000000000006,robot1,robot4,3.4327197227476933
58.150000000000006,robot2,robot3,1.8606466402265236
58.150000000000006,robot2,robot4,1.8221056374193154
58.150000000000006,robot3,robot4,2.3742991381973124
58.2,robot1,robot2,1.835318065430622
58.2,robot1,robot3,1.8303389279980362
58.2,robot1,robot4,3.432854042417912
58.2,robot2,robot3,1.861013547190079
58.2,robot2,robot4,1.8217882267225791
58.2,robot3,robot4,2.3749231163964026
58.25,robot1,robot2,1.8355084327417976
58.25,robot1,robot3,1.8309542538027812
58.25,robot1,robot4,3.433184642740796
58.25,robot2,robot3,1.8611464338671069
58.25,robot2,robot4,1.8216394152614288
58.25,robot3,robot4,2.3751666829195903
58.300000000000004,robot1,robot2,1.8356989213182537
58.300000000000004,robot1,robot3,1.8315695921304767
58.300000000000004,robot1,robot4,3.433515243241247
58.300000000000004,robot2,robot3,1.8612793218885768
58.300000000000004,robot2,robot4,1.821490680616566
58.300000000000004,robot3,robot4,2.3754103487652403
58.35,robot1,robot2,1.8359257113386969
58.35,robot1,robot3,1.8322897482117835
58.35,robot1,robot4,3.4339578026753985
58.35,robot2,robot3,1.8613179989583994
58.35,robot2,robot4,1.8215027476504808
58.35,robot3,robot4,2.375413406886526
58.400000000000006,robot1,robot2,1.8361527320538997
58.400000000000006,robot1,robot3,1.8330099146935894
58.400000000000006,robot1,robot4,3.434400450613906
58.400000000000006,robot2,robot3,1.8613566763594773
58.400000000000006,robot2,robot4,1.8215148147989355
58.400000000000006,robot3,robot4,2.3754164653146614
58.45,robot1,robot2,1.8364071282704442
58.45,robot1,robot3,1.8337090441955344
58.45,robot1,robot4,3.434850317079916
58.45,robot2,robot3,1.8614076902239876
58.45,robot2,robot4,1.8215149251264728
58.45,robot3,robot4,2.3754394769188503
58.5,robot1,robot2,1.8366617286155336
58.5,robot1,robot3,1.8344081803298307
58.5,robot1,robot4,3.4353002521353213
58.5,robot2,robot3,1.8614587042403063
58.5,robot2,robot4,1.8215150354586702
58.5,robot3,robot4,2.375462489632282
58.550000000000004,robot1,robot2,1.836910921921161
58.550000000000004,robot1,robot3,1.83508011135788
58.550000000000004,robot1,robot4,3.43575370963101
58.550000000000004,robot2,robot3,1.861457453078098
58.550000000000004,robot2,robot4,1.8215342109915202
58.550000000000004,robot3,robot4,2.3754411360382095
58.6,robot1,robot2,1.8371603348564873
58.6,robot1,robot3,1.835752046991641
58.6,robot1,robot4,3.4362072590078148
58.6,robot2,robot3,1.8614562019257934
58.6,robot2,robot4,1.8215533877139038
58.6,robot3,robot4,2.375419783419343
58.650000000000006,robot1,robot2,1.8374303134373728
58.650000000000006,robot1,robot3,1.8364090280259768
58.650000000000006,robot1,robot4,3.436521741178717
58.650000000000006,robot2,robot3,1.8614497863927528
58.650000000000006,robot2,robot4,1.8211926459112069
58.650000000000006,robot3,robot4,2.3756177867162918
58.7,robot1,robot2,1.8377004966770973
58.7,robot1,robot3,1.837066011082958
58.7,robot1,robot4,3.436836230525103
58.7,robot2,robot3,1.8614433708943443
58.7,robot2,robot4,1.8208320705370526
58.7,robot3,robot4,2.375815950845362
58.75,robot1,robot2,1.8379708844854052
58.75,robot1,robot3,1.8377229961604151
58.75,robot1,robot4,3.437150727045004
58.75,robot2,robot3,1.861436955430569
58.75,robot2,robot4,1.8204716616903331
58.75,robot3,robot4,2.376014275766312
58.800000000000004,robot1,robot2,1.8382414767720263
58.800000000000004,robot1,robot3,1.8383799832561822
58.800000000000004,robot1,robot4,3.437465230736451
58.800000000000004,robot2,robot3,1.861430540001426
58.800000000000004,robot2,robot4,1.8201114194699728
58.800000000000004,robot3,robot4,2.376212761438883
58.85,robot1,robot2,1.838515773013112
58.85,robot1,robot3,1.839054035284513
58.85,robot1,robot4,3.437598200409263
58.85,robot2,robot3,1.8614350923127163
58.85,robot2,robot4,1.819508041522488
58.85,robot3,robot4,2.376353572085234
58.900000000000006,robot1,robot2,1.838790274938662
58.900000000000006,robot1,robot3,1.839728089511056
58.900000000000006,robot1,robot4,3.437731207190289
58.900000000000006,robot2,robot3,1.8614396446248265
58.900000000000006,robot2,robot4,1.818904914706923
58.900000000000006,robot3,robot4,2.376494723241354
58.95,robot1,robot2,1.839084724299699
58.95,robot1,robot3,1.8403877106485609
58.95,robot1,robot4,3.437751347338111
58.95,robot2,robot3,1.8614388684324958
58.95,robot2,robot4,1.8182010686836865
58.95,robot3,robot4,2.3765048319162427
59.0,robot1,robot2,1.8393793686689541
59.0,robot1,robot3,1.8410473325857213
59.0,robot1,robot4,3.437771518767645
59.0,robot2,robot3,1.8614380922700597
59.0,robot2,robot4,1.8174974111081974
59.0,robot3,robot4,2.376515288947454
59.050000000000004,robot1,robot2,1.8396608380204895
59.050000000000004,robot1,robot3,1.8417058831760431
59.050000000000004,robot1,robot4,3.437712368570304
59.050000000000004,robot2,robot3,1.8614365980227474
59.050000000000004,robot2,robot4,1.8167640536629954
59.050000000000004,robot3,robot4,2.376414348366568
59.1,robot1,robot2,1.8399425004167926
59.1,robot1,robot3,1.8423644347804808
59.1,robot1,robot4,3.4376532341271715
59.1,robot2,robot3,1.8614351037777277
59.1,robot2,robot4,1.8160308207134042
59.1,robot3,robot4,2.3763137253437305
59.150000000000006,robot1,robot2,1.840235645397757
59.150000000000006,robot1,robot3,1.8430308489773712
59.150000000000006,robot1,robot4,3.4374845414634594
59.150000000000006,robot2,robot3,1.8614342465580809
59.150000000000006,robot2,robot4,1.8151954656053573
59.150000000000006,robot3,robot4,2.376092713241847
59.2,robot1,robot2,1.8405289895315422
59.2,robot1,robot3,1.8436972641475062
59.2,robot1,robot4,3.43731585901005
59.2,robot2,robot3,1.861433389353753
59.2,robot2,robot4,1.814360196867204
59.2,robot3,robot4,2.375872036469347
59.25,robot1,robot2,1.8408833441589936
59.25,robot1,robot3,1.8445050823731823
59.25,robot1,robot4,3.43718050363612
59.25,robot2,robot3,1.8614376018697216
59.25,robot2,robot4,1.8135024731985478
59.25,robot3,robot4,2.375539267954174
59.300000000000004,robot1,robot2,1.841237983612656
59.300000000000004,robot1,robot3,1.8453129018887287
59.300000000000004,robot1,robot4,3.437045148319847
59.300000000000004,robot2,robot3,1.8614418143860956
59.300000000000004,robot2,robot4,1.8126447900371985
59.300000000000004,robot3,robot4,2.3752067955110774
59.35,robot1,robot2,1.84149750093538
59.35,robot1,robot3,1.846196756529826
59.35,robot1,robot4,3.4368880058028153
59.35,robot2,robot3,1.8612562054280706
59.35,robot2,robot4,1.811746856982233
59.35,robot3,robot4,2.374772494046219
59.400000000000006,robot1,robot2,1.8417575105776005
59.400000000000006,robot1,robot3,1.847080613710728
59.400000000000006,robot1,robot4,3.436730871439601
59.400000000000006,robot2,robot3,1.86107059678052
59.400000000000006,robot2,robot4,1.8108489940867516
59.400000000000006,robot3,robot4,2.3743384597045134
59.45,robot1,robot2,1.8416319862845156
59.45,robot1,robot3,1.8470977201340757
59.45,robot1,robot4,3.4359051278774055
59.45,robot2,robot3,1.8608183325497547
59.45,robot2,robot4,1.8099052275776764
59.45,robot3,robot4,2.37380003146395
59.5,robot1,robot2,1.8415064925391929
59.5,robot1,robot3,1.84711482659525
59.5,robot1,robot4,3.4350794163345046
59.5,robot2,robot3,1.8605660683189942
59.5,robot2,robot4,1.8089615083503021
59.5,robot3,robot4,2.3732618249441
59.550000000000004,robot1,robot2,1.8414036808606769
59.550000000000004,robot1,robot3,1.8470992707557707
59.550000000000004,robot1,robot4,3.4341889911124936
59.550000000000004,robot2,robot3,1.8603111313651945
59.550000000000004,robot2,robot4,1.8079738079410883
59.550000000000004,robot3,robot4,2.3726298915404502
59.6,robot1,robot2,1.8413008977168832
59.6,robot1,robot3,1.8470837149219845
59.6,robot1,robot4,3.4332985835528493
59.6,robot2,robot3,1.8600561953255605
59.6,robot2,robot4,1.80698612345668
59.6,robot3,robot4,2.3719981376864525
59.650000000000006,robot1,robot2,1.8412589724492856
59.650000000000006,robot1,robot3,1.8470749366404302
59.650000000000006,robot1,robot4,3.432394876887892
59.650000000000006,robot2,robot3,1.8598210358809393
59.650000000000006,robot2,robot4,1.8059714553353965
59.650000000000006,robot3,robot4,2.3712888165478705
59.7,robot1,robot2,1.8412170798069956
59.7,robot1,robot3,1.8470661583627697
59.7,robot1,robot4,3.4314911745474443
59.7,robot2,robot3,1.8595858813601485
59.7,robot2,robot4,1.804956787474426
59.7,robot3,robot4,2.3705796271950033
59.75,robot1,robot2,1.8412250609032021
59.75,robot1,robot3,1.8470770572705542
59.75,robot1,robot4,3.430562510115688
59.75,robot2,robot3,1.8593661939758532
59.75,robot2,robot4,1.8039060238599598
59.75,robot3,robot4,2.3697827977975114
59.800000000000004,robot1,robot2,1.8412330799420806
59.800000000000004,robot1,robot3,1.8470879561785898
59.800000000000004,robot1,robot4,3.429633845715895
59.800000000000004,robot2,robot3,1.8591465156530833
59.800000000000004,robot2,robot4,1.8028552667701863
59.800000000000004,robot3,robot4,2.368986071379061
59.85,robot1,robot2,1.8412816110938868
59.85,robot1,robot3,1.8470973771293842
59.85,robot1,robot4,3.428504698398779
59.85,robot2,robot3,1.8589533738516009
59.85,robot2,robot4,1.8015997743366863
59.85,robot3,robot4,2.3680030203720706
59.900000000000006,robot1,robot2,1.841330176553081
59.900000000000006,robot1,robot3,1.8471067980972298
59.900000000000006,robot1,robot4,3.4273755511052473
59.900000000000006,robot2,robot3,1.8587602453296659
59.900000000000006,robot2,robot4,1.8003443115840367
59.900000000000006,robot3,robot4,2.3670201100998276
59.95,robot1,robot2,1.841421599905152
59.95,robot1,robot3,1.847104308962071
59.95,robot1,robot4,3.426080696538867
59.95,robot2,robot3,1.8585996606269193
59.95,robot2,robot4,1.7989001207988173
59.95,robot3,robot4,2.365917550432918
60.0,robot1,robot2,1.8415130543246225
60.0,robot1,robot3,1.8471018198291071
60.0,robot1,robot4,3.424785842026476
60.0,robot2,robot3,1.8584390979313796
60.0,robot2,robot4,1.7974559812738113
60.0,robot3,robot4,2.3648151822890937
60.050000000000004,robot1,robot2,1.8420068917122026
60.050000000000004,robot1,robot3,1.8471025608028646
60.050000000000004,robot1,robot4,3.420910186203958
60.050000000000004,robot2,robot3,1.8582022596575027
60.050000000000004,robot2,robot4,1.7930215369192444
60.050000000000004,robot3,robot4,2.3615706540441463
60.1,robot1,robot2,1.8425009075940777
60.1,robot1,robot3,1.8471033018675485
60.1,robot1,robot4,3.417034535943264
60.1,robot2,robot3,1.8579657010163024
60.1,robot2,robot4,1.7885877320841712
60.1,robot3,robot4,2.3583280145020113
60.150000000000006,robot1,robot2,1.842574699546157
60.150000000000006,robot1,robot3,1.8471029405698551
60.150000000000006,robot1,robot4,3.4165980306104564
60.150000000000006,robot2,robot3,1.8579693684246086
60.150000000000006,robot2,robot4,1.788088437236824
60.150000000000006,robot3,robot4,2.3579656677580263
60.2,robot1,robot2,1.842648492300176
60.2,robot1,robot3,1.847102579272166
60.2,robot1,robot4,3.4161615254346507
60.2,robot2,robot3,1.85797303958343
60.2,robot2,robot4,1.7875891542283362
60.2,robot3,robot4,2.3576033462430774
60.25,robot1,robot2,1.8427222858560375
60.25,robot1,robot3,1.8471022179744816
60.25,robot1,robot4,3.4157250204159078
60.25,robot2,robot3,1.8579767144927435
60.25,robot2,robot4,1.7870898830686301
60.25,robot3,robot4,2.3572410499687977
60.300000000000004,robot1,robot2,1.8427960802136458
60.300000000000004,robot1,robot3,1.8471018566768018
60.300000000000004,robot1,robot4,3.4152885155542863
60.300000000000004,robot2,robot3,1.8579803931525276
60.300000000000004,robot2,robot4,1.7865906237676399
60.300000000000004,robot3,robot4,2.356878778946828
60.35,robot1,robot2,1.8428698753729047
60.35,robot1,robot3,1.8471014953791267
60.35,robot1,robot4,3.4148520108498484
60.35,robot2,robot3,1.8579840755627606
60.35,robot2,robot4,1.78609137633531
60.35,robot3,robot4,2.356516533188813
60.400000000000006,robot1,robot2,1.8429436713337173
60.400000000000006,robot1,robot3,1.847101134081456
60.400000000000006,robot1,robot4,3.4144155063026527
60.400000000000006,robot2,robot3,1.857987761723419
60.400000000000006,robot2,robot4,1.7855921407815951
60.400000000000006,robot3,robot4,2.356154312706406
60.45,robot1,robot2,1.8431863476926311
60.45,robot1,robot3,1.8471013011587913
60.45,robot1,robot4,3.4131161066606346
60.45,robot2,robot3,1.8580395961574663
60.45,robot2,robot4,1.784091509739691
60.45,robot3,robot4,2.355102670916122
60.5,robot1,robot2,1.8434290277482883
60.5,robot1,robot3,1.8471014682374651
60.5,robot1,robot4,3.411816711155656
60.5,robot2,robot3,1.8580914647632392
60.5,robot2,robot4,1.782590980666064
60.5,robot3,robot4,2.3540512816950274
60.550000000000004,robot1,robot2,1.843538384406804
60.550000000000004,robot1,robot3,1.8471015410681946
60.550000000000004,robot1,robot4,3.4105138770562125
60.550000000000004,robot2,robot3,1.8581302384171703
60.550000000000004,robot2,robot4,1.7812220173364828
60.550000000000004,robot3,robot4,2.353008777589344
60.6,robot1,robot2,1.843647741413744
60.6,robot1,robot3,1.847101613923013
60.6,robot1,robot4,3.4092110480609734
60.6,robot2,robot3,1.8581690186549231
60.6,robot2,robot4,1.7798531330559273
60.6,robot3,robot4,2.3519665362789497
60.650000000000006,robot1,robot2,1.8436566969520791
60.650000000000006,robot1,robot3,1.8471031262201496
60.650000000000006,robot1,robot4,3.4078937288032103
60.650000000000006,robot2,robot3,1.8581824427694122
60.650000000000006,robot2,robot4,1.778571289896753
60.650000000000006,robot3,robot4,2.3509037787290445
60.7,robot1,robot2,1.843665652564206
60.7,robot1,robot3,1.847104638519973
60.7,robot1,robot4,3.4065764147442814
60.7,robot2,robot3,1.858195866884059
60.7,robot2,robot4,1.7772895133750721
60.7,robot3,robot4,2.3498412893967964
60.75,robot1,robot2,1.843661023050943
60.75,robot1,robot3,1.8466525588334828
60.75,robot1,robot4,3.405266524581666
60.75,robot2,robot3,1.8578290170719423
60.75,robot2,robot4,1.7760000020693272
60.75,robot3,robot4,2.348803315950114
60.800000000000004,robot1,robot2,1.8436563935397505
60.800000000000004,robot1,robot3,1.8462004923249802
60.800000000000004,robot1,robot4,3.4039566440496856
60.800000000000004,robot2,robot3,1.8574622185027074
60.800000000000004,robot2,robot4,1.7747105343041154
60.800000000000004,robot3,robot4,2.3477653955174054
60.85,robot1,robot2,1.8441130535703336
60.85,robot1,robot3,1.8447355554736022
60.85,robot1,robot4,3.402692828843429
60.85,robot2,robot3,1.8563895572319944
60.85,robot2,robot4,1.7730398099411075
60.85,robot3,robot4,2.3467114770495323
60.900000000000006,robot1,robot2,1.8445697195004587
60.900000000000006,robot1,robot3,1.8432707818508378
60.900000000000006,robot1,robot4,3.401429024586578
60.900000000000006,robot2,robot3,1.8553180075461457
60.900000000000006,robot2,robot4,1.771369208733741
60.900000000000006,robot3,robot4,2.3456577954008977
60.95,robot1,robot2,1.8450562384250648
60.95,robot1,robot3,1.8417597171475029
60.95,robot1,robot4,3.4003775821165796
60.95,robot2,robot3,1.854344563070871
60.95,robot2,robot4,1.769805504532984
60.95,robot3,robot4,2.3450196722267065
61.0,robot1,robot2,1.8455427806900062
61.0,robot1,robot3,1.8402487096743199
61.0,robot1,robot4,3.399326151795382
61.0,robot2,robot3,1.8533726209354124
61.0,robot2,robot4,1.768241859857695
61.0,robot3,robot4,2.3443818368913374
61.050000000000004,robot1,robot2,1.845984607240808
61.050000000000004,robot1,robot3,1.8387068033573215
61.050000000000004,robot1,robot4,3.3988489411314307
61.050000000000004,robot2,robot3,1.8524466560126638
61.050000000000004,robot2,robot4,1.7672026484733576
61.050000000000004,robot3,robot4,2.344409048990438
61.1,robot1,robot2,1.8464264807787503
61.1,robot1,robot3,1.8371649081516879
61.1,robot1,robot4,3.398371740336392
61.1,robot2,robot3,1.8515224288484868
61.1,robot2,robot4,1.7661634384552296
61.1,robot3,robot4,2.3444367844249925
61.150000000000006,robot1,robot2,1.846800021377856
61.150000000000006,robot1,robot3,1.8356207572029277
61.150000000000006,robot1,robot4,3.3979162751892886
61.150000000000006,robot2,robot3,1.8506677664358073
61.150000000000006,robot2,robot4,1.7651302132415045
61.150000000000006,robot3,robot4,2.3446971684045894
61.2,robot1,robot2,1.8471736338113967
61.2,robot1,robot3,1.834076607403573
61.2,robot1,robot4,3.3974608281279712
61.2,robot2,robot3,1.8498149906704184
61.2,robot2,robot4,1.764096995723308
61.2,robot3,robot4,2.344957984544073
61.25,robot1,robot2,1.847491811728539
61.25,robot1,robot3,1.8325461529487463
61.25,robot1,robot4,3.397038197461025
61.25,robot2,robot3,1.849048172838461
61.25,robot2,robot4,1.7630787210335366
61.25,robot3,robot4,2.3454451555878473
61.300000000000004,robot1,robot2,1.847810087300099
61.300000000000004,robot1,robot3,1.831015726829783
61.300000000000004,robot1,robot4,3.396615594232736
61.300000000000004,robot2,robot3,1.8482833730210309
61.300000000000004,robot2,robot4,1.7620604858917301
61.300000000000004,robot3,robot4,2.34593267529761
61.35,robot1,robot2,1.848027385109322
61.35,robot1,robot3,1.82952556304032
61.35,robot1,robot4,3.396245155294336
61.35,robot2,robot3,1.8476037328658979
61.35,robot2,robot4,1.7611121393787648
61.35,robot3,robot4,2.346662337115259
61.400000000000006,robot1,robot2,1.8482448076507614
61.400000000000006,robot1,robot3,1.828035493583754
61.400000000000006,robot1,robot4,3.3958747561669584
61.400000000000006,robot2,robot3,1.8469261134160186
61.400000000000006,robot2,robot4,1.7601639069188981
61.400000000000006,robot3,robot4,2.3473922585188016
61.45,robot1,robot2,1.8483985282975368
61.45,robot1,robot3,1.8266101084301625
61.45,robot1,robot4,3.395576539286554
61.45,robot2,robot3,1.8463727071058136
61.45,robot2,robot4,1.7592995455365894
61.45,robot3,robot4,2.348347507024461
61.5,robot1,robot2,1.848552388990369
61.5,robot1,robot3,1.8251849113032357
61.5,robot1,robot4,3.395278372077465
61.5,robot2,robot3,1.8458212996617522
61.5,robot2,robot4,1.7584353732375266
61.5,robot3,robot4,2.349302944211751
61.550000000000004,robot1,robot2,1.8485974850765243
61.550000000000004,robot1,robot3,1.823842537431343
61.550000000000004,robot1,robot4,3.3950233307655635
61.550000000000004,robot2,robot3,1.8453989560307145
61.550000000000004,robot2,robot4,1.757671104982741
61.550000000000004,robot3,robot4,2.350461650587497
61.6,robot1,robot2,1.8486427287123384
61.6,robot1,robot3,1.8225004834635847
61.6,robot1,robot4,3.3947683511339917
61.6,robot2,robot3,1.8449784685448232
61.6,robot2,robot4,1.7569071283121371
61.6,robot3,robot4,2.351620469018757
61.650000000000006,robot1,robot2,1.8486300805758842
61.650000000000006,robot1,robot3,1.8211833861235667
61.650000000000006,robot1,robot4,3.394552844021028
61.650000000000006,robot2,robot3,1.8450512968984087
61.650000000000006,robot2,robot4,1.7564906258059707
61.650000000000006,robot3,robot4,2.352969559006502
61.7,robot1,robot2,1.84861743379451
61.7,robot1,robot3,1.819866718395883
61.7,robot1,robot4,3.3943374281544254
61.7,robot2,robot3,1.8451255066265815
61.7,robot2,robot4,1.7560742625484265
61.7,robot3,robot4,2.354318712703316
61.75,robot1,robot2,1.8483132490345084
61.75,robot1,robot3,1.8178165939800555
61.75,robot1,robot4,3.3936547022822605
61.75,robot2,robot3,1.8454942038313884
61.75,robot2,robot4,1.755805831804018
61.75,robot3,robot4,2.3558383205774645
61.800000000000004,robot1,robot2,1.8480095013016034
61.800000000000004,robot1,robot3,1.81576689083208
61.800000000000004,robot1,robot4,3.39297243927268
61.800000000000004,robot2,robot3,1.8458641066408439
61.800000000000004,robot2,robot4,1.7555375105024105
61.800000000000004,robot3,robot4,2.3573579550102273
61.85,robot1,robot2,1.847698901817677
61.85,robot1,robot3,1.813790029028305
61.85,robot1,robot4,3.392336698839349
61.85,robot2,robot3,1.8464067984846269
61.85,robot2,robot4,1.7553310604636665
61.85,robot3,robot4,2.359028398817244
61.900000000000006,robot1,robot2,1.8473887936836686
61.900000000000006,robot1,robot3,1.8118137020135376
61.900000000000006,robot1,robot4,3.391701468295964
61.900000000000006,robot2,robot3,1.8469506237904685
61.900000000000006,robot2,robot4,1.7551247390043252
61.900000000000006,robot3,robot4,2.3606988485499376
61.95,robot1,robot2,1.8470579021883016
61.95,robot1,robot3,1.8099189419004373
61.95,robot1,robot4,3.391095563390466
61.95,robot2,robot3,1.8475545584965143
61.95,robot2,robot4,1.7550564069200882
61.95,robot3,robot4,2.3622636768799756
62.0,robot1,robot2,1.8467274395440707
62.0,robot1,robot3,1.808024830759799
62.0,robot1,robot4,3.3904899118158425
62.0,robot2,robot3,1.8481596111864904
62.0,robot2,robot4,1.7549880938456535
62.0,robot3,robot4,2.3638285602363385
62.050000000000004,robot1,robot2,1.8463820217081972
62.050000000000004,robot1,robot3,1.8061443260064378
62.050000000000004,robot1,robot4,3.389877975342033
62.050000000000004,robot2,robot3,1.848652381006229
62.050000000000004,robot2,robot4,1.755003361340442
62.050000000000004,robot3,robot4,2.3651480808064114
62.1,robot1,robot2,1.8460370520268548
62.1,robot1,robot3,1.8042643092975597
62.1,robot1,robot4,3.3892661994952533
62.1,robot2,robot3,1.849146107355771
62.1,robot2,robot4,1.755018628838167
62.1,robot3,robot4,2.366467730573988
62.150000000000006,robot1,robot2,1.8456704748119312
62.150000000000006,robot1,robot3,1.8026067899752847
62.150000000000006,robot1,robot4,3.388618027296711
62.150000000000006,robot2,robot3,1.8492802071726446
62.150000000000006,robot2,robot4,1.7550177626805519
62.150000000000006,robot3,robot4,2.3671866227216327
62.2,robot1,robot2,1.8453043566528529
62.2,robot1,robot3,1.800949361760347
62.2,robot1,robot4,3.3879700229184437
62.2,robot2,robot3,1.8494146971398815
62.2,robot2,robot4,1.7550168965431643
62.2,robot3,robot4,2.367905609602925
62.25,robot1,robot2,1.8449133333371652
62.25,robot1,robot3,1.799244875988605
62.25,robot1,robot4,3.387313026748635
62.25,robot2,robot3,1.8494524258785356
62.25,robot2,robot4,1.7550214695738766
62.25,robot3,robot4,2.368573073374611
62.300000000000004,robot1,robot2,1.844522735377637
62.300000000000004,robot1,robot3,1.7975404664735644
62.300000000000004,robot1,robot4,3.386656177756756
62.300000000000004,robot2,robot3,1.8494905637145056
62.300000000000004,robot2,robot4,1.7550260426047815
62.300000000000004,robot3,robot4,2.3692406724526744
62.35,robot1,robot2,1.8441137151494345
62.35,robot1,robot3,1.795759105613626
62.35,robot1,robot4,3.38597879507466
62.35,robot2,robot3,1.8493905900518959
62.35,robot2,robot4,1.7550248603393057
62.35,robot3,robot4,2.369816403277372
62.400000000000006,robot1,robot2,1.8437051258560841
62.400000000000006,robot1,robot3,1.7939777828872352
62.400000000000006,robot1,robot4,3.385301564837762
62.400000000000006,robot2,robot3,1.8492910208187894
62.400000000000006,robot2,robot4,1.7550236781664799
62.400000000000006,robot3,robot4,2.3703923134084786
62.45,robot1,robot2,1.8432968221565673
62.45,robot1,robot3,1.7921574697779767
62.45,robot1,robot4,3.38461839303377
62.45,robot2,robot3,1.8490874244665936
62.45,robot2,robot4,1.7550237192975486
62.45,robot3,robot4,2.3708723382570605
62.5,robot1,robot2,1.8428889504281043
62.5,robot1,robot3,1.790337171659294
62.5,robot1,robot4,3.3839353660022824
62.5,robot2,robot3,1.848884219507809
62.5,robot2,robot4,1.7550237604582453
62.5,robot3,robot4,2.3713525891532874
62.550000000000004,robot1,robot2,1.8424446057212276
62.550000000000004,robot1,robot3,1.788506502964135
62.550000000000004,robot1,robot4,3.3832370548340975
62.550000000000004,robot2,robot3,1.8485460023162124
62.550000000000004,robot2,robot4,1.7550280482300704
62.550000000000004,robot3,robot4,2.3717162563347456
62.6,robot1,robot2,1.8420006586331614
62.6,robot1,robot3,1.7866758372511227
62.6,robot1,robot4,3.382538872589197
62.6,robot2,robot3,1.8482081346498829
62.6,robot2,robot4,1.7550323360040976
62.6,robot3,robot4,2.3720801909956584
62.650000000000006,robot1,robot2,1.8415552938949458
62.650000000000006,robot1,robot3,1.7848211386464612
62.650000000000006,robot1,robot4,3.3818251285394694
62.650000000000006,robot2,robot3,1.847764933764912
62.650000000000006,robot2,robot4,1.7550294230839834
62.650000000000006,robot3,robot4,2.3723282338203644
62.7,robot1,robot2,1.8411103460045517
62.7,robot1,robot3,1.7829664415938962
62.7,robot1,robot4,3.381111521055909
62.7,robot2,robot3,1.847322038824038
62.7,robot2,robot4,1.755026510163878
62.7,robot3,robot4,2.372576569710027
62.75,robot1,robot2,1.8406362714100388
62.75,robot1,robot3,1.7811453205757806
62.75,robot1,robot4,3.3803892753477744
62.75,robot2,robot3,1.8467708832349101
62.75,robot2,robot4,1.755028302621499
62.75,robot3,robot4,2.3727025114588742
62.800000000000004,robot1,robot2,1.8401625749248351
62.800000000000004,robot1,robot3,1.7793242100488595
62.800000000000004,robot1,robot4,3.3796671470761734
62.800000000000004,robot2,robot3,1.8462199778206279
62.800000000000004,robot2,robot4,1.7550300950809932
62.800000000000004,robot3,robot4,2.372828769631724
62.85,robot1,robot2,1.839648142736132
62.85,robot1,robot3,1.7774622949913732
62.85,robot1,robot4,3.3788870249831153
62.85,robot2,robot3,1.8455800421153508
62.85,robot2,robot4,1.7550359106355202
62.85,robot3,robot4,2.372827563558138
62.900000000000006,robot1,robot2,1.8391341545596935
62.900000000000006,robot1,robot3,1.7756004174346207
62.900000000000006,robot1,robot4,3.3781070397962525
62.900000000000006,robot2,robot3,1.8449402920880664
62.900000000000006,robot2,robot4,1.7550417261914317
62.900000000000006,robot3,robot4,2.37282667698275
62.95,robot1,robot2,1.8387267542614916
62.95,robot1,robot3,1.7740107676810335
62.95,robot1,robot4,3.37748830298996
62.95,robot2,robot3,1.8442182426069456
62.95,robot2,robot4,1.755039241155878
62.95,robot3,robot4,2.372697463350785
63.0,robot1,robot2,1.8383196161755988
63.0,robot1,robot3,1.7724211935228602
63.0,robot1,robot4,3.3768696455144664
63.0,robot2,robot3,1.8434963274498273
63.0,robot2,robot4,1.7550367561225035
63.0,robot3,robot4,2.3725685666386966
63.050000000000004,robot1,robot2,1.838341097407728
63.050000000000004,robot1,robot3,1.7718959201138902
63.050000000000004,robot1,robot4,3.3768929359680993
63.050000000000004,robot2,robot3,1.8428804668271355
63.050000000000004,robot2,robot4,1.755006994749024
63.050000000000004,robot3,robot4,2.3723982024788755
63.1,robot1,robot2,1.8383625818714326
63.1,robot1,robot3,1.771370716773313
63.1,robot1,robot4,3.376916226924204
63.1,robot2,robot3,1.842264672304444
63.1,robot2,robot4,1.7549772335004805
63.1,robot3,robot4,2.3722280200103025
63.150000000000006,robot1,robot2,1.8382716521565845
63.150000000000006,robot1,robot3,1.7713896751633307
63.150000000000006,robot1,robot4,3.376918183389146
63.150000000000006,robot2,robot3,1.8424159906509305
63.150000000000006,robot2,robot4,1.7551971672431137
63.150000000000006,robot3,robot4,2.3722195284140546
63.2,robot1,robot2,1.838180750983156
63.2,robot1,robot3,1.7714086335572037
63.2,robot1,robot4,3.376920139857767
63.2,robot2,robot3,1.842567334678437
63.2,robot2,robot4,1.755417109143579
63.2,robot3,robot4,2.3722110368906897
63.25,robot1,robot2,1.8373438198157823
63.25,robot1,robot3,1.7714108288447659
63.25,robot1,robot4,3.3775620707399296
63.25,robot2,robot3,1.8436913068885068
63.25,robot2,robot4,1.757971322023272
63.25,robot3,robot4,2.372606036289316
63.300000000000004,robot1,robot2,1.836508785957203
63.300000000000004,robot1,robot3,1.7714130241377926
63.300000000000004,robot1,robot4,3.3782040314340103
63.300000000000004,robot2,robot3,1.8448168670838307
63.300000000000004,robot2,robot4,1.7605260614307876
63.300000000000004,robot3,robot4,2.373001184256763
63.35,robot1,robot2,1.8357451058238585
63.35,robot1,robot3,1.7714068324138585
63.35,robot1,robot4,3.3793694731979955
63.35,robot2,robot3,1.8459467819661677
63.35,robot2,robot4,1.7636166712435701
63.35,robot3,robot4,2.373680938890692
63.400000000000006,robot1,robot2,1.8349832632122287
63.400000000000006,robot1,robot3,1.7714006407171135
63.400000000000006,robot1,robot4,3.380535042283248
63.400000000000006,robot2,robot3,1.847078132123815
63.400000000000006,robot2,robot4,1.766707983275675
63.400000000000006,robot3,robot4,2.3743612574079793
63.45,robot1,robot2,1.8342585853459294
63.45,robot1,robot3,1.7714146154266794
63.45,robot1,robot4,3.3815851508955457
63.45,robot2,robot3,1.84824657807772
63.45,robot2,robot4,1.7697199220533462
63.45,robot3,robot4,2.3748652934734005
63.5,robot1,robot2,1.8335357431612835
63.5,robot1,robot3,1.7714285901452533
63.5,robot1,robot4,3.3826354571443256
63.5,robot2,robot3,1.849416420420777
63.5,robot2,robot4,1.772732847619178
63.5,robot3,robot4,2.3753699530325796
63.550000000000004,robot1,robot2,1.832851649062261
63.550000000000004,robot1,robot3,1.7714189439856542
63.550000000000004,robot1,robot4,3.383579130162172
63.550000000000004,robot2,robot3,1.8506062867213275
63.550000000000004,robot2,robot4,1.7756719650592139
63.550000000000004,robot3,robot4,2.3757264638798907
63.6,robot1,robot2,1.8321694386723624
63.6,robot1,robot3,1.7714092978408464
63.6,robot1,robot4,3.3845230574215326
63.6,robot2,robot3,1.851797483048295
63.6,robot2,robot4,1.7786123467998864
63.6,robot3,robot4,2.376083669219794
63.650000000000006,robot1,robot2,1.831526186720927
63.650000000000006,robot1,robot3,1.7714209623040624
63.650000000000006,robot1,robot4,3.385339104228482
63.650000000000006,robot2,robot3,1.8530294334800108
63.650000000000006,robot2,robot4,1.781450825834101
63.650000000000006,robot3,robot4,2.376270782029112
63.7,robot1,robot2,1.8308848327912381
63.7,robot1,robot3,1.7714326267673854
63.7,robot1,robot4,3.386155472936823
63.7,robot2,robot3,1.8542626873744184
63.7,robot2,robot4,1.784290881446464
63.7,robot3,robot4,2.376458606165906
63.75,robot1,robot2,1.830172767330246
63.75,robot1,robot3,1.7714287142868606
63.75,robot1,robot4,3.386838035313654
63.75,robot2,robot3,1.855662909309568
63.75,robot2,robot4,1.7872617090550842
63.75,robot3,robot4,2.3764880275812983
63.800000000000004,robot1,robot2,1.8294631556792829
63.800000000000004,robot1,robot3,1.7714248018067265
63.800000000000004,robot1,robot4,3.387520979373117
63.800000000000004,robot2,robot3,1.8570647562398037
63.800000000000004,robot2,robot4,1.7902346604635389
63.800000000000004,robot3,robot4,2.3765181931794674
63.85,robot1,robot2,1.8287256077088219
63.85,robot1,robot3,1.77149367124928
63.85,robot1,robot4,3.388065235325355
63.85,robot2,robot3,1.8579924958269478
63.85,robot2,robot4,1.7929536949573601
63.85,robot3,robot4,2.376072336172554
63.900000000000006,robot1,robot2,1.8279899441003498
63.900000000000006,robot1,robot3,1.7715625963620367
63.900000000000006,robot1,robot4,3.3886099227175737
63.900000000000006,robot2,robot3,1.858922047447122
63.900000000000006,robot2,robot4,1.7956746196346376
63.900000000000006,robot3,robot4,2.375627252158259
63.95,robot1,robot2,1.8273479337669933
63.95,robot1,robot3,1.7717349716877102
63.95,robot1,robot4,3.389010964020698
63.95,robot2,robot3,1.859027590141214
63.95,robot2,robot4,1.797608765315746
63.95,robot3,robot4,2.374825110762106
64.0,robot1,robot2,1.8267063862443795
64.0,robot1,robot3,1.7719074718918026
64.0,robot1,robot4,3.3894125134875517
64.0,robot2,robot3,1.859134214733299
64.0,robot2,robot4,1.7995439157742164
64.0,robot3,robot4,2.3740237107644906
64.05,robot1,robot2,1.825903826518048
64.05,robot1,robot3,1.7721375259514285
64.05,robot1,robot4,3.389755590372631
64.05,robot2,robot3,1.8591479842106438
64.05,robot2,robot4,1.8015030553804927
64.05,robot3,robot4,2.373173150383522
64.10000000000001,robot1,robot2,1.8251016437078234
64.10000000000001,robot1,robot3,1.7723676810913134
64.10000000000001,robot1,robot4,3.3900992143080413
64.10000000000001,robot2,robot3,1.8591630161688348
64.10000000000001,robot2,robot4,1.8034630397712623
64.10000000000001,robot3,robot4,2.3723232720961533
64.15,robot1,robot2,1.8241680359852406
64.15,robot1,robot3,1.7726644959366253
64.15,robot1,robot4,3.390535014984582
64.15,robot2,robot3,1.8590383047974024
64.15,robot2,robot4,1.8054873120382904
64.15,robot3,robot4,2.371585359845867
64.2,robot1,robot2,1.8232346845011478
64.2,robot1,robot3,1.7729614008866632
64.2,robot1,robot4,3.390971313115167
64.2,robot2,robot3,1.8589149888776517
64.2,robot2,robot4,1.8075120765145665
64.2,robot3,robot4,2.370848048074781
64.25,robot1,robot2,1.8221965931963817
64.25,robot1,robot3,1.7733161704593177
64.25,robot1,robot4,3.391532742464423
64.25,robot2,robot3,1.8586522733047728
64.25,robot2,robot4,1.809588777204161
64.25,robot3,robot4,2.3702743424298482
64.3,robot1,robot2,1.821158643780931
64.3,robot1,robot3,1.7736710127066972
64.3,robot1,robot4,3.392094615892811
64.3,robot2,robot3,1.8583909963993046
64.3,robot2,robot4,1.8116656964144904
64.3,robot3,robot4,2.3697011716976046
64.35000000000001,robot1,robot2,1.820043774704471
64.35000000000001,robot1,robot3,1.7740641031758126
64.35000000000001,robot1,robot4,3.3927766575482465
64.35000000000001,robot2,robot3,1.8580120766944708
64.35000000000001,robot2,robot4,1.8137640723223214
64.35000000000001,robot3,robot4,2.3693180369999403
64.4,robot1,robot2,1.8189289619773499
64.4,robot1,robot3,1.7744572399829754
64.4,robot1,robot4,3.3934591003932844
64.4,robot2,robot3,1.8576345296101704
64.4,robot2,robot4,1.815862510769469
64.4,robot3,robot4,2.3689353888871683
64.45,robot1,robot2,1.8177744849222908
64.45,robot1,robot3,1.7748916788408524
64.45,robot1,robot4,3.3942473776117885
64.45,robot2,robot3,1.8571242668534595
64.45,robot2,robot4,1.8179172495672073
64.45,robot3,robot4,2.368722404599154
64.5,robot1,robot2,1.8166200149161629
64.5,robot1,robot3,1.7753261497003867
64.5,robot1,robot4,3.3950359948065354
64.5,robot2,robot3,1.8566152681737806
64.5,robot2,robot4,1.8199719889300494
64.5,robot3,robot4,2.3685098351820284
64.55,robot1,robot2,1.8154025706823957
64.55,robot1,robot3,1.7759831498196288
64.55,robot1,robot4,3.3959775033201045
64.55,robot2,robot3,1.8560143063031602
64.55,robot2,robot4,1.821976570299547
64.55,robot3,robot4,2.36850086371158
64.60000000000001,robot1,robot2,1.8141851915284175
64.60000000000001,robot1,robot3,1.7766401500036526
64.60000000000001,robot1,robot4,3.3969194783640373
64.60000000000001,robot2,robot3,1.855414417063746
64.60000000000001,robot2,robot4,1.8239811809873483
64.60000000000001,robot3,robot4,2.368492261855208
64.65,robot1,robot2,1.8139400189435706
64.65,robot1,robot3,1.7774161074560595
64.65,robot1,robot4,3.398024910069451
64.65,robot2,robot3,1.8554153873812866
64.65,robot2,robot4,1.825375148952264
64.65,robot3,robot4,2.3686681445933386
64.7,robot1,robot2,1.8136949299738916
64.7,robot1,robot3,1.7781920687732244
64.7,robot1,robot4,3.3991307875445154
64.7,robot2,robot3,1.8554165719042717
64.7,robot2,robot4,1.8267691667274222
64.7,robot3,robot4,2.3688443369079786
64.75,robot1,robot2,1.8137181602086085
64.75,robot1,robot3,1.7786792371021398
64.75,robot1,robot4,3.4003653339807474
64.75,robot2,robot3,1.8554945223285488
64.75,robot2,robot4,1.828061826683797
64.75,robot3,robot4,2.3693446631377313
64.8,robot1,robot2,1.8137414600865802
64.8,robot1,robot3,1.7791664166516294
64.8,robot1,robot4,3.4016002395162483
64.8,robot2,robot3,1.8555724836249328
64.8,robot2,robot4,1.8293545511092157
64.8,robot3,robot4,2.3698454672290343
64.85000000000001,robot1,robot2,1.8138046087885267
64.85000000000001,robot1,robot3,1.7799884238669925
64.85000000000001,robot1,robot4,3.4029485494272467
64.85000000000001,robot2,robot3,1.8558020069449759
64.85000000000001,robot2,robot4,1.8306906902758044
64.85000000000001,robot3,robot4,2.37033814514438
64.9,robot1,robot2,1.8138678204767293
64.9,robot1,robot3,1.7808104347069065
64.9,robot1,robot4,3.4042971414994017
64.9,robot2,robot3,1.8560316334033748
64.9,robot2,robot4,1.832026857325514
64.9,robot3,robot4,2.3708310390519185
64.95,robot1,robot2,1.813989156151781
64.95,robot1,robot3,1.7835833298114363
64.95,robot1,robot4,3.4057009534024343
64.95,robot2,robot3,1.857256434161018
64.95,robot2,robot4,1.8333656572162575
64.95,robot3,robot4,2.370713503623434
65.0,robot1,robot2,1.8141105526075307
65.0,robot1,robot3,1.7863562264996307
65.0,robot1,robot4,3.4071050316431397
65.0,robot2,robot3,1.8584835857149775
65.0,robot2,robot4,1.834704484547307
65.0,robot3,robot4,2.370596490314199
65.05,robot1,robot2,1.8142736555316703
65.05,robot1,robot3,1.7891098204160778
65.05,robot1,robot4,3.4078302689663476
65.05,robot2,robot3,1.85966898058512
65.05,robot2,robot4,1.8352426096832537
65.05,robot3,robot4,2.370023126745918
65.10000000000001,robot1,robot2,1.8144368108581241
65.10000000000001,robot1,robot3,1.7918634150339148
65.10000000000001,robot1,robot4,3.4085555879781393
65.10000000000001,robot2,robot3,1.8608567286586037
65.10000000000001,robot2,robot4,1.8357807419869074
65.10000000000001,robot3,robot4,2.369451085493009
65.15,robot1,robot2,1.8146386731871031
65.15,robot1,robot3,1.7945951038934245
65.15,robot1,robot4,3.408821838304988
65.15,robot2,robot3,1.8620008918013438
65.15,robot2,robot4,1.8357622416694517
65.15,robot3,robot4,2.3685668977496177
65.2,robot1,robot2,1.8148405768937392
65.2,robot1,robot3,1.797326802604913
65.2,robot1,robot4,3.409088098716283
65.2,robot2,robot3,1.8631474348386925
65.2,robot2,robot4,1.8357437414021056
65.2,robot3,robot4,2.3676848351681015
65.25,robot1,robot2,1.815084436944601
65.25,robot1,robot3,1.800048173816051
65.25,robot1,robot4,3.409399995756585
65.25,robot2,robot3,1.8642582823053249
65.25,robot2,robot4,1.8357403768029126
65.25,robot3,robot4,2.3667825856450144
65.3,robot1,robot2,1.815328330768294
65.3,robot1,robot3,1.802769572435701
65.3,robot1,robot4,3.409711899067281
65.3,robot2,robot3,1.865371534456876
65.3,robot2,robot4,1.835737012214168
65.3,robot3,robot4,2.3658824134654286
65.35000000000001,robot1,robot2,1.8153744514730976
65.35000000000001,robot1,robot3,1.8052323630863287
65.35000000000001,robot1,robot4,3.4097759791553024
65.35000000000001,robot2,robot3,1.8664645180839896
65.35000000000001,robot2,robot4,1.8357383495501887
65.35000000000001,robot3,robot4,2.364962096892094
65.4,robot1,robot2,1.81542057372307
65.4,robot1,robot3,1.8076951693471441
65.4,robot1,robot4,3.409840059531385
65.4,robot2,robot3,1.8675599442695274
65.4,robot2,robot4,1.8357396868886398
65.4,robot3,robot4,2.364043855573327
65.45,robot1,robot2,1.8165125742350368
65.45,robot1,robot3,1.8111868054053677
65.45,robot1,robot4,3.4110937291001333
65.45,robot2,robot3,1.8686299542243512
65.45,robot2,robot4,1.8357428839794667
65.45,robot3,robot4,2.3630824695617902
65.5,robot1,robot2,1.8176048076578695
65.5,robot1,robot3,1.8146788388100525
65.5,robot1,robot4,3.4123474130647953
65.5,robot2,robot3,1.8697024642744633
65.5,robot2,robot4,1.8357460810910098
65.5,robot3,robot4,2.362123146215074
65.55,robot1,robot2,1.8191601337758174
65.55,robot1,robot3,1.8184783567876193
65.55,robot1,robot4,3.413787423945763
65.55,robot2,robot3,1.870080232975647
65.55,robot2,robot4,1.8348958270948246
65.55,robot3,robot4,2.3609901936279303
65.60000000000001,robot1,robot2,1.8207169698912573
65.60000000000001,robot1,robot3,1.8222785533888617
65.60000000000001,robot1,robot4,3.415227445673421
65.60000000000001,robot2,robot3,1.8704594464550681
65.60000000000001,robot2,robot4,1.834045726377889
65.60000000000001,robot3,robot4,2.3598595709664587
65.65,robot1,robot2,1.8225386207859222
65.65,robot1,robot3,1.8252245868500678
65.65,robot1,robot4,3.4166703153930804
65.65,robot2,robot3,1.870396117015123
65.65,robot2,robot4,1.8329914579582742
65.65,robot3,robot4,2.358870260418162
65.7,robot1,robot2,1.82436169662844
65.7,robot1,robot3,1.8281715624615213
65.7,robot1,robot4,3.4181131871150785
65.7,robot2,robot3,1.870333139464197
65.7,robot2,robot4,1.8319372890481267
65.7,robot3,robot4,2.3578819881421125
65.75,robot1,robot2,1.8263975927571192
65.75,robot1,robot3,1.83094207467208
65.75,robot1,robot4,3.419562524316707
65.75,robot2,robot3,1.8701870419464732
65.75,robot2,robot4,1.830802467099127
65.75,robot3,robot4,2.3567449079345115
65.8,robot1,robot2,1.8284345611098582
65.8,robot1,robot3,1.8337140432741958
65.8,robot1,robot4,3.421011864871123
65.8,robot2,robot3,1.870041246176137
65.8,robot2,robot4,1.8296676978347737
65.8,robot3,robot4,2.355608723948016
65.85000000000001,robot1,robot2,1.8306511982543947
65.85000000000001,robot1,robot3,1.836314921551312
65.85000000000001,robot1,robot4,3.4224710786413524
65.85000000000001,robot2,robot3,1.8698395733613753
65.85000000000001,robot2,robot4,1.828508860041222
65.85000000000001,robot3,robot4,2.354329141208701
65.9,robot1,robot2,1.8328685718736084
65.9,robot1,robot3,1.83891783212981
65.9,robot1,robot4,3.4239303126239298
65.9,robot2,robot3,1.869638181347664
65.9,robot2,robot4,1.8273500372564095
65.9,robot3,robot4,2.353050301291921
65.95,robot1,robot2,1.835231596589447
65.95,robot1,robot3,1.8412954892762325
65.95,robot1,robot4,3.425369031175547
65.95,robot2,robot3,1.869373933127412
65.95,robot2,robot4,1.8261988889992924
65.95,robot3,robot4,2.3516111685009706
66.0,robot1,robot2,1.8375950620909385
66.0,robot1,robot3,1.8436757983693879
66.0,robot1,robot4,3.4268077883145125
66.0,robot2,robot3,1.8691099326626028
66.0,robot2,robot4,1.8250477415152733
66.0,robot3,robot4,2.3501725633433814
66.05,robot1,robot2,1.8400680517731542
66.05,robot1,robot3,1.8458126595953612
66.05,robot1,robot4,3.428212052608911
66.05,robot2,robot3,1.8688019233699569
66.05,robot2,robot4,1.8239800265858863
66.05,robot3,robot4,2.3485298571307327
66.10000000000001,robot1,robot2,1.8425412488587611
66.10000000000001,robot1,robot3,1.8479527836351777
66.10000000000001,robot1,robot4,3.4296163480560042
66.10000000000001,robot2,robot3,1.868494135628207
66.10000000000001,robot2,robot4,1.8229123851938136
66.10000000000001,robot3,robot4,2.346887414600453
66.15,robot1,robot2,1.845084236012072
66.15,robot1,robot3,1.849845492288816
66.15,robot1,robot4,3.4310026467046773
66.15,robot2,robot3,1.8681410868242794
66.15,robot2,robot4,1.8219286127072185
66.15,robot3,robot4,2.3451439629616018
66.2,robot1,robot2,1.8476272888807959
66.2,robot1,robot3,1.8517420344059807
66.2,robot1,robot4,3.432388990787757
66.2,robot2,robot3,1.867788238303529
66.2,robot2,robot4,1.8209450103284286
66.2,robot3,robot4,2.3434006396297242
66.25,robot1,robot2,1.850197922019763
66.25,robot1,robot3,1.8533254020960537
66.25,robot1,robot4,3.4337397403331615
66.25,robot2,robot3,1.8673929695153213
66.25,robot2,robot4,1.8200763865689815
66.25,robot3,robot4,2.341603725481801
66.3,robot1,robot2,1.8527685555405995
66.3,robot1,robot3,1.8549131792534117
66.3,robot1,robot4,3.4350905675408328
66.3,robot2,robot3,1.8669978795767284
66.3,robot2,robot4,1.8192080439509937
66.3,robot3,robot4,2.3398068514507777
66.35000000000001,robot1,robot2,1.8552611875383613
66.35000000000001,robot1,robot3,1.856177563333988
66.35000000000001,robot1,robot4,3.4363502476249788
66.35000000000001,robot2,robot3,1.8665606899030232
66.35000000000001,robot2,robot4,1.8184781628456526
66.35000000000001,robot3,robot4,2.3379824040625814
66.4,robot1,robot2,1.8577538524855761
66.4,robot1,robot3,1.8574466061628798
66.4,robot1,robot4,3.4376100196312263
66.4,robot2,robot3,1.866123658678867
66.4,robot2,robot4,1.8177486880957996
66.4,robot3,robot4,2.3361579579611047
66.45,robot1,robot2,1.858873300758419
66.45,robot1,robot3,1.8578332058282978
66.45,robot1,robot4,3.437578629089086
66.45,robot2,robot3,1.8656877355656947
66.45,robot2,robot4,1.8171362331010024
66.45,robot3,robot4,2.334339341695472
66.5,robot1,robot2,1.8599928302402136
66.5,robot1,robot3,1.8582214858312773
66.5,robot1,robot4,3.437547238554985
66.5,robot2,robot3,1.8652519203180036
66.5,robot2,robot4,1.816524372351772
66.5,robot3,robot4,2.3325207440831046
66.55,robot1,robot2,1.8611368147519407
66.55,robot1,robot3,1.8583992864256191
66.55,robot1,robot4,3.437545852512407
66.55,robot2,robot3,1.8648277416520942
66.55,robot2,robot4,1.815976838268938
66.55,robot3,robot4,2.3308379448781933
66.60000000000001,robot1,robot2,1.8622809182701197
66.60000000000001,robot1,robot3,1.8585786916506923
66.60000000000001,robot1,robot4,3.437544466487088
66.60000000000001,robot2,robot3,1.8644036008871574
66.60000000000001,robot2,robot4,1.8154299762769701
66.60000000000001,robot3,robot4,2.3291552173305234
66.65,robot1,robot2,1.8633381859288185
66.65,robot1,robot3,1.8585710132115616
66.65,robot1,robot4,3.437545852512407
66.65,robot2,robot3,1.8637530344794206
66.65,robot2,robot4,1.814887753720943
66.65,robot3,robot4,2.3275326348410235
66.7,robot1,robot2,1.8643955255591556
66.7,robot1,robot3,1.8585649360711074
66.7,robot1,robot4,3.437547238554985
66.7,robot2,robot3,1.8631024764097115
66.7,robot2,robot4,1.8143460639563775
66.7,robot3,robot4,2.325910207557033
66.75,robot1,robot2,1.8645457266589762
66.75,robot1,robot3,1.8583690017811991
66.75,robot1,robot4,3.437556142706981
66.75,robot2,robot3,1.8615903416027115
66.75,robot2,robot4,1.8142420759251645
66.75,robot3,robot4,2.3243707383518335
66.8,robot1,robot2,1.8646959277592687
66.8,robot1,robot3,1.8581746578370937
66.8,robot1,robot4,3.4375650468604952
66.8,robot2,robot3,1.8600783732676427
66.8,robot2,robot4,1.8141380929039002
66.8,robot3,robot4,2.3228315275613514
66.85000000000001,robot1,robot2,1.8648397634888099
66.85000000000001,robot1,robot3,1.8577891813596612
66.85000000000001,robot1,robot4,3.4375638361734095
66.85000000000001,robot2,robot3,1.8584980058154488
66.85000000000001,robot2,robot4,1.8140290765592073
66.85000000000001,robot3,robot4,2.321383627043632
66.9,robot1,robot2,1.8649835992270816
66.9,robot1,robot3,1.857405223442639
66.9,robot1,robot4,3.437562625496443
66.9,robot2,robot3,1.8569177133696582
66.9,robot2,robot4,1.813920065582825
66.9,robot3,robot4,2.31993611138626
66.95,robot1,robot2,1.8651311422849735
66.95,robot1,robot3,1.856844062024057
66.95,robot1,robot4,3.4375570179098123
66.95,robot2,robot3,1.8552652874422702
66.95,robot2,robot4,1.8137831473716064
66.95,robot3,robot4,2.31859238667451
67.0,robot1,robot2,1.8652786859890402
67.0,robot1,robot3,1.8562843370346043
67.0,robot1,robot4,3.4375514103282883
67.0,robot2,robot3,1.853612878325191
67.0,robot2,robot4,1.8136462325373712
67.0,robot3,robot4,2.3172491781183133
67.05,robot1,robot2,1.865428125570173
67.05,robot1,robot3,1.8555480667534594
67.05,robot1,robot4,3.4375535188195254
67.05,robot2,robot3,1.8519135105795979
67.05,robot2,robot4,1.8134956172520103
67.05,robot3,robot4,2.3160457567304236
67.10000000000001,robot1,robot2,1.8655775670268981
67.10000000000001,robot1,robot3,1.8548131145260967
67.10000000000001,robot1,robot4,3.437555627317179
67.10000000000001,robot2,robot3,1.8502141432169406
67.10000000000001,robot2,robot4,1.813345003357607
67.10000000000001,robot3,robot4,2.314842992462771
67.15,robot1,robot2,1.8657045271540855
67.15,robot1,robot3,1.8539098053209062
67.15,robot1,robot4,3.437550226783203
67.15,robot2,robot3,1.848480178095034
67.15,robot2,robot4,1.8131894823310661
67.15,robot3,robot4,2.3137794591793424
67.2,robot1,robot2,1.8658314910540557
67.2,robot1,robot3,1.853007663814157
67.2,robot1,robot4,3.4375448262492525
67.2,robot2,robot3,1.8467462376712724
67.2,robot2,robot4,1.813033961626202
67.2,robot3,robot4,2.312716726718817
67.25,robot1,robot2,1.8659506607537213
67.25,robot1,robot3,1.8519511248600757
67.25,robot1,robot4,3.4375512168345943
67.25,robot2,robot3,1.8450061950002363
67.25,robot2,robot4,1.8128826973773704
67.25,robot3,robot4,2.3118172401776267
67.3,robot1,robot2,1.8660698364091308
67.3,robot1,robot3,1.8508955939144707
67.3,robot1,robot4,3.437557607427838
67.3,robot2,robot3,1.843266241702484
67.3,robot2,robot4,1.8127314331342632
67.3,robot3,robot4,2.310918701527382
67.35000000000001,robot1,robot2,1.8661723864105508
67.35000000000001,robot1,robot3,1.8494538873614148
67.35000000000001,robot1,robot4,3.4374625073895717
67.35000000000001,robot2,robot3,1.8415352237067037
67.35000000000001,robot2,robot4,1.812574471712059
67.35000000000001,robot3,robot4,2.3101865255420932
67.4,robot1,robot2,1.8662749500395166
67.4,robot1,robot3,1.8480132311812596
67.4,robot1,robot4,3.4373674287129967
67.4,robot2,robot3,1.8398043913465367
67.4,robot2,robot4,1.8124175108208374
67.4,robot3,robot4,2.309455406379608
67.45,robot1,robot2,1.8663112164821947
67.45,robot1,robot3,1.8463377143199589
67.45,robot1,robot4,3.437201425161064
67.45,robot2,robot3,1.8381054070336933
67.45,robot2,robot4,1.812273291323635
67.45,robot3,robot4,2.3089003375292103
67.5,robot1,robot2,1.8663475149092679
67.5,robot1,robot3,1.8446630763638112
67.5,robot1,robot4,3.4370354564272394
67.5,robot2,robot3,1.836406729868958
67.5,robot2,robot4,1.8121290735623663
67.5,robot3,robot4,2.308346432392244
67.55,robot1,robot2,1.8662826437402913
67.55,robot1,robot3,1.8428529254121855
67.55,robot1,robot4,3.436817558642043
67.55,robot2,robot3,1.8348227543914153
67.55,robot2,robot4,1.812060787588126
67.55,robot3,robot4,2.3079773861084516
67.60000000000001,robot1,robot2,1.8662178215730874
67.60000000000001,robot1,robot3,1.841043394073317
67.60000000000001,robot1,robot4,3.4365996902422316
67.60000000000001,robot2,robot3,1.8332391783032564
67.60000000000001,robot2,robot4,1.8119925022935388
67.60000000000001,robot3,robot4,2.307609577579795
67.65,robot1,robot2,1.8660654181320921
67.65,robot1,robot3,1.839144876033696
67.65,robot1,robot4,3.436333267280438
67.65,robot2,robot3,1.831811045908529
67.65,robot2,robot4,1.8119918174487573
67.65,robot3,robot4,2.3074261146375306
67.7,robot1,robot2,1.8659130822728587
67.7,robot1,robot3,1.8372467464717415
67.7,robot1,robot4,3.4360668676991724
67.7,robot2,robot3,1.8303833985577993
67.7,robot2,robot4,1.8119911326154443
67.7,robot3,robot4,2.307243900384396
67.75,robot1,robot2,1.865721604997983
67.75,robot1,robot3,1.8344274963072946
67.75,robot1,robot4,3.4357678879417914
67.75,robot2,robot3,1.8281703761248567
67.75,robot2,robot4,1.8119753509731442
67.75,robot3,robot4,2.3070507286048674
67.8,robot1,robot2,1.8655301800984083
67.8,robot1,robot3,1.8316089968003542
67.8,robot1,robot4,3.4354689254522444
67.8,robot2,robot3,1.82595872501708
67.8,robot2,robot4,1.8119595694302895
67.8,robot3,robot4,2.3068607004749984
67.85000000000001,robot1,robot2,1.8652837828759463
67.85000000000001,robot1,robot3,1.8283228438415902
67.85000000000001,robot1,robot4,3.435144063033056
67.85000000000001,robot2,robot3,1.8233147330784665
67.85000000000001,robot2,robot4,1.8119638758819807
67.85000000000001,robot3,robot4,2.3066289317508892
67.9,robot1,robot2,1.8650374320409766
67.9,robot1,robot3,1.8250377116947474
67.9,robot1,robot4,3.434819212326174
67.9,robot2,robot3,1.8206726604664554
67.9,robot2,robot4,1.8119681824483014
67.9,robot3,robot4,2.3064016668804674
67.95,robot1,robot2,1.8647501298979712
67.95,robot1,robot3,1.8218114696014103
67.95,robot1,robot4,3.434463029683971
67.95,robot2,robot3,1.818057489749499
67.95,robot2,robot4,1.811958291393182
67.95,robot3,robot4,2.3061703465429977
68.0,robot1,robot2,1.864462859513163
68.0,robot1,robot3,1.8185861556024778
68.0,robot1,robot4,3.4341068535759045
68.0,robot2,robot3,1.8154442004845537
68.0,robot2,robot4,1.81194840058016
68.0,robot3,robot4,2.3059433903355044
68.05,robot1,robot2,1.864141216379945
68.05,robot1,robot3,1.8153845064009169
68.05,robot1,robot4,3.43373362967725
68.05,robot2,robot3,1.8128339806195715
68.05,robot2,robot4,1.811948409745156
68.05,robot3,robot4,2.3057055586412156
68.10000000000001,robot1,robot2,1.8638195979895693
68.10000000000001,robot1,robot3,1.8121837425562004
68.10000000000001,robot1,robot4,3.4333604084950067
68.10000000000001,robot2,robot3,1.8102256230826577
68.10000000000001,robot2,robot4,1.8119484189592705
68.10000000000001,robot3,robot4,2.30547210190451
68.15,robot1,robot2,1.863462220815665
68.15,robot1,robot3,1.8090202705003056
68.15,robot1,robot4,3.432975701884591
68.15,robot2,robot3,1.8075998130942172
68.15,robot2,robot4,1.8119487495120412
68.15,robot3,robot4,2.305221213747826
68.2,robot1,robot2,1.863104856808924
68.2,robot1,robot3,1.8058576430286526
68.2,robot1,robot4,3.4325909955823457
68.2,robot2,robot3,1.8049758492262438
68.2,robot2,robot4,1.811949080154848
68.2,robot3,robot4,2.304974711227869
68.25,robot1,robot2,1.8627293448325362
68.25,robot1,robot3,1.8027378818844546
68.25,robot1,robot4,3.432213540590715
68.25,robot2,robot3,1.8023558506424306
68.25,robot2,robot4,1.8119554038006838
68.25,robot3,robot4,2.304733341452433
68.3,robot1,robot2,1.862353839089124
68.3,robot1,robot3,1.7996189223499512
68.3,robot1,robot4,3.4318360856955272
68.3,robot2,robot3,1.7997376947838815
68.3,robot2,robot4,1.8119617276002273
68.3,robot3,robot4,2.304496344516519
68.35000000000001,robot1,robot2,1.8621781559305757
68.35000000000001,robot1,robot3,1.796710546055276
68.35000000000001,robot1,robot4,3.4316762320210947
68.35000000000001,robot2,robot3,1.7971189596563297
68.35000000000001,robot2,robot4,1.8119621097331204
68.35000000000001,robot3,robot4,2.3042412035575293
68.4,robot1,robot2,1.862002472772257
68.4,robot1,robot3,1.7938031558744119
68.4,robot1,robot4,3.4315163791478542
68.4,robot2,robot3,1.7945020498792972
68.4,robot2,robot4,1.811962491932435
68.4,robot3,robot4,2.3039904120193295
68.45,robot1,robot2,1.8611390838529505
68.45,robot1,robot3,1.7904499068642634
68.45,robot1,robot4,3.4306718674254246
68.45,robot2,robot3,1.791874138068087
68.45,robot2,robot4,1.8119618539271876
68.45,robot3,robot4,2.3037235147102613
68.5,robot1,robot2,1.8602757003030492
68.5,robot1,robot3,1.787097025539464
68.5,robot1,robot4,3.4298273688541525
68.5,robot2,robot3,1.7892480630057979
68.5,robot2,robot4,1.8119612159240606
68.5,robot3,robot4,2.3034610138443843
68.55,robot1,robot2,1.8594116687194366
68.55,robot1,robot3,1.783853797779193
68.55,robot1,robot4,3.4290180884759485
68.55,robot2,robot3,1.7866219361516442
68.55,robot2,robot4,1.811963660807868
68.55,robot3,robot4,2.3031769889742515
68.60000000000001,robot1,robot2,1.8585476372657224
68.60000000000001,robot1,robot3,1.7806109210518166
68.60000000000001,robot1,robot4,3.428208831756315
68.60000000000001,robot2,robot3,1.7839975754324886
68.60000000000001,robot2,robot4,1.8119661057166605
68.60000000000001,robot3,robot4,2.3028972835115766
68.65,robot1,robot2,1.8576833549475673
68.65,robot1,robot3,1.7787149895068204
68.65,robot1,robot4,3.42741759134545
68.65,robot2,robot3,1.7825104706814485
68.65,robot2,robot4,1.8119629204953396
68.65,robot3,robot4,2.302664930576961
68.7,robot1,robot2,1.8568190747741147
68.7,robot1,robot3,1.7768190676447617
68.7,robot1,robot4,3.42662639036604
68.7,robot2,robot3,1.781023845075916
68.7,robot2,robot4,1.8119597352882872
68.7,robot3,robot4,2.3024338878206687
68.75,robot1,robot2,1.8559630742626587
68.75,robot1,robot3,1.7755859121157724
68.75,robot1,robot4,3.4258718306193603
68.75,robot2,robot3,1.779941245746752
68.75,robot2,robot4,1.8119676838040601
68.75,robot3,robot4,2.302092584824783
68.8,robot1,robot2,1.8551070804869998
68.8,robot1,robot3,1.7743527569347646
68.8,robot1,robot4,3.4251173201772227
68.8,robot2,robot3,1.7788587545550096
68.8,robot2,robot4,1.8119756323209757
68.8,robot3,robot4,2.3017518295576522
68.85000000000001,robot1,robot2,1.8542717251487846
68.85000000000001,robot1,robot3,1.7732441357856648
68.85000000000001,robot1,robot4,3.424404928427164
68.85000000000001,robot2,robot3,1.7777147993263713
68.85000000000001,robot2,robot4,1.8119830451659862
68.85000000000001,robot3,robot4,2.3012979516944347
68.9,robot1,robot2,1.853436387976129
68.9,robot1,robot3,1.7721355161344179
68.9,robot1,robot4,3.4236926028054855
68.9,robot2,robot3,1.7765709124718325
68.9,robot2,robot4,1.811990458038066
68.9,robot3,robot4,2.3008446158965192
68.95,robot1,robot2,1.8526127744675895
68.95,robot1,robot3,1.7711919080043952
68.95,robot1,robot4,3.4230131532117283
68.95,robot2,robot3,1.775395783791955
68.95,robot2,robot4,1.811994695341573
68.95,robot3,robot4,2.3002715353573477
69.0,robot1,robot2,1.8517891945769638
69.0,robot1,robot3,1.7702483073241448
69.0,robot1,robot4,3.4223337851648834
69.0,robot2,robot3,1.7742206818183583
69.0,robot2,robot4,1.8119989326489683
69.0,robot3,robot4,2.2996989372439605
69.05,robot1,robot2,1.8509974210088056
69.05,robot1,robot3,1.7694633003802314
69.05,robot1,robot4,3.421710037903453
69.05,robot2,robot3,1.773009626781042
69.05,robot2,robot4,1.812004818477175
69.05,robot3,robot4,2.2990184041728003
69.10000000000001,robot1,robot2,1.8502057003600976
69.10000000000001,robot1,robot3,1.7686783148175926
69.10000000000001,robot1,robot4,3.4210863862384415
69.10000000000001,robot2,robot3,1.7717985774666936
69.10000000000001,robot2,robot4,1.812010704309718
69.10000000000001,robot3,robot4,2.2983383109107325
69.15,robot1,robot2,1.8496655366277708
69.15,robot1,robot3,1.7682809449543075
69.15,robot1,robot4,3.4206878315700266
69.15,robot2,robot3,1.7709576018518907
69.15,robot2,robot4,1.8120060432808303
69.15,robot3,robot4,2.297807109653517
69.2,robot1,robot2,1.8491254254628053
69.2,robot1,robot3,1.7678835840518459
69.2,robot1,robot4,3.4202893437147974
69.2,robot2,robot3,1.7701166262370964
69.2,robot2,robot4,1.8120013822566472
69.2,robot3,robot4,2.29727609072941
69.25,robot1,robot2,1.8486229495981596
69.25,robot1,robot3,1.7677985530529208
69.25,robot1,robot4,3.4199627653276066
69.25,robot2,robot3,1.7696015235744458
69.25,robot2,robot4,1.8120074216004884
69.25,robot3,robot4,2.2968876152270163
69.3,robot1,robot2,1.848120557400139
69.3,robot1,robot3,1.7677135325770406
69.3,robot1,robot4,3.419636275373157
69.3,robot2,robot3,1.7690864249643092
69.3,robot2,robot4,1.8120134609480694
69.3,robot3,robot4,2.2964991939140758
69.35000000000001,robot1,robot2,1.8476785344356441
69.35000000000001,robot1,robot3,1.7677295863814975
69.35000000000001,robot1,robot4,3.419380057178274
69.35000000000001,robot2,robot3,1.7685636381988772
69.35000000000001,robot2,robot4,1.812010224624643
69.35000000000001,robot3,robot4,2.2960834793023093
69.4,robot1,robot2,1.847236624879444
69.4,robot1,robot3,1.7677456461137162
69.4,robot1,robot4,3.4191239394725073
69.4,robot2,robot3,1.7680408576981472
69.4,robot2,robot4,1.8120069883071643
69.4,robot3,robot4,2.2956678148521403
69.45,robot1,robot2,1.8468772509672238
69.45,robot1,robot3,1.7679002295951263
69.45,robot1,robot4,3.4189719198370874
69.45,robot2,robot3,1.767532436779379
69.45,robot2,robot4,1.81200630392343
69.45,robot3,robot4,2.2952369750964716
69.5,robot1,robot2,1.846518023142206
69.5,robot1,robot3,1.768054815002069
69.5,robot1,robot4,3.418820008423959
69.5,robot2,robot3,1.7670240279795293
69.5,robot2,robot4,1.8120056195511647
69.5,robot3,robot4,2.2948061743763892
69.55,robot1,robot2,1.8462290442451879
69.55,robot1,robot3,1.7683247644253586
69.55,robot1,robot4,3.418755212435405
69.55,robot2,robot3,1.7665227246176316
69.55,robot2,robot4,1.8120111839986668
69.55,robot3,robot4,2.294350955769028
69.60000000000001,robot1,robot2,1.8459402407133876
69.60000000000001,robot1,robot3,1.7685947139545568
69.60000000000001,robot1,robot4,3.4186905350676304
69.60000000000001,robot2,robot3,1.7660214404103365
69.60000000000001,robot2,robot4,1.8120167484463272
69.60000000000001,robot3,robot4,2.293895770939255
69.65,robot1,robot2,1.8455824234499119
69.65,robot1,robot3,1.7693349761487365
69.65,robot1,robot4,3.4187468441034428
69.65,robot2,robot3,1.76553656620091
69.65,robot2,robot4,1.8120146345979107
69.65,robot3,robot4,2.293417287453921
69.7,robot1,robot2,1.8452252736183732
69.7,robot1,robot3,1.7700753077767624
69.7,robot1,robot4,3.4188035455512797
69.7,robot2,robot3,1.7650517212549326
69.7,robot2,robot4,1.8120125207696551
69.7,robot3,robot4,2.2929388267219433
69.75,robot1,robot2,1.8455205623615387
69.75,robot1,robot3,1.7710841294186166
69.75,robot1,robot4,3.4190238174757575
69.75,robot2,robot3,1.765850105431163
69.75,robot2,robot4,1.8122945649839184
69.75,robot3,robot4,2.2925213664315107
69.8,robot1,robot2,1.8458158931889712
69.8,robot1,robot3,1.7720930788322038
69.8,robot1,robot4,3.4192446186378653
69.8,robot2,robot3,1.7666485353940664
69.8,robot2,robot4,1.8125773574733302
69.8,robot3,robot4,2.2921039193729853
69.85000000000001,robot1,robot2,1.8466959531723814
69.85000000000001,robot1,robot3,1.7732116712663637
69.85000000000001,robot1,robot4,3.419654815501486
69.85000000000001,robot2,robot3,1.768318161649651
69.85000000000001,robot2,robot4,1.8127745352374218
69.85000000000001,robot3,robot4,2.2921105404712163
69.9,robot1,robot2,1.8475760132654895
69.9,robot1,robot3,1.7743306026510393
69.9,robot1,robot4,3.42006549640588
69.9,robot2,robot3,1.769987793870342
69.9,robot2,robot4,1.8129732137337276
69.9,robot3,robot4,2.292117161609764
69.95,robot1,robot2,1.8488525620104215
69.95,robot1,robot3,1.7755326206035331
69.95,robot1,robot4,3.420636719901209
69.95,robot2,robot3,1.7715997743461276
69.95,robot2,robot4,1.8128741860945563
69.95,robot3,robot4,2.2921228207387254
70.0,robot1,robot2,1.8501291302446974
70.0,robot1,robot3,1.7767348631973765
70.0,robot1,robot4,3.4212083924531695
70.0,robot2,robot3,1.7732118488869286
70.0,robot2,robot4,1.8127766781697077
70.0,robot3,robot4,2.292128479890471
70.05,robot1,robot2,1.8517563170116362
70.05,robot1,robot3,1.7780146576500009
70.05,robot1,robot4,3.421932542202907
70.05,robot2,robot3,1.7747362837777476
70.05,robot2,robot4,1.812408318826431
70.05,robot3,robot4,2.2921241520792455
70.10000000000001,robot1,robot2,1.8533835756243233
70.10000000000001,robot1,robot3,1.7792945690211055
70.10000000000001,robot1,robot4,3.422657071148817
70.10000000000001,robot2,robot3,1.7762609561756406
70.10000000000001,robot2,robot4,1.8120413997028322
70.10000000000001,robot3,robot4,2.292119824299114
70.15,robot1,robot2,1.8553058345654232
70.15,robot1,robot3,1.780599738488412
70.15,robot1,robot4,3.423520237004194
70.15,robot2,robot3,1.777653610437225
70.15,robot2,robot4,1.8114303790828534
70.15,robot3,robot4,2.292125100441346
70.2,robot1,robot2,1.8572282512012357
70.2,robot1,robot3,1.7819049556067799
70.2,robot1,robot4,3.4243837170635536
70.2,robot2,robot3,1.7790467148953677
70.2,robot2,robot4,1.8108206630525288
70.2,robot3,robot4,2.2921303766396015
70.25,robot1,robot2,1.8594987108929384
70.25,robot1,robot3,1.7833269980786615
70.25,robot1,robot4,3.4253480477048237
70.25,robot2,robot3,1.7804179789859036
70.25,robot2,robot4,1.8098856310428153
70.25,robot3,robot4,2.292125354076866
70.3,robot1,robot2,1.861769520808094
70.3,robot1,robot3,1.7847490782227624
70.3,robot1,robot4,3.426312721404309
70.3,robot2,robot3,1.7817900665636792
70.3,robot2,robot4,1.8089519786586377
70.3,robot3,robot4,2.292120331534538
70.35000000000001,robot1,robot2,1.8642908373387592
70.35000000000001,robot1,robot3,1.7867911651210113
70.35000000000001,robot1,robot4,3.4276560410360974
70.35000000000001,robot2,robot3,1.7831292147181175
70.35000000000001,robot2,robot4,1.807903068751475
70.35000000000001,robot3,robot4,2.2921104247178516
70.4,robot1,robot2,1.8668134136985948
70.4,robot1,robot3,1.7888333684424045
70.4,robot1,robot4,3.4290001504963517
70.4,robot2,robot3,1.7844693690355125
70.4,robot2,robot4,1.8068555648266411
70.4,robot3,robot4,2.2921005184173318
70.45,robot1,robot2,1.8693430537084412
70.45,robot1,robot3,1.7908621527511546
70.45,robot1,robot4,3.4302583880081103
70.45,robot2,robot3,1.7860291360435585
70.45,robot2,robot4,1.8058629607110281
70.45,robot3,robot4,2.292066458501258
70.5,robot1,robot2,1.8718737151712452
70.5,robot1,robot3,1.792891114131865
70.5,robot1,robot4,3.431517522325072
70.5,robot2,robot3,1.7875898891871143
70.5,robot2,robot4,1.8048722377035444
70.5,robot3,robot4,2.2920324000696413
70.55,robot1,robot2,1.8742837078114
70.55,robot1,robot3,1.7948694298662786
70.55,robot1,robot4,3.4326935673241357
70.55,robot2,robot3,1.7893986760217107
70.55,robot2,robot4,1.8040963722507315
70.55,robot3,robot4,2.2920249160041872
70.60000000000001,robot1,robot2,1.876694347465245
70.60000000000001,robot1,robot3,1.7968479959097827
70.60000000000001,robot1,robot4,3.433870549263324
70.60000000000001,robot2,robot3,1.7912082294041087
70.60000000000001,robot2,robot4,1.8033228088620181
70.60000000000001,robot3,robot4,2.292017433345785
70.65,robot1,robot2,1.8788784420920506
70.65,robot1,robot3,1.798791864201776
70.65,robot1,robot4,3.4349435429950304
70.65,robot2,robot3,1.7931386063147075
70.65,robot2,robot4,1.8027568594375116
70.65,robot3,robot4,2.292017357588343
70.7,robot1,robot2,1.881062964985755
70.7,robot1,robot3,1.8007360542780833
70.7,robot1,robot4,3.4360174694004395
70.7,robot2,robot3,1.7950694790926618
70.7,robot2,robot4,1.80219329354706
70.7,robot3,robot4,2.2920172818310074
70.75,robot1,robot2,1.8830168625291837
70.75,robot1,robot3,1.802673756342575
70.75,robot1,robot4,3.4370260132370616
70.75,robot2,robot3,1.797111263366434
70.75,robot2,robot4,1.8018828744545246
70.75,robot3,robot4,2.292017664231452
70.8,robot1,robot2,1.8849710377005795
70.8,robot1,robot3,1.8046118654364434
70.8,robot1,robot4,3.4380355619129364
70.8,robot2,robot3,1.7991533238376323
70.8,robot2,robot4,1.801574985808806
70.8,robot3,robot4,2.292018046639249
70.85000000000001,robot1,robot2,1.8867076325451835
70.85000000000001,robot1,robot3,1.8065030876079344
70.85000000000001,robot1,robot4,3.4389645852859916
70.85000000000001,robot2,robot3,1.8013344005656617
70.85000000000001,robot2,robot4,1.8015293762495241
70.85000000000001,robot3,robot4,2.292019947795012
70.9,robot1,robot2,1.8884443502949724
70.9,robot1,robot3,1.8083947902186623
70.9,robot1,robot4,3.4398946490206646
70.9,robot2,robot3,1.8035155994648344
70.9,robot2,robot4,1.801486523581012
70.9,robot3,robot4,2.292021848951052
70.95,robot1,robot2,1.8899894301039093
70.95,robot1,robot3,1.810268600619532
70.95,robot1,robot4,3.4407685262383607
70.95,robot2,robot3,1.805809861713713
70.95,robot2,robot4,1.801678353393857
70.95,robot3,robot4,2.2920217335004702
71.0,robot1,robot2,1.8915345557702614
71.0,robot1,robot3,1.8121429625595218
71.0,robot1,robot4,3.441643495318625
71.0,robot2,robot3,1.8081041600828753
71.0,robot2,robot4,1.801873124995209
71.0,robot3,robot4,2.292021618052718
71.05,robot1,robot2,1.8928210650600996
71.05,robot1,robot3,1.8139861152669416
71.05,robot1,robot4,3.442450007656247
71.05,robot2,robot3,1.8104190606929935
71.05,robot2,robot4,1.8022962042725523
71.05,robot3,robot4,2.292018771773314
71.10000000000001,robot1,robot2,1.894107587485463
71.10000000000001,robot1,robot3,1.8158298838671538
71.10000000000001,robot1,robot4,3.4432576322908224
71.10000000000001,robot2,robot3,1.812733961497109
71.10000000000001,robot2,robot4,1.8027221447402817
71.10000000000001,robot3,robot4,2.2920159255266968
71.15,robot1,robot2,1.895097039923352
71.15,robot1,robot3,1.8176354656753926
71.15,robot1,robot4,3.44400432410334
71.15,robot2,robot3,1.8150241653234953
71.15,robot2,robot4,1.8033958425828895
71.15,robot3,robot4,2.292017101531858
71.2,robot1,robot2,1.896086493946149
71.2,robot1,robot3,1.8194417402656784
71.2,robot1,robot4,3.4447521715068268
71.2,robot2,robot3,1.8173143965192151
71.2,robot2,robot4,1.80407223133277
71.2,robot3,robot4,2.29201827754536
71.25,robot1,robot2,1.8967761533401881
71.25,robot1,robot3,1.8211912049085486
71.25,robot1,robot4,3.445402883544572
71.25,robot2,robot3,1.819578035195592
71.25,robot2,robot4,1.8049599049760774
71.25,robot3,robot4,2.2920132271281726
71.3,robot1,robot2,1.897465814544494
71.3,robot1,robot3,1.8229414419262076
71.3,robot1,robot4,3.4460547587785078
71.3,robot2,robot3,1.8218417879785829
71.3,robot2,robot4,1.8058500788207752
71.3,robot3,robot4,2.2920081767533027
71.35000000000001,robot1,robot2,1.897865120418203
71.35000000000001,robot1,robot3,1.8246182189061497
71.35000000000001,robot1,robot4,3.446642731676327
71.35000000000001,robot2,robot3,1.8240483131628533
71.35000000000001,robot2,robot4,1.8069686246294514
71.35000000000001,robot3,robot4,2.2920118636042224
71.4,robot1,robot2,1.8982644424897708
71.4,robot1,robot3,1.826295805117287
71.4,robot1,robot4,3.447231848758218
71.4,robot2,robot3,1.8262550938190425
71.4,robot2,robot4,1.8080894279570354
71.4,robot3,robot4,2.292015550455537
71.45,robot1,robot2,1.8981459227658182
71.45,robot1,robot3,1.8278206075543901
71.45,robot1,robot4,3.4476690948738105
71.45,robot2,robot3,1.827196557250752
71.45,robot2,robot4,1.8086609207771644
71.45,robot3,robot4,2.292006380022207
71.5,robot1,robot2,1.8980278835214723
71.5,robot1,robot3,1.829346275847468
71.5,robot1,robot4,3.448107439952096
71.5,robot2,robot3,1.8281380995996994
71.5,robot2,robot4,1.8092328232109873
71.5,robot3,robot4,2.2919972097016172
71.55,robot1,robot2,1.8976059826677005
71.55,robot1,robot3,1.8307788121830144
71.55,robot1,robot4,3.448415433030437
71.55,robot2,robot3,1.8286431534326208
71.55,robot2,robot4,1.8096568973789617
71.55,robot3,robot4,2.2919888006653193
71.60000000000001,robot1,robot2,1.8971850098005727
71.60000000000001,robot1,robot3,1.8322123424810786
71.60000000000001,robot1,robot4,3.4487245405809084
71.60000000000001,robot2,robot3,1.829148263543445
71.60000000000001,robot2,robot4,1.8100810802925376
71.60000000000001,robot3,robot4,2.2919803917200077
71.65,robot1,robot2,1.8966090702569676
71.65,robot1,robot3,1.8335715038941078
71.65,robot1,robot4,3.448923919261811
71.65,robot2,robot3,1.8296359178242265
71.65,robot2,robot4,1.8105489666237284
71.65,robot3,robot4,2.291964262931743
71.7,robot1,robot2,1.8960340125324755
71.7,robot1,robot3,1.834931771420943
71.7,robot1,robot4,3.4491244391033504
71.7,robot2,robot3,1.830123646616807
71.7,robot2,robot4,1.8110169531012126
71.7,robot3,robot4,2.2919481343211063
71.75,robot1,robot2,1.895276363637372
71.75,robot1,robot3,1.8362313393972176
71.75,robot1,robot4,3.4492220914862095
71.75,robot2,robot3,1.8305787720401436
71.75,robot2,robot4,1.8115373144887192
71.75,robot3,robot4,2.2919406813565226
71.8,robot1,robot2,1.8945195804345756
71.8,robot1,robot3,1.8375321516566725
71.8,robot1,robot4,3.4493209017686364
71.8,robot2,robot3,1.8310340016182114
71.8,robot2,robot4,1.812057748541144
71.8,robot3,robot4,2.2919332283995537
71.85000000000001,robot1,robot2,1.8935641349234777
71.85000000000001,robot1,robot3,1.8387063403777262
71.85000000000001,robot1,robot4,3.449266106302651
71.85000000000001,robot2,robot3,1.8314486856639611
71.85000000000001,robot2,robot4,1.8126051393925404
71.85000000000001,robot3,robot4,2.2919352844670375
71.9,robot1,robot2,1.8926094959351758
71.9,robot1,robot3,1.8398819249574143
71.9,robot1,robot4,3.4492124467531715
71.9,robot2,robot3,1.8318634928894129
71.9,robot2,robot4,1.8131525801611401
71.9,robot3,robot4,2.291937340552311
71.95,robot1,robot2,1.891514436382921
71.95,robot1,robot3,1.8409725948536684
71.95,robot1,robot4,3.449077141667971
71.95,robot2,robot3,1.8322232977195356
71.95,robot2,robot4,1.8137455890572138
71.95,robot3,robot4,2.291936045599277
72.0,robot1,robot2,1.8904201364744293
72.0,robot1,robot3,1.842064704393415
72.0,robot1,robot4,3.4489429504103137
72.0,robot2,robot3,1.8325832537595665
72.0,robot2,robot4,1.8143386311769365
72.0,robot3,robot4,2.2919347506560914
72.05,robot1,robot2,1.889269136808729
72.05,robot1,robot3,1.8428032656728446
72.05,robot1,robot4,3.4486120429942533
72.05,robot2,robot3,1.832816707906849
72.05,robot2,robot4,1.8148163842066776
72.05,robot3,robot4,2.2919364606521055
72.10000000000001,robot1,robot2,1.8881186477602507
72.10000000000001,robot1,robot3,1.8435430368423733
72.10000000000001,robot1,robot4,3.448281908679306
72.10000000000001,robot2,robot3,1.8330502659365346
72.10000000000001,robot2,robot4,1.8152941474144078
72.10000000000001,robot3,robot4,2.291938170648807
72.15,robot1,robot2,1.8863686166389244
72.15,robot1,robot3,1.8441604459711471
72.15,robot1,robot4,3.447797315301068
72.15,robot2,robot3,1.8336397704451795
72.15,robot2,robot4,1.816574952459986
72.15,robot3,robot4,2.2919333833395443
72.2,robot1,robot2,1.8846186132098453
72.2,robot1,robot3,1.8447791948143821
72.2,robot1,robot4,3.4473134814136066
72.2,robot2,robot3,1.8342300469006063
72.2,robot2,robot4,1.8178558158668687
72.2,robot3,robot4,2.291928596040461
72.25,robot1,robot2,1.8827006552129444
72.25,robot1,robot3,1.845216501282844
72.25,robot1,robot4,3.4466585116292343
72.25,robot2,robot3,1.834855271338928
72.25,robot2,robot4,1.8191977428814605
72.25,robot3,robot4,2.291931413276639
72.3,robot1,robot2,1.880782698221142
72.3,robot1,robot3,1.8456552371648394
72.3,robot1,robot4,3.4460042315100257
72.3,robot2,robot3,1.8354813359906441
72.3,robot2,robot4,1.8205397332013933
72.3,robot3,robot4,2.2919342305408765
72.35000000000001,robot1,robot2,1.8787271790636604
72.35000000000001,robot1,robot3,1.8459216997332255
72.35000000000001,robot1,robot4,3.445172822467002
72.35000000000001,robot2,robot3,1.8360864751488422
72.35000000000001,robot2,robot4,1.821872296525816
72.35000000000001,robot3,robot4,2.29191351267238
72.4,robot1,robot2,1.8766716623709114
72.4,robot1,robot3,1.8461896607472374
72.4,robot1,robot4,3.4443420540161225
72.4,robot2,robot3,1.8366924576030685
72.4,robot2,robot4,1.8232049234274244
72.4,robot3,robot4,2.291892794803893
72.45,robot1,robot2,1.8745067263662993
72.45,robot1,robot3,1.8462978669570764
72.45,robot1,robot4,3.443398407489213
72.45,robot2,robot3,1.837283106125251
72.45,robot2,robot4,1.8245527764502318
72.45,robot3,robot4,2.2919037470125136
72.5,robot1,robot2,1.872341809034878
72.5,robot1,robot3,1.8464076001091958
72.5,robot1,robot4,3.4424553117995593
72.5,robot2,robot3,1.8378746034028004
72.5,robot2,robot4,1.825900676604563
72.5,robot3,robot4,2.291914699247335
72.55,robot1,robot2,1.8700604875525417
72.55,robot1,robot3,1.8463055375021897
72.55,robot1,robot4,3.4413299907879003
72.55,robot2,robot3,1.838440029900622
72.55,robot2,robot4,1.8272284071326441
72.55,robot3,robot4,2.291904093199473
72.60000000000001,robot1,robot2,1.8677792293911497
72.60000000000001,robot1,robot3,1.8462050018348448
72.60000000000001,robot1,robot4,3.4402051340372126
72.60000000000001,robot2,robot3,1.8390062937100027
72.60000000000001,robot2,robot4,1.8285561836533766
72.60000000000001,robot3,robot4,2.2918934871516172
72.65,robot1,robot2,1.8651318071645764
72.65,robot1,robot3,1.8459021657393575
72.65,robot1,robot4,3.438754979728928
72.65,robot2,robot3,1.839577118532477
72.65,robot2,robot4,1.8299116662835124
72.65,robot3,robot4,2.2918982021196426
72.7,robot1,robot2,1.8624844654023294
72.7,robot1,robot3,1.8456014250116408
72.7,robot1,robot4,3.437305359471282
72.7,robot2,robot3,1.8401488057833801
72.7,robot2,robot4,1.8312671903447078
72.7,robot3,robot4,2.2919029170898577
72.75,robot1,robot2,1.8595797368188465
72.75,robot1,robot3,1.8450907933775238
72.75,robot1,robot4,3.4356213381315763
72.75,robot2,robot3,1.8406978048572367
72.75,robot2,robot4,1.8326601430375056
72.75,robot3,robot4,2.2919155000436864
72.8,robot1,robot2,1.8566751467421543
72.8,robot1,robot3,1.8445825301235508
72.8,robot1,robot4,3.4339378234385665
72.8,robot2,robot3,1.841247716379575
72.8,robot2,robot4,1.8340531268303
72.8,robot3,robot4,2.2919280829975883
72.85000000000001,robot1,robot2,1.8539198290568013
72.85000000000001,robot1,robot3,1.8438650078013437
72.85000000000001,robot1,robot4,3.431975057755555
72.85000000000001,robot2,robot3,1.8415604825330203
72.85000000000001,robot2,robot4,1.8347939461479728
72.85000000000001,robot3,robot4,2.2919373301877166
72.9,robot1,robot2,1.8511645790242424
72.9,robot1,robot3,1.8431496673493446
72.9,robot1,robot4,3.430012496965135
72.9,robot2,robot3,1.8418737356735395
72.9,robot2,robot4,1.835534773006766
72.9,robot3,robot4,2.2919466246614473
72.95,robot1,robot2,1.8485228963589415
72.95,robot1,robot3,1.8422749471586073
72.95,robot1,robot4,3.427825856337841
72.95,robot2,robot3,1.8419105863918857
72.95,robot2,robot4,1.8357081805702395
72.95,robot3,robot4,2.291924244319607
73.0,robot1,robot2,1.8458812209427236
73.0,robot1,robot3,1.8414022982914406
73.0,robot1,robot4,3.4256392985134907
73.0,robot2,robot3,1.841947642522447
73.0,robot2,robot4,1.8358816830604854
73.0,robot3,robot4,2.2919019896969854
73.05,robot1,robot2,1.8431555536938546
73.05,robot1,robot3,1.8403504763621115
73.05,robot1,robot4,3.423285418738591
73.05,robot2,robot3,1.8418955426356975
73.05,robot2,robot4,1.8359910413801726
73.05,robot3,robot4,2.291806521054188
73.10000000000001,robot1,robot2,1.8404299130825374
73.10000000000001,robot1,robot3,1.8393006157912302
73.10000000000001,robot1,robot4,3.4209315903784154
73.10000000000001,robot2,robot3,1.841843645501159
73.10000000000001,robot2,robot4,1.836100506112887
73.10000000000001,robot3,robot4,2.2917111750613337
73.15,robot1,robot2,1.8376817529012601
73.15,robot1,robot3,1.8380878108361007
73.15,robot1,robot4,3.4184396931619254
73.15,robot2,robot3,1.8416864773034793
73.15,robot2,robot4,1.8361048244008973
73.15,robot3,robot4,2.291534583937421
73.2,robot1,robot2,1.834933652185277
73.2,robot1,robot3,1.836876730526303
73.2,robot1,robot4,3.415947812405365
73.2,robot2,robot3,1.8415295065670276
73.2,robot2,robot4,1.8361092775553964
73.2,robot3,robot4,2.291358129590833
73.25,robot1,robot2,1.8320546394844506
73.25,robot1,robot3,1.835415847372197
73.25,robot1,robot4,3.4132536906173923
73.25,robot2,robot3,1.8412858807649888
73.25,robot2,robot4,1.836100687433358
73.25,robot3,robot4,2.2911026327426387
73.3,robot1,robot2,1.8291757400632667
73.3,robot1,robot3,1.833956691831353
73.3,robot1,robot4,3.4105595834551843
73.3,robot2,robot3,1.8410424266390495
73.3,robot2,robot4,1.8360922005765397
73.3,robot3,robot4,2.2908472197073726
73.35000000000001,robot1,robot2,1.826325802616622
73.35000000000001,robot1,robot3,1.8322485624919997
73.35000000000001,robot1,robot4,3.407499987646735
73.35000000000001,robot2,robot3,1.8408883136128193
73.35000000000001,robot2,robot4,1.835756666407411
73.35000000000001,robot3,robot4,2.290536657672717
73.4,robot1,robot2,1.8234759997666548
73.4,robot1,robot3,1.830542569274203
73.4,robot1,robot4,3.4044404094682
73.4,robot2,robot3,1.840734232413251
73.4,robot2,robot4,1.835421162078339
73.4,robot3,robot4,2.2902261798016803
73.45,robot1,robot2,1.820805271928124
73.45,robot1,robot3,1.8287666110557956
73.45,robot1,robot4,3.401344634385643
73.45,robot2,robot3,1.8406292204518677
73.45,robot2,robot4,1.83495639422174
73.45,robot3,robot4,2.2898572109798683
73.5,robot1,robot2,1.8181347270898272
73.5,robot1,robot3,1.8269926209881089
73.5,robot1,robot4,3.3982488702700984
73.5,robot2,robot3,1.8405242148401635
73.5,robot2,robot4,1.8344916307059023
73.5,robot3,robot4,2.289488313817085
73.55,robot1,robot2,1.8154884476147184
73.55,robot1,robot3,1.8251508744005247
73.55,robot1,robot4,3.394450291021655
73.55,robot2,robot3,1.8403880310283753
73.55,robot2,robot4,1.8333294680521828
73.55,robot3,robot4,2.2885633310725746
73.60000000000001,robot1,robot2,1.812842385559207
73.60000000000001,robot1,robot3,1.8233109874042324
73.60000000000001,robot1,robot4,3.390651712064805
73.60000000000001,robot2,robot3,1.840251850852214
73.60000000000001,robot2,robot4,1.8321673079978253
73.60000000000001,robot3,robot4,2.2876386369767845
73.65,robot1,robot2,1.8102404965508032
73.65,robot1,robot3,1.8214081371049842
73.65,robot1,robot4,3.3865818500566682
73.65,robot2,robot3,1.8401081589768713
73.65,robot2,robot4,1.8307240356957815
73.65,robot3,robot4,2.286501605289727
73.7,robot1,robot2,1.8076388848843676
73.7,robot1,robot3,1.8195070092681696
73.7,robot1,robot4,3.38251199133499
73.7,robot2,robot3,1.8399644694401032
73.7,robot2,robot4,1.8292807723477007
73.7,robot3,robot4,2.285364994875217
73.75,robot1,robot2,1.8050597124113374
73.75,robot1,robot3,1.8175345458681798
73.75,robot1,robot4,3.3784070625394222
73.75,robot2,robot3,1.8398126259101086
73.75,robot2,robot4,1.827828659925555
73.75,robot3,robot4,2.2841886646256917
73.8,robot1,robot2,1.8024808726741042
73.8,robot1,robot3,1.8155637316880395
73.8,robot1,robot4,3.374302137777528
73.8,robot2,robot3,1.83966078318178
73.8,robot2,robot4,1.8263765678725732
73.8,robot3,robot4,2.2830127096853845
73.85000000000001,robot1,robot2,1.8005148251898673
73.85000000000001,robot1,robot3,1.8140104828932213
73.85000000000001,robot1,robot4,3.370793628727995
73.85000000000001,robot2,robot3,1.8395033790806148
73.85000000000001,robot2,robot4,1.8249106341769858
73.85000000000001,robot3,robot4,2.2817996769395097
73.9,robot1,robot2,1.798548981832299
73.9,robot1,robot3,1.8124581530134705
73.9,robot1,robot4,3.3672851248869615
73.9,robot2,robot3,1.8393459750153043
73.9,robot2,robot4,1.8234447363035164
73.9,robot3,robot4,2.280586980347384
73.95,robot1,robot2,1.7968829950069092
73.95,robot1,robot3,1.811022673025451
73.95,robot1,robot4,3.363994536784208
73.95,robot2,robot3,1.839306475120786
73.95,robot2,robot4,1.8220199191460558
73.95,robot3,robot4,2.2793429787092707
74.0,robot1,robot2,1.7952172861160847
74.0,robot1,robot3,1.8095878429614851
74.0,robot1,robot4,3.3607039566711316
74.0,robot2,robot3,1.8392669752453015
74.0,robot2,robot4,1.8205952011045727
74.0,robot3,robot4,2.2780992797648216
74.05,robot1,robot2,1.7935989818557547
74.05,robot1,robot3,1.8082043931312772
74.05,robot1,robot4,3.357405572987757
74.05,robot2,robot3,1.839221739499142
74.05,robot2,robot4,1.8191914200589914
74.05,robot3,robot4,2.276684550436994
74.10000000000001,robot1,robot2,1.7919810351010967
74.10000000000001,robot1,robot3,1.8068214195700134
74.10000000000001,robot1,robot4,3.354107197672727
74.10000000000001,robot2,robot3,1.839176514005385
74.10000000000001,robot2,robot4,1.817787790633989
74.10000000000001,robot3,robot4,2.2752701249928546
74.15,robot1,robot2,1.7904002311810756
74.15,robot1,robot3,1.805432474332535
74.15,robot1,robot4,3.3508032709849207
74.15,robot2,robot3,1.8390747467178297
74.15,robot2,robot4,1.8163895223950448
74.15,robot3,robot4,2.2737233681022517
74.2,robot1,robot2,1.7888198472917838
74.2,robot1,robot3,1.8040438660146267
74.2,robot1,robot4,3.3474993549013567
74.2,robot2,robot3,1.8389730034516547
74.2,robot2,robot4,1.8149914402718268
74.2,robot3,robot4,2.2721768901113313
74.25,robot1,robot2,1.7872532933247038
74.25,robot1,robot3,1.8026035251538954
74.25,robot1,robot4,3.3440980023966476
74.25,robot2,robot3,1.8388555935329043
74.25,robot2,robot4,1.8134795360172253
74.25,robot3,robot4,2.270588185381158
74.3,robot1,robot2,1.78568720363478
74.3,robot1,robot3,1.8011634912511412
74.3,robot1,robot4,3.3406966777176885
74.3,robot2,robot3,1.8387382042403426
74.3,robot2,robot4,1.8119677986059797
74.3,robot3,robot4,2.2689998258250266
74.35000000000001,robot1,robot2,1.78417032410929
74.35000000000001,robot1,robot3,1.7996417569060792
74.35000000000001,robot1,robot4,3.337251246019394
74.35000000000001,robot2,robot3,1.8385923165074551
74.35000000000001,robot2,robot4,1.8103530856386136
74.35000000000001,robot3,robot4,2.2674266983402127
74.4,robot1,robot2,1.7826540077625832
74.4,robot1,robot3,1.798120251536031
74.4,robot1,robot4,3.3338059038597314
74.4,robot2,robot3,1.8384464467261483
74.4,robot2,robot4,1.808738480608515
74.4,robot3,robot4,2.265854015804637
74.45,robot1,robot2,1.7812455279298247
74.45,robot1,robot3,1.7966038433324691
74.45,robot1,robot4,3.330473722312338
74.45,robot2,robot3,1.8382734979107433
74.45,robot2,robot4,1.8070728678725159
74.45,robot3,robot4,2.2643929405895964
74.5,robot1,robot2,1.7798376090890988
74.5,robot1,robot3,1.7950876028996468
74.5,robot1,robot4,3.327141710746027
74.5,robot2,robot3,1.838100559757273
74.5,robot2,robot4,1.805407299092922
74.5,robot3,robot4,2.2629323973344855
74.55,robot1,robot2,1.7797631899239432
74.55,robot1,robot3,1.7944611928445262
74.55,robot1,robot4,3.324865025832064
74.55,robot2,robot3,1.8375760346174115
74.55,robot2,robot4,1.8029220930550491
74.55,robot3,robot4,2.2615868105441477
74.60000000000001,robot1,robot2,1.7796888046298995
74.60000000000001,robot1,robot3,1.7938347847424523
74.60000000000001,robot1,robot4,3.3225884828616676
74.60000000000001,robot2,robot3,1.8370517231087968
74.60000000000001,robot2,robot4,1.8004368873498446
74.60000000000001,robot3,robot4,2.2602418382255025
74.65,robot1,robot2,1.7803309575978423
74.65,robot1,robot3,1.7937298603925842
74.65,robot1,robot4,3.3209502329858087
74.65,robot2,robot3,1.836766534377532
74.65,robot2,robot4,1.7977772601057254
74.65,robot3,robot4,2.259178035479386
74.7,robot1,robot2,1.7809733069785185
74.7,robot1,robot3,1.7936249377949673
74.7,robot1,robot4,3.319312137359335
74.7,robot2,robot3,1.8364818007402088
74.7,robot2,robot4,1.7951176338237558
74.7,robot3,robot4,2.2581150185375853
74.75,robot1,robot2,1.781713230677499
74.75,robot1,robot3,1.7934932902581484
74.75,robot1,robot4,3.317725447891409
74.75,robot2,robot3,1.8364341590283735
74.75,robot2,robot4,1.7924970827609454
74.75,robot3,robot4,2.2572422435942157
74.8,robot1,robot2,1.7824532572768914
74.8,robot1,robot3,1.7933616428473091
74.8,robot1,robot4,3.3161389775713563
74.8,robot2,robot3,1.8363870352420264
74.8,robot2,robot4,1.7898765317007206
74.8,robot3,robot4,2.256370365986045
74.85000000000001,robot1,robot2,1.783288545991436
74.85000000000001,robot1,robot3,1.793185268898476
74.85000000000001,robot1,robot4,3.3145439517074218
74.85000000000001,robot2,robot3,1.83582309920135
74.85000000000001,robot2,robot4,1.787230190088842
74.85000000000001,robot3,robot4,2.2548381478009127
74.9,robot1,robot2,1.784123876664398
74.9,robot1,robot3,1.7930092293599607
74.9,robot1,robot4,3.3129492291028244
74.9,robot2,robot3,1.8352593647945241
74.9,robot2,robot4,1.7845838493802975
74.9,robot3,robot4,2.253306625470444
74.95,robot1,robot2,1.7850349345742509
74.95,robot1,robot3,1.7929021131535599
74.95,robot1,robot4,3.311449503290251
74.95,robot2,robot3,1.8345516527113648
74.95,robot2,robot4,1.7820326485497535
74.95,robot3,robot4,2.2515091157040095
75.0,robot1,robot2,1.7859460033746823
75.0,robot1,robot3,1.7927957522763156
75.0,robot1,robot4,3.309950133198384
75.0,robot2,robot3,1.8338440058985388
75.0,robot2,robot4,1.7794814511677273
75.0,robot3,robot4,2.249712258018789
75.05,robot1,robot2,1.786889492411674
75.05,robot1,robot3,1.7927751526237192
75.05,robot1,robot4,3.3085054171765385
75.05,robot2,robot3,1.8333658729708726
75.05,robot2,robot4,1.7770540453270545
75.05,robot3,robot4,2.2479877770602976
75.10000000000001,robot1,robot2,1.7878329842546816
75.10000000000001,robot1,robot3,1.7927553262729414
75.10000000000001,robot1,robot4,3.3070611478946073
75.10000000000001,robot2,robot3,1.832887759136658
75.10000000000001,robot2,robot4,1.7746266466535991
75.10000000000001,robot3,robot4,2.2462641345046666
75.15,robot1,robot2,1.78876684034875
75.15,robot1,robot3,1.792907346509155
75.15,robot1,robot4,3.305741483404933
75.15,robot2,robot3,1.8326165084976862
75.15,robot2,robot4,1.77239055625164
75.15,robot3,robot4,2.2446326807821473
75.2,robot1,robot2,1.7897007127193083
75.2,robot1,robot3,1.7930600829916437
75.2,robot1,robot4,3.3044222665036322
75.2,robot2,robot3,1.832345257866541
75.2,robot2,robot4,1.7701544758062782
75.2,robot3,robot4,2.2430022124601217
75.25,robot1,robot2,1.7910467463026336
75.25,robot1,robot3,1.7933769281542573
75.25,robot1,robot4,3.303229765643355
75.25,robot2,robot3,1.832615710599265
75.25,robot2,robot4,1.7678952107548682
75.25,robot3,robot4,2.241483301998534
75.3,robot1,robot2,1.7923928767569346
75.3,robot1,robot3,1.7936944372356178
75.3,robot1,robot4,3.302037738135044
75.3,robot2,robot3,1.8328861703872936
75.3,robot2,robot4,1.765636097758822
75.3,robot3,robot4,2.23996556416611
75.35000000000001,robot1,robot2,1.7939073333008313
75.35000000000001,robot1,robot3,1.794104983613905
75.35000000000001,robot1,robot4,3.3008957128446585
75.35000000000001,robot2,robot3,1.8334996092790012
75.35000000000001,robot2,robot4,1.7633895943920754
75.35000000000001,robot3,robot4,2.2385710525636657
75.4,robot1,robot2,1.7954219847838
75.4,robot1,robot3,1.7945161125164077
75.4,robot1,robot4,3.299754231750753
75.4,robot2,robot3,1.834113056582936
75.4,robot2,robot4,1.761143339666025
75.4,robot3,robot4,2.237177963262199
75.45,robot1,robot2,1.7969252150905586
75.45,robot1,robot3,1.7950554247973796
75.45,robot1,robot4,3.2988893810321223
75.45,robot2,robot3,1.8349311601477725
75.45,robot2,robot4,1.759276111702836
75.45,robot3,robot4,2.235984470027017
75.5,robot1,robot2,1.7984286719116775
75.5,robot1,robot3,1.7955951886394106
75.5,robot1,robot4,3.298024913730186
75.5,robot2,robot3,1.8357492646745088
75.5,robot2,robot4,1.7574092354215622
75.5,robot3,robot4,2.23479214998845
75.55,robot1,robot2,1.7999087650995675
75.55,robot1,robot3,1.7962570174027157
75.55,robot1,robot4,3.2974914068311083
75.55,robot2,robot3,1.836745672209751
75.55,robot2,robot4,1.756029683575494
75.55,robot3,robot4,2.233762574900139
75.60000000000001,robot1,robot2,1.8013891226864343
75.60000000000001,robot1,robot3,1.7969192055117562
75.60000000000001,robot1,robot4,3.2969580888244545
75.60000000000001,robot2,robot3,1.837742081767189
75.60000000000001,robot2,robot4,1.7546506964732325
75.60000000000001,robot3,robot4,2.2327337678245476
75.65,robot1,robot2,1.8028262323946393
75.65,robot1,robot3,1.7976793965033087
75.65,robot1,robot4,3.2964298728028862
75.65,robot2,robot3,1.8389073009307053
75.65,robot2,robot4,1.7533497367218267
75.65,robot3,robot4,2.231776333763366
75.7,robot1,robot2,1.804263662251169
75.7,robot1,robot3,1.7984398674520647
75.7,robot1,robot4,3.295901855767553
75.7,robot2,robot3,1.840072536023784
75.7,robot2,robot4,1.7520493443930167
75.7,robot3,robot4,2.2308198406112942
75.75,robot1,robot2,1.8056749730006785
75.75,robot1,robot3,1.7993088120084473
75.75,robot1,robot4,3.2954004267816983
75.75,robot2,robot3,1.8414203234599236
75.75,robot2,robot4,1.7508147485099614
75.75,robot3,robot4,2.2299763222490165
75.8,robot1,robot2,1.8070866337538993
75.8,robot1,robot3,1.800177944418273
75.8,robot1,robot4,3.294899201581742
75.8,robot2,robot3,1.8427681423602915
75.8,robot2,robot4,1.7495807101280008
75.8,robot3,robot4,2.2291339361684845
75.85000000000001,robot1,robot2,1.8084884170437066
75.85000000000001,robot1,robot3,1.8011124712999604
75.85000000000001,robot1,robot4,3.2944271719193456
75.85000000000001,robot2,robot3,1.844300898462748
75.85000000000001,robot2,robot4,1.7484112234749722
75.85000000000001,robot3,robot4,2.2284279237321654
75.9,robot1,robot2,1.8098906078105936
75.9,robot1,robot3,1.8020471172311225
75.9,robot1,robot4,3.293955366608661
75.9,robot2,robot3,1.845833696678008
75.9,robot2,robot4,1.7472422867001016
75.9,robot3,robot4,2.227723223323984
75.95,robot1,robot2,1.8109543558140828
75.95,robot1,robot3,1.8030472398421789
75.95,robot1,robot4,3.2935094263239937
75.95,robot2,robot3,1.8471789819269004
75.95,robot2,robot4,1.7462099299205123
75.95,robot3,robot4,2.2271436295485074
76.0,robot1,robot2,1.8120183580010993
76.0,robot1,robot3,1.8040474260431738
76.0,robot1,robot4,3.2930637168281454
76.0,robot2,robot3,1.8485243867761119
76.0,robot2,robot4,1.7451777765101755
76.0,robot3,robot4,2.2265655073626287
76.05,robot1,robot2,1.8126570742869428
76.05,robot1,robot3,1.8050751901635564
76.05,robot1,robot4,3.2926815209827462
76.05,robot2,robot3,1.8496544394482175
76.05,robot2,robot4,1.744392755907697
76.05,robot3,robot4,2.226176973547532
76.10000000000001,robot1,robot2,1.8132959422601156
76.10000000000001,robot1,robot3,1.8061029759714702
76.10000000000001,robot1,robot4,3.292299566710933
76.10000000000001,robot2,robot3,1.8507847627695668
76.10000000000001,robot2,robot4,1.743607747549316
76.10000000000001,robot3,robot4,2.2257900061618567
76.15,robot1,robot2,1.8138910048424217
76.15,robot1,robot3,1.807340331430276
76.15,robot1,robot4,3.2918722143515837
76.15,robot2,robot3,1.8520699780125076
76.15,robot2,robot4,1.7428105999001293
76.15,robot3,robot4,2.22537682500661
76.2,robot1,robot2,1.8144862317962074
76.2,robot1,robot3,1.8085776973680172
76.2,robot1,robot4,3.2914451279699315
76.2,robot2,robot3,1.8533556358953347
76.2,robot2,robot4,1.7420134590114393
76.2,robot3,robot4,2.224965714774949
76.25,robot1,robot2,1.8150295164008354
76.25,robot1,robot3,1.8108083313539838
76.25,robot1,robot4,3.291226948125729
76.25,robot2,robot3,1.8550928846805086
76.25,robot2,robot4,1.7416223565013311
76.25,robot3,robot4,2.2241447078124215
76.3,robot1,robot2,1.8155729930225883
76.3,robot1,robot3,1.81303899085403
76.3,robot1,robot4,3.291008863829601
76.3,robot2,robot3,1.8568320086782217
76.3,robot2,robot4,1.7412313322634645
76.3,robot3,robot4,2.2233268189350843
76.35000000000001,robot1,robot2,1.8160720409423463
76.35000000000001,robot1,robot3,1.8152467603118043
76.35000000000001,robot1,robot4,3.290973711862494
76.35000000000001,robot2,robot3,1.858525073661639
76.35000000000001,robot2,robot4,1.7411761159275359
76.35000000000001,robot3,robot4,2.2224781558684668
76.4,robot1,robot2,1.8165713053290806
76.4,robot1,robot3,1.8174545690071595
76.4,robot1,robot4,3.2909385834696154
76.4,robot2,robot3,1.8602201346227816
76.4,robot2,robot4,1.741121075698643
76.4,robot3,robot4,2.2216317918111455
76.45,robot1,robot2,1.8170453215685072
76.45,robot1,robot3,1.8196604500239186
76.45,robot1,robot4,3.290933988516824
76.45,robot2,robot3,1.8619186264013392
76.45,robot2,robot4,1.7411476578120106
76.45,robot3,robot4,2.22078389284257
76.5,robot1,robot2,1.8175195978885619
76.5,robot1,robot3,1.8218663835363995
76.5,robot1,robot4,3.290929420542774
76.5,robot2,robot3,1.8636192573261845
76.5,robot2,robot4,1.7411744132409597
76.5,robot3,robot4,2.2199382676196198
76.55,robot1,robot2,1.8177601934523706
76.55,robot1,robot3,1.8238904553049506
76.55,robot1,robot4,3.2909693354828606
76.55,robot2,robot3,1.864957233917845
76.55,robot2,robot4,1.7413059902379306
76.55,robot3,robot4,2.219160941202102
76.60000000000001,robot1,robot2,1.8180009465093796
76.60000000000001,robot1,robot3,1.8259145878430354
76.60000000000001,robot1,robot4,3.2910092752370055
76.60000000000001,robot2,robot3,1.866297296855193
76.60000000000001,robot2,robot4,1.7414376092725803
76.60000000000001,robot3,robot4,2.2183854803928913
76.65,robot1,robot2,1.8181425288758994
76.65,robot1,robot3,1.8274590060945965
76.65,robot1,robot4,3.2910285871859655
76.65,robot2,robot3,1.8673108403811618
76.65,robot2,robot4,1.741734867723558
76.65,robot3,robot4,2.217558398081322
76.7,robot1,robot2,1.818284285865662
76.7,robot1,robot3,1.829003510369786
76.7,robot1,robot4,3.2910478997311783
76.7,robot2,robot3,1.868325917359442
76.7,robot2,robot4,1.7420322430371373
76.7,robot3,robot4,2.216732157354605
76.75,robot1,robot2,1.8183278937557577
76.75,robot1,robot3,1.8302315318954185
76.75,robot1,robot4,3.2910462236182583
76.75,robot2,robot3,1.8689969217327513
76.75,robot2,robot4,1.74240854911133
76.75,robot3,robot4,2.215804414628297
76.80000000000001,robot1,robot2,1.8183716875097347
76.80000000000001,robot1,robot3,1.8314597297156172
76.80000000000001,robot1,robot4,3.2910445475096504
76.80000000000001,robot2,robot3,1.8696692998177513
76.80000000000001,robot2,robot4,1.742784966217003
76.80000000000001,robot3,robot4,2.214877113110567
76.85000000000001,robot1,robot2,1.818306920812669
76.85000000000001,robot1,robot3,1.832561312926801
76.85000000000001,robot1,robot4,3.2910145078917536
76.85000000000001,robot2,robot3,1.870109942584994
76.85000000000001,robot2,robot4,1.743233395993276
76.85000000000001,robot3,robot4,2.2138132705162827
76.9,robot1,robot2,1.8182423775905125
76.9,robot1,robot3,1.8336632072466303
76.9,robot1,robot4,3.2909844690768444
76.9,robot2,robot3,1.870552152956982
76.9,robot2,robot4,1.743681904200706
76.9,robot3,robot4,2.2127497660261994
76.95,robot1,robot2,1.8178191983188263
76.95,robot1,robot3,1.8330650659216245
76.95,robot1,robot4,3.290279760539824
76.95,robot2,robot3,1.8709856475505766
76.95,robot2,robot4,1.7444443311056104
76.95,robot3,robot4,2.2119002919117423
77.0,robot1,robot2,1.8173988562701366
77.0,robot1,robot3,1.8324676714924606
77.0,robot1,robot4,3.2895755387899213
77.0,robot2,robot3,1.8714205263651995
77.0,robot2,robot4,1.745206857155048
77.0,robot3,robot4,2.211050934710008
77.05000000000001,robot1,robot2,1.8167152918894582
77.05000000000001,robot1,robot3,1.8316392407980477
77.05000000000001,robot1,robot4,3.28897695453058
77.05000000000001,robot2,robot3,1.871681198228547
77.05000000000001,robot2,robot4,1.7462490597527178
77.05000000000001,robot3,robot4,2.2104590195288623
77.10000000000001,robot1,robot2,1.8160347891050983
77.10000000000001,robot1,robot3,1.830811550772498
77.10000000000001,robot1,robot4,3.2883789952902323
77.10000000000001,robot2,robot3,1.8719433785950899
77.10000000000001,robot2,robot4,1.7472912672047556
77.10000000000001,robot3,robot4,2.209867168953826
77.15,robot1,robot2,1.8151291414665927
77.15,robot1,robot3,1.8298823178822181
77.15,robot1,robot4,3.287868360806816
77.15,robot2,robot3,1.871931177812969
77.15,robot2,robot4,1.7484810030155462
77.15,robot3,robot4,2.2093872246010884
77.2,robot1,robot2,1.8142262276422423
77.2,robot1,robot3,1.8289538169264963
77.2,robot1,robot4,3.287358347878734
77.2,robot2,robot3,1.8719205525355505
77.2,robot2,robot4,1.7496707601503203
77.2,robot3,robot4,2.2089073050488106
77.25,robot1,robot2,1.8131056620341381
77.25,robot1,robot3,1.8278908545315966
77.25,robot1,robot4,3.2867986969714544
77.25,robot2,robot3,1.8716222887732983
77.25,robot2,robot4,1.750907022834879
77.25,robot3,robot4,2.208392091788616
77.30000000000001,robot1,robot2,1.8119874690648385
77.30000000000001,robot1,robot3,1.8268285866498255
77.30000000000001,robot1,robot4,3.2862395640343993
77.30000000000001,robot2,robot3,1.8713255619675053
77.30000000000001,robot2,robot4,1.7521433455379734
77.30000000000001,robot3,robot4,2.207876879125283
77.35000000000001,robot1,robot2,1.810684120350441
77.35000000000001,robot1,robot3,1.8255814529750514
77.35000000000001,robot1,robot4,3.2856069428081702
77.35000000000001,robot2,robot3,1.8707600859744817
77.35000000000001,robot2,robot4,1.7533937917731148
77.35000000000001,robot3,robot4,2.2073370778033086
77.4,robot1,robot2,1.8093829239597128
77.4,robot1,robot3,1.8243350021136469
77.4,robot1,robot4,3.2849747925839554
77.4,robot2,robot3,1.8701960502599722
77.4,robot2,robot4,1.7546443503824358
77.4,robot3,robot4,2.2067972865193126
77.45,robot1,robot2,1.8081660621077509
77.45,robot1,robot3,1.8230831132222827
77.45,robot1,robot4,3.284468891390281
77.45,robot2,robot3,1.8693940001668992
77.45,robot2,robot4,1.7558066522425668
77.45,robot3,robot4,2.2062536589212156
77.5,robot1,robot2,1.806950817430292
77.5,robot1,robot3,1.821831981373694
77.5,robot1,robot4,3.2839633802821244
77.5,robot2,robot3,1.8685930906540353
77.5,robot2,robot4,1.7569691062400612
77.5,robot3,robot4,2.205710082166285
77.55000000000001,robot1,robot2,1.8050169298976804
77.55000000000001,robot1,robot3,1.8206180879114924
77.55000000000001,robot1,robot4,3.2836583486449986
77.55000000000001,robot2,robot3,1.8674469557913147
77.55000000000001,robot2,robot4,1.7589256857889852
77.55000000000001,robot3,robot4,2.2051832914319163
77.60000000000001,robot1,robot2,1.8030848622338878
77.60000000000001,robot1,robot3,1.819405088552299
77.60000000000001,robot1,robot4,3.283353647119055
77.60000000000001,robot2,robot3,1.8663034496900546
77.60000000000001,robot2,robot4,1.7608827860868541
77.60000000000001,robot3,robot4,2.2046566211453427
77.65,robot1,robot2,1.8012120977511918
77.65,robot1,robot3,1.8180413227587813
77.65,robot1,robot4,3.2831270554857452
77.65,robot2,robot3,1.8647568434952178
77.65,robot2,robot4,1.7627909711140601
77.65,robot3,robot4,2.2039591698654486
77.7,robot1,robot2,1.799340938980159
77.7,robot1,robot3,1.816678927107374
77.7,robot1,robot4,3.2829007909865324
77.7,robot2,robot3,1.863212687488468
77.7,robot2,robot4,1.764699746581837
77.7,robot3,robot4,2.203262010485362
77.75,robot1,robot2,1.7975400915420494
77.75,robot1,robot3,1.8150607952386884
77.75,robot1,robot4,3.283243196361221
77.75,robot2,robot3,1.8607611493274736
77.75,robot2,robot4,1.767067533536353
77.75,robot3,robot4,2.2022589366246765
77.80000000000001,robot1,robot2,1.795740644004584
77.80000000000001,robot1,robot3,1.8134458706038066
77.80000000000001,robot1,robot4,3.283585828633234
77.80000000000001,robot2,robot3,1.8583123004403745
77.80000000000001,robot2,robot4,1.7694360233286204
77.80000000000001,robot3,robot4,2.2012572758123934
77.85000000000001,robot1,robot2,1.7940330223270695
77.85000000000001,robot1,robot3,1.811695283009328
77.85000000000001,robot1,robot4,3.284315160573244
77.85000000000001,robot2,robot3,1.8556814000862996
77.85000000000001,robot2,robot4,1.7720679826652395
77.85000000000001,robot3,robot4,2.2004982196153895
77.9,robot1,robot2,1.7923265557018342
77.9,robot1,robot3,1.8099480118216105
77.9,robot1,robot4,3.285044627034464
77.9,robot2,robot3,1.8530526292517975
77.9,robot2,robot4,1.7747006498702818
77.9,robot3,robot4,2.1997415226914727
77.95,robot1,robot2,1.7907346032581153
77.95,robot1,robot3,1.8081020291302698
77.95,robot1,robot4,3.2857696459716252
77.95,robot2,robot3,1.8502810565676233
77.95,robot2,robot4,1.7771944083758815
77.95,robot3,robot4,2.1989280023503497
78.0,robot1,robot2,1.7891435696606353
78.0,robot1,robot3,1.8062594203217321
78.0,robot1,robot4,3.286494746053004
78.0,robot2,robot3,1.8475111104328978
78.0,robot2,robot4,1.779688738999042
78.0,robot3,robot4,2.1981173361094717
78.05000000000001,robot1,robot2,1.7876763706127707
78.05000000000001,robot1,robot3,1.8043391955145927
78.05000000000001,robot1,robot4,3.287231694053904
78.05000000000001,robot2,robot3,1.8446027424522866
78.05000000000001,robot2,robot4,1.7820228982968354
78.05000000000001,robot3,robot4,2.1972847990561553
78.10000000000001,robot1,robot2,1.7862098458549034
78.10000000000001,robot1,robot3,1.8024223624117621
78.10000000000001,robot1,robot4,3.287968688965879
78.10000000000001,robot2,robot3,1.8416955445852057
78.10000000000001,robot2,robot4,1.7843575517516108
78.10000000000001,robot3,robot4,2.1964555666149947
78.15,robot1,robot2,1.784856706888959
78.15,robot1,robot3,1.8004229656150244
78.15,robot1,robot4,3.288665918016643
78.15,robot2,robot3,1.8386731137052335
78.15,robot2,robot4,1.7864985232404338
78.15,robot3,robot4,2.1955881861964115
78.2,robot1,robot2,1.7835040514686251
78.2,robot1,robot3,1.7984269239493718
78.2,robot1,robot4,3.2893631711006006
78.2,robot2,robot3,1.8356514728686923
78.2,robot2,robot4,1.7886399045895178
78.2,robot3,robot4,2.194724492537731
78.25,robot1,robot2,1.782345210034521
78.25,robot1,robot3,1.7963152541069318
78.25,robot1,robot4,3.290037492011945
78.25,robot2,robot3,1.8325503171207196
78.25,robot2,robot4,1.7905568653978152
78.25,robot3,robot4,2.1938500851659164
78.30000000000001,robot1,robot2,1.7811867611525183
78.30000000000001,robot1,robot3,1.7942070773377854
78.30000000000001,robot1,robot4,3.290711837686491
78.30000000000001,robot2,robot3,1.8294496174751567
78.30000000000001,robot2,robot4,1.7924741619641278
78.30000000000001,robot3,robot4,2.1929796658184038
78.35000000000001,robot1,robot2,1.7803231542816178
78.35000000000001,robot1,robot3,1.7920249043860967
78.35000000000001,robot1,robot4,3.2914421563907212
78.35000000000001,robot2,robot3,1.8262621335770086
78.35000000000001,robot2,robot4,1.7941501625784424
78.35000000000001,robot3,robot4,2.192090739261037
78.4,robot1,robot2,1.7794598886740889
78.4,robot1,robot3,1.789846744878734
78.4,robot1,robot4,3.292172524997133
78.4,robot2,robot3,1.8230748848505922
78.4,robot2,robot4,1.7958264642626247
78.4,robot3,robot4,2.191205970397352
78.45,robot1,robot2,1.780262269586493
78.45,robot1,robot3,1.7877605550791753
78.45,robot1,robot4,3.2929590315217254
78.45,robot2,robot3,1.8210961013030724
78.45,robot2,robot4,1.7966763200034808
78.45,robot3,robot4,2.1903237168515752
78.5,robot1,robot2,1.781065338114523
78.5,robot1,robot3,1.7856782769359658
78.5,robot1,robot4,3.293745563354279
78.5,robot2,robot3,1.819117490710262
78.5,robot2,robot4,1.797526509549442
78.5,robot3,robot4,2.1894457169167265
78.55000000000001,robot1,robot2,1.7823051948969069
78.55000000000001,robot1,robot3,1.7837706969211313
78.55000000000001,robot1,robot4,3.2945604188653537
78.55000000000001,robot2,robot3,1.817370552144498
78.55000000000001,robot2,robot4,1.7981022605987262
78.55000000000001,robot3,robot4,2.1884474531556037
