scenario,scenario_generation_version,rvo_safety_layer_version,tier,area_policy,robots,seed,method,noise_level,sigma_p,sigma_v,observation_noise_protocol,observation_noise_seed,workspace_width,workspace_height,workspace_area,agent_density,area_per_agent,dominant_flow_axis,lateral_axis,passage_width,agents_per_passage_width,start_bounds_margin,goal_bounds_margin,starts_out_of_bounds,goals_out_of_bounds,initial_collision,initial_safety_violation,initial_obstacle_collision,initial_min_distance,success,collision,safety_violation,obstacle_collision,min_distance,completion_time,steps,final_goal_distance,max_final_goal_distance,progress_ratio,path_length,control_effort,smoothness,latency_ms,screen_reject_rate,screen_all_reject_rate,screen_min_margin,screen_selected_margin,screen_predicted_margin,screen_runtime_margin,rvo_intervention_rate,architecture,candidate_conditioned,feature_key,planner_method,training_seed,seed_index
corridor,density_v4_interaction_tiers,rvo_multistep_density_v1,main,fixed,4,14208,plain_candidate,clean,0.0,0.0,neighbor_gaussian_v1,15468589108651211794,12.0,5.4,64.80000000000001,0.0617283950617283,16.200000000000003,x,y,4.140000000000001,0.9661835748792268,0.9804019927978516,0.965878963470459,0,0,0,0,0,1.2091886186599732,1,0,1,0,0.497450590133667,13.56,113,0.1060601994395256,0.3033327162265777,0.9896215116605164,11.786341958097182,0.598809346177541,0.429248339372926,0.1671573016339237,0.1752212389380531,0.1128318584070796,0.2179376992336021,0.3494130551261184,0.3892247756906842,0.5331042477936871,0.6880530973451328,plain,1,x_intent,icgp_rvo_mpc,7,20
corridor,density_v4_interaction_tiers,rvo_multistep_density_v1,main,fixed,4,14208,plain_zero,clean,0.0,0.0,neighbor_gaussian_v1,15468589108651211794,12.0,5.4,64.80000000000001,0.0617283950617283,16.200000000000003,x,y,4.140000000000001,0.9661835748792268,0.9804019927978516,0.965878963470459,0,0,0,0,0,1.2091886186599732,1,0,1,0,0.506458044052124,13.32,111,0.1109005361795425,0.3091563880443573,0.9891478614881636,11.80244967143517,0.6245012184361683,0.4184657722409513,0.219256531914931,0.1842342342342342,0.1576576576576576,0.2529294964093883,0.359673557740611,0.3982777300423329,0.5130864056354171,0.6914414414414415,plain,0,x_passive,passive_rvo_mpc,7,20
corridor,density_v4_interaction_tiers,rvo_multistep_density_v1,main,fixed,4,14208,residual_candidate,clean,0.0,0.0,neighbor_gaussian_v1,15468589108651211794,12.0,5.4,64.80000000000001,0.0617283950617283,16.200000000000003,x,y,4.140000000000001,0.9661835748792268,0.9804019927978516,0.965878963470459,0,0,0,0,0,1.2091886186599732,1,0,0,0,0.6844357848167419,12.96,108,0.1256496608257293,0.3434627056121826,0.987704590894282,10.911152047629002,0.565236662337729,0.3729574319872039,0.2676722234119316,0.2416666666666666,0.1944444444444444,0.1812978170006708,0.3270657837459886,0.3613245338546457,0.5923759601472152,0.3842592592592592,residual,1,x_intent,icgp_rvo_mpc,7,20
corridor,density_v4_interaction_tiers,rvo_multistep_density_v1,main,fixed,4,14208,residual_zero,clean,0.0,0.0,neighbor_gaussian_v1,15468589108651211794,12.0,5.4,64.80000000000001,0.0617283950617283,16.200000000000003,x,y,4.140000000000001,0.9661835748792268,0.9804019927978516,0.965878963470459,0,0,0,0,0,1.2091886186599732,1,0,0,0,0.6767696142196655,12.0,100,0.1537279486656189,0.323974072933197,0.9849569983780384,10.697001780674327,0.7475190548645333,0.5086077379249037,0.3357147502538282,0.2735,0.2,0.2289577872052788,0.3361324483484029,0.376243912473321,0.6732264753416182,0.4475,residual,0,x_passive,residual_passive_rvo_mpc,7,20
corridor,density_v4_interaction_tiers,rvo_multistep_density_v1,main,fixed,4,14208,plain_candidate,low,0.02,0.04,neighbor_gaussian_v1,9980718006475567734,12.0,5.4,64.80000000000001,0.0617283950617283,16.200000000000003,x,y,4.140000000000001,0.9661835748792268,0.9804019927978516,0.965878963470459,0,0,0,0,0,1.2091886186599732,1,0,0,0,0.597234845161438,12.36,103,0.1287409961223602,0.3762204349040985,0.9874020889401436,11.666103962343186,0.6344997849930258,0.4903659612229726,0.1988293688113629,0.1766990291262136,0.1189320388349514,0.2194095116249711,0.3448021444417897,0.3860311599177063,0.5486947757237166,0.7597087378640777,plain,1,x_intent,icgp_rvo_mpc,7,20
corridor,density_v4_interaction_tiers,rvo_multistep_density_v1,main,fixed,4,14208,plain_zero,low,0.02,0.04,neighbor_gaussian_v1,9980718006475567734,12.0,5.4,64.80000000000001,0.0617283950617283,16.200000000000003,x,y,4.140000000000001,0.9661835748792268,0.9804019927978516,0.965878963470459,0,0,0,0,0,1.2091886186599732,1,0,1,0,0.4973489940166473,13.2,110,0.1088036075234413,0.3071131408214569,0.9893530560657382,11.77056276134681,0.6540690305219455,0.5079941099001603,0.2028706819559871,0.149090909090909,0.1181818181818181,0.2526828883465549,0.3627772046192126,0.4138158742162314,0.5101034824252129,0.6818181818181818,plain,0,x_passive,passive_rvo_mpc,7,20
corridor,density_v4_interaction_tiers,rvo_multistep_density_v1,main,fixed,4,14208,residual_candidate,low,0.02,0.04,neighbor_gaussian_v1,9980718006475567734,12.0,5.4,64.80000000000001,0.0617283950617283,16.200000000000003,x,y,4.140000000000001,0.9661835748792268,0.9804019927978516,0.965878963470459,0,0,0,0,0,1.2091886186599732,1,0,0,0,0.6998974084854126,12.96,108,0.1195950955152511,0.3200253546237945,0.9882970582693816,10.947840109933168,0.6090603746534152,0.4200069391496341,0.2661289349985222,0.2402777777777777,0.1782407407407407,0.1822459411281333,0.3272493208151448,0.3644433876796177,0.5910812137869221,0.3958333333333333,residual,1,x_intent,icgp_rvo_mpc,7,20
corridor,density_v4_interaction_tiers,rvo_multistep_density_v1,main,fixed,4,14208,residual_zero,low,0.02,0.04,neighbor_gaussian_v1,9980718006475567734,12.0,5.4,64.80000000000001,0.0617283950617283,16.200000000000003,x,y,4.140000000000001,0.9661835748792268,0.9804019927978516,0.965878963470459,0,0,0,0,0,1.2091886186599732,1,0,0,0,0.7146865725517273,13.2,110,0.0953606963157653,0.2831335961818695,0.9906685082241892,10.84487964323489,0.6850302399474789,0.432527544171634,0.2778502281712876,0.2740909090909091,0.2136363636363636,0.2032107189033518,0.3242878101678057,0.3568430734486742,0.6585989669243043,0.3818181818181818,residual,0,x_passive,residual_passive_rvo_mpc,7,20
corridor,density_v4_interaction_tiers,rvo_multistep_density_v1,main,fixed,4,14208,plain_candidate,medium,0.05,0.1,neighbor_gaussian_v1,16631025112121717364,12.0,5.4,64.80000000000001,0.0617283950617283,16.200000000000003,x,y,4.140000000000001,0.9661835748792268,0.9804019927978516,0.965878963470459,0,0,0,0,0,1.2091886186599732,1,0,0,0,0.6507655382156372,11.76,98,0.1769492328166961,0.3557220101356506,0.982684686779976,10.617542315652829,0.7889852918380377,0.6321611977372394,0.2142038273242568,0.1397959183673469,0.0637755102040816,0.2045173219598982,0.3468829969696851,0.3802552655430473,0.6339401573353276,0.548469387755102,plain,1,x_intent,icgp_rvo_mpc,7,20
corridor,density_v4_interaction_tiers,rvo_multistep_density_v1,main,fixed,4,14208,plain_zero,medium,0.05,0.1,neighbor_gaussian_v1,16631025112121717364,12.0,5.4,64.80000000000001,0.0617283950617283,16.200000000000003,x,y,4.140000000000001,0.9661835748792268,0.9804019927978516,0.965878963470459,0,0,0,0,0,1.2091886186599732,1,0,0,0,0.7143702507019043,11.28,94,0.1640045195817947,0.28028404712677,0.983951387926936,11.432232032995673,0.831799913316648,0.688161487671289,0.2484353727653642,0.1845744680851063,0.1462765957446808,0.2555943538795443,0.351520260369524,0.4301892079127595,0.5415143224089705,0.8324468085106383,plain,0,x_passive,passive_rvo_mpc,7,20
corridor,density_v4_interaction_tiers,rvo_multistep_density_v1,main,fixed,4,14208,residual_candidate,medium,0.05,0.1,neighbor_gaussian_v1,16631025112121717364,12.0,5.4,64.80000000000001,0.0617283950617283,16.200000000000003,x,y,4.140000000000001,0.9661835748792268,0.9804019927978516,0.965878963470459,0,0,0,0,0,1.2091886186599732,1,0,0,0,0.7999526262283325,10.68,89,0.1959566324949264,0.3364151418209076,0.9808247238397598,10.388974119734485,0.5926406318217181,0.5306844986305478,0.249398595606385,0.1876404494382022,0.1151685393258427,0.2751286717458219,0.4137549313551255,0.4474345645023865,0.6732545350625944,0.5870786516853933,residual,1,x_intent,icgp_rvo_mpc,7,20
corridor,density_v4_interaction_tiers,rvo_multistep_density_v1,main,fixed,4,14208,residual_zero,medium,0.05,0.1,neighbor_gaussian_v1,16631025112121717364,12.0,5.4,64.80000000000001,0.0617283950617283,16.200000000000003,x,y,4.140000000000001,0.9661835748792268,0.9804019927978516,0.965878963470459,0,0,0,0,0,1.2091886186599732,1,0,0,0,0.7096455097198486,11.4,95,0.1562637835741043,0.3515967428684234,0.9847088549286128,11.533327268378343,0.7754698447490993,0.6962500187519349,0.2644639476018615,0.0763157894736842,0.0657894736842105,0.3912125825132977,0.4751457131034449,0.5594416916260594,0.5716891538971348,0.8315789473684211,residual,0,x_passive,residual_passive_rvo_mpc,7,20
corridor,density_v4_interaction_tiers,rvo_multistep_density_v1,main,fixed,4,14208,plain_candidate,high,0.1,0.2,neighbor_gaussian_v1,15211627251987369966,12.0,5.4,64.80000000000001,0.0617283950617283,16.200000000000003,x,y,4.140000000000001,0.9661835748792268,0.9804019927978516,0.965878963470459,0,0,0,0,0,1.2091886186599732,1,0,0,0,0.6243906617164612,12.24,102,0.1109350696206092,0.3023059070110321,0.9891444826498628,11.762895102147011,1.0329921923431695,0.8868674619086817,0.224783333667837,0.1995098039215686,0.1495098039215686,0.1950568180330389,0.3226732393938536,0.3865906870788803,0.5316988728443782,0.7598039215686274,plain,1,x_intent,icgp_rvo_mpc,7,20
corridor,density_v4_interaction_tiers,rvo_multistep_density_v1,main,fixed,4,14208,plain_zero,high,0.1,0.2,neighbor_gaussian_v1,15211627251987369966,12.0,5.4,64.80000000000001,0.0617283950617283,16.200000000000003,x,y,4.140000000000001,0.9661835748792268,0.9804019927978516,0.965878963470459,0,0,0,0,0,1.2091886186599732,1,0,0,0,0.7079135179519653,10.92,91,0.1288654953241348,0.2836324274539947,0.987389906309545,10.742220169166105,0.9552257426983708,0.8118369801297456,0.2247692312236752,0.3005494505494505,0.2307692307692307,0.1584386902292269,0.2820759943819471,0.3228668942920617,0.5526223971866644,0.6675824175824175,plain,0,x_passive,passive_rvo_mpc,7,20
corridor,density_v4_interaction_tiers,rvo_multistep_density_v1,main,fixed,4,14208,residual_candidate,high,0.1,0.2,neighbor_gaussian_v1,15211627251987369966,12.0,5.4,64.80000000000001,0.0617283950617283,16.200000000000003,x,y,4.140000000000001,0.9661835748792268,0.9804019927978516,0.965878963470459,0,0,0,0,0,1.2091886186599732,1,0,0,0,0.7385092377662659,13.32,111,0.1251705586910247,0.2846049666404724,0.9877514727413654,10.944002592383184,0.7398971979928974,0.5547232761861639,0.2829540530869922,0.2432432432432432,0.1734234234234234,0.1831418459228164,0.3331325925631566,0.3719638476634885,0.6027710596102853,0.3783783783783784,residual,1,x_intent,icgp_rvo_mpc,7,20
corridor,density_v4_interaction_tiers,rvo_multistep_density_v1,main,fixed,4,14208,residual_zero,high,0.1,0.2,neighbor_gaussian_v1,15211627251987369966,12.0,5.4,64.80000000000001,0.0617283950617283,16.200000000000003,x,y,4.140000000000001,0.9661835748792268,0.9804019927978516,0.965878963470459,0,0,0,0,0,1.2091886186599732,1,0,0,0,0.8071387410163879,11.28,94,0.1699284315109253,0.331775426864624,0.9833717048168182,10.451476660236947,0.6862624585182664,0.5329719407860427,0.3073095745577952,0.275,0.2207446808510638,0.2238058021812244,0.3360673928974156,0.376123087664551,0.6972453360624137,0.3936170212765957,residual,0,x_passive,residual_passive_rvo_mpc,7,20
corridor,density_v4_interaction_tiers,rvo_multistep_density_v1,main,fixed,8,18208,plain_candidate,clean,0.0,0.0,neighbor_gaussian_v1,3396955861946626013,12.0,5.4,64.80000000000001,0.1234567901234567,8.100000000000001,x,y,4.140000000000001,1.9323671497584536,0.9860291481018066,0.988739013671875,0,0,0,0,0,0.6862567663192749,0,0,0,0,0.61967933177948,26.4,220,0.6375447511672974,1.3607330322265625,0.937015101313591,15.165109717774612,1.0592309625311331,1.0159981493245471,0.0957510796896795,0.6005681818181818,0.4295454545454545,-0.1420344818397107,0.0315428417042236,0.0363977477687664,0.4514444132934918,0.7732954545454546,plain,1,x_intent,icgp_rvo_mpc,7,20
corridor,density_v4_interaction_tiers,rvo_multistep_density_v1,main,fixed,8,18208,plain_zero,clean,0.0,0.0,neighbor_gaussian_v1,3396955861946626013,12.0,5.4,64.80000000000001,0.1234567901234567,8.100000000000001,x,y,4.140000000000001,1.9323671497584536,0.9860291481018066,0.988739013671875,0,0,0,0,0,0.6862567663192749,0,0,0,0,0.6476003527641296,26.4,220,0.7163382172584534,1.104519248008728,0.9292308613657952,14.181336263936828,1.058891722695394,1.0175172222947533,0.0953003409614955,0.5153409090909091,0.3744318181818182,-0.086940688560939,0.0312446697699752,0.0377703021906993,0.4509678967740727,0.7045454545454546,plain,0,x_passive,passive_rvo_mpc,7,20
corridor,density_v4_interaction_tiers,rvo_multistep_density_v1,main,fixed,8,18208,residual_candidate,clean,0.0,0.0,neighbor_gaussian_v1,3396955861946626013,12.0,5.4,64.80000000000001,0.1234567901234567,8.100000000000001,x,y,4.140000000000001,1.9323671497584536,0.9860291481018066,0.988739013671875,0,0,0,0,0,0.6862567663192749,0,0,0,0,0.5658456683158875,26.4,220,0.7757249474525452,2.0315489768981934,0.9233638718724252,15.712509320796016,1.1102296273816716,1.085525740073486,0.1444345453902232,0.4276136363636363,0.3153409090909091,-0.0334784769410987,0.1162327797226607,0.1332362371625548,0.4651358032504266,0.8005681818181818,residual,1,x_intent,icgp_rvo_mpc,7,20
corridor,density_v4_interaction_tiers,rvo_multistep_density_v1,main,fixed,8,18208,residual_zero,clean,0.0,0.0,neighbor_gaussian_v1,3396955861946626013,12.0,5.4,64.80000000000001,0.1234567901234567,8.100000000000001,x,y,4.140000000000001,1.9323671497584536,0.9860291481018066,0.988739013671875,0,0,0,0,0,0.6862567663192749,0,0,0,0,0.6045801639556885,26.4,220,0.756756067276001,1.1044739484786987,0.9252378642559052,14.731602012732765,0.9388661474666812,0.8882490410723469,0.1385613634986591,0.5005681818181819,0.3840909090909091,-0.0441982941223964,0.0563582104624841,0.0636148328351872,0.4444610039722175,0.7607954545454545,residual,0,x_passive,residual_passive_rvo_mpc,7,20
corridor,density_v4_interaction_tiers,rvo_multistep_density_v1,main,fixed,8,18208,plain_candidate,low,0.02,0.04,neighbor_gaussian_v1,18370763159684934327,12.0,5.4,64.80000000000001,0.1234567901234567,8.100000000000001,x,y,4.140000000000001,1.9323671497584536,0.9860291481018066,0.988739013671875,0,0,0,0,0,0.6862567663192749,0,0,0,0,0.5984269380569458,26.4,220,0.7446843385696411,1.757426142692566,0.9264304637908936,13.78875254866398,1.0372541246089069,1.075662533735687,0.1039428979724603,0.58875,0.3721590909090909,-0.1253886183189778,0.0470438227728009,0.0514294255640018,0.5099794948003256,0.7517045454545455,plain,1,x_intent,icgp_rvo_mpc,7,20
corridor,density_v4_interaction_tiers,rvo_multistep_density_v1,main,fixed,8,18208,plain_zero,low,0.02,0.04,neighbor_gaussian_v1,18370763159684934327,12.0,5.4,64.80000000000001,0.1234567901234567,8.100000000000001,x,y,4.140000000000001,1.9323671497584536,0.9860291481018066,0.988739013671875,0,0,0,0,0,0.6862567663192749,0,0,0,0,0.5852304697036743,26.4,220,0.8308475017547607,1.771472454071045,0.9179181605577468,14.448120596005538,1.0699956434694204,1.102225465530699,0.1041703980511308,0.5992045454545455,0.4539772727272727,-0.1190196435787312,-0.0024805845529349,0.002503657078963,0.3749033369811421,0.7261363636363637,plain,0,x_passive,passive_rvo_mpc,7,20
corridor,density_v4_interaction_tiers,rvo_multistep_density_v1,main,fixed,8,18208,residual_candidate,low,0.02,0.04,neighbor_gaussian_v1,18370763159684934327,12.0,5.4,64.80000000000001,0.1234567901234567,8.100000000000001,x,y,4.140000000000001,1.9323671497584536,0.9860291481018066,0.988739013671875,0,0,0,0,0,0.6862567663192749,0,0,0,0,0.674069881439209,26.4,220,0.7260110378265381,1.461843729019165,0.9282752573490144,14.175286829115066,1.018546299636364,1.0742199980399825,0.1224383524955059,0.4148863636363636,0.2875,-0.0488576680728107,0.1065856992968104,0.1094804448363455,0.4169864413770424,0.7875,residual,1,x_intent,icgp_rvo_mpc,7,20
corridor,density_v4_interaction_tiers,rvo_multistep_density_v1,main,fixed,8,18208,residual_zero,low,0.02,0.04,neighbor_gaussian_v1,18370763159684934327,12.0,5.4,64.80000000000001,0.1234567901234567,8.100000000000001,x,y,4.140000000000001,1.9323671497584536,0.9860291481018066,0.988739013671875,0,0,0,0,0,0.6862567663192749,0,0,0,0,0.6074151396751404,26.4,220,0.7447319030761719,1.3179608583450315,0.9264257699251176,15.184933049735264,1.1910987290807746,1.2093064690855415,0.1231636361560297,0.3634090909090909,0.246590909090909,0.0137553176773733,0.110695884516632,0.1320251096741042,0.4042746961506253,0.8068181818181818,residual,0,x_passive,residual_passive_rvo_mpc,7,20
corridor,density_v4_interaction_tiers,rvo_multistep_density_v1,main,fixed,8,18208,plain_candidate,medium,0.05,0.1,neighbor_gaussian_v1,18297583827609456741,12.0,5.4,64.80000000000001,0.1234567901234567,8.100000000000001,x,y,4.140000000000001,1.9323671497584536,0.9860291481018066,0.988739013671875,0,0,0,0,0,0.6862567663192749,0,0,0,0,0.6156066060066223,26.4,220,0.7157811522483826,1.4943174123764038,0.9292858988046646,14.403744737828674,1.2660746757279744,1.2750636138699272,0.1027580680701331,0.5919318181818182,0.4306818181818181,-0.1396570943070162,0.0225120177770202,0.025371281650256,0.4913479498329319,0.7732954545454546,plain,1,x_intent,icgp_rvo_mpc,7,20
corridor,density_v4_interaction_tiers,rvo_multistep_density_v1,main,fixed,8,18208,plain_zero,medium,0.05,0.1,neighbor_gaussian_v1,18297583827609456741,12.0,5.4,64.80000000000001,0.1234567901234567,8.100000000000001,x,y,4.140000000000001,1.9323671497584536,0.9860291481018066,0.988739013671875,0,0,0,0,0,0.6862567663192749,0,1,1,0,0.3849701285362243,26.4,220,0.8090500235557556,1.443530559539795,0.9200715944170952,14.390836846418097,1.142265222966671,1.1496886616403406,0.0987023292757591,0.5946590909090909,0.4585227272727272,-0.1161518763788309,0.0102775931662287,0.0132630360809747,0.4537610447532074,0.7551136363636364,plain,0,x_passive,passive_rvo_mpc,7,20
corridor,density_v4_interaction_tiers,rvo_multistep_density_v1,main,fixed,8,18208,residual_candidate,medium,0.05,0.1,neighbor_gaussian_v1,18297583827609456741,12.0,5.4,64.80000000000001,0.1234567901234567,8.100000000000001,x,y,4.140000000000001,1.9323671497584536,0.9860291481018066,0.988739013671875,0,0,0,0,0,0.6862567663192749,0,0,0,0,0.6111892461776733,26.4,220,0.618030309677124,1.1983050107955933,0.9389429874718188,14.097115765594936,1.2236300854520363,1.2444846884770826,0.1228334658001337,0.4293181818181818,0.3045454545454545,-0.0493112214721728,0.1022871091392907,0.124337277749384,0.437043803495101,0.7960227272727273,residual,1,x_intent,icgp_rvo_mpc,7,20
corridor,density_v4_interaction_tiers,rvo_multistep_density_v1,main,fixed,8,18208,residual_zero,medium,0.05,0.1,neighbor_gaussian_v1,18297583827609456741,12.0,5.4,64.80000000000001,0.1234567901234567,8.100000000000001,x,y,4.140000000000001,1.9323671497584536,0.9860291481018066,0.988739013671875,0,0,0,0,0,0.6862567663192749,0,0,0,0,0.670610785484314,26.4,220,0.7656143307685852,1.095866322517395,0.9243627339601516,13.94334041640832,1.2576106678355825,1.2779550584879789,0.121115966248908,0.4602272727272727,0.3443181818181818,-0.0159015939148375,0.0867448577388528,0.0958576233551668,0.462364839300852,0.8278409090909091,residual,0,x_passive,residual_passive_rvo_mpc,7,20
corridor,density_v4_interaction_tiers,rvo_multistep_density_v1,main,fixed,8,18208,plain_candidate,high,0.1,0.2,neighbor_gaussian_v1,1807044488155217113,12.0,5.4,64.80000000000001,0.1234567901234567,8.100000000000001,x,y,4.140000000000001,1.9323671497584536,0.9860291481018066,0.988739013671875,0,0,0,0,0,0.6862567663192749,0,0,0,0,0.6185910105705261,26.4,220,0.7007142305374146,1.8750203847885127,0.9307743981480598,14.83591784293094,1.5421933673999526,1.490894728899002,0.097083181853205,0.6056818181818182,0.4664772727272727,-0.1428253439664311,0.0133613157611001,0.0243537097339602,0.4155386239171706,0.7215909090909091,plain,1,x_intent,icgp_rvo_mpc,7,20
corridor,density_v4_interaction_tiers,rvo_multistep_density_v1,main,fixed,8,18208,plain_zero,high,0.1,0.2,neighbor_gaussian_v1,1807044488155217113,12.0,5.4,64.80000000000001,0.1234567901234567,8.100000000000001,x,y,4.140000000000001,1.9323671497584536,0.9860291481018066,0.988739013671875,0,0,0,0,0,0.6862567663192749,0,0,0,0,0.5730970501899719,26.4,220,0.6848489046096802,1.0830206871032717,0.9323417842388152,14.807159572272212,1.377574367008426,1.3498363828117197,0.0984455112881154,0.5423863636363636,0.4056818181818182,-0.0902396995581591,0.0364421859805218,0.0432223070302808,0.4539083420156756,0.7704545454545455,plain,0,x_passive,passive_rvo_mpc,7,20
corridor,density_v4_interaction_tiers,rvo_multistep_density_v1,main,fixed,8,18208,residual_candidate,high,0.1,0.2,neighbor_gaussian_v1,1807044488155217113,12.0,5.4,64.80000000000001,0.1234567901234567,8.100000000000001,x,y,4.140000000000001,1.9323671497584536,0.9860291481018066,0.988739013671875,0,0,0,0,0,0.6862567663192749,0,0,1,0,0.4985620677471161,26.4,220,0.7013216614723206,1.3648290634155271,0.9307143911719322,14.683206228597555,1.4500624162229625,1.4213376278227026,0.1203831818367524,0.5034090909090909,0.3806818181818182,-0.0850309514649826,0.0722918074620379,0.0819996333408423,0.4149475124183704,0.7676136363636363,residual,1,x_intent,icgp_rvo_mpc,7,20
corridor,density_v4_interaction_tiers,rvo_multistep_density_v1,main,fixed,8,18208,residual_zero,high,0.1,0.2,neighbor_gaussian_v1,1807044488155217113,12.0,5.4,64.80000000000001,0.1234567901234567,8.100000000000001,x,y,4.140000000000001,1.9323671497584536,0.9860291481018066,0.988739013671875,0,0,0,0,0,0.6862567663192749,0,0,0,0,0.5217613577842712,26.4,220,0.7062915563583374,1.617499828338623,0.9302233979105948,15.251549678709123,1.5028654292225838,1.4186214955015617,0.1161930114903952,0.48625,0.3823863636363636,-0.0415032718217275,0.0728069935505363,0.0820763529312204,0.4217209582112052,0.7704545454545455,residual,0,x_passive,residual_passive_rvo_mpc,7,20
narrow_gate,density_v4_interaction_tiers,rvo_multistep_density_v1,main,fixed,4,14517,plain_candidate,clean,0.0,0.0,neighbor_gaussian_v1,8666689575598292890,12.0,8.0,96.0,0.0416666666666666,24.0,x,y,2.2,1.818181818181818,0.8352046012878418,0.8689823150634766,0,0,0,0,0,2.7699313163757324,0,0,0,0,0.8138263673626677,26.4,220,3.7757434844970703,8.13843059539795,0.640839159488678,10.236264291112091,0.5912948707536667,0.5452288783737109,0.1966564778492532,0.416590909090909,0.2056818181818182,0.1319929771313712,0.3008150358678444,0.3091165582920747,0.8269375649672607,0.6079545454545454,plain,1,x_intent,icgp_rvo_mpc,7,20
narrow_gate,density_v4_interaction_tiers,rvo_multistep_density_v1,main,fixed,4,14517,plain_zero,clean,0.0,0.0,neighbor_gaussian_v1,8666689575598292890,12.0,8.0,96.0,0.0416666666666666,24.0,x,y,2.2,1.818181818181818,0.8352046012878418,0.8689823150634766,0,0,0,0,0,2.7699313163757324,0,0,0,0,0.8304518210983888,26.4,220,1.7700624465942385,6.887853622436523,0.8316259682178497,12.460171085454933,0.65157239778306,0.5193321029491595,0.1957150002867407,0.3056818181818181,0.1306818181818181,0.4329777549192958,0.5689031051035937,0.5762722949724198,1.1721304006096034,0.5022727272727273,plain,0,x_passive,passive_rvo_mpc,7,20
narrow_gate,density_v4_interaction_tiers,rvo_multistep_density_v1,main,fixed,4,14517,residual_candidate,clean,0.0,0.0,neighbor_gaussian_v1,8666689575598292890,12.0,8.0,96.0,0.0416666666666666,24.0,x,y,2.2,1.818181818181818,0.8352046012878418,0.8689823150634766,0,0,0,0,0,2.7699313163757324,1,0,0,0,0.8165723554031071,25.92,216,0.1285733580589294,0.2792890965938568,0.9877696894109248,13.860079843122548,0.8013874298485462,0.6483029397947928,0.2291900457715167,0.3064814814814814,0.1770833333333333,0.4258366835174606,0.5804937724044703,0.6131440135750991,1.026606787975298,0.5277777777777778,residual,1,x_intent,icgp_rvo_mpc,7,20
narrow_gate,density_v4_interaction_tiers,rvo_multistep_density_v1,main,fixed,4,14517,residual_zero,clean,0.0,0.0,neighbor_gaussian_v1,8666689575598292890,12.0,8.0,96.0,0.0416666666666666,24.0,x,y,2.2,1.818181818181818,0.8352046012878418,0.8689823150634766,0,0,0,0,0,2.7699313163757324,1,0,0,0,0.8166104547743147,21.84,182,0.1211747080087661,0.3633016049861908,0.9884734721854328,13.35728261766053,0.8198181073920761,0.6137426371294277,0.221158928240414,0.1815934065934066,0.0837912087912087,0.7133621321013159,0.8091374219501395,0.8354412973292796,1.161435645716953,0.4876373626373626,residual,0,x_passive,residual_passive_rvo_mpc,7,20
narrow_gate,density_v4_interaction_tiers,rvo_multistep_density_v1,main,fixed,4,14517,plain_candidate,low,0.02,0.04,neighbor_gaussian_v1,14343922121592447124,12.0,8.0,96.0,0.0416666666666666,24.0,x,y,2.2,1.818181818181818,0.8352046012878418,0.8689823150634766,0,0,0,0,0,2.7699313163757324,1,0,0,0,0.8183361176802314,16.919999999999998,141,0.098984882235527,0.3047887682914734,0.9905842402949928,11.735046637222696,0.7550444801516355,0.4853972282032235,0.2161781929007315,0.3535460992907801,0.2464539007092198,0.261684152620802,0.4311326980964169,0.4836815327654256,1.0591206037446077,0.4663120567375886,plain,1,x_intent,icgp_rvo_mpc,7,20
narrow_gate,density_v4_interaction_tiers,rvo_multistep_density_v1,main,fixed,4,14517,plain_zero,low,0.02,0.04,neighbor_gaussian_v1,14343922121592447124,12.0,8.0,96.0,0.0416666666666666,24.0,x,y,2.2,1.818181818181818,0.8352046012878418,0.8689823150634766,0,0,0,0,0,2.7699313163757324,1,0,0,0,0.7241435050964355,16.919999999999998,141,0.1104401424527168,0.3084382116794586,0.9894945789128542,11.530458366585664,0.6452051174933428,0.4632605653089398,0.1830157801361939,0.2879432624113475,0.2074468085106383,0.4080334480354011,0.5236822059069677,0.53285072134228,1.1423778712384391,0.4450354609929078,plain,0,x_passive,passive_rvo_mpc,7,20
narrow_gate,density_v4_interaction_tiers,rvo_multistep_density_v1,main,fixed,4,14517,residual_candidate,low,0.02,0.04,neighbor_gaussian_v1,14343922121592447124,12.0,8.0,96.0,0.0416666666666666,24.0,x,y,2.2,1.818181818181818,0.8352046012878418,0.8689823150634766,0,0,0,0,0,2.7699313163757324,1,0,0,0,0.7205689549446106,13.92,116,0.0968840941786766,0.2958891689777374,0.9907840732485056,11.17431924995617,0.8063635071779698,0.5965889287762614,0.2503838360757198,0.2672413793103448,0.1616379310344827,0.5082385263078402,0.6573377688421149,0.719056904242911,1.047885286956868,0.4956896551724138,residual,1,x_intent,icgp_rvo_mpc,7,20
narrow_gate,density_v4_interaction_tiers,rvo_multistep_density_v1,main,fixed,4,14517,residual_zero,low,0.02,0.04,neighbor_gaussian_v1,14343922121592447124,12.0,8.0,96.0,0.0416666666666666,24.0,x,y,2.2,1.818181818181818,0.8352046012878418,0.8689823150634766,0,0,0,0,0,2.7699313163757324,1,0,0,0,0.8156209384608796,20.04,167,0.0898620784282684,0.2809010148048401,0.9914520299062132,12.867080629364864,0.807713412880496,0.6357476597631861,0.2241263474187183,0.1940119760479041,0.092814371257485,0.5925057886401428,0.6948557206314661,0.7237517798441485,1.0566237751847902,0.5104790419161677,residual,0,x_passive,residual_passive_rvo_mpc,7,20
narrow_gate,density_v4_interaction_tiers,rvo_multistep_density_v1,main,fixed,4,14517,plain_candidate,medium,0.05,0.1,neighbor_gaussian_v1,12027835444252602310,12.0,8.0,96.0,0.0416666666666666,24.0,x,y,2.2,1.818181818181818,0.8352046012878418,0.8689823150634766,0,0,0,0,0,2.7699313163757324,0,0,0,0,0.8267344133252605,26.4,220,1.760774850845337,6.856743812561035,0.8325094431638718,13.36734015156253,0.7837759299452459,0.6292551966002708,0.1823760225802702,0.2715909090909091,0.0897727272727272,0.3832266077435062,0.5730052283368157,0.5871276208289098,1.0784379208065569,0.5375,plain,1,x_intent,icgp_rvo_mpc,7,20
narrow_gate,density_v4_interaction_tiers,rvo_multistep_density_v1,main,fixed,4,14517,plain_zero,medium,0.05,0.1,neighbor_gaussian_v1,12027835444252602310,12.0,8.0,96.0,0.0416666666666666,24.0,x,y,2.2,1.818181818181818,0.8352046012878418,0.8689823150634766,0,0,0,0,0,2.7699313163757324,0,0,0,0,0.8187445453647192,26.4,220,1.854750752449036,7.198886871337891,0.8235701471567154,12.643955769119202,0.7385437712658048,0.6439308254302225,0.2080018182988913,0.3252272727272727,0.1272727272727272,0.334592888016646,0.4680005794121454,0.4737353290939095,1.0524797501444687,0.5568181818181818,plain,0,x_passive,passive_rvo_mpc,7,20
narrow_gate,density_v4_interaction_tiers,rvo_multistep_density_v1,main,fixed,4,14517,residual_candidate,medium,0.05,0.1,neighbor_gaussian_v1,12027835444252602310,12.0,8.0,96.0,0.0416666666666666,24.0,x,y,2.2,1.818181818181818,0.8352046012878418,0.8689823150634766,0,0,0,0,0,2.7699313163757324,0,0,0,0,0.8049563997162137,26.4,220,1.7441167831420898,6.851541996002197,0.8340940028429031,11.607388318509038,0.5869506485048491,0.4801769548407618,0.230496022810588,0.28,0.1102272727272727,0.8907900853757209,1.0531740637356213,1.0699715152742608,1.3653182953916636,0.4295454545454545,residual,1,x_intent,icgp_rvo_mpc,7,20
narrow_gate,density_v4_interaction_tiers,rvo_multistep_density_v1,main,fixed,4,14517,residual_zero,medium,0.05,0.1,neighbor_gaussian_v1,12027835444252602310,12.0,8.0,96.0,0.0416666666666666,24.0,x,y,2.2,1.818181818181818,0.8352046012878418,0.8689823150634766,0,0,0,0,0,2.7699313163757324,1,0,0,0,0.8267344133252605,23.52,196,0.0935267806053161,0.2792041897773742,0.9911034321412444,13.07120947191288,0.6876707669105191,0.5539548649673187,0.2600743618855557,0.2553571428571428,0.1556122448979592,0.7119409916092972,0.8239691492176496,0.8599581838606348,1.2336497920771987,0.4885204081632653,residual,0,x_passive,residual_passive_rvo_mpc,7,20
narrow_gate,density_v4_interaction_tiers,rvo_multistep_density_v1,main,fixed,4,14517,plain_candidate,high,0.1,0.2,neighbor_gaussian_v1,13423431014174107477,12.0,8.0,96.0,0.0416666666666666,24.0,x,y,2.2,1.818181818181818,0.8352046012878418,0.8689823150634766,0,0,0,0,0,2.7699313163757324,0,0,0,0,0.7889053821563721,26.4,220,1.437308669090271,5.540494441986084,0.8632785826921463,12.077526886871055,0.9067053138733504,0.7768383640563116,0.1862542044281409,0.3227272727272727,0.1409090909090909,0.3338256216012974,0.5379137183716759,0.5530608005159244,1.0374333588267572,0.5261363636363636,plain,1,x_intent,icgp_rvo_mpc,7,20
narrow_gate,density_v4_interaction_tiers,rvo_multistep_density_v1,main,fixed,4,14517,plain_zero,high,0.1,0.2,neighbor_gaussian_v1,13423431014174107477,12.0,8.0,96.0,0.0416666666666666,24.0,x,y,2.2,1.818181818181818,0.8352046012878418,0.8689823150634766,0,0,0,0,0,2.7699313163757324,0,0,0,0,0.6015121340751648,26.4,220,1.7298753261566162,6.798514366149902,0.8354486972093582,11.764816223054368,0.91735600222045,0.7429287655257873,0.2034844318007923,0.3456818181818182,0.1852272727272727,0.4204820547883408,0.5489286327734467,0.565445120093256,1.1442257917502117,0.5011363636363636,plain,0,x_passive,passive_rvo_mpc,7,20
narrow_gate,density_v4_interaction_tiers,rvo_multistep_density_v1,main,fixed,4,14517,residual_candidate,high,0.1,0.2,neighbor_gaussian_v1,13423431014174107477,12.0,8.0,96.0,0.0416666666666666,24.0,x,y,2.2,1.818181818181818,0.8352046012878418,0.8689823150634766,0,0,0,0,0,2.7699313163757324,1,0,0,0,0.7864342927932739,22.08,184,0.1353823840618133,0.3678142726421356,0.9871219927445054,12.880043879922596,0.9436314264610542,0.7993649257658272,0.2213688855946479,0.2516304347826087,0.125,0.5137552157112447,0.6653917127396337,0.6801802355709252,1.0082475147041536,0.5502717391304348,residual,1,x_intent,icgp_rvo_mpc,7,20
narrow_gate,density_v4_interaction_tiers,rvo_multistep_density_v1,main,fixed,4,14517,residual_zero,high,0.1,0.2,neighbor_gaussian_v1,13423431014174107477,12.0,8.0,96.0,0.0416666666666666,24.0,x,y,2.2,1.818181818181818,0.8352046012878418,0.8689823150634766,0,0,0,0,0,2.7699313163757324,1,0,0,0,0.6993401646614075,22.32,186,0.1575338989496231,0.356869488954544,0.98501486890018,12.693632165173767,0.8306706065014104,0.6640809016622683,0.2197299725457435,0.3032258064516129,0.1962365591397849,0.7046259770026584,0.8275858092312923,0.8697762165131938,1.2066851167218875,0.4811827956989247,residual,0,x_passive,residual_passive_rvo_mpc,7,20
narrow_gate,density_v4_interaction_tiers,rvo_multistep_density_v1,main,fixed,8,18517,plain_candidate,clean,0.0,0.0,neighbor_gaussian_v1,13819408020432795062,12.0,8.0,96.0,0.0833333333333333,12.0,x,y,2.2,3.636363636363636,0.789818286895752,0.7852339744567871,0,0,0,0,0,0.7618734836578369,0,0,0,0,0.6087853908538818,26.4,220,1.0830942392349243,5.101686954498291,0.896259181201458,12.844775981128803,0.8084089318967679,0.7700671090998433,0.0948138070022899,0.5163636363636364,0.2988636363636364,-0.036679779560854,0.1296925385644308,0.1346557336688531,0.5810919173930443,0.7630681818181818,plain,1,x_intent,icgp_rvo_mpc,7,20
narrow_gate,density_v4_interaction_tiers,rvo_multistep_density_v1,main,fixed,8,18517,plain_zero,clean,0.0,0.0,neighbor_gaussian_v1,13819408020432795062,12.0,8.0,96.0,0.0833333333333333,12.0,x,y,2.2,3.636363636363636,0.789818286895752,0.7852339744567871,0,0,0,0,0,0.7618734836578369,0,0,0,0,0.5437681078910828,26.4,220,2.597649335861206,7.450048446655273,0.7511922270059586,12.936113999192456,0.8239204282279718,0.7586732046170668,0.0915955683343451,0.5857954545454546,0.3732954545454545,-0.0485223682135687,0.0904008275488307,0.0922811204646823,0.5789663069874693,0.74375,plain,0,x_passive,passive_rvo_mpc,7,20
narrow_gate,density_v4_interaction_tiers,rvo_multistep_density_v1,main,fixed,8,18517,residual_candidate,clean,0.0,0.0,neighbor_gaussian_v1,13819408020432795062,12.0,8.0,96.0,0.0833333333333333,12.0,x,y,2.2,3.636363636363636,0.789818286895752,0.7852339744567871,0,0,0,0,0,0.7618734836578369,0,0,0,0,0.638588547706604,26.4,220,0.5871541500091553,1.317452073097229,0.9437612630426884,13.52817540403339,0.7907558835873549,0.7305476339025931,0.1175674997119296,0.4951136363636363,0.2585227272727273,-0.0392462064744552,0.1369811916458128,0.1418541528929336,0.5857660830255174,0.7397727272727272,residual,1,x_intent,icgp_rvo_mpc,7,20
narrow_gate,density_v4_interaction_tiers,rvo_multistep_density_v1,main,fixed,8,18517,residual_zero,clean,0.0,0.0,neighbor_gaussian_v1,13819408020432795062,12.0,8.0,96.0,0.0833333333333333,12.0,x,y,2.2,3.636363636363636,0.789818286895752,0.7852339744567871,0,0,0,0,0,0.7618734836578369,0,0,0,0,0.6487019062042236,26.4,220,0.8260353803634644,3.457564115524292,0.920880764722824,13.792483120182112,0.8004163013263182,0.753332758423957,0.1156164205233587,0.4571590909090909,0.2329545454545454,0.0109476016574611,0.1435336269116122,0.1516290160454394,0.529435040944805,0.7545454545454545,residual,0,x_passive,residual_passive_rvo_mpc,7,20
narrow_gate,density_v4_interaction_tiers,rvo_multistep_density_v1,main,fixed,8,18517,plain_candidate,low,0.02,0.04,neighbor_gaussian_v1,16685546777790580372,12.0,8.0,96.0,0.0833333333333333,12.0,x,y,2.2,3.636363636363636,0.789818286895752,0.7852339744567871,0,0,0,0,0,0.7618734836578369,0,0,0,0,0.722631573677063,26.4,220,0.960425615310669,5.452390193939209,0.9080086201429368,14.087128507637315,0.9357024775987322,0.8690283320505511,0.0917767048535593,0.5015909090909091,0.2323863636363636,-0.0514316132586026,0.1318132179849992,0.1431079119088554,0.4986431311416625,0.7681818181818182,plain,1,x_intent,icgp_rvo_mpc,7,20
narrow_gate,density_v4_interaction_tiers,rvo_multistep_density_v1,main,fixed,8,18517,plain_zero,low,0.02,0.04,neighbor_gaussian_v1,16685546777790580372,12.0,8.0,96.0,0.0833333333333333,12.0,x,y,2.2,3.636363636363636,0.789818286895752,0.7852339744567871,0,0,0,0,0,0.7618734836578369,0,0,0,0,0.5967381596565247,26.4,220,1.818795680999756,7.445684432983398,0.8257923126220703,12.554186258122172,0.9144449503923004,0.8386142605746334,0.0906619318067731,0.5046590909090909,0.2914772727272727,-0.0043522878913789,0.130248285588233,0.1483603214671021,0.5510447495198594,0.7164772727272727,plain,0,x_passive,passive_rvo_mpc,7,20
narrow_gate,density_v4_interaction_tiers,rvo_multistep_density_v1,main,fixed,8,18517,residual_candidate,low,0.02,0.04,neighbor_gaussian_v1,16685546777790580372,12.0,8.0,96.0,0.0833333333333333,12.0,x,y,2.2,3.636363636363636,0.789818286895752,0.7852339744567871,0,0,0,0,0,0.7618734836578369,0,0,0,0,0.6327987313270569,26.4,220,1.342885971069336,6.604568004608154,0.8713758438825607,12.783622396440478,0.7665478328073566,0.7210195890881799,0.1114309659566391,0.5393181818181818,0.2551136363636364,-0.0705468058398886,0.1109736155257183,0.1200424750159809,0.5472656817562456,0.7789772727272727,residual,1,x_intent,icgp_rvo_mpc,7,20
narrow_gate,density_v4_interaction_tiers,rvo_multistep_density_v1,main,fixed,8,18517,residual_zero,low,0.02,0.04,neighbor_gaussian_v1,16685546777790580372,12.0,8.0,96.0,0.0833333333333333,12.0,x,y,2.2,3.636363636363636,0.789818286895752,0.7852339744567871,0,0,0,0,0,0.7618734836578369,0,0,0,0,0.6217073202133179,26.4,220,1.374117732048035,7.466590404510498,0.8683844059705734,13.366321878358235,0.8088676140728321,0.7692501729184931,0.1143695449916942,0.4845454545454545,0.265340909090909,-0.0236806125713309,0.1146454616547308,0.119087652426484,0.5893102935334386,0.7863636363636364,residual,0,x_passive,residual_passive_rvo_mpc,7,20
narrow_gate,density_v4_interaction_tiers,rvo_multistep_density_v1,main,fixed,8,18517,plain_candidate,medium,0.05,0.1,neighbor_gaussian_v1,1155113245849181867,12.0,8.0,96.0,0.0833333333333333,12.0,x,y,2.2,3.636363636363636,0.789818286895752,0.7852339744567871,0,0,0,0,0,0.7618734836578369,0,0,0,0,0.6097684502601624,26.4,220,0.5219232439994812,1.2996731996536257,0.9500092044472694,14.355718030291428,1.0067883230068466,0.919411103291945,0.087440340708285,0.5460227272727273,0.3193181818181818,-0.0803562319788258,0.097006271221846,0.1024147786922262,0.5107385035495872,0.7795454545454545,plain,1,x_intent,icgp_rvo_mpc,7,20
narrow_gate,density_v4_interaction_tiers,rvo_multistep_density_v1,main,fixed,8,18517,plain_zero,medium,0.05,0.1,neighbor_gaussian_v1,1155113245849181867,12.0,8.0,96.0,0.0833333333333333,12.0,x,y,2.2,3.636363636363636,0.789818286895752,0.7852339744567871,0,0,0,0,0,0.7618734836578369,0,0,0,0,0.636498749256134,26.4,220,1.452763319015503,7.915308952331543,0.8608515858650208,14.216268539079463,1.10262681462548,0.9995149581269784,0.0917380114432572,0.5428409090909091,0.3482954545454545,-0.0361414225398169,0.0976475340503,0.1108225619843213,0.5381287640083263,0.7534090909090909,plain,0,x_passive,passive_rvo_mpc,7,20
narrow_gate,density_v4_interaction_tiers,rvo_multistep_density_v1,main,fixed,8,18517,residual_candidate,medium,0.05,0.1,neighbor_gaussian_v1,1155113245849181867,12.0,8.0,96.0,0.0833333333333333,12.0,x,y,2.2,3.636363636363636,0.789818286895752,0.7852339744567871,0,0,0,0,0,0.7618734836578369,0,0,0,0,0.6718063354492188,26.4,220,1.4921438694000244,5.728933334350586,0.8570796400308609,12.140728709138784,0.9257969032634388,0.8836246847429059,0.1126136933717961,0.5390909090909091,0.2363636363636363,-0.0758023889588438,0.1108751938799126,0.118959728196904,0.5324248274758515,0.7857954545454545,residual,1,x_intent,icgp_rvo_mpc,7,20
narrow_gate,density_v4_interaction_tiers,rvo_multistep_density_v1,main,fixed,8,18517,residual_zero,medium,0.05,0.1,neighbor_gaussian_v1,1155113245849181867,12.0,8.0,96.0,0.0833333333333333,12.0,x,y,2.2,3.636363636363636,0.789818286895752,0.7852339744567871,0,0,0,0,0,0.7618734836578369,0,0,0,0,0.6303204894065857,26.4,220,1.034600853919983,4.379238605499268,0.900903970003128,13.204289697216154,1.0185915246605872,0.988864589008418,0.1095651135983644,0.4729545454545454,0.2511363636363636,0.0089797465953676,0.1349750501388675,0.1501649436835312,0.4562568497926994,0.8011363636363636,residual,0,x_passive,residual_passive_rvo_mpc,7,20
narrow_gate,density_v4_interaction_tiers,rvo_multistep_density_v1,main,fixed,8,18517,plain_candidate,high,0.1,0.2,neighbor_gaussian_v1,13910225711554842269,12.0,8.0,96.0,0.0833333333333333,12.0,x,y,2.2,3.636363636363636,0.789818286895752,0.7852339744567871,0,0,0,0,0,0.7618734836578369,0,0,0,0,0.6778826117515564,26.4,220,1.6199952363967896,7.390856742858887,0.8448337912559509,13.495214343933185,1.1420432400297036,1.0683777516538446,0.0889726704785558,0.6168181818181818,0.327840909090909,-0.1420703489919334,0.0476860807501201,0.0562337126026148,0.4876396367907764,0.7676136363636363,plain,1,x_intent,icgp_rvo_mpc,7,20
narrow_gate,density_v4_interaction_tiers,rvo_multistep_density_v1,main,fixed,8,18517,plain_zero,high,0.1,0.2,neighbor_gaussian_v1,13910225711554842269,12.0,8.0,96.0,0.0833333333333333,12.0,x,y,2.2,3.636363636363636,0.789818286895752,0.7852339744567871,0,0,0,0,0,0.7618734836578369,0,0,0,0,0.5414397120475769,26.4,220,2.1524288654327397,7.328712940216064,0.7938362956047058,13.45240484396345,1.1499732985415243,1.075551937655969,0.0870505113694393,0.5578409090909091,0.2943181818181818,-0.0491409648699521,0.0966734984957502,0.1214966872718171,0.4536450266753897,0.7761363636363636,plain,0,x_passive,passive_rvo_mpc,7,20
narrow_gate,density_v4_interaction_tiers,rvo_multistep_density_v1,main,fixed,8,18517,residual_candidate,high,0.1,0.2,neighbor_gaussian_v1,13910225711554842269,12.0,8.0,96.0,0.0833333333333333,12.0,x,y,2.2,3.636363636363636,0.789818286895752,0.7852339744567871,0,0,0,0,0,0.7618734836578369,0,0,0,0,0.6325753331184387,26.4,220,0.5923237204551697,1.5972124338150024,0.943266112357378,13.370714493075866,1.092553768848831,1.059270858087323,0.1173602272253695,0.4895454545454545,0.2619318181818181,-0.04193904735873,0.1221464118019328,0.1294979521134308,0.6194452662985971,0.7306818181818182,residual,1,x_intent,icgp_rvo_mpc,7,20
narrow_gate,density_v4_interaction_tiers,rvo_multistep_density_v1,main,fixed,8,18517,residual_zero,high,0.1,0.2,neighbor_gaussian_v1,13910225711554842269,12.0,8.0,96.0,0.0833333333333333,12.0,x,y,2.2,3.636363636363636,0.789818286895752,0.7852339744567871,0,0,0,0,0,0.7618734836578369,0,0,0,0,0.6255717873573303,26.4,220,1.5255939960479736,7.294768810272217,0.8538757264614105,13.38751418755237,1.1454709600995887,1.0714562831277197,0.1118625000592807,0.56375,0.3335227272727272,-0.0496507690666275,0.0906263890866203,0.0955986525961328,0.554993922765098,0.7323863636363637,residual,0,x_passive,residual_passive_rvo_mpc,7,20
merge_bottleneck,density_v4_interaction_tiers,rvo_multistep_density_v1,main,fixed,4,15030,plain_candidate,clean,0.0,0.0,neighbor_gaussian_v1,4901573683527273291,12.0,8.0,96.0,0.0416666666666666,24.0,x,y,2.2,1.818181818181818,0.7620716094970703,0.9000000953674316,0,0,0,0,0,1.6849311590194702,0,0,0,0,0.7137902975082397,26.4,220,0.6226889491081238,0.8720595240592957,0.940061029046774,13.52939170403988,0.6393094552689573,0.5618048576984702,0.1702927267284725,0.3495454545454545,0.0897727272727272,0.1115720615599426,0.2666767020118117,0.3406434699893962,0.5024865335617915,0.6613636363636364,plain,1,x_intent,icgp_rvo_mpc,7,20
merge_bottleneck,density_v4_interaction_tiers,rvo_multistep_density_v1,main,fixed,4,15030,plain_zero,clean,0.0,0.0,neighbor_gaussian_v1,4901573683527273291,12.0,8.0,96.0,0.0416666666666666,24.0,x,y,2.2,1.818181818181818,0.7620716094970703,0.9000000953674316,0,0,0,0,0,1.6849311590194702,0,0,0,0,0.6693097949028015,26.4,220,0.6568008661270142,0.7792474031448364,0.9367774724960328,13.655792496057984,0.5342435132429191,0.4706961911139925,0.1652631812083365,0.3302272727272727,0.0818181818181818,0.1368507987260764,0.2679011755447814,0.3299168577327288,0.5031629950900625,0.7284090909090909,plain,0,x_passive,passive_rvo_mpc,7,20
merge_bottleneck,density_v4_interaction_tiers,rvo_multistep_density_v1,main,fixed,4,15030,residual_candidate,clean,0.0,0.0,neighbor_gaussian_v1,4901573683527273291,12.0,8.0,96.0,0.0416666666666666,24.0,x,y,2.2,1.818181818181818,0.7620716094970703,0.9000000953674316,0,0,0,0,0,1.6849311590194702,0,0,0,0,0.840037317276001,26.4,220,0.6101731061935425,1.4664905071258545,0.941265780478716,14.149138296823368,0.5863994719569084,0.5329693837961795,0.2043385222019754,0.3427272727272727,0.0943181818181818,0.1048845860397178,0.2504106144704546,0.2725570964233386,0.5385448546837263,0.7556818181818182,residual,1,x_intent,icgp_rvo_mpc,7,20
merge_bottleneck,density_v4_interaction_tiers,rvo_multistep_density_v1,main,fixed,4,15030,residual_zero,clean,0.0,0.0,neighbor_gaussian_v1,4901573683527273291,12.0,8.0,96.0,0.0416666666666666,24.0,x,y,2.2,1.818181818181818,0.7620716094970703,0.9000000953674316,0,0,0,0,0,1.6849311590194702,0,0,0,0,0.8400289726257324,26.4,220,0.7185402512550354,1.302030086517334,0.9308345466852188,13.90178496716544,0.6085853125597582,0.5744223396132425,0.2087892037128437,0.3218181818181818,0.0715909090909091,0.1035716189366177,0.2298535291312167,0.2454210416027842,0.5626707166293381,0.7420454545454546,residual,0,x_passive,residual_passive_rvo_mpc,7,20
merge_bottleneck,density_v4_interaction_tiers,rvo_multistep_density_v1,main,fixed,4,15030,plain_candidate,low,0.02,0.04,neighbor_gaussian_v1,15876130399265114994,12.0,8.0,96.0,0.0416666666666666,24.0,x,y,2.2,1.818181818181818,0.7620716094970703,0.9000000953674316,0,0,0,0,0,1.6849311590194702,0,0,0,0,0.8143006563186646,26.4,220,0.5280836224555969,0.876859724521637,0.94916757568717,13.126971400342882,0.6618708734561964,0.6647745027474065,0.1693325000153643,0.3490909090909091,0.0931818181818181,0.1145224507607408,0.2725702973156549,0.3021974654264807,0.5644743824678545,0.6852272727272727,plain,1,x_intent,icgp_rvo_mpc,7,20
merge_bottleneck,density_v4_interaction_tiers,rvo_multistep_density_v1,main,fixed,4,15030,plain_zero,low,0.02,0.04,neighbor_gaussian_v1,15876130399265114994,12.0,8.0,96.0,0.0416666666666666,24.0,x,y,2.2,1.818181818181818,0.7620716094970703,0.9000000953674316,0,0,0,0,0,1.6849311590194702,0,0,0,0,0.6374076008796692,26.4,220,0.6205369830131531,0.834333598613739,0.9402681700885296,13.775314476657512,0.7100930039220574,0.7036138724376956,0.1640034090748734,0.3806818181818182,0.125,0.0961242587557841,0.2328671647744845,0.2543313006786883,0.4993276100055588,0.7465909090909091,plain,0,x_passive,passive_rvo_mpc,7,20
merge_bottleneck,density_v4_interaction_tiers,rvo_multistep_density_v1,main,fixed,4,15030,residual_candidate,low,0.02,0.04,neighbor_gaussian_v1,15876130399265114994,12.0,8.0,96.0,0.0416666666666666,24.0,x,y,2.2,1.818181818181818,0.7620716094970703,0.9000000953674316,0,0,0,0,0,1.6849311590194702,0,0,0,0,0.7644588351249695,26.4,220,0.7074780464172363,1.0201572179794312,0.9318993762135506,13.97709758359997,0.6848403912736103,0.6546174445380033,0.2089386365365829,0.3788636363636363,0.1125,0.0645623503095407,0.2087169238924407,0.2314837914433773,0.4918432417655559,0.7806818181818181,residual,1,x_intent,icgp_rvo_mpc,7,20
merge_bottleneck,density_v4_interaction_tiers,rvo_multistep_density_v1,main,fixed,4,15030,residual_zero,low,0.02,0.04,neighbor_gaussian_v1,15876130399265114994,12.0,8.0,96.0,0.0416666666666666,24.0,x,y,2.2,1.818181818181818,0.7620716094970703,0.9000000953674316,0,0,0,0,0,1.6849311590194702,0,0,0,0,0.8368924550842776,26.4,220,0.498646080493927,0.6873207688331604,0.952001180499792,13.800859000752098,0.6400237169921059,0.6301579152318564,0.2175031815237492,0.3215909090909091,0.0613636363636363,0.0994977456121739,0.2299812698960151,0.2430850105583515,0.5287220595315666,0.7579545454545454,residual,0,x_passive,residual_passive_rvo_mpc,7,20
merge_bottleneck,density_v4_interaction_tiers,rvo_multistep_density_v1,main,fixed,4,15030,plain_candidate,medium,0.05,0.1,neighbor_gaussian_v1,17056812206335283061,12.0,8.0,96.0,0.0416666666666666,24.0,x,y,2.2,1.818181818181818,0.7620716094970703,0.9000000953674316,0,0,0,0,0,1.6849311590194702,0,0,0,0,0.5826594829559326,26.4,220,0.5045911073684692,0.8608103394508362,0.9514289237558842,13.860030470987112,0.7948278152653405,0.7617148496948755,0.1762773864770266,0.3652272727272727,0.1079545454545454,0.1012317173722933,0.2594907663738204,0.2973938391942888,0.5065901579631059,0.6772727272727272,plain,1,x_intent,icgp_rvo_mpc,7,20
merge_bottleneck,density_v4_interaction_tiers,rvo_multistep_density_v1,main,fixed,4,15030,plain_zero,medium,0.05,0.1,neighbor_gaussian_v1,17056812206335283061,12.0,8.0,96.0,0.0416666666666666,24.0,x,y,2.2,1.818181818181818,0.7620716094970703,0.9000000953674316,0,0,0,0,0,1.6849311590194702,0,0,0,0,0.8157312870025635,26.4,220,0.6319036483764648,0.9798531532287598,0.93917403742671,14.101996023793616,0.8598741591114297,0.828370234539563,0.1677057951879264,0.3497727272727273,0.0977272727272727,0.1221802036652123,0.2564740033452117,0.2987863844908408,0.4794922458870166,0.7306818181818182,plain,0,x_passive,passive_rvo_mpc,7,20
merge_bottleneck,density_v4_interaction_tiers,rvo_multistep_density_v1,main,fixed,4,15030,residual_candidate,medium,0.05,0.1,neighbor_gaussian_v1,17056812206335283061,12.0,8.0,96.0,0.0416666666666666,24.0,x,y,2.2,1.818181818181818,0.7620716094970703,0.9000000953674316,0,0,0,0,0,1.6849311590194702,0,0,0,0,0.8400419290488926,26.4,220,0.5828032493591309,0.8625714182853699,0.9439003579318525,13.480106219672962,0.6526093151452105,0.6575683724389157,0.2123604545142205,0.3606818181818181,0.0909090909090909,0.0770042539789593,0.2191558775668154,0.2386750951500816,0.5019914831655578,0.7647727272727273,residual,1,x_intent,icgp_rvo_mpc,7,20
merge_bottleneck,density_v4_interaction_tiers,rvo_multistep_density_v1,main,fixed,4,15030,residual_zero,medium,0.05,0.1,neighbor_gaussian_v1,17056812206335283061,12.0,8.0,96.0,0.0416666666666666,24.0,x,y,2.2,1.818181818181818,0.7620716094970703,0.9000000953674316,0,0,0,0,0,1.6849311590194702,0,0,0,0,0.8350728046929543,26.4,220,0.5788789391517639,0.8134721517562866,0.9442781023681164,14.355556881997472,0.7126900508407165,0.675810243578797,0.2122813637966332,0.3618181818181818,0.0988636363636363,0.0944560734247062,0.2313013412217394,0.252695591154072,0.5280004430322198,0.7568181818181818,residual,0,x_passive,residual_passive_rvo_mpc,7,20
merge_bottleneck,density_v4_interaction_tiers,rvo_multistep_density_v1,main,fixed,4,15030,plain_candidate,high,0.1,0.2,neighbor_gaussian_v1,15662365522215731196,12.0,8.0,96.0,0.0416666666666666,24.0,x,y,2.2,1.818181818181818,0.7620716094970703,0.9000000953674316,0,0,0,0,0,1.6849311590194702,0,0,0,0,0.7323045134544373,26.4,220,0.5401099920272827,0.9009830951690674,0.9480099380016328,13.925820196571294,0.924128550639646,0.8308867121591571,0.1656605680843561,0.3852272727272727,0.109090909090909,0.0878964677564827,0.2469607691688267,0.2792706731860584,0.5144040812276542,0.6886363636363636,plain,1,x_intent,icgp_rvo_mpc,7,20
merge_bottleneck,density_v4_interaction_tiers,rvo_multistep_density_v1,main,fixed,4,15030,plain_zero,high,0.1,0.2,neighbor_gaussian_v1,15662365522215731196,12.0,8.0,96.0,0.0416666666666666,24.0,x,y,2.2,1.818181818181818,0.7620716094970703,0.9000000953674316,0,0,0,0,0,1.6849311590194702,0,0,0,0,0.7961939573287964,26.4,220,0.6069628000259399,0.8573926091194153,0.941574800759554,14.13213588821236,0.9594694838679226,0.867969543194737,0.1618607955937147,0.3561363636363636,0.1045454545454545,0.1245927465263886,0.2574749921732162,0.3000193551381714,0.4979550423621625,0.7545454545454545,plain,0,x_passive,passive_rvo_mpc,7,20
merge_bottleneck,density_v4_interaction_tiers,rvo_multistep_density_v1,main,fixed,4,15030,residual_candidate,high,0.1,0.2,neighbor_gaussian_v1,15662365522215731196,12.0,8.0,96.0,0.0416666666666666,24.0,x,y,2.2,1.818181818181818,0.7620716094970703,0.9000000953674316,0,0,0,0,0,1.6849311590194702,0,0,0,0,0.8400023933103554,26.4,220,0.5676121711730957,1.3341079950332642,0.9453626237809658,14.05671657001949,0.8403893835503947,0.7650875273816795,0.2075537498802243,0.3834090909090909,0.1227272727272727,0.0810736410922722,0.2287001197018434,0.2497455681974265,0.5564066762474907,0.7102272727272727,residual,1,x_intent,icgp_rvo_mpc,7,20
merge_bottleneck,density_v4_interaction_tiers,rvo_multistep_density_v1,main,fixed,4,15030,residual_zero,high,0.1,0.2,neighbor_gaussian_v1,15662365522215731196,12.0,8.0,96.0,0.0416666666666666,24.0,x,y,2.2,1.818181818181818,0.7620716094970703,0.9000000953674316,0,0,0,0,0,1.6849311590194702,0,0,0,0,0.8246626257896423,26.4,220,0.6586035490036011,1.1884301900863647,0.9366039484739304,14.289343997719698,0.9592647925357928,0.9215653223324228,0.2119921588349494,0.3097727272727272,0.0772727272727272,0.1145651205505781,0.2398242964665537,0.2591711737217767,0.508801290762273,0.7761363636363636,residual,0,x_passive,residual_passive_rvo_mpc,7,20
merge_bottleneck,density_v4_interaction_tiers,rvo_multistep_density_v1,main,fixed,8,19030,plain_candidate,clean,0.0,0.0,neighbor_gaussian_v1,10091004992776102264,12.0,8.0,96.0,0.0833333333333333,12.0,x,y,2.2,3.636363636363636,0.7824063301086426,0.9000000953674316,0,0,0,0,0,0.7014642953872681,0,0,0,0,0.5490148663520813,26.4,220,2.699204206466675,6.784268379211426,0.7395647764205933,11.775788838044718,0.9046999226239596,0.886873559890823,0.0860626697513825,0.6423863636363636,0.2988636363636364,-0.145021885902193,0.0287010987186055,0.038339584234265,0.3315873529214946,0.8119318181818181,plain,1,x_intent,icgp_rvo_mpc,7,20
merge_bottleneck,density_v4_interaction_tiers,rvo_multistep_density_v1,main,fixed,8,19030,plain_zero,clean,0.0,0.0,neighbor_gaussian_v1,10091004992776102264,12.0,8.0,96.0,0.0833333333333333,12.0,x,y,2.2,3.636363636363636,0.7824063301086426,0.9000000953674316,0,0,0,0,0,0.7014642953872681,0,0,1,0,0.4861950874328613,26.4,220,3.114426374435425,6.775102615356445,0.6995016634464264,11.565184386135115,0.7836836801503192,0.7398958242413672,0.0895128977307732,0.6303409090909091,0.35,-0.1174512355641672,0.03165506747622,0.0357108819212388,0.350329261906945,0.8289772727272727,plain,0,x_passive,passive_rvo_mpc,7,20
merge_bottleneck,density_v4_interaction_tiers,rvo_multistep_density_v1,main,fixed,8,19030,residual_candidate,clean,0.0,0.0,neighbor_gaussian_v1,10091004992776102264,12.0,8.0,96.0,0.0833333333333333,12.0,x,y,2.2,3.636363636363636,0.7824063301086426,0.9000000953674316,0,0,0,0,0,0.7014642953872681,0,0,0,0,0.5351185202598572,26.4,220,2.228588104248047,6.58648681640625,0.784972608089447,11.998797764947083,0.9767435602166435,0.9687553589316932,0.1302296024567278,0.5643181818181818,0.2119318181818182,-0.1145438694567933,0.0732926871581676,0.0786339332469039,0.33708320727062,0.8107954545454545,residual,1,x_intent,icgp_rvo_mpc,7,20
merge_bottleneck,density_v4_interaction_tiers,rvo_multistep_density_v1,main,fixed,8,19030,residual_zero,clean,0.0,0.0,neighbor_gaussian_v1,10091004992776102264,12.0,8.0,96.0,0.0833333333333333,12.0,x,y,2.2,3.636363636363636,0.7824063301086426,0.9000000953674316,0,0,0,0,0,0.7014642953872681,0,0,0,0,0.6956769824028015,26.4,220,2.5480399131774902,6.864773273468018,0.754150003194809,11.620880674272485,0.8153420830653473,0.8232010486451062,0.1273671022235331,0.5369318181818182,0.2340909090909091,-0.064261188856662,0.0794593731322893,0.0814257293813075,0.4175287940703248,0.8301136363636363,residual,0,x_passive,residual_passive_rvo_mpc,7,20
merge_bottleneck,density_v4_interaction_tiers,rvo_multistep_density_v1,main,fixed,8,19030,plain_candidate,low,0.02,0.04,neighbor_gaussian_v1,18358488169367521854,12.0,8.0,96.0,0.0833333333333333,12.0,x,y,2.2,3.636363636363636,0.7824063301086426,0.9000000953674316,0,0,0,0,0,0.7014642953872681,0,0,0,0,0.5977859497070312,26.4,220,2.624593734741211,6.784596920013428,0.7467636168003082,11.060420700785016,0.952848390286619,1.023552647571672,0.1012665341311896,0.59375,0.2420454545454545,-0.1382987628571388,0.0392118334514456,0.0432048811575511,0.375579211476839,0.8715909090909091,plain,1,x_intent,icgp_rvo_mpc,7,20
merge_bottleneck,density_v4_interaction_tiers,rvo_multistep_density_v1,main,fixed,8,19030,plain_zero,low,0.02,0.04,neighbor_gaussian_v1,18358488169367521854,12.0,8.0,96.0,0.0833333333333333,12.0,x,y,2.2,3.636363636363636,0.7824063301086426,0.9000000953674316,0,0,0,0,0,0.7014642953872681,0,0,0,0,0.6197698712348938,26.4,220,3.0509438514709477,6.827128887176514,0.7056268453598022,11.46047922038042,0.8749233935536309,0.9116727489639412,0.1032514772801236,0.6181818181818182,0.2994318181818182,-0.1316251020113621,0.0184745801971955,0.0225594822838776,0.3491307269799141,0.8318181818181818,plain,0,x_passive,passive_rvo_mpc,7,20
merge_bottleneck,density_v4_interaction_tiers,rvo_multistep_density_v1,main,fixed,8,19030,residual_candidate,low,0.02,0.04,neighbor_gaussian_v1,18358488169367521854,12.0,8.0,96.0,0.0833333333333333,12.0,x,y,2.2,3.636363636363636,0.7824063301086426,0.9000000953674316,0,0,0,0,0,0.7014642953872681,0,0,0,0,0.5528618693351746,26.4,220,2.329403877258301,6.586275100708008,0.7752452939748764,11.796703243555667,0.8886867855421522,0.9500144797969948,0.1334850000685864,0.5632954545454546,0.2221590909090909,-0.1130108748372592,0.0735348863142792,0.0749769237016069,0.3643286960108303,0.834659090909091,residual,1,x_intent,icgp_rvo_mpc,7,20
merge_bottleneck,density_v4_interaction_tiers,rvo_multistep_density_v1,main,fixed,8,19030,residual_zero,low,0.02,0.04,neighbor_gaussian_v1,18358488169367521854,12.0,8.0,96.0,0.0833333333333333,12.0,x,y,2.2,3.636363636363636,0.7824063301086426,0.9000000953674316,0,0,0,0,0,0.7014642953872681,0,1,1,0,0.4351421892642975,26.4,220,2.0602614879608154,6.6005940437316895,0.8012137562036514,12.674129534829262,0.95484887866134,0.9143998492170464,0.1257148864004358,0.5260227272727273,0.2573863636363636,-0.0638614516441302,0.077942010826904,0.0818780831981267,0.3541849059815649,0.8005681818181818,residual,0,x_passive,residual_passive_rvo_mpc,7,20
merge_bottleneck,density_v4_interaction_tiers,rvo_multistep_density_v1,main,fixed,8,19030,plain_candidate,medium,0.05,0.1,neighbor_gaussian_v1,2298625315412065971,12.0,8.0,96.0,0.0833333333333333,12.0,x,y,2.2,3.636363636363636,0.7824063301086426,0.9000000953674316,0,0,0,0,0,0.7014642953872681,0,0,0,0,0.6086348295211792,26.4,220,2.441850185394287,6.7799272537231445,0.7643958181142807,11.990520338085387,1.1371105316010388,1.1556835036386144,0.103484943346385,0.6294318181818181,0.3113636363636363,-0.1504685143925151,0.0213989468411152,0.0264365085266394,0.332223384977453,0.8647727272727272,plain,1,x_intent,icgp_rvo_mpc,7,20
merge_bottleneck,density_v4_interaction_tiers,rvo_multistep_density_v1,main,fixed,8,19030,plain_zero,medium,0.05,0.1,neighbor_gaussian_v1,2298625315412065971,12.0,8.0,96.0,0.0833333333333333,12.0,x,y,2.2,3.636363636363636,0.7824063301086426,0.9000000953674316,0,0,0,0,0,0.7014642953872681,0,0,0,0,0.6559811234474182,26.4,220,3.223205804824829,6.841614723205566,0.6890060007572174,10.626910917697389,1.0401969959790056,1.1235907291146845,0.1093339773268036,0.6263636363636363,0.2926136363636363,-0.1377802536296431,0.0228419245548785,0.0265055234872044,0.3724929033107219,0.9028409090909092,plain,0,x_passive,passive_rvo_mpc,7,20
merge_bottleneck,density_v4_interaction_tiers,rvo_multistep_density_v1,main,fixed,8,19030,residual_candidate,medium,0.05,0.1,neighbor_gaussian_v1,2298625315412065971,12.0,8.0,96.0,0.0833333333333333,12.0,x,y,2.2,3.636363636363636,0.7824063301086426,0.9000000953674316,0,0,0,0,0,0.7014642953872681,0,0,0,0,0.6281692981719971,26.4,220,3.117940664291382,6.823574066162109,0.6991626024246216,12.38574072996812,1.000204981050708,1.000259261646054,0.1321725565172858,0.5664772727272728,0.2204545454545454,-0.1007651278666814,0.0824735718947337,0.087327494552182,0.3400373660080596,0.8590909090909091,residual,1,x_intent,icgp_rvo_mpc,7,20
merge_bottleneck,density_v4_interaction_tiers,rvo_multistep_density_v1,main,fixed,8,19030,residual_zero,medium,0.05,0.1,neighbor_gaussian_v1,2298625315412065971,12.0,8.0,96.0,0.0833333333333333,12.0,x,y,2.2,3.636363636363636,0.7824063301086426,0.9000000953674316,0,0,0,0,0,0.7014642953872681,0,0,0,0,0.5784705877304077,26.4,220,2.4392881393432617,6.899402141571045,0.7646430134773254,12.891039126568558,1.0459305770356546,1.033098960600116,0.1304745453208769,0.5768181818181818,0.2488636363636363,-0.1053332692668074,0.0504074632533539,0.0520198314794053,0.3358332191699276,0.8517045454545454,residual,0,x_passive,residual_passive_rvo_mpc,7,20
merge_bottleneck,density_v4_interaction_tiers,rvo_multistep_density_v1,main,fixed,8,19030,plain_candidate,high,0.1,0.2,neighbor_gaussian_v1,17179607996435104243,12.0,8.0,96.0,0.0833333333333333,12.0,x,y,2.2,3.636363636363636,0.7824063301086426,0.9000000953674316,0,0,0,0,0,0.7014642953872681,0,0,0,0,0.623616635799408,26.4,220,3.175121784210205,6.819290637969971,0.6936454176902771,11.46905384851243,1.1935268975794315,1.1427096785469488,0.0994294886120108,0.64625,0.3142045454545454,-0.1432321559685268,0.0331748864330599,0.047761032397257,0.2940735961916712,0.8863636363636364,plain,1,x_intent,icgp_rvo_mpc,7,20
merge_bottleneck,density_v4_interaction_tiers,rvo_multistep_density_v1,main,fixed,8,19030,plain_zero,high,0.1,0.2,neighbor_gaussian_v1,17179607996435104243,12.0,8.0,96.0,0.0833333333333333,12.0,x,y,2.2,3.636363636363636,0.7824063301086426,0.9000000953674316,0,0,0,0,0,0.7014642953872681,0,0,1,0,0.5149104595184326,26.4,220,2.876438856124878,6.849494457244873,0.7224641144275665,11.667388444908283,1.1689436235211113,1.1333700235594402,0.1023778977303829,0.6188636363636364,0.296590909090909,-0.1289367649637654,0.032566901046749,0.0389985774179414,0.3708264830244353,0.8505681818181818,plain,0,x_passive,passive_rvo_mpc,7,20
merge_bottleneck,density_v4_interaction_tiers,rvo_multistep_density_v1,main,fixed,8,19030,residual_candidate,high,0.1,0.2,neighbor_gaussian_v1,17179607996435104243,12.0,8.0,96.0,0.0833333333333333,12.0,x,y,2.2,3.636363636363636,0.7824063301086426,0.9000000953674316,0,0,0,0,0,0.7014642953872681,0,0,0,0,0.6602466106414795,26.4,220,2.928686618804932,6.731341361999512,0.7174229323863983,11.266404132493337,1.2091152822429485,1.1431376258080657,0.1318038636699467,0.5706818181818182,0.225,-0.1099201025890042,0.0714236096486577,0.0775368070322132,0.3477069221836001,0.8272727272727273,residual,1,x_intent,icgp_rvo_mpc,7,20
merge_bottleneck,density_v4_interaction_tiers,rvo_multistep_density_v1,main,fixed,8,19030,residual_zero,high,0.1,0.2,neighbor_gaussian_v1,17179607996435104243,12.0,8.0,96.0,0.0833333333333333,12.0,x,y,2.2,3.636363636363636,0.7824063301086426,0.9000000953674316,0,0,0,0,0,0.7014642953872681,0,0,0,0,0.64834064245224,26.4,220,3.3882100582122803,6.750792503356934,0.6730853915214539,12.510973238650877,1.1370521563697944,1.0947643453424627,0.1632090908308534,0.6055681818181818,0.2534090909090909,-0.1110047097616521,0.0519877470735231,0.0603361453735802,0.3525828991618137,0.8732954545454545,residual,0,x_passive,residual_passive_rvo_mpc,7,20
four_way_stop,density_v4_interaction_tiers,rvo_multistep_density_v1,main,fixed,4,14765,plain_candidate,clean,0.0,0.0,neighbor_gaussian_v1,12958757387839830746,11.0,11.0,121.0,0.0330578512396694,30.25,y,x,11.0,0.3636363636363636,0.6755032539367676,0.65826416015625,0,0,0,0,0,6.7677202224731445,1,0,0,0,0.6775298714637756,12.24,102,0.1401061117649078,0.2823019027709961,0.9854463469237088,10.804761485836934,0.9116547291039252,0.5250450646348113,0.2274727939591542,0.263235294117647,0.1862745098039215,0.797770661836417,0.9479316532268536,1.0429472662603447,2.2772046689075585,0.3946078431372549,plain,1,x_intent,icgp_rvo_mpc,7,20
four_way_stop,density_v4_interaction_tiers,rvo_multistep_density_v1,main,fixed,4,14765,plain_zero,clean,0.0,0.0,neighbor_gaussian_v1,12958757387839830746,11.0,11.0,121.0,0.0330578512396694,30.25,y,x,11.0,0.3636363636363636,0.6755032539367676,0.65826416015625,0,0,0,0,0,6.7677202224731445,1,0,0,0,0.7470858693122864,11.16,93,0.1103697717189788,0.2908740639686584,0.9885352374985814,10.328764675417917,0.89609808939439,0.5008244803734562,0.2104793007107531,0.2188172043010752,0.1559139784946236,0.8757115535033486,0.9696962735401368,1.0435524938303615,2.362191556275532,0.4193548387096774,plain,0,x_passive,passive_rvo_mpc,7,20
four_way_stop,density_v4_interaction_tiers,rvo_multistep_density_v1,main,fixed,4,14765,residual_candidate,clean,0.0,0.0,neighbor_gaussian_v1,12958757387839830746,11.0,11.0,121.0,0.0330578512396694,30.25,y,x,11.0,0.3636363636363636,0.6755032539367676,0.65826416015625,0,0,0,0,0,6.7677202224731445,1,0,0,0,0.7746652364730835,10.56,88,0.2078034579753875,0.2799208760261535,0.978414222598076,10.18484937591711,0.7681261877918256,0.3935611991323888,0.2733326709858374,0.1278409090909091,0.0710227272727272,0.9875985641186972,1.1459861873327333,1.2478296291692692,2.3026869814944537,0.3579545454545454,residual,1,x_intent,icgp_rvo_mpc,7,20
four_way_stop,density_v4_interaction_tiers,rvo_multistep_density_v1,main,fixed,4,14765,residual_zero,clean,0.0,0.0,neighbor_gaussian_v1,12958757387839830746,11.0,11.0,121.0,0.0330578512396694,30.25,y,x,11.0,0.3636363636363636,0.6755032539367676,0.65826416015625,0,0,0,0,0,6.7677202224731445,1,0,0,0,0.9676112532615662,11.76,98,0.131550908088684,0.3422316908836365,0.9863350270316004,10.612514788692351,0.865044530804212,0.483630715694358,0.3614979597136416,0.1454081632653061,0.0816326530612244,1.0649300162541226,1.1599690207960651,1.2324447422854754,2.3908429760957253,0.3852040816326531,residual,0,x_passive,residual_passive_rvo_mpc,7,20
four_way_stop,density_v4_interaction_tiers,rvo_multistep_density_v1,main,fixed,4,14765,plain_candidate,low,0.02,0.04,neighbor_gaussian_v1,1453455851447737896,11.0,11.0,121.0,0.0330578512396694,30.25,y,x,11.0,0.3636363636363636,0.6755032539367676,0.65826416015625,0,0,0,0,0,6.7677202224731445,1,0,0,0,0.90752112865448,10.8,90,0.145878329873085,0.3342264294624328,0.9848467530682684,10.24665095662931,0.8278663198049697,0.4768910102503206,0.2916830551435446,0.1316666666666666,0.0527777777777777,0.9418850111133524,1.094478458091617,1.158547055150072,2.623677793112066,0.3833333333333333,plain,1,x_intent,icgp_rvo_mpc,7,20
four_way_stop,density_v4_interaction_tiers,rvo_multistep_density_v1,main,fixed,4,14765,plain_zero,low,0.02,0.04,neighbor_gaussian_v1,1453455851447737896,11.0,11.0,121.0,0.0330578512396694,30.25,y,x,11.0,0.3636363636363636,0.6755032539367676,0.65826416015625,0,0,0,0,0,6.7677202224731445,1,0,0,0,0.9031156301498412,9.96,83,0.2240953296422958,0.3544474840164184,0.9767218884080648,10.136525601614268,0.8713984591213156,0.4575394172432863,0.3563903608073267,0.1590361445783132,0.1114457831325301,0.8604559823439782,0.9483675634708394,1.0123195074830789,2.426397807763284,0.4367469879518072,plain,0,x_passive,passive_rvo_mpc,7,20
four_way_stop,density_v4_interaction_tiers,rvo_multistep_density_v1,main,fixed,4,14765,residual_candidate,low,0.02,0.04,neighbor_gaussian_v1,1453455851447737896,11.0,11.0,121.0,0.0330578512396694,30.25,y,x,11.0,0.3636363636363636,0.6755032539367676,0.65826416015625,0,0,0,0,0,6.7677202224731445,1,0,0,0,0.9073626399040222,10.56,88,0.1018403172492981,0.2843930423259735,0.989421241916716,10.19111857097596,0.7665040085610765,0.4252274265966248,0.3469167621171271,0.1119318181818181,0.0823863636363636,1.2092485716673336,1.3588598578169266,1.3952104780501264,2.582045322514393,0.3352272727272727,residual,1,x_intent,icgp_rvo_mpc,7,20
four_way_stop,density_v4_interaction_tiers,rvo_multistep_density_v1,main,fixed,4,14765,residual_zero,low,0.02,0.04,neighbor_gaussian_v1,1453455851447737896,11.0,11.0,121.0,0.0330578512396694,30.25,y,x,11.0,0.3636363636363636,0.6755032539367676,0.65826416015625,0,0,0,0,0,6.7677202224731445,1,0,0,0,0.943361520767212,10.68,89,0.1482129693031311,0.3487574458122253,0.9846042394638062,10.30592144606635,0.8248409568907672,0.4784673467297773,0.2821716309912251,0.1601123595505618,0.1320224719101123,1.1910481918266231,1.2776000938941254,1.3038839887584863,2.674534520587225,0.3595505617977528,residual,0,x_passive,residual_passive_rvo_mpc,7,20
four_way_stop,density_v4_interaction_tiers,rvo_multistep_density_v1,main,fixed,4,14765,plain_candidate,medium,0.05,0.1,neighbor_gaussian_v1,10537811466406235077,11.0,11.0,121.0,0.0330578512396694,30.25,y,x,11.0,0.3636363636363636,0.6755032539367676,0.65826416015625,0,0,0,0,0,6.7677202224731445,1,0,0,0,0.8589590787887573,12.12,101,0.1287958770990371,0.322061538696289,0.9866212084889412,10.50513057905482,0.805442840395735,0.4908702573377931,0.2298012384764463,0.1782178217821782,0.1138613861386138,0.9906511032808164,1.1358305410170315,1.226799392349059,2.656866246553341,0.3069306930693069,plain,1,x_intent,icgp_rvo_mpc,7,20
four_way_stop,density_v4_interaction_tiers,rvo_multistep_density_v1,main,fixed,4,14765,plain_zero,medium,0.05,0.1,neighbor_gaussian_v1,10537811466406235077,11.0,11.0,121.0,0.0330578512396694,30.25,y,x,11.0,0.3636363636363636,0.6755032539367676,0.65826416015625,0,0,0,0,0,6.7677202224731445,1,0,0,0,0.8589590787887573,12.0,100,0.1298306137323379,0.2923045754432678,0.9865137245506048,10.575803385785548,0.8953636824898422,0.5337222666534072,0.2078192491899244,0.1945,0.1525,1.0553759165597147,1.140200686082244,1.219689779728651,2.7254198709875346,0.3775,plain,0,x_passive,passive_rvo_mpc,7,20
four_way_stop,density_v4_interaction_tiers,rvo_multistep_density_v1,main,fixed,4,14765,residual_candidate,medium,0.05,0.1,neighbor_gaussian_v1,10537811466406235077,11.0,11.0,121.0,0.0330578512396694,30.25,y,x,11.0,0.3636363636363636,0.6755032539367676,0.65826416015625,0,0,0,0,0,6.7677202224731445,1,0,0,0,0.8589590787887573,11.16,93,0.1574037671089172,0.336950272321701,0.9836495369672776,10.174386149737984,0.8222016027117128,0.4772465903550744,0.3067077957757158,0.1435483870967742,0.0994623655913978,0.9386223909663916,1.1062105029997646,1.145121361493103,2.3619813769190547,0.3817204301075269,residual,1,x_intent,icgp_rvo_mpc,7,20
four_way_stop,density_v4_interaction_tiers,rvo_multistep_density_v1,main,fixed,4,14765,residual_zero,medium,0.05,0.1,neighbor_gaussian_v1,10537811466406235077,11.0,11.0,121.0,0.0330578512396694,30.25,y,x,11.0,0.3636363636363636,0.6755032539367676,0.65826416015625,0,0,0,0,0,6.7677202224731445,1,0,0,0,0.8620029091835022,12.0,100,0.1083345636725425,0.2714741826057434,0.9887466467916964,10.417967588175088,0.8445532724447549,0.5380501483388652,0.2404385004774667,0.1805,0.1525,0.991421719165519,1.085506524965167,1.115414409786463,2.5504579462856056,0.3325,residual,0,x_passive,residual_passive_rvo_mpc,7,20
four_way_stop,density_v4_interaction_tiers,rvo_multistep_density_v1,main,fixed,4,14765,plain_candidate,high,0.1,0.2,neighbor_gaussian_v1,7490719156083483297,11.0,11.0,121.0,0.0330578512396694,30.25,y,x,11.0,0.3636363636363636,0.6755032539367676,0.65826416015625,0,0,0,0,0,6.7677202224731445,1,0,0,0,0.7477709054946899,12.72,106,0.1064926385879516,0.3272070586681366,0.9889379777014256,10.499396179511676,0.8163892349408377,0.5260833330229587,0.1764783015494445,0.145754716981132,0.0825471698113207,1.1917322431525812,1.3441564701595958,1.4354665714572623,2.7648171321850907,0.330188679245283,plain,1,x_intent,icgp_rvo_mpc,7,20
four_way_stop,density_v4_interaction_tiers,rvo_multistep_density_v1,main,fixed,4,14765,plain_zero,high,0.1,0.2,neighbor_gaussian_v1,7490719156083483297,11.0,11.0,121.0,0.0330578512396694,30.25,y,x,11.0,0.3636363636363636,0.6755032539367676,0.65826416015625,0,0,0,0,0,6.7677202224731445,1,0,0,0,0.660546064376831,11.88,99,0.1368986368179321,0.348484992980957,0.985779526643455,10.374728770490036,0.8335012887660979,0.5642616018762373,0.1869510109312926,0.1318181818181818,0.0934343434343434,1.0995630555398612,1.1783043947351175,1.2829349707490345,2.69822289377451,0.3737373737373737,plain,0,x_passive,passive_rvo_mpc,7,20
four_way_stop,density_v4_interaction_tiers,rvo_multistep_density_v1,main,fixed,4,14765,residual_candidate,high,0.1,0.2,neighbor_gaussian_v1,7490719156083483297,11.0,11.0,121.0,0.0330578512396694,30.25,y,x,11.0,0.3636363636363636,0.6755032539367676,0.65826416015625,0,0,0,0,0,6.7677202224731445,1,0,0,0,0.8553671836853027,12.72,106,0.1020711958408355,0.279851496219635,0.9893972594290972,10.58809663791908,0.9923131206898756,0.7055946605918221,0.2214658029601505,0.2245283018867924,0.1462264150943396,0.9093996757862844,1.056283107740137,1.1082129486636172,2.428337764250782,0.4504716981132075,residual,1,x_intent,icgp_rvo_mpc,7,20
four_way_stop,density_v4_interaction_tiers,rvo_multistep_density_v1,main,fixed,4,14765,residual_zero,high,0.1,0.2,neighbor_gaussian_v1,7490719156083483297,11.0,11.0,121.0,0.0330578512396694,30.25,y,x,11.0,0.3636363636363636,0.6755032539367676,0.65826416015625,0,0,0,0,0,6.7677202224731445,1,0,0,0,0.8522651791572571,13.92,116,0.1031926274299621,0.3675213158130646,0.9892807696014644,10.89697868647636,0.9756421287516976,0.696549100528885,0.2321293110886974,0.1853448275862069,0.1400862068965517,1.0822276308403576,1.180802758368182,1.2183262472997969,2.6966039907084456,0.3642241379310345,residual,0,x_passive,residual_passive_rvo_mpc,7,20
four_way_stop,density_v4_interaction_tiers,rvo_multistep_density_v1,main,fixed,8,18765,plain_candidate,clean,0.0,0.0,neighbor_gaussian_v1,1994071506483205955,11.0,11.0,121.0,0.0661157024793388,15.125,y,x,11.0,0.7272727272727273,0.6638193130493164,0.6505131721496582,0,0,0,0,0,1.3806827068328855,1,0,0,0,0.6223469376564026,14.4,120,0.1659677028656005,0.3258144855499267,0.9826778713613749,11.029766903120615,0.9148436482685308,0.6862009731121361,0.0883358333643021,0.37875,0.2833333333333333,0.0780377744548605,0.2342380410324161,0.2720676909775162,0.9724424691125751,0.5666666666666667,plain,1,x_intent,icgp_rvo_mpc,7,20
four_way_stop,density_v4_interaction_tiers,rvo_multistep_density_v1,main,fixed,8,18765,plain_zero,clean,0.0,0.0,neighbor_gaussian_v1,1994071506483205955,11.0,11.0,121.0,0.0661157024793388,15.125,y,x,11.0,0.7272727272727273,0.6638193130493164,0.6505131721496582,0,0,0,0,0,1.3806827068328855,1,0,0,0,0.6124176979064941,12.84,107,0.1882198750972747,0.3736748695373535,0.9803554005920888,10.846101760078454,0.9837622982580388,0.7169816988633475,0.0897546734135363,0.2922897196261682,0.2464953271028037,0.1356154063709132,0.2343438762365449,0.2758223065840098,0.913560115293922,0.6203271028037384,plain,0,x_passive,passive_rvo_mpc,7,20
four_way_stop,density_v4_interaction_tiers,rvo_multistep_density_v1,main,fixed,8,18765,residual_candidate,clean,0.0,0.0,neighbor_gaussian_v1,1994071506483205955,11.0,11.0,121.0,0.0661157024793388,15.125,y,x,11.0,0.7272727272727273,0.6638193130493164,0.6505131721496582,0,0,0,0,0,1.3806827068328855,1,0,0,0,0.6371271014213562,20.28,169,0.1906811445951461,0.3715495467185974,0.9800985176116228,12.099919861262606,0.8297408658393918,0.6940883350663284,0.1106312132155324,0.2853550295857988,0.1997041420118343,0.2581748420616733,0.4101170358191845,0.4842924416477423,1.1222948171136649,0.5421597633136095,residual,1,x_intent,icgp_rvo_mpc,7,20
four_way_stop,density_v4_interaction_tiers,rvo_multistep_density_v1,main,fixed,8,18765,residual_zero,clean,0.0,0.0,neighbor_gaussian_v1,1994071506483205955,11.0,11.0,121.0,0.0661157024793388,15.125,y,x,11.0,0.7272727272727273,0.6638193130493164,0.6505131721496582,0,0,0,0,0,1.3806827068328855,1,0,0,0,0.6222378015518188,16.2,135,0.2146133482456207,0.362154483795166,0.9776007011532784,11.081521653213713,0.8765215580662091,0.7084474141675013,0.1274537961257414,0.297962962962963,0.2092592592592592,0.2498944940309351,0.3528389059641847,0.4329873371814136,0.9801557835274274,0.6185185185185185,residual,0,x_passive,residual_passive_rvo_mpc,7,20
four_way_stop,density_v4_interaction_tiers,rvo_multistep_density_v1,main,fixed,8,18765,plain_candidate,low,0.02,0.04,neighbor_gaussian_v1,16987174942562460364,11.0,11.0,121.0,0.0661157024793388,15.125,y,x,11.0,0.7272727272727273,0.6638193130493164,0.6505131721496582,0,0,0,0,0,1.3806827068328855,1,0,0,0,0.6846619844436646,20.04,167,0.1771920323371887,0.3307722210884094,0.9815063830465078,12.043231290168478,0.8191731181776453,0.7122530482129422,0.0913512723016396,0.3468562874251497,0.2507485029940119,0.1577030055147657,0.302718926298315,0.3339841408746507,1.0620340127377454,0.592814371257485,plain,1,x_intent,icgp_rvo_mpc,7,20
four_way_stop,density_v4_interaction_tiers,rvo_multistep_density_v1,main,fixed,8,18765,plain_zero,low,0.02,0.04,neighbor_gaussian_v1,16987174942562460364,11.0,11.0,121.0,0.0661157024793388,15.125,y,x,11.0,0.7272727272727273,0.6638193130493164,0.6505131721496582,0,0,0,0,0,1.3806827068328855,0,0,0,0,0.637031614780426,26.4,220,0.2176714837551117,0.5973531603813171,0.9772815220057964,12.250927491557375,0.7735534559766,0.7592902263457125,0.1052768749518277,0.2770454545454545,0.209090909090909,0.2695845932891297,0.36278564309532,0.3988351135531611,1.0635929198698566,0.6193181818181818,plain,0,x_passive,passive_rvo_mpc,7,20
four_way_stop,density_v4_interaction_tiers,rvo_multistep_density_v1,main,fixed,8,18765,residual_candidate,low,0.02,0.04,neighbor_gaussian_v1,16987174942562460364,11.0,11.0,121.0,0.0661157024793388,15.125,y,x,11.0,0.7272727272727273,0.6638193130493164,0.6505131721496582,0,0,0,0,0,1.3806827068328855,1,0,0,0,0.648522675037384,13.08,109,0.2104681432247162,0.3577161431312561,0.9780333377420902,10.58067969170952,0.9575359762876952,0.7413325000110023,0.1143713300426089,0.3594036697247706,0.2786697247706422,0.1542221123299673,0.3097891849139278,0.3922895055595751,1.033216328519747,0.5596330275229358,residual,1,x_intent,icgp_rvo_mpc,7,20
four_way_stop,density_v4_interaction_tiers,rvo_multistep_density_v1,main,fixed,8,18765,residual_zero,low,0.02,0.04,neighbor_gaussian_v1,16987174942562460364,11.0,11.0,121.0,0.0661157024793388,15.125,y,x,11.0,0.7272727272727273,0.6638193130493164,0.6505131721496582,0,0,0,0,0,1.3806827068328855,1,0,0,0,0.6105265617370605,11.88,99,0.1740337014198303,0.3267097473144531,0.9818360190838576,10.437661748452228,0.9900925851078948,0.6757447941398079,0.1415535353413416,0.322979797979798,0.2651515151515151,0.2031158754480251,0.3033806349741615,0.3729509005339986,1.019600921098632,0.6060606060606061,residual,0,x_passive,residual_passive_rvo_mpc,7,20
four_way_stop,density_v4_interaction_tiers,rvo_multistep_density_v1,main,fixed,8,18765,plain_candidate,medium,0.05,0.1,neighbor_gaussian_v1,11098184236692301263,11.0,11.0,121.0,0.0661157024793388,15.125,y,x,11.0,0.7272727272727273,0.6638193130493164,0.6505131721496582,0,0,0,0,0,1.3806827068328855,1,0,0,0,0.6886189579963684,11.88,99,0.1674674749374389,0.2881607413291931,0.9825213383883238,10.23503795475699,1.1354743752515677,0.8948121588639538,0.1089458330740183,0.3628787878787878,0.25,0.0953024882995382,0.2454727237355528,0.3126693148436871,0.9400083040017072,0.6338383838383839,plain,1,x_intent,icgp_rvo_mpc,7,20
four_way_stop,density_v4_interaction_tiers,rvo_multistep_density_v1,main,fixed,8,18765,plain_zero,medium,0.05,0.1,neighbor_gaussian_v1,11098184236692301263,11.0,11.0,121.0,0.0661157024793388,15.125,y,x,11.0,0.7272727272727273,0.6638193130493164,0.6505131721496582,0,0,0,0,0,1.3806827068328855,0,0,0,0,0.6827196478843689,26.4,220,0.3059090971946716,0.991891860961914,0.9680721201002598,13.61616712160685,0.9057487349957228,0.8528194438158111,0.0957261363179317,0.3121590909090909,0.2323863636363636,0.2156353052034551,0.3103287875468166,0.3517063748923301,1.0857730003852737,0.5420454545454545,plain,0,x_passive,passive_rvo_mpc,7,20
four_way_stop,density_v4_interaction_tiers,rvo_multistep_density_v1,main,fixed,8,18765,residual_candidate,medium,0.05,0.1,neighbor_gaussian_v1,11098184236692301263,11.0,11.0,121.0,0.0661157024793388,15.125,y,x,11.0,0.7272727272727273,0.6638193130493164,0.6505131721496582,0,0,0,0,0,1.3806827068328855,1,0,0,0,0.7059066891670227,12.96,108,0.1797165423631668,0.354532778263092,0.981242896988988,10.426534182042817,0.9835340977749892,0.7947925332312783,0.1157165509168946,0.3337962962962963,0.2384259259259259,0.1888882134978323,0.3504330370830441,0.389330961553173,1.0845780671691456,0.6030092592592593,residual,1,x_intent,icgp_rvo_mpc,7,20
four_way_stop,density_v4_interaction_tiers,rvo_multistep_density_v1,main,fixed,8,18765,residual_zero,medium,0.05,0.1,neighbor_gaussian_v1,11098184236692301263,11.0,11.0,121.0,0.0661157024793388,15.125,y,x,11.0,0.7272727272727273,0.6638193130493164,0.6505131721496582,0,0,0,0,0,1.3806827068328855,1,0,0,0,0.6905786991119385,15.48,129,0.1605518460273742,0.3699319958686828,0.9832431264221668,11.503023545563336,1.0708946308424308,0.8925421536546345,0.1198349807315773,0.3406976744186046,0.2810077519379845,0.241673095746168,0.3361593450086061,0.3815200768792352,1.0301519987980523,0.625,residual,0,x_passive,residual_passive_rvo_mpc,7,20
four_way_stop,density_v4_interaction_tiers,rvo_multistep_density_v1,main,fixed,8,18765,plain_candidate,high,0.1,0.2,neighbor_gaussian_v1,10706080764029349074,11.0,11.0,121.0,0.0661157024793388,15.125,y,x,11.0,0.7272727272727273,0.6638193130493164,0.6505131721496582,0,0,0,0,0,1.3806827068328855,1,0,0,0,0.6953352689743042,20.88,174,0.1726991981267929,0.3464289605617523,0.9819753021001816,12.090915516440871,1.08968288691222,1.0114496701407707,0.0933390086059774,0.3176724137931034,0.2126436781609195,0.1858877368222108,0.3288110359062323,0.3807879784170153,1.0289987407907333,0.5653735632183908,plain,1,x_intent,icgp_rvo_mpc,7,20
four_way_stop,density_v4_interaction_tiers,rvo_multistep_density_v1,main,fixed,8,18765,plain_zero,high,0.1,0.2,neighbor_gaussian_v1,10706080764029349074,11.0,11.0,121.0,0.0661157024793388,15.125,y,x,11.0,0.7272727272727273,0.6638193130493164,0.6505131721496582,0,0,0,0,0,1.3806827068328855,0,0,0,0,0.7176322340965271,26.4,220,0.2830848097801208,0.8437020182609558,0.9704543016850948,12.412794341740664,0.9194946599785576,0.9214824257926508,0.0926085226885995,0.3018181818181818,0.246590909090909,0.2658349358557131,0.3558144137449563,0.4082759515653281,1.1100192993472924,0.4772727272727273,plain,0,x_passive,passive_rvo_mpc,7,20
four_way_stop,density_v4_interaction_tiers,rvo_multistep_density_v1,main,fixed,8,18765,residual_candidate,high,0.1,0.2,neighbor_gaussian_v1,10706080764029349074,11.0,11.0,121.0,0.0661157024793388,15.125,y,x,11.0,0.7272727272727273,0.6638193130493164,0.6505131721496582,0,0,0,0,0,1.3806827068328855,1,0,0,0,0.7205063700675964,14.88,124,0.1428755223751068,0.3353678584098816,0.985088013112545,11.18694265618251,1.1030692806347244,0.9898031421246068,0.115438710171504,0.2756048387096774,0.188508064516129,0.245460356888305,0.4011361979419787,0.4816297268786378,1.131243595075944,0.5725806451612904,residual,1,x_intent,icgp_rvo_mpc,7,20
four_way_stop,density_v4_interaction_tiers,rvo_multistep_density_v1,main,fixed,8,18765,residual_zero,high,0.1,0.2,neighbor_gaussian_v1,10706080764029349074,11.0,11.0,121.0,0.0661157024793388,15.125,y,x,11.0,0.7272727272727273,0.6638193130493164,0.6505131721496582,0,0,0,0,0,1.3806827068328855,1,0,0,0,0.7263593673706055,25.2,210,0.1685971617698669,0.3761455416679382,0.9824034329503776,13.224189905784442,0.9871387608704112,0.9781022044164794,0.1364761906318433,0.2583333333333333,0.1851190476190476,0.3038571380991268,0.4011732994188511,0.5053427456310463,1.0509702460538777,0.5541666666666667,residual,0,x_passive,residual_passive_rvo_mpc,7,20
corridor,density_v4_interaction_tiers,rvo_multistep_density_v1,main,fixed,4,14225,plain_candidate,clean,0.0,0.0,neighbor_gaussian_v1,10911430294523189363,12.0,5.4,64.80000000000001,0.0617283950617283,16.200000000000003,x,y,4.140000000000001,0.9661835748792268,1.0010509490966797,0.967331886291504,0,0,0,0,0,1.2184374713897703,1,0,1,0,0.5059599876403809,13.44,112,0.1284527331590652,0.3777667880058288,0.9874080112203956,11.752743120945524,0.6868790349399205,0.4695729514184807,0.1853609367442134,0.1875,0.1294642857142857,0.2077607562767558,0.3396655549987086,0.3855507835546242,0.5318298197803752,0.7053571428571429,plain,1,x_intent,icgp_rvo_mpc,7,21
corridor,density_v4_interaction_tiers,rvo_multistep_density_v1,main,fixed,4,14225,plain_zero,clean,0.0,0.0,neighbor_gaussian_v1,10911430294523189363,12.0,5.4,64.80000000000001,0.0617283950617283,16.200000000000003,x,y,4.140000000000001,0.9661835748792268,1.0010509490966797,0.967331886291504,0,0,0,0,0,1.2184374713897703,1,0,1,0,0.495081216096878,12.48,104,0.1947754472494125,0.3358524143695831,0.9809065144509076,11.594343870645387,0.6923530955906384,0.4400545800319658,0.2759389419504889,0.1879807692307692,0.1610576923076923,0.2265403626630835,0.3346099271439016,0.3857877192861186,0.4937973977940586,0.6947115384615384,plain,0,x_passive,passive_rvo_mpc,7,21
corridor,density_v4_interaction_tiers,rvo_multistep_density_v1,main,fixed,4,14225,residual_candidate,clean,0.0,0.0,neighbor_gaussian_v1,10911430294523189363,12.0,5.4,64.80000000000001,0.0617283950617283,16.200000000000003,x,y,4.140000000000001,0.9661835748792268,1.0010509490966797,0.967331886291504,0,0,0,0,0,1.2184374713897703,1,0,0,0,0.7634671330451965,12.48,104,0.1183964312076568,0.3675470054149627,0.9883938115090132,10.434692341106713,0.5796373041275029,0.3805248422789961,0.2923810097854584,0.2519230769230769,0.1923076923076923,0.1704021431357922,0.331758695859462,0.3631024575820909,0.6551277843103386,0.2980769230769231,residual,1,x_intent,icgp_rvo_mpc,7,21
corridor,density_v4_interaction_tiers,rvo_multistep_density_v1,main,fixed,4,14225,residual_zero,clean,0.0,0.0,neighbor_gaussian_v1,10911430294523189363,12.0,5.4,64.80000000000001,0.0617283950617283,16.200000000000003,x,y,4.140000000000001,0.9661835748792268,1.0010509490966797,0.967331886291504,0,0,0,0,0,1.2184374713897703,1,0,0,0,0.7224926948547363,13.2,110,0.1149106621742248,0.3611270487308502,0.9887355156242849,10.799442173767602,0.7185975643848492,0.4584462790326639,0.2145888627803122,0.2668181818181818,0.2,0.1986839150926944,0.3197462938373738,0.3555910317789424,0.6579684363461353,0.3545454545454545,residual,0,x_passive,residual_passive_rvo_mpc,7,21
corridor,density_v4_interaction_tiers,rvo_multistep_density_v1,main,fixed,4,14225,plain_candidate,low,0.02,0.04,neighbor_gaussian_v1,12883759230505161185,12.0,5.4,64.80000000000001,0.0617283950617283,16.200000000000003,x,y,4.140000000000001,0.9661835748792268,1.0010509490966797,0.967331886291504,0,0,0,0,0,1.2184374713897703,1,0,0,0,0.6083804965019226,10.92,91,0.2201673090457916,0.3606936037540436,0.9784173965454102,10.703283982467838,0.8280984505110389,0.6241859545173881,0.1802162082090584,0.206043956043956,0.1456043956043956,0.1983168544723641,0.3306282779148646,0.3919188417592545,0.5904756259164967,0.8186813186813187,plain,1,x_intent,icgp_rvo_mpc,7,21
corridor,density_v4_interaction_tiers,rvo_multistep_density_v1,main,fixed,4,14225,plain_zero,low,0.02,0.04,neighbor_gaussian_v1,12883759230505161185,12.0,5.4,64.80000000000001,0.0617283950617283,16.200000000000003,x,y,4.140000000000001,0.9661835748792268,1.0010509490966797,0.967331886291504,0,0,0,0,0,1.2184374713897703,1,0,0,0,0.6785725355148315,11.28,94,0.1288925111293792,0.3562819063663482,0.9873649002984166,10.619003507657908,0.7150973199688374,0.5505062705896636,0.1847281921382478,0.2079787234042553,0.1569148936170212,0.2363551207489155,0.3537787159104296,0.3915561375307275,0.5508015006717215,0.6968085106382979,plain,0,x_passive,passive_rvo_mpc,7,21
corridor,density_v4_interaction_tiers,rvo_multistep_density_v1,main,fixed,4,14225,residual_candidate,low,0.02,0.04,neighbor_gaussian_v1,12883759230505161185,12.0,5.4,64.80000000000001,0.0617283950617283,16.200000000000003,x,y,4.140000000000001,0.9661835748792268,1.0010509490966797,0.967331886291504,0,0,0,0,0,1.2184374713897703,1,0,0,0,0.7518308758735657,13.56,113,0.0955091416835784,0.2816641330718994,0.9906374113634228,10.682847869436957,0.6019589028483981,0.3989725134673372,0.2456205755119846,0.2924778761061947,0.2367256637168141,0.1529679144667337,0.3089228469331179,0.3475207605074464,0.6217434511775464,0.3716814159292035,residual,1,x_intent,icgp_rvo_mpc,7,21
corridor,density_v4_interaction_tiers,rvo_multistep_density_v1,main,fixed,4,14225,residual_zero,low,0.02,0.04,neighbor_gaussian_v1,12883759230505161185,12.0,5.4,64.80000000000001,0.0617283950617283,16.200000000000003,x,y,4.140000000000001,0.9661835748792268,1.0010509490966797,0.967331886291504,0,0,0,0,0,1.2184374713897703,1,0,0,0,0.7682914137840271,11.64,97,0.1744274199008941,0.284947782754898,0.982901195064187,10.58750081647304,0.6261713353043288,0.3760112649617121,0.2536463925372521,0.2561855670103092,0.2242268041237113,0.2463618956932548,0.3536272985296151,0.3948296979100433,0.6733027545946468,0.3634020618556701,residual,0,x_passive,residual_passive_rvo_mpc,7,21
corridor,density_v4_interaction_tiers,rvo_multistep_density_v1,main,fixed,4,14225,plain_candidate,medium,0.05,0.1,neighbor_gaussian_v1,13870378342089397559,12.0,5.4,64.80000000000001,0.0617283950617283,16.200000000000003,x,y,4.140000000000001,0.9661835748792268,1.0010509490966797,0.967331886291504,0,0,0,0,0,1.2184374713897703,1,0,0,0,0.7591654062271118,11.28,94,0.1543877124786377,0.3204867541790008,0.9848656514659524,10.698242241574915,0.7260957112179157,0.6453996574149486,0.1943523930868708,0.1718085106382978,0.1037234042553191,0.2263190568258312,0.3763198886684915,0.4075485110695057,0.5974164654615712,0.6808510638297872,plain,1,x_intent,icgp_rvo_mpc,7,21
corridor,density_v4_interaction_tiers,rvo_multistep_density_v1,main,fixed,4,14225,plain_zero,medium,0.05,0.1,neighbor_gaussian_v1,13870378342089397559,12.0,5.4,64.80000000000001,0.0617283950617283,16.200000000000003,x,y,4.140000000000001,0.9661835748792268,1.0010509490966797,0.967331886291504,0,0,0,0,0,1.2184374713897703,1,0,0,0,0.6842705011367798,12.36,103,0.1807344555854797,0.3747720718383789,0.9822829272598028,11.796533963177351,0.8974389785774124,0.7464564542096217,0.2047123785302477,0.179126213592233,0.1383495145631068,0.2438301634327372,0.341442947518623,0.4021158731714325,0.527924104738004,0.7524271844660194,plain,0,x_passive,passive_rvo_mpc,7,21
corridor,density_v4_interaction_tiers,rvo_multistep_density_v1,main,fixed,4,14225,residual_candidate,medium,0.05,0.1,neighbor_gaussian_v1,13870378342089397559,12.0,5.4,64.80000000000001,0.0617283950617283,16.200000000000003,x,y,4.140000000000001,0.9661835748792268,1.0010509490966797,0.967331886291504,0,0,0,0,0,1.2184374713897703,1,0,0,0,0.6666110157966614,13.8,115,0.1066194325685501,0.3193210363388061,0.9895482901483774,10.682165237842128,0.5835161977315969,0.3810918047781224,0.2184886949734114,0.2434782608695652,0.1717391304347826,0.1799969136324184,0.3332438800555208,0.374782122110543,0.5812013433083244,0.3369565217391304,residual,1,x_intent,icgp_rvo_mpc,7,21
corridor,density_v4_interaction_tiers,rvo_multistep_density_v1,main,fixed,4,14225,residual_zero,medium,0.05,0.1,neighbor_gaussian_v1,13870378342089397559,12.0,5.4,64.80000000000001,0.0617283950617283,16.200000000000003,x,y,4.140000000000001,0.9661835748792268,1.0010509490966797,0.967331886291504,0,0,0,0,0,1.2184374713897703,1,0,0,0,0.6888045072555542,11.28,94,0.1685229986906051,0.3003462851047516,0.9834799952805042,10.40124092338374,0.5709317871468499,0.3988128235573543,0.2376656913374392,0.250531914893617,0.2074468085106383,0.2424055102479425,0.3590296400940799,0.4062917058597853,0.5955333405915411,0.3670212765957447,residual,0,x_passive,residual_passive_rvo_mpc,7,21
corridor,density_v4_interaction_tiers,rvo_multistep_density_v1,main,fixed,4,14225,plain_candidate,high,0.1,0.2,neighbor_gaussian_v1,3109438660968503854,12.0,5.4,64.80000000000001,0.0617283950617283,16.200000000000003,x,y,4.140000000000001,0.9661835748792268,1.0010509490966797,0.967331886291504,0,0,0,0,0,1.2184374713897703,1,0,0,0,0.6768940687179565,13.92,116,0.0986515283584594,0.27874955534935,0.9903293689712882,11.208677044749493,0.8725585801514861,0.7440787582971349,0.1792064655907372,0.2422413793103448,0.1745689655172413,0.1542361511649756,0.3106636018232153,0.3441733879907506,0.5634627885461367,0.4870689655172414,plain,1,x_intent,icgp_rvo_mpc,7,21
corridor,density_v4_interaction_tiers,rvo_multistep_density_v1,main,fixed,4,14225,plain_zero,high,0.1,0.2,neighbor_gaussian_v1,3109438660968503854,12.0,5.4,64.80000000000001,0.0617283950617283,16.200000000000003,x,y,4.140000000000001,0.9661835748792268,1.0010509490966797,0.967331886291504,0,0,0,0,0,1.2184374713897703,1,0,0,0,0.7230693697929382,12.6,105,0.1262054592370987,0.3236245512962341,0.9876283071935176,10.857479623053225,0.8664885569186438,0.7417449851830801,0.1717783333290191,0.2338095238095238,0.1976190476190476,0.1862108189770508,0.3000973427749815,0.3299472149184771,0.5597857726528531,0.580952380952381,plain,0,x_passive,passive_rvo_mpc,7,21
corridor,density_v4_interaction_tiers,rvo_multistep_density_v1,main,fixed,4,14225,residual_candidate,high,0.1,0.2,neighbor_gaussian_v1,3109438660968503854,12.0,5.4,64.80000000000001,0.0617283950617283,16.200000000000003,x,y,4.140000000000001,0.9661835748792268,1.0010509490966797,0.967331886291504,0,0,0,0,0,1.2184374713897703,1,0,0,0,0.7238391041755676,12.36,103,0.1054596006870269,0.310383528470993,0.9896619860082864,10.563046569819562,0.6339613502659808,0.4752852547986125,0.2368461168020764,0.2922330097087379,0.2378640776699029,0.1811835607862804,0.340520142614118,0.368809227268528,0.6429283732855783,0.3398058252427184,residual,1,x_intent,icgp_rvo_mpc,7,21
corridor,density_v4_interaction_tiers,rvo_multistep_density_v1,main,fixed,4,14225,residual_zero,high,0.1,0.2,neighbor_gaussian_v1,3109438660968503854,12.0,5.4,64.80000000000001,0.0617283950617283,16.200000000000003,x,y,4.140000000000001,0.9661835748792268,1.0010509490966797,0.967331886291504,0,0,0,0,0,1.2184374713897703,1,0,0,0,0.7655242085456848,11.76,98,0.1435983926057815,0.2980747818946838,0.985923308879137,10.511631487228442,0.6007392723659738,0.447171702097189,0.2403010185677273,0.2806122448979591,0.2321428571428571,0.2203003001803228,0.3321666705669188,0.3646596901909429,0.6801437759505851,0.2908163265306122,residual,0,x_passive,residual_passive_rvo_mpc,7,21
corridor,density_v4_interaction_tiers,rvo_multistep_density_v1,main,fixed,8,18225,plain_candidate,clean,0.0,0.0,neighbor_gaussian_v1,12038393749639686708,12.0,5.4,64.80000000000001,0.1234567901234567,8.100000000000001,x,y,4.140000000000001,1.9323671497584536,0.988483428955078,0.9863500595092772,0,0,0,0,0,0.681023895740509,0,0,0,0,0.6687322854995728,26.4,220,0.6441900730133057,1.142240285873413,0.936366118490696,13.751539840210173,1.0028211254965176,0.9597380616448142,0.0984858520744389,0.5893181818181819,0.4556818181818182,-0.1510746248553041,0.0196017894391817,0.022575395873917,0.4948555794889954,0.7238636363636364,plain,1,x_intent,icgp_rvo_mpc,7,21
corridor,density_v4_interaction_tiers,rvo_multistep_density_v1,main,fixed,8,18225,plain_zero,clean,0.0,0.0,neighbor_gaussian_v1,12038393749639686708,12.0,5.4,64.80000000000001,0.1234567901234567,8.100000000000001,x,y,4.140000000000001,1.9323671497584536,0.988483428955078,0.9863500595092772,0,0,0,0,0,0.681023895740509,0,0,0,0,0.5289403200149536,26.4,220,0.7046654224395752,1.5641416311264038,0.930392287671566,14.017820498535002,0.9889226150444964,1.0062815915454515,0.0918138634998203,0.5348863636363637,0.390340909090909,-0.0727524879551916,0.0362901923790658,0.0452610267636535,0.4423068188157949,0.7306818181818182,plain,0,x_passive,passive_rvo_mpc,7,21
corridor,density_v4_interaction_tiers,rvo_multistep_density_v1,main,fixed,8,18225,residual_candidate,clean,0.0,0.0,neighbor_gaussian_v1,12038393749639686708,12.0,5.4,64.80000000000001,0.1234567901234567,8.100000000000001,x,y,4.140000000000001,1.9323671497584536,0.988483428955078,0.9863500595092772,0,0,0,0,0,0.681023895740509,0,0,0,0,0.6773129105567932,26.4,220,0.6981288194656372,2.2111291885375977,0.9310379847884178,14.43344665668883,0.9488844853233208,0.9636654556474904,0.116922556513931,0.4357954545454545,0.2909090909090909,-0.0714957545105135,0.0866652850620448,0.0908144377053461,0.4525705395212228,0.7846590909090909,residual,1,x_intent,icgp_rvo_mpc,7,21
corridor,density_v4_interaction_tiers,rvo_multistep_density_v1,main,fixed,8,18225,residual_zero,clean,0.0,0.0,neighbor_gaussian_v1,12038393749639686708,12.0,5.4,64.80000000000001,0.1234567901234567,8.100000000000001,x,y,4.140000000000001,1.9323671497584536,0.988483428955078,0.9863500595092772,0,0,0,0,0,0.681023895740509,0,0,0,0,0.6100286841392517,26.4,220,0.6943482756614685,1.098949670791626,0.9314114302396774,14.4545958486342,0.9675379541787236,0.9117773709649388,0.1118757383995795,0.44125,0.3244318181818181,-0.0322579295407261,0.073229285183278,0.0829299549243666,0.4813365251858804,0.7880681818181818,residual,0,x_passive,residual_passive_rvo_mpc,7,21
corridor,density_v4_interaction_tiers,rvo_multistep_density_v1,main,fixed,8,18225,plain_candidate,low,0.02,0.04,neighbor_gaussian_v1,427981178027661845,12.0,5.4,64.80000000000001,0.1234567901234567,8.100000000000001,x,y,4.140000000000001,1.9323671497584536,0.988483428955078,0.9863500595092772,0,0,0,0,0,0.681023895740509,0,0,0,0,0.6237178444862366,26.4,220,0.7735873460769653,2.4013993740081787,0.923584096133709,13.405191624558938,1.0167928341437469,1.023725449293852,0.0862144319729519,0.5273863636363636,0.4119318181818182,-0.106606649080376,0.0436527585590427,0.0499894671656868,0.4544644917473198,0.7011363636363637,plain,1,x_intent,icgp_rvo_mpc,7,21
corridor,density_v4_interaction_tiers,rvo_multistep_density_v1,main,fixed,8,18225,plain_zero,low,0.02,0.04,neighbor_gaussian_v1,427981178027661845,12.0,5.4,64.80000000000001,0.1234567901234567,8.100000000000001,x,y,4.140000000000001,1.9323671497584536,0.988483428955078,0.9863500595092772,0,0,0,0,0,0.681023895740509,0,0,0,0,0.6551109552383423,26.4,220,0.7224849462509155,1.1660927534103394,0.9286320582032204,14.62775501872602,1.0278765875507485,1.02722392285412,0.0850090343605684,0.4879545454545455,0.3517045454545454,-0.0646412650076037,0.0406180463363839,0.0482107965226539,0.4710696723579683,0.7392045454545455,plain,0,x_passive,passive_rvo_mpc,7,21
corridor,density_v4_interaction_tiers,rvo_multistep_density_v1,main,fixed,8,18225,residual_candidate,low,0.02,0.04,neighbor_gaussian_v1,427981178027661845,12.0,5.4,64.80000000000001,0.1234567901234567,8.100000000000001,x,y,4.140000000000001,1.9323671497584536,0.988483428955078,0.9863500595092772,0,0,0,0,0,0.681023895740509,0,0,0,0,0.6821861863136292,26.4,220,0.6788567900657654,1.5102972984313965,0.932941697537899,13.994810491458338,1.028327379240231,1.093349952724847,0.1129355683753436,0.4668181818181818,0.3392045454545455,-0.0711130992972122,0.0867364755686033,0.0921309287134896,0.4521739348715002,0.8164772727272728,residual,1,x_intent,icgp_rvo_mpc,7,21
corridor,density_v4_interaction_tiers,rvo_multistep_density_v1,main,fixed,8,18225,residual_zero,low,0.02,0.04,neighbor_gaussian_v1,427981178027661845,12.0,5.4,64.80000000000001,0.1234567901234567,8.100000000000001,x,y,4.140000000000001,1.9323671497584536,0.988483428955078,0.9863500595092772,0,0,0,0,0,0.681023895740509,0,0,0,0,0.558937132358551,26.4,220,0.7765552997589111,1.4314459562301636,0.92329091578722,14.464962005775304,1.052427764372392,1.060351313650608,0.1507311365209964,0.4325,0.3085227272727273,-0.0273261516110082,0.0754678698521192,0.0947806866602887,0.4281494573572312,0.7630681818181818,residual,0,x_passive,residual_passive_rvo_mpc,7,21
corridor,density_v4_interaction_tiers,rvo_multistep_density_v1,main,fixed,8,18225,plain_candidate,medium,0.05,0.1,neighbor_gaussian_v1,8490925078226187432,12.0,5.4,64.80000000000001,0.1234567901234567,8.100000000000001,x,y,4.140000000000001,1.9323671497584536,0.988483428955078,0.9863500595092772,0,0,0,0,0,0.681023895740509,0,0,0,0,0.6669605374336243,26.4,220,0.700363039970398,1.348907470703125,0.9308172836899756,13.70983857259489,1.281006858971986,1.2872173730622638,0.0944640910099472,0.5931818181818181,0.4267045454545454,-0.1431241238169922,0.0205738849921829,0.0277280177098952,0.4401337984075601,0.7647727272727273,plain,1,x_intent,icgp_rvo_mpc,7,21
corridor,density_v4_interaction_tiers,rvo_multistep_density_v1,main,fixed,8,18225,plain_zero,medium,0.05,0.1,neighbor_gaussian_v1,8490925078226187432,12.0,5.4,64.80000000000001,0.1234567901234567,8.100000000000001,x,y,4.140000000000001,1.9323671497584536,0.988483428955078,0.9863500595092772,0,0,0,0,0,0.681023895740509,0,0,1,0,0.4549615681171417,26.4,220,0.6452248096466064,1.5709270238876345,0.9362639039754868,15.814568692956527,1.273718121918765,1.2468951122327283,0.0911551705278477,0.4580681818181818,0.3710227272727273,-0.0405977779876292,0.063379987812855,0.0896804182363504,0.4319202501844954,0.7346590909090909,plain,0,x_passive,passive_rvo_mpc,7,21
corridor,density_v4_interaction_tiers,rvo_multistep_density_v1,main,fixed,8,18225,residual_candidate,medium,0.05,0.1,neighbor_gaussian_v1,8490925078226187432,12.0,5.4,64.80000000000001,0.1234567901234567,8.100000000000001,x,y,4.140000000000001,1.9323671497584536,0.988483428955078,0.9863500595092772,0,0,0,0,0,0.681023895740509,0,0,0,0,0.6626203656196594,26.4,220,0.5928874015808105,0.9307658076286316,0.941433858126402,14.258832090035868,1.3246288150548935,1.323230105638504,0.1277710796288871,0.5204545454545455,0.3727272727272727,-0.1095047656544748,0.0469620251618325,0.0536921656595712,0.4354862425780686,0.7795454545454545,residual,1,x_intent,icgp_rvo_mpc,7,21
corridor,density_v4_interaction_tiers,rvo_multistep_density_v1,main,fixed,8,18225,residual_zero,medium,0.05,0.1,neighbor_gaussian_v1,8490925078226187432,12.0,5.4,64.80000000000001,0.1234567901234567,8.100000000000001,x,y,4.140000000000001,1.9323671497584536,0.988483428955078,0.9863500595092772,0,0,0,0,0,0.681023895740509,0,0,0,0,0.6285926103591919,26.4,220,0.6397672891616821,1.17655611038208,0.9368030056357384,14.76864629847114,1.3010230846025728,1.2899449334903197,0.1174896022183185,0.4009090909090909,0.3102272727272727,0.002510444596415,0.0988451853442767,0.1089125790888105,0.4219123348280449,0.7642045454545454,residual,0,x_passive,residual_passive_rvo_mpc,7,21
corridor,density_v4_interaction_tiers,rvo_multistep_density_v1,main,fixed,8,18225,plain_candidate,high,0.1,0.2,neighbor_gaussian_v1,7759424993525944232,12.0,5.4,64.80000000000001,0.1234567901234567,8.100000000000001,x,y,4.140000000000001,1.9323671497584536,0.988483428955078,0.9863500595092772,0,0,0,0,0,0.681023895740509,0,0,0,0,0.6707710027694702,26.4,220,0.6177746057510376,1.2807174921035769,0.9389754682779312,14.471206278074533,1.3667132850397716,1.382427524436604,0.089591647801254,0.6035227272727273,0.4448863636363636,-0.1502420096684945,0.0229087739011103,0.0297835077243772,0.4308530019365928,0.7738636363636363,plain,1,x_intent,icgp_rvo_mpc,7,21
corridor,density_v4_interaction_tiers,rvo_multistep_density_v1,main,fixed,8,18225,plain_zero,high,0.1,0.2,neighbor_gaussian_v1,7759424993525944232,12.0,5.4,64.80000000000001,0.1234567901234567,8.100000000000001,x,y,4.140000000000001,1.9323671497584536,0.988483428955078,0.9863500595092772,0,0,0,0,0,0.681023895740509,0,0,1,0,0.4935340881347656,26.4,220,0.717134952545166,1.7002454996109009,0.9291605353355408,13.983649826073815,1.4568698100068354,1.4413801439783789,0.0857248296101302,0.5330681818181818,0.3778409090909091,-0.0858165132924385,0.0304185061922127,0.0366654505973512,0.4434225529879332,0.7306818181818182,plain,0,x_passive,passive_rvo_mpc,7,21
corridor,density_v4_interaction_tiers,rvo_multistep_density_v1,main,fixed,8,18225,residual_candidate,high,0.1,0.2,neighbor_gaussian_v1,7759424993525944232,12.0,5.4,64.80000000000001,0.1234567901234567,8.100000000000001,x,y,4.140000000000001,1.9323671497584536,0.988483428955078,0.9863500595092772,0,0,0,0,0,0.681023895740509,0,0,0,0,0.6850261688232422,26.4,220,0.6431910395622253,1.2022268772125244,0.9364648014307022,15.162083650058776,1.4763666983355177,1.4440680633891712,0.1155923296623355,0.4105681818181818,0.2943181818181818,-0.0346674167560228,0.1100173000790686,0.1200955977266315,0.4416383384768428,0.7659090909090909,residual,1,x_intent,icgp_rvo_mpc,7,21
corridor,density_v4_interaction_tiers,rvo_multistep_density_v1,main,fixed,8,18225,residual_zero,high,0.1,0.2,neighbor_gaussian_v1,7759424993525944232,12.0,5.4,64.80000000000001,0.1234567901234567,8.100000000000001,x,y,4.140000000000001,1.9323671497584536,0.988483428955078,0.9863500595092772,0,0,0,0,0,0.681023895740509,0,0,1,0,0.5066708326339722,26.4,220,0.5605053305625916,1.0916023254394531,0.9446325972676276,14.77561970957322,1.418457593023777,1.3671421378850936,0.113760852135866,0.4675,0.3460227272727272,-0.0396559580343521,0.0719641386146911,0.0830557905955409,0.4122347805452618,0.7664772727272727,residual,0,x_passive,residual_passive_rvo_mpc,7,21
narrow_gate,density_v4_interaction_tiers,rvo_multistep_density_v1,main,fixed,4,14534,plain_candidate,clean,0.0,0.0,neighbor_gaussian_v1,8292425462410869313,12.0,8.0,96.0,0.0416666666666666,24.0,x,y,2.2,1.818181818181818,0.7739109992980957,0.868560791015625,0,0,0,0,0,2.8850858211517334,0,0,0,0,0.8067983794982747,26.4,220,1.7219218015670776,6.737529277801514,0.8379434049129486,12.97878697809938,0.6369544891322303,0.5351401642195153,0.1869260216401678,0.2777272727272727,0.0636363636363636,0.3366216527322745,0.5385299596564328,0.5503865120529706,1.1412594976771324,0.4818181818181818,plain,1,x_intent,icgp_rvo_mpc,7,21
narrow_gate,density_v4_interaction_tiers,rvo_multistep_density_v1,main,fixed,4,14534,plain_zero,clean,0.0,0.0,neighbor_gaussian_v1,8292425462410869313,12.0,8.0,96.0,0.0416666666666666,24.0,x,y,2.2,1.818181818181818,0.7739109992980957,0.868560791015625,0,0,0,0,0,2.8850858211517334,1,0,0,0,0.6576161980628967,17.04,142,0.1300767213106155,0.355983167886734,0.9877579864114524,12.921270640625153,0.8103109599192772,0.5566424166481995,0.1887095067117192,0.1911971830985915,0.0968309859154929,0.3207189421000171,0.4327720975059968,0.4792530712066267,0.9435907330717122,0.5580985915492958,plain,0,x_passive,passive_rvo_mpc,7,21
narrow_gate,density_v4_interaction_tiers,rvo_multistep_density_v1,main,fixed,4,14534,residual_candidate,clean,0.0,0.0,neighbor_gaussian_v1,8292425462410869313,12.0,8.0,96.0,0.0416666666666666,24.0,x,y,2.2,1.818181818181818,0.7739109992980957,0.868560791015625,0,0,0,0,0,2.8850858211517334,1,0,0,0,0.6191972494125366,15.24,127,0.1184710040688514,0.357907623052597,0.988850244320929,11.585618725446691,0.789623199353291,0.5251226560483182,0.2441165357366145,0.2181102362204724,0.1023622047244094,0.5344754605076621,0.6907155177177534,0.7525108337319706,1.0650537288031543,0.5019685039370079,residual,1,x_intent,icgp_rvo_mpc,7,21
narrow_gate,density_v4_interaction_tiers,rvo_multistep_density_v1,main,fixed,4,14534,residual_zero,clean,0.0,0.0,neighbor_gaussian_v1,8292425462410869313,12.0,8.0,96.0,0.0416666666666666,24.0,x,y,2.2,1.818181818181818,0.7739109992980957,0.868560791015625,0,0,0,0,0,2.8850858211517334,1,0,0,0,0.6569732427597046,15.6,130,0.1157218590378761,0.3509280681610107,0.989108976908028,11.970157783536706,0.8377643475755506,0.5637718072944737,0.2280813462745685,0.2357692307692307,0.1365384615384615,0.5556508223679797,0.6674763690867317,0.7210089564813384,1.0439512632898864,0.5288461538461539,residual,0,x_passive,residual_passive_rvo_mpc,7,21
narrow_gate,density_v4_interaction_tiers,rvo_multistep_density_v1,main,fixed,4,14534,plain_candidate,low,0.02,0.04,neighbor_gaussian_v1,14762873455757810209,12.0,8.0,96.0,0.0416666666666666,24.0,x,y,2.2,1.818181818181818,0.7739109992980957,0.868560791015625,0,0,0,0,0,2.8850858211517334,1,0,0,0,0.8065035681427621,22.56,188,0.139906495809555,0.3600398600101471,0.9868328683078288,13.56174491168349,0.7129927033035548,0.5531668780465115,0.1849944151701415,0.1867021276595744,0.0478723404255319,0.3979848315470186,0.557057534673649,0.5983772157950138,1.159937334124106,0.4734042553191489,plain,1,x_intent,icgp_rvo_mpc,7,21
narrow_gate,density_v4_interaction_tiers,rvo_multistep_density_v1,main,fixed,4,14534,plain_zero,low,0.02,0.04,neighbor_gaussian_v1,14762873455757810209,12.0,8.0,96.0,0.0416666666666666,24.0,x,y,2.2,1.818181818181818,0.7739109992980957,0.868560791015625,0,0,0,0,0,2.8850858211517334,1,0,0,0,0.8025193810462952,21.36,178,0.1356768608093261,0.3702276349067688,0.9872309360653162,12.853125768284372,0.7209070266511886,0.5452033326518984,0.1688349717021972,0.2067415730337078,0.1039325842696629,0.4907072339000553,0.6076839839497593,0.6431030596226089,1.1881822628282068,0.4438202247191011,plain,0,x_passive,passive_rvo_mpc,7,21
narrow_gate,density_v4_interaction_tiers,rvo_multistep_density_v1,main,fixed,4,14534,residual_candidate,low,0.02,0.04,neighbor_gaussian_v1,14762873455757810209,12.0,8.0,96.0,0.0416666666666666,24.0,x,y,2.2,1.818181818181818,0.7739109992980957,0.868560791015625,0,0,0,0,0,2.8850858211517334,1,0,0,0,0.8065035681427621,21.48,179,0.1076415926218032,0.2720811069011688,0.9898694409057498,13.032127354861586,0.7293494190092656,0.5616368158410278,0.2196610328193764,0.2103351955307262,0.0963687150837988,0.6658599527763552,0.8025137057451692,0.8408884233538056,1.1572632649495582,0.4622905027932961,residual,1,x_intent,icgp_rvo_mpc,7,21
narrow_gate,density_v4_interaction_tiers,rvo_multistep_density_v1,main,fixed,4,14534,residual_zero,low,0.02,0.04,neighbor_gaussian_v1,14762873455757810209,12.0,8.0,96.0,0.0416666666666666,24.0,x,y,2.2,1.818181818181818,0.7739109992980957,0.868560791015625,0,0,0,0,0,2.8850858211517334,1,0,0,0,0.8065035681427621,20.88,174,0.1118904575705528,0.2915442883968353,0.9894695645198226,12.985056139794324,0.7458967076876768,0.5263828896718764,0.2173382176545277,0.246551724137931,0.1408045977011494,0.6419117595597087,0.7502541992469944,0.7740005549300636,1.1728050369245948,0.4755747126436782,residual,0,x_passive,residual_passive_rvo_mpc,7,21
narrow_gate,density_v4_interaction_tiers,rvo_multistep_density_v1,main,fixed,4,14534,plain_candidate,medium,0.05,0.1,neighbor_gaussian_v1,14826085314025921205,12.0,8.0,96.0,0.0416666666666666,24.0,x,y,2.2,1.818181818181818,0.7739109992980957,0.868560791015625,0,0,0,0,0,2.8850858211517334,0,0,0,0,0.6950204968452454,26.4,220,1.1801745891571045,4.558994293212891,0.8889292925596237,13.000281276370515,0.6998949365208814,0.5830919197366353,0.1662911362390415,0.3586363636363636,0.1704545454545454,0.3264500534658689,0.5145329069124929,0.5627038559144182,1.1100902508850707,0.4863636363636364,plain,1,x_intent,icgp_rvo_mpc,7,21
narrow_gate,density_v4_interaction_tiers,rvo_multistep_density_v1,main,fixed,4,14534,plain_zero,medium,0.05,0.1,neighbor_gaussian_v1,14826085314025921205,12.0,8.0,96.0,0.0416666666666666,24.0,x,y,2.2,1.818181818181818,0.7739109992980957,0.868560791015625,0,0,0,0,0,2.8850858211517334,1,0,0,0,0.8094193009193241,25.32,211,0.1166227608919143,0.3318468332290649,0.9890241893008352,13.07166615078495,0.7516365291236131,0.6416561671489104,0.1625330568764632,0.2533175355450237,0.0912322274881516,0.3364720488886009,0.466650612592428,0.4998234582902263,1.0374609690653491,0.4976303317535545,plain,0,x_passive,passive_rvo_mpc,7,21
narrow_gate,density_v4_interaction_tiers,rvo_multistep_density_v1,main,fixed,4,14534,residual_candidate,medium,0.05,0.1,neighbor_gaussian_v1,14826085314025921205,12.0,8.0,96.0,0.0416666666666666,24.0,x,y,2.2,1.818181818181818,0.7739109992980957,0.868560791015625,0,0,0,0,0,2.8850858211517334,1,0,0,0,0.7952523231506348,21.6,180,0.1211358532309532,0.3020024001598358,0.9885994447395204,13.381933777971426,0.8880192869582162,0.709974613527043,0.2535501383439016,0.1825,0.0625,0.5728149519476953,0.7118640452500612,0.7378883362933832,1.0706073562303864,0.4875,residual,1,x_intent,icgp_rvo_mpc,7,21
narrow_gate,density_v4_interaction_tiers,rvo_multistep_density_v1,main,fixed,4,14534,residual_zero,medium,0.05,0.1,neighbor_gaussian_v1,14826085314025921205,12.0,8.0,96.0,0.0416666666666666,24.0,x,y,2.2,1.818181818181818,0.7739109992980957,0.868560791015625,0,0,0,0,0,2.8850858211517334,0,0,0,0,0.774833083152771,26.4,220,0.4488270878791809,1.5666275024414062,0.9577591791749,13.83959272482025,0.878596055320337,0.7572866734400426,0.2847453404022169,0.2343181818181818,0.1034090909090909,0.6080627899846334,0.7226606979328989,0.7404068796353892,1.0786290339572078,0.5522727272727272,residual,0,x_passive,residual_passive_rvo_mpc,7,21
narrow_gate,density_v4_interaction_tiers,rvo_multistep_density_v1,main,fixed,4,14534,plain_candidate,high,0.1,0.2,neighbor_gaussian_v1,14838266314424779541,12.0,8.0,96.0,0.0416666666666666,24.0,x,y,2.2,1.818181818181818,0.7739109992980957,0.868560791015625,0,0,0,0,0,2.8850858211517334,0,0,0,0,0.6895326375961304,26.4,220,1.0730555057525637,4.146066665649414,0.8990106731653214,12.1802412365505,0.6433868782570327,0.5184637043749525,0.1883514775148466,0.2593181818181818,0.1034090909090909,0.5583673260394824,0.7405249903115574,0.7551104031275495,1.37855142607347,0.4090909090909091,plain,1,x_intent,icgp_rvo_mpc,7,21
narrow_gate,density_v4_interaction_tiers,rvo_multistep_density_v1,main,fixed,4,14534,plain_zero,high,0.1,0.2,neighbor_gaussian_v1,14838266314424779541,12.0,8.0,96.0,0.0416666666666666,24.0,x,y,2.2,1.818181818181818,0.7739109992980957,0.868560791015625,0,0,0,0,0,2.8850858211517334,1,0,0,0,0.8111509521738818,21.36,178,0.1381661295890808,0.3604430258274078,0.9869966609403492,13.013139431737727,0.8188879791579505,0.6359015493571962,0.1672150270739999,0.2106741573033707,0.0758426966292134,0.4370403210372254,0.5583953056840467,0.5978548022261326,1.162942963091552,0.4438202247191011,plain,0,x_passive,passive_rvo_mpc,7,21
narrow_gate,density_v4_interaction_tiers,rvo_multistep_density_v1,main,fixed,4,14534,residual_candidate,high,0.1,0.2,neighbor_gaussian_v1,14838266314424779541,12.0,8.0,96.0,0.0416666666666666,24.0,x,y,2.2,1.818181818181818,0.7739109992980957,0.868560791015625,0,0,0,0,0,2.8850858211517334,1,0,0,0,0.812631046785564,21.6,180,0.1431373655796051,0.3424543142318725,0.9865287989377975,12.59604878607206,0.8048707471123332,0.6228093648049657,0.2231366665607007,0.2447222222222222,0.1236111111111111,0.700606541910047,0.8486490802962868,0.8870524727355825,1.218959702511215,0.45,residual,1,x_intent,icgp_rvo_mpc,7,21
narrow_gate,density_v4_interaction_tiers,rvo_multistep_density_v1,main,fixed,4,14534,residual_zero,high,0.1,0.2,neighbor_gaussian_v1,14838266314424779541,12.0,8.0,96.0,0.0416666666666666,24.0,x,y,2.2,1.818181818181818,0.7739109992980957,0.868560791015625,0,0,0,0,0,2.8850858211517334,1,0,0,0,0.812631046785564,19.8,165,0.1311648488044738,0.3309193253517151,0.9876555781811476,12.837359334243956,0.9014833255980303,0.6980506437492038,0.2546763640235771,0.2257575757575757,0.1287878787878787,0.6257414781164921,0.7357740047275518,0.7651549208356193,1.116496460238444,0.4636363636363636,residual,0,x_passive,residual_passive_rvo_mpc,7,21
narrow_gate,density_v4_interaction_tiers,rvo_multistep_density_v1,main,fixed,8,18534,plain_candidate,clean,0.0,0.0,neighbor_gaussian_v1,1106165229534107728,12.0,8.0,96.0,0.0833333333333333,12.0,x,y,2.2,3.636363636363636,0.7321920394897461,0.7156305313110352,0,0,0,0,0,0.8194703459739685,0,0,0,0,0.6539596319198608,26.4,220,1.2693870067596436,7.947354793548584,0.8784928694367409,13.527700326033482,0.7933065580373461,0.7528405825522813,0.1008085797035495,0.5523863636363636,0.3005681818181818,-0.1011875319268586,0.0855090122298844,0.0865568086099979,0.540448997595275,0.7818181818181819,plain,1,x_intent,icgp_rvo_mpc,7,21
narrow_gate,density_v4_interaction_tiers,rvo_multistep_density_v1,main,fixed,8,18534,plain_zero,clean,0.0,0.0,neighbor_gaussian_v1,1106165229534107728,12.0,8.0,96.0,0.0833333333333333,12.0,x,y,2.2,3.636363636363636,0.7321920394897461,0.7156305313110352,0,0,0,0,0,0.8194703459739685,0,0,0,0,0.6282318234443665,26.4,220,1.8822624683380127,7.291402816772461,0.8198277503252029,12.575321554525544,0.8224223724143072,0.7806131608106873,0.1007428409965624,0.4948863636363636,0.3045454545454545,0.0078608135368989,0.1347695126710808,0.1426565589480737,0.5727182576085853,0.7522727272727273,plain,0,x_passive,passive_rvo_mpc,7,21
narrow_gate,density_v4_interaction_tiers,rvo_multistep_density_v1,main,fixed,8,18534,residual_candidate,clean,0.0,0.0,neighbor_gaussian_v1,1106165229534107728,12.0,8.0,96.0,0.0833333333333333,12.0,x,y,2.2,3.636363636363636,0.7321920394897461,0.7156305313110352,0,0,0,0,0,0.8194703459739685,0,1,1,0,0.394531786441803,26.4,220,3.09714150428772,8.482659339904785,0.703538179397583,11.054103363060676,0.8641382227905772,0.8465620164844123,0.123885283855171,0.5964772727272727,0.4363636363636363,-0.0276874713768728,0.1309505823307057,0.1337800350662984,0.4914315971661769,0.7744318181818182,residual,1,x_intent,icgp_rvo_mpc,7,21
narrow_gate,density_v4_interaction_tiers,rvo_multistep_density_v1,main,fixed,8,18534,residual_zero,clean,0.0,0.0,neighbor_gaussian_v1,1106165229534107728,12.0,8.0,96.0,0.0833333333333333,12.0,x,y,2.2,3.636363636363636,0.7321920394897461,0.7156305313110352,0,0,0,0,0,0.8194703459739685,0,0,1,0,0.4609623849391937,26.4,220,1.2474658489227295,6.761154174804688,0.8805911913514137,14.91683966724304,0.9928222738883712,0.883569434556094,0.1397953406426082,0.5081818181818182,0.275,-0.0224498784187204,0.1082518058051292,0.1194255123281921,0.4577305441555799,0.7772727272727272,residual,0,x_passive,residual_passive_rvo_mpc,7,21
narrow_gate,density_v4_interaction_tiers,rvo_multistep_density_v1,main,fixed,8,18534,plain_candidate,low,0.02,0.04,neighbor_gaussian_v1,15688616471934921046,12.0,8.0,96.0,0.0833333333333333,12.0,x,y,2.2,3.636363636363636,0.7321920394897461,0.7156305313110352,0,0,0,0,0,0.8194703459739685,0,0,0,0,0.6205002665519714,26.4,220,0.6801828145980835,1.742582082748413,0.9348921477794648,14.279942072676931,0.9446527750993317,0.9261096841232344,0.1069953978995644,0.50375,0.2806818181818182,-0.0696324577585404,0.0943303216144774,0.1072695882443993,0.5197229088516732,0.7659090909090909,plain,1,x_intent,icgp_rvo_mpc,7,21
narrow_gate,density_v4_interaction_tiers,rvo_multistep_density_v1,main,fixed,8,18534,plain_zero,low,0.02,0.04,neighbor_gaussian_v1,15688616471934921046,12.0,8.0,96.0,0.0833333333333333,12.0,x,y,2.2,3.636363636363636,0.7321920394897461,0.7156305313110352,0,0,0,0,0,0.8194703459739685,0,0,0,0,0.7220913171768188,26.4,220,1.7734804153442385,7.000301361083984,0.8302404880523682,13.21202572670154,0.8990121862766418,0.8123936615206978,0.093348125433708,0.5861363636363637,0.3630681818181818,-0.0742156629958553,0.0657073388743038,0.0726918176666749,0.4917323054410111,0.7573863636363637,plain,0,x_passive,passive_rvo_mpc,7,21
narrow_gate,density_v4_interaction_tiers,rvo_multistep_density_v1,main,fixed,8,18534,residual_candidate,low,0.02,0.04,neighbor_gaussian_v1,15688616471934921046,12.0,8.0,96.0,0.0833333333333333,12.0,x,y,2.2,3.636363636363636,0.7321920394897461,0.7156305313110352,0,0,0,0,0,0.8194703459739685,0,0,0,0,0.5672971606254578,26.4,220,3.10081148147583,8.481802940368652,0.7031868994235992,11.702916902715517,1.0211423764174634,1.0663880879228764,0.2098405112933092,0.5560227272727273,0.3346590909090909,-0.0176453379179071,0.1456885765698038,0.1468741774730277,0.5188822743257062,0.7840909090909091,residual,1,x_intent,icgp_rvo_mpc,7,21
narrow_gate,density_v4_interaction_tiers,rvo_multistep_density_v1,main,fixed,8,18534,residual_zero,low,0.02,0.04,neighbor_gaussian_v1,15688616471934921046,12.0,8.0,96.0,0.0833333333333333,12.0,x,y,2.2,3.636363636363636,0.7321920394897461,0.7156305313110352,0,0,0,0,0,0.8194703459739685,0,0,0,0,0.6094810962677002,26.4,220,1.2383428812026978,7.187212467193604,0.8814644515514374,12.79529365595954,0.8768625613301992,0.7901125362312252,0.156229659114615,0.5527272727272727,0.2789772727272727,-0.0356236232146931,0.1068920589446431,0.1130899319465217,0.5168749424562163,0.7653409090909091,residual,0,x_passive,residual_passive_rvo_mpc,7,21
narrow_gate,density_v4_interaction_tiers,rvo_multistep_density_v1,main,fixed,8,18534,plain_candidate,medium,0.05,0.1,neighbor_gaussian_v1,11250392194024806000,12.0,8.0,96.0,0.0833333333333333,12.0,x,y,2.2,3.636363636363636,0.7321920394897461,0.7156305313110352,0,0,0,0,0,0.8194703459739685,0,0,0,0,0.6042433381080627,26.4,220,1.0811007022857666,4.25389575958252,0.8965158462524414,13.526429802619532,1.034516683424061,0.9974498094482857,0.1090838067532538,0.5686363636363636,0.3289772727272727,-0.093467640700723,0.0817249947845492,0.0909419006256277,0.5288886107588946,0.7448863636363636,plain,1,x_intent,icgp_rvo_mpc,7,21
narrow_gate,density_v4_interaction_tiers,rvo_multistep_density_v1,main,fixed,8,18534,plain_zero,medium,0.05,0.1,neighbor_gaussian_v1,11250392194024806000,12.0,8.0,96.0,0.0833333333333333,12.0,x,y,2.2,3.636363636363636,0.7321920394897461,0.7156305313110352,0,0,0,0,0,0.8194703459739685,0,0,0,0,0.652142345905304,26.4,220,1.4090614318847656,7.25119161605835,0.8651230782270432,12.73833812374869,0.8850429058074951,0.8723084180192514,0.101646079730761,0.5447727272727273,0.3511363636363636,-0.0307928741455187,0.0956843392304179,0.1261578134384918,0.5326149113223402,0.7738636363636363,plain,0,x_passive,passive_rvo_mpc,7,21
narrow_gate,density_v4_interaction_tiers,rvo_multistep_density_v1,main,fixed,8,18534,residual_candidate,medium,0.05,0.1,neighbor_gaussian_v1,11250392194024806000,12.0,8.0,96.0,0.0833333333333333,12.0,x,y,2.2,3.636363636363636,0.7321920394897461,0.7156305313110352,0,0,0,0,0,0.8194703459739685,0,0,0,0,0.6702899932861328,26.4,220,0.7725868225097656,1.6387096643447876,0.9260471314191818,13.76783349165862,0.9767128615555438,0.9855945603075352,0.1349792047800623,0.5198863636363636,0.2727272727272727,-0.0699953091619683,0.0948967532887284,0.1012244509176559,0.5804308981868266,0.7869318181818182,residual,1,x_intent,icgp_rvo_mpc,7,21
narrow_gate,density_v4_interaction_tiers,rvo_multistep_density_v1,main,fixed,8,18534,residual_zero,medium,0.05,0.1,neighbor_gaussian_v1,11250392194024806000,12.0,8.0,96.0,0.0833333333333333,12.0,x,y,2.2,3.636363636363636,0.7321920394897461,0.7156305313110352,0,0,0,0,0,0.8194703459739685,0,0,0,0,0.645952582359314,26.4,220,2.280897617340088,8.02349853515625,0.7816699594259262,13.16775743366452,1.143989362296733,1.0999118929559537,0.1704760796035936,0.5575,0.3119318181818182,-0.0729120146387108,0.0649955519772651,0.0690965851744658,0.4594317462251957,0.7863636363636364,residual,0,x_passive,residual_passive_rvo_mpc,7,21
narrow_gate,density_v4_interaction_tiers,rvo_multistep_density_v1,main,fixed,8,18534,plain_candidate,high,0.1,0.2,neighbor_gaussian_v1,17625489679745849562,12.0,8.0,96.0,0.0833333333333333,12.0,x,y,2.2,3.636363636363636,0.7321920394897461,0.7156305313110352,0,0,0,0,0,0.8194703459739685,0,0,0,0,0.6711968779563904,26.4,220,0.7117041349411011,1.698740839958191,0.9318748936057092,14.37005132738068,1.3216113955459812,1.248825630410151,0.1041734087762465,0.5620454545454545,0.35625,-0.0819485223032123,0.0877464744201541,0.0998575149219576,0.589979481521415,0.7460227272727272,plain,1,x_intent,icgp_rvo_mpc,7,21
narrow_gate,density_v4_interaction_tiers,rvo_multistep_density_v1,main,fixed,8,18534,plain_zero,high,0.1,0.2,neighbor_gaussian_v1,17625489679745849562,12.0,8.0,96.0,0.0833333333333333,12.0,x,y,2.2,3.636363636363636,0.7321920394897461,0.7156305313110352,0,0,0,0,0,0.8194703459739685,0,0,0,0,0.633385956287384,26.4,220,0.56769198179245,1.1345157623291016,0.9456598944962024,14.257160268618463,1.219714679839936,1.1388418521393429,0.0972614776070589,0.5082954545454546,0.3431818181818182,-0.044030321993798,0.0848280186352832,0.0897455747782552,0.5991380085021194,0.6982954545454545,plain,0,x_passive,passive_rvo_mpc,7,21
narrow_gate,density_v4_interaction_tiers,rvo_multistep_density_v1,main,fixed,8,18534,residual_candidate,high,0.1,0.2,neighbor_gaussian_v1,17625489679745849562,12.0,8.0,96.0,0.0833333333333333,12.0,x,y,2.2,3.636363636363636,0.7321920394897461,0.7156305313110352,0,0,0,0,0,0.8194703459739685,0,0,0,0,0.7444676160812378,26.4,220,2.069478750228882,7.422133922576904,0.8019071966409683,11.56720139784852,0.9686625108122826,0.91648821153424,0.1318273297246461,0.5343181818181818,0.225,-0.0077138241411788,0.1705593618556969,0.2028391033851904,0.5296616188215062,0.70625,residual,1,x_intent,icgp_rvo_mpc,7,21
narrow_gate,density_v4_interaction_tiers,rvo_multistep_density_v1,main,fixed,8,18534,residual_zero,high,0.1,0.2,neighbor_gaussian_v1,17625489679745849562,12.0,8.0,96.0,0.0833333333333333,12.0,x,y,2.2,3.636363636363636,0.7321920394897461,0.7156305313110352,0,0,0,0,0,0.8194703459739685,0,0,0,0,0.6392658948898315,26.4,220,0.6378986835479736,1.1490370035171509,0.93893963098526,13.541801222772849,1.1093198377977718,1.07500500198115,0.1217465908914825,0.5079545454545454,0.3420454545454545,-0.0079995797850127,0.1138289922884583,0.1186234457781662,0.6310270301096547,0.6886363636363636,residual,0,x_passive,residual_passive_rvo_mpc,7,21
merge_bottleneck,density_v4_interaction_tiers,rvo_multistep_density_v1,main,fixed,4,15047,plain_candidate,clean,0.0,0.0,neighbor_gaussian_v1,12541492717971839873,12.0,8.0,96.0,0.0416666666666666,24.0,x,y,2.2,1.818181818181818,0.7754082679748535,0.9000000953674316,0,0,0,0,0,1.682069182395935,0,0,0,0,0.6497294306755066,26.4,220,0.6405404210090637,0.7913223505020142,0.9382311403751372,13.54350628569955,0.6467078432075141,0.6154297601304609,0.2248288634952835,0.3425,0.0727272727272727,0.1014932464502136,0.2541999215695467,0.3312870694421031,0.4892464300043078,0.6977272727272728,plain,1,x_intent,icgp_rvo_mpc,7,21
merge_bottleneck,density_v4_interaction_tiers,rvo_multistep_density_v1,main,fixed,4,15047,plain_zero,clean,0.0,0.0,neighbor_gaussian_v1,12541492717971839873,12.0,8.0,96.0,0.0416666666666666,24.0,x,y,2.2,1.818181818181818,0.7754082679748535,0.9000000953674316,0,0,0,0,0,1.682069182395935,0,0,0,0,0.7562695741653442,26.4,220,1.227869987487793,2.528043746948242,0.8815935328602791,12.369090607862743,0.5496043621517608,0.5329069293698094,0.2199459086775525,0.4313636363636363,0.1386363636363636,0.0474443035810864,0.1967341045783852,0.2141902765786633,0.4533527126964387,0.6852272727272727,plain,0,x_passive,passive_rvo_mpc,7,21
merge_bottleneck,density_v4_interaction_tiers,rvo_multistep_density_v1,main,fixed,4,15047,residual_candidate,clean,0.0,0.0,neighbor_gaussian_v1,12541492717971839873,12.0,8.0,96.0,0.0416666666666666,24.0,x,y,2.2,1.818181818181818,0.7754082679748535,0.9000000953674316,0,0,0,0,0,1.682069182395935,0,0,0,0,0.8400066804885864,26.4,220,0.4836677610874176,0.9676477909088136,0.9533587507903576,14.535781355167272,0.697404711708408,0.5699286499518414,0.283408295614539,0.3804545454545454,0.1295454545454545,0.0699489982935827,0.2210994257929504,0.2381200624544366,0.5398266037033539,0.7454545454545455,residual,1,x_intent,icgp_rvo_mpc,7,21
merge_bottleneck,density_v4_interaction_tiers,rvo_multistep_density_v1,main,fixed,4,15047,residual_zero,clean,0.0,0.0,neighbor_gaussian_v1,12541492717971839873,12.0,8.0,96.0,0.0416666666666666,24.0,x,y,2.2,1.818181818181818,0.7754082679748535,0.9000000953674316,0,0,0,0,0,1.682069182395935,0,0,0,0,0.8280099034309387,26.4,220,0.7140676975250244,1.0015144348144531,0.9311407282948494,13.712199566449272,0.5351485850606961,0.5035542006710205,0.2862140913335183,0.3581818181818181,0.0761363636363636,0.101810219439108,0.2417908313954743,0.2603847238505754,0.5444075495379705,0.7238636363636364,residual,0,x_passive,residual_passive_rvo_mpc,7,21
merge_bottleneck,density_v4_interaction_tiers,rvo_multistep_density_v1,main,fixed,4,15047,plain_candidate,low,0.02,0.04,neighbor_gaussian_v1,4846256119871311307,12.0,8.0,96.0,0.0416666666666666,24.0,x,y,2.2,1.818181818181818,0.7754082679748535,0.9000000953674316,0,0,0,0,0,1.682069182395935,0,0,0,0,0.7059184908866882,26.4,220,0.6510699391365051,0.8563319444656372,0.9372157528996468,14.116283714713065,0.7456817316554158,0.6587025038620182,0.2175393180964006,0.4072727272727273,0.1352272727272727,0.0631384420315693,0.2244463652368441,0.2637236303899921,0.4863925399842482,0.6818181818181818,plain,1,x_intent,icgp_rvo_mpc,7,21
merge_bottleneck,density_v4_interaction_tiers,rvo_multistep_density_v1,main,fixed,4,15047,plain_zero,low,0.02,0.04,neighbor_gaussian_v1,4846256119871311307,12.0,8.0,96.0,0.0416666666666666,24.0,x,y,2.2,1.818181818181818,0.7754082679748535,0.9000000953674316,0,0,0,0,0,1.682069182395935,0,0,0,0,0.6745852828025818,26.4,220,0.8280415534973145,1.2677921056747437,0.920149952173233,13.588337421802862,0.7568104873834686,0.7548067649826408,0.2358420451690273,0.3595454545454545,0.0954545454545454,0.1070213195436965,0.2402785639773123,0.2590936141159809,0.5079818237458876,0.7693181818181818,plain,0,x_passive,passive_rvo_mpc,7,21
merge_bottleneck,density_v4_interaction_tiers,rvo_multistep_density_v1,main,fixed,4,15047,residual_candidate,low,0.02,0.04,neighbor_gaussian_v1,4846256119871311307,12.0,8.0,96.0,0.0416666666666666,24.0,x,y,2.2,1.818181818181818,0.7754082679748535,0.9000000953674316,0,0,0,0,0,1.682069182395935,0,0,0,0,0.8400444630727197,26.4,220,0.6996656060218811,0.9589713215827942,0.932529553771019,14.04508472676389,0.7270632166416362,0.6395987262081524,0.272813067964638,0.3797727272727272,0.1204545454545454,0.063868287751049,0.2156542500643946,0.2437076426697426,0.5131123622400622,0.7568181818181818,residual,1,x_intent,icgp_rvo_mpc,7,21
merge_bottleneck,density_v4_interaction_tiers,rvo_multistep_density_v1,main,fixed,4,15047,residual_zero,low,0.02,0.04,neighbor_gaussian_v1,4846256119871311307,12.0,8.0,96.0,0.0416666666666666,24.0,x,y,2.2,1.818181818181818,0.7754082679748535,0.9000000953674316,0,0,0,0,0,1.682069182395935,0,0,0,0,0.8257994055747986,26.4,220,0.710301399230957,0.8642197251319885,0.9315039217472076,14.124755467724754,0.6313529313997027,0.5708335062012669,0.3110207948008213,0.3304545454545454,0.0636363636363636,0.0923764866773655,0.2268735048636111,0.2411935807142063,0.4932613710124522,0.7613636363636364,residual,0,x_passive,residual_passive_rvo_mpc,7,21
merge_bottleneck,density_v4_interaction_tiers,rvo_multistep_density_v1,main,fixed,4,15047,plain_candidate,medium,0.05,0.1,neighbor_gaussian_v1,4543852360159824436,12.0,8.0,96.0,0.0416666666666666,24.0,x,y,2.2,1.818181818181818,0.7754082679748535,0.9000000953674316,0,0,0,0,0,1.682069182395935,0,0,0,0,0.6988731622695923,26.4,220,0.5959082841873169,0.7347832918167114,0.9425351247191428,13.8201919687599,0.8289518685960833,0.7376071996060835,0.2300506821484305,0.3481818181818182,0.0806818181818181,0.0862205029623646,0.245301344256517,0.3022278038046653,0.4934994519252343,0.7,plain,1,x_intent,icgp_rvo_mpc,7,21
merge_bottleneck,density_v4_interaction_tiers,rvo_multistep_density_v1,main,fixed,4,15047,plain_zero,medium,0.05,0.1,neighbor_gaussian_v1,4543852360159824436,12.0,8.0,96.0,0.0416666666666666,24.0,x,y,2.2,1.818181818181818,0.7754082679748535,0.9000000953674316,0,0,0,0,0,1.682069182395935,0,0,0,0,0.8241643319566265,26.4,220,1.2415928840637207,3.1463637351989746,0.8802701979875565,13.544104525219154,0.7760736775965514,0.7244006949646229,0.2197803406902081,0.4225,0.1125,0.0763158500937888,0.2267140823834539,0.2508729289770989,0.4593875173222112,0.7761363636363636,plain,0,x_passive,passive_rvo_mpc,7,21
merge_bottleneck,density_v4_interaction_tiers,rvo_multistep_density_v1,main,fixed,4,15047,residual_candidate,medium,0.05,0.1,neighbor_gaussian_v1,4543852360159824436,12.0,8.0,96.0,0.0416666666666666,24.0,x,y,2.2,1.818181818181818,0.7754082679748535,0.9000000953674316,0,0,0,0,0,1.682069182395935,0,0,0,0,0.840026753702091,26.4,220,0.7238352298736572,1.4086520671844482,0.9301988184452056,13.497381977998884,0.6685705464788374,0.6362986242059957,0.2761302273111968,0.3788636363636363,0.0954545454545454,0.0624132948801128,0.2128035545038002,0.2393608371331384,0.4955092593410045,0.7579545454545454,residual,1,x_intent,icgp_rvo_mpc,7,21
merge_bottleneck,density_v4_interaction_tiers,rvo_multistep_density_v1,main,fixed,4,15047,residual_zero,medium,0.05,0.1,neighbor_gaussian_v1,4543852360159824436,12.0,8.0,96.0,0.0416666666666666,24.0,x,y,2.2,1.818181818181818,0.7754082679748535,0.9000000953674316,0,0,0,0,0,1.682069182395935,0,0,0,0,0.8400219392776489,26.4,220,0.734870433807373,0.9660155773162842,0.9291346669197084,13.351638605206972,0.7294252010096732,0.7743692010768096,0.2870237499750642,0.3147727272727272,0.0420454545454545,0.105462115336008,0.2348667467640248,0.2615324034390167,0.4933732726021457,0.7897727272727273,residual,0,x_passive,residual_passive_rvo_mpc,7,21
merge_bottleneck,density_v4_interaction_tiers,rvo_multistep_density_v1,main,fixed,4,15047,plain_candidate,high,0.1,0.2,neighbor_gaussian_v1,16822349210247569963,12.0,8.0,96.0,0.0416666666666666,24.0,x,y,2.2,1.818181818181818,0.7754082679748535,0.9000000953674316,0,0,0,0,0,1.682069182395935,0,0,0,0,0.7060485482215881,26.4,220,0.6219795942306519,0.8761044144630432,0.9400210045278072,13.731406848773986,0.8512340711412021,0.7887486709820223,0.2331564770429395,0.3706818181818181,0.0863636363636363,0.0789363184804289,0.2377400534380799,0.2881739699689059,0.4869856080854545,0.7,plain,1,x_intent,icgp_rvo_mpc,7,21
merge_bottleneck,density_v4_interaction_tiers,rvo_multistep_density_v1,main,fixed,4,15047,plain_zero,high,0.1,0.2,neighbor_gaussian_v1,16822349210247569963,12.0,8.0,96.0,0.0416666666666666,24.0,x,y,2.2,1.818181818181818,0.7754082679748535,0.9000000953674316,0,0,0,0,0,1.682069182395935,0,0,0,0,0.8062159324144914,26.4,220,2.08785080909729,5.2264180183410645,0.7986634969711304,12.286030816409038,0.8875394558026032,0.8327223780226302,0.2378049998448907,0.4684090909090909,0.1431818181818182,0.0607788159097679,0.2086064148326332,0.2354842152128602,0.4366852982650223,0.7852272727272728,plain,0,x_passive,passive_rvo_mpc,7,21
merge_bottleneck,density_v4_interaction_tiers,rvo_multistep_density_v1,main,fixed,4,15047,residual_candidate,high,0.1,0.2,neighbor_gaussian_v1,16822349210247569963,12.0,8.0,96.0,0.0416666666666666,24.0,x,y,2.2,1.818181818181818,0.7754082679748535,0.9000000953674316,0,0,0,0,0,1.682069182395935,0,0,0,0,0.8400478076934814,26.4,220,0.8047634959220886,1.251896858215332,0.9223947152495384,12.861438941967208,0.8660519492918287,0.8677988395941528,0.2785536363345189,0.3563636363636364,0.0670454545454545,0.0839277465183699,0.2348101035679055,0.2565835293284998,0.508135035690136,0.7420454545454546,residual,1,x_intent,icgp_rvo_mpc,7,21
merge_bottleneck,density_v4_interaction_tiers,rvo_multistep_density_v1,main,fixed,4,15047,residual_zero,high,0.1,0.2,neighbor_gaussian_v1,16822349210247569963,12.0,8.0,96.0,0.0416666666666666,24.0,x,y,2.2,1.818181818181818,0.7754082679748535,0.9000000953674316,0,0,0,0,0,1.682069182395935,0,0,0,0,0.8400428545551194,26.4,220,0.750230610370636,0.978846788406372,0.9276534467935562,13.775475752503551,0.8663398111239076,0.8209215541200882,0.2699909092784351,0.3443181818181818,0.0579545454545454,0.1000287041430861,0.2346131984248424,0.2560857163676828,0.5048001693296762,0.7534090909090909,residual,0,x_passive,residual_passive_rvo_mpc,7,21
merge_bottleneck,density_v4_interaction_tiers,rvo_multistep_density_v1,main,fixed,8,19047,plain_candidate,clean,0.0,0.0,neighbor_gaussian_v1,16769122574996451276,12.0,8.0,96.0,0.0833333333333333,12.0,x,y,2.2,3.636363636363636,0.7780590057373047,0.9000000953674316,0,0,0,0,0,0.7073427438735962,0,0,0,0,0.5305193066596985,26.4,220,3.0330183506011963,6.883816719055176,0.7072995007038116,11.150781689455926,0.8935931043868716,0.8787456778640097,0.1026755113509187,0.6453409090909091,0.2971590909090909,-0.1449265477497549,0.0322446377965399,0.0366327921115401,0.3062487345900533,0.821590909090909,plain,1,x_intent,icgp_rvo_mpc,7,21
merge_bottleneck,density_v4_interaction_tiers,rvo_multistep_density_v1,main,fixed,8,19047,plain_zero,clean,0.0,0.0,neighbor_gaussian_v1,16769122574996451276,12.0,8.0,96.0,0.0833333333333333,12.0,x,y,2.2,3.636363636363636,0.7780590057373047,0.9000000953674316,0,0,0,0,0,0.7073427438735962,0,0,0,0,0.6500470042228699,26.4,220,2.414311170578003,6.477045059204102,0.7670076340436935,12.0485694433728,0.9153722324154594,0.9540828794240952,0.1013282388488402,0.6132954545454545,0.3607954545454545,-0.1305896040669507,0.0147305504806605,0.0178964164411068,0.4283855726984005,0.8505681818181818,plain,0,x_passive,passive_rvo_mpc,7,21
merge_bottleneck,density_v4_interaction_tiers,rvo_multistep_density_v1,main,fixed,8,19047,residual_candidate,clean,0.0,0.0,neighbor_gaussian_v1,16769122574996451276,12.0,8.0,96.0,0.0833333333333333,12.0,x,y,2.2,3.636363636363636,0.7780590057373047,0.9000000953674316,0,0,0,0,0,0.7073427438735962,0,0,0,0,0.6181781888008118,26.4,220,2.955220937728882,6.993387699127197,0.7148073017597198,10.643643698756364,0.7980119201693345,0.837374604798176,0.1476474430422637,0.5773863636363636,0.1977272727272727,-0.1092000828660597,0.0813742726007319,0.0826067667944538,0.347628358499039,0.8693181818181818,residual,1,x_intent,icgp_rvo_mpc,7,21
merge_bottleneck,density_v4_interaction_tiers,rvo_multistep_density_v1,main,fixed,8,19047,residual_zero,clean,0.0,0.0,neighbor_gaussian_v1,16769122574996451276,12.0,8.0,96.0,0.0833333333333333,12.0,x,y,2.2,3.636363636363636,0.7780590057373047,0.9000000953674316,0,0,0,0,0,0.7073427438735962,0,0,0,0,0.5892817974090576,26.4,220,3.064368724822998,6.7496538162231445,0.7042740285396576,11.539624574189476,0.9230343011969868,0.996938336708329,0.159005681548892,0.6061363636363636,0.2806818181818182,-0.1067829413888572,0.0381238028580936,0.0405855150051181,0.3099091113978904,0.86875,residual,0,x_passive,residual_passive_rvo_mpc,7,21
merge_bottleneck,density_v4_interaction_tiers,rvo_multistep_density_v1,main,fixed,8,19047,plain_candidate,low,0.02,0.04,neighbor_gaussian_v1,2974265995138797048,12.0,8.0,96.0,0.0833333333333333,12.0,x,y,2.2,3.636363636363636,0.7780590057373047,0.9000000953674316,0,0,0,0,0,0.7073427438735962,0,0,0,0,0.6839821934700012,26.4,220,3.1580967903137207,6.879786968231201,0.6952288448810577,11.189859157057526,0.8633905987678604,0.9224933974444868,0.1225502839423081,0.6023863636363637,0.2727272727272727,-0.1170456077617996,0.0525027156917926,0.0555479126246178,0.3829419478374342,0.8460227272727273,plain,1,x_intent,icgp_rvo_mpc,7,21
merge_bottleneck,density_v4_interaction_tiers,rvo_multistep_density_v1,main,fixed,8,19047,plain_zero,low,0.02,0.04,neighbor_gaussian_v1,2974265995138797048,12.0,8.0,96.0,0.0833333333333333,12.0,x,y,2.2,3.636363636363636,0.7780590057373047,0.9000000953674316,0,0,0,0,0,0.7073427438735962,0,0,0,0,0.5414531826972961,26.4,220,2.340423583984375,6.5294694900512695,0.7741381376981735,12.689674131670472,1.068006171353839,1.036174389347434,0.1104859091190684,0.6325,0.3681818181818181,-0.1300742450646425,0.0105148512185466,0.0208786688907071,0.3305131701979666,0.8511363636363637,plain,0,x_passive,passive_rvo_mpc,7,21
merge_bottleneck,density_v4_interaction_tiers,rvo_multistep_density_v1,main,fixed,8,19047,residual_candidate,low,0.02,0.04,neighbor_gaussian_v1,2974265995138797048,12.0,8.0,96.0,0.0833333333333333,12.0,x,y,2.2,3.636363636363636,0.7780590057373047,0.9000000953674316,0,0,0,0,0,0.7073427438735962,0,0,0,0,0.5679047107696533,26.4,220,3.0853981971740723,6.842247486114502,0.7022445797920227,11.079069516922573,0.8506316581910307,0.9026296430013396,0.1444778409429339,0.5255681818181818,0.1846590909090909,-0.0915010108782276,0.0824675300665798,0.094095504427761,0.3366266830976753,0.8704545454545455,residual,1,x_intent,icgp_rvo_mpc,7,21
merge_bottleneck,density_v4_interaction_tiers,rvo_multistep_density_v1,main,fixed,8,19047,residual_zero,low,0.02,0.04,neighbor_gaussian_v1,2974265995138797048,12.0,8.0,96.0,0.0833333333333333,12.0,x,y,2.2,3.636363636363636,0.7780590057373047,0.9000000953674316,0,0,0,0,0,0.7073427438735962,0,0,0,0,0.5998334884643555,26.4,220,2.6989898681640625,6.855326175689697,0.7395347952842712,12.347941013313177,0.9268546772951428,0.9125456748360936,0.1349352270071077,0.5754545454545454,0.2318181818181818,-0.0938238687358413,0.0608778171466054,0.0664039888234703,0.3482299925011037,0.83125,residual,0,x_passive,residual_passive_rvo_mpc,7,21
merge_bottleneck,density_v4_interaction_tiers,rvo_multistep_density_v1,main,fixed,8,19047,plain_candidate,medium,0.05,0.1,neighbor_gaussian_v1,14788750331147989021,12.0,8.0,96.0,0.0833333333333333,12.0,x,y,2.2,3.636363636363636,0.7780590057373047,0.9000000953674316,0,0,0,0,0,0.7073427438735962,0,0,0,0,0.6515269875526428,26.4,220,2.4411630630493164,6.509005546569824,0.7644163072109222,12.123588696693332,1.1120010002092882,1.1510181338272312,0.1029110228211555,0.6423863636363636,0.34375,-0.1630291665888552,0.0168242323390296,0.0206702407373458,0.382653341890986,0.8715909090909091,plain,1,x_intent,icgp_rvo_mpc,7,21
merge_bottleneck,density_v4_interaction_tiers,rvo_multistep_density_v1,main,fixed,8,19047,plain_zero,medium,0.05,0.1,neighbor_gaussian_v1,14788750331147989021,12.0,8.0,96.0,0.0833333333333333,12.0,x,y,2.2,3.636363636363636,0.7780590057373047,0.9000000953674316,0,0,0,0,0,0.7073427438735962,0,0,0,0,0.6636870503425598,26.4,220,3.317239284515381,6.904682636260986,0.6798708438873291,11.11586407235336,0.9678274931555444,0.9987198850647968,0.0992802274016536,0.6447727272727273,0.3085227272727273,-0.1268444488852219,0.0355583468671686,0.0400844166613574,0.3859784662919737,0.8494318181818182,plain,0,x_passive,passive_rvo_mpc,7,21
merge_bottleneck,density_v4_interaction_tiers,rvo_multistep_density_v1,main,fixed,8,19047,residual_candidate,medium,0.05,0.1,neighbor_gaussian_v1,14788750331147989021,12.0,8.0,96.0,0.0833333333333333,12.0,x,y,2.2,3.636363636363636,0.7780590057373047,0.9000000953674316,0,0,0,0,0,0.7073427438735962,0,0,0,0,0.6104528903961182,26.4,220,2.4184842109680176,6.502362251281738,0.7666049152612686,12.31703443300421,1.0815352116796104,1.0814251031387936,0.1257016476632667,0.5813636363636364,0.2596590909090909,-0.1000554373001735,0.0826553316800457,0.0925352457077691,0.3785906776118438,0.8460227272727273,residual,1,x_intent,icgp_rvo_mpc,7,21
merge_bottleneck,density_v4_interaction_tiers,rvo_multistep_density_v1,main,fixed,8,19047,residual_zero,medium,0.05,0.1,neighbor_gaussian_v1,14788750331147989021,12.0,8.0,96.0,0.0833333333333333,12.0,x,y,2.2,3.636363636363636,0.7780590057373047,0.9000000953674316,0,0,0,0,0,0.7073427438735962,0,0,1,0,0.5132103562355042,26.4,220,2.938574314117432,6.752410888671875,0.7164137959480286,10.920430191986725,1.088874775916338,1.1213412810117007,0.1095401703589066,0.5109090909090909,0.1738636363636363,-0.0604550935390995,0.0884824647255563,0.0907041559046685,0.3281209868290791,0.9039772727272728,residual,0,x_passive,residual_passive_rvo_mpc,7,21
merge_bottleneck,density_v4_interaction_tiers,rvo_multistep_density_v1,main,fixed,8,19047,plain_candidate,high,0.1,0.2,neighbor_gaussian_v1,2301705912025273143,12.0,8.0,96.0,0.0833333333333333,12.0,x,y,2.2,3.636363636363636,0.7780590057373047,0.9000000953674316,0,0,0,0,0,0.7073427438735962,0,0,1,0,0.5055442452430725,26.4,220,2.4152731895446777,6.535735607147217,0.7669147998094559,12.59240807754668,1.3654345750131391,1.2887096669186244,0.0903218745820182,0.6397727272727273,0.3465909090909091,-0.1558460419266365,0.0155147849620886,0.0214137436132682,0.379533707227616,0.8613636363636363,plain,1,x_intent,icgp_rvo_mpc,7,21
merge_bottleneck,density_v4_interaction_tiers,rvo_multistep_density_v1,main,fixed,8,19047,plain_zero,high,0.1,0.2,neighbor_gaussian_v1,2301705912025273143,12.0,8.0,96.0,0.0833333333333333,12.0,x,y,2.2,3.636363636363636,0.7780590057373047,0.9000000953674316,0,0,0,0,0,0.7073427438735962,0,0,0,0,0.6921412944793701,26.4,220,3.066927909851074,6.801826477050781,0.7040270566940308,12.04010416977053,1.189590650390495,1.174516010284424,0.0880581820224919,0.6234090909090909,0.3073863636363636,-0.126724354932512,0.0201997880360873,0.0245485428986295,0.352216927804524,0.8636363636363636,plain,0,x_passive,passive_rvo_mpc,7,21
merge_bottleneck,density_v4_interaction_tiers,rvo_multistep_density_v1,main,fixed,8,19047,residual_candidate,high,0.1,0.2,neighbor_gaussian_v1,2301705912025273143,12.0,8.0,96.0,0.08333333333333333,12.0,x,y,2.2,3.6363636363636362,0.7780590057373047,0.9000000953674316,0,0,0,0,0,0.7073427438735962,0,0,0,0,0.5605037808418274,26.4,220,3.0250120162963867,6.768244743347168,0.7080721259117126,11.508499357342771,1.1892426310615105,1.1992205172777175,0.12096795441969087,0.6055681818181818,0.2681818181818182,-0.14452499921758727,0.04619528313139038,0.053103029344116676,0.28666307600519925,0.8596590909090909,residual,1,x_intent,icgp_rvo_mpc,7,21
merge_bottleneck,density_v4_interaction_tiers,rvo_multistep_density_v1,main,fixed,8,19047,residual_zero,high,0.1,0.2,neighbor_gaussian_v1,2301705912025273143,12.0,8.0,96.0,0.08333333333333333,12.0,x,y,2.2,3.6363636363636362,0.7780590057373047,0.9000000953674316,0,0,0,0,0,0.7073427438735962,0,0,1,0,0.4637604355812073,26.4,220,3.100111961364746,6.937669277191162,0.700824648141861,12.70517054357606,1.2310934360054406,1.1436350203373216,0.12142596579823559,0.5573863636363636,0.22954545454545455,-0.078335567757502,0.07114944421049935,0.07948751915541272,0.3328157215762767,0.8505681818181818,residual,0,x_passive,residual_passive_rvo_mpc,7,21
four_way_stop,density_v4_interaction_tiers,rvo_multistep_density_v1,main,fixed,4,14782,plain_candidate,clean,0.0,0.0,neighbor_gaussian_v1,15771125380266218730,11.0,11.0,121.0,0.03305785123966942,30.25,y,x,11.0,0.36363636363636365,0.6665811538696289,0.6552376747131348,0,0,0,0,0,6.744011878967285,1,0,0,0,0.9715636968612671,10.799999999999999,90,0.16016262769699097,0.37781885266304016,0.9833512119948864,10.185448994161561,0.8181311435945746,0.42650549750171807,0.18915583382800427,0.17166666666666666,0.1388888888888889,1.0301664928936711,1.1826438917136857,1.2716430713815823,2.679107970794042,0.3138888888888889,plain,1,x_intent,icgp_rvo_mpc,7,21
four_way_stop,density_v4_interaction_tiers,rvo_multistep_density_v1,main,fixed,4,14782,plain_zero,clean,0.0,0.0,neighbor_gaussian_v1,15771125380266218730,11.0,11.0,121.0,0.03305785123966942,30.25,y,x,11.0,0.36363636363636365,0.6665811538696289,0.6552376747131348,0,0,0,0,0,6.744011878967285,1,0,0,0,0.9863243103027344,10.559999999999999,88,0.14076533913612366,0.3125191628932953,0.9853675458580256,10.277101864805445,0.8741232185963203,0.46071162438884755,0.17728153315229891,0.19090909090909092,0.16193181818181818,0.9738881523002321,1.0601286919846793,1.1395101296182046,2.5555994137037885,0.4346590909090909,plain,0,x_passive,passive_rvo_mpc,7,21
four_way_stop,density_v4_interaction_tiers,rvo_multistep_density_v1,main,fixed,4,14782,residual_candidate,clean,0.0,0.0,neighbor_gaussian_v1,15771125380266218730,11.0,11.0,121.0,0.03305785123966942,30.25,y,x,11.0,0.36363636363636365,0.6665811538696289,0.6552376747131348,0,0,0,0,0,6.744011878967285,1,0,0,0,0.938535749912262,9.84,82,0.12986016273498535,0.2779211103916168,0.9865011312067509,10.019172406755388,0.7386618950489409,0.35466722065954265,0.24493262256927242,0.07926829268292683,0.042682926829268296,1.1141340974223144,1.2590030759827395,1.3073115160806879,2.5884672238041717,0.3475609756097561,residual,1,x_intent,icgp_rvo_mpc,7,21
four_way_stop,density_v4_interaction_tiers,rvo_multistep_density_v1,main,fixed,4,14782,residual_zero,clean,0.0,0.0,neighbor_gaussian_v1,15771125380266218730,11.0,11.0,121.0,0.03305785123966942,30.25,y,x,11.0,0.36363636363636365,0.6665811538696289,0.6552376747131348,0,0,0,0,0,6.744011878967285,1,0,0,0,0.938535749912262,9.84,82,0.1960027813911438,0.3597756624221802,0.979625653475523,9.99700110219419,0.7032772569374818,0.33791415845403994,0.23377591441669388,0.05121951219512195,0.039634146341463415,1.1040395756392947,1.1739009445287834,1.2097356109611874,2.560209197431076,0.3475609756097561,residual,0,x_passive,residual_passive_rvo_mpc,7,21
four_way_stop,density_v4_interaction_tiers,rvo_multistep_density_v1,main,fixed,4,14782,plain_candidate,low,0.02,0.04,neighbor_gaussian_v1,13290820604426262903,11.0,11.0,121.0,0.03305785123966942,30.25,y,x,11.0,0.36363636363636365,0.6665811538696289,0.6552376747131348,0,0,0,0,0,6.744011878967285,1,0,0,0,0.6647418737411499,12.84,107,0.1372443437576294,0.36420100927352905,0.9857335509732366,11.0156780128018,0.858491450208718,0.5476052273484121,0.17247056108725337,0.15,0.0794392523364486,0.8885870911932996,1.0379009455080344,1.117545052323943,2.486798563438042,0.4883177570093458,plain,1,x_intent,icgp_rvo_mpc,7,21
four_way_stop,density_v4_interaction_tiers,rvo_multistep_density_v1,main,fixed,4,14782,plain_zero,low,0.02,0.04,neighbor_gaussian_v1,13290820604426262903,11.0,11.0,121.0,0.03305785123966942,30.25,y,x,11.0,0.36363636363636365,0.6665811538696289,0.6552376747131348,0,0,0,0,0,6.744011878967285,1,0,0,0,0.7007254958152771,13.559999999999999,113,0.13864490389823914,0.36616501212120056,0.985587963834405,11.40880254181684,0.9057646972349788,0.6692261538857066,0.1910887164088477,0.18230088495575222,0.1592920353982301,1.0075914087001463,1.088262095897071,1.1518238061376376,2.562712064538382,0.415929203539823,plain,0,x_passive,passive_rvo_mpc,7,21
four_way_stop,density_v4_interaction_tiers,rvo_multistep_density_v1,main,fixed,4,14782,residual_candidate,low,0.02,0.04,neighbor_gaussian_v1,13290820604426262903,11.0,11.0,121.0,0.03305785123966942,30.25,y,x,11.0,0.36363636363636365,0.6665811538696289,0.6552376747131348,0,0,0,0,0,6.744011878967285,1,0,0,0,0.6730050444602966,15.6,130,0.12867721915245056,0.3151494264602661,0.9866240965202451,11.675978468716494,0.7873456051143316,0.6087743543089654,0.33394749983786964,0.08692307692307692,0.04230769230769231,1.0894032174477783,1.2359674574205506,1.322137705420072,2.4929604079402408,0.4307692307692308,residual,1,x_intent,icgp_rvo_mpc,7,21
four_way_stop,density_v4_interaction_tiers,rvo_multistep_density_v1,main,fixed,4,14782,residual_zero,low,0.02,0.04,neighbor_gaussian_v1,13290820604426262903,11.0,11.0,121.0,0.03305785123966942,30.25,y,x,11.0,0.36363636363636365,0.6665811538696289,0.6552376747131348,0,0,0,0,0,6.744011878967285,1,0,0,0,0.9494020342826843,13.2,110,0.11342443525791168,0.34659692645072937,0.9882096126675606,10.973609649692662,0.7338128211942437,0.4365356570661491,0.26630159171128814,0.057272727272727274,0.04772727272727273,1.203329824632542,1.2814859100634401,1.3334985039721836,2.813780320259658,0.32272727272727275,residual,0,x_passive,residual_passive_rvo_mpc,7,21
four_way_stop,density_v4_interaction_tiers,rvo_multistep_density_v1,main,fixed,4,14782,plain_candidate,medium,0.05,0.1,neighbor_gaussian_v1,12239101077218766252,11.0,11.0,121.0,0.03305785123966942,30.25,y,x,11.0,0.36363636363636365,0.6665811538696289,0.6552376747131348,0,0,0,0,0,6.744011878967285,1,0,0,0,0.96348637342453,10.32,86,0.10616236925125122,0.29010507464408875,0.9889644989743829,10.146006294991821,0.8460068955670955,0.472138770854286,0.19350029063833402,0.13662790697674418,0.040697674418604654,0.8394372904491287,0.9842041915273946,1.0577074331634269,2.5246082098886027,0.4069767441860465,plain,1,x_intent,icgp_rvo_mpc,7,21
four_way_stop,density_v4_interaction_tiers,rvo_multistep_density_v1,main,fixed,4,14782,plain_zero,medium,0.05,0.1,neighbor_gaussian_v1,12239101077218766252,11.0,11.0,121.0,0.03305785123966942,30.25,y,x,11.0,0.36363636363636365,0.6665811538696289,0.6552376747131348,0,0,0,0,0,6.744011878967285,1,0,0,0,0.9650009274482727,10.2,85,0.22366490960121155,0.28546494245529175,0.9767501950263977,10.176563210552558,0.8862621446852298,0.4951426187129705,0.20839853044462336,0.15705882352941178,0.11176470588235295,0.8821951980505359,0.9679310921272812,1.0364525742302924,2.3778913457954634,0.47352941176470587,plain,0,x_passive,passive_rvo_mpc,7,21
four_way_stop,density_v4_interaction_tiers,rvo_multistep_density_v1,main,fixed,4,14782,residual_candidate,medium,0.05,0.1,neighbor_gaussian_v1,12239101077218766252,11.0,11.0,121.0,0.03305785123966942,30.25,y,x,11.0,0.36363636363636365,0.6665811538696289,0.6552376747131348,0,0,0,0,0,6.744011878967285,1,0,0,0,0.9660310745239258,10.08,84,0.20381148159503937,0.368116170167923,0.9788139443844557,9.978496290743351,0.8227669711909368,0.5111966280435182,0.25898243984556757,0.09821428571428571,0.0744047619047619,1.1440960933041893,1.294133676301156,1.3389709471201616,2.4322658636172614,0.3333333333333333,residual,1,x_intent,icgp_rvo_mpc,7,21
four_way_stop,density_v4_interaction_tiers,rvo_multistep_density_v1,main,fixed,4,14782,residual_zero,medium,0.05,0.1,neighbor_gaussian_v1,12239101077218766252,11.0,11.0,121.0,0.03305785123966942,30.25,y,x,11.0,0.36363636363636365,0.6665811538696289,0.6552376747131348,0,0,0,0,0,6.744011878967285,1,0,0,0,0.9660382866859436,10.68,89,0.1426326185464859,0.34780552983283997,0.9851734433323145,10.231200074311346,0.8764824573934246,0.5260260221061278,0.2720418532988517,0.15224719101123596,0.1348314606741573,1.1840290275086345,1.273185893969422,1.3053785816094514,2.615251986344209,0.3539325842696629,residual,0,x_passive,residual_passive_rvo_mpc,7,21
four_way_stop,density_v4_interaction_tiers,rvo_multistep_density_v1,main,fixed,4,14782,plain_candidate,high,0.1,0.2,neighbor_gaussian_v1,11772366562623470367,11.0,11.0,121.0,0.03305785123966942,30.25,y,x,11.0,0.36363636363636365,0.6665811538696289,0.6552376747131348,0,0,0,0,0,6.744011878967285,1,0,0,0,0.7965620756149292,12.84,107,0.07729098200798035,0.2790442705154419,0.9919656589627266,10.365894214657601,0.7578690971147757,0.5359834184721732,0.1937009340585166,0.1925233644859813,0.11448598130841121,0.8178970361046524,0.9917718925891077,1.060943673257237,2.920621425267135,0.29205607476635514,plain,1,x_intent,icgp_rvo_mpc,7,21
four_way_stop,density_v4_interaction_tiers,rvo_multistep_density_v1,main,fixed,4,14782,plain_zero,high,0.1,0.2,neighbor_gaussian_v1,11772366562623470367,11.0,11.0,121.0,0.03305785123966942,30.25,y,x,11.0,0.36363636363636365,0.6665811538696289,0.6552376747131348,0,0,0,0,0,6.744011878967285,1,0,0,0,0.8011379241943359,11.879999999999999,99,0.10945919156074524,0.2888049781322479,0.9886217964813113,10.337547875853488,0.7728149869380463,0.507528923243483,0.2083252516288235,0.17575757575757575,0.1388888888888889,0.8972391150149076,0.9861869129745497,1.0579980308084627,2.80255724230499,0.2878787878787879,plain,0,x_passive,passive_rvo_mpc,7,21
four_way_stop,density_v4_interaction_tiers,rvo_multistep_density_v1,main,fixed,4,14782,residual_candidate,high,0.1,0.2,neighbor_gaussian_v1,11772366562623470367,11.0,11.0,121.0,0.03305785123966942,30.25,y,x,11.0,0.36363636363636365,0.6665811538696289,0.6552376747131348,0,0,0,0,0,6.744011878967285,1,0,0,0,0.7787510752677917,12.0,100,0.10344173014163971,0.30858680605888367,0.9892473071813583,10.256971277412958,0.7242178709612926,0.47012346202363375,0.22310225016553886,0.1415,0.105,1.1243374699691777,1.2690730132348835,1.3087025969661772,2.906244731843472,0.3025,residual,1,x_intent,icgp_rvo_mpc,7,21
four_way_stop,density_v4_interaction_tiers,rvo_multistep_density_v1,main,fixed,4,14782,residual_zero,high,0.1,0.2,neighbor_gaussian_v1,11772366562623470367,11.0,11.0,121.0,0.03305785123966942,30.25,y,x,11.0,0.36363636363636365,0.6665811538696289,0.6552376747131348,0,0,0,0,0,6.744011878967285,1,0,0,0,0.8035544157028198,13.32,111,0.1053507998585701,0.3416388928890228,0.9890488609671593,10.489738863223465,0.7532560216663573,0.5155785535994575,0.25394909896128515,0.19414414414414413,0.16666666666666666,1.1654663056527002,1.2608680567252741,1.2858729481858173,2.979129744062016,0.32432432432432434,residual,0,x_passive,residual_passive_rvo_mpc,7,21
four_way_stop,density_v4_interaction_tiers,rvo_multistep_density_v1,main,fixed,8,18782,plain_candidate,clean,0.0,0.0,neighbor_gaussian_v1,17038147556164908256,11.0,11.0,121.0,0.06611570247933884,15.125,x,y,11.0,0.7272727272727273,0.6655158996582031,0.6540203094482422,0,0,0,0,0,1.3756513595581055,1,0,0,0,0.6126790046691895,16.919999999999998,141,0.17792505025863647,0.37759095430374146,0.9814271796494722,11.77059011306119,0.9116894853704259,0.6729835229232273,0.10850478713161227,0.3466312056737589,0.2774822695035461,0.11887763497789544,0.2600895448457054,0.28727694980166063,1.0384423599619392,0.5531914893617021,plain,1,x_intent,icgp_rvo_mpc,7,21
four_way_stop,density_v4_interaction_tiers,rvo_multistep_density_v1,main,fixed,8,18782,plain_zero,clean,0.0,0.0,neighbor_gaussian_v1,17038147556164908256,11.0,11.0,121.0,0.06611570247933884,15.125,x,y,11.0,0.7272727272727273,0.6655158996582031,0.6540203094482422,0,0,0,0,0,1.3756513595581055,1,0,0,0,0.6274916529655457,20.88,174,0.1579829603433609,0.3496043384075165,0.9835088476538658,12.082166730928293,0.9501037761172944,0.779285113498483,0.08657169516597094,0.29841954022988504,0.257183908045977,0.20153877038271142,0.293905115461448,0.31933111551838617,1.0190603765203008,0.6415229885057471,plain,0,x_passive,passive_rvo_mpc,7,21
four_way_stop,density_v4_interaction_tiers,rvo_multistep_density_v1,main,fixed,8,18782,residual_candidate,clean,0.0,0.0,neighbor_gaussian_v1,17038147556164908256,11.0,11.0,121.0,0.06611570247933884,15.125,x,y,11.0,0.7272727272727273,0.6655158996582031,0.6540203094482422,0,0,0,0,0,1.3756513595581055,1,0,0,0,0.6330471038818359,15.84,132,0.16341456770896912,0.3492644727230072,0.9829418659210205,11.260117347766936,0.8772267878503595,0.6305521567648446,0.1151305872498955,0.31609848484848485,0.23674242424242425,0.2143313076112695,0.3777935310509621,0.4367337902262807,1.0213078685770884,0.5473484848484849,residual,1,x_intent,icgp_rvo_mpc,7,21
four_way_stop,density_v4_interaction_tiers,rvo_multistep_density_v1,main,fixed,8,18782,residual_zero,clean,0.0,0.0,neighbor_gaussian_v1,17038147556164908256,11.0,11.0,121.0,0.06611570247933884,15.125,x,y,11.0,0.7272727272727273,0.6655158996582031,0.6540203094482422,0,0,0,0,0,1.3756513595581055,1,0,0,0,0.6429919004440308,14.399999999999999,120,0.16343070566654205,0.28987717628479004,0.9829401802271605,10.9111368204467,0.8815583737256626,0.6981540232275923,0.11680708327427662,0.2808333333333333,0.215625,0.2507655442345034,0.34791540047076225,0.4105454330945699,1.0110240799561145,0.553125,residual,0,x_passive,residual_passive_rvo_mpc,7,21
four_way_stop,density_v4_interaction_tiers,rvo_multistep_density_v1,main,fixed,8,18782,plain_candidate,low,0.02,0.04,neighbor_gaussian_v1,180071268573390007,11.0,11.0,121.0,0.06611570247933884,15.125,x,y,11.0,0.7272727272727273,0.6655158996582031,0.6540203094482422,0,0,0,0,0,1.3756513595581055,1,0,0,0,0.6358603239059448,14.16,118,0.15272697806358337,0.2979453206062317,0.9840574972331524,10.949524111041683,0.9805233098045623,0.7909748665988445,0.09180413165930816,0.3292372881355932,0.2552966101694915,0.11455404657651022,0.26936564453119827,0.2960026661096678,1.0390063241957608,0.5985169491525424,plain,1,x_intent,icgp_rvo_mpc,7,21
four_way_stop,density_v4_interaction_tiers,rvo_multistep_density_v1,main,fixed,8,18782,plain_zero,low,0.02,0.04,neighbor_gaussian_v1,180071268573390007,11.0,11.0,121.0,0.06611570247933884,15.125,x,y,11.0,0.7272727272727273,0.6655158996582031,0.6540203094482422,0,0,0,0,0,1.3756513595581055,1,0,0,0,0.6516305208206177,16.56,138,0.16837254166603088,0.3725403845310211,0.9824243243783712,11.699804202231462,0.9543092932174171,0.7206564677366312,0.1018048916075318,0.31630434782608696,0.26268115942028986,0.1949515474987878,0.28877833234389194,0.3248887543914759,1.0241946801392066,0.5625,plain,0,x_passive,passive_rvo_mpc,7,21
four_way_stop,density_v4_interaction_tiers,rvo_multistep_density_v1,main,fixed,8,18782,residual_candidate,low,0.02,0.04,neighbor_gaussian_v1,180071268573390007,11.0,11.0,121.0,0.06611570247933884,15.125,x,y,11.0,0.7272727272727273,0.6655158996582031,0.6540203094482422,0,0,0,0,0,1.3756513595581055,1,0,0,0,0.6730080246925354,13.08,109,0.19621142745018005,0.3453311026096344,0.9795183446258307,10.66838034344255,0.9645942075160938,0.7456830469464216,0.1181808482282026,0.393348623853211,0.2855504587155963,0.13527950461052465,0.3043108077675378,0.4016539305762961,0.8896858931380677,0.6479357798165137,residual,1,x_intent,icgp_rvo_mpc,7,21
four_way_stop,density_v4_interaction_tiers,rvo_multistep_density_v1,main,fixed,8,18782,residual_zero,low,0.02,0.04,neighbor_gaussian_v1,180071268573390007,11.0,11.0,121.0,0.06611570247933884,15.125,x,y,11.0,0.7272727272727273,0.6655158996582031,0.6540203094482422,0,0,0,0,0,1.3756513595581055,1,0,0,0,0.6464563608169556,17.64,147,0.19197089970111847,0.3137863874435425,0.9799609947949648,12.219707805546932,0.923381391532567,0.7425126908790498,0.11957482999859086,0.3006802721088435,0.2032312925170068,0.24202205720446296,0.34707069034225685,0.3989076815307343,1.2465819934233517,0.5510204081632653,residual,0,x_passive,residual_passive_rvo_mpc,7,21
four_way_stop,density_v4_interaction_tiers,rvo_multistep_density_v1,main,fixed,8,18782,plain_candidate,medium,0.05,0.1,neighbor_gaussian_v1,2225771659293654659,11.0,11.0,121.0,0.06611570247933884,15.125,x,y,11.0,0.7272727272727273,0.6655158996582031,0.6540203094482422,0,0,0,0,0,1.3756513595581055,1,0,0,0,0.7059924006462097,15.479999999999999,129,0.16553986072540283,0.33597061038017273,0.9827200155705214,11.355285969242686,1.075889003080453,0.8285167882031248,0.08865184098294424,0.4104651162790698,0.3178294573643411,0.09376225207336687,0.25246106125038964,0.2995125108671397,1.0087023628520413,0.5406976744186046,plain,1,x_intent,icgp_rvo_mpc,7,21
four_way_stop,density_v4_interaction_tiers,rvo_multistep_density_v1,main,fixed,8,18782,plain_zero,medium,0.05,0.1,neighbor_gaussian_v1,2225771659293654659,11.0,11.0,121.0,0.06611570247933884,15.125,x,y,11.0,0.7272727272727273,0.6655158996582031,0.6540203094482422,0,0,0,0,0,1.3756513595581055,1,0,0,0,0.6398523449897766,19.08,159,0.15486504137516022,0.3436536490917206,0.9838343132287264,11.529828622449713,0.9669008324590495,0.9249245381017901,0.08517987411117779,0.29544025157232706,0.25,0.23943886563101344,0.32583375114748414,0.35898839343889805,1.0487573955353326,0.5982704402515723,plain,0,x_passive,passive_rvo_mpc,7,21
four_way_stop,density_v4_interaction_tiers,rvo_multistep_density_v1,main,fixed,8,18782,residual_candidate,medium,0.05,0.1,neighbor_gaussian_v1,2225771659293654659,11.0,11.0,121.0,0.06611570247933884,15.125,x,y,11.0,0.7272727272727273,0.6655158996582031,0.6540203094482422,0,0,0,0,0,1.3756513595581055,1,0,0,0,0.7589964270591736,15.479999999999999,129,0.17821264266967773,0.3688698410987854,0.9813971593976021,10.909916465301649,0.9249927711405957,0.8255880964241287,0.11294021301852293,0.33895348837209305,0.25193798449612403,0.2298632864674641,0.39726770249101545,0.4616463332940904,1.133733748047389,0.5532945736434108,residual,1,x_intent,icgp_rvo_mpc,7,21
four_way_stop,density_v4_interaction_tiers,rvo_multistep_density_v1,main,fixed,8,18782,residual_zero,medium,0.05,0.1,neighbor_gaussian_v1,2225771659293654659,11.0,11.0,121.0,0.06611570247933884,15.125,x,y,11.0,0.7272727272727273,0.6655158996582031,0.6540203094482422,0,0,0,0,0,1.3756513595581055,1,0,0,0,0.6569236516952515,15.719999999999999,131,0.18797416985034943,0.3579786717891693,0.980378195643425,11.301638040386024,1.0712859129518952,0.8808219214432113,0.12161736603193554,0.3477099236641221,0.2681297709923664,0.20390420062739395,0.3074077536851055,0.385985315145484,0.9648963644156476,0.6297709923664122,residual,0,x_passive,residual_passive_rvo_mpc,7,21
four_way_stop,density_v4_interaction_tiers,rvo_multistep_density_v1,main,fixed,8,18782,plain_candidate,high,0.1,0.2,neighbor_gaussian_v1,17374344227485604790,11.0,11.0,121.0,0.06611570247933884,15.125,x,y,11.0,0.7272727272727273,0.6655158996582031,0.6540203094482422,0,0,0,0,0,1.3756513595581055,1,0,0,0,0.5549116730690002,17.88,149,0.17657950520515442,0.36646759510040283,0.9815676342695951,12.525504079138045,1.2804055815600108,1.1680926591557945,0.09048607356841645,0.337248322147651,0.2139261744966443,0.12056382226310798,0.2699947638479656,0.33729020378308616,1.0538086554490582,0.5763422818791947,plain,1,x_intent,icgp_rvo_mpc,7,21
four_way_stop,density_v4_interaction_tiers,rvo_multistep_density_v1,main,fixed,8,18782,plain_zero,high,0.1,0.2,neighbor_gaussian_v1,17374344227485604790,11.0,11.0,121.0,0.06611570247933884,15.125,x,y,11.0,0.7272727272727273,0.6655158996582031,0.6540203094482422,0,0,0,0,0,1.3756513595581055,1,0,0,0,0.6765711307525635,26.04,217,0.1924099624156952,0.3618931174278259,0.9799151625484228,12.975830308168952,1.0555149494468616,0.9951641545180352,0.09262217745889828,0.2985023041474654,0.22811059907834103,0.24874431413555445,0.3470350569643699,0.38934818691020406,1.0642171378502376,0.5097926267281107,plain,0,x_passive,passive_rvo_mpc,7,21
four_way_stop,density_v4_interaction_tiers,rvo_multistep_density_v1,main,fixed,8,18782,residual_candidate,high,0.1,0.2,neighbor_gaussian_v1,17374344227485604790,11.0,11.0,121.0,0.06611570247933884,15.125,x,y,11.0,0.7272727272727273,0.6655158996582031,0.6540203094482422,0,0,0,0,0,1.3756513595581055,1,0,0,0,0.6636757850646973,14.76,123,0.16542629897594452,0.33534321188926697,0.9827318694442511,11.198538334650948,1.1975097321276742,1.0149575814725906,0.1263574185867309,0.30060975609756097,0.21341463414634146,0.21503646101495938,0.36346015340156435,0.42915707117870333,0.993775186174042,0.6189024390243902,residual,1,x_intent,icgp_rvo_mpc,7,21
four_way_stop,density_v4_interaction_tiers,rvo_multistep_density_v1,main,fixed,8,18782,residual_zero,high,0.1,0.2,neighbor_gaussian_v1,17374344227485604790,11.0,11.0,121.0,0.06611570247933884,15.125,x,y,11.0,0.7272727272727273,0.6655158996582031,0.6540203094482422,0,0,0,0,0,1.3756513595581055,1,0,0,0,0.6931878328323364,14.76,123,0.17029930651187897,0.3665483593940735,0.9822231978178024,11.435312427434837,1.1973950009096443,0.9883554675957051,0.1260275408654943,0.359349593495935,0.2936991869918699,0.14413585384749258,0.2501843648815785,0.296056071530755,0.9750893275682037,0.6056910569105691,residual,0,x_passive,residual_passive_rvo_mpc,7,21
corridor,density_v4_interaction_tiers,rvo_multistep_density_v1,main,fixed,4,14242,plain_candidate,clean,0.0,0.0,neighbor_gaussian_v1,8120946792678305852,12.0,5.4,64.80000000000001,0.061728395061728385,16.200000000000003,x,y,4.140000000000001,0.9661835748792269,0.9671416282653809,0.9990777969360352,0,0,0,0,0,1.2136931800842286,1,0,0,0,0.6328314542770386,12.0,100,0.1886408030986786,0.3626616597175598,0.9815393332391977,11.540488572907634,0.7559204130899161,0.5131670868769288,0.17827000032411888,0.2165,0.155,0.19131179042812435,0.31796183504462244,0.36863545939028264,0.5509255055725575,0.7425,plain,1,x_intent,icgp_rvo_mpc,7,22
corridor,density_v4_interaction_tiers,rvo_multistep_density_v1,main,fixed,4,14242,plain_zero,clean,0.0,0.0,neighbor_gaussian_v1,8120946792678305852,12.0,5.4,64.80000000000001,0.061728395061728385,16.200000000000003,x,y,4.140000000000001,0.9661835748792269,0.9671416282653809,0.9990777969360352,0,0,0,0,0,1.2136931800842286,1,0,0,0,0.6830765604972839,12.719999999999999,106,0.1341092884540558,0.37351346015930176,0.9868758674710989,11.542604289832525,0.6772419763685046,0.4341858014604955,0.1670542451221373,0.19056603773584907,0.15566037735849056,0.21394401614940814,0.3237916459839018,0.36386856659895406,0.4888128720364481,0.6650943396226415,plain,0,x_passive,passive_rvo_mpc,7,22
corridor,density_v4_interaction_tiers,rvo_multistep_density_v1,main,fixed,4,14242,residual_candidate,clean,0.0,0.0,neighbor_gaussian_v1,8120946792678305852,12.0,5.4,64.80000000000001,0.061728395061728385,16.200000000000003,x,y,4.140000000000001,0.9661835748792269,0.9671416282653809,0.9990777969360352,0,0,0,0,0,1.2136931800842286,1,0,0,0,0.7323893904685974,12.24,102,0.13454952836036682,0.30284422636032104,0.9868327844887972,10.737697120173834,0.5496114058506802,0.3849694592576912,0.21723186278797904,0.24705882352941178,0.18137254901960784,0.17975005762968851,0.32743596311293394,0.3577804851941034,0.6264634658863731,0.38480392156862747,residual,1,x_intent,icgp_rvo_mpc,7,22
corridor,density_v4_interaction_tiers,rvo_multistep_density_v1,main,fixed,4,14242,residual_zero,clean,0.0,0.0,neighbor_gaussian_v1,8120946792678305852,12.0,5.4,64.80000000000001,0.061728395061728385,16.200000000000003,x,y,4.140000000000001,0.9661835748792269,0.9671416282653809,0.9990777969360352,0,0,0,0,0,1.2136931800842286,1,0,0,0,0.707569420337677,12.6,105,0.12937939167022705,0.36573290824890137,0.9873387422412634,10.80820583854802,0.7595586237342408,0.48700660267578705,0.23502333316996338,0.2780952380952381,0.20952380952380953,0.19432600049177806,0.3155478647549946,0.35462558326267063,0.6443020705612642,0.3976190476190476,residual,0,x_passive,residual_passive_rvo_mpc,7,22
corridor,density_v4_interaction_tiers,rvo_multistep_density_v1,main,fixed,4,14242,plain_candidate,low,0.02,0.04,neighbor_gaussian_v1,15871299144266401677,12.0,5.4,64.80000000000001,0.061728395061728385,16.200000000000003,x,y,4.140000000000001,0.9661835748792269,0.9671416282653809,0.9990777969360352,0,0,0,0,0,1.2136931800842286,1,0,0,0,0.6185110211372375,11.639999999999999,97,0.12760332226753235,0.3116292357444763,0.9875125512480736,10.99632470216602,0.6383589801868212,0.49724750329269884,0.16525747421312809,0.2190721649484536,0.15979381443298968,0.18690462489506784,0.3223662792391998,0.35760649381992743,0.5372441096404164,0.7216494845360825,plain,1,x_intent,icgp_rvo_mpc,7,22
corridor,density_v4_interaction_tiers,rvo_multistep_density_v1,main,fixed,4,14242,plain_zero,low,0.02,0.04,neighbor_gaussian_v1,15871299144266401677,12.0,5.4,64.80000000000001,0.061728395061728385,16.200000000000003,x,y,4.140000000000001,0.9661835748792269,0.9671416282653809,0.9990777969360352,0,0,0,0,0,1.2136931800842286,1,0,0,0,0.6990805268287659,10.92,91,0.11904393136501312,0.283924400806427,0.9883501855656505,10.606653974915389,0.588902604571738,0.4275476512714074,0.16955549446200685,0.29835164835164835,0.22252747252747251,0.1583645181950427,0.2831836096238303,0.3222972808598162,0.536396923731644,0.5384615384615384,plain,0,x_passive,passive_rvo_mpc,7,22
corridor,density_v4_interaction_tiers,rvo_multistep_density_v1,main,fixed,4,14242,residual_candidate,low,0.02,0.04,neighbor_gaussian_v1,15871299144266401677,12.0,5.4,64.80000000000001,0.061728395061728385,16.200000000000003,x,y,4.140000000000001,0.9661835748792269,0.9671416282653809,0.9990777969360352,0,0,0,0,0,1.2136931800842286,1,0,0,0,0.7177175283432007,12.84,107,0.12356538325548172,0.31705722212791443,0.9879077095538378,10.914954080464668,0.5554071954847531,0.3887014005324481,0.22794532662509967,0.24485981308411214,0.19158878504672897,0.17237048949341283,0.32084956713717117,0.3513476285150396,0.5923800270022632,0.37850467289719625,residual,1,x_intent,icgp_rvo_mpc,7,22
corridor,density_v4_interaction_tiers,rvo_multistep_density_v1,main,fixed,4,14242,residual_zero,low,0.02,0.04,neighbor_gaussian_v1,15871299144266401677,12.0,5.4,64.80000000000001,0.061728395061728385,16.200000000000003,x,y,4.140000000000001,0.9661835748792269,0.9671416282653809,0.9990777969360352,0,0,0,0,0,1.2136931800842286,1,0,0,0,0.7044679522514343,12.719999999999999,106,0.10936449468135834,0.3125930428504944,0.989297429099679,10.803020858205855,0.7550186594082745,0.506018837667861,0.2240471707718482,0.27169811320754716,0.2028301886792453,0.1937684653337412,0.316814915594065,0.35424110025167466,0.6508104458317723,0.37264150943396224,residual,0,x_passive,residual_passive_rvo_mpc,7,22
corridor,density_v4_interaction_tiers,rvo_multistep_density_v1,main,fixed,4,14242,plain_candidate,medium,0.05,0.1,neighbor_gaussian_v1,9545707137359635287,12.0,5.4,64.80000000000001,0.061728395061728385,16.200000000000003,x,y,4.140000000000001,0.9661835748792269,0.9671416282653809,0.9990777969360352,0,0,0,0,0,1.2136931800842286,1,0,0,0,0.7094948291778564,12.12,101,0.1350872814655304,0.36118289828300476,0.986780159175396,11.33757216820959,0.7952277482957533,0.690127960544559,0.17530049455564212,0.2084158415841584,0.14108910891089108,0.21140256870316693,0.3480760078117399,0.4233770483289615,0.5691175121039447,0.7252475247524752,plain,1,x_intent,icgp_rvo_mpc,7,22
corridor,density_v4_interaction_tiers,rvo_multistep_density_v1,main,fixed,4,14242,plain_zero,medium,0.05,0.1,neighbor_gaussian_v1,9545707137359635287,12.0,5.4,64.80000000000001,0.061728395061728385,16.200000000000003,x,y,4.140000000000001,0.9661835748792269,0.9671416282653809,0.9990777969360352,0,0,0,0,0,1.2136931800842286,1,0,0,0,0.6769981384277344,12.84,107,0.11003170907497406,0.3133750557899475,0.9892321350052953,11.691609565052204,0.8720909293009856,0.733210399538,0.15665186927044572,0.24065420560747663,0.19626168224299065,0.20759153802739894,0.31313010741895597,0.36362679585675206,0.5323100755788456,0.7242990654205608,plain,0,x_passive,passive_rvo_mpc,7,22
corridor,density_v4_interaction_tiers,rvo_multistep_density_v1,main,fixed,4,14242,residual_candidate,medium,0.05,0.1,neighbor_gaussian_v1,9545707137359635287,12.0,5.4,64.80000000000001,0.061728395061728385,16.200000000000003,x,y,4.140000000000001,0.9661835748792269,0.9671416282653809,0.9990777969360352,0,0,0,0,0,1.2136931800842286,1,0,0,0,0.744046151638031,12.6,105,0.11624749004840851,0.2789868712425232,0.9886238491162658,10.899048738414422,0.5358096000328216,0.40449285874409335,0.20623666697203935,0.24095238095238095,0.17857142857142858,0.17627043539489667,0.32488535339065955,0.35347812333135376,0.5952960607182411,0.39285714285714285,residual,1,x_intent,icgp_rvo_mpc,7,22
corridor,density_v4_interaction_tiers,rvo_multistep_density_v1,main,fixed,4,14242,residual_zero,medium,0.05,0.1,neighbor_gaussian_v1,9545707137359635287,12.0,5.4,64.80000000000001,0.061728395061728385,16.200000000000003,x,y,4.140000000000001,0.9661835748792269,0.9671416282653809,0.9990777969360352,0,0,0,0,0,1.2136931800842286,1,0,0,0,0.7486402988433838,12.0,100,0.1274910271167755,0.28097108006477356,0.9875235399231315,10.75717030535452,0.740675816591829,0.5110822803620249,0.21470475068781525,0.3125,0.2375,0.2032398891121149,0.3139546917244792,0.3437141912803054,0.6297978019267322,0.4925,residual,0,x_passive,residual_passive_rvo_mpc,7,22
corridor,density_v4_interaction_tiers,rvo_multistep_density_v1,main,fixed,4,14242,plain_candidate,high,0.1,0.2,neighbor_gaussian_v1,10801350562123773076,12.0,5.4,64.80000000000001,0.061728395061728385,16.200000000000003,x,y,4.140000000000001,0.9661835748792269,0.9671416282653809,0.9990777969360352,0,0,0,0,0,1.2136931800842286,1,0,0,0,0.7010411620140076,11.28,94,0.15708613395690918,0.3325802683830261,0.9846273194998503,11.06784989242442,1.0914636664290696,0.9679057323076623,0.16772074601984524,0.20106382978723406,0.14095744680851063,0.19278317114377905,0.33374115019957434,0.4123998112762546,0.5074951166580333,0.7819148936170213,plain,1,x_intent,icgp_rvo_mpc,7,22
corridor,density_v4_interaction_tiers,rvo_multistep_density_v1,main,fixed,4,14242,plain_zero,high,0.1,0.2,neighbor_gaussian_v1,10801350562123773076,12.0,5.4,64.80000000000001,0.061728395061728385,16.200000000000003,x,y,4.140000000000001,0.9661835748792269,0.9671416282653809,0.9990777969360352,0,0,0,0,0,1.2136931800842286,1,0,0,0,0.6718002557754517,10.92,91,0.19064024090766907,0.34859499335289,0.9813436642289162,10.800644919858314,0.8907109469502836,0.776204937188835,0.16996813208826786,0.21923076923076923,0.17032967032967034,0.22761483568370663,0.3379209150169249,0.37954258791119844,0.5366877067449329,0.7087912087912088,plain,0,x_passive,passive_rvo_mpc,7,22
corridor,density_v4_interaction_tiers,rvo_multistep_density_v1,main,fixed,4,14242,residual_candidate,high,0.1,0.2,neighbor_gaussian_v1,10801350562123773076,12.0,5.4,64.80000000000001,0.061728395061728385,16.200000000000003,x,y,4.140000000000001,0.9661835748792269,0.9671416282653809,0.9990777969360352,0,0,0,0,0,1.2136931800842286,1,0,0,0,0.6437918543815613,11.16,93,0.1339161992073059,0.3264071047306061,0.9868947630748153,10.53227664300357,0.8372634000855909,0.7255574381880222,0.2125354835160217,0.22204301075268817,0.1639784946236559,0.23362153837737695,0.3739480952005232,0.4149923848945607,0.6579608850950195,0.5456989247311828,residual,1,x_intent,icgp_rvo_mpc,7,22
corridor,density_v4_interaction_tiers,rvo_multistep_density_v1,main,fixed,4,14242,residual_zero,high,0.1,0.2,neighbor_gaussian_v1,10801350562123773076,12.0,5.4,64.80000000000001,0.061728395061728385,16.200000000000003,x,y,4.140000000000001,0.9661835748792269,0.9671416282653809,0.9990777969360352,0,0,0,0,0,1.2136931800842286,1,0,0,0,0.8413777947425842,12.36,103,0.108272984623909,0.2721302807331085,0.9894042462110519,10.665304115274921,0.7455048325462538,0.6790611817619031,0.21100315537746742,0.2262135922330097,0.18932038834951456,0.2425295786531551,0.36427988265758576,0.4005803278016234,0.6129262341262357,0.48058252427184467,residual,0,x_passive,residual_passive_rvo_mpc,7,22
corridor,density_v4_interaction_tiers,rvo_multistep_density_v1,main,fixed,8,18242,plain_candidate,clean,0.0,0.0,neighbor_gaussian_v1,14881573115062011445,12.0,5.4,64.80000000000001,0.12345679012345677,8.100000000000001,x,y,4.140000000000001,1.9323671497584538,0.9866666793823242,0.9879422187805176,0,0,0,0,0,0.6892307996749878,0,0,0,0,0.6196288466453552,26.4,220,0.7410023808479309,1.3181328773498535,0.9267927706241608,13.768141721753636,0.9115240362557497,0.931934104859829,0.09031772695545276,0.5443181818181818,0.36079545454545453,-0.11129956226096363,0.0627981319010935,0.06937847456640817,0.4428407253045589,0.8153409090909091,plain,1,x_intent,icgp_rvo_mpc,7,22
corridor,density_v4_interaction_tiers,rvo_multistep_density_v1,main,fixed,8,18242,plain_zero,clean,0.0,0.0,neighbor_gaussian_v1,14881573115062011445,12.0,5.4,64.80000000000001,0.12345679012345677,8.100000000000001,x,y,4.140000000000001,1.9323671497584538,0.9866666793823242,0.9879422187805176,0,0,0,0,0,0.6892307996749878,0,0,0,0,0.694830596446991,26.4,220,0.8944144248962402,1.3831336498260498,0.9116364493966103,14.300665122464125,0.9760108045556328,0.9285547577183355,0.08783255712346132,0.5289772727272727,0.42102272727272727,-0.07470374369248747,0.0339106529964642,0.03802671888402917,0.47079678684138615,0.6886363636363636,plain,0,x_passive,passive_rvo_mpc,7,22
corridor,density_v4_interaction_tiers,rvo_multistep_density_v1,main,fixed,8,18242,residual_candidate,clean,0.0,0.0,neighbor_gaussian_v1,14881573115062011445,12.0,5.4,64.80000000000001,0.12345679012345677,8.100000000000001,x,y,4.140000000000001,1.9323671497584538,0.9866666793823242,0.9879422187805176,0,0,0,0,0,0.6892307996749878,0,0,0,0,0.5714215040206909,26.4,220,0.6658028364181519,1.237860918045044,0.9342220947146416,14.893452819720551,0.8754926137626171,0.9384569529782641,0.10741437485690271,0.522159090909091,0.3613636363636364,-0.07272027990785797,0.08184977076786824,0.09135293676881967,0.4755999721485106,0.834659090909091,residual,1,x_intent,icgp_rvo_mpc,7,22
corridor,density_v4_interaction_tiers,rvo_multistep_density_v1,main,fixed,8,18242,residual_zero,clean,0.0,0.0,neighbor_gaussian_v1,14881573115062011445,12.0,5.4,64.80000000000001,0.12345679012345677,8.100000000000001,x,y,4.140000000000001,1.9323671497584538,0.9866666793823242,0.9879422187805176,0,0,0,0,0,0.6892307996749878,0,0,0,0,0.6557725667953491,26.4,220,0.7476344108581543,1.9870671033859253,0.9261375591158867,13.955657738930313,0.8339127131483771,0.8333065023137765,0.10936272764493796,0.46238636363636365,0.35,-0.037150313388185835,0.07691357861323789,0.08360484892265362,0.4506082620194013,0.7238636363636364,residual,0,x_passive,residual_passive_rvo_mpc,7,22
corridor,density_v4_interaction_tiers,rvo_multistep_density_v1,main,fixed,8,18242,plain_candidate,low,0.02,0.04,neighbor_gaussian_v1,8179262071019100249,12.0,5.4,64.80000000000001,0.12345679012345677,8.100000000000001,x,y,4.140000000000001,1.9323671497584538,0.9866666793823242,0.9879422187805176,0,0,0,0,0,0.6892307996749878,0,0,0,0,0.5528706908226013,26.4,220,0.756114661693573,1.7445679903030396,0.9252997562289238,14.227269554292434,1.0722702210599726,1.1215543256564573,0.08590119326651223,0.65875,0.4954545454545455,-0.15569939362827095,0.015113866422833357,0.023438912208954034,0.42750552867717034,0.7653409090909091,plain,1,x_intent,icgp_rvo_mpc,7,22
corridor,density_v4_interaction_tiers,rvo_multistep_density_v1,main,fixed,8,18242,plain_zero,low,0.02,0.04,neighbor_gaussian_v1,8179262071019100249,12.0,5.4,64.80000000000001,0.12345679012345677,8.100000000000001,x,y,4.140000000000001,1.9323671497584538,0.9866666793823242,0.9879422187805176,0,0,0,0,0,0.6892307996749878,0,0,1,0,0.503302812576294,26.4,220,0.8318004608154297,1.3271774053573608,0.9178223833441734,14.5995741571096,1.0162770160219885,0.9865936001593416,0.08652232949812473,0.6303409090909091,0.5136363636363637,-0.12824101950568992,-0.010943818220995714,-0.005555240745529204,0.3700863346367736,0.7522727272727273,plain,0,x_passive,passive_rvo_mpc,7,22
corridor,density_v4_interaction_tiers,rvo_multistep_density_v1,main,fixed,8,18242,residual_candidate,low,0.02,0.04,neighbor_gaussian_v1,8179262071019100249,12.0,5.4,64.80000000000001,0.12345679012345677,8.100000000000001,x,y,4.140000000000001,1.9323671497584538,0.9866666793823242,0.9879422187805176,0,0,0,0,0,0.6892307996749878,0,0,0,0,0.6265041828155518,26.4,220,0.6921411752700806,1.1892281770706177,0.9316200092434883,14.111516090484656,1.0127024991945788,0.9844831290570173,0.1065563066896919,0.4360227272727273,0.3164772727272727,-0.0521951674874872,0.09827414422397586,0.10324717263995922,0.43015666153891524,0.7857954545454545,residual,1,x_intent,icgp_rvo_mpc,7,22
corridor,density_v4_interaction_tiers,rvo_multistep_density_v1,main,fixed,8,18242,residual_zero,low,0.02,0.04,neighbor_gaussian_v1,8179262071019100249,12.0,5.4,64.80000000000001,0.12345679012345677,8.100000000000001,x,y,4.140000000000001,1.9323671497584538,0.9866666793823242,0.9879422187805176,0,0,0,0,0,0.6892307996749878,0,0,0,0,0.6004045605659485,26.4,220,0.5924471616744995,1.175219178199768,0.9414692632853985,14.426417449940345,1.1068531620908868,1.0960094491189176,0.10792409081080802,0.44772727272727275,0.33295454545454545,-0.0404356601472563,0.05831101933663542,0.06556308589469304,0.4621038501994177,0.7920454545454545,residual,0,x_passive,residual_passive_rvo_mpc,7,22
corridor,density_v4_interaction_tiers,rvo_multistep_density_v1,main,fixed,8,18242,plain_candidate,medium,0.05,0.1,neighbor_gaussian_v1,14490320022470246194,12.0,5.4,64.80000000000001,0.12345679012345677,8.100000000000001,x,y,4.140000000000001,1.9323671497584538,0.9866666793823242,0.9879422187805176,0,0,0,0,0,0.6892307996749878,0,0,0,0,0.601829469203949,26.4,220,0.7529451847076416,1.317732810974121,0.9256128817796707,14.323327519290615,1.261733057688583,1.2970591423186388,0.08648607938746201,0.5334090909090909,0.35965909090909093,-0.1112962218295063,0.046887630737301976,0.05350097227130423,0.46254951846057724,0.7715909090909091,plain,1,x_intent,icgp_rvo_mpc,7,22
corridor,density_v4_interaction_tiers,rvo_multistep_density_v1,main,fixed,8,18242,plain_zero,medium,0.05,0.1,neighbor_gaussian_v1,14490320022470246194,12.0,5.4,64.80000000000001,0.12345679012345677,8.100000000000001,x,y,4.140000000000001,1.9323671497584538,0.9866666793823242,0.9879422187805176,0,0,0,0,0,0.6892307996749878,0,0,0,0,0.657152533531189,26.4,220,0.8373901844024658,1.6242141723632812,0.9172701463103294,14.32756118728139,1.1167645405639302,1.128717357868498,0.09094250023984139,0.5525,0.4068181818181818,-0.09812313894580901,0.010292895295276208,0.01296592605101282,0.4592595190409233,0.8039772727272727,plain,0,x_passive,passive_rvo_mpc,7,22
corridor,density_v4_interaction_tiers,rvo_multistep_density_v1,main,fixed,8,18242,residual_candidate,medium,0.05,0.1,neighbor_gaussian_v1,14490320022470246194,12.0,5.4,64.80000000000001,0.12345679012345677,8.100000000000001,x,y,4.140000000000001,1.9323671497584538,0.9866666793823242,0.9879422187805176,0,0,0,0,0,0.6892307996749878,0,0,0,0,0.5990173816680908,26.4,220,0.8198594450950623,1.550436019897461,0.9190020933747292,14.788100906429463,1.2390190052715215,1.2873088022524661,0.11316460232509681,0.47625,0.3028409090909091,-0.06470265860794197,0.08371514667316594,0.09319272923215545,0.4274897457576273,0.7767045454545455,residual,1,x_intent,icgp_rvo_mpc,7,22
corridor,density_v4_interaction_tiers,rvo_multistep_density_v1,main,fixed,8,18242,residual_zero,medium,0.05,0.1,neighbor_gaussian_v1,14490320022470246194,12.0,5.4,64.80000000000001,0.12345679012345677,8.100000000000001,x,y,4.140000000000001,1.9323671497584538,0.9866666793823242,0.9879422187805176,0,0,0,0,0,0.6892307996749878,0,0,0,0,0.5822854042053223,26.4,220,0.5519356727600098,1.2008005380630493,0.9454715885221958,15.293517963320483,1.2353579802269286,1.1910233773968437,0.10856068173862612,0.4169318181818182,0.29261363636363635,-0.035279297714931254,0.07524309859543361,0.08417531126856126,0.43798588112403053,0.8,residual,0,x_passive,residual_passive_rvo_mpc,7,22
corridor,density_v4_interaction_tiers,rvo_multistep_density_v1,main,fixed,8,18242,plain_candidate,high,0.1,0.2,neighbor_gaussian_v1,9874638127395567729,12.0,5.4,64.80000000000001,0.12345679012345677,8.100000000000001,x,y,4.140000000000001,1.9323671497584538,0.9866666793823242,0.9879422187805176,0,0,0,0,0,0.6892307996749878,0,0,0,0,0.6492928266525269,26.4,220,0.6939684748649597,1.3703128099441528,0.9314394816756248,15.010832976651727,1.5237381902608005,1.4345428138971328,0.08453971597852862,0.51875,0.35511363636363635,-0.09463808005656625,0.06994675288857385,0.08060209244523538,0.47247847365029155,0.75,plain,1,x_intent,icgp_rvo_mpc,7,22
corridor,density_v4_interaction_tiers,rvo_multistep_density_v1,main,fixed,8,18242,plain_zero,high,0.1,0.2,neighbor_gaussian_v1,9874638127395567729,12.0,5.4,64.80000000000001,0.12345679012345677,8.100000000000001,x,y,4.140000000000001,1.9323671497584538,0.9866666793823242,0.9879422187805176,0,0,0,0,0,0.6892307996749878,0,0,0,0,0.6257745027542114,26.4,220,0.7600499391555786,1.507545828819275,0.9249109700322151,15.324882631386572,1.4751659894531424,1.3893368051810697,0.08522357939827171,0.4744318181818182,0.34602272727272726,-0.06553218272555916,0.05138209831697696,0.05977066917768256,0.419640057287433,0.7267045454545454,plain,0,x_passive,passive_rvo_mpc,7,22
corridor,density_v4_interaction_tiers,rvo_multistep_density_v1,main,fixed,8,18242,residual_candidate,high,0.1,0.2,neighbor_gaussian_v1,9874638127395567729,12.0,5.4,64.80000000000001,0.12345679012345677,8.100000000000001,x,y,4.140000000000001,1.9323671497584538,0.9866666793823242,0.9879422187805176,0,0,0,0,0,0.6892307996749878,0,0,0,0,0.6169149279594421,26.4,220,0.7733038663864136,1.9039798974990845,0.923601545393467,14.91111303078651,1.4562367005781693,1.4001102872870186,0.11219096602210564,0.4323863636363636,0.29375,-0.03652592920270399,0.11910115787251431,0.12754976370693608,0.4616729801485146,0.7306818181818182,residual,1,x_intent,icgp_rvo_mpc,7,22
corridor,density_v4_interaction_tiers,rvo_multistep_density_v1,main,fixed,8,18242,residual_zero,high,0.1,0.2,neighbor_gaussian_v1,9874638127395567729,12.0,5.4,64.80000000000001,0.12345679012345677,8.100000000000001,x,y,4.140000000000001,1.9323671497584538,0.9866666793823242,0.9879422187805176,0,0,0,0,0,0.6892307996749878,0,0,0,0,0.5376436710357666,26.4,220,0.7305440902709961,1.2479790449142456,0.9278259947896004,14.38369526117458,1.4694894647056407,1.4467577709393067,0.11187954561054622,0.46647727272727274,0.33352272727272725,-0.03782320089983245,0.0746893456898291,0.08374577961404892,0.43271296874569226,0.772159090909091,residual,0,x_passive,residual_passive_rvo_mpc,7,22
narrow_gate,density_v4_interaction_tiers,rvo_multistep_density_v1,main,fixed,4,14551,plain_candidate,clean,0.0,0.0,neighbor_gaussian_v1,14279568557373812300,12.0,8.0,96.0,0.041666666666666664,24.0,x,y,2.2,1.8181818181818181,0.8805737495422363,0.8766646385192871,0,0,0,0,0,2.7765660285949707,1,0,0,0,0.762637734413147,20.88,174,0.128117173910141,0.2885706424713135,0.987793150357902,12.415237621149572,0.692633006347065,0.5305915618335126,0.15775675316014723,0.2971264367816092,0.15086206896551724,0.3845055075961115,0.5652462414900097,0.6159209027854268,1.2080450462653363,0.4870689655172414,plain,1,x_intent,icgp_rvo_mpc,7,22
narrow_gate,density_v4_interaction_tiers,rvo_multistep_density_v1,main,fixed,4,14551,plain_zero,clean,0.0,0.0,neighbor_gaussian_v1,14279568557373812300,12.0,8.0,96.0,0.041666666666666664,24.0,x,y,2.2,1.8181818181818181,0.8805737495422363,0.8766646385192871,0,0,0,0,0,2.7765660285949707,0,0,0,0,0.8011588454246521,26.4,220,1.7243417501449585,6.79112434387207,0.8357068002223969,10.924149553153256,0.5075662723622703,0.4005596822767984,0.16106943188457412,0.2884090909090909,0.12727272727272726,0.7346139655345088,0.863215660313407,0.8712373186623078,1.5005133606854588,0.42613636363636365,plain,0,x_passive,passive_rvo_mpc,7,22
narrow_gate,density_v4_interaction_tiers,rvo_multistep_density_v1,main,fixed,4,14551,residual_candidate,clean,0.0,0.0,neighbor_gaussian_v1,14279568557373812300,12.0,8.0,96.0,0.041666666666666664,24.0,x,y,2.2,1.8181818181818181,0.8805737495422363,0.8766646385192871,0,0,0,0,0,2.7765660285949707,0,0,0,0,0.8149134099189438,26.4,220,3.752534866333008,8.1397705078125,0.6424629986286163,10.384244397015209,0.6361238294630311,0.5191887177028481,0.2041757957406596,0.3440909090909091,0.03068181818181818,0.29946711065964493,0.47997925722788193,0.4881845295846862,0.8693162197196239,0.6090909090909091,residual,1,x_intent,icgp_rvo_mpc,7,22
narrow_gate,density_v4_interaction_tiers,rvo_multistep_density_v1,main,fixed,4,14551,residual_zero,clean,0.0,0.0,neighbor_gaussian_v1,14279568557373812300,12.0,8.0,96.0,0.041666666666666664,24.0,x,y,2.2,1.8181818181818181,0.8805737495422363,0.8766646385192871,0,0,0,0,0,2.7765660285949707,1,0,0,0,0.8183775208654663,21.0,175,0.10403111577033997,0.27432969212532043,0.9900880409404635,13.022028519431842,0.7895619088045455,0.5545771542855124,0.20636814255599997,0.18485714285714286,0.07,0.6716526608700655,0.7773954168053313,0.8001384340789492,1.1765103748656323,0.49,residual,0,x_passive,residual_passive_rvo_mpc,7,22
narrow_gate,density_v4_interaction_tiers,rvo_multistep_density_v1,main,fixed,4,14551,plain_candidate,low,0.02,0.04,neighbor_gaussian_v1,5579606045285653339,12.0,8.0,96.0,0.041666666666666664,24.0,x,y,2.2,1.8181818181818181,0.8805737495422363,0.8766646385192871,0,0,0,0,0,2.7765660285949707,0,0,0,0,0.8171689896906469,26.4,220,1.7133715152740479,6.726433753967285,0.8367520272731781,11.746481435045098,0.6642019417650193,0.4979735750153394,0.16475204611197114,0.2802272727272727,0.08636363636363636,0.599488338027978,0.8018645844950555,0.8156684043780114,1.4522555425221308,0.4465909090909091,plain,1,x_intent,icgp_rvo_mpc,7,22
narrow_gate,density_v4_interaction_tiers,rvo_multistep_density_v1,main,fixed,4,14551,plain_zero,low,0.02,0.04,neighbor_gaussian_v1,5579606045285653339,12.0,8.0,96.0,0.041666666666666664,24.0,x,y,2.2,1.8181818181818181,0.8805737495422363,0.8766646385192871,0,0,0,0,0,2.7765660285949707,1,0,0,0,0.710942804813385,15.6,130,0.11954283714294434,0.335728257894516,0.9886101027950644,11.456754891725723,0.7656531856473661,0.5562778488222438,0.16448134657156727,0.28807692307692306,0.20961538461538462,0.47255736623939987,0.5785692043728355,0.6267337718458669,1.2171088016068585,0.43846153846153846,plain,0,x_passive,passive_rvo_mpc,7,22
narrow_gate,density_v4_interaction_tiers,rvo_multistep_density_v1,main,fixed,4,14551,residual_candidate,low,0.02,0.04,neighbor_gaussian_v1,5579606045285653339,12.0,8.0,96.0,0.041666666666666664,24.0,x,y,2.2,1.8181818181818181,0.8805737495422363,0.8766646385192871,0,0,0,0,0,2.7765660285949707,0,0,0,0,0.8113087050073129,26.4,220,3.736760139465332,8.07188892364502,0.6439659893512726,10.464379060050305,0.8378100686989703,0.7632913037711246,0.2064565907692833,0.3265909090909091,0.03068181818181818,0.2703653298448052,0.4397196575941927,0.4488453068506945,0.781646735414957,0.6488636363636363,residual,1,x_intent,icgp_rvo_mpc,7,22
narrow_gate,density_v4_interaction_tiers,rvo_multistep_density_v1,main,fixed,4,14551,residual_zero,low,0.02,0.04,neighbor_gaussian_v1,5579606045285653339,12.0,8.0,96.0,0.041666666666666664,24.0,x,y,2.2,1.8181818181818181,0.8805737495422363,0.8766646385192871,0,0,0,0,0,2.7765660285949707,0,0,0,0,0.8171689896906469,26.4,220,3.722963333129883,8.017646789550781,0.6452805399894714,10.372875300356554,0.6222730142043226,0.5278947827912939,0.21108590940870767,0.3534090909090909,0.028409090909090908,0.33811965626416557,0.4922660113727138,0.4991927164589569,0.9250569077156875,0.5897727272727272,residual,0,x_passive,residual_passive_rvo_mpc,7,22
narrow_gate,density_v4_interaction_tiers,rvo_multistep_density_v1,main,fixed,4,14551,plain_candidate,medium,0.05,0.1,neighbor_gaussian_v1,6124711349166615317,12.0,8.0,96.0,0.041666666666666664,24.0,x,y,2.2,1.8181818181818181,0.8805737495422363,0.8766646385192871,0,0,0,0,0,2.7765660285949707,1,0,0,0,0.6519783735275269,15.479999999999999,129,0.13518531620502472,0.3562762439250946,0.9871197063475847,12.209325253636052,0.9666223483170967,0.7257746768365917,0.17252906930430742,0.19108527131782946,0.05813953488372093,0.27775541942319915,0.4260379911401313,0.4864725438486428,0.9395254136104382,0.5562015503875969,plain,1,x_intent,icgp_rvo_mpc,7,22
narrow_gate,density_v4_interaction_tiers,rvo_multistep_density_v1,main,fixed,4,14551,plain_zero,medium,0.05,0.1,neighbor_gaussian_v1,6124711349166615317,12.0,8.0,96.0,0.041666666666666664,24.0,x,y,2.2,1.8181818181818181,0.8805737495422363,0.8766646385192871,0,0,0,0,0,2.7765660285949707,1,0,0,0,0.6794494986534119,14.52,121,0.12124308943748474,0.3219665288925171,0.9884481048211455,11.344887790794019,0.8114401536591039,0.602168950767926,0.17017458660782062,0.29049586776859504,0.20867768595041322,0.4452605320847178,0.5671401751077473,0.6267603089011035,1.2007494787638497,0.4772727272727273,plain,0,x_passive,passive_rvo_mpc,7,22
narrow_gate,density_v4_interaction_tiers,rvo_multistep_density_v1,main,fixed,4,14551,residual_candidate,medium,0.05,0.1,neighbor_gaussian_v1,6124711349166615317,12.0,8.0,96.0,0.041666666666666664,24.0,x,y,2.2,1.8181818181818181,0.8805737495422363,0.8766646385192871,0,0,0,0,0,2.7765660285949707,1,0,0,0,0.6326752305030823,12.6,105,0.1382078379392624,0.3706519603729248,0.9868317237123847,10.94545508158626,0.8033351866861007,0.6008713985148019,0.2207845244334922,0.2361904761904762,0.11428571428571428,0.4785455263828131,0.6186396281623922,0.6831564409473463,0.9571046124281186,0.5119047619047619,residual,1,x_intent,icgp_rvo_mpc,7,22
narrow_gate,density_v4_interaction_tiers,rvo_multistep_density_v1,main,fixed,4,14551,residual_zero,medium,0.05,0.1,neighbor_gaussian_v1,6124711349166615317,12.0,8.0,96.0,0.041666666666666664,24.0,x,y,2.2,1.8181818181818181,0.8805737495422363,0.8766646385192871,0,0,0,0,0,2.7765660285949707,1,0,0,0,0.8243743220690556,17.64,147,0.13155651092529297,0.3688804507255554,0.9874654542654753,13.335009014059324,0.9844378751629748,0.7649134750108589,0.20784506777009995,0.28503401360544217,0.20068027210884354,0.48392299265956895,0.5836532547629862,0.6257161789230357,1.0039617075429152,0.5051020408163265,residual,0,x_passive,residual_passive_rvo_mpc,7,22
narrow_gate,density_v4_interaction_tiers,rvo_multistep_density_v1,main,fixed,4,14551,plain_candidate,high,0.1,0.2,neighbor_gaussian_v1,6552656264807999338,12.0,8.0,96.0,0.041666666666666664,24.0,x,y,2.2,1.8181818181818181,0.8805737495422363,0.8766646385192871,0,0,0,0,0,2.7765660285949707,0,0,0,0,0.6447391510009766,26.4,220,1.739795207977295,6.83345890045166,0.8342344164848328,10.978412506918175,0.5924283083017641,0.5033100943186913,0.16577636316386898,0.29363636363636364,0.10454545454545454,0.5433166033486712,0.7310109993771202,0.7513525058764261,1.4338081320543175,0.4340909090909091,plain,1,x_intent,icgp_rvo_mpc,7,22
narrow_gate,density_v4_interaction_tiers,rvo_multistep_density_v1,main,fixed,4,14551,plain_zero,high,0.1,0.2,neighbor_gaussian_v1,6552656264807999338,12.0,8.0,96.0,0.041666666666666664,24.0,x,y,2.2,1.8181818181818181,0.8805737495422363,0.8766646385192871,0,0,0,0,0,2.7765660285949707,1,0,0,0,0.6689924001693726,15.0,125,0.11486004292964935,0.2967202663421631,0.9890562733635306,11.608479218251887,0.9970898795009125,0.8043737108688801,0.1570462005911395,0.3376,0.278,0.3017785421992465,0.4134757808574014,0.48246663998862355,1.023297358248204,0.6,plain,0,x_passive,passive_rvo_mpc,7,22
narrow_gate,density_v4_interaction_tiers,rvo_multistep_density_v1,main,fixed,4,14551,residual_candidate,high,0.1,0.2,neighbor_gaussian_v1,6552656264807999338,12.0,8.0,96.0,0.041666666666666664,24.0,x,y,2.2,1.8181818181818181,0.8805737495422363,0.8766646385192871,0,0,0,0,0,2.7765660285949707,0,0,0,0,0.6737924814224243,26.4,220,1.7567905187606812,6.849644660949707,0.8326151221990585,11.263939270287437,0.7062335321622165,0.6043072895316238,0.20653613689567216,0.2797727272727273,0.13068181818181818,0.882780077673376,1.0438745289830476,1.1157931591518344,1.4572936175960045,0.4238636363636364,residual,1,x_intent,icgp_rvo_mpc,7,22
narrow_gate,density_v4_interaction_tiers,rvo_multistep_density_v1,main,fixed,4,14551,residual_zero,high,0.1,0.2,neighbor_gaussian_v1,6552656264807999338,12.0,8.0,96.0,0.041666666666666664,24.0,x,y,2.2,1.8181818181818181,0.8805737495422363,0.8766646385192871,0,0,0,0,0,2.7765660285949707,1,0,0,0,0.7761722207069397,21.48,179,0.12217266857624054,0.3303297162055969,0.988359535112977,12.972439392091474,0.9837510029043268,0.7937813310637826,0.20808128514210042,0.22094972067039106,0.10335195530726257,0.5764870281568975,0.6940125847460149,0.7166025904115119,1.058648187682748,0.5111731843575419,residual,0,x_passive,residual_passive_rvo_mpc,7,22
narrow_gate,density_v4_interaction_tiers,rvo_multistep_density_v1,main,fixed,8,18551,plain_candidate,clean,0.0,0.0,neighbor_gaussian_v1,4975295963940735530,12.0,8.0,96.0,0.08333333333333333,12.0,x,y,2.2,3.6363636363636362,0.7887334823608398,0.8322639465332031,0,0,0,0,0,0.7434477806091309,0,0,0,0,0.6402989625930786,26.4,220,3.1916003227233887,8.036255836486816,0.6931538283824921,11.762675156281972,0.7573984385214069,0.7604057148776271,0.08912159104180649,0.5773863636363636,0.25170454545454546,-0.07645617475548444,0.10652574716640187,0.12310229037292024,0.40059268177513085,0.7948863636363637,plain,1,x_intent,icgp_rvo_mpc,7,22
narrow_gate,density_v4_interaction_tiers,rvo_multistep_density_v1,main,fixed,8,18551,plain_zero,clean,0.0,0.0,neighbor_gaussian_v1,4975295963940735530,12.0,8.0,96.0,0.08333333333333333,12.0,x,y,2.2,3.6363636363636362,0.7887334823608398,0.8322639465332031,0,0,0,0,0,0.7434477806091309,0,0,0,0,0.5998775362968445,26.4,220,1.428490400314331,5.392984867095947,0.8626623749732971,13.757966474706336,0.8809846485880288,0.7612427448684519,0.08492545424484309,0.5652272727272727,0.35852272727272727,-0.05174396823994178,0.0768681026474965,0.08740490565909807,0.5955389122267908,0.7784090909090909,plain,0,x_passive,passive_rvo_mpc,7,22
narrow_gate,density_v4_interaction_tiers,rvo_multistep_density_v1,main,fixed,8,18551,residual_candidate,clean,0.0,0.0,neighbor_gaussian_v1,4975295963940735530,12.0,8.0,96.0,0.08333333333333333,12.0,x,y,2.2,3.6363636363636362,0.7887334823608398,0.8322639465332031,0,0,0,0,0,0.7434477806091309,0,0,0,0,0.6124377846717834,26.4,220,0.8580546379089355,3.031236410140991,0.9175050929188728,13.600991149704896,0.7908541251312603,0.7428847942162644,0.11266147749583152,0.5257954545454545,0.32045454545454544,-0.046538905430011615,0.12671916499722494,0.13821315364752168,0.5955912291381218,0.7232954545454545,residual,1,x_intent,icgp_rvo_mpc,7,22
narrow_gate,density_v4_interaction_tiers,rvo_multistep_density_v1,main,fixed,8,18551,residual_zero,clean,0.0,0.0,neighbor_gaussian_v1,4975295963940735530,12.0,8.0,96.0,0.08333333333333333,12.0,x,y,2.2,3.6363636363636362,0.7887334823608398,0.8322639465332031,0,0,0,0,0,0.7434477806091309,0,0,0,0,0.6482625007629395,26.4,220,0.7671027183532715,2.1793553829193115,0.9262493699789047,13.228981124349957,0.7838021512397311,0.6900490248406476,0.10989312494612849,0.55625,0.32045454545454544,-0.065102597215559,0.06951352318952576,0.07518238125097279,0.5349122304864162,0.725,residual,0,x_passive,residual_passive_rvo_mpc,7,22
narrow_gate,density_v4_interaction_tiers,rvo_multistep_density_v1,main,fixed,8,18551,plain_candidate,low,0.02,0.04,neighbor_gaussian_v1,709325903291630382,12.0,8.0,96.0,0.08333333333333333,12.0,x,y,2.2,3.6363636363636362,0.7887334823608398,0.8322639465332031,0,0,0,0,0,0.7434477806091309,0,0,0,0,0.6027259826660156,26.4,220,1.5454447269439697,7.8815531730651855,0.8514181822538376,13.433955014827006,0.9670425941320983,0.8910565288906748,0.0890136362696384,0.5789772727272727,0.3170454545454545,-0.1128582612509396,0.06577093740628713,0.07398416519431202,0.3776849545963212,0.821590909090909,plain,1,x_intent,icgp_rvo_mpc,7,22
narrow_gate,density_v4_interaction_tiers,rvo_multistep_density_v1,main,fixed,8,18551,plain_zero,low,0.02,0.04,neighbor_gaussian_v1,709325903291630382,12.0,8.0,96.0,0.08333333333333333,12.0,x,y,2.2,3.6363636363636362,0.7887334823608398,0.8322639465332031,0,0,0,0,0,0.7434477806091309,0,0,0,0,0.675970196723938,26.4,220,1.5823510885238647,7.622797012329102,0.8478699326515198,13.041962587049966,0.8365785854445262,0.7748901573094454,0.08873386366097046,0.5668181818181818,0.3784090909090909,-0.08065114801962604,0.050248901346613806,0.06057598186614507,0.508018977933044,0.7136363636363636,plain,0,x_passive,passive_rvo_mpc,7,22
narrow_gate,density_v4_interaction_tiers,rvo_multistep_density_v1,main,fixed,8,18551,residual_candidate,low,0.02,0.04,neighbor_gaussian_v1,709325903291630382,12.0,8.0,96.0,0.08333333333333333,12.0,x,y,2.2,3.6363636363636362,0.7887334823608398,0.8322639465332031,0,0,0,0,0,0.7434477806091309,0,0,0,0,0.6322161555290222,26.4,220,1.1153119802474976,5.272473335266113,0.8927719071507454,13.51016356323089,0.900905362313444,0.8511571416123347,0.10745903405636041,0.5793181818181818,0.3386363636363636,-0.10092460512846117,0.07193148556098153,0.07672165661803479,0.6034930689509952,0.7085227272727272,residual,1,x_intent,icgp_rvo_mpc,7,22
narrow_gate,density_v4_interaction_tiers,rvo_multistep_density_v1,main,fixed,8,18551,residual_zero,low,0.02,0.04,neighbor_gaussian_v1,709325903291630382,12.0,8.0,96.0,0.08333333333333333,12.0,x,y,2.2,3.6363636363636362,0.7887334823608398,0.8322639465332031,0,0,0,0,0,0.7434477806091309,0,0,0,0,0.7265734076499939,26.4,220,2.1174869537353516,7.182625770568848,0.7964210212230682,11.860351334887127,0.8181228756904602,0.7627985910597173,0.12135840922631112,0.59125,0.3301136363636364,-0.06753078538346846,0.07457264980881223,0.07660567972121657,0.5395218607369694,0.7301136363636364,residual,0,x_passive,residual_passive_rvo_mpc,7,22
narrow_gate,density_v4_interaction_tiers,rvo_multistep_density_v1,main,fixed,8,18551,plain_candidate,medium,0.05,0.1,neighbor_gaussian_v1,16508460707430207641,12.0,8.0,96.0,0.08333333333333333,12.0,x,y,2.2,3.6363636363636362,0.7887334823608398,0.8322639465332031,0,0,0,0,0,0.7434477806091309,0,0,0,0,0.6675021052360535,26.4,220,1.170414924621582,5.5247015953063965,0.8874742165207863,13.75012387964307,1.062529914622957,1.0395152132619512,0.08407113600696903,0.4771590909090909,0.26136363636363635,-0.013964877966725865,0.1568150723240822,0.17145003027319566,0.535843200624872,0.7710227272727272,plain,1,x_intent,icgp_rvo_mpc,7,22
narrow_gate,density_v4_interaction_tiers,rvo_multistep_density_v1,main,fixed,8,18551,plain_zero,medium,0.05,0.1,neighbor_gaussian_v1,16508460707430207641,12.0,8.0,96.0,0.08333333333333333,12.0,x,y,2.2,3.6363636363636362,0.7887334823608398,0.8322639465332031,0,0,0,0,0,0.7434477806091309,0,0,0,0,0.6129879951477051,26.4,220,1.7699501514434814,5.356310844421387,0.8298338204622269,12.677353310657054,0.8943555865775455,0.8636953191662377,0.08454488643937194,0.5714772727272728,0.3789772727272727,-0.06463734012962549,0.06600436930910313,0.07227272459249033,0.5932372324663977,0.7227272727272728,plain,0,x_passive,passive_rvo_mpc,7,22
narrow_gate,density_v4_interaction_tiers,rvo_multistep_density_v1,main,fixed,8,18551,residual_candidate,medium,0.05,0.1,neighbor_gaussian_v1,16508460707430207641,12.0,8.0,96.0,0.08333333333333333,12.0,x,y,2.2,3.6363636363636362,0.7887334823608398,0.8322639465332031,0,0,0,0,0,0.7434477806091309,0,0,0,0,0.6489744782447815,26.4,220,1.6242852210998535,7.5491204261779785,0.8438383191823959,13.269674616389693,1.0393971534615214,0.9940354164351116,0.12189289779846811,0.5542045454545454,0.2818181818181818,-0.08077263119937338,0.09986263642828648,0.10634190429872102,0.5145453662971117,0.7778409090909091,residual,1,x_intent,icgp_rvo_mpc,7,22
narrow_gate,density_v4_interaction_tiers,rvo_multistep_density_v1,main,fixed,8,18551,residual_zero,medium,0.05,0.1,neighbor_gaussian_v1,16508460707430207641,12.0,8.0,96.0,0.08333333333333333,12.0,x,y,2.2,3.6363636363636362,0.7887334823608398,0.8322639465332031,0,0,0,0,0,0.7434477806091309,0,0,0,0,0.6428349018096924,26.4,220,1.6396862268447876,7.282330513000488,0.8423576354980469,12.990538270781599,0.9800245820121332,0.9317669143730943,0.10990778391715139,0.5411363636363636,0.26988636363636365,-0.04500768351216955,0.098517059355937,0.11936057066100911,0.5179944813856732,0.7653409090909091,residual,0,x_passive,residual_passive_rvo_mpc,7,22
narrow_gate,density_v4_interaction_tiers,rvo_multistep_density_v1,main,fixed,8,18551,plain_candidate,high,0.1,0.2,neighbor_gaussian_v1,5631399916399637028,12.0,8.0,96.0,0.08333333333333333,12.0,x,y,2.2,3.6363636363636362,0.7887334823608398,0.8322639465332031,0,0,0,0,0,0.7434477806091309,0,0,1,0,0.6375592947006226,26.4,220,1.5206314325332642,7.162227630615234,0.8538037687540054,13.233559672651154,1.2592783911323004,1.1481309559196233,0.111871306878377,0.5690909090909091,0.30056818181818185,-0.1041225125174858,0.07857489278869703,0.10651601540077171,0.41807441617274166,0.7511363636363636,plain,1,x_intent,icgp_rvo_mpc,7,22
narrow_gate,density_v4_interaction_tiers,rvo_multistep_density_v1,main,fixed,8,18551,plain_zero,high,0.1,0.2,neighbor_gaussian_v1,5631399916399637028,12.0,8.0,96.0,0.08333333333333333,12.0,x,y,2.2,3.6363636363636362,0.7887334823608398,0.8322639465332031,0,0,0,0,0,0.7434477806091309,0,0,0,0,0.6660280823707581,26.4,220,3.211024045944214,8.150016784667969,0.6912864148616791,11.59163335894209,1.0738600052215836,1.0028009460392324,0.11181539765940132,0.605,0.3221590909090909,-0.07960829838467708,0.0747963957742694,0.07706332865325508,0.5347223587180059,0.7488636363636364,plain,0,x_passive,passive_rvo_mpc,7,22
narrow_gate,density_v4_interaction_tiers,rvo_multistep_density_v1,main,fixed,8,18551,residual_candidate,high,0.1,0.2,neighbor_gaussian_v1,5631399916399637028,12.0,8.0,96.0,0.08333333333333333,12.0,x,y,2.2,3.6363636363636362,0.7887334823608398,0.8322639465332031,0,0,0,0,0,0.7434477806091309,0,0,0,0,0.647686779499054,26.4,220,0.9456039667129517,3.7356910705566406,0.9090879410505295,13.041448801922343,1.0777986510233446,1.0598099232397296,0.1343224434756187,0.5228409090909091,0.2755681818181818,-0.04312652443203487,0.13669029432309945,0.14707441668288032,0.5280633213387218,0.7471590909090909,residual,1,x_intent,icgp_rvo_mpc,7,22
narrow_gate,density_v4_interaction_tiers,rvo_multistep_density_v1,main,fixed,8,18551,residual_zero,high,0.1,0.2,neighbor_gaussian_v1,5631399916399637028,12.0,8.0,96.0,0.08333333333333333,12.0,x,y,2.2,3.6363636363636362,0.7887334823608398,0.8322639465332031,0,0,0,0,0,0.7434477806091309,0,0,0,0,0.6256117820739746,26.4,220,1.1844511032104492,6.69179105758667,0.8861247524619102,13.075911781148534,1.1493661218068816,1.0943132995204492,0.13584784054811197,0.49420454545454545,0.2534090909090909,-0.0036220850033916365,0.13318128640118632,0.16194032282029144,0.536358085625982,0.7420454545454546,residual,0,x_passive,residual_passive_rvo_mpc,7,22
merge_bottleneck,density_v4_interaction_tiers,rvo_multistep_density_v1,main,fixed,4,15064,plain_candidate,clean,0.0,0.0,neighbor_gaussian_v1,13894744188022740069,12.0,8.0,96.0,0.041666666666666664,24.0,x,y,2.2,1.8181818181818181,0.7857651710510254,0.9000000953674316,0,0,0,0,0,1.640360713005066,0,0,0,0,0.8217843770980835,26.4,220,0.8375989198684692,1.3445273637771606,0.9192616418004036,13.145268505846616,0.5337171441293859,0.4740275232243055,0.2013086365795144,0.34613636363636363,0.0875,0.09900965243618674,0.2666545394613209,0.29904181748712144,0.5705724175121731,0.6534090909090909,plain,1,x_intent,icgp_rvo_mpc,7,22
merge_bottleneck,density_v4_interaction_tiers,rvo_multistep_density_v1,main,fixed,4,15064,plain_zero,clean,0.0,0.0,neighbor_gaussian_v1,13894744188022740069,12.0,8.0,96.0,0.041666666666666664,24.0,x,y,2.2,1.8181818181818181,0.7857651710510254,0.9000000953674316,0,0,0,0,0,1.640360713005066,0,0,0,0,0.5677905082702637,26.4,220,0.5657999515533447,0.7662452459335327,0.9454610608518124,13.56952737953543,0.7068884798281942,0.6813326370447281,0.1790648867344399,0.35795454545454547,0.09886363636363636,0.08482191098650105,0.22361291721571913,0.3051368101764843,0.42057333285722737,0.7340909090909091,plain,0,x_passive,passive_rvo_mpc,7,22
merge_bottleneck,density_v4_interaction_tiers,rvo_multistep_density_v1,main,fixed,4,15064,residual_candidate,clean,0.0,0.0,neighbor_gaussian_v1,13894744188022740069,12.0,8.0,96.0,0.041666666666666664,24.0,x,y,2.2,1.8181818181818181,0.7857651710510254,0.9000000953674316,0,0,0,0,0,1.640360713005066,0,0,0,0,0.669209897518158,26.4,220,0.7537528276443481,1.0945698022842407,0.9273437857627869,13.77488535293378,0.6424990077094,0.5111818251538683,0.2249419323396234,0.39704545454545453,0.1215909090909091,0.05932510785253424,0.21132503680233194,0.23510340147423417,0.5087745341686183,0.7204545454545455,residual,1,x_intent,icgp_rvo_mpc,7,22
merge_bottleneck,density_v4_interaction_tiers,rvo_multistep_density_v1,main,fixed,4,15064,residual_zero,clean,0.0,0.0,neighbor_gaussian_v1,13894744188022740069,12.0,8.0,96.0,0.041666666666666664,24.0,x,y,2.2,1.8181818181818181,0.7857651710510254,0.9000000953674316,0,0,0,0,0,1.640360713005066,0,0,0,0,0.8400347276357942,26.4,220,0.6215918660163879,0.9422785043716431,0.9400831311941147,14.140518894630077,0.6016293536607091,0.528202515282266,0.23382102259678172,0.35409090909090907,0.07272727272727272,0.09577274116252642,0.2288379368060612,0.2515078328830872,0.5505685985595308,0.7465909090909091,residual,0,x_passive,residual_passive_rvo_mpc,7,22
merge_bottleneck,density_v4_interaction_tiers,rvo_multistep_density_v1,main,fixed,4,15064,plain_candidate,low,0.02,0.04,neighbor_gaussian_v1,12548591003430512196,12.0,8.0,96.0,0.041666666666666664,24.0,x,y,2.2,1.8181818181818181,0.7857651710510254,0.9000000953674316,0,0,0,0,0,1.640360713005066,0,0,0,0,0.7942201495170593,26.4,220,0.567764401435852,1.0098166465759277,0.9452717006206512,13.36714831298741,0.8244811522704285,0.803470933238383,0.16485727279690432,0.375,0.10568181818181818,0.09401988976548052,0.24682593860946472,0.29797724492707595,0.4992565727970562,0.696590909090909,plain,1,x_intent,icgp_rvo_mpc,7,22
merge_bottleneck,density_v4_interaction_tiers,rvo_multistep_density_v1,main,fixed,4,15064,plain_zero,low,0.02,0.04,neighbor_gaussian_v1,12548591003430512196,12.0,8.0,96.0,0.041666666666666664,24.0,x,y,2.2,1.8181818181818181,0.7857651710510254,0.9000000953674316,0,0,0,0,0,1.640360713005066,0,0,0,0,0.7659447193145752,26.4,220,1.0092136859893799,2.7962002754211426,0.9027192443609238,12.717625596254948,0.662806306658736,0.6772182425230064,0.16610659103290262,0.3509090909090909,0.0715909090909091,0.13196669337688663,0.2758597674842382,0.32219241418741634,0.4671755410119321,0.759090909090909,plain,0,x_passive,passive_rvo_mpc,7,22
merge_bottleneck,density_v4_interaction_tiers,rvo_multistep_density_v1,main,fixed,4,15064,residual_candidate,low,0.02,0.04,neighbor_gaussian_v1,12548591003430512196,12.0,8.0,96.0,0.041666666666666664,24.0,x,y,2.2,1.8181818181818181,0.7857651710510254,0.9000000953674316,0,0,0,0,0,1.640360713005066,0,0,0,0,0.8400240376062644,26.4,220,0.5801196098327637,0.7333567142486572,0.9440807513892651,13.699367353518028,0.6029469179870375,0.5629976137649713,0.22246181873594073,0.3715909090909091,0.08409090909090909,0.07565203922634733,0.22955298221179934,0.2472047870193106,0.5244837157563994,0.7613636363636364,residual,1,x_intent,icgp_rvo_mpc,7,22
merge_bottleneck,density_v4_interaction_tiers,rvo_multistep_density_v1,main,fixed,4,15064,residual_zero,low,0.02,0.04,neighbor_gaussian_v1,12548591003430512196,12.0,8.0,96.0,0.041666666666666664,24.0,x,y,2.2,1.8181818181818181,0.7857651710510254,0.9000000953674316,0,0,0,0,0,1.640360713005066,0,0,0,0,0.8400465200956058,26.4,220,0.6273627281188965,0.704883873462677,0.9395268633961678,13.24207163985659,0.5636802986428269,0.5643087137596343,0.21106568138665435,0.3190909090909091,0.056818181818181816,0.10932326510760536,0.2433294321830757,0.2603652473705516,0.5262418351868904,0.7829545454545455,residual,0,x_passive,residual_passive_rvo_mpc,7,22
merge_bottleneck,density_v4_interaction_tiers,rvo_multistep_density_v1,main,fixed,4,15064,plain_candidate,medium,0.05,0.1,neighbor_gaussian_v1,14045032992687216395,12.0,8.0,96.0,0.041666666666666664,24.0,x,y,2.2,1.8181818181818181,0.7857651710510254,0.9000000953674316,0,0,0,0,0,1.640360713005066,0,0,0,0,0.677276074886322,26.4,220,0.7037326693534851,0.8812693953514099,0.9321653619408607,13.485786844801623,0.8159345848541886,0.7938443057577719,0.1930562500836624,0.34545454545454546,0.09772727272727273,0.10221857858552634,0.2613771917371166,0.2891949364649557,0.5463027276269535,0.7022727272727273,plain,1,x_intent,icgp_rvo_mpc,7,22
merge_bottleneck,density_v4_interaction_tiers,rvo_multistep_density_v1,main,fixed,4,15064,plain_zero,medium,0.05,0.1,neighbor_gaussian_v1,14045032992687216395,12.0,8.0,96.0,0.041666666666666664,24.0,x,y,2.2,1.8181818181818181,0.7857651710510254,0.9000000953674316,0,0,0,0,0,1.640360713005066,0,0,0,0,0.840007455732167,26.4,220,1.0138574838638306,2.5931503772735596,0.9022716209292412,13.097082183798193,0.7135080045956949,0.7095428813079542,0.19297227322981184,0.3990909090909091,0.10113636363636364,0.09545229360315945,0.23860483017147294,0.2561785712498497,0.5034474939049887,0.8022727272727272,plain,0,x_passive,passive_rvo_mpc,7,22
merge_bottleneck,density_v4_interaction_tiers,rvo_multistep_density_v1,main,fixed,4,15064,residual_candidate,medium,0.05,0.1,neighbor_gaussian_v1,14045032992687216395,12.0,8.0,96.0,0.041666666666666664,24.0,x,y,2.2,1.8181818181818181,0.7857651710510254,0.9000000953674316,0,0,0,0,0,1.640360713005066,0,0,0,0,0.8157839179039001,26.4,220,1.0972061157226562,2.595950126647949,0.8942374289035797,13.39352144303848,0.6548681543589654,0.6350465375337411,0.22666420468753626,0.3381818181818182,0.05227272727272727,0.09001262655220574,0.23171563843380122,0.26668253023461663,0.4841297452954574,0.7761363636363636,residual,1,x_intent,icgp_rvo_mpc,7,22
merge_bottleneck,density_v4_interaction_tiers,rvo_multistep_density_v1,main,fixed,4,15064,residual_zero,medium,0.05,0.1,neighbor_gaussian_v1,14045032992687216395,12.0,8.0,96.0,0.041666666666666664,24.0,x,y,2.2,1.8181818181818181,0.7857651710510254,0.9000000953674316,0,0,0,0,0,1.640360713005066,0,0,0,0,0.8374054814222962,26.4,220,0.5702484846115112,0.8261255025863647,0.9450322538614273,13.979793198683183,0.6528291843895039,0.6448754287409512,0.23456193157471716,0.3390909090909091,0.07613636363636364,0.09676670159200203,0.23232684772216478,0.2527864921508731,0.5307286652690981,0.7795454545454545,residual,0,x_passive,residual_passive_rvo_mpc,7,22
merge_bottleneck,density_v4_interaction_tiers,rvo_multistep_density_v1,main,fixed,4,15064,plain_candidate,high,0.1,0.2,neighbor_gaussian_v1,3400691284663171227,12.0,8.0,96.0,0.041666666666666664,24.0,x,y,2.2,1.8181818181818181,0.7857651710510254,0.9000000953674316,0,0,0,0,0,1.640360713005066,0,0,0,0,0.7052925229072571,26.4,220,0.7456143498420715,1.6308972835540771,0.9281282797455788,13.551319806621905,0.8706218312400035,0.7763256583137924,0.16219250081286934,0.36886363636363634,0.075,0.08132404544021919,0.24704137684515987,0.3060214772100075,0.48960075557693444,0.6727272727272727,plain,1,x_intent,icgp_rvo_mpc,7,22
merge_bottleneck,density_v4_interaction_tiers,rvo_multistep_density_v1,main,fixed,4,15064,plain_zero,high,0.1,0.2,neighbor_gaussian_v1,3400691284663171227,12.0,8.0,96.0,0.041666666666666664,24.0,x,y,2.2,1.8181818181818181,0.7857651710510254,0.9000000953674316,0,0,0,0,0,1.640360713005066,0,0,0,0,0.8163866996765137,26.4,220,0.6064224243164062,0.8480463027954102,0.9415453523397446,14.438753510301467,0.9801605949347669,0.8834209067069672,0.16609738635121507,0.39181818181818184,0.10113636363636364,0.09559340472455351,0.23647030081761958,0.25785938760308946,0.4779259168570957,0.7784090909090909,plain,0,x_passive,passive_rvo_mpc,7,22
merge_bottleneck,density_v4_interaction_tiers,rvo_multistep_density_v1,main,fixed,4,15064,residual_candidate,high,0.1,0.2,neighbor_gaussian_v1,3400691284663171227,12.0,8.0,96.0,0.041666666666666664,24.0,x,y,2.2,1.8181818181818181,0.7857651710510254,0.9000000953674316,0,0,0,0,0,1.640360713005066,0,0,0,0,0.8386385383511168,26.4,220,0.7681365013122559,0.9519976377487183,0.9259573072195053,14.072395938266709,0.9372455951683647,0.8884000844745473,0.21133806823689322,0.3577272727272727,0.09772727272727273,0.0835448218354259,0.2272240336691424,0.2508945650720771,0.477352720900996,0.7534090909090909,residual,1,x_intent,icgp_rvo_mpc,7,22
merge_bottleneck,density_v4_interaction_tiers,rvo_multistep_density_v1,main,fixed,4,15064,residual_zero,high,0.1,0.2,neighbor_gaussian_v1,3400691284663171227,12.0,8.0,96.0,0.041666666666666664,24.0,x,y,2.2,1.8181818181818181,0.7857651710510254,0.9000000953674316,0,0,0,0,0,1.640360713005066,0,0,0,0,0.8400433455216585,26.4,220,0.5557585954666138,0.77784264087677,0.9464289732277393,13.756712891161442,0.9004865281992931,0.8716602549972859,0.24352704481729728,0.33636363636363636,0.075,0.10874497891421143,0.23884557527472283,0.25841693703321506,0.51492559504463,0.7647727272727273,residual,0,x_passive,residual_passive_rvo_mpc,7,22
merge_bottleneck,density_v4_interaction_tiers,rvo_multistep_density_v1,main,fixed,8,19064,plain_candidate,clean,0.0,0.0,neighbor_gaussian_v1,13075573116487847273,12.0,8.0,96.0,0.08333333333333333,12.0,x,y,2.2,3.6363636363636362,0.778480052947998,0.9000000953674316,0,0,0,0,0,0.7080137133598328,0,0,0,0,0.6586247086524963,26.4,220,2.7878360748291016,6.930342197418213,0.7308833003044128,11.39778632225216,0.9151979140260003,0.9640776857395064,0.136053409137689,0.6139772727272728,0.2767045454545455,-0.13793963018590652,0.0345920202061759,0.03621679554543253,0.3724327171961553,0.8625,plain,1,x_intent,icgp_rvo_mpc,7,22
merge_bottleneck,density_v4_interaction_tiers,rvo_multistep_density_v1,main,fixed,8,19064,plain_zero,clean,0.0,0.0,neighbor_gaussian_v1,13075573116487847273,12.0,8.0,96.0,0.08333333333333333,12.0,x,y,2.2,3.6363636363636362,0.778480052947998,0.9000000953674316,0,0,0,0,0,0.7080137133598328,0,0,0,0,0.6278993487358093,26.4,220,3.045289993286133,6.940321922302246,0.7060306370258331,11.317716861150984,0.9386040231043642,0.9453658459877426,0.12682818179944827,0.5785227272727272,0.25625,-0.12233024583528462,0.0333354105302301,0.03875862772929557,0.3541612447072224,0.85,plain,0,x_passive,passive_rvo_mpc,7,22
merge_bottleneck,density_v4_interaction_tiers,rvo_multistep_density_v1,main,fixed,8,19064,residual_candidate,clean,0.0,0.0,neighbor_gaussian_v1,13075573116487847273,12.0,8.0,96.0,0.08333333333333333,12.0,x,y,2.2,3.6363636363636362,0.778480052947998,0.9000000953674316,0,0,0,0,0,0.7080137133598328,0,0,0,0,0.5772888660430908,26.4,220,2.311448574066162,6.5030975341796875,0.7768701612949371,14.080426764374806,0.9118271241133863,0.9166314341805198,0.15535159059667916,0.5023863636363637,0.2034090909090909,-0.06752845827577168,0.10003101659607094,0.10724108691419004,0.37129208457280977,0.8863636363636364,residual,1,x_intent,icgp_rvo_mpc,7,22
merge_bottleneck,density_v4_interaction_tiers,rvo_multistep_density_v1,main,fixed,8,19064,residual_zero,clean,0.0,0.0,neighbor_gaussian_v1,13075573116487847273,12.0,8.0,96.0,0.08333333333333333,12.0,x,y,2.2,3.6363636363636362,0.778480052947998,0.9000000953674316,0,0,0,0,0,0.7080137133598328,0,0,0,0,0.6075284481048584,26.4,220,3.090726375579834,6.826155185699463,0.7016445696353912,11.625619028761776,0.8735163010487502,0.8791877735406161,0.1490335231210338,0.6001136363636363,0.25738636363636364,-0.09188812840796874,0.0637676404664125,0.07140767283503999,0.3247962254379383,0.8568181818181818,residual,0,x_passive,residual_passive_rvo_mpc,7,22
merge_bottleneck,density_v4_interaction_tiers,rvo_multistep_density_v1,main,fixed,8,19064,plain_candidate,low,0.02,0.04,neighbor_gaussian_v1,9137537863338607406,12.0,8.0,96.0,0.08333333333333333,12.0,x,y,2.2,3.6363636363636362,0.778480052947998,0.9000000953674316,0,0,0,0,0,0.7080137133598328,0,0,0,0,0.5627651214599609,26.4,220,3.1260275840759277,6.942719459533691,0.6982368528842926,10.991243938131674,0.9310221003368497,0.9809324843301015,0.11743999996476552,0.6452272727272728,0.2948863636363636,-0.14600665319175515,0.031780363809198575,0.04292788622753502,0.33561261753579535,0.8494318181818182,plain,1,x_intent,icgp_rvo_mpc,7,22
merge_bottleneck,density_v4_interaction_tiers,rvo_multistep_density_v1,main,fixed,8,19064,plain_zero,low,0.02,0.04,neighbor_gaussian_v1,9137537863338607406,12.0,8.0,96.0,0.08333333333333333,12.0,x,y,2.2,3.6363636363636362,0.778480052947998,0.9000000953674316,0,0,0,0,0,0.7080137133598328,0,0,0,0,0.6027836203575134,26.4,220,1.815911054611206,6.517275333404541,0.8247056305408478,13.244488695467226,1.031390187076547,1.0556082220240073,0.14777454525756184,0.5930681818181818,0.32329545454545455,-0.10969577585882175,0.030220442988659987,0.03742863391475665,0.4338874647987773,0.8539772727272728,plain,0,x_passive,passive_rvo_mpc,7,22
merge_bottleneck,density_v4_interaction_tiers,rvo_multistep_density_v1,main,fixed,8,19064,residual_candidate,low,0.02,0.04,neighbor_gaussian_v1,9137537863338607406,12.0,8.0,96.0,0.08333333333333333,12.0,x,y,2.2,3.6363636363636362,0.778480052947998,0.9000000953674316,0,0,0,0,0,0.7080137133598328,0,0,0,0,0.5646405816078186,26.4,220,2.9816770553588867,6.892373561859131,0.712171345949173,11.686872303475866,0.8752470157363198,0.8736401889811862,0.12887835248627447,0.6046590909090909,0.25,-0.13171514079849064,0.05892210838223618,0.06445780476139924,0.3291633052055186,0.8488636363636364,residual,1,x_intent,icgp_rvo_mpc,7,22
merge_bottleneck,density_v4_interaction_tiers,rvo_multistep_density_v1,main,fixed,8,19064,residual_zero,low,0.02,0.04,neighbor_gaussian_v1,9137537863338607406,12.0,8.0,96.0,0.08333333333333333,12.0,x,y,2.2,3.6363636363636362,0.778480052947998,0.9000000953674316,0,0,0,0,0,0.7080137133598328,0,0,0,0,0.6388734579086304,26.4,220,2.976962089538574,6.869739055633545,0.7126265168190002,11.094886569856385,0.8549594876102425,0.9063341104848819,0.13342704534641764,0.5754545454545454,0.25738636363636364,-0.0935190017361008,0.048450819054610024,0.049310881770292136,0.34815634298641535,0.8715909090909091,residual,0,x_passive,residual_passive_rvo_mpc,7,22
merge_bottleneck,density_v4_interaction_tiers,rvo_multistep_density_v1,main,fixed,8,19064,plain_candidate,medium,0.05,0.1,neighbor_gaussian_v1,2315646729919703052,12.0,8.0,96.0,0.08333333333333333,12.0,x,y,2.2,3.6363636363636362,0.778480052947998,0.9000000953674316,0,0,0,0,0,0.7080137133598328,0,0,0,0,0.597721517086029,26.4,220,3.2131524085998535,6.9024763107299805,0.6898264586925507,10.871817863788237,0.9882292298430746,1.0279311373152515,0.11719534092910842,0.5756818181818182,0.23238636363636364,-0.12669377485064262,0.047289806391429434,0.052828095928236105,0.3786961508922676,0.85625,plain,1,x_intent,icgp_rvo_mpc,7,22
merge_bottleneck,density_v4_interaction_tiers,rvo_multistep_density_v1,main,fixed,8,19064,plain_zero,medium,0.05,0.1,neighbor_gaussian_v1,2315646729919703052,12.0,8.0,96.0,0.08333333333333333,12.0,x,y,2.2,3.6363636363636362,0.778480052947998,0.9000000953674316,0,0,0,0,0,0.7080137133598328,0,0,1,0,0.5035993456840515,26.4,220,2.264373302459717,6.503124713897705,0.7814144641160965,12.286747304522578,1.1981317263435234,1.169884426417676,0.10933517074921507,0.65125,0.36875,-0.14898731976342414,-0.0029351639198100577,0.0009631306042256129,0.36610714679728745,0.8460227272727273,plain,0,x_passive,passive_rvo_mpc,7,22
merge_bottleneck,density_v4_interaction_tiers,rvo_multistep_density_v1,main,fixed,8,19064,residual_candidate,medium,0.05,0.1,neighbor_gaussian_v1,2315646729919703052,12.0,8.0,96.0,0.08333333333333333,12.0,x,y,2.2,3.6363636363636362,0.778480052947998,0.9000000953674316,0,0,0,0,0,0.7080137133598328,0,0,0,0,0.6736965775489807,26.4,220,2.308180809020996,6.542618274688721,0.7771856188774109,12.216181080043498,1.106291136551987,1.1025677807629108,0.12096596613198264,0.5485227272727272,0.24034090909090908,-0.08554192000608969,0.08385597726434503,0.08977462542601643,0.3829561652335798,0.8272727272727273,residual,1,x_intent,icgp_rvo_mpc,7,22
merge_bottleneck,density_v4_interaction_tiers,rvo_multistep_density_v1,main,fixed,8,19064,residual_zero,medium,0.05,0.1,neighbor_gaussian_v1,2315646729919703052,12.0,8.0,96.0,0.08333333333333333,12.0,x,y,2.2,3.6363636363636362,0.778480052947998,0.9000000953674316,0,0,0,0,0,0.7080137133598328,0,0,0,0,0.610496997833252,26.4,220,2.353804111480713,6.548838138580322,0.7727814763784409,11.685767893120556,1.0084146011959423,1.0413625602695076,0.11971670445001853,0.5675,0.2346590909090909,-0.08915979414569582,0.05847372170993392,0.06425500022087927,0.3326659180793451,0.8534090909090909,residual,0,x_passive,residual_passive_rvo_mpc,7,22
merge_bottleneck,density_v4_interaction_tiers,rvo_multistep_density_v1,main,fixed,8,19064,plain_candidate,high,0.1,0.2,neighbor_gaussian_v1,4888536163827984305,12.0,8.0,96.0,0.08333333333333333,12.0,x,y,2.2,3.6363636363636362,0.778480052947998,0.9000000953674316,0,0,0,0,0,0.7080137133598328,0,0,1,0,0.4858708083629608,26.4,220,3.133665084838867,6.985522747039795,0.6974995732307434,11.683308534346907,1.262952316958796,1.2287312037565492,0.090586931599484,0.6725,0.33238636363636365,-0.16357525803161688,0.015883277623673576,0.025630901829417078,0.3269017104093714,0.8693181818181818,plain,1,x_intent,icgp_rvo_mpc,7,22
merge_bottleneck,density_v4_interaction_tiers,rvo_multistep_density_v1,main,fixed,8,19064,plain_zero,high,0.1,0.2,neighbor_gaussian_v1,4888536163827984305,12.0,8.0,96.0,0.08333333333333333,12.0,x,y,2.2,3.6363636363636362,0.778480052947998,0.9000000953674316,0,0,0,0,0,0.7080137133598328,0,0,0,0,0.5996124744415283,26.4,220,2.4027655124664307,6.511937618255615,0.7680551260709763,12.372535788069854,1.377995593574914,1.300554739887064,0.0911060793110995,0.5851136363636363,0.3090909090909091,-0.11103635617225152,0.03758124279719551,0.04472866955491608,0.3717955812163229,0.8392045454545455,plain,0,x_passive,passive_rvo_mpc,7,22
merge_bottleneck,density_v4_interaction_tiers,rvo_multistep_density_v1,main,fixed,8,19064,residual_candidate,high,0.1,0.2,neighbor_gaussian_v1,4888536163827984305,12.0,8.0,96.0,0.08333333333333333,12.0,x,y,2.2,3.6363636363636362,0.778480052947998,0.9000000953674316,0,0,0,0,0,0.7080137133598328,0,0,0,0,0.6666463017463684,26.4,220,3.0552866458892822,6.893815040588379,0.7050656378269196,12.05684975064031,1.2065844646231694,1.1665489968928424,0.12342965925530404,0.5814772727272727,0.22670454545454546,-0.1100916142230833,0.07072404486455303,0.07801128379228042,0.31987825921989305,0.8380681818181818,residual,1,x_intent,icgp_rvo_mpc,7,22
merge_bottleneck,density_v4_interaction_tiers,rvo_multistep_density_v1,main,fixed,8,19064,residual_zero,high,0.1,0.2,neighbor_gaussian_v1,4888536163827984305,12.0,8.0,96.0,0.08333333333333333,12.0,x,y,2.2,3.6363636363636362,0.778480052947998,0.9000000953674316,0,0,0,0,0,0.7080137133598328,0,0,0,0,0.5450007915496826,26.4,220,3.209425449371338,6.905276775360107,0.6901862323284149,11.61425612394305,1.1546856934374028,1.1345975026488304,0.13097761346381792,0.5923863636363637,0.2551136363636364,-0.09978476494476603,0.04835457731958182,0.0515004364730151,0.3583804307379058,0.8636363636363636,residual,0,x_passive,residual_passive_rvo_mpc,7,22
four_way_stop,density_v4_interaction_tiers,rvo_multistep_density_v1,main,fixed,4,14799,plain_candidate,clean,0.0,0.0,neighbor_gaussian_v1,4656754785992321071,11.0,11.0,121.0,0.03305785123966942,30.25,x,y,11.0,0.36363636363636365,0.6584157943725586,0.6587686538696289,0,0,0,0,0,6.736655235290527,1,0,0,0,1.0996453762054443,12.36,103,0.12367241084575653,0.2772838771343231,0.987156854942441,10.80506378505379,0.9310011430779128,0.5397388990796578,0.4110075239526126,0.17135922330097086,0.13592233009708737,0.8593566989875172,0.9976274594896047,1.0602818343622014,2.537987496546172,0.42961165048543687,plain,1,x_intent,icgp_rvo_mpc,7,22
four_way_stop,density_v4_interaction_tiers,rvo_multistep_density_v1,main,fixed,4,14799,plain_zero,clean,0.0,0.0,neighbor_gaussian_v1,4656754785992321071,11.0,11.0,121.0,0.03305785123966942,30.25,x,y,11.0,0.36363636363636365,0.6584157943725586,0.6587686538696289,0,0,0,0,0,6.736655235290527,1,0,0,0,1.0647019147872925,13.2,110,0.09865032136440277,0.2972647249698639,0.9897553510963917,10.720980218437035,0.897123504681936,0.5298365240755659,0.27262090999019245,0.16272727272727272,0.1318181818181818,0.9628482894480905,1.0425318712300875,1.0955629712918944,2.6448477317257364,0.4090909090909091,plain,0,x_passive,passive_rvo_mpc,7,22
four_way_stop,density_v4_interaction_tiers,rvo_multistep_density_v1,main,fixed,4,14799,residual_candidate,clean,0.0,0.0,neighbor_gaussian_v1,4656754785992321071,11.0,11.0,121.0,0.03305785123966942,30.25,x,y,11.0,0.36363636363636365,0.6584157943725586,0.6587686538696289,0,0,0,0,0,6.736655235290527,1,0,0,0,1.183224081993103,10.799999999999999,90,0.1396588534116745,0.2891586720943451,0.98549669329077,10.154847099911422,0.9185253158522149,0.5405847653200642,0.3027083340889981,0.07055555555555555,0.03888888888888889,0.9616052636856008,1.097758626325263,1.140721205588844,2.3696305032902294,0.4166666666666667,residual,1,x_intent,icgp_rvo_mpc,7,22
four_way_stop,density_v4_interaction_tiers,rvo_multistep_density_v1,main,fixed,4,14799,residual_zero,clean,0.0,0.0,neighbor_gaussian_v1,4656754785992321071,11.0,11.0,121.0,0.03305785123966942,30.25,x,y,11.0,0.36363636363636365,0.6584157943725586,0.6587686538696289,0,0,0,0,0,6.736655235290527,1,0,0,0,1.082517385482788,10.559999999999999,88,0.1255371868610382,0.33097273111343384,0.9869632013142109,10.177226841449738,0.8864332093666731,0.490386645374174,0.3911346598628866,0.11306818181818182,0.09659090909090909,0.9631145409579305,1.0418451291652906,1.0690551962762733,2.349439077309587,0.4318181818181818,residual,0,x_passive,residual_passive_rvo_mpc,7,22
four_way_stop,density_v4_interaction_tiers,rvo_multistep_density_v1,main,fixed,4,14799,plain_candidate,low,0.02,0.04,neighbor_gaussian_v1,13691069034059397307,11.0,11.0,121.0,0.03305785123966942,30.25,x,y,11.0,0.36363636363636365,0.6584157943725586,0.6587686538696289,0,0,0,0,0,6.736655235290527,1,0,0,0,1.004106044769287,10.559999999999999,88,0.13645918667316437,0.2831538915634155,0.9858289724215865,10.312057229923084,0.7684487729751378,0.3671936014233135,0.294635227129964,0.14261363636363636,0.06818181818181818,0.8048790595396053,0.9558213972884485,1.0092381475975907,2.52852739399807,0.40625,plain,1,x_intent,icgp_rvo_mpc,7,22
four_way_stop,density_v4_interaction_tiers,rvo_multistep_density_v1,main,fixed,4,14799,plain_zero,low,0.02,0.04,neighbor_gaussian_v1,13691069034059397307,11.0,11.0,121.0,0.03305785123966942,30.25,x,y,11.0,0.36363636363636365,0.6584157943725586,0.6587686538696289,0,0,0,0,0,6.736655235290527,1,0,0,0,0.9750379323959351,10.559999999999999,88,0.1515025943517685,0.3487046957015991,0.9842667430639267,10.465624595060945,0.8458742517554625,0.4093917401263976,0.25931420383461623,0.17897727272727273,0.13920454545454544,0.8877263390671843,0.9615105003389446,1.0026217276332055,2.4667306918921796,0.46875,plain,0,x_passive,passive_rvo_mpc,7,22
four_way_stop,density_v4_interaction_tiers,rvo_multistep_density_v1,main,fixed,4,14799,residual_candidate,low,0.02,0.04,neighbor_gaussian_v1,13691069034059397307,11.0,11.0,121.0,0.03305785123966942,30.25,x,y,11.0,0.36363636363636365,0.6584157943725586,0.6587686538696289,0,0,0,0,0,6.736655235290527,1,0,0,0,0.9057979583740234,10.559999999999999,88,0.171954944729805,0.33066847920417786,0.9821428060531616,10.353167348075658,0.7572653063173427,0.40107016117596694,0.2723562495454892,0.10795454545454546,0.08522727272727272,1.1399450120596555,1.26703817746348,1.3020239524221557,2.5044556755166165,0.3465909090909091,residual,1,x_intent,icgp_rvo_mpc,7,22
four_way_stop,density_v4_interaction_tiers,rvo_multistep_density_v1,main,fixed,4,14799,residual_zero,low,0.02,0.04,neighbor_gaussian_v1,13691069034059397307,11.0,11.0,121.0,0.03305785123966942,30.25,x,y,11.0,0.36363636363636365,0.6584157943725586,0.6587686538696289,0,0,0,0,0,6.736655235290527,1,0,0,0,0.7699791193008423,10.559999999999999,88,0.1596197783946991,0.2922850251197815,0.983423788100481,10.332659956999123,0.7995106603855013,0.42834184178922696,0.27714119311316276,0.14261363636363636,0.11931818181818182,1.0875792104661974,1.1703115556025032,1.200433875685558,2.3741640291701667,0.40625,residual,0,x_passive,residual_passive_rvo_mpc,7,22
four_way_stop,density_v4_interaction_tiers,rvo_multistep_density_v1,main,fixed,4,14799,plain_candidate,medium,0.05,0.1,neighbor_gaussian_v1,17511737681536598318,11.0,11.0,121.0,0.03305785123966942,30.25,x,y,11.0,0.36363636363636365,0.6584157943725586,0.6587686538696289,0,0,0,0,0,6.736655235290527,1,0,0,0,0.8797061443328857,11.76,98,0.13103075325489044,0.2957024872303009,0.986392704769969,10.43569789227331,0.8685525990547422,0.5554363520498304,0.2151614799560998,0.15459183673469387,0.10459183673469388,0.7653987057650539,0.9116853613649704,1.0001689359560915,2.6033270741542993,0.35459183673469385,plain,1,x_intent,icgp_rvo_mpc,7,22
four_way_stop,density_v4_interaction_tiers,rvo_multistep_density_v1,main,fixed,4,14799,plain_zero,medium,0.05,0.1,neighbor_gaussian_v1,17511737681536598318,11.0,11.0,121.0,0.03305785123966942,30.25,x,y,11.0,0.36363636363636365,0.6584157943725586,0.6587686538696289,0,0,0,0,0,6.736655235290527,1,0,0,0,0.8704334497451782,12.48,104,0.15456153452396393,0.2905827760696411,0.9839490782469511,10.9184566809854,0.9530608545755967,0.6324736358952254,0.19262788429421981,0.2,0.1658653846153846,0.7998609699835428,0.8696582421327298,0.9447666918955602,2.4572929958999157,0.3870192307692308,plain,0,x_passive,passive_rvo_mpc,7,22
four_way_stop,density_v4_interaction_tiers,rvo_multistep_density_v1,main,fixed,4,14799,residual_candidate,medium,0.05,0.1,neighbor_gaussian_v1,17511737681536598318,11.0,11.0,121.0,0.03305785123966942,30.25,x,y,11.0,0.36363636363636365,0.6584157943725586,0.6587686538696289,0,0,0,0,0,6.736655235290527,1,0,0,0,0.8797061443328857,11.4,95,0.16709667444229126,0.2870873808860779,0.9826473277062178,10.443826430928311,0.8504052264909995,0.5757501773345758,0.2453844743094554,0.15105263157894736,0.09210526315789473,0.937319027202596,1.0852738516346403,1.153952406840889,2.5193946482947003,0.3894736842105263,residual,1,x_intent,icgp_rvo_mpc,7,22
four_way_stop,density_v4_interaction_tiers,rvo_multistep_density_v1,main,fixed,4,14799,residual_zero,medium,0.05,0.1,neighbor_gaussian_v1,17511737681536598318,11.0,11.0,121.0,0.03305785123966942,30.25,x,y,11.0,0.36363636363636365,0.6584157943725586,0.6587686538696289,0,0,0,0,0,6.736655235290527,1,0,0,0,0.8797061443328857,12.12,101,0.12272600829601288,0.29507601261138916,0.9872551364824176,10.709025358370127,0.8362983104191942,0.5274912360784269,0.2608014847553049,0.14405940594059405,0.10891089108910891,1.0317979630057026,1.1149741230064099,1.1697223775487136,2.518075835102856,0.3712871287128713,residual,0,x_passive,residual_passive_rvo_mpc,7,22
four_way_stop,density_v4_interaction_tiers,rvo_multistep_density_v1,main,fixed,4,14799,plain_candidate,high,0.1,0.2,neighbor_gaussian_v1,13735896414164591231,11.0,11.0,121.0,0.03305785123966942,30.25,x,y,11.0,0.36363636363636365,0.6584157943725586,0.6587686538696289,0,0,0,0,0,6.736655235290527,1,0,0,0,0.8980347514152527,10.08,84,0.13096249103546143,0.34433773159980774,0.986399793997407,10.11568208038807,0.8074984893069735,0.4394246099323536,0.18301726266231744,0.1630952380952381,0.06547619047619048,0.8523805026439509,1.0094960814395124,1.0819669101529181,2.5130647414638885,0.40773809523809523,plain,1,x_intent,icgp_rvo_mpc,7,22
four_way_stop,density_v4_interaction_tiers,rvo_multistep_density_v1,main,fixed,4,14799,plain_zero,high,0.1,0.2,neighbor_gaussian_v1,13735896414164591231,11.0,11.0,121.0,0.03305785123966942,30.25,x,y,11.0,0.36363636363636365,0.6584157943725586,0.6587686538696289,0,0,0,0,0,6.736655235290527,1,0,0,0,0.9805663824081421,9.959999999999999,83,0.1709969937801361,0.3776014745235443,0.9822422862052917,10.097419342026114,0.9031047591692712,0.5252516598794983,0.40462409747141714,0.15481927710843374,0.10843373493975904,0.9384780292843572,1.0189690065015875,1.0890994064123878,2.41982464290527,0.45481927710843373,plain,0,x_passive,passive_rvo_mpc,7,22
four_way_stop,density_v4_interaction_tiers,rvo_multistep_density_v1,main,fixed,4,14799,residual_candidate,high,0.1,0.2,neighbor_gaussian_v1,13735896414164591231,11.0,11.0,121.0,0.03305785123966942,30.25,x,y,11.0,0.36363636363636365,0.6584157943725586,0.6587686538696289,0,0,0,0,0,6.736655235290527,1,0,0,0,0.9236536026000977,10.08,84,0.22148045897483826,0.3736966550350189,0.9769996739923954,10.054089269135147,0.8638178582907476,0.5371803804445671,0.33444613135153695,0.14047619047619048,0.1130952380952381,1.1128302999858612,1.2602389862814123,1.3143237059279569,2.4468486441175146,0.3005952380952381,residual,1,x_intent,icgp_rvo_mpc,7,22
four_way_stop,density_v4_interaction_tiers,rvo_multistep_density_v1,main,fixed,4,14799,residual_zero,high,0.1,0.2,neighbor_gaussian_v1,13735896414164591231,11.0,11.0,121.0,0.03305785123966942,30.25,x,y,11.0,0.36363636363636365,0.6584157943725586,0.6587686538696289,0,0,0,0,0,6.736655235290527,1,0,0,0,0.9343808889389038,10.2,85,0.13938820362091064,0.3648807108402252,0.9855247996747494,10.230104956310242,0.8983740179744714,0.5434217625029969,0.25102970419752907,0.18352941176470589,0.1588235294117647,1.1825115413700833,1.262449907853323,1.303850059071008,2.560762884371421,0.37941176470588234,residual,0,x_passive,residual_passive_rvo_mpc,7,22
four_way_stop,density_v4_interaction_tiers,rvo_multistep_density_v1,main,fixed,8,18799,plain_candidate,clean,0.0,0.0,neighbor_gaussian_v1,5139296763337165386,11.0,11.0,121.0,0.06611570247933884,15.125,x,y,11.0,0.7272727272727273,0.6513891220092773,0.6888823509216309,0,0,0,0,0,1.393014669418335,1,0,0,0,0.6294697523117065,15.84,132,0.1315205842256546,0.3574296236038208,0.9862761795520782,11.417007031064713,0.9074592553643566,0.7163850092187976,0.09950596612532425,0.34450757575757573,0.2518939393939394,0.1201068801278598,0.27382483460093765,0.3310714253678805,1.025024982512449,0.5738636363636364,plain,1,x_intent,icgp_rvo_mpc,7,22
four_way_stop,density_v4_interaction_tiers,rvo_multistep_density_v1,main,fixed,8,18799,plain_zero,clean,0.0,0.0,neighbor_gaussian_v1,5139296763337165386,11.0,11.0,121.0,0.06611570247933884,15.125,x,y,11.0,0.7272727272727273,0.6513891220092773,0.6888823509216309,0,0,0,0,0,1.393014669418335,1,0,0,0,0.6796386241912842,16.2,135,0.16372691094875336,0.3735713064670563,0.982915535569191,11.716253496746504,0.9870199164306676,0.7269730862368036,0.09347842607422974,0.35462962962962963,0.2916666666666667,0.1539618594141643,0.2626776865697294,0.3184545687965497,1.0687106434062676,0.575925925925926,plain,0,x_passive,passive_rvo_mpc,7,22
four_way_stop,density_v4_interaction_tiers,rvo_multistep_density_v1,main,fixed,8,18799,residual_candidate,clean,0.0,0.0,neighbor_gaussian_v1,5139296763337165386,11.0,11.0,121.0,0.06611570247933884,15.125,x,y,11.0,0.7272727272727273,0.6513891220092773,0.6888823509216309,0,0,0,0,0,1.393014669418335,1,0,0,0,0.6461899876594543,12.719999999999999,106,0.18539564311504364,0.33954983949661255,0.9806544613093138,10.661717249138746,0.8732163773867179,0.6248050244911661,0.12705613190982543,0.3563679245283019,0.2665094339622642,0.15984199189231735,0.3088700351017124,0.37667680841115014,0.9444626903365245,0.6191037735849056,residual,1,x_intent,icgp_rvo_mpc,7,22
four_way_stop,density_v4_interaction_tiers,rvo_multistep_density_v1,main,fixed,8,18799,residual_zero,clean,0.0,0.0,neighbor_gaussian_v1,5139296763337165386,11.0,11.0,121.0,0.06611570247933884,15.125,x,y,11.0,0.7272727272727273,0.6513891220092773,0.6888823509216309,0,0,0,0,0,1.393014669418335,1,0,0,0,0.6693766117095947,18.0,150,0.17418214678764343,0.35873955488204956,0.9818245600908995,12.289082641502318,0.9032896024982134,0.7071981362998485,0.12622025019178787,0.37483333333333335,0.28833333333333333,0.17205317578976975,0.27399995369215807,0.33478429553409417,1.0614304329951607,0.5541666666666667,residual,0,x_passive,residual_passive_rvo_mpc,7,22
four_way_stop,density_v4_interaction_tiers,rvo_multistep_density_v1,main,fixed,8,18799,plain_candidate,low,0.02,0.04,neighbor_gaussian_v1,13933183064198078789,11.0,11.0,121.0,0.06611570247933884,15.125,x,y,11.0,0.7272727272727273,0.6513891220092773,0.6888823509216309,0,0,0,0,0,1.393014669418335,1,0,0,0,0.6212685108184814,24.119999999999997,201,0.20029304921627045,0.3364487588405609,0.9790999572724104,12.671127482293741,0.8101870314917754,0.7050789403196295,0.09850031090002571,0.3838308457711443,0.2860696517412935,0.13489531185944797,0.27797271133831414,0.307605665867583,1.1033361322636628,0.5447761194029851,plain,1,x_intent,icgp_rvo_mpc,7,22
four_way_stop,density_v4_interaction_tiers,rvo_multistep_density_v1,main,fixed,8,18799,plain_zero,low,0.02,0.04,neighbor_gaussian_v1,13933183064198078789,11.0,11.0,121.0,0.06611570247933884,15.125,x,y,11.0,0.7272727272727273,0.6513891220092773,0.6888823509216309,0,0,0,0,0,1.393014669418335,0,0,0,0,0.6245253086090088,26.4,220,0.19785356521606445,0.6960787177085876,0.9793545100837946,12.710059114600881,0.7768054097213528,0.7506191670047966,0.10295761388657741,0.30829545454545454,0.24431818181818182,0.24334226118474783,0.32899897216395907,0.3632455540245231,1.1161224840818482,0.5545454545454546,plain,0,x_passive,passive_rvo_mpc,7,22
four_way_stop,density_v4_interaction_tiers,rvo_multistep_density_v1,main,fixed,8,18799,residual_candidate,low,0.02,0.04,neighbor_gaussian_v1,13933183064198078789,11.0,11.0,121.0,0.06611570247933884,15.125,x,y,11.0,0.7272727272727273,0.6513891220092773,0.6888823509216309,0,0,0,0,0,1.393014669418335,0,0,0,0,0.7424910664558411,26.4,220,0.21648851037025452,0.6009976863861084,0.9774100035429001,12.432989106897367,0.7043515917760405,0.662112501568415,0.17399812492261513,0.2988636363636364,0.21818181818181817,0.2984252180196134,0.4476530397158456,0.5465250400673938,1.0841854770684785,0.5471590909090909,residual,1,x_intent,icgp_rvo_mpc,7,22
four_way_stop,density_v4_interaction_tiers,rvo_multistep_density_v1,main,fixed,8,18799,residual_zero,low,0.02,0.04,neighbor_gaussian_v1,13933183064198078789,11.0,11.0,121.0,0.06611570247933884,15.125,x,y,11.0,0.7272727272727273,0.6513891220092773,0.6888823509216309,0,0,0,0,0,1.393014669418335,1,0,0,0,0.7844710350036621,20.64,172,0.1641124188899994,0.32522252202033997,0.982875308021903,12.463119467640354,0.8649863756240107,0.7318508715130562,0.1476079215895287,0.29273255813953486,0.22529069767441862,0.2926346729587504,0.39517746947749066,0.5021840907862887,1.0346800731139822,0.5981104651162791,residual,0,x_passive,residual_passive_rvo_mpc,7,22
four_way_stop,density_v4_interaction_tiers,rvo_multistep_density_v1,main,fixed,8,18799,plain_candidate,medium,0.05,0.1,neighbor_gaussian_v1,4304110998138646421,11.0,11.0,121.0,0.06611570247933884,15.125,x,y,11.0,0.7272727272727273,0.6513891220092773,0.6888823509216309,0,0,0,0,0,1.393014669418335,1,0,0,0,0.7011266946792603,17.88,149,0.17154145240783691,0.3763050436973572,0.9821001086384058,11.960143539858109,0.9747658151908208,0.784668831667244,0.09604622501506464,0.35453020134228186,0.26426174496644295,0.14439070645055654,0.30145169354200163,0.35028514495707,1.0435045225288246,0.5369127516778524,plain,1,x_intent,icgp_rvo_mpc,7,22
four_way_stop,density_v4_interaction_tiers,rvo_multistep_density_v1,main,fixed,8,18799,plain_zero,medium,0.05,0.1,neighbor_gaussian_v1,4304110998138646421,11.0,11.0,121.0,0.06611570247933884,15.125,x,y,11.0,0.7272727272727273,0.6513891220092773,0.6888823509216309,0,0,0,0,0,1.393014669418335,1,0,0,0,0.7446893453598022,25.2,210,0.15789100527763367,0.369599848985672,0.9835244957357645,12.803853381206864,0.9213282347257649,0.9103518273149218,0.12187726183799982,0.2757142857142857,0.2154761904761905,0.27797243588726,0.3636223037270387,0.3983409585284869,1.1062087055615017,0.5779761904761904,plain,0,x_passive,passive_rvo_mpc,7,22
four_way_stop,density_v4_interaction_tiers,rvo_multistep_density_v1,main,fixed,8,18799,residual_candidate,medium,0.05,0.1,neighbor_gaussian_v1,4304110998138646421,11.0,11.0,121.0,0.06611570247933884,15.125,x,y,11.0,0.7272727272727273,0.6513891220092773,0.6888823509216309,0,0,0,0,0,1.393014669418335,1,0,0,0,0.6610517501831055,17.759999999999998,148,0.14651592075824738,0.3651743531227112,0.9847114561125636,12.599432345567038,0.9911391197804462,0.7987643989759523,0.12941579415063323,0.36131756756756755,0.28040540540540543,0.21132774878035276,0.37149486580611896,0.43651605971963026,1.088021215636384,0.5819256756756757,residual,1,x_intent,icgp_rvo_mpc,7,22
four_way_stop,density_v4_interaction_tiers,rvo_multistep_density_v1,main,fixed,8,18799,residual_zero,medium,0.05,0.1,neighbor_gaussian_v1,4304110998138646421,11.0,11.0,121.0,0.06611570247933884,15.125,x,y,11.0,0.7272727272727273,0.6513891220092773,0.6888823509216309,0,0,0,0,0,1.393014669418335,1,0,0,0,0.7009051442146301,18.24,152,0.1829051524400711,0.37909233570098877,0.9809143375605345,11.987056661871975,0.9853640719267883,0.8626503642452391,0.12046809211154284,0.34292763157894735,0.2565789473684211,0.26950292938833104,0.3708147591068165,0.42191216581844193,1.1122657206389859,0.5641447368421053,residual,0,x_passive,residual_passive_rvo_mpc,7,22
four_way_stop,density_v4_interaction_tiers,rvo_multistep_density_v1,main,fixed,8,18799,plain_candidate,high,0.1,0.2,neighbor_gaussian_v1,3610150709844780835,11.0,11.0,121.0,0.06611570247933884,15.125,x,y,11.0,0.7272727272727273,0.6513891220092773,0.6888823509216309,0,0,0,0,0,1.393014669418335,1,0,0,0,0.7462631464004517,15.959999999999999,133,0.1464669406414032,0.3427425026893616,0.9847165672108531,11.109090342955824,1.1236927723301982,0.9872821896596062,0.09611249954747807,0.3804511278195489,0.26973684210526316,0.14715538136519257,0.3103170704065745,0.37160879627850496,1.0453667636215689,0.5695488721804511,plain,1,x_intent,icgp_rvo_mpc,7,22
four_way_stop,density_v4_interaction_tiers,rvo_multistep_density_v1,main,fixed,8,18799,plain_zero,high,0.1,0.2,neighbor_gaussian_v1,3610150709844780835,11.0,11.0,121.0,0.06611570247933884,15.125,x,y,11.0,0.7272727272727273,0.6513891220092773,0.6888823509216309,0,0,0,0,0,1.393014669418335,0,0,0,0,0.7156184315681458,26.4,220,0.21459752321243286,0.5542944073677063,0.9776073228567839,13.050753891220666,0.9956527882340279,0.9910130649466407,0.0948305680636126,0.29147727272727275,0.22954545454545455,0.2695561301795005,0.36024823313515475,0.399879366610919,1.0631883299926466,0.5528409090909091,plain,0,x_passive,passive_rvo_mpc,7,22
four_way_stop,density_v4_interaction_tiers,rvo_multistep_density_v1,main,fixed,8,18799,residual_candidate,high,0.1,0.2,neighbor_gaussian_v1,3610150709844780835,11.0,11.0,121.0,0.06611570247933884,15.125,x,y,11.0,0.7272727272727273,0.6513891220092773,0.6888823509216309,0,0,0,0,0,1.393014669418335,1,0,0,0,0.860866129398346,16.2,135,0.15928396582603455,0.3438807725906372,0.9833791442215443,11.407284870538206,1.1086005332845228,1.0211845146285163,0.12409925909230003,0.3251851851851852,0.2222222222222222,0.14464102113515967,0.3064101275415332,0.352833703154767,0.9528962292825734,0.5814814814814815,residual,1,x_intent,icgp_rvo_mpc,7,22
four_way_stop,density_v4_interaction_tiers,rvo_multistep_density_v1,main,fixed,8,18799,residual_zero,high,0.1,0.2,neighbor_gaussian_v1,3610150709844780835,11.0,11.0,121.0,0.06611570247933884,15.125,x,y,11.0,0.7272727272727273,0.6513891220092773,0.6888823509216309,0,0,0,0,0,1.393014669418335,1,0,0,0,0.7049704790115356,16.8,140,0.18634450435638428,0.37754106521606445,0.9805554505437613,11.468116399293649,1.1226533399096557,0.9467283483328564,0.121128482351196,0.295,0.24553571428571427,0.33828145438115054,0.43762279352971495,0.4893612998723984,1.1863802652593172,0.5419642857142857,residual,0,x_passive,residual_passive_rvo_mpc,7,22
corridor,density_v4_interaction_tiers,rvo_multistep_density_v1,main,fixed,4,14259,plain_candidate,clean,0.0,0.0,neighbor_gaussian_v1,14161504104179839529,12.0,5.4,64.80000000000001,0.061728395061728385,16.200000000000003,x,y,4.140000000000001,0.9661835748792269,0.9763274192810059,0.9670767784118652,0,0,0,0,0,1.2092475080490113,1,0,1,0,0.4982507824897766,13.799999999999999,115,0.12401977181434631,0.3637845516204834,0.9878522772341967,11.793746969895437,0.6764734095043462,0.4558796634978574,0.1784630433615783,0.18521739130434783,0.12173913043478261,0.21596245586928794,0.3499324280321598,0.3942657969632874,0.5403065166214237,0.6739130434782609,plain,1,x_intent,icgp_rvo_mpc,7,23
corridor,density_v4_interaction_tiers,rvo_multistep_density_v1,main,fixed,4,14259,plain_zero,clean,0.0,0.0,neighbor_gaussian_v1,14161504104179839529,12.0,5.4,64.80000000000001,0.061728395061728385,16.200000000000003,x,y,4.140000000000001,0.9661835748792269,0.9763274192810059,0.9670767784118652,0,0,0,0,0,1.2092475080490113,1,0,0,0,0.6253384351730347,13.08,109,0.11677226424217224,0.3281092047691345,0.9885621694847941,11.949088302440941,0.656127842177355,0.45349006022010513,0.1832027519079045,0.22660550458715598,0.16055045871559634,0.22639229645149425,0.33260833933334283,0.382354960825055,0.5054049120282909,0.6880733944954128,plain,0,x_passive,passive_rvo_mpc,7,23
corridor,density_v4_interaction_tiers,rvo_multistep_density_v1,main,fixed,4,14259,residual_candidate,clean,0.0,0.0,neighbor_gaussian_v1,14161504104179839529,12.0,5.4,64.80000000000001,0.061728395061728385,16.200000000000003,x,y,4.140000000000001,0.9661835748792269,0.9763274192810059,0.9670767784118652,0,0,0,0,0,1.2092475080490113,1,0,0,0,0.6993919610977173,12.36,103,0.10457025468349457,0.297243595123291,0.9897573553025723,10.492905001738109,0.5686650581757348,0.3641465602768133,0.23616164952665747,0.2529126213592233,0.18689320388349515,0.18094946797792483,0.3394216167724248,0.3731441415658275,0.6604615892882197,0.3155339805825243,residual,1,x_intent,icgp_rvo_mpc,7,23
corridor,density_v4_interaction_tiers,rvo_multistep_density_v1,main,fixed,4,14259,residual_zero,clean,0.0,0.0,neighbor_gaussian_v1,14161504104179839529,12.0,5.4,64.80000000000001,0.061728395061728385,16.200000000000003,x,y,4.140000000000001,0.9661835748792269,0.9763274192810059,0.9670767784118652,0,0,0,0,0,1.2092475080490113,1,0,0,0,0.7284185290336609,12.36,103,0.1186852976679802,0.32223203778266907,0.9883747883141041,10.889890306832967,0.7142018672051722,0.4474826584235557,0.2310929601804073,0.28446601941747574,0.2087378640776699,0.22110466707488793,0.33346593995551466,0.3710243646077161,0.660737738799557,0.5,residual,0,x_passive,residual_passive_rvo_mpc,7,23
corridor,density_v4_interaction_tiers,rvo_multistep_density_v1,main,fixed,4,14259,plain_candidate,low,0.02,0.04,neighbor_gaussian_v1,3273137040928020785,12.0,5.4,64.80000000000001,0.061728395061728385,16.200000000000003,x,y,4.140000000000001,0.9661835748792269,0.9763274192810059,0.9670767784118652,0,0,0,0,0,1.2092475080490113,1,0,1,0,0.5123544335365295,14.16,118,0.12772056460380554,0.3138476312160492,0.9874897850677371,11.931693773309235,0.6423883334559909,0.48089541172829725,0.17545211806664465,0.17203389830508475,0.11016949152542373,0.22709990812670752,0.35849451283213946,0.4077472653827172,0.547417901077513,0.6758474576271186,plain,1,x_intent,icgp_rvo_mpc,7,23
corridor,density_v4_interaction_tiers,rvo_multistep_density_v1,main,fixed,4,14259,plain_zero,low,0.02,0.04,neighbor_gaussian_v1,3273137040928020785,12.0,5.4,64.80000000000001,0.061728395061728385,16.200000000000003,x,y,4.140000000000001,0.9661835748792269,0.9763274192810059,0.9670767784118652,0,0,0,0,0,1.2092475080490113,1,0,0,0,0.6423021554946899,13.2,110,0.11625830084085464,0.2875679135322571,0.988612512126565,11.714196010725573,0.6568386407738382,0.513116299636154,0.18076999999307605,0.27545454545454545,0.22045454545454546,0.19882885863885963,0.30784155402129354,0.36272253014553685,0.5081383792107755,0.6590909090909091,plain,0,x_passive,passive_rvo_mpc,7,23
corridor,density_v4_interaction_tiers,rvo_multistep_density_v1,main,fixed,4,14259,residual_candidate,low,0.02,0.04,neighbor_gaussian_v1,3273137040928020785,12.0,5.4,64.80000000000001,0.061728395061728385,16.200000000000003,x,y,4.140000000000001,0.9661835748792269,0.9763274192810059,0.9670767784118652,0,0,0,0,0,1.2092475080490113,1,0,0,0,0.7477340698242188,12.719999999999999,106,0.14831578731536865,0.36626002192497253,0.9854724854230881,10.89910146742477,0.588083886966452,0.413510771648396,0.2376084896309723,0.2410377358490566,0.17688679245283018,0.1868013975002258,0.3339513730356154,0.36769792765097803,0.6037193725426805,0.37264150943396224,residual,1,x_intent,icgp_rvo_mpc,7,23
corridor,density_v4_interaction_tiers,rvo_multistep_density_v1,main,fixed,4,14259,residual_zero,low,0.02,0.04,neighbor_gaussian_v1,3273137040928020785,12.0,5.4,64.80000000000001,0.061728395061728385,16.200000000000003,x,y,4.140000000000001,0.9661835748792269,0.9763274192810059,0.9670767784118652,0,0,0,0,0,1.2092475080490113,1,0,0,0,0.7355651259422302,13.2,110,0.10680026561021805,0.35383203625679016,0.9895389256998897,10.740114686021116,0.6769641229967502,0.47123882835307584,0.23367250025992028,0.2918181818181818,0.22954545454545455,0.2143484606865624,0.33230760223079814,0.3731455564756286,0.6653282324780119,0.3977272727272727,residual,0,x_passive,residual_passive_rvo_mpc,7,23
corridor,density_v4_interaction_tiers,rvo_multistep_density_v1,main,fixed,4,14259,plain_candidate,medium,0.05,0.1,neighbor_gaussian_v1,8181975324984599364,12.0,5.4,64.80000000000001,0.061728395061728385,16.200000000000003,x,y,4.140000000000001,0.9661835748792269,0.9763274192810059,0.9670767784118652,0,0,0,0,0,1.2092475080490113,1,0,0,0,0.6621036529541016,12.48,104,0.13852468132972717,0.32029736042022705,0.986431522294879,11.184440543118399,0.8303750025896499,0.6815523538881769,0.18721923082081887,0.17884615384615385,0.11298076923076923,0.19813771249815965,0.34226092146709564,0.39075407925563366,0.5562449988780114,0.7019230769230769,plain,1,x_intent,icgp_rvo_mpc,7,23
corridor,density_v4_interaction_tiers,rvo_multistep_density_v1,main,fixed,4,14259,plain_zero,medium,0.05,0.1,neighbor_gaussian_v1,8181975324984599364,12.0,5.4,64.80000000000001,0.061728395061728385,16.200000000000003,x,y,4.140000000000001,0.9661835748792269,0.9763274192810059,0.9670767784118652,0,0,0,0,0,1.2092475080490113,1,0,0,0,0.6320657134056091,13.08,109,0.11247336864471436,0.31148219108581543,0.9889832455664873,11.953212652122602,0.8587019167362003,0.7510912602237605,0.19135665073200478,0.21651376146788992,0.1720183486238532,0.23854959358452654,0.33725050975628407,0.3942085384591184,0.5104998811641964,0.7362385321100917,plain,0,x_passive,passive_rvo_mpc,7,23
corridor,density_v4_interaction_tiers,rvo_multistep_density_v1,main,fixed,4,14259,residual_candidate,medium,0.05,0.1,neighbor_gaussian_v1,8181975324984599364,12.0,5.4,64.80000000000001,0.061728395061728385,16.200000000000003,x,y,4.140000000000001,0.9661835748792269,0.9763274192810059,0.9670767784118652,0,0,0,0,0,1.2092475080490113,1,0,0,0,0.7190175652503967,13.44,112,0.1104566678404808,0.3386958837509155,0.989180781878531,10.543392659237725,0.6325564084462323,0.43545627383199254,0.2225794645970122,0.24107142857142858,0.14732142857142858,0.17691599004585962,0.3474394212556736,0.3760918695107103,0.6488025106236871,0.296875,residual,1,x_intent,icgp_rvo_mpc,7,23
corridor,density_v4_interaction_tiers,rvo_multistep_density_v1,main,fixed,4,14259,residual_zero,medium,0.05,0.1,neighbor_gaussian_v1,8181975324984599364,12.0,5.4,64.80000000000001,0.061728395061728385,16.200000000000003,x,y,4.140000000000001,0.9661835748792269,0.9763274192810059,0.9670767784118652,0,0,0,0,0,1.2092475080490113,1,0,0,0,0.7869524955749512,12.959999999999999,108,0.11504221707582474,0.3338935673236847,0.9887316273525357,10.820259218628053,0.7709562856169349,0.48970933026134,0.2407895836869203,0.2689814814814815,0.20601851851851852,0.21356159165104918,0.333144447500645,0.3697411069943121,0.6513734644747994,0.3726851851851852,residual,0,x_passive,residual_passive_rvo_mpc,7,23
corridor,density_v4_interaction_tiers,rvo_multistep_density_v1,main,fixed,4,14259,plain_candidate,high,0.1,0.2,neighbor_gaussian_v1,8048720468208357164,12.0,5.4,64.80000000000001,0.061728395061728385,16.200000000000003,x,y,4.140000000000001,0.9661835748792269,0.9763274192810059,0.9670767784118652,0,0,0,0,0,1.2092475080490113,1,0,0,0,0.6282374262809753,11.16,93,0.1432507038116455,0.3651612401008606,0.9859686093404889,10.854523543734103,0.8756708171899601,0.817453521053477,0.21438064461734185,0.24086021505376345,0.17473118279569894,0.18260337231550564,0.3252986231350129,0.3610513995251347,0.5527077249814105,0.7258064516129032,plain,1,x_intent,icgp_rvo_mpc,7,23
corridor,density_v4_interaction_tiers,rvo_multistep_density_v1,main,fixed,4,14259,plain_zero,high,0.1,0.2,neighbor_gaussian_v1,8048720468208357164,12.0,5.4,64.80000000000001,0.061728395061728385,16.200000000000003,x,y,4.140000000000001,0.9661835748792269,0.9763274192810059,0.9670767784118652,0,0,0,0,0,1.2092475080490113,1,0,0,0,0.675915002822876,11.52,96,0.10420282185077667,0.2959219217300415,0.9897933453321457,10.611898851871956,0.8469408784876578,0.6835311183628315,0.18017552035113718,0.3145833333333333,0.25,0.16947995387973303,0.2926677632374534,0.32052368640084755,0.5797527281365669,0.5286458333333334,plain,0,x_passive,passive_rvo_mpc,7,23
corridor,density_v4_interaction_tiers,rvo_multistep_density_v1,main,fixed,4,14259,residual_candidate,high,0.1,0.2,neighbor_gaussian_v1,8048720468208357164,12.0,5.4,64.80000000000001,0.061728395061728385,16.200000000000003,x,y,4.140000000000001,0.9661835748792269,0.9763274192810059,0.9670767784118652,0,0,0,0,0,1.2092475080490113,1,0,0,0,0.7230823040008545,12.12,101,0.12343515455722809,0.3432253897190094,0.9879095405340195,10.524933089676779,0.6492808894346478,0.5261613321358034,0.30276460352925455,0.2722772277227723,0.19801980198019803,0.1782011546729372,0.3330201561852256,0.3648734510889148,0.6296056391173365,0.3316831683168317,residual,1,x_intent,icgp_rvo_mpc,7,23
corridor,density_v4_interaction_tiers,rvo_multistep_density_v1,main,fixed,4,14259,residual_zero,high,0.1,0.2,neighbor_gaussian_v1,8048720468208357164,12.0,5.4,64.80000000000001,0.061728395061728385,16.200000000000003,x,y,4.140000000000001,0.9661835748792269,0.9763274192810059,0.9670767784118652,0,0,0,0,0,1.2092475080490113,1,0,0,0,0.6637668013572693,15.719999999999999,131,0.09246354550123215,0.28078433871269226,0.9909432055428624,11.150331209064461,0.73536091792319,0.5689495585908587,0.2432160307422195,0.24198473282442748,0.15458015267175573,0.17579083091682465,0.30321117100483586,0.333030188621683,0.6171723883138358,0.35877862595419846,residual,0,x_passive,residual_passive_rvo_mpc,7,23
corridor,density_v4_interaction_tiers,rvo_multistep_density_v1,main,fixed,8,18259,plain_candidate,clean,0.0,0.0,neighbor_gaussian_v1,14332449571057886745,12.0,5.4,64.80000000000001,0.12345679012345677,8.100000000000001,x,y,4.140000000000001,1.9323671497584538,0.9896602630615234,0.9878458976745605,0,0,0,0,0,0.6770377159118652,0,0,0,0,0.6223365664482117,26.4,220,0.6969560384750366,1.440397024154663,0.9311242625117302,13.808537949196761,0.8756383228031072,0.8811586046760732,0.09453227238819553,0.4935227272727273,0.3653409090909091,-0.10009553007820664,0.05939163130420175,0.07354850804873488,0.500653131167997,0.790340909090909,plain,1,x_intent,icgp_rvo_mpc,7,23
corridor,density_v4_interaction_tiers,rvo_multistep_density_v1,main,fixed,8,18259,plain_zero,clean,0.0,0.0,neighbor_gaussian_v1,14332449571057886745,12.0,5.4,64.80000000000001,0.12345679012345677,8.100000000000001,x,y,4.140000000000001,1.9323671497584538,0.9896602630615234,0.9878458976745605,0,0,0,0,0,0.6770377159118652,0,0,0,0,0.6413476467132568,26.4,220,0.7634174823760986,1.251875400543213,0.9245563000440598,13.784379278949928,1.03203311027451,0.9828702276403254,0.09221051123776389,0.5148863636363636,0.4,-0.06208416932058226,0.045806759748946525,0.0506904842135581,0.48448321432095365,0.6875,plain,0,x_passive,passive_rvo_mpc,7,23
corridor,density_v4_interaction_tiers,rvo_multistep_density_v1,main,fixed,8,18259,residual_candidate,clean,0.0,0.0,neighbor_gaussian_v1,14332449571057886745,12.0,5.4,64.80000000000001,0.12345679012345677,8.100000000000001,x,y,4.140000000000001,1.9323671497584538,0.9896602630615234,0.9878458976745605,0,0,0,0,0,0.6770377159118652,0,0,0,0,0.6193161606788635,26.4,220,0.730684757232666,1.4211912155151367,0.927791066467762,14.535149290546542,0.9359591750936075,1.0218980057673022,0.11626749993328386,0.45852272727272725,0.3403409090909091,-0.07566974618814791,0.0769313488089564,0.08382680755328725,0.5146535670073196,0.8403409090909091,residual,1,x_intent,icgp_rvo_mpc,7,23
corridor,density_v4_interaction_tiers,rvo_multistep_density_v1,main,fixed,8,18259,residual_zero,clean,0.0,0.0,neighbor_gaussian_v1,14332449571057886745,12.0,5.4,64.80000000000001,0.12345679012345677,8.100000000000001,x,y,4.140000000000001,1.9323671497584538,0.9896602630615234,0.9878458976745605,0,0,0,0,0,0.6770377159118652,0,0,0,0,0.6132738590240479,26.4,220,0.5868247151374817,0.8595820665359497,0.9420078434050083,14.529008750247158,1.0899364476176825,1.0050126952203837,0.12333028366397643,0.5076136363636363,0.3965909090909091,-0.06225227236114866,0.043193072038956656,0.04799368774247441,0.43273166307332844,0.7835227272727273,residual,0,x_passive,residual_passive_rvo_mpc,7,23
corridor,density_v4_interaction_tiers,rvo_multistep_density_v1,main,fixed,8,18259,plain_candidate,low,0.02,0.04,neighbor_gaussian_v1,7277491361746228867,12.0,5.4,64.80000000000001,0.12345679012345677,8.100000000000001,x,y,4.140000000000001,1.9323671497584538,0.9896602630615234,0.9878458976745605,0,0,0,0,0,0.6770377159118652,0,0,0,0,0.6085839867591858,26.4,220,0.7417666912078857,1.5344141721725464,0.9266959130764008,15.20352305024926,1.0338603282516652,1.044313032925129,0.09392295479218857,0.5769318181818182,0.41818181818181815,-0.12683326611032877,0.05809783094460989,0.06274425085041332,0.4439136012823068,0.7164772727272727,plain,1,x_intent,icgp_rvo_mpc,7,23
corridor,density_v4_interaction_tiers,rvo_multistep_density_v1,main,fixed,8,18259,plain_zero,low,0.02,0.04,neighbor_gaussian_v1,7277491361746228867,12.0,5.4,64.80000000000001,0.12345679012345677,8.100000000000001,x,y,4.140000000000001,1.9323671497584538,0.9896602630615234,0.9878458976745605,0,0,0,0,0,0.6770377159118652,0,0,0,0,0.6065104007720947,26.4,220,0.746563732624054,1.483320713043213,0.9262218475341797,14.46000459679999,1.0048058112236586,0.9559204466640949,0.11706926121736284,0.46852272727272726,0.35113636363636364,-0.03733817919096063,0.06971590976010669,0.08181668142229319,0.4711107847826048,0.7153409090909091,plain,0,x_passive,passive_rvo_mpc,7,23
corridor,density_v4_interaction_tiers,rvo_multistep_density_v1,main,fixed,8,18259,residual_candidate,low,0.02,0.04,neighbor_gaussian_v1,7277491361746228867,12.0,5.4,64.80000000000001,0.12345679012345677,8.100000000000001,x,y,4.140000000000001,1.9323671497584538,0.9896602630615234,0.9878458976745605,0,0,0,0,0,0.6770377159118652,0,0,0,0,0.6518237590789795,26.4,220,0.6489102840423584,1.1078625917434692,0.9358723163604736,13.829176910730894,1.0178443781354212,1.055004201152108,0.13557210232565095,0.43477272727272726,0.30056818181818185,-0.04670750388889361,0.10210407792920755,0.11024819024660712,0.4699258919016205,0.8022727272727272,residual,1,x_intent,icgp_rvo_mpc,7,23
corridor,density_v4_interaction_tiers,rvo_multistep_density_v1,main,fixed,8,18259,residual_zero,low,0.02,0.04,neighbor_gaussian_v1,7277491361746228867,12.0,5.4,64.80000000000001,0.12345679012345677,8.100000000000001,x,y,4.140000000000001,1.9323671497584538,0.9896602630615234,0.9878458976745605,0,0,0,0,0,0.6770377159118652,0,0,0,0,0.6742067337036133,26.4,220,0.6523849964141846,1.4308255910873413,0.9355289340019226,14.630388784149545,1.0117397745901888,1.0673762817951766,0.13828312495950906,0.4536363636363636,0.34147727272727274,-0.031926804949550636,0.0762924460247159,0.07961769876900043,0.46489221918718393,0.7875,residual,0,x_passive,residual_passive_rvo_mpc,7,23
corridor,density_v4_interaction_tiers,rvo_multistep_density_v1,main,fixed,8,18259,plain_candidate,medium,0.05,0.1,neighbor_gaussian_v1,6499810227663459616,12.0,5.4,64.80000000000001,0.12345679012345677,8.100000000000001,x,y,4.140000000000001,1.9323671497584538,0.9896602630615234,0.9878458976745605,0,0,0,0,0,0.6770377159118652,0,0,0,0,0.6851603984832764,26.4,220,0.6795717477798462,1.4580851793289185,0.9328422397375107,13.81760031349404,1.1984873638911682,1.2684394580396738,0.09477818173102358,0.5522727272727272,0.3721590909090909,-0.1146842998658434,0.049221346770667196,0.061048982201821415,0.4691585805653172,0.7892045454545454,plain,1,x_intent,icgp_rvo_mpc,7,23
corridor,density_v4_interaction_tiers,rvo_multistep_density_v1,main,fixed,8,18259,plain_zero,medium,0.05,0.1,neighbor_gaussian_v1,6499810227663459616,12.0,5.4,64.80000000000001,0.12345679012345677,8.100000000000001,x,y,4.140000000000001,1.9323671497584538,0.9896602630615234,0.9878458976745605,0,0,0,0,0,0.6770377159118652,0,0,0,0,0.640150785446167,26.4,220,0.7150449752807617,1.324215054512024,0.9293366521596909,14.023392893075652,1.1032751781019297,1.1499662777239625,0.09010420458666472,0.5235227272727273,0.4005681818181818,-0.08560020292246587,0.029011486928910007,0.03258455336398698,0.4708405757029965,0.7511363636363636,plain,0,x_passive,passive_rvo_mpc,7,23
corridor,density_v4_interaction_tiers,rvo_multistep_density_v1,main,fixed,8,18259,residual_candidate,medium,0.05,0.1,neighbor_gaussian_v1,6499810227663459616,12.0,5.4,64.80000000000001,0.12345679012345677,8.100000000000001,x,y,4.140000000000001,1.9323671497584538,0.9896602630615234,0.9878458976745605,0,0,0,0,0,0.6770377159118652,0,0,0,0,0.6166952848434448,26.4,220,0.6422845125198364,1.1961860656738281,0.9365271031856537,13.481238053675042,1.2301245300607249,1.2314066055146131,0.14979892059107608,0.42875,0.29602272727272727,-0.04805452582396736,0.10363161363232543,0.11128423447890037,0.4714147033602932,0.759090909090909,residual,1,x_intent,icgp_rvo_mpc,7,23
corridor,density_v4_interaction_tiers,rvo_multistep_density_v1,main,fixed,8,18259,residual_zero,medium,0.05,0.1,neighbor_gaussian_v1,6499810227663459616,12.0,5.4,64.80000000000001,0.12345679012345677,8.100000000000001,x,y,4.140000000000001,1.9323671497584538,0.9896602630615234,0.9878458976745605,0,0,0,0,0,0.6770377159118652,0,0,0,0,0.6457961797714233,26.4,220,0.802499532699585,1.6380137205123901,0.9206940680742264,14.281830786127102,1.242125722088597,1.2309980042956092,0.1358137501731769,0.4565909090909091,0.3392045454545455,-0.025307314144913093,0.08426148615887556,0.09350047418923879,0.4703321611937135,0.8017045454545455,residual,0,x_passive,residual_passive_rvo_mpc,7,23
corridor,density_v4_interaction_tiers,rvo_multistep_density_v1,main,fixed,8,18259,plain_candidate,high,0.1,0.2,neighbor_gaussian_v1,2985130997676801891,12.0,5.4,64.80000000000001,0.12345679012345677,8.100000000000001,x,y,4.140000000000001,1.9323671497584538,0.9896602630615234,0.9878458976745605,0,0,0,0,0,0.6770377159118652,0,0,0,0,0.6454584002494812,26.4,220,0.8704970479011536,2.4868087768554688,0.9139743074774742,14.309322919529222,1.487944799255241,1.4637595784935085,0.10019602275199511,0.5856818181818182,0.4329545454545455,-0.1408455230361274,0.02700239597489548,0.030066060731610774,0.47686027298495176,0.7642045454545454,plain,1,x_intent,icgp_rvo_mpc,7,23
corridor,density_v4_interaction_tiers,rvo_multistep_density_v1,main,fixed,8,18259,plain_zero,high,0.1,0.2,neighbor_gaussian_v1,2985130997676801891,12.0,5.4,64.80000000000001,0.12345679012345677,8.100000000000001,x,y,4.140000000000001,1.9323671497584538,0.9896602630615234,0.9878458976745605,0,0,0,0,0,0.6770377159118652,0,0,0,0,0.6504493951797485,26.4,220,0.816698431968689,1.5046358108520508,0.9192908853292465,14.893010690218944,1.515428617461161,1.4295556678013368,0.09479926160235085,0.5530681818181818,0.41704545454545455,-0.09778082733181179,0.02153262258037416,0.03461171123237264,0.4010085373961113,0.7125,plain,0,x_passive,passive_rvo_mpc,7,23
corridor,density_v4_interaction_tiers,rvo_multistep_density_v1,main,fixed,8,18259,residual_candidate,high,0.1,0.2,neighbor_gaussian_v1,2985130997676801891,12.0,5.4,64.80000000000001,0.12345679012345677,8.100000000000001,x,y,4.140000000000001,1.9323671497584538,0.9896602630615234,0.9878458976745605,0,0,0,0,0,0.6770377159118652,0,0,0,0,0.6884155869483948,26.4,220,0.757020115852356,1.7404614686965942,0.9251885116100311,15.2990436422333,1.4937715118581598,1.4786706526171078,0.14698517066294284,0.47238636363636366,0.32954545454545453,-0.07941737702503715,0.07797569083185359,0.08613029326871037,0.42571752931617884,0.7681818181818182,residual,1,x_intent,icgp_rvo_mpc,7,23
corridor,density_v4_interaction_tiers,rvo_multistep_density_v1,main,fixed,8,18259,residual_zero,high,0.1,0.2,neighbor_gaussian_v1,2985130997676801891,12.0,5.4,64.80000000000001,0.12345679012345677,8.100000000000001,x,y,4.140000000000001,1.9323671497584538,0.9896602630615234,0.9878458976745605,0,0,0,0,0,0.6770377159118652,0,0,0,0,0.640213131904602,26.4,220,0.6544907093048096,1.3223001956939697,0.9353208392858505,14.677956247483962,1.4696569017388603,1.3860205138271504,0.14089556825638283,0.4240909090909091,0.3034090909090909,-0.02005868874329396,0.08867729782880368,0.09706655651220883,0.4532875295933336,0.759090909090909,residual,0,x_passive,residual_passive_rvo_mpc,7,23
narrow_gate,density_v4_interaction_tiers,rvo_multistep_density_v1,main,fixed,4,14568,plain_candidate,clean,0.0,0.0,neighbor_gaussian_v1,6082046436801095145,12.0,8.0,96.0,0.041666666666666664,24.0,x,y,2.2,1.8181818181818181,0.8588428497314453,0.8514242172241211,0,0,0,0,0,2.812664031982422,1,0,0,0,0.8085153578072906,25.32,211,0.11024393141269684,0.3070617616176605,0.9895292958244681,13.012741462574922,0.7070514623161795,0.5875654865495522,0.19981232220726308,0.22037914691943128,0.06753554502369669,0.4514452252327826,0.6231508096039724,0.6549485969227395,1.1942487420300878,0.4419431279620853,plain,1,x_intent,icgp_rvo_mpc,7,23
narrow_gate,density_v4_interaction_tiers,rvo_multistep_density_v1,main,fixed,4,14568,plain_zero,clean,0.0,0.0,neighbor_gaussian_v1,6082046436801095145,12.0,8.0,96.0,0.041666666666666664,24.0,x,y,2.2,1.8181818181818181,0.8588428497314453,0.8514242172241211,0,0,0,0,0,2.812664031982422,0,0,0,0,0.8068993592420746,26.4,220,1.8410989046096802,7.1627516746521,0.8251368403434753,13.897146921946842,0.7392871212481458,0.6056978303780356,0.1849988631544296,0.305,0.14886363636363636,0.46555229115735286,0.5857952519608541,0.619416756338056,1.0286175986483017,0.5613636363636364,plain,0,x_passive,passive_rvo_mpc,7,23
narrow_gate,density_v4_interaction_tiers,rvo_multistep_density_v1,main,fixed,4,14568,residual_candidate,clean,0.0,0.0,neighbor_gaussian_v1,6082046436801095145,12.0,8.0,96.0,0.041666666666666664,24.0,x,y,2.2,1.8181818181818181,0.8588428497314453,0.8514242172241211,0,0,0,0,0,2.812664031982422,0,0,0,0,0.8178024388899474,26.4,220,3.768653392791748,8.213482856750488,0.6420623362064362,10.51237346400012,0.7204670547343665,0.606415456278024,0.22904193167712286,0.32227272727272727,0.014772727272727272,0.29598406265392724,0.46961866505127453,0.47826728149160014,0.7760230221896204,0.6363636363636364,residual,1,x_intent,icgp_rvo_mpc,7,23
narrow_gate,density_v4_interaction_tiers,rvo_multistep_density_v1,main,fixed,4,14568,residual_zero,clean,0.0,0.0,neighbor_gaussian_v1,6082046436801095145,12.0,8.0,96.0,0.041666666666666664,24.0,x,y,2.2,1.8181818181818181,0.8588428497314453,0.8514242172241211,0,0,0,0,0,2.812664031982422,0,0,0,0,0.8085153578072906,26.4,220,1.7640502452850342,6.854933261871338,0.8324547410011292,12.82059959002072,0.650477827783272,0.5028874152589824,0.2606638637106781,0.23045454545454547,0.06136363636363636,0.6635738794707511,0.782024360061719,0.7884325049114442,1.1636435330101558,0.5136363636363637,residual,0,x_passive,residual_passive_rvo_mpc,7,23
narrow_gate,density_v4_interaction_tiers,rvo_multistep_density_v1,main,fixed,4,14568,plain_candidate,low,0.02,0.04,neighbor_gaussian_v1,12122434944090959287,12.0,8.0,96.0,0.041666666666666664,24.0,x,y,2.2,1.8181818181818181,0.8588428497314453,0.8514242172241211,0,0,0,0,0,2.812664031982422,0,0,0,0,0.8117202968064083,26.4,220,1.7534432411193848,6.851384162902832,0.8334621638059616,12.342617279828119,0.7710837104525788,0.6483505864390661,0.24008670403749088,0.26795454545454545,0.06477272727272727,0.38745661222012145,0.5725576844862151,0.5862761258440324,1.0779498498916884,0.5056818181818182,plain,1,x_intent,icgp_rvo_mpc,7,23
narrow_gate,density_v4_interaction_tiers,rvo_multistep_density_v1,main,fixed,4,14568,plain_zero,low,0.02,0.04,neighbor_gaussian_v1,12122434944090959287,12.0,8.0,96.0,0.041666666666666664,24.0,x,y,2.2,1.8181818181818181,0.8588428497314453,0.8514242172241211,0,0,0,0,0,2.812664031982422,0,0,0,0,0.7013618350028992,26.4,220,1.795035719871521,7.087202548980713,0.8295118063688278,11.358583218246622,0.6223605236170856,0.5037355756016703,0.2786728407954797,0.33204545454545453,0.1431818181818182,0.4908127775219502,0.6361206385979032,0.6480656357207358,1.3103985648074854,0.43522727272727274,plain,0,x_passive,passive_rvo_mpc,7,23
narrow_gate,density_v4_interaction_tiers,rvo_multistep_density_v1,main,fixed,4,14568,residual_candidate,low,0.02,0.04,neighbor_gaussian_v1,12122434944090959287,12.0,8.0,96.0,0.041666666666666664,24.0,x,y,2.2,1.8181818181818181,0.8588428497314453,0.8514242172241211,0,0,0,0,0,2.812664031982422,0,0,0,0,0.8117202968064083,26.4,220,1.7247663736343384,6.739649295806885,0.8361858278512955,14.36445337405894,0.8516936653793727,0.6988943027445313,0.43212693172708067,0.24659090909090908,0.16818181818181818,0.66320845352386,0.804772890659087,0.8229226046304554,1.1479374674562792,0.5261363636363636,residual,1,x_intent,icgp_rvo_mpc,7,23
narrow_gate,density_v4_interaction_tiers,rvo_multistep_density_v1,main,fixed,4,14568,residual_zero,low,0.02,0.04,neighbor_gaussian_v1,12122434944090959287,12.0,8.0,96.0,0.041666666666666664,24.0,x,y,2.2,1.8181818181818181,0.8588428497314453,0.8514242172241211,0,0,0,0,0,2.812664031982422,0,0,0,0,0.8117202968064083,26.4,220,0.856160044670105,3.2067463397979736,0.9186839684844017,13.755423615453765,0.786703452387883,0.6024220031502044,0.3412590909151318,0.2584090909090909,0.1215909090909091,0.5958946766789461,0.6997522256569527,0.7079165388556893,1.097662499466906,0.45454545454545453,residual,0,x_passive,residual_passive_rvo_mpc,7,23
narrow_gate,density_v4_interaction_tiers,rvo_multistep_density_v1,main,fixed,4,14568,plain_candidate,medium,0.05,0.1,neighbor_gaussian_v1,3875971544059509637,12.0,8.0,96.0,0.041666666666666664,24.0,x,y,2.2,1.8181818181818181,0.8588428497314453,0.8514242172241211,0,0,0,0,0,2.812664031982422,0,0,0,0,0.8037702332547103,26.4,220,1.5402190685272217,5.995783805847168,0.8537136912345886,12.205547144563752,0.7275880588905157,0.6093777106097034,0.2694198861718178,0.2865909090909091,0.10227272727272728,0.42460003423764475,0.630036395764637,0.6467795116554408,1.1572816713097946,0.44772727272727275,plain,1,x_intent,icgp_rvo_mpc,7,23
narrow_gate,density_v4_interaction_tiers,rvo_multistep_density_v1,main,fixed,4,14568,plain_zero,medium,0.05,0.1,neighbor_gaussian_v1,3875971544059509637,12.0,8.0,96.0,0.041666666666666664,24.0,x,y,2.2,1.8181818181818181,0.8588428497314453,0.8514242172241211,0,0,0,0,0,2.812664031982422,1,0,0,0,0.6475181579589844,15.84,132,0.11825310438871384,0.3444545865058899,0.9887686036527157,11.60111614514608,0.7876838438488917,0.61900126798851,0.3011157191808293,0.29015151515151516,0.1553030303030303,0.4314989518813589,0.5580664178967417,0.6290748122592877,1.0049165684065713,0.5113636363636364,plain,0,x_passive,passive_rvo_mpc,7,23
narrow_gate,density_v4_interaction_tiers,rvo_multistep_density_v1,main,fixed,4,14568,residual_candidate,medium,0.05,0.1,neighbor_gaussian_v1,3875971544059509637,12.0,8.0,96.0,0.041666666666666664,24.0,x,y,2.2,1.8181818181818181,0.8588428497314453,0.8514242172241211,0,0,0,0,0,2.812664031982422,1,0,0,0,0.7791615724563599,25.439999999999998,212,0.10328978300094604,0.28635165095329285,0.99018978420645,13.563955831634303,0.7717175086351213,0.6153838064655607,0.3815535377004878,0.29316037735849054,0.13443396226415094,0.6243297196797721,0.7795350466022241,0.822686821854643,1.108006524082357,0.4681603773584906,residual,1,x_intent,icgp_rvo_mpc,7,23
narrow_gate,density_v4_interaction_tiers,rvo_multistep_density_v1,main,fixed,4,14568,residual_zero,medium,0.05,0.1,neighbor_gaussian_v1,3875971544059509637,12.0,8.0,96.0,0.041666666666666664,24.0,x,y,2.2,1.8181818181818181,0.8588428497314453,0.8514242172241211,0,0,0,0,0,2.812664031982422,1,0,0,0,0.6742467284202576,24.72,206,0.1179531142115593,0.3580362796783447,0.9887970956042409,12.899880762866815,0.6823175970535021,0.5305696643683315,0.34402208787036465,0.2354368932038835,0.13106796116504854,0.7531321601053708,0.8592833592003466,0.8956549868232209,1.2210525325217618,0.433252427184466,residual,0,x_passive,residual_passive_rvo_mpc,7,23
narrow_gate,density_v4_interaction_tiers,rvo_multistep_density_v1,main,fixed,4,14568,plain_candidate,high,0.1,0.2,neighbor_gaussian_v1,6063244633417709284,12.0,8.0,96.0,0.041666666666666664,24.0,x,y,2.2,1.8181818181818181,0.8588428497314453,0.8514242172241211,0,0,0,0,0,2.812664031982422,1,0,1,0,0.5943540334701538,19.2,160,0.14013859629631042,0.3776818513870239,0.9866899717599154,11.948651095182868,0.9673229234940667,0.7145603678848025,0.25424921932426514,0.3153125,0.178125,0.3456330348237272,0.541278216410098,0.6305728326435047,1.0790884914574264,0.4421875,plain,1,x_intent,icgp_rvo_mpc,7,23
narrow_gate,density_v4_interaction_tiers,rvo_multistep_density_v1,main,fixed,4,14568,plain_zero,high,0.1,0.2,neighbor_gaussian_v1,6063244633417709284,12.0,8.0,96.0,0.041666666666666664,24.0,x,y,2.2,1.8181818181818181,0.8588428497314453,0.8514242172241211,0,0,0,0,0,2.812664031982422,1,0,0,0,0.746435284614563,17.64,147,0.09607136249542236,0.2819083034992218,0.9908753726631403,11.977059880053275,0.8808151621577016,0.7025495315319858,0.2465057825284763,0.30952380952380953,0.23129251700680273,0.44533072089820946,0.5632328714843094,0.6135727529276422,1.154115713041932,0.467687074829932,plain,0,x_passive,passive_rvo_mpc,7,23
narrow_gate,density_v4_interaction_tiers,rvo_multistep_density_v1,main,fixed,4,14568,residual_candidate,high,0.1,0.2,neighbor_gaussian_v1,6063244633417709284,12.0,8.0,96.0,0.041666666666666664,24.0,x,y,2.2,1.8181818181818181,0.8588428497314453,0.8514242172241211,0,0,0,0,0,2.812664031982422,1,0,0,0,0.6263182759284973,16.919999999999998,141,0.12360875308513641,0.3263320326805115,0.9882599366828799,12.89203322015237,1.0102790517073845,0.7577505350689763,0.33809060287820375,0.23652482269503547,0.12943262411347517,0.48404459699067476,0.6374982026755245,0.6684096558300149,0.965756538124964,0.5301418439716312,residual,1,x_intent,icgp_rvo_mpc,7,23
narrow_gate,density_v4_interaction_tiers,rvo_multistep_density_v1,main,fixed,4,14568,residual_zero,high,0.1,0.2,neighbor_gaussian_v1,6063244633417709284,12.0,8.0,96.0,0.041666666666666664,24.0,x,y,2.2,1.8181818181818181,0.8588428497314453,0.8514242172241211,0,0,0,0,0,2.812664031982422,0,0,0,0,0.8076617919845767,26.4,220,0.5237886309623718,1.9953593015670776,0.9502518102526665,13.272619290806688,1.2223885793115847,1.0959603730031127,0.4146968182546764,0.2984090909090909,0.15227272727272728,0.3283565364905208,0.4558847952377754,0.47796397844680694,0.7636982837163504,0.6659090909090909,residual,0,x_passive,residual_passive_rvo_mpc,7,23
narrow_gate,density_v4_interaction_tiers,rvo_multistep_density_v1,main,fixed,8,18568,plain_candidate,clean,0.0,0.0,neighbor_gaussian_v1,1664556870277077197,12.0,8.0,96.0,0.08333333333333333,12.0,x,y,2.2,3.6363636363636362,0.8270621299743652,0.8121213912963867,0,0,0,0,0,0.8346675038337708,0,0,0,0,0.6182850003242493,26.4,220,0.8085204362869263,3.002715587615967,0.9225675910711288,14.020480153874814,0.7999006018169563,0.7598179054107855,0.16595653389892753,0.5307954545454545,0.2755681818181818,-0.06958901449457734,0.10366345634111615,0.1311754863499578,0.5095505771761569,0.80625,plain,1,x_intent,icgp_rvo_mpc,7,23
narrow_gate,density_v4_interaction_tiers,rvo_multistep_density_v1,main,fixed,8,18568,plain_zero,clean,0.0,0.0,neighbor_gaussian_v1,1664556870277077197,12.0,8.0,96.0,0.08333333333333333,12.0,x,y,2.2,3.6363636363636362,0.8270621299743652,0.8121213912963867,0,0,0,0,0,0.8346675038337708,0,0,0,0,0.6560737490653992,26.4,220,1.3588777780532837,7.2091779708862305,0.869859591126442,13.791542936851329,0.9162948145785115,0.8241108820858327,0.14178107954979746,0.4781818181818182,0.29204545454545455,-0.0019998513008387467,0.12012083410889968,0.1376508000166217,0.523499060503061,0.7448863636363636,plain,0,x_passive,passive_rvo_mpc,7,23
narrow_gate,density_v4_interaction_tiers,rvo_multistep_density_v1,main,fixed,8,18568,residual_candidate,clean,0.0,0.0,neighbor_gaussian_v1,1664556870277077197,12.0,8.0,96.0,0.08333333333333333,12.0,x,y,2.2,3.6363636363636362,0.8270621299743652,0.8121213912963867,0,0,0,0,0,0.8346675038337708,0,0,0,0,0.6036515235900879,26.4,220,4.986135482788086,7.9522528648376465,0.5224753022193909,8.572043096571178,0.7077320761639964,0.7479492919688875,0.19410215923430355,0.5223863636363636,0.2119318181818182,-0.08683795424970547,0.09199296879488587,0.0940425816063478,0.49700352290725286,0.8085227272727272,residual,1,x_intent,icgp_rvo_mpc,7,23
narrow_gate,density_v4_interaction_tiers,rvo_multistep_density_v1,main,fixed,8,18568,residual_zero,clean,0.0,0.0,neighbor_gaussian_v1,1664556870277077197,12.0,8.0,96.0,0.08333333333333333,12.0,x,y,2.2,3.6363636363636362,0.8270621299743652,0.8121213912963867,0,0,0,0,0,0.8346675038337708,0,0,0,0,0.6840983629226685,26.4,220,3.3289060592651367,7.403355598449707,0.6811890006065369,10.592961143560387,0.6847527929158373,0.6435253984633494,0.17762886349043006,0.5753409090909091,0.2681818181818182,-0.0304275622011233,0.11660984256632084,0.12259390973135964,0.40718830329568034,0.8119318181818181,residual,0,x_passive,residual_passive_rvo_mpc,7,23
narrow_gate,density_v4_interaction_tiers,rvo_multistep_density_v1,main,fixed,8,18568,plain_candidate,low,0.02,0.04,neighbor_gaussian_v1,5348352556826932693,12.0,8.0,96.0,0.08333333333333333,12.0,x,y,2.2,3.6363636363636362,0.8270621299743652,0.8121213912963867,0,0,0,0,0,0.8346675038337708,0,0,0,0,0.6869775056838989,26.4,220,1.6228864192962646,7.617455005645752,0.8445753455162048,13.387131439463928,0.83033431885256,0.823949425870722,0.11897778395822653,0.5506818181818182,0.2948863636363636,-0.09094738883176393,0.09519775596704357,0.10013872629802104,0.49228487007251753,0.7926136363636364,plain,1,x_intent,icgp_rvo_mpc,7,23
narrow_gate,density_v4_interaction_tiers,rvo_multistep_density_v1,main,fixed,8,18568,plain_zero,low,0.02,0.04,neighbor_gaussian_v1,5348352556826932693,12.0,8.0,96.0,0.08333333333333333,12.0,x,y,2.2,3.6363636363636362,0.8270621299743652,0.8121213912963867,0,0,0,0,0,0.8346675038337708,0,0,0,0,0.6196056604385376,26.4,220,2.866060733795166,7.4835124015808105,0.7255159318447113,11.627928130119528,0.7720054763961922,0.7246381055563689,0.09552732970570849,0.5890909090909091,0.3488636363636364,-0.06532969501300827,0.07582601100189204,0.07994965832103015,0.46001080827823576,0.7642045454545454,plain,0,x_passive,passive_rvo_mpc,7,23
narrow_gate,density_v4_interaction_tiers,rvo_multistep_density_v1,main,fixed,8,18568,residual_candidate,low,0.02,0.04,neighbor_gaussian_v1,5348352556826932693,12.0,8.0,96.0,0.08333333333333333,12.0,x,y,2.2,3.6363636363636362,0.8270621299743652,0.8121213912963867,0,0,0,0,0,0.8346675038337708,0,0,0,0,0.6573655605316162,26.4,220,1.9903576374053955,6.8113555908203125,0.8093824535608292,12.000993801710138,0.7842909815297885,0.7381646474654024,0.120330965728499,0.6001136363636363,0.30170454545454545,-0.11090086983038698,0.08281136581969634,0.09018608062114959,0.5447519278656707,0.775,residual,1,x_intent,icgp_rvo_mpc,7,23
narrow_gate,density_v4_interaction_tiers,rvo_multistep_density_v1,main,fixed,8,18568,residual_zero,low,0.02,0.04,neighbor_gaussian_v1,5348352556826932693,12.0,8.0,96.0,0.08333333333333333,12.0,x,y,2.2,3.6363636363636362,0.8270621299743652,0.8121213912963867,0,0,0,0,0,0.8346675038337708,0,0,0,0,0.6232190132141113,26.4,220,1.0105701684951782,4.877435207366943,0.903217189013958,13.305238515265955,0.8683904089710929,0.8096049982715737,0.11478028440747452,0.5654545454545454,0.3397727272727273,-0.04670119505806066,0.0887695511747715,0.1028762428373323,0.5108084568061165,0.7761363636363636,residual,0,x_passive,residual_passive_rvo_mpc,7,23
narrow_gate,density_v4_interaction_tiers,rvo_multistep_density_v1,main,fixed,8,18568,plain_candidate,medium,0.05,0.1,neighbor_gaussian_v1,1355427192403387669,12.0,8.0,96.0,0.08333333333333333,12.0,x,y,2.2,3.6363636363636362,0.8270621299743652,0.8121213912963867,0,0,0,0,0,0.8346675038337708,0,0,0,0,0.7198829054832458,26.4,220,2.0117170810699463,6.847143650054932,0.8073368519544601,12.641278636297102,1.068796328252012,1.0137328546155582,0.10074085214662111,0.5857954545454546,0.2852272727272727,-0.1191358631902885,0.06776177945737108,0.07837891782295102,0.41481561597532407,0.834659090909091,plain,1,x_intent,icgp_rvo_mpc,7,23
narrow_gate,density_v4_interaction_tiers,rvo_multistep_density_v1,main,fixed,8,18568,plain_zero,medium,0.05,0.1,neighbor_gaussian_v1,1355427192403387669,12.0,8.0,96.0,0.08333333333333333,12.0,x,y,2.2,3.6363636363636362,0.8270621299743652,0.8121213912963867,0,0,0,0,0,0.8346675038337708,0,0,0,0,0.7376611232757568,26.4,220,2.091562271118164,6.962203025817871,0.7996900379657745,13.211231596626021,0.8770499735054644,0.812519629096443,0.11207147743500007,0.5801136363636363,0.34375,-0.024248757701385328,0.1143765525031772,0.11652079859646344,0.6053385745129655,0.7198863636363636,plain,0,x_passive,passive_rvo_mpc,7,23
narrow_gate,density_v4_interaction_tiers,rvo_multistep_density_v1,main,fixed,8,18568,residual_candidate,medium,0.05,0.1,neighbor_gaussian_v1,1355427192403387669,12.0,8.0,96.0,0.08333333333333333,12.0,x,y,2.2,3.6363636363636362,0.8270621299743652,0.8121213912963867,0,0,0,0,0,0.8346675038337708,0,0,0,0,0.6428061127662659,26.4,220,1.3733932971954346,6.21012020111084,0.8684694319963455,13.324225393138477,0.9771468877453696,0.9670348539609801,0.1402132385092872,0.5246590909090909,0.28352272727272726,-0.04066393212607262,0.13312692583462496,0.15939846546359765,0.5664063885574631,0.7397727272727272,residual,1,x_intent,icgp_rvo_mpc,7,23
narrow_gate,density_v4_interaction_tiers,rvo_multistep_density_v1,main,fixed,8,18568,residual_zero,medium,0.05,0.1,neighbor_gaussian_v1,1355427192403387669,12.0,8.0,96.0,0.08333333333333333,12.0,x,y,2.2,3.6363636363636362,0.8270621299743652,0.8121213912963867,0,0,0,0,0,0.8346675038337708,0,0,0,0,0.6548910140991211,26.4,220,2.1484792232513428,7.004363059997559,0.7942390590906143,12.139499772133604,0.8927095371891152,0.8246894965794953,0.1366578408950855,0.5334090909090909,0.27329545454545456,-0.03521296540343918,0.10817678309786452,0.11403261545062063,0.4881508828234182,0.7579545454545454,residual,0,x_passive,residual_passive_rvo_mpc,7,23
narrow_gate,density_v4_interaction_tiers,rvo_multistep_density_v1,main,fixed,8,18568,plain_candidate,high,0.1,0.2,neighbor_gaussian_v1,14326696067181064094,12.0,8.0,96.0,0.08333333333333333,12.0,x,y,2.2,3.6363636363636362,0.8270621299743652,0.8121213912963867,0,0,0,0,0,0.8346675038337708,0,0,0,0,0.6570878028869629,26.4,220,0.526962399482727,1.4199998378753662,0.9495325461030006,14.686312132899047,1.1987216663631526,1.14157328131524,0.11252323863366408,0.5504545454545454,0.3465909090909091,-0.10092539698969383,0.06614509882634739,0.06961072029474101,0.5751289256034801,0.7636363636363637,plain,1,x_intent,icgp_rvo_mpc,7,23
narrow_gate,density_v4_interaction_tiers,rvo_multistep_density_v1,main,fixed,8,18568,plain_zero,high,0.1,0.2,neighbor_gaussian_v1,14326696067181064094,12.0,8.0,96.0,0.08333333333333333,12.0,x,y,2.2,3.6363636363636362,0.8270621299743652,0.8121213912963867,0,0,0,0,0,0.8346675038337708,0,0,0,0,0.6299716234207153,26.4,220,1.322896957397461,7.681241035461426,0.8733054995536804,13.988355632984167,1.2609118821946057,1.155034925179048,0.10862994306741959,0.5165909090909091,0.31136363636363634,-0.04571864125597429,0.09161656561620725,0.12152597021690724,0.48227019141823113,0.7573863636363637,plain,0,x_passive,passive_rvo_mpc,7,23
narrow_gate,density_v4_interaction_tiers,rvo_multistep_density_v1,main,fixed,8,18568,residual_candidate,high,0.1,0.2,neighbor_gaussian_v1,14326696067181064094,12.0,8.0,96.0,0.08333333333333333,12.0,x,y,2.2,3.6363636363636362,0.8270621299743652,0.8121213912963867,0,0,0,0,0,0.8346675038337708,0,0,0,0,0.6177900433540344,26.4,220,1.5690648555755615,7.716668605804443,0.8497298657894135,13.02196723457837,1.1736945664340799,1.1291172637180849,0.12281102267892989,0.5656818181818182,0.2897727272727273,-0.09491434977198826,0.09283025471490851,0.10159741925312626,0.5272051024347801,0.76875,residual,1,x_intent,icgp_rvo_mpc,7,23
narrow_gate,density_v4_interaction_tiers,rvo_multistep_density_v1,main,fixed,8,18568,residual_zero,high,0.1,0.2,neighbor_gaussian_v1,14326696067181064094,12.0,8.0,96.0,0.08333333333333333,12.0,x,y,2.2,3.6363636363636362,0.8270621299743652,0.8121213912963867,0,0,0,0,0,0.8346675038337708,0,0,0,0,0.6400264501571655,26.4,220,0.8969347476959229,3.6418933868408203,0.9141001105308533,13.758817044803436,1.1886287164620377,1.1086111498827285,0.11130602238567504,0.5463636363636364,0.30454545454545456,-0.053139510114436225,0.0837192042715667,0.0912098660585715,0.5237448822314166,0.7607954545454545,residual,0,x_passive,residual_passive_rvo_mpc,7,23
merge_bottleneck,density_v4_interaction_tiers,rvo_multistep_density_v1,main,fixed,4,15081,plain_candidate,clean,0.0,0.0,neighbor_gaussian_v1,4786013680536209271,12.0,8.0,96.0,0.041666666666666664,24.0,x,y,2.2,1.8181818181818181,0.7907991409301758,0.9000000953674316,0,0,0,0,0,1.6580647230148315,0,0,0,0,0.7286505103111267,26.4,220,0.5220574140548706,0.7814770340919495,0.9496240429580212,14.118693283584435,0.7173853059569162,0.6659847743970617,0.16472181867522356,0.3390909090909091,0.08863636363636364,0.09622920202194879,0.25999323636547794,0.2984435256121888,0.48517169426684237,0.7056818181818182,plain,1,x_intent,icgp_rvo_mpc,7,23
merge_bottleneck,density_v4_interaction_tiers,rvo_multistep_density_v1,main,fixed,4,15081,plain_zero,clean,0.0,0.0,neighbor_gaussian_v1,4786013680536209271,12.0,8.0,96.0,0.041666666666666664,24.0,x,y,2.2,1.8181818181818181,0.7907991409301758,0.9000000953674316,0,0,0,0,0,1.6580647230148315,0,0,0,0,0.5974380970001221,26.4,220,0.6701668500900269,1.1211234331130981,0.935332216322422,13.320078256489978,0.6443192798369141,0.5994879511438987,0.15678545493177476,0.4018181818181818,0.125,0.08574638928224229,0.22876279770103142,0.26393301537220903,0.48796828995620356,0.6977272727272728,plain,0,x_passive,passive_rvo_mpc,7,23
merge_bottleneck,density_v4_interaction_tiers,rvo_multistep_density_v1,main,fixed,4,15081,residual_candidate,clean,0.0,0.0,neighbor_gaussian_v1,4786013680536209271,12.0,8.0,96.0,0.041666666666666664,24.0,x,y,2.2,1.8181818181818181,0.7907991409301758,0.9000000953674316,0,0,0,0,0,1.6580647230148315,0,0,0,0,0.7548912763595581,26.4,220,0.6302518844604492,1.1625044345855713,0.9391838125884533,13.412599312607199,0.7012374589494191,0.6569796168756015,0.22750602279715662,0.3884090909090909,0.1318181818181818,0.06464744587246513,0.20813332880721414,0.22194522426168592,0.560595525394313,0.7170454545454545,residual,1,x_intent,icgp_rvo_mpc,7,23
merge_bottleneck,density_v4_interaction_tiers,rvo_multistep_density_v1,main,fixed,4,15081,residual_zero,clean,0.0,0.0,neighbor_gaussian_v1,4786013680536209271,12.0,8.0,96.0,0.041666666666666664,24.0,x,y,2.2,1.8181818181818181,0.7907991409301758,0.9000000953674316,0,0,0,0,0,1.6580647230148315,0,0,0,0,0.8400487990535785,26.4,220,0.869201123714447,1.501896619796753,0.9161263927817345,13.317514067253796,0.5239560591081417,0.5014530155897691,0.22657602292549034,0.3718181818181818,0.10113636363636364,0.08539444195588855,0.22554005122605633,0.24951923647672875,0.5169198680846165,0.7181818181818181,residual,0,x_passive,residual_passive_rvo_mpc,7,23
merge_bottleneck,density_v4_interaction_tiers,rvo_multistep_density_v1,main,fixed,4,15081,plain_candidate,low,0.02,0.04,neighbor_gaussian_v1,10366500963227546404,12.0,8.0,96.0,0.041666666666666664,24.0,x,y,2.2,1.8181818181818181,0.7907991409301758,0.9000000953674316,0,0,0,0,0,1.6580647230148315,0,0,0,0,0.8400318336486816,26.4,220,0.6324085593223572,0.9659061431884766,0.93897570297122,13.28623615190736,0.6321326151463422,0.6014384647468846,0.16197147779166698,0.34613636363636363,0.07386363636363637,0.11235965507007396,0.27669111963324267,0.30266300262676743,0.5587901455749725,0.6863636363636364,plain,1,x_intent,icgp_rvo_mpc,7,23
merge_bottleneck,density_v4_interaction_tiers,rvo_multistep_density_v1,main,fixed,4,15081,plain_zero,low,0.02,0.04,neighbor_gaussian_v1,10366500963227546404,12.0,8.0,96.0,0.041666666666666664,24.0,x,y,2.2,1.8181818181818181,0.7907991409301758,0.9000000953674316,0,0,0,0,0,1.6580647230148315,0,0,0,0,0.790915310382843,26.4,220,0.6664641499519348,0.9249473214149475,0.9356895089149475,13.433327242091764,0.6823967358032033,0.6265943771585377,0.1640115910215007,0.4068181818181818,0.13522727272727272,0.06878914905947474,0.2043434659760828,0.21948816524615783,0.4959942525290299,0.6954545454545454,plain,0,x_passive,passive_rvo_mpc,7,23
merge_bottleneck,density_v4_interaction_tiers,rvo_multistep_density_v1,main,fixed,4,15081,residual_candidate,low,0.02,0.04,neighbor_gaussian_v1,10366500963227546404,12.0,8.0,96.0,0.041666666666666664,24.0,x,y,2.2,1.8181818181818181,0.7907991409301758,0.9000000953674316,0,0,0,0,0,1.6580647230148315,0,0,0,0,0.6577214598655701,26.4,220,0.47599637508392334,0.698968768119812,0.9540687054395676,14.134985469747335,0.7027619829045844,0.6104289732780837,0.21278829577072014,0.36863636363636365,0.10340909090909091,0.05265520861713239,0.21151166379014427,0.23962962427839865,0.4976533311749425,0.7318181818181818,residual,1,x_intent,icgp_rvo_mpc,7,23
merge_bottleneck,density_v4_interaction_tiers,rvo_multistep_density_v1,main,fixed,4,15081,residual_zero,low,0.02,0.04,neighbor_gaussian_v1,10366500963227546404,12.0,8.0,96.0,0.041666666666666664,24.0,x,y,2.2,1.8181818181818181,0.7907991409301758,0.9000000953674316,0,0,0,0,0,1.6580647230148315,0,0,0,0,0.8400219392776489,26.4,220,0.7305870652198792,1.0874136686325073,0.9295019656419754,13.653610945300898,0.6429895291782238,0.6637169277380136,0.20976534142391756,0.35568181818181815,0.08636363636363636,0.09438963406388502,0.22464470676739506,0.24591288420626106,0.5067940003683203,0.7840909090909091,residual,0,x_passive,residual_passive_rvo_mpc,7,23
merge_bottleneck,density_v4_interaction_tiers,rvo_multistep_density_v1,main,fixed,4,15081,plain_candidate,medium,0.05,0.1,neighbor_gaussian_v1,718014154801997821,12.0,8.0,96.0,0.041666666666666664,24.0,x,y,2.2,1.8181818181818181,0.7907991409301758,0.9000000953674316,0,0,0,0,0,1.6580647230148315,0,0,0,0,0.8203058242797852,26.4,220,0.6788753271102905,0.9021520614624023,0.9344918951392174,14.024505220653737,0.7161648400428187,0.663615280008261,0.1644286366089628,0.3845454545454545,0.12727272727272726,0.0818232283479452,0.24902028702005102,0.2754704353126142,0.5450862108174143,0.6772727272727272,plain,1,x_intent,icgp_rvo_mpc,7,23
merge_bottleneck,density_v4_interaction_tiers,rvo_multistep_density_v1,main,fixed,4,15081,plain_zero,medium,0.05,0.1,neighbor_gaussian_v1,718014154801997821,12.0,8.0,96.0,0.041666666666666664,24.0,x,y,2.2,1.8181818181818181,0.7907991409301758,0.9000000953674316,0,0,0,0,0,1.6580647230148315,0,0,0,0,0.8380586874485016,26.4,220,0.5690249800682068,0.6805283427238464,0.9450919069349766,14.012791556397133,0.8979639955531721,0.8602195290700447,0.16064715924916195,0.35045454545454546,0.08636363636363636,0.1063141497787843,0.2375724800275427,0.2642682844609318,0.5025631792893727,0.7761363636363636,plain,0,x_passive,passive_rvo_mpc,7,23
merge_bottleneck,density_v4_interaction_tiers,rvo_multistep_density_v1,main,fixed,4,15081,residual_candidate,medium,0.05,0.1,neighbor_gaussian_v1,718014154801997821,12.0,8.0,96.0,0.041666666666666664,24.0,x,y,2.2,1.8181818181818181,0.7907991409301758,0.9000000953674316,0,0,0,0,0,1.6580647230148315,0,0,0,0,0.8400493003980098,26.4,220,0.6147028207778931,0.9238631725311279,0.9406842216849327,13.910278808878502,0.7290199579973969,0.6473275668770921,0.20771784051744777,0.3809090909090909,0.10340909090909091,0.0786334684476577,0.22987431174476802,0.2530697708965779,0.5262089479982577,0.7431818181818182,residual,1,x_intent,icgp_rvo_mpc,7,23
merge_bottleneck,density_v4_interaction_tiers,rvo_multistep_density_v1,main,fixed,4,15081,residual_zero,medium,0.05,0.1,neighbor_gaussian_v1,718014154801997821,12.0,8.0,96.0,0.041666666666666664,24.0,x,y,2.2,1.8181818181818181,0.7907991409301758,0.9000000953674316,0,0,0,0,0,1.6580647230148315,0,0,0,0,0.8400024583283507,26.4,220,0.554779589176178,0.7531908750534058,0.9464665167033672,14.015486160875298,0.6874536206448366,0.649881562366235,0.2103894325211348,0.3609090909090909,0.08636363636363636,0.09502551256292736,0.22888814643567226,0.2506064651283348,0.526346944477125,0.7397727272727272,residual,0,x_passive,residual_passive_rvo_mpc,7,23
merge_bottleneck,density_v4_interaction_tiers,rvo_multistep_density_v1,main,fixed,4,15081,plain_candidate,high,0.1,0.2,neighbor_gaussian_v1,5278420689203000485,12.0,8.0,96.0,0.041666666666666664,24.0,x,y,2.2,1.8181818181818181,0.7907991409301758,0.9000000953674316,0,0,0,0,0,1.6580647230148315,0,0,0,0,0.8400460646686385,26.4,220,0.7982522249221802,1.5307737588882446,0.9229726120829582,14.181477345315216,0.9167312974938382,0.7991768842991653,0.16304568112404508,0.3465909090909091,0.08522727272727272,0.10804885379402551,0.26852966008586077,0.3092490237888299,0.5126273129294636,0.696590909090909,plain,1,x_intent,icgp_rvo_mpc,7,23
merge_bottleneck,density_v4_interaction_tiers,rvo_multistep_density_v1,main,fixed,4,15081,plain_zero,high,0.1,0.2,neighbor_gaussian_v1,5278420689203000485,12.0,8.0,96.0,0.041666666666666664,24.0,x,y,2.2,1.8181818181818181,0.7907991409301758,0.9000000953674316,0,0,0,0,0,1.6580647230148315,0,0,0,0,0.7055412530899048,26.4,220,1.278639793395996,3.435234785079956,0.8766175881028175,13.122796617990389,0.911985641840676,0.8717123462268236,0.15701215868995694,0.3734090909090909,0.08522727272727272,0.121895823926351,0.2645323813847083,0.32381949560779305,0.4671665413969,0.7704545454545455,plain,0,x_passive,passive_rvo_mpc,7,23
merge_bottleneck,density_v4_interaction_tiers,rvo_multistep_density_v1,main,fixed,4,15081,residual_candidate,high,0.1,0.2,neighbor_gaussian_v1,5278420689203000485,12.0,8.0,96.0,0.041666666666666664,24.0,x,y,2.2,1.8181818181818181,0.7907991409301758,0.9000000953674316,0,0,0,0,0,1.6580647230148315,0,0,0,0,0.8347126245498657,26.4,220,0.4663569927215576,0.7395891547203064,0.9549988582730293,13.63174565321242,0.9216216569456843,0.8682726420081136,0.19619443178684873,0.3609090909090909,0.10681818181818181,0.055236944993243595,0.2067857746531097,0.22874431604909906,0.5055335715502556,0.7340909090909091,residual,1,x_intent,icgp_rvo_mpc,7,23
merge_bottleneck,density_v4_interaction_tiers,rvo_multistep_density_v1,main,fixed,4,15081,residual_zero,high,0.1,0.2,neighbor_gaussian_v1,5278420689203000485,12.0,8.0,96.0,0.041666666666666664,24.0,x,y,2.2,1.8181818181818181,0.7907991409301758,0.9000000953674316,0,0,0,0,0,1.6580647230148315,0,0,0,0,0.8400226545333862,26.4,220,1.2287633419036865,3.158998727798462,0.8814304172992706,13.914450323642086,0.7922295191949656,0.7464328906689347,0.205413750319911,0.36954545454545457,0.1,0.08575081913770667,0.22263998726153672,0.24304897776660353,0.49292006463010635,0.7852272727272728,residual,0,x_passive,residual_passive_rvo_mpc,7,23
merge_bottleneck,density_v4_interaction_tiers,rvo_multistep_density_v1,main,fixed,8,19081,plain_candidate,clean,0.0,0.0,neighbor_gaussian_v1,2401160603057230285,12.0,8.0,96.0,0.08333333333333333,12.0,x,y,2.2,3.6363636363636362,0.7769012451171875,0.9000000953674316,0,0,0,0,0,0.7093220949172974,0,0,0,0,0.5933075547218323,26.4,220,3.0811734199523926,6.994202136993408,0.7024602890014648,10.521507851569027,0.8885791356590661,0.9181025908751921,0.08538357975670476,0.6247727272727273,0.29715909090909093,-0.12870671387074042,0.04169894043781735,0.047061475096292715,0.3295421821485449,0.8460227272727273,plain,1,x_intent,icgp_rvo_mpc,7,23
merge_bottleneck,density_v4_interaction_tiers,rvo_multistep_density_v1,main,fixed,8,19081,plain_zero,clean,0.0,0.0,neighbor_gaussian_v1,2401160603057230285,12.0,8.0,96.0,0.08333333333333333,12.0,x,y,2.2,3.6363636363636362,0.7769012451171875,0.9000000953674316,0,0,0,0,0,0.7093220949172974,0,0,0,0,0.5800639390945435,26.4,220,1.8363592624664307,6.52004861831665,0.822668269276619,13.247810631342873,0.9902298121459104,0.9971227216788313,0.08815829523055899,0.6011363636363637,0.37613636363636366,-0.1290418018561285,0.00506752097824455,0.009232468310550891,0.41305839518657655,0.8642045454545455,plain,0,x_passive,passive_rvo_mpc,7,23
merge_bottleneck,density_v4_interaction_tiers,rvo_multistep_density_v1,main,fixed,8,19081,residual_candidate,clean,0.0,0.0,neighbor_gaussian_v1,2401160603057230285,12.0,8.0,96.0,0.08333333333333333,12.0,x,y,2.2,3.6363636363636362,0.7769012451171875,0.9000000953674316,0,0,0,0,0,0.7093220949172974,0,0,0,0,0.6319876909255981,26.4,220,3.0420494079589844,6.792664051055908,0.7062383890151978,12.000631313208487,0.8840655325996605,0.8910560658032244,0.11204647750921802,0.6240909090909091,0.27954545454545454,-0.13293152805604122,0.05832332766880059,0.06749657979754255,0.3218555067007224,0.83125,residual,1,x_intent,icgp_rvo_mpc,7,23
merge_bottleneck,density_v4_interaction_tiers,rvo_multistep_density_v1,main,fixed,8,19081,residual_zero,clean,0.0,0.0,neighbor_gaussian_v1,2401160603057230285,12.0,8.0,96.0,0.08333333333333333,12.0,x,y,2.2,3.6363636363636362,0.7769012451171875,0.9000000953674316,0,0,0,0,0,0.7093220949172974,0,0,1,0,0.4692010283470154,26.4,220,3.0810632705688477,6.864219665527344,0.7024709284305573,11.726826944900495,0.8840927661142566,0.946132939715277,0.11109784096664622,0.6061363636363636,0.3085227272727273,-0.10436641624100444,0.038581303358733623,0.03967641150475087,0.33068993175176087,0.8392045454545455,residual,0,x_passive,residual_passive_rvo_mpc,7,23
merge_bottleneck,density_v4_interaction_tiers,rvo_multistep_density_v1,main,fixed,8,19081,plain_candidate,low,0.02,0.04,neighbor_gaussian_v1,16361565316871578987,12.0,8.0,96.0,0.08333333333333333,12.0,x,y,2.2,3.6363636363636362,0.7769012451171875,0.9000000953674316,0,0,0,0,0,0.7093220949172974,0,0,0,0,0.6092867255210876,26.4,220,3.0510358810424805,6.887485504150391,0.7053705751895905,10.419606985205974,0.8214419732039625,0.9193645121360366,0.1064845454410798,0.6917045454545454,0.3375,-0.1745832111636196,0.013312854639423439,0.018477736705998404,0.34395529432897365,0.8613636363636363,plain,1,x_intent,icgp_rvo_mpc,7,23
merge_bottleneck,density_v4_interaction_tiers,rvo_multistep_density_v1,main,fixed,8,19081,plain_zero,low,0.02,0.04,neighbor_gaussian_v1,16361565316871578987,12.0,8.0,96.0,0.08333333333333333,12.0,x,y,2.2,3.6363636363636362,0.7769012451171875,0.9000000953674316,0,0,0,0,0,0.7093220949172974,0,0,0,0,0.5888199806213379,26.4,220,3.075005292892456,6.990699768066406,0.7030559182167053,11.03705416228172,0.90560626543381,0.9610297033732588,0.11142590943067758,0.5832954545454545,0.28011363636363634,-0.12118651104000346,0.029458988504545314,0.03458725013776265,0.35887074552113013,0.8909090909090909,plain,0,x_passive,passive_rvo_mpc,7,23
merge_bottleneck,density_v4_interaction_tiers,rvo_multistep_density_v1,main,fixed,8,19081,residual_candidate,low,0.02,0.04,neighbor_gaussian_v1,16361565316871578987,12.0,8.0,96.0,0.08333333333333333,12.0,x,y,2.2,3.6363636363636362,0.7769012451171875,0.9000000953674316,0,0,0,0,0,0.7093220949172974,0,0,0,0,0.5329357981681824,26.4,220,3.048105239868164,6.807037353515625,0.705653578042984,11.397712061790116,0.9320880174636841,0.9637673204595393,0.1229589773588073,0.5652272727272727,0.24659090909090908,-0.10727962318481823,0.06791429242072254,0.0828812362977097,0.3175988729400044,0.8477272727272728,residual,1,x_intent,icgp_rvo_mpc,7,23
merge_bottleneck,density_v4_interaction_tiers,rvo_multistep_density_v1,main,fixed,8,19081,residual_zero,low,0.02,0.04,neighbor_gaussian_v1,16361565316871578987,12.0,8.0,96.0,0.08333333333333333,12.0,x,y,2.2,3.6363636363636362,0.7769012451171875,0.9000000953674316,0,0,0,0,0,0.7093220949172974,0,0,0,0,0.7171273231506348,26.4,220,2.727550506591797,6.8052849769592285,0.7366085946559906,12.228080945107877,0.8854321971874345,0.9066890545189381,0.13290210223534482,0.5711363636363637,0.25113636363636366,-0.0791077148359943,0.07253409744156827,0.075846241395932,0.3751283945165573,0.8505681818181818,residual,0,x_passive,residual_passive_rvo_mpc,7,23
merge_bottleneck,density_v4_interaction_tiers,rvo_multistep_density_v1,main,fixed,8,19081,plain_candidate,medium,0.05,0.1,neighbor_gaussian_v1,11386516903708110217,12.0,8.0,96.0,0.08333333333333333,12.0,x,y,2.2,3.6363636363636362,0.7769012451171875,0.9000000953674316,0,0,0,0,0,0.7093220949172974,0,0,0,0,0.5644481778144836,26.4,220,3.2468395233154297,7.063436031341553,0.68646240234375,11.666843971030175,1.0447642108256168,1.0753938951275566,0.09601875003268519,0.66,0.3375,-0.16667798079781465,0.012177016063748054,0.017147915660558396,0.3364290745531868,0.8738636363636364,plain,1,x_intent,icgp_rvo_mpc,7,23
merge_bottleneck,density_v4_interaction_tiers,rvo_multistep_density_v1,main,fixed,8,19081,plain_zero,medium,0.05,0.1,neighbor_gaussian_v1,11386516903708110217,12.0,8.0,96.0,0.08333333333333333,12.0,x,y,2.2,3.6363636363636362,0.7769012451171875,0.9000000953674316,0,0,0,0,0,0.7093220949172974,0,1,1,0,0.37927913665771484,26.4,220,3.1133370399475098,7.032533168792725,0.699354350566864,11.37850105148118,1.1664375059306622,1.1760276499796998,0.09850801136715083,0.6345454545454545,0.3130681818181818,-0.13363920045827915,0.024688821439884105,0.03381147891652054,0.3399132711565966,0.8732954545454545,plain,0,x_passive,passive_rvo_mpc,7,23
merge_bottleneck,density_v4_interaction_tiers,rvo_multistep_density_v1,main,fixed,8,19081,residual_candidate,medium,0.05,0.1,neighbor_gaussian_v1,11386516903708110217,12.0,8.0,96.0,0.08333333333333333,12.0,x,y,2.2,3.6363636363636362,0.7769012451171875,0.9000000953674316,0,0,0,0,0,0.7093220949172974,0,0,0,0,0.5220890045166016,26.4,220,3.168260097503662,6.895778179168701,0.6940505802631378,11.835899674701523,1.1926322748715228,1.1630314415828749,0.12234056835454381,0.5726136363636364,0.23806818181818182,-0.10759713653100764,0.06708042875941155,0.07435661671506737,0.3044327622720807,0.8693181818181818,residual,1,x_intent,icgp_rvo_mpc,7,23
merge_bottleneck,density_v4_interaction_tiers,rvo_multistep_density_v1,main,fixed,8,19081,residual_zero,medium,0.05,0.1,neighbor_gaussian_v1,11386516903708110217,12.0,8.0,96.0,0.08333333333333333,12.0,x,y,2.2,3.6363636363636362,0.7769012451171875,0.9000000953674316,0,0,0,0,0,0.7093220949172974,0,0,0,0,0.6433847546577454,26.4,220,3.232485055923462,6.955724239349365,0.6878485679626465,11.098537960704562,1.037242765961723,1.0488648046824065,0.13203761366391767,0.6167045454545454,0.26477272727272727,-0.10878755537265757,0.04941300062902294,0.050164675413878354,0.3466741634965018,0.8517045454545454,residual,0,x_passive,residual_passive_rvo_mpc,7,23
merge_bottleneck,density_v4_interaction_tiers,rvo_multistep_density_v1,main,fixed,8,19081,plain_candidate,high,0.1,0.2,neighbor_gaussian_v1,15482671834271414096,12.0,8.0,96.0,0.08333333333333333,12.0,x,y,2.2,3.6363636363636362,0.7769012451171875,0.9000000953674316,0,0,0,0,0,0.7093220949172974,0,0,0,0,0.5510890483856201,26.4,220,3.0477991104125977,7.00603723526001,0.7056831419467926,11.336838480142433,1.2057461626827717,1.1711460495536978,0.14433977256968236,0.6232954545454545,0.27954545454545454,-0.14567311025872967,0.027995496885012305,0.03386310086501709,0.3231266246816357,0.8482954545454545,plain,1,x_intent,icgp_rvo_mpc,7,23
merge_bottleneck,density_v4_interaction_tiers,rvo_multistep_density_v1,main,fixed,8,19081,plain_zero,high,0.1,0.2,neighbor_gaussian_v1,15482671834271414096,12.0,8.0,96.0,0.08333333333333333,12.0,x,y,2.2,3.6363636363636362,0.7769012451171875,0.9000000953674316,0,0,0,0,0,0.7093220949172974,0,0,1,0,0.4479968547821045,26.4,220,3.1590731143951416,6.827744483947754,0.6949377357959747,11.696228115913527,1.2293359553272074,1.1508526586673475,0.09591124990865038,0.6081818181818182,0.29545454545454547,-0.12481255047781865,0.027828268623507818,0.03354293939303134,0.36866992703577944,0.8835227272727273,plain,0,x_passive,passive_rvo_mpc,7,23
merge_bottleneck,density_v4_interaction_tiers,rvo_multistep_density_v1,main,fixed,8,19081,residual_candidate,high,0.1,0.2,neighbor_gaussian_v1,15482671834271414096,12.0,8.0,96.0,0.08333333333333333,12.0,x,y,2.2,3.6363636363636362,0.7769012451171875,0.9000000953674316,0,0,0,0,0,0.7093220949172974,0,0,1,0,0.4521968364715576,26.4,220,3.2253880500793457,6.952469825744629,0.6885339021682739,12.186996497609925,1.158759897896512,1.1646642749959772,0.12099409108155999,0.6048863636363636,0.24659090909090908,-0.13578050745107356,0.05636131861432767,0.06697511896848994,0.2926973040524207,0.8625,residual,1,x_intent,icgp_rvo_mpc,7,23
merge_bottleneck,density_v4_interaction_tiers,rvo_multistep_density_v1,main,fixed,8,19081,residual_zero,high,0.1,0.2,neighbor_gaussian_v1,15482671834271414096,12.0,8.0,96.0,0.08333333333333333,12.0,x,y,2.2,3.6363636363636362,0.7769012451171875,0.9000000953674316,0,0,0,0,0,0.7093220949172974,0,0,0,0,0.6748971939086914,26.4,220,3.0978832244873047,7.009305477142334,0.7008466720581055,11.930550633368057,1.2166476554491303,1.1405707028779117,0.14815119287628808,0.5764772727272728,0.24943181818181817,-0.08575577997663617,0.06897234842408666,0.07612789974521386,0.35124305279833706,0.8607954545454546,residual,0,x_passive,residual_passive_rvo_mpc,7,23
four_way_stop,density_v4_interaction_tiers,rvo_multistep_density_v1,main,fixed,4,14816,plain_candidate,clean,0.0,0.0,neighbor_gaussian_v1,2560672395276023532,11.0,11.0,121.0,0.03305785123966942,30.25,x,y,11.0,0.36363636363636365,0.6675724983215332,0.6582441329956055,0,0,0,0,0,6.717509746551514,1,0,0,0,0.9244166016578674,11.28,94,0.1365782618522644,0.32039445638656616,0.9857838004827499,10.299626036459813,0.7108575482357372,0.3802635936223838,0.28547473397957995,0.16063829787234044,0.13031914893617022,1.0531130847187238,1.2030260202344112,1.2675476956486385,2.729075605355679,0.300531914893617,plain,1,x_intent,icgp_rvo_mpc,7,23
four_way_stop,density_v4_interaction_tiers,rvo_multistep_density_v1,main,fixed,4,14816,plain_zero,clean,0.0,0.0,neighbor_gaussian_v1,2560672395276023532,11.0,11.0,121.0,0.03305785123966942,30.25,x,y,11.0,0.36363636363636365,0.6675724983215332,0.6582441329956055,0,0,0,0,0,6.717509746551514,1,0,0,0,0.9311939477920532,12.0,100,0.1103774756193161,0.29543599486351013,0.9885109961032867,10.475413235137239,0.7527605859003961,0.3921955342124026,0.21616250072838739,0.1845,0.1525,1.109375059362501,1.1972529701143504,1.2482658410817384,2.822642361372709,0.345,plain,0,x_passive,passive_rvo_mpc,7,23
four_way_stop,density_v4_interaction_tiers,rvo_multistep_density_v1,main,fixed,4,14816,residual_candidate,clean,0.0,0.0,neighbor_gaussian_v1,2560672395276023532,11.0,11.0,121.0,0.03305785123966942,30.25,x,y,11.0,0.36363636363636365,0.6675724983215332,0.6582441329956055,0,0,0,0,0,6.717509746551514,1,0,0,0,0.9329954385757446,9.6,80,0.13908547163009644,0.28917962312698364,0.9855228289961815,9.912587317172438,0.7351075706857955,0.3602618033297821,0.24534812437195797,0.1075,0.06875,1.1921145695913584,1.3514411500375718,1.3945804656203837,2.5450088064372545,0.35,residual,1,x_intent,icgp_rvo_mpc,7,23
four_way_stop,density_v4_interaction_tiers,rvo_multistep_density_v1,main,fixed,4,14816,residual_zero,clean,0.0,0.0,neighbor_gaussian_v1,2560672395276023532,11.0,11.0,121.0,0.03305785123966942,30.25,x,y,11.0,0.36363636363636365,0.6675724983215332,0.6582441329956055,0,0,0,0,0,6.717509746551514,1,0,0,0,0.9357860684394836,9.719999999999999,81,0.1274770200252533,0.2744728624820709,0.9867311334237456,9.926076079253107,0.7746966734361823,0.42945362297936446,0.25927469103430384,0.09938271604938272,0.07716049382716049,1.167159350371839,1.2489233313280124,1.2797812801213175,2.571302332502825,0.32407407407407407,residual,0,x_passive,residual_passive_rvo_mpc,7,23
four_way_stop,density_v4_interaction_tiers,rvo_multistep_density_v1,main,fixed,4,14816,plain_candidate,low,0.02,0.04,neighbor_gaussian_v1,11054420233484493671,11.0,11.0,121.0,0.03305785123966942,30.25,x,y,11.0,0.36363636363636365,0.6675724983215332,0.6582441329956055,0,0,0,0,0,6.717509746551514,1,0,0,0,0.8213861584663391,11.879999999999999,99,0.1256173551082611,0.2899794578552246,0.9869247023016214,10.405461162532447,0.7169294811201968,0.4151043710815105,0.19246944466798632,0.1691919191919192,0.13131313131313133,1.0118346905258642,1.1719154038257669,1.2373310563886408,2.750292348783426,0.2803030303030303,plain,1,x_intent,icgp_rvo_mpc,7,23
four_way_stop,density_v4_interaction_tiers,rvo_multistep_density_v1,main,fixed,4,14816,plain_zero,low,0.02,0.04,neighbor_gaussian_v1,11054420233484493671,11.0,11.0,121.0,0.03305785123966942,30.25,x,y,11.0,0.36363636363636365,0.6675724983215332,0.6582441329956055,0,0,0,0,0,6.717509746551514,1,0,0,0,0.8010411858558655,12.48,104,0.10413846373558044,0.27258437871932983,0.9891604036092758,10.566018949670251,0.7410307905699413,0.4301466583004576,0.22503317282266486,0.18557692307692308,0.14182692307692307,1.0636791961337442,1.149619087380572,1.2055468426917035,2.7382267194699783,0.34615384615384615,plain,0,x_passive,passive_rvo_mpc,7,23
four_way_stop,density_v4_interaction_tiers,rvo_multistep_density_v1,main,fixed,4,14816,residual_candidate,low,0.02,0.04,neighbor_gaussian_v1,11054420233484493671,11.0,11.0,121.0,0.03305785123966942,30.25,x,y,11.0,0.36363636363636365,0.6675724983215332,0.6582441329956055,0,0,0,0,0,6.717509746551514,1,0,0,0,0.8538367748260498,9.84,82,0.10393044352531433,0.27221426367759705,0.989182055927813,9.980040250811726,0.7608565397620224,0.40276448961572175,0.2644015247181126,0.11341463414634147,0.054878048780487805,1.0650892163949406,1.2199828175945981,1.2671386043545678,2.556549029568347,0.32621951219512196,residual,1,x_intent,icgp_rvo_mpc,7,23
four_way_stop,density_v4_interaction_tiers,rvo_multistep_density_v1,main,fixed,4,14816,residual_zero,low,0.02,0.04,neighbor_gaussian_v1,11054420233484493671,11.0,11.0,121.0,0.03305785123966942,30.25,x,y,11.0,0.36363636363636365,0.6675724983215332,0.6582441329956055,0,0,0,0,0,6.717509746551514,1,0,0,0,0.8571606874465942,9.719999999999999,81,0.14189554750919342,0.2822919189929962,0.9852303331717849,9.937121003400534,0.7357488384572387,0.3777401780206648,0.3032141976291314,0.08703703703703704,0.06481481481481481,1.1118730761952424,1.1956795029654914,1.2369019897484483,2.4996774097872376,0.3425925925925926,residual,0,x_passive,residual_passive_rvo_mpc,7,23
four_way_stop,density_v4_interaction_tiers,rvo_multistep_density_v1,main,fixed,4,14816,plain_candidate,medium,0.05,0.1,neighbor_gaussian_v1,6267392229300039612,11.0,11.0,121.0,0.03305785123966942,30.25,x,y,11.0,0.36363636363636365,0.6675724983215332,0.6582441329956055,0,0,0,0,0,6.717509746551514,1,0,0,0,1.0007058382034302,9.84,82,0.19465187191963196,0.27434903383255005,0.9797390159219503,9.977818035986274,0.7887994027639762,0.42758407473798443,0.2192692068425325,0.12682926829268293,0.04878048780487805,0.8320773018642169,0.9889789130611393,1.0620135123028263,2.4633958539657477,0.4024390243902439,plain,1,x_intent,icgp_rvo_mpc,7,23
four_way_stop,density_v4_interaction_tiers,rvo_multistep_density_v1,main,fixed,4,14816,plain_zero,medium,0.05,0.1,neighbor_gaussian_v1,6267392229300039612,11.0,11.0,121.0,0.03305785123966942,30.25,x,y,11.0,0.36363636363636365,0.6675724983215332,0.6582441329956055,0,0,0,0,0,6.717509746551514,1,0,0,0,0.9650290608406067,9.84,82,0.2319127768278122,0.3107224404811859,0.9758605919778347,9.946692377794534,0.8378280777506893,0.5027201866849881,0.24792591479703466,0.13353658536585367,0.08536585365853659,0.9139418525512262,0.9948419594028739,1.0579839772049613,2.4004166686026065,0.4329268292682927,plain,0,x_passive,passive_rvo_mpc,7,23
four_way_stop,density_v4_interaction_tiers,rvo_multistep_density_v1,main,fixed,4,14816,residual_candidate,medium,0.05,0.1,neighbor_gaussian_v1,6267392229300039612,11.0,11.0,121.0,0.03305785123966942,30.25,x,y,11.0,0.36363636363636365,0.6675724983215332,0.6582441329956055,0,0,0,0,0,6.717509746551514,1,0,0,0,0.9638632535934448,10.68,89,0.10867322236299515,0.28354611992836,0.988688388839364,10.210493876365945,0.8425946333994985,0.5062486777897912,0.28761516958265826,0.1544943820224719,0.11797752808988764,1.0893485010565478,1.2352575930492598,1.2806738065375705,2.5412199579396946,0.2949438202247191,residual,1,x_intent,icgp_rvo_mpc,7,23
four_way_stop,density_v4_interaction_tiers,rvo_multistep_density_v1,main,fixed,4,14816,residual_zero,medium,0.05,0.1,neighbor_gaussian_v1,6267392229300039612,11.0,11.0,121.0,0.03305785123966942,30.25,x,y,11.0,0.36363636363636365,0.6675724983215332,0.6582441329956055,0,0,0,0,0,6.717509746551514,1,0,0,0,0.946510374546051,10.559999999999999,88,0.11937062442302704,0.3201163113117218,0.987574914470315,10.205067883944139,0.840751479845494,0.5163088226156044,0.24932982871012593,0.15738636363636363,0.13636363636363635,1.1484566408141772,1.227157150562006,1.2590067009839485,2.603506914654916,0.3806818181818182,residual,0,x_passive,residual_passive_rvo_mpc,7,23
four_way_stop,density_v4_interaction_tiers,rvo_multistep_density_v1,main,fixed,4,14816,plain_candidate,high,0.1,0.2,neighbor_gaussian_v1,1227196537908513796,11.0,11.0,121.0,0.03305785123966942,30.25,x,y,11.0,0.36363636363636365,0.6675724983215332,0.6582441329956055,0,0,0,0,0,6.717509746551514,1,0,0,0,0.6845300197601318,11.639999999999999,97,0.13042302429676056,0.342504620552063,0.9864244889467955,10.397760213527363,0.9111508345519451,0.5925476921659528,0.23004768017833074,0.20515463917525772,0.14690721649484537,0.7933362176415232,0.9556819778266027,1.0239138474307725,2.718410627565434,0.33762886597938147,plain,1,x_intent,icgp_rvo_mpc,7,23
four_way_stop,density_v4_interaction_tiers,rvo_multistep_density_v1,main,fixed,4,14816,plain_zero,high,0.1,0.2,neighbor_gaussian_v1,1227196537908513796,11.0,11.0,121.0,0.03305785123966942,30.25,x,y,11.0,0.36363636363636365,0.6675724983215332,0.6582441329956055,0,0,0,0,0,6.717509746551514,1,0,0,0,0.6845300197601318,12.36,103,0.10510888695716858,0.3354705274105072,0.9890593942254782,10.662966907926602,0.8939241900117797,0.5875759352925034,0.23040048497191007,0.15485436893203883,0.0970873786407767,0.9259331505615445,1.0033229245918178,1.0676657396229436,2.7560329106189676,0.32524271844660196,plain,0,x_passive,passive_rvo_mpc,7,23
four_way_stop,density_v4_interaction_tiers,rvo_multistep_density_v1,main,fixed,4,14816,residual_candidate,high,0.1,0.2,neighbor_gaussian_v1,1227196537908513796,11.0,11.0,121.0,0.03305785123966942,30.25,x,y,11.0,0.36363636363636365,0.6675724983215332,0.6582441329956055,0,0,0,0,0,6.717509746551514,1,0,0,0,0.6845300197601318,12.0,100,0.11690358072519302,0.2964169383049011,0.9878317043185234,10.478308209741954,0.8555008442979306,0.5205673538422798,0.32929849956417456,0.1075,0.055,1.1214547895861324,1.2720337249152363,1.3235066702775657,2.767741635888815,0.315,residual,1,x_intent,icgp_rvo_mpc,7,23
four_way_stop,density_v4_interaction_tiers,rvo_multistep_density_v1,main,fixed,4,14816,residual_zero,high,0.1,0.2,neighbor_gaussian_v1,1227196537908513796,11.0,11.0,121.0,0.03305785123966942,30.25,x,y,11.0,0.36363636363636365,0.6675724983215332,0.6582441329956055,0,0,0,0,0,6.717509746551514,1,0,0,0,0.6845300197601318,12.12,101,0.1212330311536789,0.33543166518211365,0.9873810596764088,10.473348729894497,0.9376777505114822,0.554659089667799,0.3322455444197991,0.14455445544554454,0.11138613861386139,1.132811093869075,1.221959827481815,1.2657859197745818,2.7561382814681177,0.31435643564356436,residual,0,x_passive,residual_passive_rvo_mpc,7,23
four_way_stop,density_v4_interaction_tiers,rvo_multistep_density_v1,main,fixed,8,18816,plain_candidate,clean,0.0,0.0,neighbor_gaussian_v1,5688837291182965555,11.0,11.0,121.0,0.06611570247933884,15.125,y,x,11.0,0.7272727272727273,0.6651034355163574,0.6617956161499023,0,0,0,0,0,1.3868151903152466,1,0,0,0,0.6222904324531555,16.32,136,0.1669260859489441,0.3607392907142639,0.9826007317751646,11.543181264220038,0.9603598342903698,0.7503208730041104,0.11771783112421605,0.3264705882352941,0.23253676470588236,0.1313413525223287,0.28670807270935794,0.34834470523685657,1.0562037551578356,0.5992647058823529,plain,1,x_intent,icgp_rvo_mpc,7,23
four_way_stop,density_v4_interaction_tiers,rvo_multistep_density_v1,main,fixed,8,18816,plain_zero,clean,0.0,0.0,neighbor_gaussian_v1,5688837291182965555,11.0,11.0,121.0,0.06611570247933884,15.125,y,x,11.0,0.7272727272727273,0.6651034355163574,0.6617956161499023,0,0,0,0,0,1.3868151903152466,0,0,0,0,0.6141406893730164,26.4,220,0.21362635493278503,0.5850107073783875,0.9777330048382282,13.619006382359657,0.8140060456808318,0.6776580791391263,0.10560465932278683,0.3428409090909091,0.27443181818181817,0.21511595274506948,0.31229476720073523,0.35248895915373324,0.9918243600834501,0.5636363636363636,plain,0,x_passive,passive_rvo_mpc,7,23
four_way_stop,density_v4_interaction_tiers,rvo_multistep_density_v1,main,fixed,8,18816,residual_candidate,clean,0.0,0.0,neighbor_gaussian_v1,5688837291182965555,11.0,11.0,121.0,0.06611570247933884,15.125,y,x,11.0,0.7272727272727273,0.6651034355163574,0.6617956161499023,0,0,0,0,0,1.3868151903152466,1,0,0,0,0.6137601137161255,14.879999999999999,124,0.16637447476387024,0.2963930368423462,0.9826582279056311,11.050529124753666,0.9915187556687142,0.7912491026725019,0.13557379016645194,0.3495967741935484,0.2550403225806452,0.16110097308301433,0.3235852451084723,0.3688789040802588,0.9473827920529634,0.6340725806451613,residual,1,x_intent,icgp_rvo_mpc,7,23
four_way_stop,density_v4_interaction_tiers,rvo_multistep_density_v1,main,fixed,8,18816,residual_zero,clean,0.0,0.0,neighbor_gaussian_v1,5688837291182965555,11.0,11.0,121.0,0.06611570247933884,15.125,y,x,11.0,0.7272727272727273,0.6651034355163574,0.6617956161499023,0,0,0,0,0,1.3868151903152466,1,0,0,0,0.6701833009719849,22.08,184,0.1953829526901245,0.37038934230804443,0.979634577408433,12.543249651891529,0.8061183960500943,0.5828984609562093,0.13285638602689648,0.32119565217391305,0.2418478260869565,0.3046365259572328,0.4175857359517124,0.5055051135925739,1.1128785533247436,0.5074728260869565,residual,0,x_passive,residual_passive_rvo_mpc,7,23
four_way_stop,density_v4_interaction_tiers,rvo_multistep_density_v1,main,fixed,8,18816,plain_candidate,low,0.02,0.04,neighbor_gaussian_v1,7544035823363125162,11.0,11.0,121.0,0.06611570247933884,15.125,y,x,11.0,0.7272727272727273,0.6651034355163574,0.6617956161499023,0,0,0,0,0,1.3868151903152466,1,0,0,0,0.7072617411613464,21.24,177,0.18794794380664825,0.3666326403617859,0.9804095532745123,11.991624098991451,0.8615146325638066,0.7666039485589596,0.10690473133203506,0.31892655367231637,0.23587570621468926,0.18796032394517653,0.33785421069269467,0.3764657005722409,1.0543681226914887,0.5995762711864406,plain,1,x_intent,icgp_rvo_mpc,7,23
four_way_stop,density_v4_interaction_tiers,rvo_multistep_density_v1,main,fixed,8,18816,plain_zero,low,0.02,0.04,neighbor_gaussian_v1,7544035823363125162,11.0,11.0,121.0,0.06611570247933884,15.125,y,x,11.0,0.7272727272727273,0.6651034355163574,0.6617956161499023,0,0,0,0,0,1.3868151903152466,0,0,0,0,0.6504409313201904,26.4,220,0.23179520666599274,0.8831408023834229,0.9758392050862312,12.520226789201843,0.7664211878383701,0.7130174278196963,0.09215431805800604,0.3159090909090909,0.2505681818181818,0.2659867684887088,0.3580312590311621,0.38309467420765125,1.1926691839234396,0.5210227272727272,plain,0,x_passive,passive_rvo_mpc,7,23
four_way_stop,density_v4_interaction_tiers,rvo_multistep_density_v1,main,fixed,8,18816,residual_candidate,low,0.02,0.04,neighbor_gaussian_v1,7544035823363125162,11.0,11.0,121.0,0.06611570247933884,15.125,y,x,11.0,0.7272727272727273,0.6651034355163574,0.6617956161499023,0,0,0,0,0,1.3868151903152466,1,0,0,0,0.6403367519378662,14.16,118,0.19498205184936523,0.35270413756370544,0.9796763639897108,11.30029197694239,0.9311197673807204,0.7369875929365723,0.12806790255126543,0.34915254237288135,0.2319915254237288,0.12496953985841269,0.28959530840075376,0.34332419839040457,0.8631531860060613,0.6408898305084746,residual,1,x_intent,icgp_rvo_mpc,7,23
four_way_stop,density_v4_interaction_tiers,rvo_multistep_density_v1,main,fixed,8,18816,residual_zero,low,0.02,0.04,neighbor_gaussian_v1,7544035823363125162,11.0,11.0,121.0,0.06611570247933884,15.125,y,x,11.0,0.7272727272727273,0.6651034355163574,0.6617956161499023,0,0,0,0,0,1.3868151903152466,1,0,0,0,0.6646935939788818,11.76,98,0.20189014077186584,0.3789067566394806,0.9789563100785017,10.737637696089223,1.029829586494942,0.731725420878858,0.12257295911323887,0.36275510204081635,0.29081632653061223,0.15280278323106566,0.2513520778818247,0.3283641689966376,0.9641795256551433,0.6198979591836735,residual,0,x_passive,residual_passive_rvo_mpc,7,23
four_way_stop,density_v4_interaction_tiers,rvo_multistep_density_v1,main,fixed,8,18816,plain_candidate,medium,0.05,0.1,neighbor_gaussian_v1,7963587730975449494,11.0,11.0,121.0,0.06611570247933884,15.125,y,x,11.0,0.7272727272727273,0.6651034355163574,0.6617956161499023,0,0,0,0,0,1.3868151903152466,1,0,0,0,0.6391066908836365,20.64,172,0.1727713942527771,0.36315494775772095,0.9819914549589157,12.646660230271664,1.027977517914287,0.8556573165710583,0.09778154082257885,0.3321220930232558,0.24563953488372092,0.15353964251361862,0.3006903573970289,0.3410520734841567,1.087196529742417,0.5843023255813954,plain,1,x_intent,icgp_rvo_mpc,7,23
four_way_stop,density_v4_interaction_tiers,rvo_multistep_density_v1,main,fixed,8,18816,plain_zero,medium,0.05,0.1,neighbor_gaussian_v1,7963587730975449494,11.0,11.0,121.0,0.06611570247933884,15.125,y,x,11.0,0.7272727272727273,0.6651034355163574,0.6617956161499023,0,0,0,0,0,1.3868151903152466,0,0,0,0,0.6239425539970398,26.4,220,0.2756078839302063,1.069952130317688,0.9712724629789591,13.354178319626953,0.8823991551317952,0.7778617283160036,0.09363920435134787,0.3397727272727273,0.2761363636363636,0.2172639538164632,0.305519167082596,0.35619715396590035,1.04749884581024,0.5636363636363636,plain,0,x_passive,passive_rvo_mpc,7,23
four_way_stop,density_v4_interaction_tiers,rvo_multistep_density_v1,main,fixed,8,18816,residual_candidate,medium,0.05,0.1,neighbor_gaussian_v1,7963587730975449494,11.0,11.0,121.0,0.06611570247933884,15.125,y,x,11.0,0.7272727272727273,0.6651034355163574,0.6617956161499023,0,0,0,0,0,1.3868151903152466,1,0,0,0,0.7497493624687195,19.32,161,0.15996955335140228,0.34879255294799805,0.9833258353173733,11.919194515910931,0.8442627789209718,0.735033766939218,0.12788035721924468,0.3804347826086957,0.30124223602484473,0.19261488815396446,0.3489251443521577,0.42341927521532374,1.0575980775632106,0.5077639751552795,residual,1,x_intent,icgp_rvo_mpc,7,23
four_way_stop,density_v4_interaction_tiers,rvo_multistep_density_v1,main,fixed,8,18816,residual_zero,medium,0.05,0.1,neighbor_gaussian_v1,7963587730975449494,11.0,11.0,121.0,0.06611570247933884,15.125,y,x,11.0,0.7272727272727273,0.6651034355163574,0.6617956161499023,0,0,0,0,0,1.3868151903152466,1,0,0,0,0.6830775141716003,13.68,114,0.16227518022060394,0.34589409828186035,0.983085511252284,10.933176089660265,1.063225291358928,0.8633826550815189,0.12131447313055232,0.33289473684210524,0.2719298245614035,0.199936682963172,0.30247294461060514,0.3568670232312983,0.9456562129721829,0.6359649122807017,residual,0,x_passive,residual_passive_rvo_mpc,7,23
four_way_stop,density_v4_interaction_tiers,rvo_multistep_density_v1,main,fixed,8,18816,plain_candidate,high,0.1,0.2,neighbor_gaussian_v1,14709976067600331251,11.0,11.0,121.0,0.06611570247933884,15.125,y,x,11.0,0.7272727272727273,0.6651034355163574,0.6617956161499023,0,0,0,0,0,1.3868151903152466,1,0,0,0,0.7026042342185974,21.96,183,0.18443702161312103,0.34231796860694885,0.9807755090296268,12.597934031367913,1.044720948312452,0.9444737176263267,0.10851448107748725,0.35710382513661204,0.25546448087431695,0.14400204356785234,0.3062573434905114,0.36131886442787337,1.099455646723509,0.5191256830601093,plain,1,x_intent,icgp_rvo_mpc,7,23
four_way_stop,density_v4_interaction_tiers,rvo_multistep_density_v1,main,fixed,8,18816,plain_zero,high,0.1,0.2,neighbor_gaussian_v1,14709976067600331251,11.0,11.0,121.0,0.06611570247933884,15.125,y,x,11.0,0.7272727272727273,0.6651034355163574,0.6617956161499023,0,0,0,0,0,1.3868151903152466,1,0,0,0,0.6446383595466614,17.04,142,0.16298262774944305,0.36391380429267883,0.9830117709934711,11.543195331649258,1.087095736407898,0.9217959216362993,0.09943908483198267,0.33098591549295775,0.2737676056338028,0.1574046325613007,0.2510242478642613,0.28793789511507145,1.0665028787824051,0.539612676056338,plain,0,x_passive,passive_rvo_mpc,7,23
four_way_stop,density_v4_interaction_tiers,rvo_multistep_density_v1,main,fixed,8,18816,residual_candidate,high,0.1,0.2,neighbor_gaussian_v1,14709976067600331251,11.0,11.0,121.0,0.06611570247933884,15.125,y,x,11.0,0.7272727272727273,0.6651034355163574,0.6617956161499023,0,0,0,0,0,1.3868151903152466,1,0,0,0,0.7442755103111267,17.759999999999998,148,0.15009501576423645,0.3741219937801361,0.9843550901859999,11.720380885060877,1.1110303707018092,1.002174556758758,0.14035118260221066,0.31824324324324327,0.23479729729729729,0.20996074755399213,0.3628547103833911,0.4485862638005937,1.0591764466243017,0.5827702702702703,residual,1,x_intent,icgp_rvo_mpc,7,23
four_way_stop,density_v4_interaction_tiers,rvo_multistep_density_v1,main,fixed,8,18816,residual_zero,high,0.1,0.2,neighbor_gaussian_v1,14709976067600331251,11.0,11.0,121.0,0.06611570247933884,15.125,y,x,11.0,0.7272727272727273,0.6651034355163574,0.6617956161499023,0,0,0,0,0,1.3868151903152466,1,0,0,0,0.7915045022964478,17.16,143,0.18833065032958984,0.34969761967658997,0.9803696628659964,12.036784161595278,1.1314553926353688,0.9917715058460103,0.13829597940145816,0.29685314685314684,0.2403846153846154,0.24768019520661344,0.3484942729158939,0.414440705879637,1.0788824393834686,0.5664335664335665,residual,0,x_passive,residual_passive_rvo_mpc,7,23
corridor,density_v4_interaction_tiers,rvo_multistep_density_v1,main,fixed,4,14276,plain_candidate,clean,0.0,0.0,neighbor_gaussian_v1,3500203616341322443,12.0,5.4,64.80000000000001,0.061728395061728385,16.200000000000003,x,y,4.140000000000001,0.9661835748792269,0.9639449119567871,0.9794044494628906,0,0,0,0,0,1.2272265338897705,1,0,0,0,0.6809396147727966,11.639999999999999,97,0.2217368483543396,0.33865243196487427,0.9782745540142059,11.351559585426003,0.8285066685111252,0.5008403132333583,0.1883518041385165,0.17989690721649484,0.11082474226804123,0.21980085293599166,0.34823271758163094,0.4325153890774422,0.552078367471695,0.8298969072164949,plain,1,x_intent,icgp_rvo_mpc,7,24
corridor,density_v4_interaction_tiers,rvo_multistep_density_v1,main,fixed,4,14276,plain_zero,clean,0.0,0.0,neighbor_gaussian_v1,3500203616341322443,12.0,5.4,64.80000000000001,0.061728395061728385,16.200000000000003,x,y,4.140000000000001,0.9661835748792269,0.9639449119567871,0.9794044494628906,0,0,0,0,0,1.2272265338897705,1,0,0,0,0.6871308088302612,11.04,92,0.1793416142463684,0.3412083685398102,0.9824283756315708,10.52494877774734,0.5796589314451684,0.3947274064513571,0.19415054355150738,0.32119565217391305,0.24456521739130435,0.16608028002022565,0.2919971541201939,0.3220381139672321,0.5602967244888778,0.4673913043478261,plain,0,x_passive,passive_rvo_mpc,7,24
corridor,density_v4_interaction_tiers,rvo_multistep_density_v1,main,fixed,4,14276,residual_candidate,clean,0.0,0.0,neighbor_gaussian_v1,3500203616341322443,12.0,5.4,64.80000000000001,0.061728395061728385,16.200000000000003,x,y,4.140000000000001,0.9661835748792269,0.9639449119567871,0.9794044494628906,0,0,0,0,0,1.2272265338897705,1,0,0,0,0.7124631404876709,12.719999999999999,106,0.141560360789299,0.3752145767211914,0.9861301267519593,10.840404891278013,0.5743562055988904,0.35805955695269526,0.2571056600504133,0.23679245283018868,0.17452830188679244,0.18926294036126118,0.3358535148751623,0.3661056565212191,0.6300957183174367,0.3632075471698113,residual,1,x_intent,icgp_rvo_mpc,7,24
corridor,density_v4_interaction_tiers,rvo_multistep_density_v1,main,fixed,4,14276,residual_zero,clean,0.0,0.0,neighbor_gaussian_v1,3500203616341322443,12.0,5.4,64.80000000000001,0.061728395061728385,16.200000000000003,x,y,4.140000000000001,0.9661835748792269,0.9639449119567871,0.9794044494628906,0,0,0,0,0,1.2272265338897705,1,0,0,0,0.7462417483329773,12.36,103,0.13158737123012543,0.3213561177253723,0.987107265740633,10.826290319499094,0.7245776385195482,0.4448803275805509,0.2575490284073664,0.2407766990291262,0.16019417475728157,0.23271258039852075,0.34100421382240875,0.3778618493748522,0.6667438280148413,0.46116504854368934,residual,0,x_passive,residual_passive_rvo_mpc,7,24
corridor,density_v4_interaction_tiers,rvo_multistep_density_v1,main,fixed,4,14276,plain_candidate,low,0.02,0.04,neighbor_gaussian_v1,7832168299139017859,12.0,5.4,64.80000000000001,0.061728395061728385,16.200000000000003,x,y,4.140000000000001,0.9661835748792269,0.9639449119567871,0.9794044494628906,0,0,0,0,0,1.2272265338897705,1,0,0,0,0.6488317251205444,12.36,103,0.127038836479187,0.35683751106262207,0.9875529240816832,11.531593538937159,0.717205260726578,0.4876588210463524,0.19516771799405513,0.18737864077669902,0.12864077669902912,0.19247097006311767,0.34141452684275153,0.37700083661137274,0.5518080751785954,0.6990291262135923,plain,1,x_intent,icgp_rvo_mpc,7,24
corridor,density_v4_interaction_tiers,rvo_multistep_density_v1,main,fixed,4,14276,plain_zero,low,0.02,0.04,neighbor_gaussian_v1,7832168299139017859,12.0,5.4,64.80000000000001,0.061728395061728385,16.200000000000003,x,y,4.140000000000001,0.9661835748792269,0.9639449119567871,0.9794044494628906,0,0,0,0,0,1.2272265338897705,1,0,0,0,0.7225517630577087,11.4,95,0.1298171877861023,0.3574477732181549,0.9872807050123811,10.590947261021938,0.5745214615213243,0.39641097593366315,0.18859657973639274,0.31473684210526315,0.24210526315789474,0.17260843637566028,0.29620060143894267,0.3240018854556899,0.5578208822341342,0.45263157894736844,plain,0,x_passive,passive_rvo_mpc,7,24
corridor,density_v4_interaction_tiers,rvo_multistep_density_v1,main,fixed,4,14276,residual_candidate,low,0.02,0.04,neighbor_gaussian_v1,7832168299139017859,12.0,5.4,64.80000000000001,0.061728395061728385,16.200000000000003,x,y,4.140000000000001,0.9661835748792269,0.9639449119567871,0.9794044494628906,0,0,0,0,0,1.2272265338897705,1,0,0,0,0.7206122279167175,12.84,107,0.11624115705490112,0.2894502282142639,0.9886108646169305,10.851506874736515,0.5744264023443771,0.37659436749364034,0.26123528001573215,0.23598130841121495,0.1705607476635514,0.18687081140143988,0.3351002698419528,0.3667544030119604,0.6199282466808211,0.38317757009345793,residual,1,x_intent,icgp_rvo_mpc,7,24
corridor,density_v4_interaction_tiers,rvo_multistep_density_v1,main,fixed,4,14276,residual_zero,low,0.02,0.04,neighbor_gaussian_v1,7832168299139017859,12.0,5.4,64.80000000000001,0.061728395061728385,16.200000000000003,x,y,4.140000000000001,0.9661835748792269,0.9639449119567871,0.9794044494628906,0,0,0,0,0,1.2272265338897705,1,0,0,0,0.7151694297790527,12.719999999999999,106,0.12839940190315247,0.37781718373298645,0.987419618293643,10.775571278994903,0.734608319295869,0.45922397827413286,0.25570707520325053,0.2636792452830189,0.1957547169811321,0.20193627809824524,0.3221864536221859,0.35871302868257154,0.6511158404049445,0.3938679245283019,residual,0,x_passive,residual_passive_rvo_mpc,7,24
corridor,density_v4_interaction_tiers,rvo_multistep_density_v1,main,fixed,4,14276,plain_candidate,medium,0.05,0.1,neighbor_gaussian_v1,4394409595348761905,12.0,5.4,64.80000000000001,0.061728395061728385,16.200000000000003,x,y,4.140000000000001,0.9661835748792269,0.9639449119567871,0.9794044494628906,0,0,0,0,0,1.2272265338897705,1,0,0,0,0.6754003763198853,11.16,93,0.1535717099905014,0.3526119887828827,0.9849532730877399,10.53872086602496,0.7091467592024034,0.602002484243243,0.18146451623980156,0.20698924731182797,0.13978494623655913,0.2219636438851074,0.3731235208690807,0.4089559888871767,0.6021216216667364,0.6424731182795699,plain,1,x_intent,icgp_rvo_mpc,7,24
corridor,density_v4_interaction_tiers,rvo_multistep_density_v1,main,fixed,4,14276,plain_zero,medium,0.05,0.1,neighbor_gaussian_v1,4394409595348761905,12.0,5.4,64.80000000000001,0.061728395061728385,16.200000000000003,x,y,4.140000000000001,0.9661835748792269,0.9639449119567871,0.9794044494628906,0,0,0,0,0,1.2272265338897705,1,0,0,0,0.6269450187683105,12.24,102,0.1588488668203354,0.3682210147380829,0.9844362251460552,11.409599455073476,0.7872613233094122,0.6194540715100718,0.18198602942991818,0.1931372549019608,0.15441176470588236,0.23761171501438022,0.3434523936291682,0.38552884154788714,0.5420184279218608,0.7352941176470589,plain,0,x_passive,passive_rvo_mpc,7,24
corridor,density_v4_interaction_tiers,rvo_multistep_density_v1,main,fixed,4,14276,residual_candidate,medium,0.05,0.1,neighbor_gaussian_v1,4394409595348761905,12.0,5.4,64.80000000000001,0.061728395061728385,16.200000000000003,x,y,4.140000000000001,0.9661835748792269,0.9639449119567871,0.9794044494628906,0,0,0,0,0,1.2272265338897705,1,0,0,0,0.7754032611846924,12.959999999999999,108,0.13499625027179718,0.3142843544483185,0.9867732683196664,10.833752399368677,0.7660176070890545,0.5295902671337832,0.27010208416161025,0.23564814814814813,0.16435185185185186,0.1793151275301352,0.3256391717797076,0.3735433784927483,0.6362561024718538,0.4050925925925926,residual,1,x_intent,icgp_rvo_mpc,7,24
corridor,density_v4_interaction_tiers,rvo_multistep_density_v1,main,fixed,4,14276,residual_zero,medium,0.05,0.1,neighbor_gaussian_v1,4394409595348761905,12.0,5.4,64.80000000000001,0.061728395061728385,16.200000000000003,x,y,4.140000000000001,0.9661835748792269,0.9639449119567871,0.9794044494628906,0,0,0,0,0,1.2272265338897705,1,0,0,0,0.7766861319541931,12.84,107,0.11131048202514648,0.29066893458366394,0.9890939649194479,11.07992554520024,0.7382755148459539,0.5380644870739186,0.2985338788701517,0.2046728971962617,0.14018691588785046,0.27049483264857366,0.3618966793053061,0.4283087430448733,0.6215082365901113,0.48364485981308414,residual,0,x_passive,residual_passive_rvo_mpc,7,24
corridor,density_v4_interaction_tiers,rvo_multistep_density_v1,main,fixed,4,14276,plain_candidate,high,0.1,0.2,neighbor_gaussian_v1,15625737783232671802,12.0,5.4,64.80000000000001,0.061728395061728385,16.200000000000003,x,y,4.140000000000001,0.9661835748792269,0.9639449119567871,0.9794044494628906,0,0,0,0,0,1.2272265338897705,1,0,0,0,0.7664972543716431,12.719999999999999,106,0.09997919946908951,0.27876800298690796,0.9902041871100664,10.537795205709699,0.6860379653253575,0.5875258192393648,0.2623117925052285,0.2990566037735849,0.19339622641509435,0.12773582341852335,0.3024882985883445,0.32948467932008907,0.60946737307282,0.41037735849056606,plain,1,x_intent,icgp_rvo_mpc,7,24
corridor,density_v4_interaction_tiers,rvo_multistep_density_v1,main,fixed,4,14276,plain_zero,high,0.1,0.2,neighbor_gaussian_v1,15625737783232671802,12.0,5.4,64.80000000000001,0.061728395061728385,16.200000000000003,x,y,4.140000000000001,0.9661835748792269,0.9639449119567871,0.9794044494628906,0,0,0,0,0,1.2272265338897705,1,0,0,0,0.7634051442146301,11.16,93,0.12183696776628494,0.30736687779426575,0.9880625959485769,10.849843738717027,0.953458679219087,0.804459905271889,0.23715940923104564,0.32526881720430106,0.25806451612903225,0.15654985879417707,0.2721166373004195,0.34699133439730573,0.5569235456134043,0.6532258064516129,plain,0,x_passive,passive_rvo_mpc,7,24
corridor,density_v4_interaction_tiers,rvo_multistep_density_v1,main,fixed,4,14276,residual_candidate,high,0.1,0.2,neighbor_gaussian_v1,15625737783232671802,12.0,5.4,64.80000000000001,0.061728395061728385,16.200000000000003,x,y,4.140000000000001,0.9661835748792269,0.9639449119567871,0.9794044494628906,0,0,0,0,0,1.2272265338897705,1,0,0,0,0.761807918548584,11.639999999999999,97,0.16642603278160095,0.28813236951828003,0.9836938250809908,10.440239859221037,0.709999436570197,0.5722590708797893,0.28326391760312675,0.23917525773195877,0.16237113402061856,0.21699786024993842,0.36570470365205987,0.4062459476599373,0.6961133708405434,0.41494845360824745,residual,1,x_intent,icgp_rvo_mpc,7,24
corridor,density_v4_interaction_tiers,rvo_multistep_density_v1,main,fixed,4,14276,residual_zero,high,0.1,0.2,neighbor_gaussian_v1,15625737783232671802,12.0,5.4,64.80000000000001,0.061728395061728385,16.200000000000003,x,y,4.140000000000001,0.9661835748792269,0.9639449119567871,0.9794044494628906,0,0,0,0,0,1.2272265338897705,1,0,0,0,0.800688624382019,11.76,98,0.10002990067005157,0.3060908019542694,0.9901992194354534,10.467832608497702,0.5666337351039128,0.49045177427481634,0.23729719425912718,0.24336734693877551,0.19642857142857142,0.24563156421201265,0.3670342122550522,0.39719467625478094,0.6904550575426951,0.35714285714285715,residual,0,x_passive,residual_passive_rvo_mpc,7,24
corridor,density_v4_interaction_tiers,rvo_multistep_density_v1,main,fixed,8,18276,plain_candidate,clean,0.0,0.0,neighbor_gaussian_v1,2721167424086647718,12.0,5.4,64.80000000000001,0.12345679012345677,8.100000000000001,x,y,4.140000000000001,1.9323671497584538,0.9866042137145996,0.98876953125,0,0,0,0,0,0.6747155785560608,0,0,0,0,0.5538674592971802,26.4,220,0.7059165239334106,1.8193343877792358,0.9302100390195847,13.673412996555271,0.8532548261637037,0.8918028183958747,0.09985164734561378,0.6910227272727273,0.5420454545454545,-0.18217705040637783,-0.010698346538130543,-0.007207847539504831,0.41040530405532233,0.7880681818181818,plain,1,x_intent,icgp_rvo_mpc,7,24
corridor,density_v4_interaction_tiers,rvo_multistep_density_v1,main,fixed,8,18276,plain_zero,clean,0.0,0.0,neighbor_gaussian_v1,2721167424086647718,12.0,5.4,64.80000000000001,0.12345679012345677,8.100000000000001,x,y,4.140000000000001,1.9323671497584538,0.9866042137145996,0.98876953125,0,0,0,0,0,0.6747155785560608,0,0,0,0,0.5461042523384094,26.4,220,0.7424190044403076,1.349271297454834,0.9266012459993362,14.564659093255614,1.0395175674422221,0.9620332413099029,0.10641471592614173,0.5213636363636364,0.39886363636363636,-0.07274308399163949,0.03205631556065582,0.03869229496380482,0.4609870514207605,0.7079545454545455,plain,0,x_passive,passive_rvo_mpc,7,24
corridor,density_v4_interaction_tiers,rvo_multistep_density_v1,main,fixed,8,18276,residual_candidate,clean,0.0,0.0,neighbor_gaussian_v1,2721167424086647718,12.0,5.4,64.80000000000001,0.12345679012345677,8.100000000000001,x,y,4.140000000000001,1.9323671497584538,0.9866042137145996,0.98876953125,0,0,0,0,0,0.6747155785560608,0,0,0,0,0.6180531978607178,26.4,220,0.5820710062980652,1.46898353099823,0.9424539431929588,14.22039666618366,0.8550887764177539,0.8476811497048898,0.14163880686365618,0.4953409090909091,0.3380681818181818,-0.08031298963797533,0.07339816996218128,0.07882130288502032,0.4939490600583906,0.7965909090909091,residual,1,x_intent,icgp_rvo_mpc,7,24
corridor,density_v4_interaction_tiers,rvo_multistep_density_v1,main,fixed,8,18276,residual_zero,clean,0.0,0.0,neighbor_gaussian_v1,2721167424086647718,12.0,5.4,64.80000000000001,0.12345679012345677,8.100000000000001,x,y,4.140000000000001,1.9323671497584538,0.9866042137145996,0.98876953125,0,0,0,0,0,0.6747155785560608,0,0,0,0,0.5272248983383179,26.4,220,0.6934585571289062,0.9338417649269104,0.9314416870474815,13.95180090856229,0.9279403772543777,0.8619907549497756,0.1493516475999389,0.5705681818181818,0.45227272727272727,-0.0984962186227521,0.01569739315087313,0.01835492550958455,0.441333184846423,0.7090909090909091,residual,0,x_passive,residual_passive_rvo_mpc,7,24
corridor,density_v4_interaction_tiers,rvo_multistep_density_v1,main,fixed,8,18276,plain_candidate,low,0.02,0.04,neighbor_gaussian_v1,16983984626190662339,12.0,5.4,64.80000000000001,0.12345679012345677,8.100000000000001,x,y,4.140000000000001,1.9323671497584538,0.9866042137145996,0.98876953125,0,0,0,0,0,0.6747155785560608,0,0,0,0,0.5992009043693542,26.4,220,0.7447538375854492,1.9591604471206665,0.9263704121112823,13.651571932277875,1.0371005746451292,1.0672993909228932,0.11494198843138292,0.5881818181818181,0.39545454545454545,-0.13484088988700585,0.03545391405069014,0.04720188054002143,0.3867197661040859,0.7039772727272727,plain,1,x_intent,icgp_rvo_mpc,7,24
corridor,density_v4_interaction_tiers,rvo_multistep_density_v1,main,fixed,8,18276,plain_zero,low,0.02,0.04,neighbor_gaussian_v1,16983984626190662339,12.0,5.4,64.80000000000001,0.12345679012345677,8.100000000000001,x,y,4.140000000000001,1.9323671497584538,0.9866042137145996,0.98876953125,0,0,0,0,0,0.6747155785560608,0,0,0,0,0.6153015494346619,26.4,220,0.7652558088302612,1.5896462202072144,0.924343504011631,13.23552724426554,1.0178264594890856,1.0312290468676524,0.10518426160243424,0.5322727272727272,0.36022727272727273,-0.0939183334167941,0.03938729001827198,0.04559599350231952,0.4788395431940868,0.7142045454545455,plain,0,x_passive,passive_rvo_mpc,7,24
corridor,density_v4_interaction_tiers,rvo_multistep_density_v1,main,fixed,8,18276,residual_candidate,low,0.02,0.04,neighbor_gaussian_v1,16983984626190662339,12.0,5.4,64.80000000000001,0.12345679012345677,8.100000000000001,x,y,4.140000000000001,1.9323671497584538,0.9866042137145996,0.98876953125,0,0,0,0,0,0.6747155785560608,0,0,0,0,0.6659455299377441,26.4,220,0.7481292486190796,1.9336425065994263,0.9260367080569267,14.090891390253091,0.9158194799653508,0.9475861902264031,0.12183306849196511,0.4439772727272727,0.31363636363636366,-0.06239667299461804,0.10119874767374923,0.10523922428040003,0.4565444919683717,0.75625,residual,1,x_intent,icgp_rvo_mpc,7,24
corridor,density_v4_interaction_tiers,rvo_multistep_density_v1,main,fixed,8,18276,residual_zero,low,0.02,0.04,neighbor_gaussian_v1,16983984626190662339,12.0,5.4,64.80000000000001,0.12345679012345677,8.100000000000001,x,y,4.140000000000001,1.9323671497584538,0.9866042137145996,0.98876953125,0,0,0,0,0,0.6747155785560608,0,0,0,0,0.6195420026779175,26.4,220,1.8050246238708496,8.471465110778809,0.8215474635362625,13.696749733167962,1.1110887017439712,1.118542939695445,0.13298562516865786,0.3693181818181818,0.27386363636363636,0.04285305699980184,0.14614409147880297,0.16404902053963055,0.42132524004307664,0.7585227272727273,residual,0,x_passive,residual_passive_rvo_mpc,7,24
corridor,density_v4_interaction_tiers,rvo_multistep_density_v1,main,fixed,8,18276,plain_candidate,medium,0.05,0.1,neighbor_gaussian_v1,1023118769221795330,12.0,5.4,64.80000000000001,0.12345679012345677,8.100000000000001,x,y,4.140000000000001,1.9323671497584538,0.9866042137145996,0.98876953125,0,0,0,0,0,0.6747155785560608,0,0,0,0,0.5463182330131531,26.4,220,1.0440001487731934,2.584691047668457,0.896785631775856,13.704818128491752,1.2476361430504106,1.3041104880246248,0.09019238618334798,0.6892045454545455,0.5556818181818182,-0.18050013957062566,0.004678924891928362,0.016006642166355778,0.40716303176229657,0.7477272727272727,plain,1,x_intent,icgp_rvo_mpc,7,24
corridor,density_v4_interaction_tiers,rvo_multistep_density_v1,main,fixed,8,18276,plain_zero,medium,0.05,0.1,neighbor_gaussian_v1,1023118769221795330,12.0,5.4,64.80000000000001,0.12345679012345677,8.100000000000001,x,y,4.140000000000001,1.9323671497584538,0.9866042137145996,0.98876953125,0,0,0,0,0,0.6747155785560608,0,0,0,0,0.674098551273346,26.4,220,0.8071641325950623,2.4093332290649414,0.9202002584934235,14.420947000995511,1.0889864414253019,1.124704259769483,0.09687562517435501,0.49511363636363637,0.375,-0.06665132432107138,0.05010238510167055,0.05384649181298233,0.45173447595604443,0.725,plain,0,x_passive,passive_rvo_mpc,7,24
corridor,density_v4_interaction_tiers,rvo_multistep_density_v1,main,fixed,8,18276,residual_candidate,medium,0.05,0.1,neighbor_gaussian_v1,1023118769221795330,12.0,5.4,64.80000000000001,0.12345679012345677,8.100000000000001,x,y,4.140000000000001,1.9323671497584538,0.9866042137145996,0.98876953125,0,0,0,0,0,0.6747155785560608,0,0,0,0,0.6060343980789185,26.4,220,0.642368495464325,1.1794483661651611,0.9364926740527153,14.648367760313704,1.2510977755216035,1.2758488565683366,0.1306827838892456,0.5243181818181818,0.36704545454545456,-0.10197449599714442,0.048268796918575045,0.05897557664137671,0.48757981624251073,0.8238636363636364,residual,1,x_intent,icgp_rvo_mpc,7,24
corridor,density_v4_interaction_tiers,rvo_multistep_density_v1,main,fixed,8,18276,residual_zero,medium,0.05,0.1,neighbor_gaussian_v1,1023118769221795330,12.0,5.4,64.80000000000001,0.12345679012345677,8.100000000000001,x,y,4.140000000000001,1.9323671497584538,0.9866042137145996,0.98876953125,0,0,0,0,0,0.6747155785560608,0,0,0,0,0.6388120055198669,26.4,220,0.7776555418968201,1.6497904062271118,0.923117607831955,14.444369214019389,1.2406378062611276,1.2632593809203667,0.11343659078358376,0.4431818181818182,0.33238636363636365,-0.024589785874969416,0.08898072258433834,0.09519474823214114,0.4928379406299104,0.8028409090909091,residual,0,x_passive,residual_passive_rvo_mpc,7,24
corridor,density_v4_interaction_tiers,rvo_multistep_density_v1,main,fixed,8,18276,plain_candidate,high,0.1,0.2,neighbor_gaussian_v1,16766192153969941150,12.0,5.4,64.80000000000001,0.12345679012345677,8.100000000000001,x,y,4.140000000000001,1.9323671497584538,0.9866042137145996,0.98876953125,0,0,0,0,0,0.6747155785560608,0,0,0,0,0.6820870041847229,26.4,220,0.727260410785675,1.6945874691009521,0.9280998930335045,13.690076422411948,1.3797036204825748,1.3569543415849858,0.09117295445652086,0.6305681818181819,0.4772727272727273,-0.15491491818703731,0.023189472452991373,0.02594515370221976,0.44654607759128245,0.7346590909090909,plain,1,x_intent,icgp_rvo_mpc,7,24
corridor,density_v4_interaction_tiers,rvo_multistep_density_v1,main,fixed,8,18276,plain_zero,high,0.1,0.2,neighbor_gaussian_v1,16766192153969941150,12.0,5.4,64.80000000000001,0.12345679012345677,8.100000000000001,x,y,4.140000000000001,1.9323671497584538,0.9866042137145996,0.98876953125,0,0,0,0,0,0.6747155785560608,0,0,0,0,0.6550272107124329,26.4,220,0.9977482557296753,1.9798858165740967,0.9013582915067673,14.416859283570375,1.3349316797473214,1.326452018997886,0.11944744318580805,0.6067045454545454,0.4630681818181818,-0.11420935122317381,0.0019731685073030147,0.007053283482874648,0.4504903540828012,0.7670454545454546,plain,0,x_passive,passive_rvo_mpc,7,24
corridor,density_v4_interaction_tiers,rvo_multistep_density_v1,main,fixed,8,18276,residual_candidate,high,0.1,0.2,neighbor_gaussian_v1,16766192153969941150,12.0,5.4,64.80000000000001,0.12345679012345677,8.100000000000001,x,y,4.140000000000001,1.9323671497584538,0.9866042137145996,0.98876953125,0,0,0,0,0,0.6747155785560608,0,0,0,0,0.6685030460357666,26.4,220,0.8196307420730591,1.7533379793167114,0.9189677610993385,15.48534741360345,1.587408047914505,1.4544772213155572,0.11860210209058343,0.4446590909090909,0.2994318181818182,-0.05525939982657489,0.09258365517329763,0.10383787318336016,0.43632169336283755,0.7198863636363636,residual,1,x_intent,icgp_rvo_mpc,7,24
corridor,density_v4_interaction_tiers,rvo_multistep_density_v1,main,fixed,8,18276,residual_zero,high,0.1,0.2,neighbor_gaussian_v1,16766192153969941150,12.0,5.4,64.80000000000001,0.12345679012345677,8.100000000000001,x,y,4.140000000000001,1.9323671497584538,0.9866042137145996,0.98876953125,0,0,0,0,0,0.6747155785560608,0,0,0,0,0.6756205558776855,26.4,220,0.707916259765625,1.0806723833084106,0.9300123378634453,14.795205516908027,1.4753581823273139,1.4161857908422297,0.12463244314527731,0.4652272727272727,0.35113636363636364,-0.04095302322411656,0.07476459136122668,0.085423838888295,0.4595507201311941,0.7778409090909091,residual,0,x_passive,residual_passive_rvo_mpc,7,24
narrow_gate,density_v4_interaction_tiers,rvo_multistep_density_v1,main,fixed,4,14585,plain_candidate,clean,0.0,0.0,neighbor_gaussian_v1,1229237534012653541,12.0,8.0,96.0,0.041666666666666664,24.0,x,y,2.2,1.8181818181818181,0.8144898414611816,0.7843813896179199,0,0,0,0,0,2.830007791519165,0,0,0,0,0.8147307475262554,26.4,220,3.793548583984375,8.311532020568848,0.6426709592342377,10.65646368463149,0.7179660651986276,0.6293313562508359,0.3687072731819088,0.36522727272727273,0.05227272727272727,0.14475982342788185,0.3720080791026836,0.384601130995375,0.7697640587051896,0.6431818181818182,plain,1,x_intent,icgp_rvo_mpc,7,24
narrow_gate,density_v4_interaction_tiers,rvo_multistep_density_v1,main,fixed,4,14585,plain_zero,clean,0.0,0.0,neighbor_gaussian_v1,1229237534012653541,12.0,8.0,96.0,0.041666666666666664,24.0,x,y,2.2,1.8181818181818181,0.8144898414611816,0.7843813896179199,0,0,0,0,0,2.830007791519165,1,0,0,0,0.8147307475262554,23.759999999999998,198,0.13151167333126068,0.36540520191192627,0.9876124057918787,15.691108093720686,0.8498239571626522,0.7197606952504062,0.2995279051405801,0.19974747474747476,0.09722222222222222,0.4100554563213295,0.5113828640791022,0.5661323626123358,0.9957945090370464,0.5568181818181818,plain,0,x_passive,passive_rvo_mpc,7,24
narrow_gate,density_v4_interaction_tiers,rvo_multistep_density_v1,main,fixed,4,14585,residual_candidate,clean,0.0,0.0,neighbor_gaussian_v1,1229237534012653541,12.0,8.0,96.0,0.041666666666666664,24.0,x,y,2.2,1.8181818181818181,0.8144898414611816,0.7843813896179199,0,0,0,0,0,2.830007791519165,0,0,0,0,0.8147307475262554,26.4,220,3.7140727043151855,8.088907241821289,0.65015709400177,10.481457089500509,0.6418066364183853,0.5297927854919494,0.2579197726101318,0.3543181818181818,0.022727272727272728,0.3094069115579457,0.4928496624380192,0.5013323765217929,0.8479040036631718,0.5977272727272728,residual,1,x_intent,icgp_rvo_mpc,7,24
narrow_gate,density_v4_interaction_tiers,rvo_multistep_density_v1,main,fixed,4,14585,residual_zero,clean,0.0,0.0,neighbor_gaussian_v1,1229237534012653541,12.0,8.0,96.0,0.041666666666666664,24.0,x,y,2.2,1.8181818181818181,0.8144898414611816,0.7843813896179199,0,0,0,0,0,2.830007791519165,0,0,0,0,0.8147307475262554,26.4,220,2.459585666656494,7.564943313598633,0.7683220952749252,11.640871087853156,0.6399763832118797,0.5179164854871304,0.2396110224997921,0.3109090909090909,0.023863636363636365,0.34854322377490327,0.4895940060776285,0.4958438238068197,0.8681393950303334,0.6136363636363636,residual,0,x_passive,residual_passive_rvo_mpc,7,24
narrow_gate,density_v4_interaction_tiers,rvo_multistep_density_v1,main,fixed,4,14585,plain_candidate,low,0.02,0.04,neighbor_gaussian_v1,12766197231171038320,12.0,8.0,96.0,0.041666666666666664,24.0,x,y,2.2,1.8181818181818181,0.8144898414611816,0.7843813896179199,0,0,0,0,0,2.830007791519165,0,0,0,0,0.8146050326054622,26.4,220,1.7685322761535645,6.8581695556640625,0.8334150910377502,12.547070135849935,0.7112112816730091,0.6022491639605156,0.21123636357846076,0.26295454545454544,0.06477272727272727,0.376468941026683,0.5725464984305144,0.5830429548724728,1.1649062478034946,0.48409090909090907,plain,1,x_intent,icgp_rvo_mpc,7,24
narrow_gate,density_v4_interaction_tiers,rvo_multistep_density_v1,main,fixed,4,14585,plain_zero,low,0.02,0.04,neighbor_gaussian_v1,12766197231171038320,12.0,8.0,96.0,0.041666666666666664,24.0,x,y,2.2,1.8181818181818181,0.8144898414611816,0.7843813896179199,0,0,0,0,0,2.830007791519165,0,0,0,0,0.8146050326054622,26.4,220,3.243885040283203,7.853155612945557,0.6944459080696106,11.139256740998007,0.6920626897254393,0.6129249006454219,0.22715397710933097,0.3675,0.09659090909090909,0.20557503212004202,0.3540891687432673,0.3622666373924797,0.7948696382743594,0.6181818181818182,plain,0,x_passive,passive_rvo_mpc,7,24
narrow_gate,density_v4_interaction_tiers,rvo_multistep_density_v1,main,fixed,4,14585,residual_candidate,low,0.02,0.04,neighbor_gaussian_v1,12766197231171038320,12.0,8.0,96.0,0.041666666666666664,24.0,x,y,2.2,1.8181818181818181,0.8144898414611816,0.7843813896179199,0,0,0,0,0,2.830007791519165,0,0,0,0,0.8146050326054622,26.4,220,1.7232356071472168,6.751475811004639,0.8376817554235458,13.64644788629812,0.810923063779906,0.68995840112999,0.23307772664173337,0.24659090909090908,0.1,0.5671322622403008,0.7208213568424113,0.730311543387608,1.0569966589289457,0.5409090909090909,residual,1,x_intent,icgp_rvo_mpc,7,24
narrow_gate,density_v4_interaction_tiers,rvo_multistep_density_v1,main,fixed,4,14585,residual_zero,low,0.02,0.04,neighbor_gaussian_v1,12766197231171038320,12.0,8.0,96.0,0.041666666666666664,24.0,x,y,2.2,1.8181818181818181,0.8144898414611816,0.7843813896179199,0,0,0,0,0,2.830007791519165,0,0,0,0,0.8146050326054622,26.4,220,1.747583270072937,6.821974277496338,0.8353883624076843,13.140992703732536,0.7719393668601036,0.6426304186269158,0.24381022693970325,0.22590909090909092,0.0715909090909091,0.6310334019958059,0.7441190567624529,0.7509398359577266,1.098953374838375,0.5420454545454545,residual,0,x_passive,residual_passive_rvo_mpc,7,24
narrow_gate,density_v4_interaction_tiers,rvo_multistep_density_v1,main,fixed,4,14585,plain_candidate,medium,0.05,0.1,neighbor_gaussian_v1,2708860080169436333,12.0,8.0,96.0,0.041666666666666664,24.0,x,y,2.2,1.8181818181818181,0.8144898414611816,0.7843813896179199,0,0,0,0,0,2.830007791519165,0,0,0,0,0.8163279490088756,26.4,220,1.6568888425827026,6.425920009613037,0.8439312279224396,11.993009907586384,0.733191775829817,0.6515715839858023,0.2045190908326979,0.29568181818181816,0.08977272727272727,0.3692132774792773,0.5761194353646542,0.5866795116701812,1.0913746796670516,0.48409090909090907,plain,1,x_intent,icgp_rvo_mpc,7,24
narrow_gate,density_v4_interaction_tiers,rvo_multistep_density_v1,main,fixed,4,14585,plain_zero,medium,0.05,0.1,neighbor_gaussian_v1,2708860080169436333,12.0,8.0,96.0,0.041666666666666664,24.0,x,y,2.2,1.8181818181818181,0.8144898414611816,0.7843813896179199,0,0,0,0,0,2.830007791519165,0,0,0,0,0.8163279490088756,26.4,220,1.7415344715118408,6.796772480010986,0.8359581232070923,12.992344498179591,0.7904882713651618,0.6570022820772878,0.2930178410844581,0.26954545454545453,0.09886363636363636,0.45022931415985323,0.5851983223725958,0.5963729645272524,1.1330582152708049,0.5147727272727273,plain,0,x_passive,passive_rvo_mpc,7,24
narrow_gate,density_v4_interaction_tiers,rvo_multistep_density_v1,main,fixed,4,14585,residual_candidate,medium,0.05,0.1,neighbor_gaussian_v1,2708860080169436333,12.0,8.0,96.0,0.041666666666666664,24.0,x,y,2.2,1.8181818181818181,0.8144898414611816,0.7843813896179199,0,0,0,0,0,2.830007791519165,1,0,0,0,0.632507860660553,19.8,165,0.13493229448795319,0.3429364860057831,0.9872902045026422,14.200141237364733,1.2059950758554887,0.9855792576388236,0.26701727289367805,0.17757575757575758,0.08636363636363636,0.37453878606271007,0.49608776324664294,0.5452492225668994,0.7757019174084598,0.6136363636363636,residual,1,x_intent,icgp_rvo_mpc,7,24
narrow_gate,density_v4_interaction_tiers,rvo_multistep_density_v1,main,fixed,4,14585,residual_zero,medium,0.05,0.1,neighbor_gaussian_v1,2708860080169436333,12.0,8.0,96.0,0.041666666666666664,24.0,x,y,2.2,1.8181818181818181,0.8144898414611816,0.7843813896179199,0,0,0,0,0,2.830007791519165,1,0,0,0,0.7768783569335938,16.32,136,0.19621656835079193,0.3543950617313385,0.9815176017582417,12.256244968608371,1.1746701031224802,0.9237866360307714,0.22203088198747375,0.3724264705882353,0.2665441176470588,0.3013753212612333,0.41587327675958463,0.4266667661612194,0.7769304922746493,0.6360294117647058,residual,0,x_passive,residual_passive_rvo_mpc,7,24
narrow_gate,density_v4_interaction_tiers,rvo_multistep_density_v1,main,fixed,4,14585,plain_candidate,high,0.1,0.2,neighbor_gaussian_v1,16141061460427082688,12.0,8.0,96.0,0.041666666666666664,24.0,x,y,2.2,1.8181818181818181,0.8144898414611816,0.7843813896179199,0,0,0,0,0,2.830007791519165,1,0,0,0,0.7141251564025879,25.439999999999998,212,0.1317681074142456,0.3356623649597168,0.987588251940906,13.672187536038109,0.9733594681165414,0.7980888617335107,0.184457546980274,0.25495283018867926,0.09669811320754718,0.3659007938002322,0.533293090816909,0.5738145543499286,1.0712467040171305,0.49292452830188677,plain,1,x_intent,icgp_rvo_mpc,7,24
narrow_gate,density_v4_interaction_tiers,rvo_multistep_density_v1,main,fixed,4,14585,plain_zero,high,0.1,0.2,neighbor_gaussian_v1,16141061460427082688,12.0,8.0,96.0,0.041666666666666664,24.0,x,y,2.2,1.8181818181818181,0.8144898414611816,0.7843813896179199,0,0,0,0,0,2.830007791519165,1,0,0,0,0.6084125638008118,23.64,197,0.1234745904803276,0.37667199969291687,0.9883694499731064,12.694887688747258,0.8257246668921662,0.6773421997257607,0.2010450510811628,0.25279187817258886,0.13705583756345177,0.5318248070239237,0.6639210598691245,0.7142426590917273,1.2281682178632742,0.4263959390862944,plain,0,x_passive,passive_rvo_mpc,7,24
narrow_gate,density_v4_interaction_tiers,rvo_multistep_density_v1,main,fixed,4,14585,residual_candidate,high,0.1,0.2,neighbor_gaussian_v1,16141061460427082688,12.0,8.0,96.0,0.041666666666666664,24.0,x,y,2.2,1.8181818181818181,0.8144898414611816,0.7843813896179199,0,0,0,0,0,2.830007791519165,1,0,0,0,0.8094993895090498,21.599999999999998,180,0.10581623762845993,0.2798796594142914,0.9900327585637569,13.291795376127993,0.8244328944533158,0.6429119385259258,0.2385565289134522,0.21055555555555555,0.09027777777777778,0.6185366556776835,0.7740018439924983,0.837988136654722,1.1421151004941625,0.45555555555555555,residual,1,x_intent,icgp_rvo_mpc,7,24
narrow_gate,density_v4_interaction_tiers,rvo_multistep_density_v1,main,fixed,4,14585,residual_zero,high,0.1,0.2,neighbor_gaussian_v1,16141061460427082688,12.0,8.0,96.0,0.041666666666666664,24.0,x,y,2.2,1.8181818181818181,0.8144898414611816,0.7843813896179199,0,0,0,0,0,2.830007791519165,1,0,0,0,0.8094993895090498,17.64,147,0.1320917308330536,0.2904758155345917,0.9875577678903937,12.940666438880726,1.1080711126203973,0.8750514096837453,0.22903299311549738,0.2727891156462585,0.18027210884353742,0.4432101475299067,0.5583701184436438,0.5773945134160826,0.9666025043173777,0.49489795918367346,residual,0,x_passive,residual_passive_rvo_mpc,7,24
narrow_gate,density_v4_interaction_tiers,rvo_multistep_density_v1,main,fixed,8,18585,plain_candidate,clean,0.0,0.0,neighbor_gaussian_v1,11442816142369598268,12.0,8.0,96.0,0.08333333333333333,12.0,x,y,2.2,3.6363636363636362,0.7879142761230469,0.7861719131469727,0,0,0,0,0,0.72179114818573,0,0,0,0,0.6650651693344116,26.4,220,0.9797343015670776,3.7732622623443604,0.9057459086179733,13.74796267460988,0.9187212554229931,0.8749779871918938,0.0946307385178939,0.5270454545454546,0.3221590909090909,-0.06131214687872703,0.1139481361960502,0.12607144524478955,0.5554493937442435,0.6971590909090909,plain,1,x_intent,icgp_rvo_mpc,7,24
narrow_gate,density_v4_interaction_tiers,rvo_multistep_density_v1,main,fixed,8,18585,plain_zero,clean,0.0,0.0,neighbor_gaussian_v1,11442816142369598268,12.0,8.0,96.0,0.08333333333333333,12.0,x,y,2.2,3.6363636363636362,0.7879142761230469,0.7861719131469727,0,0,0,0,0,0.72179114818573,0,0,0,0,0.6345893144607544,26.4,220,1.7043416500091553,7.491097927093506,0.8360359817743301,12.414157583837095,0.7955161183479834,0.7592149631289596,0.09245812490751798,0.5329545454545455,0.33238636363636365,-0.024292695716901107,0.10849922800858475,0.11883185647884802,0.5106767963690974,0.7767045454545455,plain,0,x_passive,passive_rvo_mpc,7,24
narrow_gate,density_v4_interaction_tiers,rvo_multistep_density_v1,main,fixed,8,18585,residual_candidate,clean,0.0,0.0,neighbor_gaussian_v1,11442816142369598268,12.0,8.0,96.0,0.08333333333333333,12.0,x,y,2.2,3.6363636363636362,0.7879142761230469,0.7861719131469727,0,0,0,0,0,0.72179114818573,0,0,0,0,0.6548550128936768,26.4,220,1.4018659591674805,7.250765323638916,0.8651352673768997,14.446810435245425,1.0022436138919808,0.9190545266324823,0.11754170442476276,0.5396590909090909,0.29602272727272727,-0.05615024442960259,0.11983261991189964,0.13738938666406583,0.5274154125873876,0.7142045454545455,residual,1,x_intent,icgp_rvo_mpc,7,24
narrow_gate,density_v4_interaction_tiers,rvo_multistep_density_v1,main,fixed,8,18585,residual_zero,clean,0.0,0.0,neighbor_gaussian_v1,11442816142369598268,12.0,8.0,96.0,0.08333333333333333,12.0,x,y,2.2,3.6363636363636362,0.7879142761230469,0.7861719131469727,0,0,0,0,0,0.72179114818573,0,0,0,0,0.7210922837257385,26.4,220,3.5340607166290283,7.953690052032471,0.6600101888179779,11.054889783496037,0.8363547067073258,0.7812379845164039,0.115301306934932,0.5084090909090909,0.22954545454545455,-0.04775754134506802,0.10166946511419872,0.10442632693492163,0.6038190990171436,0.7892045454545454,residual,0,x_passive,residual_passive_rvo_mpc,7,24
narrow_gate,density_v4_interaction_tiers,rvo_multistep_density_v1,main,fixed,8,18585,plain_candidate,low,0.02,0.04,neighbor_gaussian_v1,6097680578902795994,12.0,8.0,96.0,0.08333333333333333,12.0,x,y,2.2,3.6363636363636362,0.7879142761230469,0.7861719131469727,0,0,0,0,0,0.72179114818573,0,0,0,0,0.6461068391799927,26.4,220,1.2797743082046509,7.672584533691406,0.876880943775177,12.685934530319628,0.8062752172012221,0.7887227433648977,0.10089306828872809,0.5115909090909091,0.27045454545454545,-0.010924920675627852,0.1717218450351385,0.1828156491128071,0.5636906948102407,0.6875,plain,1,x_intent,icgp_rvo_mpc,7,24
narrow_gate,density_v4_interaction_tiers,rvo_multistep_density_v1,main,fixed,8,18585,plain_zero,low,0.02,0.04,neighbor_gaussian_v1,6097680578902795994,12.0,8.0,96.0,0.08333333333333333,12.0,x,y,2.2,3.6363636363636362,0.7879142761230469,0.7861719131469727,0,0,0,0,0,0.72179114818573,0,0,0,0,0.6128476858139038,26.4,220,1.395472526550293,7.003116130828857,0.8657503426074982,13.715463099861154,0.8457035395232114,0.7708491036837751,0.11615977263400881,0.5413636363636364,0.36704545454545456,-0.03520924929931516,0.0898767134580144,0.10597523361960139,0.6241067820689084,0.6857954545454545,plain,0,x_passive,passive_rvo_mpc,7,24
narrow_gate,density_v4_interaction_tiers,rvo_multistep_density_v1,main,fixed,8,18585,residual_candidate,low,0.02,0.04,neighbor_gaussian_v1,6097680578902795994,12.0,8.0,96.0,0.08333333333333333,12.0,x,y,2.2,3.6363636363636362,0.7879142761230469,0.7861719131469727,0,0,0,0,0,0.72179114818573,0,0,0,0,0.6509175896644592,26.4,220,2.9456262588500977,7.392210483551025,0.7166197597980499,11.405383019357032,0.8776615345681256,0.8343447365544059,0.1184024997531775,0.5076136363636363,0.16079545454545455,-0.06258297397469861,0.12383671685660236,0.12713780767086538,0.45012708115053923,0.7681818181818182,residual,1,x_intent,icgp_rvo_mpc,7,24
narrow_gate,density_v4_interaction_tiers,rvo_multistep_density_v1,main,fixed,8,18585,residual_zero,low,0.02,0.04,neighbor_gaussian_v1,6097680578902795994,12.0,8.0,96.0,0.08333333333333333,12.0,x,y,2.2,3.6363636363636362,0.7879142761230469,0.7861719131469727,0,0,0,0,0,0.72179114818573,0,0,0,0,0.6659695506095886,26.4,220,2.064480781555176,7.171263217926025,0.8013892471790314,11.85052150464253,0.7374379462816498,0.7121295518495819,0.11000488606937738,0.5157954545454545,0.22613636363636364,-0.02931898444585074,0.1169256296660545,0.1281079766717312,0.48087220427709654,0.8022727272727272,residual,0,x_passive,residual_passive_rvo_mpc,7,24
narrow_gate,density_v4_interaction_tiers,rvo_multistep_density_v1,main,fixed,8,18585,plain_candidate,medium,0.05,0.1,neighbor_gaussian_v1,6973369143546233942,12.0,8.0,96.0,0.08333333333333333,12.0,x,y,2.2,3.6363636363636362,0.7879142761230469,0.7861719131469727,0,0,0,0,0,0.72179114818573,0,0,0,0,0.6875621676445007,26.4,220,1.0565232038497925,5.079955577850342,0.8983585312962532,13.921714219017304,1.0163355119526387,0.9706000169908459,0.09812840904818255,0.5148863636363636,0.2857954545454545,-0.056433787980615005,0.12184691015487296,0.13625448146264188,0.5301057746697783,0.7318181818181818,plain,1,x_intent,icgp_rvo_mpc,7,24
narrow_gate,density_v4_interaction_tiers,rvo_multistep_density_v1,main,fixed,8,18585,plain_zero,medium,0.05,0.1,neighbor_gaussian_v1,6973369143546233942,12.0,8.0,96.0,0.08333333333333333,12.0,x,y,2.2,3.6363636363636362,0.7879142761230469,0.7861719131469727,0,0,0,0,0,0.72179114818573,0,0,0,0,0.5983752012252808,26.4,220,2.5784406661987305,7.545257568359375,0.7519443929195404,11.823922230294556,0.8612506009976972,0.8232228666882623,0.13197051150861874,0.5601136363636363,0.25113636363636366,-0.042701496966277494,0.10431685825799962,0.1417989722804759,0.4921197711093749,0.7335227272727273,plain,0,x_passive,passive_rvo_mpc,7,24
narrow_gate,density_v4_interaction_tiers,rvo_multistep_density_v1,main,fixed,8,18585,residual_candidate,medium,0.05,0.1,neighbor_gaussian_v1,6973369143546233942,12.0,8.0,96.0,0.08333333333333333,12.0,x,y,2.2,3.6363636363636362,0.7879142761230469,0.7861719131469727,0,0,0,0,0,0.72179114818573,0,0,0,0,0.6487394571304321,26.4,220,1.5904858112335205,7.327221870422363,0.8469893336296082,12.84317362967522,1.0340719783170658,0.9826818019829013,0.13008272726438008,0.5281818181818182,0.24431818181818182,-0.045180324339335665,0.12637752849045453,0.16590606056427318,0.4799053968761823,0.7892045454545454,residual,1,x_intent,icgp_rvo_mpc,7,24
narrow_gate,density_v4_interaction_tiers,rvo_multistep_density_v1,main,fixed,8,18585,residual_zero,medium,0.05,0.1,neighbor_gaussian_v1,6973369143546233942,12.0,8.0,96.0,0.08333333333333333,12.0,x,y,2.2,3.6363636363636362,0.7879142761230469,0.7861719131469727,0,0,0,0,0,0.72179114818573,0,0,0,0,0.7222744226455688,26.4,220,1.9481104612350464,7.499425888061523,0.8125845044851303,12.387858106671956,0.9703652366657148,0.9052426608448679,0.12011505668025083,0.5618181818181818,0.2590909090909091,-0.018400170192836053,0.1335401351857792,0.14126261050576658,0.5583012044963593,0.7636363636363637,residual,0,x_passive,residual_passive_rvo_mpc,7,24
narrow_gate,density_v4_interaction_tiers,rvo_multistep_density_v1,main,fixed,8,18585,plain_candidate,high,0.1,0.2,neighbor_gaussian_v1,11896299271676306343,12.0,8.0,96.0,0.08333333333333333,12.0,x,y,2.2,3.6363636363636362,0.7879142761230469,0.7861719131469727,0,0,0,0,0,0.72179114818573,0,0,0,0,0.6745814681053162,26.4,220,1.0970505475997925,5.477416515350342,0.8944596499204636,13.57653800222215,1.2054030642590738,1.1606108057228002,0.094781818122349,0.48454545454545456,0.2369318181818182,-0.03220972329173459,0.14699862161727725,0.17557808183745768,0.4984923262972959,0.7375,plain,1,x_intent,icgp_rvo_mpc,7,24
narrow_gate,density_v4_interaction_tiers,rvo_multistep_density_v1,main,fixed,8,18585,plain_zero,high,0.1,0.2,neighbor_gaussian_v1,11896299271676306343,12.0,8.0,96.0,0.08333333333333333,12.0,x,y,2.2,3.6363636363636362,0.7879142761230469,0.7861719131469727,0,0,0,0,0,0.72179114818573,0,0,0,0,0.7206149697303772,26.4,220,0.6840798854827881,1.338268518447876,0.934188961982727,14.412442175022079,1.1476384622129527,1.0594842832196842,0.09767903383445545,0.5645454545454546,0.3931818181818182,-0.06284545308050812,0.06418237158253945,0.07444340046032616,0.5847171297748506,0.7153409090909091,plain,0,x_passive,passive_rvo_mpc,7,24
narrow_gate,density_v4_interaction_tiers,rvo_multistep_density_v1,main,fixed,8,18585,residual_candidate,high,0.1,0.2,neighbor_gaussian_v1,11896299271676306343,12.0,8.0,96.0,0.08333333333333333,12.0,x,y,2.2,3.6363636363636362,0.7879142761230469,0.7861719131469727,0,0,0,0,0,0.72179114818573,0,0,0,0,0.659270167350769,26.4,220,1.98335599899292,7.418590545654297,0.8091937601566315,13.034160559519478,1.2607118020003492,1.1408990228717977,0.13394596594893796,0.5761363636363637,0.26477272727272727,-0.07119892122062485,0.1147207682101652,0.12219223188418317,0.4454710587736319,0.7880681818181818,residual,1,x_intent,icgp_rvo_mpc,7,24
narrow_gate,density_v4_interaction_tiers,rvo_multistep_density_v1,main,fixed,8,18585,residual_zero,high,0.1,0.2,neighbor_gaussian_v1,11896299271676306343,12.0,8.0,96.0,0.08333333333333333,12.0,x,y,2.2,3.6363636363636362,0.7879142761230469,0.7861719131469727,0,0,0,0,0,0.72179114818573,0,0,0,0,0.6966333389282227,26.4,220,2.690084934234619,7.960757732391357,0.7412038147449493,12.18896911595948,1.0638845337724143,1.0145567900077863,0.17313994315124795,0.5470454545454545,0.25681818181818183,-0.0595229295473331,0.08662189156795899,0.0987334635088693,0.5328066693106366,0.759090909090909,residual,0,x_passive,residual_passive_rvo_mpc,7,24
merge_bottleneck,density_v4_interaction_tiers,rvo_multistep_density_v1,main,fixed,4,15098,plain_candidate,clean,0.0,0.0,neighbor_gaussian_v1,12744019690097970957,12.0,8.0,96.0,0.041666666666666664,24.0,x,y,2.2,1.8181818181818181,0.7637357711791992,0.9000000953674316,0,0,0,0,0,1.6799654960632324,0,0,0,0,0.8400015866090315,26.4,220,0.7473307251930237,1.2335491180419922,0.9280193820595741,13.582810905170845,0.6055487344417833,0.5414070078981406,0.21202727280483072,0.3693181818181818,0.08522727272727272,0.08718645419182026,0.24855738283366102,0.283985275854551,0.5106828946433818,0.6829545454545455,plain,1,x_intent,icgp_rvo_mpc,7,24
merge_bottleneck,density_v4_interaction_tiers,rvo_multistep_density_v1,main,fixed,4,15098,plain_zero,clean,0.0,0.0,neighbor_gaussian_v1,12744019690097970957,12.0,8.0,96.0,0.041666666666666664,24.0,x,y,2.2,1.8181818181818181,0.7637357711791992,0.9000000953674316,0,0,0,0,0,1.6799654960632324,0,0,0,0,0.6908990740776062,26.4,220,0.5680307149887085,0.7202816605567932,0.9452890120446682,13.570192644139752,0.6254800628764894,0.5953200617074882,0.20848340917092917,0.3640909090909091,0.08295454545454546,0.11764411474444317,0.26083483827346987,0.28571981404277297,0.513870980525361,0.6909090909090909,plain,0,x_passive,passive_rvo_mpc,7,24
merge_bottleneck,density_v4_interaction_tiers,rvo_multistep_density_v1,main,fixed,4,15098,residual_candidate,clean,0.0,0.0,neighbor_gaussian_v1,12744019690097970957,12.0,8.0,96.0,0.041666666666666664,24.0,x,y,2.2,1.8181818181818181,0.7637357711791992,0.9000000953674316,0,0,0,0,0,1.6799654960632324,0,0,0,0,0.6737229824066162,26.4,220,0.49759408831596375,0.9204908609390259,0.9520732536911964,14.243809477600735,0.6222789044771059,0.48845780917948683,0.23930670451425778,0.37772727272727274,0.1125,0.05057147560185546,0.21070457347907529,0.23332285796192287,0.5099410933186541,0.7227272727272728,residual,1,x_intent,icgp_rvo_mpc,7,24
merge_bottleneck,density_v4_interaction_tiers,rvo_multistep_density_v1,main,fixed,4,15098,residual_zero,clean,0.0,0.0,neighbor_gaussian_v1,12744019690097970957,12.0,8.0,96.0,0.041666666666666664,24.0,x,y,2.2,1.8181818181818181,0.7637357711791992,0.9000000953674316,0,0,0,0,0,1.6799654960632324,0,0,0,0,0.8400215816497802,26.4,220,0.7586042881011963,1.4096819162368774,0.926933541893959,14.043802843909361,0.6921110652381851,0.6557201017736753,0.2419986363913102,0.3531818181818182,0.07840909090909091,0.08688528560591327,0.2164244969535324,0.23342055326910618,0.5317226631686137,0.7170454545454545,residual,0,x_passive,residual_passive_rvo_mpc,7,24
merge_bottleneck,density_v4_interaction_tiers,rvo_multistep_density_v1,main,fixed,4,15098,plain_candidate,low,0.02,0.04,neighbor_gaussian_v1,906220976567998253,12.0,8.0,96.0,0.041666666666666664,24.0,x,y,2.2,1.8181818181818181,0.7637357711791992,0.9000000953674316,0,0,0,0,0,1.6799654960632324,0,0,0,0,0.7045785784721375,26.4,220,1.0465155839920044,2.9425621032714844,0.8992028087377548,12.807922245803638,0.6120623476024941,0.568371103085387,0.16392250036005862,0.39545454545454545,0.07613636363636364,0.058369156412140896,0.22562189254058987,0.2572133017144686,0.48285511715877527,0.6818181818181818,plain,1,x_intent,icgp_rvo_mpc,7,24
merge_bottleneck,density_v4_interaction_tiers,rvo_multistep_density_v1,main,fixed,4,15098,plain_zero,low,0.02,0.04,neighbor_gaussian_v1,906220976567998253,12.0,8.0,96.0,0.041666666666666664,24.0,x,y,2.2,1.8181818181818181,0.7637357711791992,0.9000000953674316,0,0,0,0,0,1.6799654960632324,0,0,0,0,0.6326772570610046,26.4,220,0.658068060874939,1.1585564613342285,0.9366168901324272,13.646508884135983,0.6734329092316329,0.6747612576677718,0.17933545452913016,0.35363636363636364,0.09545454545454546,0.11073643751992773,0.2546457988012732,0.2833570427233334,0.5094528919258671,0.7340909090909091,plain,0,x_passive,passive_rvo_mpc,7,24
merge_bottleneck,density_v4_interaction_tiers,rvo_multistep_density_v1,main,fixed,4,15098,residual_candidate,low,0.02,0.04,neighbor_gaussian_v1,906220976567998253,12.0,8.0,96.0,0.041666666666666664,24.0,x,y,2.2,1.8181818181818181,0.7637357711791992,0.9000000953674316,0,0,0,0,0,1.6799654960632324,0,0,0,0,0.8400414896011352,26.4,220,0.6356977820396423,0.8799819946289062,0.9387715272605419,13.768143018241972,0.6732729291467959,0.6143501025391742,0.22996499994240532,0.3584090909090909,0.09090909090909091,0.07712419189488294,0.22571888136993082,0.24743326588510794,0.5231484609704986,0.7625,residual,1,x_intent,icgp_rvo_mpc,7,24
merge_bottleneck,density_v4_interaction_tiers,rvo_multistep_density_v1,main,fixed,4,15098,residual_zero,low,0.02,0.04,neighbor_gaussian_v1,906220976567998253,12.0,8.0,96.0,0.041666666666666664,24.0,x,y,2.2,1.8181818181818181,0.7637357711791992,0.9000000953674316,0,0,0,0,0,1.6799654960632324,0,0,0,0,0.8400442078495797,26.4,220,0.5000181198120117,0.8787667155265808,0.9518397785723209,13.774236401281087,0.6998862967127935,0.7278546204367145,0.24522136425895785,0.3225,0.0659090909090909,0.10530289200904674,0.23300810328249213,0.25042536489653305,0.5426618297714081,0.7670454545454546,residual,0,x_passive,residual_passive_rvo_mpc,7,24
merge_bottleneck,density_v4_interaction_tiers,rvo_multistep_density_v1,main,fixed,4,15098,plain_candidate,medium,0.05,0.1,neighbor_gaussian_v1,7658853966832383493,12.0,8.0,96.0,0.041666666666666664,24.0,x,y,2.2,1.8181818181818181,0.7637357711791992,0.9000000953674316,0,0,0,0,0,1.6799654960632324,0,0,0,0,0.8392744660377502,26.4,220,0.89632248878479,1.5514367818832397,0.9136689454317093,14.181112683407264,0.7488791685575962,0.6757007886439996,0.20341284074344335,0.3965909090909091,0.11704545454545455,0.06637794155846415,0.23468652998634332,0.256874177345281,0.554587061096283,0.6772727272727272,plain,1,x_intent,icgp_rvo_mpc,7,24
merge_bottleneck,density_v4_interaction_tiers,rvo_multistep_density_v1,main,fixed,4,15098,plain_zero,medium,0.05,0.1,neighbor_gaussian_v1,7658853966832383493,12.0,8.0,96.0,0.041666666666666664,24.0,x,y,2.2,1.8181818181818181,0.7637357711791992,0.9000000953674316,0,0,0,0,0,1.6799654960632324,0,0,0,0,0.5837543606758118,26.4,220,0.7925559878349304,1.040324091911316,0.9236634224653244,13.584807487723083,0.7652970739181579,0.6970902075731746,0.20849670419755223,0.3725,0.10681818181818181,0.10111994577255308,0.24028050151874802,0.2602783450768861,0.5006697597675729,0.696590909090909,plain,0,x_passive,passive_rvo_mpc,7,24
merge_bottleneck,density_v4_interaction_tiers,rvo_multistep_density_v1,main,fixed,4,15098,residual_candidate,medium,0.05,0.1,neighbor_gaussian_v1,7658853966832383493,12.0,8.0,96.0,0.041666666666666664,24.0,x,y,2.2,1.8181818181818181,0.7637357711791992,0.9000000953674316,0,0,0,0,0,1.6799654960632324,0,0,0,0,0.8400232598551223,26.4,220,0.7139091491699219,1.1106640100479126,0.931238442659378,13.319057581626112,0.596267120826418,0.6054703891912306,0.28300079542201606,0.36363636363636365,0.08636363636363636,0.08693475531108504,0.23555834009061458,0.2510144281810994,0.5392819235069704,0.7727272727272727,residual,1,x_intent,icgp_rvo_mpc,7,24
merge_bottleneck,density_v4_interaction_tiers,rvo_multistep_density_v1,main,fixed,4,15098,residual_zero,medium,0.05,0.1,neighbor_gaussian_v1,7658853966832383493,12.0,8.0,96.0,0.041666666666666664,24.0,x,y,2.2,1.8181818181818181,0.7637357711791992,0.9000000953674316,0,0,0,0,0,1.6799654960632324,0,0,0,0,0.8400344562530517,26.4,220,0.8728346824645996,1.4969524145126343,0.915931224822998,13.897355418419465,0.7012335020032796,0.6971565052612939,0.24213704468407246,0.36954545454545457,0.09886363636363636,0.09235816849131595,0.2261365295273869,0.24850765319079066,0.5165700738878042,0.7670454545454546,residual,0,x_passive,residual_passive_rvo_mpc,7,24
merge_bottleneck,density_v4_interaction_tiers,rvo_multistep_density_v1,main,fixed,4,15098,plain_candidate,high,0.1,0.2,neighbor_gaussian_v1,96962241864487312,12.0,8.0,96.0,0.041666666666666664,24.0,x,y,2.2,1.8181818181818181,0.7637357711791992,0.9000000953674316,0,0,0,0,0,1.6799654960632324,0,0,0,0,0.6919434070587158,26.4,220,0.8009495735168457,1.775073528289795,0.9228549748659134,14.055031458468875,0.7904761167503734,0.6986661903909408,0.1825848861533979,0.42159090909090907,0.11477272727272728,0.041851902450049557,0.21349820588321491,0.25696677686337366,0.49056360426901763,0.7090909090909091,plain,1,x_intent,icgp_rvo_mpc,7,24
merge_bottleneck,density_v4_interaction_tiers,rvo_multistep_density_v1,main,fixed,4,15098,plain_zero,high,0.1,0.2,neighbor_gaussian_v1,96962241864487312,12.0,8.0,96.0,0.041666666666666664,24.0,x,y,2.2,1.8181818181818181,0.7637357711791992,0.9000000953674316,0,0,0,0,0,1.6799654960632324,0,0,0,0,0.8394679683407713,26.4,220,0.8960385322570801,2.319964647293091,0.9136962965130806,14.349377858801745,0.9214815648928792,0.8175250662511891,0.16459295491751452,0.38477272727272727,0.10568181818181818,0.10677759361745455,0.24393087726892937,0.3024902897103998,0.47387138690654085,0.7477272727272727,plain,0,x_passive,passive_rvo_mpc,7,24
merge_bottleneck,density_v4_interaction_tiers,rvo_multistep_density_v1,main,fixed,4,15098,residual_candidate,high,0.1,0.2,neighbor_gaussian_v1,96962241864487312,12.0,8.0,96.0,0.041666666666666664,24.0,x,y,2.2,1.8181818181818181,0.7637357711791992,0.9000000953674316,0,0,0,0,0,1.6799654960632324,0,0,0,0,0.8400447082519531,26.4,220,0.9193397164344788,2.20245623588562,0.9114519953727722,13.861722505385842,0.7989185845892114,0.7396105439804325,0.21282374985854735,0.3543181818181818,0.0659090909090909,0.08436948899185398,0.23716546898120902,0.2661560189817682,0.4966447606887601,0.7522727272727273,residual,1,x_intent,icgp_rvo_mpc,7,24
merge_bottleneck,density_v4_interaction_tiers,rvo_multistep_density_v1,main,fixed,4,15098,residual_zero,high,0.1,0.2,neighbor_gaussian_v1,96962241864487312,12.0,8.0,96.0,0.041666666666666664,24.0,x,y,2.2,1.8181818181818181,0.7637357711791992,0.9000000953674316,0,0,0,0,0,1.6799654960632324,0,0,0,0,0.8400124084949494,26.4,220,0.8883055448532104,1.7755908966064453,0.9144411161541939,13.801491084897862,0.8993071700107645,0.8409451648592949,0.2157092048781289,0.33636363636363636,0.06704545454545455,0.10758638798308649,0.23785973635740487,0.25786626756344916,0.4918188837225932,0.7636363636363637,residual,0,x_passive,residual_passive_rvo_mpc,7,24
merge_bottleneck,density_v4_interaction_tiers,rvo_multistep_density_v1,main,fixed,8,19098,plain_candidate,clean,0.0,0.0,neighbor_gaussian_v1,13084085457040844770,12.0,8.0,96.0,0.08333333333333333,12.0,x,y,2.2,3.6363636363636362,0.786837100982666,0.9000000953674316,0,0,0,0,0,0.6927878260612488,0,0,0,0,0.5535877346992493,26.4,220,3.1634531021118164,7.074225902557373,0.6944068670272827,10.438151866301041,0.8896099339831959,0.9414599036289887,0.08966982981788037,0.6648863636363637,0.30625,-0.14906332141046658,0.03251144581564929,0.055847957801471455,0.258829006625071,0.8204545454545454,plain,1,x_intent,icgp_rvo_mpc,7,24
merge_bottleneck,density_v4_interaction_tiers,rvo_multistep_density_v1,main,fixed,8,19098,plain_zero,clean,0.0,0.0,neighbor_gaussian_v1,13084085457040844770,12.0,8.0,96.0,0.08333333333333333,12.0,x,y,2.2,3.6363636363636362,0.786837100982666,0.9000000953674316,0,0,0,0,0,0.6927878260612488,0,0,0,0,0.5845990180969238,26.4,220,3.0869526863098145,6.770699501037598,0.7017968893051147,11.099682203271414,0.7953734005039389,0.831760469620878,0.09010011377871376,0.6036363636363636,0.29772727272727273,-0.11566080624501512,0.030403111178049048,0.05006074451312465,0.3498102719804737,0.8721590909090909,plain,0,x_passive,passive_rvo_mpc,7,24
merge_bottleneck,density_v4_interaction_tiers,rvo_multistep_density_v1,main,fixed,8,19098,residual_candidate,clean,0.0,0.0,neighbor_gaussian_v1,13084085457040844770,12.0,8.0,96.0,0.08333333333333333,12.0,x,y,2.2,3.6363636363636362,0.786837100982666,0.9000000953674316,0,0,0,0,0,0.6927878260612488,0,0,0,0,0.5547081232070923,26.4,220,2.915158987045288,6.789558410644531,0.7183923423290253,11.085852865835477,0.7935250173915517,0.8246100283481858,0.11679477267369459,0.5834090909090909,0.25738636363636364,-0.10875079675950736,0.07169609926839852,0.08327130643341761,0.3233992293281428,0.8625,residual,1,x_intent,icgp_rvo_mpc,7,24
merge_bottleneck,density_v4_interaction_tiers,rvo_multistep_density_v1,main,fixed,8,19098,residual_zero,clean,0.0,0.0,neighbor_gaussian_v1,13084085457040844770,12.0,8.0,96.0,0.08333333333333333,12.0,x,y,2.2,3.6363636363636362,0.786837100982666,0.9000000953674316,0,0,0,0,0,0.6927878260612488,0,0,0,0,0.6851637363433838,26.4,220,2.878247022628784,6.850826263427734,0.7219580709934235,10.944425895007953,0.8695619781586257,0.9168739595196463,0.11172153420127208,0.6063636363636363,0.2409090909090909,-0.1334768891804938,0.026100766483067517,0.03789958485864414,0.30531792403267577,0.8397727272727272,residual,0,x_passive,residual_passive_rvo_mpc,7,24
merge_bottleneck,density_v4_interaction_tiers,rvo_multistep_density_v1,main,fixed,8,19098,plain_candidate,low,0.02,0.04,neighbor_gaussian_v1,8273656603760743607,12.0,8.0,96.0,0.08333333333333333,12.0,x,y,2.2,3.6363636363636362,0.786837100982666,0.9000000953674316,0,0,0,0,0,0.6927878260612488,0,0,0,0,0.539360523223877,26.4,220,2.4125735759735107,6.901803970336914,0.7669426649808884,11.616198167913353,0.952953333712437,0.9713610668412663,0.09630812518563206,0.6196590909090909,0.2948863636363636,-0.14539864951631287,0.03215836601449854,0.03864013374816457,0.37782322256053125,0.8005681818181818,plain,1,x_intent,icgp_rvo_mpc,7,24
merge_bottleneck,density_v4_interaction_tiers,rvo_multistep_density_v1,main,fixed,8,19098,plain_zero,low,0.02,0.04,neighbor_gaussian_v1,8273656603760743607,12.0,8.0,96.0,0.08333333333333333,12.0,x,y,2.2,3.6363636363636362,0.786837100982666,0.9000000953674316,0,0,0,0,0,0.6927878260612488,0,0,0,0,0.6173995137214661,26.4,220,2.4624435901641846,6.780746936798096,0.762125164270401,13.053535046087745,0.9648909935558384,0.9756046759811314,0.08993744264774829,0.5475,0.26704545454545453,-0.0777941301859307,0.06207054529309832,0.06870116186044992,0.432210536384774,0.8454545454545455,plain,0,x_passive,passive_rvo_mpc,7,24
merge_bottleneck,density_v4_interaction_tiers,rvo_multistep_density_v1,main,fixed,8,19098,residual_candidate,low,0.02,0.04,neighbor_gaussian_v1,8273656603760743607,12.0,8.0,96.0,0.08333333333333333,12.0,x,y,2.2,3.6363636363636362,0.786837100982666,0.9000000953674316,0,0,0,0,0,0.6927878260612488,0,0,1,0,0.49940621852874756,26.4,220,2.158839225769043,6.497051239013672,0.7914536893367767,12.357954879465979,1.0537982670420951,1.0657758464190092,0.11202596555945506,0.5306818181818181,0.22102272727272726,-0.08807175449260127,0.0854357910232575,0.09149694437416345,0.34882082145297977,0.8590909090909091,residual,1,x_intent,icgp_rvo_mpc,7,24
merge_bottleneck,density_v4_interaction_tiers,rvo_multistep_density_v1,main,fixed,8,19098,residual_zero,low,0.02,0.04,neighbor_gaussian_v1,8273656603760743607,12.0,8.0,96.0,0.08333333333333333,12.0,x,y,2.2,3.6363636363636362,0.786837100982666,0.9000000953674316,0,0,0,0,0,0.6927878260612488,0,0,0,0,0.6753047704696655,26.4,220,3.0169034004211426,6.891526699066162,0.7085637152194977,12.235749123771711,0.948295037668537,0.9798042524267326,0.13293744304974098,0.5877272727272728,0.2761363636363636,-0.10677849132197,0.03933549919612382,0.04091342711336587,0.33044743206999205,0.8710227272727272,residual,0,x_passive,residual_passive_rvo_mpc,7,24
merge_bottleneck,density_v4_interaction_tiers,rvo_multistep_density_v1,main,fixed,8,19098,plain_candidate,medium,0.05,0.1,neighbor_gaussian_v1,3826817518406094104,12.0,8.0,96.0,0.08333333333333333,12.0,x,y,2.2,3.6363636363636362,0.786837100982666,0.9000000953674316,0,0,0,0,0,0.6927878260612488,0,0,1,0,0.4956141412258148,26.4,220,3.2623326778411865,6.9595112800598145,0.6848549842834473,11.467624215060823,1.0592940587211739,1.1142235296693714,0.08943914713613181,0.6271590909090909,0.27329545454545456,-0.1462375103660629,0.03390458609910067,0.03672836683014471,0.34407951543260124,0.9,plain,1,x_intent,icgp_rvo_mpc,7,24
merge_bottleneck,density_v4_interaction_tiers,rvo_multistep_density_v1,main,fixed,8,19098,plain_zero,medium,0.05,0.1,neighbor_gaussian_v1,3826817518406094104,12.0,8.0,96.0,0.08333333333333333,12.0,x,y,2.2,3.6363636363636362,0.786837100982666,0.9000000953674316,0,0,0,0,0,0.6927878260612488,0,0,1,0,0.48883306980133057,26.4,220,2.4754323959350586,6.600718975067139,0.7608704268932343,12.389160717591949,1.0698342991146175,1.039792139083147,0.10098545442980883,0.63,0.3568181818181818,-0.14480629965667402,0.005198038204252544,0.009908574817719193,0.40437535604319536,0.8244318181818182,plain,0,x_passive,passive_rvo_mpc,7,24
merge_bottleneck,density_v4_interaction_tiers,rvo_multistep_density_v1,main,fixed,8,19098,residual_candidate,medium,0.05,0.1,neighbor_gaussian_v1,3826817518406094104,12.0,8.0,96.0,0.08333333333333333,12.0,x,y,2.2,3.6363636363636362,0.786837100982666,0.9000000953674316,0,0,0,0,0,0.6927878260612488,0,0,0,0,0.5689408183097839,26.4,220,3.057796001434326,6.874600887298584,0.704613447189331,11.47602906847169,1.0480272629721599,1.0797021520408716,0.11797454571933486,0.5657954545454545,0.21647727272727274,-0.11125202829340691,0.07516556018594016,0.08088306592915927,0.34622711479954693,0.8431818181818181,residual,1,x_intent,icgp_rvo_mpc,7,24
merge_bottleneck,density_v4_interaction_tiers,rvo_multistep_density_v1,main,fixed,8,19098,residual_zero,medium,0.05,0.1,neighbor_gaussian_v1,3826817518406094104,12.0,8.0,96.0,0.08333333333333333,12.0,x,y,2.2,3.6363636363636362,0.786837100982666,0.9000000953674316,0,0,0,0,0,0.6927878260612488,0,0,0,0,0.5852850079536438,26.4,220,2.652273416519165,6.756888389587402,0.7437873780727386,12.072373003346001,1.0247797200540927,1.0429233734580603,0.11497039803626566,0.548409090909091,0.22443181818181818,-0.0836325594646755,0.06874006446161152,0.07302281090869243,0.34673742899186666,0.8715909090909091,residual,0,x_passive,residual_passive_rvo_mpc,7,24
merge_bottleneck,density_v4_interaction_tiers,rvo_multistep_density_v1,main,fixed,8,19098,plain_candidate,high,0.1,0.2,neighbor_gaussian_v1,6271373968888467250,12.0,8.0,96.0,0.08333333333333333,12.0,x,y,2.2,3.6363636363636362,0.786837100982666,0.9000000953674316,0,0,0,0,0,0.6927878260612488,0,0,0,0,0.6347790956497192,26.4,220,3.0648529529571533,6.876229286193848,0.7039317488670349,12.710497188752015,1.2106471176174554,1.1599208350885999,0.09123329546127934,0.6096590909090909,0.27045454545454545,-0.13817313626698208,0.03747223493456798,0.04065443075583698,0.35577696459702735,0.8869318181818182,plain,1,x_intent,icgp_rvo_mpc,7,24
merge_bottleneck,density_v4_interaction_tiers,rvo_multistep_density_v1,main,fixed,8,19098,plain_zero,high,0.1,0.2,neighbor_gaussian_v1,6271373968888467250,12.0,8.0,96.0,0.08333333333333333,12.0,x,y,2.2,3.6363636363636362,0.786837100982666,0.9000000953674316,0,0,0,0,0,0.6927878260612488,0,0,0,0,0.5762216448783875,26.4,220,2.525113344192505,6.567465305328369,0.7560711950063705,13.150563666275275,1.2738271325826644,1.1755116201259874,0.09389102263164452,0.6513636363636364,0.3403409090909091,-0.14603770944373337,0.016688392440281367,0.024220949626385376,0.34646319212297066,0.8653409090909091,plain,0,x_passive,passive_rvo_mpc,7,24
merge_bottleneck,density_v4_interaction_tiers,rvo_multistep_density_v1,main,fixed,8,19098,residual_candidate,high,0.1,0.2,neighbor_gaussian_v1,6271373968888467250,12.0,8.0,96.0,0.08333333333333333,12.0,x,y,2.2,3.6363636363636362,0.786837100982666,0.9000000953674316,0,0,0,0,0,0.6927878260612488,0,0,0,0,0.605746328830719,26.4,220,2.4129467010498047,6.540455341339111,0.7669066190719604,12.290491739421668,1.2599368857389146,1.2508439954031598,0.11993744291513311,0.5847727272727272,0.26477272727272727,-0.114710315416707,0.06418686098462398,0.07150007951731685,0.3254646732110487,0.8392045454545455,residual,1,x_intent,icgp_rvo_mpc,7,24
merge_bottleneck,density_v4_interaction_tiers,rvo_multistep_density_v1,main,fixed,8,19098,residual_zero,high,0.1,0.2,neighbor_gaussian_v1,6271373968888467250,12.0,8.0,96.0,0.08333333333333333,12.0,x,y,2.2,3.6363636363636362,0.786837100982666,0.9000000953674316,0,0,0,0,0,0.6927878260612488,0,0,0,0,0.6743670105934143,26.4,220,2.293304443359375,6.51073694229126,0.7784641981124878,12.55338738126079,1.2736486599526622,1.217570685459809,0.12485965936238327,0.5261363636363636,0.24261363636363636,-0.06691505954377662,0.06943230693309875,0.07438368702473341,0.3934276914221787,0.8465909090909091,residual,0,x_passive,residual_passive_rvo_mpc,7,24
four_way_stop,density_v4_interaction_tiers,rvo_multistep_density_v1,main,fixed,4,14833,plain_candidate,clean,0.0,0.0,neighbor_gaussian_v1,13220236716051461578,11.0,11.0,121.0,0.03305785123966942,30.25,x,y,11.0,0.36363636363636365,0.6662969589233398,0.6501064300537109,0,0,0,0,0,6.782135009765625,1,0,0,0,0.6974315643310547,11.879999999999999,99,0.13383038341999054,0.2901419699192047,0.9860844230279326,10.541303107660497,0.8733494574124125,0.49402662287119675,0.19576742459027416,0.11616161616161616,0.06818181818181818,0.7955455563048072,0.9321605411563257,1.014966550993197,2.231837830501374,0.4015151515151515,plain,1,x_intent,icgp_rvo_mpc,7,24
four_way_stop,density_v4_interaction_tiers,rvo_multistep_density_v1,main,fixed,4,14833,plain_zero,clean,0.0,0.0,neighbor_gaussian_v1,13220236716051461578,11.0,11.0,121.0,0.03305785123966942,30.25,x,y,11.0,0.36363636363636365,0.6662969589233398,0.6501064300537109,0,0,0,0,0,6.782135009765625,1,0,0,0,0.6564804315567017,13.08,109,0.1205209344625473,0.3489173650741577,0.9874683292582631,10.828580582980067,0.8900241432455155,0.534129954543269,0.18190114770657084,0.1610091743119266,0.13990825688073394,0.8044530026108847,0.879257486737376,0.9848974989272588,2.419296719951367,0.4518348623853211,plain,0,x_passive,passive_rvo_mpc,7,24
four_way_stop,density_v4_interaction_tiers,rvo_multistep_density_v1,main,fixed,4,14833,residual_candidate,clean,0.0,0.0,neighbor_gaussian_v1,13220236716051461578,11.0,11.0,121.0,0.03305785123966942,30.25,x,y,11.0,0.36363636363636365,0.6662969589233398,0.6501064300537109,0,0,0,0,0,6.782135009765625,1,0,0,0,1.0692750215530396,12.0,100,0.1462758481502533,0.34108632802963257,0.9847903540357947,10.546756944502704,0.9825103561137802,0.7022001038792693,0.2526780005428009,0.12,0.0875,0.8986032976629212,1.0488643592037261,1.083118718955666,2.390182977616787,0.3725,residual,1,x_intent,icgp_rvo_mpc,7,24
four_way_stop,density_v4_interaction_tiers,rvo_multistep_density_v1,main,fixed,4,14833,residual_zero,clean,0.0,0.0,neighbor_gaussian_v1,13220236716051461578,11.0,11.0,121.0,0.03305785123966942,30.25,x,y,11.0,0.36363636363636365,0.6662969589233398,0.6501064300537109,0,0,0,0,0,6.782135009765625,1,0,0,0,1.008854627609253,11.4,95,0.12139730155467987,0.30315274000167847,0.9873772049322724,10.464829043194186,0.9293441080733349,0.5637256249023858,0.22978289466424795,0.13157894736842105,0.10789473684210527,1.0445487368204875,1.1262597102711074,1.1496716866210888,2.513545340989766,0.40789473684210525,residual,0,x_passive,residual_passive_rvo_mpc,7,24
four_way_stop,density_v4_interaction_tiers,rvo_multistep_density_v1,main,fixed,4,14833,plain_candidate,low,0.02,0.04,neighbor_gaussian_v1,3760376108277322869,11.0,11.0,121.0,0.03305785123966942,30.25,x,y,11.0,0.36363636363636365,0.6662969589233398,0.6501064300537109,0,0,0,0,0,6.782135009765625,1,0,0,0,1.1603527069091797,12.719999999999999,106,0.13118207454681396,0.28883031010627747,0.9863597918301821,10.58085132004635,0.9335276876237981,0.6725428173479432,0.16287688722170643,0.11179245283018868,0.0589622641509434,0.9640190965805274,1.1120091224679687,1.1873040067762979,2.3489155342443935,0.4528301886792453,plain,1,x_intent,icgp_rvo_mpc,7,24
four_way_stop,density_v4_interaction_tiers,rvo_multistep_density_v1,main,fixed,4,14833,plain_zero,low,0.02,0.04,neighbor_gaussian_v1,3760376108277322869,11.0,11.0,121.0,0.03305785123966942,30.25,x,y,11.0,0.36363636363636365,0.6662969589233398,0.6501064300537109,0,0,0,0,0,6.782135009765625,1,0,0,0,1.001267433166504,13.08,109,0.1435565948486328,0.3321964740753174,0.9850730998441577,11.206244066357613,0.9214461025004403,0.6491742708970751,0.16896490933087338,0.10963302752293579,0.08027522935779817,0.9240041166482441,0.999790016371039,1.058085969535446,2.2108258366420728,0.5160550458715596,plain,0,x_passive,passive_rvo_mpc,7,24
four_way_stop,density_v4_interaction_tiers,rvo_multistep_density_v1,main,fixed,4,14833,residual_candidate,low,0.02,0.04,neighbor_gaussian_v1,3760376108277322869,11.0,11.0,121.0,0.03305785123966942,30.25,x,y,11.0,0.36363636363636365,0.6662969589233398,0.6501064300537109,0,0,0,0,0,6.782135009765625,1,0,0,0,1.2058480978012085,13.32,111,0.11971038579940796,0.30004894733428955,0.9875526092946529,10.84461912815459,0.9275085364336249,0.7793136023797297,0.2340963963777884,0.0945945945945946,0.06756756756756757,0.9538907337048184,1.0910071799977943,1.1230155073401626,2.2304414738835514,0.45495495495495497,residual,1,x_intent,icgp_rvo_mpc,7,24
four_way_stop,density_v4_interaction_tiers,rvo_multistep_density_v1,main,fixed,4,14833,residual_zero,low,0.02,0.04,neighbor_gaussian_v1,3760376108277322869,11.0,11.0,121.0,0.03305785123966942,30.25,x,y,11.0,0.36363636363636365,0.6662969589233398,0.6501064300537109,0,0,0,0,0,6.782135009765625,1,0,0,0,1.2212927341461182,12.84,107,0.22457283735275269,0.2803184986114502,0.9766490943729877,10.45316197059583,0.9640952523092731,0.7841145080299405,0.3611359815439645,0.10514018691588785,0.0911214953271028,0.8715527788312916,0.9489410740387775,0.9731318755044003,2.114389302440893,0.5,residual,0,x_passive,residual_passive_rvo_mpc,7,24
four_way_stop,density_v4_interaction_tiers,rvo_multistep_density_v1,main,fixed,4,14833,plain_candidate,medium,0.05,0.1,neighbor_gaussian_v1,11190387671389357137,11.0,11.0,121.0,0.03305785123966942,30.25,x,y,11.0,0.36363636363636365,0.6662969589233398,0.6501064300537109,0,0,0,0,0,6.782135009765625,1,0,0,0,0.9009336233139038,11.76,98,0.13752241432666779,0.32512539625167847,0.9857005290687084,10.494684178964235,0.7757867100952688,0.47534912263206314,0.21332984672008767,0.17857142857142858,0.14285714285714285,0.9683407868958098,1.123978083354174,1.198775951930759,2.696534580351139,0.33418367346938777,plain,1,x_intent,icgp_rvo_mpc,7,24
four_way_stop,density_v4_interaction_tiers,rvo_multistep_density_v1,main,fixed,4,14833,plain_zero,medium,0.05,0.1,neighbor_gaussian_v1,11190387671389357137,11.0,11.0,121.0,0.03305785123966942,30.25,x,y,11.0,0.36363636363636365,0.6662969589233398,0.6501064300537109,0,0,0,0,0,6.782135009765625,1,0,0,0,0.9288398027420044,12.959999999999999,108,0.09833584725856781,0.29394909739494324,0.9897751165553927,10.485648957430385,0.7330735575125329,0.4250145762644123,0.22667523134495476,0.2050925925925926,0.18287037037037038,1.0083554181719578,1.0991246008190017,1.15770189979907,2.804460762104503,0.3263888888888889,plain,0,x_passive,passive_rvo_mpc,7,24
four_way_stop,density_v4_interaction_tiers,rvo_multistep_density_v1,main,fixed,4,14833,residual_candidate,medium,0.05,0.1,neighbor_gaussian_v1,11190387671389357137,11.0,11.0,121.0,0.03305785123966942,30.25,x,y,11.0,0.36363636363636365,0.6662969589233398,0.6501064300537109,0,0,0,0,0,6.782135009765625,1,0,0,0,0.9263193011283875,10.08,84,0.12115535140037537,0.2890756130218506,0.9874023627489805,10.103254821151495,0.8004578893943246,0.412685259408668,0.2394505941733119,0.09404761904761905,0.05952380952380952,1.0878027857057309,1.231243065288734,1.2731725226253983,2.4400127248891765,0.37202380952380953,residual,1,x_intent,icgp_rvo_mpc,7,24
four_way_stop,density_v4_interaction_tiers,rvo_multistep_density_v1,main,fixed,4,14833,residual_zero,medium,0.05,0.1,neighbor_gaussian_v1,11190387671389357137,11.0,11.0,121.0,0.03305785123966942,30.25,x,y,11.0,0.36363636363636365,0.6662969589233398,0.6501064300537109,0,0,0,0,0,6.782135009765625,1,0,0,0,0.9276521801948547,10.32,86,0.12400307506322861,0.3177192211151123,0.9871062589809299,10.105872303247452,0.8084187073373171,0.4534812599992511,0.2523729652789053,0.10232558139534884,0.07267441860465117,1.092764881625988,1.1755762988519531,1.2126239830446106,2.545726381055145,0.35174418604651164,residual,0,x_passive,residual_passive_rvo_mpc,7,24
four_way_stop,density_v4_interaction_tiers,rvo_multistep_density_v1,main,fixed,4,14833,plain_candidate,high,0.1,0.2,neighbor_gaussian_v1,10763083445947469772,11.0,11.0,121.0,0.03305785123966942,30.25,x,y,11.0,0.36363636363636365,0.6662969589233398,0.6501064300537109,0,0,0,0,0,6.782135009765625,1,0,0,0,0.7632189989089966,10.92,91,0.10076402127742767,0.2777015268802643,0.9895226368680596,10.284769118297845,0.9256821713348912,0.5591704870475068,0.2337052195158961,0.12967032967032968,0.0521978021978022,0.7926292051325277,0.9430499481745475,1.0305094424626986,2.435336588097143,0.4065934065934066,plain,1,x_intent,icgp_rvo_mpc,7,24
four_way_stop,density_v4_interaction_tiers,rvo_multistep_density_v1,main,fixed,4,14833,plain_zero,high,0.1,0.2,neighbor_gaussian_v1,10763083445947469772,11.0,11.0,121.0,0.03305785123966942,30.25,x,y,11.0,0.36363636363636365,0.6662969589233398,0.6501064300537109,0,0,0,0,0,6.782135009765625,1,0,0,0,0.7632476091384888,10.68,89,0.15751540660858154,0.3329017758369446,0.9836216736584902,10.241120771039277,0.9776805157072088,0.6212946731631886,0.2340643259231001,0.13651685393258428,0.08707865168539326,0.8253862467738854,0.9115047452037925,0.9918585751716342,2.354708641111181,0.4438202247191011,plain,0,x_passive,passive_rvo_mpc,7,24
four_way_stop,density_v4_interaction_tiers,rvo_multistep_density_v1,main,fixed,4,14833,residual_candidate,high,0.1,0.2,neighbor_gaussian_v1,10763083445947469772,11.0,11.0,121.0,0.03305785123966942,30.25,x,y,11.0,0.36363636363636365,0.6662969589233398,0.6501064300537109,0,0,0,0,0,6.782135009765625,1,0,0,0,0.8112449645996094,11.04,92,0.13990524411201477,0.3092397451400757,0.985452763736248,10.325159759260714,0.9633273967040662,0.6057214838040792,0.28071902219697065,0.13260869565217392,0.09239130434782608,1.0119824732647722,1.1660398711312725,1.218541820086539,2.409219685980807,0.37771739130434784,residual,1,x_intent,icgp_rvo_mpc,7,24
four_way_stop,density_v4_interaction_tiers,rvo_multistep_density_v1,main,fixed,4,14833,residual_zero,high,0.1,0.2,neighbor_gaussian_v1,10763083445947469772,11.0,11.0,121.0,0.03305785123966942,30.25,x,y,11.0,0.36363636363636365,0.6662969589233398,0.6501064300537109,0,0,0,0,0,6.782135009765625,1,0,0,0,0.8286086916923523,11.04,92,0.13542890548706055,0.33462879061698914,0.985918209888041,10.297514774487354,0.9715648785805451,0.615306684716783,0.29570217362640466,0.14456521739130435,0.11141304347826086,1.0430436587734553,1.1248708982611804,1.1614413881536734,2.391767440969529,0.391304347826087,residual,0,x_passive,residual_passive_rvo_mpc,7,24
four_way_stop,density_v4_interaction_tiers,rvo_multistep_density_v1,main,fixed,8,18833,plain_candidate,clean,0.0,0.0,neighbor_gaussian_v1,3198650896638629907,11.0,11.0,121.0,0.06611570247933884,15.125,y,x,11.0,0.7272727272727273,0.6655421257019043,0.6566019058227539,0,0,0,0,0,1.3372111320495605,1,0,0,0,0.689054548740387,17.88,149,0.18918205797672272,0.37002360820770264,0.9802578184753656,12.18034563169931,0.9330766756437568,0.6632762852706166,0.11209177865878048,0.323993288590604,0.23406040268456377,0.10019804477591644,0.24958729786135808,0.28191856402053733,1.0011678923876497,0.5704697986577181,plain,1,x_intent,icgp_rvo_mpc,7,24
four_way_stop,density_v4_interaction_tiers,rvo_multistep_density_v1,main,fixed,8,18833,plain_zero,clean,0.0,0.0,neighbor_gaussian_v1,3198650896638629907,11.0,11.0,121.0,0.06611570247933884,15.125,y,x,11.0,0.7272727272727273,0.6655421257019043,0.6566019058227539,0,0,0,0,0,1.3372111320495605,0,0,0,0,0.6268167495727539,26.4,220,0.31753790378570557,0.9981659650802612,0.9668631851673126,12.626189769049233,0.7582149194172498,0.6695538147225637,0.105217272820565,0.33204545454545453,0.27329545454545456,0.2300252909119644,0.3195263253689999,0.3612172678447414,1.0395944065769966,0.5284090909090909,plain,0,x_passive,passive_rvo_mpc,7,24
four_way_stop,density_v4_interaction_tiers,rvo_multistep_density_v1,main,fixed,8,18833,residual_candidate,clean,0.0,0.0,neighbor_gaussian_v1,3198650896638629907,11.0,11.0,121.0,0.06611570247933884,15.125,y,x,11.0,0.7272727272727273,0.6655421257019043,0.6566019058227539,0,0,0,0,0,1.3372111320495605,1,0,0,0,0.6266787052154541,16.32,136,0.20366697013378143,0.37057507038116455,0.9787462390959263,11.177194001022144,0.8220759087913286,0.6883674387012005,0.14468676470321096,0.3141544117647059,0.203125,0.1706284087779247,0.32812013400198126,0.36403212657773537,1.0910229399055245,0.5625,residual,1,x_intent,icgp_rvo_mpc,7,24
four_way_stop,density_v4_interaction_tiers,rvo_multistep_density_v1,main,fixed,8,18833,residual_zero,clean,0.0,0.0,neighbor_gaussian_v1,3198650896638629907,11.0,11.0,121.0,0.06611570247933884,15.125,y,x,11.0,0.7272727272727273,0.6655421257019043,0.6566019058227539,0,0,0,0,0,1.3372111320495605,0,0,0,0,0.6140589118003845,26.4,220,0.2647099196910858,0.5972862243652344,0.972376074641943,13.485313748822591,0.7351160998202183,0.5768597084012899,0.12828329497345045,0.32181818181818184,0.25681818181818183,0.2772655782637462,0.37537836906542504,0.4709424253210257,1.015033911026337,0.5579545454545455,residual,0,x_passive,residual_passive_rvo_mpc,7,24
four_way_stop,density_v4_interaction_tiers,rvo_multistep_density_v1,main,fixed,8,18833,plain_candidate,low,0.02,0.04,neighbor_gaussian_v1,2984235049092706770,11.0,11.0,121.0,0.06611570247933884,15.125,y,x,11.0,0.7272727272727273,0.6655421257019043,0.6566019058227539,0,0,0,0,0,1.3372111320495605,1,0,0,0,0.6195571422576904,24.72,206,0.18383356928825378,0.37296053767204285,0.9808159619569778,12.37878167411327,0.7633445013531492,0.6981611933957026,0.1184415047549195,0.2922330097087379,0.1966019417475728,0.1874434842108478,0.3319467424230597,0.3689446038779921,1.074511589813001,0.5564320388349514,plain,1,x_intent,icgp_rvo_mpc,7,24
four_way_stop,density_v4_interaction_tiers,rvo_multistep_density_v1,main,fixed,8,18833,plain_zero,low,0.02,0.04,neighbor_gaussian_v1,2984235049092706770,11.0,11.0,121.0,0.06611570247933884,15.125,y,x,11.0,0.7272727272727273,0.6655421257019043,0.6566019058227539,0,0,0,0,0,1.3372111320495605,0,0,0,0,0.6367462873458862,26.4,220,0.29216721653938293,0.9740087985992432,0.969510754570365,12.293964586577204,0.7413294004699723,0.7002528585154902,0.13594306844672907,0.29761363636363636,0.23125,0.27035394081517805,0.3574687917987732,0.39382437296719724,1.1144301145185125,0.5136363636363637,plain,0,x_passive,passive_rvo_mpc,7,24
four_way_stop,density_v4_interaction_tiers,rvo_multistep_density_v1,main,fixed,8,18833,residual_candidate,low,0.02,0.04,neighbor_gaussian_v1,2984235049092706770,11.0,11.0,121.0,0.06611570247933884,15.125,y,x,11.0,0.7272727272727273,0.6655421257019043,0.6566019058227539,0,0,0,0,0,1.3372111320495605,1,0,0,0,0.7298230528831482,11.639999999999999,97,0.1687217354774475,0.3378685712814331,0.9823929648846388,10.39913858784712,0.9582779592325547,0.6912009388822871,0.1631333763781964,0.3283505154639175,0.23067010309278352,0.13626004193885466,0.2860218266489887,0.33146077708869254,0.8851726040689603,0.6739690721649485,residual,1,x_intent,icgp_rvo_mpc,7,24
four_way_stop,density_v4_interaction_tiers,rvo_multistep_density_v1,main,fixed,8,18833,residual_zero,low,0.02,0.04,neighbor_gaussian_v1,2984235049092706770,11.0,11.0,121.0,0.06611570247933884,15.125,y,x,11.0,0.7272727272727273,0.6655421257019043,0.6566019058227539,0,0,0,0,0,1.3372111320495605,1,0,0,0,0.6862229108810425,20.64,172,0.1777341216802597,0.3565623462200165,0.9814524743705988,11.971698998386273,0.834746394100664,0.6905062396165936,0.16374651162085113,0.301453488372093,0.25872093023255816,0.31232904816107954,0.3984613203017994,0.49161806691210547,1.0522538800260355,0.6206395348837209,residual,0,x_passive,residual_passive_rvo_mpc,7,24
four_way_stop,density_v4_interaction_tiers,rvo_multistep_density_v1,main,fixed,8,18833,plain_candidate,medium,0.05,0.1,neighbor_gaussian_v1,10009654314508213480,11.0,11.0,121.0,0.06611570247933884,15.125,y,x,11.0,0.7272727272727273,0.6655421257019043,0.6566019058227539,0,0,0,0,0,1.3372111320495605,1,0,0,0,0.6481225490570068,15.12,126,0.1617567092180252,0.31610769033432007,0.9831198044121265,11.577051311694959,1.068018225923417,0.9280433424171948,0.12631517864296227,0.389484126984127,0.2916666666666667,0.060919686282175596,0.2115028865511219,0.26148433192086135,0.9312930755754787,0.6646825396825397,plain,1,x_intent,icgp_rvo_mpc,7,24
four_way_stop,density_v4_interaction_tiers,rvo_multistep_density_v1,main,fixed,8,18833,plain_zero,medium,0.05,0.1,neighbor_gaussian_v1,10009654314508213480,11.0,11.0,121.0,0.06611570247933884,15.125,y,x,11.0,0.7272727272727273,0.6655421257019043,0.6566019058227539,0,0,0,0,0,1.3372111320495605,0,0,0,0,0.6450920701026917,26.4,220,0.21975907683372498,0.6125814914703369,0.9770669396966696,13.136037144679904,0.9154796034436334,0.8906179103661668,0.09637897760099308,0.29204545454545455,0.23522727272727273,0.26029771198370416,0.3475324553052303,0.38076527269768795,1.1120562445981936,0.6005681818181818,plain,0,x_passive,passive_rvo_mpc,7,24
four_way_stop,density_v4_interaction_tiers,rvo_multistep_density_v1,main,fixed,8,18833,residual_candidate,medium,0.05,0.1,neighbor_gaussian_v1,10009654314508213480,11.0,11.0,121.0,0.06611570247933884,15.125,y,x,11.0,0.7272727272727273,0.6655421257019043,0.6566019058227539,0,0,0,0,0,1.3372111320495605,1,0,0,0,0.6698737144470215,19.08,159,0.20079857110977173,0.3680671453475952,0.9790455717593431,11.672223146604665,0.9182324841759115,0.8124537725681029,0.09804441798229427,0.33632075471698114,0.2507861635220126,0.20996562669301153,0.36066504586417725,0.48656619611776103,1.0121474231826435,0.5479559748427673,residual,1,x_intent,icgp_rvo_mpc,7,24
four_way_stop,density_v4_interaction_tiers,rvo_multistep_density_v1,main,fixed,8,18833,residual_zero,medium,0.05,0.1,neighbor_gaussian_v1,10009654314508213480,11.0,11.0,121.0,0.06611570247933884,15.125,y,x,11.0,0.7272727272727273,0.6655421257019043,0.6566019058227539,0,0,0,0,0,1.3372111320495605,1,0,0,0,0.6874668002128601,21.84,182,0.18208082020282745,0.37746888399124146,0.9809988718479872,12.509496548333118,0.9050644465292302,0.8037320434801526,0.09676565937147794,0.29423076923076924,0.24244505494505494,0.2749940360142916,0.37070899025178883,0.46363866843283186,1.0286864437359378,0.5618131868131868,residual,0,x_passive,residual_passive_rvo_mpc,7,24
four_way_stop,density_v4_interaction_tiers,rvo_multistep_density_v1,main,fixed,8,18833,plain_candidate,high,0.1,0.2,neighbor_gaussian_v1,16704957238468535980,11.0,11.0,121.0,0.06611570247933884,15.125,y,x,11.0,0.7272727272727273,0.6655421257019043,0.6566019058227539,0,0,0,0,0,1.3372111320495605,1,0,0,0,0.7634301781654358,13.68,114,0.19590717554092407,0.3606581389904022,0.9795560166239738,10.852204510985757,1.1298830145806598,0.9549145365231916,0.07798486867135293,0.39824561403508774,0.3092105263157895,0.09369933440501135,0.2409202494567032,0.29588846720395645,0.9825809072611624,0.5855263157894737,plain,1,x_intent,icgp_rvo_mpc,7,24
four_way_stop,density_v4_interaction_tiers,rvo_multistep_density_v1,main,fixed,8,18833,plain_zero,high,0.1,0.2,neighbor_gaussian_v1,16704957238468535980,11.0,11.0,121.0,0.06611570247933884,15.125,y,x,11.0,0.7272727272727273,0.6655421257019043,0.6566019058227539,0,0,0,0,0,1.3372111320495605,0,0,0,0,0.8622655868530273,26.4,220,0.20774467289447784,0.6518985629081726,0.9783207084983587,13.033672285437206,1.127528787438165,1.147478854622353,0.07903227253171446,0.31295454545454543,0.24375,0.23092023183215968,0.326891670678319,0.3591984568646348,1.0265707521885634,0.5573863636363636,plain,0,x_passive,passive_rvo_mpc,7,24
four_way_stop,density_v4_interaction_tiers,rvo_multistep_density_v1,main,fixed,8,18833,residual_candidate,high,0.1,0.2,neighbor_gaussian_v1,16704957238468535980,11.0,11.0,121.0,0.06611570247933884,15.125,y,x,11.0,0.7272727272727273,0.6655421257019043,0.6566019058227539,0,0,0,0,0,1.3372111320495605,1,0,0,0,0.7775025963783264,16.56,138,0.17966024577617645,0.37308159470558167,0.981251472607255,11.844248268089359,1.0682082331698874,0.9516929411801739,0.09618822451043145,0.3110507246376812,0.20923913043478262,0.22067210864682302,0.37845728366703235,0.4543923454990854,1.0742111702068993,0.5072463768115942,residual,1,x_intent,icgp_rvo_mpc,7,24
four_way_stop,density_v4_interaction_tiers,rvo_multistep_density_v1,main,fixed,8,18833,residual_zero,high,0.1,0.2,neighbor_gaussian_v1,16704957238468535980,11.0,11.0,121.0,0.06611570247933884,15.125,y,x,11.0,0.7272727272727273,0.6655421257019043,0.6566019058227539,0,0,0,0,0,1.3372111320495605,1,0,0,0,0.6962727904319763,14.04,117,0.20585447549819946,0.3079979121685028,0.9785179607570171,10.967139127795235,1.1121966847433493,0.9307082106924465,0.08738878231324479,0.33931623931623933,0.28205128205128205,0.16384399137591038,0.25996180148429093,0.28677879428984526,0.9790893833530256,0.6057692307692307,residual,0,x_passive,residual_passive_rvo_mpc,7,24
