scenario,scenario_generation_version,rvo_safety_layer_version,tier,area_policy,robots,seed,method,noise_level,sigma_p,sigma_v,observation_noise_protocol,observation_noise_seed,workspace_width,workspace_height,workspace_area,agent_density,area_per_agent,dominant_flow_axis,lateral_axis,passage_width,agents_per_passage_width,start_bounds_margin,goal_bounds_margin,starts_out_of_bounds,goals_out_of_bounds,initial_collision,initial_safety_violation,initial_obstacle_collision,initial_min_distance,success,collision,safety_violation,obstacle_collision,min_distance,completion_time,steps,final_goal_distance,max_final_goal_distance,progress_ratio,path_length,control_effort,smoothness,latency_ms,screen_reject_rate,screen_all_reject_rate,screen_min_margin,screen_selected_margin,screen_predicted_margin,screen_runtime_margin,rvo_intervention_rate,architecture,candidate_conditioned,feature_key,planner_method,training_seed,seed_index
corridor,density_v4_interaction_tiers,rvo_multistep_density_v1,main,fixed,4,14123,plain_candidate,clean,0.0,0.0,neighbor_gaussian_v1,10464527560624995820,12.0,5.4,64.80000000000001,0.0617283950617283,16.200000000000003,x,y,4.140000000000001,0.9661835748792268,1.001272678375244,0.973764419555664,0,0,0,0,0,1.2175319576263428,1,0,1,0,0.4950858950614929,13.8,115,0.112367607653141,0.3727156221866607,0.9889796813949944,11.861330371233636,0.6592514291365186,0.4236596520504226,0.167629782378714,0.18,0.1260869565217391,0.219069487279362,0.3485895914862985,0.3973430180523706,0.5359601127349812,0.7065217391304348,plain,1,x_intent,icgp_rvo_mpc,7,15
corridor,density_v4_interaction_tiers,rvo_multistep_density_v1,main,fixed,4,14123,plain_zero,clean,0.0,0.0,neighbor_gaussian_v1,10464527560624995820,12.0,5.4,64.80000000000001,0.0617283950617283,16.200000000000003,x,y,4.140000000000001,0.9661835748792268,1.001272678375244,0.973764419555664,0,0,0,0,0,1.2175319576263428,1,0,0,0,0.6978138089179993,12.6,105,0.1136903762817382,0.3241355419158935,0.9888499518856406,11.723181563196704,0.6981734626283426,0.4536118819067875,0.2099083331857054,0.1880952380952381,0.1619047619047619,0.2290614139726829,0.3341168330822672,0.3780211853157905,0.5106619397827558,0.7333333333333333,plain,0,x_passive,passive_rvo_mpc,7,15
corridor,density_v4_interaction_tiers,rvo_multistep_density_v1,main,fixed,4,14123,residual_candidate,clean,0.0,0.0,neighbor_gaussian_v1,10464527560624995820,12.0,5.4,64.80000000000001,0.0617283950617283,16.200000000000003,x,y,4.140000000000001,0.9661835748792268,1.001272678375244,0.973764419555664,0,0,0,0,0,1.2175319576263428,1,0,0,0,0.7078614234924316,12.48,104,0.1321598142385482,0.3377740085124969,0.9870385844260454,10.838589244900504,0.5672304567236167,0.3774037319683255,0.2748802877389468,0.2365384615384615,0.1754807692307692,0.1929070353174868,0.3422960754942435,0.3748868503134984,0.6292578445804806,0.3870192307692308,residual,1,x_intent,icgp_rvo_mpc,7,15
corridor,density_v4_interaction_tiers,rvo_multistep_density_v1,main,fixed,4,14123,residual_zero,clean,0.0,0.0,neighbor_gaussian_v1,10464527560624995820,12.0,5.4,64.80000000000001,0.0617283950617283,16.200000000000003,x,y,4.140000000000001,0.9661835748792268,1.001272678375244,0.973764419555664,0,0,0,0,0,1.2175319576263428,1,0,0,0,0.6758784651756287,12.0,100,0.1718106120824813,0.2951577603816986,0.983149878680706,10.730069056153296,0.7400127697992138,0.4627590243797749,0.26597350006341,0.268,0.1925,0.2308819251495413,0.3391068522393703,0.3780804188072681,0.6777260515607896,0.455,residual,0,x_passive,residual_passive_rvo_mpc,7,15
corridor,density_v4_interaction_tiers,rvo_multistep_density_v1,main,fixed,4,14123,plain_candidate,low,0.02,0.04,neighbor_gaussian_v1,14995977817875811063,12.0,5.4,64.80000000000001,0.0617283950617283,16.200000000000003,x,y,4.140000000000001,0.9661835748792268,1.001272678375244,0.973764419555664,0,0,0,0,0,1.2175319576263428,1,0,1,0,0.5159145593643188,12.84,107,0.1240105181932449,0.3128595054149627,0.9878378165885806,11.682323681656271,0.7543433374490276,0.5188791049626943,0.2065345791286014,0.2009345794392523,0.1495327102803738,0.2028318376755603,0.3295732564722823,0.379220679985864,0.546305782335384,0.7032710280373832,plain,1,x_intent,icgp_rvo_mpc,7,15
corridor,density_v4_interaction_tiers,rvo_multistep_density_v1,main,fixed,4,14123,plain_zero,low,0.02,0.04,neighbor_gaussian_v1,14995977817875811063,12.0,5.4,64.80000000000001,0.0617283950617283,16.200000000000003,x,y,4.140000000000001,0.9661835748792268,1.001272678375244,0.973764419555664,0,0,0,0,0,1.2175319576263428,1,0,0,0,0.6405803561210632,12.36,103,0.1210378929972648,0.3323484361171722,0.9881293531507254,11.519970041583292,0.8543427426150991,0.5899219846768865,0.1993118929428057,0.2126213592233009,0.1723300970873786,0.2387400259224029,0.3421296917827962,0.3853317536297932,0.5500348174398386,0.7233009708737864,plain,0,x_passive,passive_rvo_mpc,7,15
corridor,density_v4_interaction_tiers,rvo_multistep_density_v1,main,fixed,4,14123,residual_candidate,low,0.02,0.04,neighbor_gaussian_v1,14995977817875811063,12.0,5.4,64.80000000000001,0.0617283950617283,16.200000000000003,x,y,4.140000000000001,0.9661835748792268,1.001272678375244,0.973764419555664,0,0,0,0,0,1.2175319576263428,1,0,0,0,0.7488623261451721,12.6,105,0.1128568202257156,0.2966637313365936,0.9889317024499178,10.860786840465153,0.5734928930754818,0.3944961051944466,0.2493276185954787,0.2361904761904762,0.1738095238095238,0.1920934185117838,0.3407395035049745,0.3714082331338099,0.6210468764773436,0.3833333333333333,residual,1,x_intent,icgp_rvo_mpc,7,15
corridor,density_v4_interaction_tiers,rvo_multistep_density_v1,main,fixed,4,14123,residual_zero,low,0.02,0.04,neighbor_gaussian_v1,14995977817875811063,12.0,5.4,64.80000000000001,0.0617283950617283,16.200000000000003,x,y,4.140000000000001,0.9661835748792268,1.001272678375244,0.973764419555664,0,0,0,0,0,1.2175319576263428,1,0,0,0,0.7199472188949585,12.72,106,0.1122076138854026,0.3524769246578216,0.9889953723177314,10.789711851452012,0.7321520399363747,0.4615167563491202,0.2813686315796144,0.2693396226415094,0.2099056603773585,0.2038010759011596,0.3252461151469428,0.3629005919762377,0.6586868099446567,0.3891509433962264,residual,0,x_passive,residual_passive_rvo_mpc,7,15
corridor,density_v4_interaction_tiers,rvo_multistep_density_v1,main,fixed,4,14123,plain_candidate,medium,0.05,0.1,neighbor_gaussian_v1,16651300316850770846,12.0,5.4,64.80000000000001,0.0617283950617283,16.200000000000003,x,y,4.140000000000001,0.9661835748792268,1.001272678375244,0.973764419555664,0,0,0,0,0,1.2175319576263428,1,0,0,0,0.6351656913757324,10.92,91,0.1657265126705169,0.2972767651081085,0.9837465696036816,10.619223216315731,0.8464220265888578,0.6714623319701507,0.213018956576259,0.2021978021978022,0.1483516483516483,0.1967853955166148,0.3337976830706491,0.4004675148214612,0.5875193687389185,0.7445054945054945,plain,1,x_intent,icgp_rvo_mpc,7,15
corridor,density_v4_interaction_tiers,rvo_multistep_density_v1,main,fixed,4,14123,plain_zero,medium,0.05,0.1,neighbor_gaussian_v1,16651300316850770846,12.0,5.4,64.80000000000001,0.0617283950617283,16.200000000000003,x,y,4.140000000000001,0.9661835748792268,1.001272678375244,0.973764419555664,0,0,0,0,0,1.2175319576263428,1,0,0,0,0.6402626633644104,12.24,102,0.1244374364614486,0.2894791960716247,0.9877959471195936,11.588101184926929,0.9269766728667652,0.6990133909983378,0.2298791675689155,0.1848039215686274,0.1446078431372549,0.2373877925801949,0.331606261925224,0.4191608516426356,0.5132636703726123,0.7843137254901961,plain,0,x_passive,passive_rvo_mpc,7,15
corridor,density_v4_interaction_tiers,rvo_multistep_density_v1,main,fixed,4,14123,residual_candidate,medium,0.05,0.1,neighbor_gaussian_v1,16651300316850770846,12.0,5.4,64.80000000000001,0.0617283950617283,16.200000000000003,x,y,4.140000000000001,0.9661835748792268,1.001272678375244,0.973764419555664,0,0,0,0,0,1.2175319576263428,1,0,0,0,0.820340096950531,12.84,107,0.1173624694347381,0.2985702455043793,0.9884898159652948,10.616414415766483,0.6520108164888676,0.409601949956094,0.2745581777476941,0.2317757009345794,0.1845794392523364,0.2094544536181699,0.3553016830604767,0.3994092193635824,0.6398777432126975,0.3621495327102804,residual,1,x_intent,icgp_rvo_mpc,7,15
corridor,density_v4_interaction_tiers,rvo_multistep_density_v1,main,fixed,4,14123,residual_zero,medium,0.05,0.1,neighbor_gaussian_v1,16651300316850770846,12.0,5.4,64.80000000000001,0.0617283950617283,16.200000000000003,x,y,4.140000000000001,0.9661835748792268,1.001272678375244,0.973764419555664,0,0,0,0,0,1.2175319576263428,1,0,0,0,0.9106823587417604,12.36,103,0.1347859352827072,0.3107698559761047,0.9867810299620032,10.841334743774496,0.6166477410859672,0.3997327831926421,0.2681614070434521,0.2009708737864077,0.1359223300970873,0.2862448484814066,0.3828929379929616,0.4404679506206975,0.6514424855819027,0.424757281553398,residual,0,x_passive,residual_passive_rvo_mpc,7,15
corridor,density_v4_interaction_tiers,rvo_multistep_density_v1,main,fixed,4,14123,plain_candidate,high,0.1,0.2,neighbor_gaussian_v1,3389458540285834750,12.0,5.4,64.80000000000001,0.0617283950617283,16.200000000000003,x,y,4.140000000000001,0.9661835748792268,1.001272678375244,0.973764419555664,0,0,0,0,0,1.2175319576263428,1,0,0,0,0.6365159749984741,13.8,115,0.1170755103230476,0.3510334491729736,0.9885179596021773,11.983578406332526,1.0172015198222968,0.906293715779548,0.2085110873652055,0.1769565217391304,0.1195652173913043,0.208521915440893,0.349381226155421,0.4097248988663373,0.5148957452929538,0.6760869565217391,plain,1,x_intent,icgp_rvo_mpc,7,15
corridor,density_v4_interaction_tiers,rvo_multistep_density_v1,main,fixed,4,14123,plain_zero,high,0.1,0.2,neighbor_gaussian_v1,3389458540285834750,12.0,5.4,64.80000000000001,0.0617283950617283,16.200000000000003,x,y,4.140000000000001,0.9661835748792268,1.001272678375244,0.973764419555664,0,0,0,0,0,1.2175319576263428,1,0,0,0,0.6991614699363708,11.04,92,0.1416647583246231,0.3471280038356781,0.9861063985154032,10.687812365591526,0.942631948010429,0.8443638645719899,0.2263777183227079,0.2326086956521739,0.1929347826086956,0.2317659927375675,0.3428351802524665,0.3950757502197571,0.5424537833780051,0.7228260869565217,plain,0,x_passive,passive_rvo_mpc,7,15
corridor,density_v4_interaction_tiers,rvo_multistep_density_v1,main,fixed,4,14123,residual_candidate,high,0.1,0.2,neighbor_gaussian_v1,3389458540285834750,12.0,5.4,64.80000000000001,0.0617283950617283,16.200000000000003,x,y,4.140000000000001,0.9661835748792268,1.001272678375244,0.973764419555664,0,0,0,0,0,1.2175319576263428,1,0,0,0,0.8540136814117432,12.6,105,0.1331299692392349,0.2962690591812134,0.986943437717855,10.893664981631446,0.570541706581467,0.4743458978476979,0.2824357138403381,0.2419047619047619,0.169047619047619,0.1963736157428828,0.3485013866296836,0.3726315691598824,0.5945582705211071,0.3738095238095238,residual,1,x_intent,icgp_rvo_mpc,7,15
corridor,density_v4_interaction_tiers,rvo_multistep_density_v1,main,fixed,4,14123,residual_zero,high,0.1,0.2,neighbor_gaussian_v1,3389458540285834750,12.0,5.4,64.80000000000001,0.0617283950617283,16.200000000000003,x,y,4.140000000000001,0.9661835748792268,1.001272678375244,0.973764419555664,0,0,0,0,0,1.2175319576263428,1,0,0,0,0.6698870658874512,13.32,111,0.1376014947891235,0.3648327887058258,0.9865048974752426,10.7554325790843,0.6411806233709695,0.5260697216349276,0.2798680187232356,0.2653153153153153,0.2117117117117117,0.2057738967560366,0.3272680224740021,0.357904746871408,0.6153696193841396,0.3243243243243243,residual,0,x_passive,residual_passive_rvo_mpc,7,15
corridor,density_v4_interaction_tiers,rvo_multistep_density_v1,main,fixed,8,18123,plain_candidate,clean,0.0,0.0,neighbor_gaussian_v1,9930451198844385740,12.0,5.4,64.80000000000001,0.1234567901234567,8.100000000000001,x,y,4.140000000000001,1.9323671497584536,0.9870810508728028,0.986473560333252,0,0,0,0,0,0.678108811378479,0,0,1,0,0.4852343797683716,26.4,220,0.6537184715270996,1.6353988647460938,0.93539909273386,13.995829658153523,1.0283636668189005,1.0248358088460836,0.1006186362660214,0.6228409090909091,0.4329545454545455,-0.1444112330588025,0.0346563456956805,0.0416588449929417,0.4404693901775913,0.7869318181818182,plain,1,x_intent,icgp_rvo_mpc,7,15
corridor,density_v4_interaction_tiers,rvo_multistep_density_v1,main,fixed,8,18123,plain_zero,clean,0.0,0.0,neighbor_gaussian_v1,9930451198844385740,12.0,5.4,64.80000000000001,0.1234567901234567,8.100000000000001,x,y,4.140000000000001,1.9323671497584536,0.9870810508728028,0.986473560333252,0,0,0,0,0,0.678108811378479,0,0,0,0,0.5574338436126709,26.4,220,0.7830754518508911,1.34987211227417,0.9226159453392028,14.06467923098262,0.9324518216604536,0.8833781258626417,0.0937196589471899,0.6070454545454546,0.4664772727272727,-0.1103798524764027,0.0028341954935511,0.0099092514205893,0.3948094375675375,0.7022727272727273,plain,0,x_passive,passive_rvo_mpc,7,15
corridor,density_v4_interaction_tiers,rvo_multistep_density_v1,main,fixed,8,18123,residual_candidate,clean,0.0,0.0,neighbor_gaussian_v1,9930451198844385740,12.0,5.4,64.80000000000001,0.1234567901234567,8.100000000000001,x,y,4.140000000000001,1.9323671497584536,0.9870810508728028,0.986473560333252,0,0,0,0,0,0.678108811378479,0,0,0,0,0.564380943775177,26.4,220,0.9468820095062256,1.903563857078552,0.9064284712076188,14.11030909956753,0.8988046251237393,0.9690959591079842,0.1512072730706264,0.5323863636363636,0.4164772727272727,-0.075525269619041,0.0737475269186225,0.0792590117576447,0.4850728120465171,0.7840909090909091,residual,1,x_intent,icgp_rvo_mpc,7,15
corridor,density_v4_interaction_tiers,rvo_multistep_density_v1,main,fixed,8,18123,residual_zero,clean,0.0,0.0,neighbor_gaussian_v1,9930451198844385740,12.0,5.4,64.80000000000001,0.1234567901234567,8.100000000000001,x,y,4.140000000000001,1.9323671497584536,0.9870810508728028,0.986473560333252,0,0,0,0,0,0.678108811378479,0,0,0,0,0.6253336071968079,26.4,220,0.6941176652908325,1.748823165893555,0.931406818330288,14.066278382058954,0.9054674366658384,0.9380437926812606,0.1399313634465215,0.4988636363636363,0.3818181818181818,-0.0659391022978287,0.0478030888008122,0.0531175714788789,0.4055363599122926,0.7625,residual,0,x_passive,residual_passive_rvo_mpc,7,15
corridor,density_v4_interaction_tiers,rvo_multistep_density_v1,main,fixed,8,18123,plain_candidate,low,0.02,0.04,neighbor_gaussian_v1,4971229273283281150,12.0,5.4,64.80000000000001,0.1234567901234567,8.100000000000001,x,y,4.140000000000001,1.9323671497584536,0.9870810508728028,0.986473560333252,0,0,0,0,0,0.678108811378479,0,0,0,0,0.6385920643806458,26.4,220,0.8403448462486267,2.4093692302703857,0.9169565439224244,13.993058049252795,0.9810993401841684,1.001032828675075,0.1081623863600808,0.4675,0.3340909090909091,-0.0673877350158132,0.0893918804116547,0.098905381928452,0.475903063315221,0.727840909090909,plain,1,x_intent,icgp_rvo_mpc,7,15
corridor,density_v4_interaction_tiers,rvo_multistep_density_v1,main,fixed,8,18123,plain_zero,low,0.02,0.04,neighbor_gaussian_v1,4971229273283281150,12.0,5.4,64.80000000000001,0.1234567901234567,8.100000000000001,x,y,4.140000000000001,1.9323671497584536,0.9870810508728028,0.986473560333252,0,0,0,0,0,0.678108811378479,0,0,0,0,0.6489552855491638,26.4,220,0.7470017671585083,1.561734914779663,0.9261807724833488,14.253458496074018,1.03394076499072,1.0007363217120822,0.1008760227043901,0.5475,0.3960227272727272,-0.0986787571696702,0.0169732970995405,0.0227012613030065,0.4246716449321671,0.7369318181818182,plain,0,x_passive,passive_rvo_mpc,7,15
corridor,density_v4_interaction_tiers,rvo_multistep_density_v1,main,fixed,8,18123,residual_candidate,low,0.02,0.04,neighbor_gaussian_v1,4971229273283281150,12.0,5.4,64.80000000000001,0.1234567901234567,8.100000000000001,x,y,4.140000000000001,1.9323671497584536,0.9870810508728028,0.986473560333252,0,0,0,0,0,0.678108811378479,0,0,0,0,0.6397665143013,26.4,220,0.8349772691726685,1.3919497728347778,0.9174869731068612,14.516536132305191,1.022841662439433,1.0408323538574304,0.1218531250329264,0.4869318181818182,0.3505681818181818,-0.0761211215588158,0.0880334797772494,0.0925833319980989,0.4832308861738579,0.7420454545454546,residual,1,x_intent,icgp_rvo_mpc,7,15
corridor,density_v4_interaction_tiers,rvo_multistep_density_v1,main,fixed,8,18123,residual_zero,low,0.02,0.04,neighbor_gaussian_v1,4971229273283281150,12.0,5.4,64.80000000000001,0.1234567901234567,8.100000000000001,x,y,4.140000000000001,1.9323671497584536,0.9870810508728028,0.986473560333252,0,0,0,0,0,0.678108811378479,0,0,0,0,0.5902770757675171,26.4,220,0.7505416870117188,1.5475257635116575,0.9258309602737428,15.00166975191678,1.0492367501624609,1.116232154044238,0.1213134088836589,0.4609090909090909,0.3170454545454545,-0.0270139551244316,0.0823647031848403,0.0980160931345414,0.4354797650595958,0.8079545454545455,residual,0,x_passive,residual_passive_rvo_mpc,7,15
corridor,density_v4_interaction_tiers,rvo_multistep_density_v1,main,fixed,8,18123,plain_candidate,medium,0.05,0.1,neighbor_gaussian_v1,6672358259319732698,12.0,5.4,64.80000000000001,0.1234567901234567,8.100000000000001,x,y,4.140000000000001,1.9323671497584536,0.9870810508728028,0.986473560333252,0,0,0,0,0,0.678108811378479,0,0,0,0,0.6626753807067871,26.4,220,0.6736377477645874,1.5828312635421753,0.9334306567907332,14.424462681137811,1.2532584538513964,1.3002098594199527,0.1033767616966294,0.5659090909090909,0.39375,-0.1307954598777498,0.0366984979662705,0.0404275691580365,0.4634108581424437,0.7534090909090909,plain,1,x_intent,icgp_rvo_mpc,7,15
corridor,density_v4_interaction_tiers,rvo_multistep_density_v1,main,fixed,8,18123,plain_zero,medium,0.05,0.1,neighbor_gaussian_v1,6672358259319732698,12.0,5.4,64.80000000000001,0.1234567901234567,8.100000000000001,x,y,4.140000000000001,1.9323671497584536,0.9870810508728028,0.986473560333252,0,0,0,0,0,0.678108811378479,0,0,0,0,0.6877945065498352,26.4,220,0.6781504154205322,1.0971457958221436,0.9329847097396852,14.27512372928686,1.150061459365216,1.1160535785284909,0.0990117044817783,0.5298863636363637,0.3857954545454545,-0.0893885290609799,0.0268017985437234,0.03017279707869,0.4607471920957959,0.7931818181818182,plain,0,x_passive,passive_rvo_mpc,7,15
corridor,density_v4_interaction_tiers,rvo_multistep_density_v1,main,fixed,8,18123,residual_candidate,medium,0.05,0.1,neighbor_gaussian_v1,6672358259319732698,12.0,5.4,64.80000000000001,0.1234567901234567,8.100000000000001,x,y,4.140000000000001,1.9323671497584536,0.9870810508728028,0.986473560333252,0,0,0,0,0,0.678108811378479,0,0,0,0,0.6143159866333008,26.4,220,0.79936283826828,1.7560648918151855,0.9210064187645912,14.477490384084376,1.1591703685847197,1.2016844017939134,0.1214449999679345,0.4740909090909091,0.3409090909090909,-0.0749025640072597,0.0783792760593986,0.0855717264960773,0.4616037531163205,0.7846590909090909,residual,1,x_intent,icgp_rvo_mpc,7,15
corridor,density_v4_interaction_tiers,rvo_multistep_density_v1,main,fixed,8,18123,residual_zero,medium,0.05,0.1,neighbor_gaussian_v1,6672358259319732698,12.0,5.4,64.80000000000001,0.1234567901234567,8.100000000000001,x,y,4.140000000000001,1.9323671497584536,0.9870810508728028,0.986473560333252,0,0,0,0,0,0.678108811378479,0,0,0,0,0.615628719329834,26.4,220,0.6909618377685547,1.392483472824097,0.9317186772823334,13.974042609690514,1.1253703783858906,1.1749098774384368,0.128831363855914,0.5346590909090909,0.3875,-0.0800119193203281,0.033526205593466,0.0411100858601487,0.4281578294333409,0.725,residual,0,x_passive,residual_passive_rvo_mpc,7,15
corridor,density_v4_interaction_tiers,rvo_multistep_density_v1,main,fixed,8,18123,plain_candidate,high,0.1,0.2,neighbor_gaussian_v1,15797390531882436968,12.0,5.4,64.80000000000001,0.1234567901234567,8.100000000000001,x,y,4.140000000000001,1.9323671497584536,0.9870810508728028,0.986473560333252,0,0,0,0,0,0.678108811378479,0,0,0,0,0.6456841230392456,26.4,220,0.866606593132019,3.562185525894165,0.9143613427877426,15.45270344393066,1.4731256952339953,1.4104989966208286,0.0956307385257043,0.4129545454545454,0.2767045454545455,-0.0325533988386477,0.122200146574019,0.143830226492306,0.4052593122548001,0.7357954545454546,plain,1,x_intent,icgp_rvo_mpc,7,15
corridor,density_v4_interaction_tiers,rvo_multistep_density_v1,main,fixed,8,18123,plain_zero,high,0.1,0.2,neighbor_gaussian_v1,15797390531882436968,12.0,5.4,64.80000000000001,0.1234567901234567,8.100000000000001,x,y,4.140000000000001,1.9323671497584536,0.9870810508728028,0.986473560333252,0,0,0,0,0,0.678108811378479,0,0,1,0,0.6298074722290039,26.4,220,0.6323786973953247,1.0876753330230713,0.9375079050660132,14.947477096175136,1.3919186365875331,1.3495303825898604,0.0971869882050668,0.6022727272727273,0.4744318181818182,-0.1169555454464703,0.0019147758494893,0.0085707363084127,0.4511788478094069,0.7494318181818181,plain,0,x_passive,passive_rvo_mpc,7,15
corridor,density_v4_interaction_tiers,rvo_multistep_density_v1,main,fixed,8,18123,residual_candidate,high,0.1,0.2,neighbor_gaussian_v1,15797390531882436968,12.0,5.4,64.80000000000001,0.1234567901234567,8.100000000000001,x,y,4.140000000000001,1.9323671497584536,0.9870810508728028,0.986473560333252,0,0,0,0,0,0.678108811378479,0,0,0,0,0.6079816222190857,26.4,220,0.7281284928321838,1.3592557907104492,0.9280458465218544,14.535140378473445,1.436443480984731,1.383490052480589,0.116197670186838,0.4219318181818182,0.2857954545454545,-0.0293697462512645,0.1245453981956974,0.1312977183125913,0.4597178497074003,0.7573863636363637,residual,1,x_intent,icgp_rvo_mpc,7,15
corridor,density_v4_interaction_tiers,rvo_multistep_density_v1,main,fixed,8,18123,residual_zero,high,0.1,0.2,neighbor_gaussian_v1,15797390531882436968,12.0,5.4,64.80000000000001,0.1234567901234567,8.100000000000001,x,y,4.140000000000001,1.9323671497584536,0.9870810508728028,0.986473560333252,0,0,0,0,0,0.678108811378479,0,0,0,0,0.6774144172668457,26.4,220,0.7080338597297668,1.11167573928833,0.9300316125154496,14.86277460979909,1.409913004799323,1.3798142541538585,0.1176646022279535,0.4631818181818182,0.3397727272727273,-0.0274323217357,0.0831476651039821,0.0949191926720298,0.4452575884312392,0.7755681818181818,residual,0,x_passive,residual_passive_rvo_mpc,7,15
narrow_gate,density_v4_interaction_tiers,rvo_multistep_density_v1,main,fixed,4,14432,plain_candidate,clean,0.0,0.0,neighbor_gaussian_v1,10063737876034942550,12.0,8.0,96.0,0.0416666666666666,24.0,x,y,2.2,1.818181818181818,0.8625893592834473,0.8465166091918945,0,0,0,0,0,2.847047805786133,1,0,0,0,0.7384210824966431,15.24,127,0.1211753189563751,0.354764461517334,0.9885129304602742,11.27478667962714,0.6847888078177587,0.4702103424129528,0.1804352363050864,0.2602362204724409,0.1456692913385826,0.3939343821821748,0.5675884227519604,0.6225423353697607,1.173621843566626,0.4488188976377952,plain,1,x_intent,icgp_rvo_mpc,7,15
narrow_gate,density_v4_interaction_tiers,rvo_multistep_density_v1,main,fixed,4,14432,plain_zero,clean,0.0,0.0,neighbor_gaussian_v1,10063737876034942550,12.0,8.0,96.0,0.0416666666666666,24.0,x,y,2.2,1.818181818181818,0.8625893592834473,0.8465166091918945,0,0,0,0,0,2.847047805786133,1,0,0,0,0.7155969738960266,15.0,125,0.1221563816070556,0.309899628162384,0.9884199285879732,11.5863780437503,0.7404939953888534,0.533863056017086,0.1999132003402337,0.2484,0.16,0.4466816206213844,0.5524141318010547,0.6135684254344979,1.175081185497418,0.466,plain,0,x_passive,passive_rvo_mpc,7,15
narrow_gate,density_v4_interaction_tiers,rvo_multistep_density_v1,main,fixed,4,14432,residual_candidate,clean,0.0,0.0,neighbor_gaussian_v1,10063737876034942550,12.0,8.0,96.0,0.0416666666666666,24.0,x,y,2.2,1.818181818181818,0.8625893592834473,0.8465166091918945,0,0,0,0,0,2.847047805786133,0,0,0,0,0.7523071765899658,26.4,220,1.80688750743866,7.04299783706665,0.8287122994661331,11.300031082887472,0.5655645153297398,0.4545289868561756,0.2345476134161634,0.2606818181818182,0.05,0.811416290174401,0.9930737107468036,1.0573910776285402,1.4087426036944886,0.4306818181818181,residual,1,x_intent,icgp_rvo_mpc,7,15
narrow_gate,density_v4_interaction_tiers,rvo_multistep_density_v1,main,fixed,4,14432,residual_zero,clean,0.0,0.0,neighbor_gaussian_v1,10063737876034942550,12.0,8.0,96.0,0.0416666666666666,24.0,x,y,2.2,1.818181818181818,0.8625893592834473,0.8465166091918945,0,0,0,0,0,2.847047805786133,1,0,0,0,0.6311336755752563,14.76,123,0.1338770538568496,0.3198061287403106,0.987308843061328,11.81414786115056,0.8881557952552085,0.6002561862831924,0.2573666662522932,0.2451219512195122,0.1829268292682926,0.5257954316769301,0.633103924274841,0.7126897018507323,1.0167509706602438,0.5182926829268293,residual,0,x_passive,residual_passive_rvo_mpc,7,15
narrow_gate,density_v4_interaction_tiers,rvo_multistep_density_v1,main,fixed,4,14432,plain_candidate,low,0.02,0.04,neighbor_gaussian_v1,10779962660088508006,12.0,8.0,96.0,0.0416666666666666,24.0,x,y,2.2,1.818181818181818,0.8625893592834473,0.8465166091918945,0,0,0,0,0,2.847047805786133,1,0,0,0,0.7021703720092773,14.88,124,0.1248418390750885,0.3513987064361572,0.9881653552874924,11.325104302653926,0.7048031409716303,0.54074327245155,0.1812600809986883,0.2443548387096774,0.1391129032258064,0.4082989717116116,0.5743796753059595,0.6336390239762033,1.1937858998576187,0.4314516129032258,plain,1,x_intent,icgp_rvo_mpc,7,15
narrow_gate,density_v4_interaction_tiers,rvo_multistep_density_v1,main,fixed,4,14432,plain_zero,low,0.02,0.04,neighbor_gaussian_v1,10779962660088508006,12.0,8.0,96.0,0.0416666666666666,24.0,x,y,2.2,1.818181818181818,0.8625893592834473,0.8465166091918945,0,0,0,0,0,2.847047805786133,0,0,0,0,0.7024076581001282,26.4,220,1.8065581321716309,7.041079521179199,0.8287435173988342,11.292606734024048,0.5879884926159734,0.459485930413939,0.1833922728441063,0.2952272727272727,0.1443181818181818,0.6375112779012642,0.7689369542248001,0.7802382469610015,1.3772983620570205,0.4329545454545455,plain,0,x_passive,passive_rvo_mpc,7,15
narrow_gate,density_v4_interaction_tiers,rvo_multistep_density_v1,main,fixed,4,14432,residual_candidate,low,0.02,0.04,neighbor_gaussian_v1,10779962660088508006,12.0,8.0,96.0,0.0416666666666666,24.0,x,y,2.2,1.818181818181818,0.8625893592834473,0.8465166091918945,0,0,0,0,0,2.847047805786133,0,0,0,0,0.8086406176516271,26.4,220,1.7533787488937378,6.882437229156494,0.8337847739458084,11.49855568334533,0.5411008255308182,0.4424490484760573,0.2349604541615752,0.2545454545454545,0.0954545454545454,0.9217904103458598,1.0768368826843215,1.0954397766143782,1.3308003170249925,0.421590909090909,residual,1,x_intent,icgp_rvo_mpc,7,15
narrow_gate,density_v4_interaction_tiers,rvo_multistep_density_v1,main,fixed,4,14432,residual_zero,low,0.02,0.04,neighbor_gaussian_v1,10779962660088508006,12.0,8.0,96.0,0.0416666666666666,24.0,x,y,2.2,1.818181818181818,0.8625893592834473,0.8465166091918945,0,0,0,0,0,2.847047805786133,1,0,0,0,0.8086406176516271,13.8,115,0.1098922342061996,0.2822699546813965,0.9895825339481236,11.60559984028805,0.8137977067058471,0.5505935094688102,0.2230834782771442,0.2308695652173913,0.1847826086956521,0.5376734509829033,0.6252569159223269,0.6742449805034447,1.015666018548011,0.5239130434782608,residual,0,x_passive,residual_passive_rvo_mpc,7,15
narrow_gate,density_v4_interaction_tiers,rvo_multistep_density_v1,main,fixed,4,14432,plain_candidate,medium,0.05,0.1,neighbor_gaussian_v1,13516710514710311727,12.0,8.0,96.0,0.0416666666666666,24.0,x,y,2.2,1.818181818181818,0.8625893592834473,0.8465166091918945,0,0,0,0,0,2.847047805786133,1,0,0,0,0.644841194152832,12.0,100,0.1254252791404724,0.359257310628891,0.9881100468337536,10.846225196029993,0.8610870637604993,0.6079675941003567,0.1848374999826774,0.2745,0.185,0.3163276128268864,0.4690066302088206,0.5299915609657044,1.018952353952838,0.55,plain,1,x_intent,icgp_rvo_mpc,7,15
narrow_gate,density_v4_interaction_tiers,rvo_multistep_density_v1,main,fixed,4,14432,plain_zero,medium,0.05,0.1,neighbor_gaussian_v1,13516710514710311727,12.0,8.0,96.0,0.0416666666666666,24.0,x,y,2.2,1.818181818181818,0.8625893592834473,0.8465166091918945,0,0,0,0,0,2.847047805786133,1,0,0,0,0.6611756682395935,13.92,116,0.0820648074150085,0.2946592569351196,0.9922204939648508,11.337701923563143,0.8427493580164647,0.6383007754158261,0.1754691810015958,0.2581896551724137,0.1767241379310344,0.4150667381037055,0.5316809874362376,0.5898209024626955,1.1031909041502272,0.4547413793103448,plain,0,x_passive,passive_rvo_mpc,7,15
narrow_gate,density_v4_interaction_tiers,rvo_multistep_density_v1,main,fixed,4,14432,residual_candidate,medium,0.05,0.1,neighbor_gaussian_v1,13516710514710311727,12.0,8.0,96.0,0.0416666666666666,24.0,x,y,2.2,1.818181818181818,0.8625893592834473,0.8465166091918945,0,0,0,0,0,2.847047805786133,0,0,0,0,0.8247811164769885,26.4,220,3.4902572631835938,7.043523788452148,0.669133722782135,10.75170910023826,0.719531414920296,0.5553957555452398,0.2420015910254071,0.5459090909090909,0.1727272727272727,0.0011581104788392,0.1945542984421391,0.2017362491813746,1.0361967344154095,0.5568181818181818,residual,1,x_intent,icgp_rvo_mpc,7,15
narrow_gate,density_v4_interaction_tiers,rvo_multistep_density_v1,main,fixed,4,14432,residual_zero,medium,0.05,0.1,neighbor_gaussian_v1,13516710514710311727,12.0,8.0,96.0,0.0416666666666666,24.0,x,y,2.2,1.818181818181818,0.8625893592834473,0.8465166091918945,0,0,0,0,0,2.847047805786133,1,0,0,0,0.6745084524154663,11.76,98,0.1893323510885238,0.3733760416507721,0.9820518419146538,10.88319751212839,0.9187025049397254,0.653354275061434,0.2753808669750673,0.2290816326530612,0.1632653061224489,0.4390487278582771,0.5328836839960461,0.6079626885798801,0.8680168729791234,0.5637755102040817,residual,0,x_passive,residual_passive_rvo_mpc,7,15
narrow_gate,density_v4_interaction_tiers,rvo_multistep_density_v1,main,fixed,4,14432,plain_candidate,high,0.1,0.2,neighbor_gaussian_v1,15457973504668686020,12.0,8.0,96.0,0.0416666666666666,24.0,x,y,2.2,1.818181818181818,0.8625893592834473,0.8465166091918945,0,0,0,0,0,2.847047805786133,0,0,0,0,0.8221873705354801,26.4,220,0.2244057208299636,0.7335116267204285,0.9787269867956638,12.890871128052822,0.710798554223253,0.5715935268431063,0.1755510224029421,0.2813636363636363,0.1420454545454545,0.5176589394475912,0.6976888050290403,0.7288766826364608,1.3193445937965589,0.3897727272727272,plain,1,x_intent,icgp_rvo_mpc,7,15
narrow_gate,density_v4_interaction_tiers,rvo_multistep_density_v1,main,fixed,4,14432,plain_zero,high,0.1,0.2,neighbor_gaussian_v1,15457973504668686020,12.0,8.0,96.0,0.0416666666666666,24.0,x,y,2.2,1.818181818181818,0.8625893592834473,0.8465166091918945,0,0,0,0,0,2.847047805786133,1,0,0,0,0.8221937862161921,22.44,187,0.1352917253971099,0.3084650933742523,0.9871747363358736,13.344979254308782,0.9072635131808716,0.7355495612401185,0.2093106951193515,0.2655080213903743,0.1296791443850267,0.376039762980945,0.5019026875821152,0.5449527604499533,1.0417622635444217,0.4518716577540106,plain,0,x_passive,passive_rvo_mpc,7,15
narrow_gate,density_v4_interaction_tiers,rvo_multistep_density_v1,main,fixed,4,14432,residual_candidate,high,0.1,0.2,neighbor_gaussian_v1,15457973504668686020,12.0,8.0,96.0,0.0416666666666666,24.0,x,y,2.2,1.818181818181818,0.8625893592834473,0.8465166091918945,0,0,0,0,0,2.847047805786133,1,0,0,0,0.677569568157196,13.56,113,0.1165754050016403,0.3618320822715759,0.9889489887282252,11.303283619170545,0.9408047880062552,0.7803892323059431,0.2160019920448632,0.263716814159292,0.1504424778761062,0.4634090905759843,0.6031223649095306,0.682403579875858,0.9252200039734032,0.4867256637168141,residual,1,x_intent,icgp_rvo_mpc,7,15
narrow_gate,density_v4_interaction_tiers,rvo_multistep_density_v1,main,fixed,4,14432,residual_zero,high,0.1,0.2,neighbor_gaussian_v1,15457973504668686020,12.0,8.0,96.0,0.0416666666666666,24.0,x,y,2.2,1.818181818181818,0.8625893592834473,0.8465166091918945,0,0,0,0,0,2.847047805786133,0,0,0,0,0.816295325756073,26.4,220,1.7671931982040403,6.931582450866699,0.8324752002954483,11.11096317630927,0.6482138062030902,0.5364213966025978,0.2325103408524724,0.2788636363636363,0.1125,0.9529411540666746,1.083752984444461,1.115776543172588,1.3552032542150176,0.4318181818181818,residual,0,x_passive,residual_passive_rvo_mpc,7,15
narrow_gate,density_v4_interaction_tiers,rvo_multistep_density_v1,main,fixed,8,18432,plain_candidate,clean,0.0,0.0,neighbor_gaussian_v1,6126524637214717408,12.0,8.0,96.0,0.0833333333333333,12.0,x,y,2.2,3.636363636363636,0.7859921455383301,0.8075904846191406,0,0,0,0,0,0.7824852466583252,0,0,1,0,0.4597638845443725,26.4,220,3.921350479125977,8.60360050201416,0.6224682033061981,11.23305171156153,0.972920448646288,0.9426866926252842,0.098353522513538,0.6068181818181818,0.2573863636363636,-0.1378748173079367,0.0613386442192041,0.0743543886814518,0.3533148520470521,0.7676136363636363,plain,1,x_intent,icgp_rvo_mpc,7,15
narrow_gate,density_v4_interaction_tiers,rvo_multistep_density_v1,main,fixed,8,18432,plain_zero,clean,0.0,0.0,neighbor_gaussian_v1,6126524637214717408,12.0,8.0,96.0,0.0833333333333333,12.0,x,y,2.2,3.636363636363636,0.7859921455383301,0.8075904846191406,0,0,0,0,0,0.7824852466583252,0,0,0,0,0.6297205686569214,26.4,220,2.090769052505493,6.777561664581299,0.7987091988325119,12.227017823643564,0.8181248493153941,0.766362080570649,0.0940025570426686,0.5607954545454545,0.3488636363636364,-0.0425582082817338,0.0908147917658326,0.1211324913663158,0.4800769736451518,0.7670454545454546,plain,0,x_passive,passive_rvo_mpc,7,15
narrow_gate,density_v4_interaction_tiers,rvo_multistep_density_v1,main,fixed,8,18432,residual_candidate,clean,0.0,0.0,neighbor_gaussian_v1,6126524637214717408,12.0,8.0,96.0,0.0833333333333333,12.0,x,y,2.2,3.636363636363636,0.7859921455383301,0.8075904846191406,0,0,0,0,0,0.7824852466583252,0,0,0,0,0.6214883327484131,26.4,220,1.0057562589645386,3.0910515785217285,0.9031698480248452,13.142746279056157,0.7888093828816306,0.72723492578688,0.1128366478951647,0.5021590909090909,0.2448863636363636,-0.0613604596767385,0.1180671369973523,0.1236463288960349,0.600579048940261,0.7306818181818182,residual,1,x_intent,icgp_rvo_mpc,7,15
narrow_gate,density_v4_interaction_tiers,rvo_multistep_density_v1,main,fixed,8,18432,residual_zero,clean,0.0,0.0,neighbor_gaussian_v1,6126524637214717408,12.0,8.0,96.0,0.0833333333333333,12.0,x,y,2.2,3.636363636363636,0.7859921455383301,0.8075904846191406,0,0,0,0,0,0.7824852466583252,0,0,0,0,0.6634535789489746,26.4,220,2.5482988357543945,7.449130535125732,0.7546600699424744,12.459686058195077,0.9826109085909344,0.9331368027762932,0.1164972724258074,0.5505681818181818,0.2573863636363636,-0.0669364389346165,0.0826504145909333,0.0868654195501445,0.3332165014092301,0.8392045454545455,residual,0,x_passive,residual_passive_rvo_mpc,7,15
narrow_gate,density_v4_interaction_tiers,rvo_multistep_density_v1,main,fixed,8,18432,plain_candidate,low,0.02,0.04,neighbor_gaussian_v1,14546855110992313348,12.0,8.0,96.0,0.0833333333333333,12.0,x,y,2.2,3.636363636363636,0.7859921455383301,0.8075904846191406,0,0,0,0,0,0.7824852466583252,0,0,0,0,0.7708455324172974,26.4,220,3.2773261070251465,7.405204772949219,0.6844722628593445,11.520073035479186,0.9661592665043744,0.9522490545260636,0.0889031816437967,0.6147727272727272,0.3454545454545454,-0.1478962222351962,0.0507648500389271,0.0530573646104427,0.4715427043890444,0.7784090909090909,plain,1,x_intent,icgp_rvo_mpc,7,15
narrow_gate,density_v4_interaction_tiers,rvo_multistep_density_v1,main,fixed,8,18432,plain_zero,low,0.02,0.04,neighbor_gaussian_v1,14546855110992313348,12.0,8.0,96.0,0.0833333333333333,12.0,x,y,2.2,3.636363636363636,0.7859921455383301,0.8075904846191406,0,0,0,0,0,0.7824852466583252,0,0,0,0,0.6404353976249695,26.4,220,2.111872434616089,7.529810428619385,0.796677440404892,12.46377878773933,0.7908477533947338,0.7739488293840127,0.0867035228028808,0.5365909090909091,0.2920454545454545,-0.0349008735137341,0.1016672706015727,0.1096131090871837,0.4717108842300805,0.7534090909090909,plain,0,x_passive,passive_rvo_mpc,7,15
narrow_gate,density_v4_interaction_tiers,rvo_multistep_density_v1,main,fixed,8,18432,residual_candidate,low,0.02,0.04,neighbor_gaussian_v1,14546855110992313348,12.0,8.0,96.0,0.0833333333333333,12.0,x,y,2.2,3.636363636363636,0.7859921455383301,0.8075904846191406,0,0,0,0,0,0.7824852466583252,0,0,0,0,0.653784990310669,26.4,220,1.1857495307922363,6.263112545013428,0.8858408182859421,14.401181278131844,0.9969079973345452,0.9505493551492692,0.1119554543865061,0.4684090909090909,0.2346590909090909,-0.0010474955772396,0.1563277731425898,0.1867142512465738,0.4964938735950634,0.78125,residual,1,x_intent,icgp_rvo_mpc,7,15
narrow_gate,density_v4_interaction_tiers,rvo_multistep_density_v1,main,fixed,8,18432,residual_zero,low,0.02,0.04,neighbor_gaussian_v1,14546855110992313348,12.0,8.0,96.0,0.0833333333333333,12.0,x,y,2.2,3.636363636363636,0.7859921455383301,0.8075904846191406,0,0,0,0,0,0.7824852466583252,0,0,0,0,0.6783150434494019,26.4,220,1.046040415763855,3.4843873977661133,0.8992914482951164,12.89871562785629,0.8160386801104654,0.7738220609047196,0.1094753975683653,0.5643181818181818,0.3477272727272727,-0.0517701109423984,0.0768694791250466,0.0869627027422208,0.5198840595867769,0.8051136363636363,residual,0,x_passive,residual_passive_rvo_mpc,7,15
narrow_gate,density_v4_interaction_tiers,rvo_multistep_density_v1,main,fixed,8,18432,plain_candidate,medium,0.05,0.1,neighbor_gaussian_v1,15301671724587860722,12.0,8.0,96.0,0.0833333333333333,12.0,x,y,2.2,3.636363636363636,0.7859921455383301,0.8075904846191406,0,0,0,0,0,0.7824852466583252,0,0,0,0,0.6847892999649048,26.4,220,1.9285235404968264,6.179921627044678,0.8143295347690582,12.658208639601073,1.0177948600866578,0.9546364074403588,0.0852251136992973,0.6125,0.327840909090909,-0.1171069775100038,0.0678715962379571,0.077330579869925,0.4602076702214238,0.7710227272727272,plain,1,x_intent,icgp_rvo_mpc,7,15
narrow_gate,density_v4_interaction_tiers,rvo_multistep_density_v1,main,fixed,8,18432,plain_zero,medium,0.05,0.1,neighbor_gaussian_v1,15301671724587860722,12.0,8.0,96.0,0.0833333333333333,12.0,x,y,2.2,3.636363636363636,0.7859921455383301,0.8075904846191406,0,0,0,0,0,0.7824852466583252,0,0,0,0,0.719376266002655,26.4,220,0.9932122230529784,2.245276927947998,0.9043775349855424,13.51204708503792,1.0287141612646256,0.9850704445080324,0.0849805114161096,0.5392045454545454,0.3517045454545454,-0.0566246078670924,0.08067891048359,0.0824609205457644,0.5432901984051253,0.7221590909090909,plain,0,x_passive,passive_rvo_mpc,7,15
narrow_gate,density_v4_interaction_tiers,rvo_multistep_density_v1,main,fixed,8,18432,residual_candidate,medium,0.05,0.1,neighbor_gaussian_v1,15301671724587860722,12.0,8.0,96.0,0.0833333333333333,12.0,x,y,2.2,3.636363636363636,0.7859921455383301,0.8075904846191406,0,0,0,0,0,0.7824852466583252,0,0,0,0,0.7666873335838318,26.4,220,2.930022954940796,7.842275619506836,0.7179092168807983,11.82834961023582,1.0060253356329418,0.9126726972955196,0.1150287498603575,0.5552272727272727,0.2357954545454545,-0.0357130595043752,0.1543344209496313,0.1579631147343995,0.6477243263242689,0.7232954545454545,residual,1,x_intent,icgp_rvo_mpc,7,15
narrow_gate,density_v4_interaction_tiers,rvo_multistep_density_v1,main,fixed,8,18432,residual_zero,medium,0.05,0.1,neighbor_gaussian_v1,15301671724587860722,12.0,8.0,96.0,0.0833333333333333,12.0,x,y,2.2,3.636363636363636,0.7859921455383301,0.8075904846191406,0,0,0,0,0,0.7824852466583252,0,0,0,0,0.6974869966506958,26.4,220,1.6232200860977173,7.393468856811523,0.8437229245901108,12.649402859706242,0.9106524068692868,0.8776690015738661,0.1079859092649051,0.5498863636363637,0.2704545454545454,-0.0395774300207016,0.1074126480697474,0.1212122373839811,0.5195798763957734,0.7420454545454546,residual,0,x_passive,residual_passive_rvo_mpc,7,15
narrow_gate,density_v4_interaction_tiers,rvo_multistep_density_v1,main,fixed,8,18432,plain_candidate,high,0.1,0.2,neighbor_gaussian_v1,16466059135495350376,12.0,8.0,96.0,0.0833333333333333,12.0,x,y,2.2,3.636363636363636,0.7859921455383301,0.8075904846191406,0,0,0,0,0,0.7824852466583252,0,0,0,0,0.6741621494293213,26.4,220,1.444072723388672,7.378398418426514,0.8609705120325089,13.669451165736971,1.0425244628028436,0.9982560954310676,0.0823656247865239,0.5223863636363636,0.2642045454545454,-0.0569334947958946,0.1215349127075553,0.1363653037364429,0.54269066284844,0.7659090909090909,plain,1,x_intent,icgp_rvo_mpc,7,15
narrow_gate,density_v4_interaction_tiers,rvo_multistep_density_v1,main,fixed,8,18432,plain_zero,high,0.1,0.2,neighbor_gaussian_v1,16466059135495350376,12.0,8.0,96.0,0.0833333333333333,12.0,x,y,2.2,3.636363636363636,0.7859921455383301,0.8075904846191406,0,0,0,0,0,0.7824852466583252,0,0,0,0,0.613369882106781,26.4,220,0.6891673803329468,1.455314874649048,0.9336497485637664,14.401298239351718,1.1587633031335745,1.1039107892323623,0.0882956251602577,0.5293181818181818,0.3448863636363636,-0.0552072264328303,0.0738472672653953,0.0781192813272309,0.6233597910812324,0.6869318181818181,plain,0,x_passive,passive_rvo_mpc,7,15
narrow_gate,density_v4_interaction_tiers,rvo_multistep_density_v1,main,fixed,8,18432,residual_candidate,high,0.1,0.2,neighbor_gaussian_v1,16466059135495350376,12.0,8.0,96.0,0.0833333333333333,12.0,x,y,2.2,3.636363636363636,0.7859921455383301,0.8075904846191406,0,0,0,0,0,0.7824852466583252,0,0,0,0,0.6316862106323242,26.4,220,0.7971494793891907,3.469488382339477,0.9232536628842354,14.06509810690477,1.1539932264861736,1.092429181933403,0.1107755680343623,0.4784090909090909,0.2539772727272727,-0.0300826447294817,0.1410731539223807,0.1545330287375448,0.5336277177024285,0.7306818181818182,residual,1,x_intent,icgp_rvo_mpc,7,15
narrow_gate,density_v4_interaction_tiers,rvo_multistep_density_v1,main,fixed,8,18432,residual_zero,high,0.1,0.2,neighbor_gaussian_v1,16466059135495350376,12.0,8.0,96.0,0.0833333333333333,12.0,x,y,2.2,3.636363636363636,0.7859921455383301,0.8075904846191406,0,0,0,0,0,0.7824852466583252,0,0,0,0,0.6443750262260437,26.4,220,1.5826184749603271,7.876106262207031,0.8476318866014481,13.004968235476554,1.0943211096931589,1.001200346784158,0.1141107955349566,0.5632954545454546,0.3107954545454545,-0.0279704919008576,0.1160449598558038,0.1243133127196059,0.506483175772077,0.7369318181818182,residual,0,x_passive,residual_passive_rvo_mpc,7,15
merge_bottleneck,density_v4_interaction_tiers,rvo_multistep_density_v1,main,fixed,4,14945,plain_candidate,clean,0.0,0.0,neighbor_gaussian_v1,7143377058387937191,12.0,8.0,96.0,0.0416666666666666,24.0,x,y,2.2,1.818181818181818,0.7657022476196289,0.9000000953674316,0,0,0,0,0,1.6712429523468018,0,0,0,0,0.8400408258140091,26.4,220,0.482642650604248,0.8238025903701782,0.9535324051976204,13.288061361468865,0.5410200658226545,0.4566943878069816,0.1642967052413785,0.3529545454545454,0.0784090909090909,0.0886451038336352,0.2581974577836352,0.2860826317898588,0.5664497737133073,0.7022727272727273,plain,1,x_intent,icgp_rvo_mpc,7,15
merge_bottleneck,density_v4_interaction_tiers,rvo_multistep_density_v1,main,fixed,4,14945,plain_zero,clean,0.0,0.0,neighbor_gaussian_v1,7143377058387937191,12.0,8.0,96.0,0.0416666666666666,24.0,x,y,2.2,1.818181818181818,0.7657022476196289,0.9000000953674316,0,0,0,0,0,1.6712429523468018,0,0,0,0,0.797514796257019,26.4,220,0.7090022563934326,0.9994297027587892,0.9317390844225883,14.047963071778211,0.7599123351057642,0.6789853781117762,0.1611663637793919,0.3529545454545454,0.0977272727272727,0.1159200818711003,0.2499753662809719,0.2851008249956088,0.4836950890651686,0.7261363636363637,plain,0,x_passive,passive_rvo_mpc,7,15
merge_bottleneck,density_v4_interaction_tiers,rvo_multistep_density_v1,main,fixed,4,14945,residual_candidate,clean,0.0,0.0,neighbor_gaussian_v1,7143377058387937191,12.0,8.0,96.0,0.0416666666666666,24.0,x,y,2.2,1.818181818181818,0.7657022476196289,0.9000000953674316,0,0,0,0,0,1.6712429523468018,0,0,0,0,0.6523524522781372,26.4,220,0.5718303918838501,0.947357177734375,0.9449456371366978,13.736547064720073,0.6250419359077403,0.5822513503892961,0.2029312500036956,0.294090909090909,0.0534090909090909,0.0986316954529482,0.2418448022585475,0.2720363722836172,0.5287456598819754,0.7636363636363637,residual,1,x_intent,icgp_rvo_mpc,7,15
merge_bottleneck,density_v4_interaction_tiers,rvo_multistep_density_v1,main,fixed,4,14945,residual_zero,clean,0.0,0.0,neighbor_gaussian_v1,7143377058387937191,12.0,8.0,96.0,0.0416666666666666,24.0,x,y,2.2,1.818181818181818,0.7657022476196289,0.9000000953674316,0,0,0,0,0,1.6712429523468018,0,0,0,0,0.8399931044058258,26.4,220,1.1884762048721311,2.904902458190918,0.8855765610933304,13.186657453385124,0.6597400588440823,0.6313939968272198,0.2047938638663088,0.3752272727272727,0.0681818181818181,0.0550265177959501,0.1980662473447476,0.2160625845417914,0.5017101782796296,0.7215909090909091,residual,0,x_passive,residual_passive_rvo_mpc,7,15
merge_bottleneck,density_v4_interaction_tiers,rvo_multistep_density_v1,main,fixed,4,14945,plain_candidate,low,0.02,0.04,neighbor_gaussian_v1,170450460975478442,12.0,8.0,96.0,0.0416666666666666,24.0,x,y,2.2,1.818181818181818,0.7657022476196289,0.9000000953674316,0,0,0,0,0,1.6712429523468018,0,0,0,0,0.6124042868614197,26.4,220,0.4860451817512512,0.7638444900512695,0.9532048180699348,13.623344271152746,0.6541119064720988,0.6037623100980206,0.1588306817707648,0.3763636363636363,0.0977272727272727,0.0774814677843691,0.2359032628891501,0.270764105733452,0.4823903353677658,0.6943181818181818,plain,1,x_intent,icgp_rvo_mpc,7,15
merge_bottleneck,density_v4_interaction_tiers,rvo_multistep_density_v1,main,fixed,4,14945,plain_zero,low,0.02,0.04,neighbor_gaussian_v1,170450460975478442,12.0,8.0,96.0,0.0416666666666666,24.0,x,y,2.2,1.818181818181818,0.7657022476196289,0.9000000953674316,0,0,0,0,0,1.6712429523468018,0,0,0,0,0.8400344849847011,26.4,220,0.4966071844100952,0.8793905377388,0.9521879367530346,13.220452650009976,0.7537484160132325,0.7378278764705597,0.1605430682089222,0.3584090909090909,0.1125,0.113946263471486,0.248861463302519,0.2666577155640277,0.5108639906918332,0.7170454545454545,plain,0,x_passive,passive_rvo_mpc,7,15
merge_bottleneck,density_v4_interaction_tiers,rvo_multistep_density_v1,main,fixed,4,14945,residual_candidate,low,0.02,0.04,neighbor_gaussian_v1,170450460975478442,12.0,8.0,96.0,0.0416666666666666,24.0,x,y,2.2,1.818181818181818,0.7657022476196289,0.9000000953674316,0,0,0,0,0,1.6712429523468018,0,0,0,0,0.8400267896662356,26.4,220,0.4630605280399322,0.717930018901825,0.9554177224636078,13.610433805704815,0.6235005994226825,0.5473377845059573,0.2071532955266196,0.3454545454545454,0.0988636363636363,0.092697996831191,0.2408722939851436,0.2551470094141462,0.5484362233414304,0.7602272727272728,residual,1,x_intent,icgp_rvo_mpc,7,15
merge_bottleneck,density_v4_interaction_tiers,rvo_multistep_density_v1,main,fixed,4,14945,residual_zero,low,0.02,0.04,neighbor_gaussian_v1,170450460975478442,12.0,8.0,96.0,0.0416666666666666,24.0,x,y,2.2,1.818181818181818,0.7657022476196289,0.9000000953674316,0,0,0,0,0,1.6712429523468018,0,0,0,0,0.8400281665598721,26.4,220,0.5626818537712097,0.6556773781776428,0.9458264373242856,13.627195681387091,0.7186825066826052,0.6909170913425359,0.2021605676749128,0.3327272727272727,0.0556818181818181,0.084775611891712,0.2209266818520036,0.2347717702526276,0.4841454617562853,0.7340909090909091,residual,0,x_passive,residual_passive_rvo_mpc,7,15
merge_bottleneck,density_v4_interaction_tiers,rvo_multistep_density_v1,main,fixed,4,14945,plain_candidate,medium,0.05,0.1,neighbor_gaussian_v1,1900497828292531308,12.0,8.0,96.0,0.0416666666666666,24.0,x,y,2.2,1.818181818181818,0.7657022476196289,0.9000000953674316,0,0,0,0,0,1.6712429523468018,0,0,0,0,0.8229957222938538,26.4,220,0.9219531416893004,1.8083072900772093,0.9112367182970048,13.292047803105106,0.830052836069742,0.7317026128219863,0.1666701136855408,0.3686363636363636,0.0602272727272727,0.0868059787140751,0.2504835164679837,0.3128202718764659,0.4974338266179374,0.6954545454545454,plain,1,x_intent,icgp_rvo_mpc,7,15
merge_bottleneck,density_v4_interaction_tiers,rvo_multistep_density_v1,main,fixed,4,14945,plain_zero,medium,0.05,0.1,neighbor_gaussian_v1,1900497828292531308,12.0,8.0,96.0,0.0416666666666666,24.0,x,y,2.2,1.818181818181818,0.7657022476196289,0.9000000953674316,0,0,0,0,0,1.6712429523468018,0,0,0,0,0.8400470924377441,26.4,220,1.051987886428833,2.738543033599853,0.8987173065543175,13.29131848810357,0.6612164970894809,0.6567356747913767,0.1630107958838132,0.4122727272727273,0.1329545454545454,0.0821770925792272,0.2250872992437257,0.2442741379599942,0.4934910554953826,0.7465909090909091,plain,0,x_passive,passive_rvo_mpc,7,15
merge_bottleneck,density_v4_interaction_tiers,rvo_multistep_density_v1,main,fixed,4,14945,residual_candidate,medium,0.05,0.1,neighbor_gaussian_v1,1900497828292531308,12.0,8.0,96.0,0.0416666666666666,24.0,x,y,2.2,1.818181818181818,0.7657022476196289,0.9000000953674316,0,0,0,0,0,1.6712429523468018,0,0,0,0,0.8400389817246992,26.4,220,0.6011800765991211,0.912658154964447,0.942119926214218,13.93967168877134,0.7665269332998088,0.6566466492721122,0.2372469313162252,0.3768181818181818,0.1011363636363636,0.0690218708201079,0.2248814517567801,0.2494657611748732,0.5181130609771453,0.6761363636363636,residual,1,x_intent,icgp_rvo_mpc,7,15
merge_bottleneck,density_v4_interaction_tiers,rvo_multistep_density_v1,main,fixed,4,14945,residual_zero,medium,0.05,0.1,neighbor_gaussian_v1,1900497828292531308,12.0,8.0,96.0,0.0416666666666666,24.0,x,y,2.2,1.818181818181818,0.7657022476196289,0.9000000953674316,0,0,0,0,0,1.6712429523468018,0,0,0,0,0.8400572299944473,26.4,220,0.5804153680801392,0.7643902897834778,0.9441190995275974,14.062036028044531,0.717890821069225,0.6666281834160063,0.2058017038507387,0.3275,0.0647727272727272,0.1096493153458688,0.242090121757915,0.2564712484109794,0.5051269271409348,0.7647727272727273,residual,0,x_passive,residual_passive_rvo_mpc,7,15
merge_bottleneck,density_v4_interaction_tiers,rvo_multistep_density_v1,main,fixed,4,14945,plain_candidate,high,0.1,0.2,neighbor_gaussian_v1,9983763453261565525,12.0,8.0,96.0,0.0416666666666666,24.0,x,y,2.2,1.818181818181818,0.7657022476196289,0.9000000953674316,0,0,0,0,0,1.6712429523468018,0,0,0,0,0.8399221292977759,26.4,220,1.1143287420272827,2.800971746444702,0.8927152901887894,13.080176631912764,0.8853761378176965,0.820996631586141,0.1756645456639076,0.3788636363636363,0.0886363636363636,0.0764208949806676,0.2362887421891939,0.3070504408768124,0.4708268853789258,0.6875,plain,1,x_intent,icgp_rvo_mpc,7,15
merge_bottleneck,density_v4_interaction_tiers,rvo_multistep_density_v1,main,fixed,4,14945,plain_zero,high,0.1,0.2,neighbor_gaussian_v1,9983763453261565525,12.0,8.0,96.0,0.0416666666666666,24.0,x,y,2.2,1.818181818181818,0.7657022476196289,0.9000000953674316,0,0,0,0,0,1.6712429523468018,0,0,1,0,0.4747188985347748,26.4,220,0.5852233171463013,0.7774860262870789,0.9436562024056911,14.530524869809597,0.9489890689114956,0.8620934681480074,0.1590964770002756,0.3613636363636364,0.0988636363636363,0.116579090776611,0.2553066239530502,0.2982912486341978,0.4921541102915246,0.7670454545454546,plain,0,x_passive,passive_rvo_mpc,7,15
merge_bottleneck,density_v4_interaction_tiers,rvo_multistep_density_v1,main,fixed,4,14945,residual_candidate,high,0.1,0.2,neighbor_gaussian_v1,9983763453261565525,12.0,8.0,96.0,0.0416666666666666,24.0,x,y,2.2,1.818181818181818,0.7657022476196289,0.9000000953674316,0,0,0,0,0,1.6712429523468018,0,0,0,0,0.8400078219483873,26.4,220,0.5756003260612488,0.7430135607719421,0.9445826783776284,14.502454730642055,0.9844128241655364,0.8548686142248864,0.2098669317836703,0.4197727272727273,0.1306818181818181,0.0442075908110684,0.2063870901018264,0.2149585404463672,0.5244650954244201,0.7079545454545455,residual,1,x_intent,icgp_rvo_mpc,7,15
merge_bottleneck,density_v4_interaction_tiers,rvo_multistep_density_v1,main,fixed,4,14945,residual_zero,high,0.1,0.2,neighbor_gaussian_v1,9983763453261565525,12.0,8.0,96.0,0.0416666666666666,24.0,x,y,2.2,1.818181818181818,0.7657022476196289,0.9000000953674316,0,0,0,0,0,1.6712429523468018,0,0,0,0,0.8375228643417358,26.4,220,0.8473516702651978,1.509961724281311,0.9184191599488258,14.169376712845406,0.9868676320268688,0.8905256930484691,0.2095153409754857,0.3502272727272727,0.084090909090909,0.1007969831642255,0.231799220535766,0.2497168148493875,0.4906131767581477,0.7568181818181818,residual,0,x_passive,residual_passive_rvo_mpc,7,15
merge_bottleneck,density_v4_interaction_tiers,rvo_multistep_density_v1,main,fixed,8,18945,plain_candidate,clean,0.0,0.0,neighbor_gaussian_v1,10677594266795308350,12.0,8.0,96.0,0.0833333333333333,12.0,x,y,2.2,3.636363636363636,0.7757778167724609,0.9000000953674316,0,0,0,0,0,0.6885620355606079,0,0,0,0,0.6643288135528564,26.4,220,3.259705066680908,6.956805229187012,0.6850052177906036,11.29205529606952,0.8333042157644576,0.8099044880067761,0.0875178975878622,0.6095454545454545,0.3102272727272727,-0.1276717196603828,0.0374669982477264,0.0498702067392035,0.336462780022101,0.8642045454545455,plain,1,x_intent,icgp_rvo_mpc,7,15
merge_bottleneck,density_v4_interaction_tiers,rvo_multistep_density_v1,main,fixed,8,18945,plain_zero,clean,0.0,0.0,neighbor_gaussian_v1,10677594266795308350,12.0,8.0,96.0,0.0833333333333333,12.0,x,y,2.2,3.636363636363636,0.7757778167724609,0.9000000953674316,0,0,0,0,0,0.6885620355606079,0,0,0,0,0.5420560240745544,26.4,220,3.4217238426208496,7.068852424621582,0.6693488657474518,10.644814576355884,0.7847385094585744,0.8462653244930235,0.0853028406709199,0.5744318181818182,0.3102272727272727,-0.0865903738324536,0.0491530591807447,0.0696388181066001,0.2809758320402273,0.8386363636363636,plain,0,x_passive,passive_rvo_mpc,7,15
merge_bottleneck,density_v4_interaction_tiers,rvo_multistep_density_v1,main,fixed,8,18945,residual_candidate,clean,0.0,0.0,neighbor_gaussian_v1,10677594266795308350,12.0,8.0,96.0,0.0833333333333333,12.0,x,y,2.2,3.636363636363636,0.7757778167724609,0.9000000953674316,0,0,0,0,0,0.6885620355606079,0,0,0,0,0.6689897775650024,26.4,220,2.522610664367676,6.481049537658691,0.7562327831983566,12.661118470994552,0.8503198596140877,0.8654299692674117,0.1137027273547243,0.5281818181818182,0.1926136363636363,-0.0819614341563055,0.1024599048583994,0.1055019405098773,0.435497315582957,0.85,residual,1,x_intent,icgp_rvo_mpc,7,15
merge_bottleneck,density_v4_interaction_tiers,rvo_multistep_density_v1,main,fixed,8,18945,residual_zero,clean,0.0,0.0,neighbor_gaussian_v1,10677594266795308350,12.0,8.0,96.0,0.0833333333333333,12.0,x,y,2.2,3.636363636363636,0.7757778167724609,0.9000000953674316,0,0,0,0,0,0.6885620355606079,0,0,0,0,0.5636234879493713,26.4,220,3.230684280395508,6.853553295135498,0.687809556722641,11.691707818344184,0.884686313230883,0.943169473179362,0.1266842617372855,0.5614772727272728,0.240340909090909,-0.0816412484166289,0.0669197840890277,0.0678849424425027,0.3332373919035845,0.8909090909090909,residual,0,x_passive,residual_passive_rvo_mpc,7,15
merge_bottleneck,density_v4_interaction_tiers,rvo_multistep_density_v1,main,fixed,8,18945,plain_candidate,low,0.02,0.04,neighbor_gaussian_v1,15578995047950546997,12.0,8.0,96.0,0.0833333333333333,12.0,x,y,2.2,3.636363636363636,0.7757778167724609,0.9000000953674316,0,0,0,0,0,0.6885620355606079,0,0,0,0,0.6636006236076355,26.4,220,2.8275270462036133,6.820860862731934,0.7267678380012512,10.920801148370174,0.9737686786123296,1.0746411508457228,0.1003852841015693,0.6040909090909091,0.2517045454545454,-0.1377487753026715,0.0391299939198479,0.0472371818574544,0.3443241531427344,0.8948863636363636,plain,1,x_intent,icgp_rvo_mpc,7,15
merge_bottleneck,density_v4_interaction_tiers,rvo_multistep_density_v1,main,fixed,8,18945,plain_zero,low,0.02,0.04,neighbor_gaussian_v1,15578995047950546997,12.0,8.0,96.0,0.0833333333333333,12.0,x,y,2.2,3.636363636363636,0.7757778167724609,0.9000000953674316,0,0,0,0,0,0.6885620355606079,0,0,0,0,0.6771228313446045,26.4,220,2.498222589492798,6.962632656097412,0.7585894763469696,12.037741699390608,0.9532882690429688,1.0178517429327425,0.0982348296516151,0.5968181818181818,0.3392045454545455,-0.1165399461996609,0.0222951795609003,0.024721292986231,0.3829485561911731,0.8522727272727273,plain,0,x_passive,passive_rvo_mpc,7,15
merge_bottleneck,density_v4_interaction_tiers,rvo_multistep_density_v1,main,fixed,8,18945,residual_candidate,low,0.02,0.04,neighbor_gaussian_v1,15578995047950546997,12.0,8.0,96.0,0.0833333333333333,12.0,x,y,2.2,3.636363636363636,0.7757778167724609,0.9000000953674316,0,0,0,0,0,0.6885620355606079,0,0,0,0,0.659489095211029,26.4,220,2.84281063079834,6.681278705596924,0.7252909243106842,11.463749102790416,0.9572284770621496,1.003527930040251,0.1271469887962501,0.6014772727272727,0.2431818181818182,-0.1223184755876865,0.0624998637364151,0.0669724354832847,0.3208122850370286,0.8409090909090909,residual,1,x_intent,icgp_rvo_mpc,7,15
merge_bottleneck,density_v4_interaction_tiers,rvo_multistep_density_v1,main,fixed,8,18945,residual_zero,low,0.02,0.04,neighbor_gaussian_v1,15578995047950546997,12.0,8.0,96.0,0.0833333333333333,12.0,x,y,2.2,3.636363636363636,0.7757778167724609,0.9000000953674316,0,0,0,0,0,0.6885620355606079,0,0,0,0,0.5622967481613159,26.4,220,2.3542582988739014,6.500144958496094,0.7725011706352234,12.619144521318958,0.9885366929017684,1.021031007035212,0.1240126703619766,0.5428409090909091,0.2392045454545454,-0.0740121013628087,0.0709895394859597,0.0762700179126846,0.3515768192307941,0.8568181818181818,residual,0,x_passive,residual_passive_rvo_mpc,7,15
merge_bottleneck,density_v4_interaction_tiers,rvo_multistep_density_v1,main,fixed,8,18945,plain_candidate,medium,0.05,0.1,neighbor_gaussian_v1,545854859487413235,12.0,8.0,96.0,0.0833333333333333,12.0,x,y,2.2,3.636363636363636,0.7757778167724609,0.9000000953674316,0,0,0,0,0,0.6885620355606079,0,0,1,0,0.4453135430812835,26.4,220,2.4094433784484863,6.474682331085205,0.7671684771776199,12.512354677062149,1.145519361983646,1.1536532439968803,0.0995891477611043,0.6344318181818182,0.3579545454545454,-0.1539255302540877,0.0185042658762934,0.0256557615331386,0.3673286794723337,0.8664772727272727,plain,1,x_intent,icgp_rvo_mpc,7,15
merge_bottleneck,density_v4_interaction_tiers,rvo_multistep_density_v1,main,fixed,8,18945,plain_zero,medium,0.05,0.1,neighbor_gaussian_v1,545854859487413235,12.0,8.0,96.0,0.0833333333333333,12.0,x,y,2.2,3.636363636363636,0.7757778167724609,0.9000000953674316,0,0,0,0,0,0.6885620355606079,0,0,0,0,0.5856834650039673,26.4,220,2.3807244300842285,6.548431396484375,0.7699436694383621,12.872186755035273,1.0154050327160142,1.0257057686421005,0.0984809090203436,0.6438636363636364,0.3426136363636363,-0.1411499003625587,0.0188071482370576,0.0246985011628458,0.3571625681776058,0.8755681818181819,plain,0,x_passive,passive_rvo_mpc,7,15
merge_bottleneck,density_v4_interaction_tiers,rvo_multistep_density_v1,main,fixed,8,18945,residual_candidate,medium,0.05,0.1,neighbor_gaussian_v1,545854859487413235,12.0,8.0,96.0,0.0833333333333333,12.0,x,y,2.2,3.636363636363636,0.7757778167724609,0.9000000953674316,0,0,0,0,0,0.6885620355606079,0,0,0,0,0.5365511775016785,26.4,220,1.7291885614395142,6.476165771484375,0.8329034745693207,13.43782542659028,1.2390768879516558,1.2589860940521411,0.1308738631037571,0.5565909090909091,0.2801136363636363,-0.1024895228536471,0.0732122580811312,0.0879956728730621,0.3339760374237019,0.8613636363636363,residual,1,x_intent,icgp_rvo_mpc,7,15
merge_bottleneck,density_v4_interaction_tiers,rvo_multistep_density_v1,main,fixed,8,18945,residual_zero,medium,0.05,0.1,neighbor_gaussian_v1,545854859487413235,12.0,8.0,96.0,0.0833333333333333,12.0,x,y,2.2,3.636363636363636,0.7757778167724609,0.9000000953674316,0,0,0,0,0,0.6885620355606079,0,0,0,0,0.5440180897712708,26.4,220,2.3555052280426025,6.507502555847168,0.7723806649446487,12.943932508665966,1.0842730737545274,1.0731895714998243,0.1312392045127291,0.5736363636363636,0.265340909090909,-0.0954824532958541,0.0481983678264497,0.0503614823098333,0.3399547419239899,0.8534090909090909,residual,0,x_passive,residual_passive_rvo_mpc,7,15
merge_bottleneck,density_v4_interaction_tiers,rvo_multistep_density_v1,main,fixed,8,18945,plain_candidate,high,0.1,0.2,neighbor_gaussian_v1,7463771753998074221,12.0,8.0,96.0,0.0833333333333333,12.0,x,y,2.2,3.636363636363636,0.7757778167724609,0.9000000953674316,0,0,0,0,0,0.6885620355606079,0,0,0,0,0.6773709654808044,26.4,220,3.094428539276123,6.927572250366211,0.7009763717651367,11.448815179430312,1.2066099689088083,1.19273173450069,0.099133181786535,0.6423863636363636,0.3125,-0.1484266299255389,0.021718903006373,0.0250959754856102,0.3606778753848778,0.8602272727272727,plain,1,x_intent,icgp_rvo_mpc,7,15
merge_bottleneck,density_v4_interaction_tiers,rvo_multistep_density_v1,main,fixed,8,18945,plain_zero,high,0.1,0.2,neighbor_gaussian_v1,7463771753998074221,12.0,8.0,96.0,0.0833333333333333,12.0,x,y,2.2,3.636363636363636,0.7757778167724609,0.9000000953674316,0,0,0,0,0,0.6885620355606079,0,0,1,0,0.4978480935096741,26.4,220,2.959388494491577,6.817355155944824,0.7140256762504578,11.842513010609764,1.2126240038058975,1.2041484542868357,0.1004265910358464,0.6552272727272728,0.3210227272727273,-0.1464445192560202,0.0099881992794379,0.0179349052574411,0.3229617352286197,0.8505681818181818,plain,0,x_passive,passive_rvo_mpc,7,15
merge_bottleneck,density_v4_interaction_tiers,rvo_multistep_density_v1,main,fixed,8,18945,residual_candidate,high,0.1,0.2,neighbor_gaussian_v1,7463771753998074221,12.0,8.0,96.0,0.0833333333333333,12.0,x,y,2.2,3.636363636363636,0.7757778167724609,0.9000000953674316,0,0,0,0,0,0.6885620355606079,0,0,1,0,0.4466036260128021,26.4,220,3.0726680755615234,6.767436027526856,0.7030791342258453,11.597927261415862,1.2461534134366297,1.204869991540909,0.1260511932659111,0.5896590909090909,0.246590909090909,-0.1171436625516268,0.0605555912202939,0.0707539537644728,0.3092774882737342,0.8670454545454546,residual,1,x_intent,icgp_rvo_mpc,7,15
merge_bottleneck,density_v4_interaction_tiers,rvo_multistep_density_v1,main,fixed,8,18945,residual_zero,high,0.1,0.2,neighbor_gaussian_v1,7463771753998074221,12.0,8.0,96.0,0.0833333333333333,12.0,x,y,2.2,3.636363636363636,0.7757778167724609,0.9000000953674316,0,0,0,0,0,0.6885620355606079,0,0,1,0,0.5096036791801453,26.4,220,2.2534656524658203,6.4940104484558105,0.7822410464286804,12.885759878012324,1.3270935126664964,1.2241231566125697,0.1317868750365133,0.55625,0.2704545454545454,-0.0879696652777192,0.0509282745208914,0.0551706432237528,0.3399748613601716,0.8579545454545454,residual,0,x_passive,residual_passive_rvo_mpc,7,15
four_way_stop,density_v4_interaction_tiers,rvo_multistep_density_v1,main,fixed,4,14680,plain_candidate,clean,0.0,0.0,neighbor_gaussian_v1,10904546857478699036,11.0,11.0,121.0,0.0330578512396694,30.25,y,x,11.0,0.3636363636363636,0.7093830108642578,0.6545653343200684,0,0,0,0,0,6.677427768707275,1,0,0,0,0.9244195222854614,9.72,81,0.217255100607872,0.2816369533538818,0.9773551877588034,9.900599181652067,0.7702058902639827,0.3728934546354379,0.18662870372933,0.1537037037037037,0.0833333333333333,0.8225844549258917,0.9781822583042548,1.0487976409623652,2.4707908781811048,0.4104938271604938,plain,1,x_intent,icgp_rvo_mpc,7,15
four_way_stop,density_v4_interaction_tiers,rvo_multistep_density_v1,main,fixed,4,14680,plain_zero,clean,0.0,0.0,neighbor_gaussian_v1,10904546857478699036,11.0,11.0,121.0,0.0330578512396694,30.25,y,x,11.0,0.3636363636363636,0.7093830108642578,0.6545653343200684,0,0,0,0,0,6.677427768707275,1,0,0,0,0.920752763748169,9.96,83,0.2020705342292785,0.3259161114692688,0.9789378978312016,9.981107148341836,0.8252574060650835,0.4027827333296641,0.2035490955655317,0.1373493975903614,0.0903614457831325,0.8937803353144821,0.9797569125100792,1.0352591641983355,2.40138549577759,0.4246987951807229,plain,0,x_passive,passive_rvo_mpc,7,15
four_way_stop,density_v4_interaction_tiers,rvo_multistep_density_v1,main,fixed,4,14680,residual_candidate,clean,0.0,0.0,neighbor_gaussian_v1,10904546857478699036,11.0,11.0,121.0,0.0330578512396694,30.25,y,x,11.0,0.3636363636363636,0.7093830108642578,0.6545653343200684,0,0,0,0,0,6.677427768707275,1,0,0,0,0.9011579751968384,9.84,82,0.2922655344009399,0.3586276471614837,0.969536742195487,9.910609308630228,0.7861053929096316,0.3984367243720857,0.2750810975756882,0.1170731707317073,0.0884146341463414,1.2011564902170768,1.3460891873807443,1.389709192812443,2.4455202739849327,0.3201219512195122,residual,1,x_intent,icgp_rvo_mpc,7,15
four_way_stop,density_v4_interaction_tiers,rvo_multistep_density_v1,main,fixed,4,14680,residual_zero,clean,0.0,0.0,neighbor_gaussian_v1,10904546857478699036,11.0,11.0,121.0,0.0330578512396694,30.25,y,x,11.0,0.3636363636363636,0.7093830108642578,0.6545653343200684,0,0,0,0,0,6.677427768707275,1,0,0,0,0.916452407836914,10.32,86,0.160822719335556,0.3334948718547821,0.9832372162491084,10.114739456679672,0.8354436498254451,0.4433853213022444,0.2542997083997592,0.163953488372093,0.1337209302325581,1.1167250183857111,1.2017204909078605,1.2338013507200536,2.524613375566727,0.3633720930232558,residual,0,x_passive,residual_passive_rvo_mpc,7,15
four_way_stop,density_v4_interaction_tiers,rvo_multistep_density_v1,main,fixed,4,14680,plain_candidate,low,0.02,0.04,neighbor_gaussian_v1,9689894418729193643,11.0,11.0,121.0,0.0330578512396694,30.25,y,x,11.0,0.3636363636363636,0.7093830108642578,0.6545653343200684,0,0,0,0,0,6.677427768707275,1,0,0,0,0.7666610479354858,11.76,98,0.122078999876976,0.2989044189453125,0.987275529652834,10.31399068061728,0.8241032097412615,0.4740246351615509,0.1887561222098824,0.175,0.1147959183673469,0.81215409372363,0.964435631076292,1.0399724719566958,2.6366464525400377,0.4005102040816326,plain,1,x_intent,icgp_rvo_mpc,7,15
four_way_stop,density_v4_interaction_tiers,rvo_multistep_density_v1,main,fixed,4,14680,plain_zero,low,0.02,0.04,neighbor_gaussian_v1,9689894418729193643,11.0,11.0,121.0,0.0330578512396694,30.25,y,x,11.0,0.3636363636363636,0.7093830108642578,0.6545653343200684,0,0,0,0,0,6.677427768707275,1,0,0,0,0.7662035822868347,11.76,98,0.0948927477002143,0.2818622589111328,0.9901091922074556,10.4873938105884,0.7806521820614818,0.4118192147014171,0.2074619895916394,0.1551020408163265,0.0943877551020408,0.8206039122990997,0.9139954177373828,0.9729369903378644,2.4691020768150995,0.3520408163265306,plain,0,x_passive,passive_rvo_mpc,7,15
four_way_stop,density_v4_interaction_tiers,rvo_multistep_density_v1,main,fixed,4,14680,residual_candidate,low,0.02,0.04,neighbor_gaussian_v1,9689894418729193643,11.0,11.0,121.0,0.0330578512396694,30.25,y,x,11.0,0.3636363636363636,0.7093830108642578,0.6545653343200684,0,0,0,0,0,6.677427768707275,1,0,0,0,0.7245445251464844,11.76,98,0.1205440163612365,0.28950035572052,0.9874355234205724,10.373072371010494,0.7844325549192537,0.4204467999318503,0.3303290807763209,0.110204081632653,0.0535714285714285,1.1241306092215664,1.2778050476130174,1.3408201786267515,2.543231108900236,0.3596938775510204,residual,1,x_intent,icgp_rvo_mpc,7,15
four_way_stop,density_v4_interaction_tiers,rvo_multistep_density_v1,main,fixed,4,14680,residual_zero,low,0.02,0.04,neighbor_gaussian_v1,9689894418729193643,11.0,11.0,121.0,0.0330578512396694,30.25,y,x,11.0,0.3636363636363636,0.7093830108642578,0.6545653343200684,0,0,0,0,0,6.677427768707275,1,0,0,0,0.7401812076568604,11.64,97,0.1230996176600456,0.338109940290451,0.9871691493317484,10.34547967398248,0.779609930999193,0.4338138898894231,0.3632871138853664,0.1175257731958762,0.0721649484536082,1.0671813164438246,1.159881407581654,1.2202967715386264,2.4034052607693623,0.3427835051546392,residual,0,x_passive,residual_passive_rvo_mpc,7,15
four_way_stop,density_v4_interaction_tiers,rvo_multistep_density_v1,main,fixed,4,14680,plain_candidate,medium,0.05,0.1,neighbor_gaussian_v1,14499064141274985670,11.0,11.0,121.0,0.0330578512396694,30.25,y,x,11.0,0.3636363636363636,0.7093830108642578,0.6545653343200684,0,0,0,0,0,6.677427768707275,1,0,0,0,1.0018622875213623,11.28,94,0.103283554315567,0.3164131045341491,0.9892346067354084,10.284608730114996,0.9242601214630648,0.5559476820764035,0.2386545212233458,0.1085106382978723,0.0531914893617021,0.9113211149754042,1.0557936627623885,1.128897192579635,2.326940122544765,0.4521276595744681,plain,1,x_intent,icgp_rvo_mpc,7,15
four_way_stop,density_v4_interaction_tiers,rvo_multistep_density_v1,main,fixed,4,14680,plain_zero,medium,0.05,0.1,neighbor_gaussian_v1,14499064141274985670,11.0,11.0,121.0,0.0330578512396694,30.25,y,x,11.0,0.3636363636363636,0.7093830108642578,0.6545653343200684,0,0,0,0,0,6.677427768707275,1,0,0,0,1.0036141872406006,11.76,98,0.1323579996824264,0.2825760245323181,0.9862041352316736,10.325078472262248,0.98057931962385,0.6318825587161876,0.2207204089820746,0.1530612244897959,0.1224489795918367,0.9610567784873884,1.035954530321974,1.0991258296104414,2.3624953889968445,0.423469387755102,plain,0,x_passive,passive_rvo_mpc,7,15
four_way_stop,density_v4_interaction_tiers,rvo_multistep_density_v1,main,fixed,4,14680,residual_candidate,medium,0.05,0.1,neighbor_gaussian_v1,14499064141274985670,11.0,11.0,121.0,0.0330578512396694,30.25,y,x,11.0,0.3636363636363636,0.7093830108642578,0.6545653343200684,0,0,0,0,0,6.677427768707275,1,0,0,0,0.92985862493515,11.88,99,0.1463225483894348,0.3388137221336365,0.9847485898062588,10.442287339828908,0.9689288427818076,0.615386602717341,0.303048484828182,0.1292929292929293,0.0959595959595959,1.1229498112205454,1.2748392152485222,1.3217448402956278,2.4187672560082545,0.4065656565656566,residual,1,x_intent,icgp_rvo_mpc,7,15
four_way_stop,density_v4_interaction_tiers,rvo_multistep_density_v1,main,fixed,4,14680,residual_zero,medium,0.05,0.1,neighbor_gaussian_v1,14499064141274985670,11.0,11.0,121.0,0.0330578512396694,30.25,y,x,11.0,0.3636363636363636,0.7093830108642578,0.6545653343200684,0,0,0,0,0,6.677427768707275,1,0,0,0,1.0357452630996704,11.64,97,0.1292777061462402,0.378475159406662,0.986525198444724,10.40693520870991,0.9843712195984482,0.6311771346839051,0.2546170102336357,0.1448453608247422,0.1211340206185567,1.113409839027475,1.1972085503404288,1.230455233738902,2.380674037097656,0.422680412371134,residual,0,x_passive,residual_passive_rvo_mpc,7,15
four_way_stop,density_v4_interaction_tiers,rvo_multistep_density_v1,main,fixed,4,14680,plain_candidate,high,0.1,0.2,neighbor_gaussian_v1,17286405416364363317,11.0,11.0,121.0,0.0330578512396694,30.25,y,x,11.0,0.3636363636363636,0.7093830108642578,0.6545653343200684,0,0,0,0,0,6.677427768707275,1,0,0,0,0.7126895785331726,11.88,99,0.1077939346432685,0.3049109876155853,0.988764482550323,10.508542094030418,0.9268918571419864,0.5855450858141413,0.2044285347713439,0.1919191919191919,0.1338383838383838,0.8905088376496552,1.0486776746026794,1.14739330143489,2.382765222571113,0.4419191919191919,plain,1,x_intent,icgp_rvo_mpc,7,15
four_way_stop,density_v4_interaction_tiers,rvo_multistep_density_v1,main,fixed,4,14680,plain_zero,high,0.1,0.2,neighbor_gaussian_v1,17286405416364363317,11.0,11.0,121.0,0.0330578512396694,30.25,y,x,11.0,0.3636363636363636,0.7093830108642578,0.6545653343200684,0,0,0,0,0,6.677427768707275,1,0,0,0,0.6903504729270935,12.12,101,0.1330954879522323,0.292879045009613,0.98612726572901,10.679548734333366,0.959214030755776,0.5989091037879094,0.2189831669029715,0.2366336633663366,0.2103960396039604,0.9444131206464722,1.030435504866856,1.106389709015441,2.412431287104541,0.4331683168316831,plain,0,x_passive,passive_rvo_mpc,7,15
four_way_stop,density_v4_interaction_tiers,rvo_multistep_density_v1,main,fixed,4,14680,residual_candidate,high,0.1,0.2,neighbor_gaussian_v1,17286405416364363317,11.0,11.0,121.0,0.0330578512396694,30.25,y,x,11.0,0.3636363636363636,0.7093830108642578,0.6545653343200684,0,0,0,0,0,6.677427768707275,1,0,0,0,0.7282511591911316,12.12,101,0.0991502553224563,0.2873265147209167,0.9896654263138772,10.643883637618272,0.8258200764822046,0.4966162253821743,0.3321247521412125,0.1044554455445544,0.0717821782178217,1.2155799703250203,1.3752005353599492,1.4616866072982846,2.509204034716777,0.3811881188118812,residual,1,x_intent,icgp_rvo_mpc,7,15
four_way_stop,density_v4_interaction_tiers,rvo_multistep_density_v1,main,fixed,4,14680,residual_zero,high,0.1,0.2,neighbor_gaussian_v1,17286405416364363317,11.0,11.0,121.0,0.0330578512396694,30.25,y,x,11.0,0.3636363636363636,0.7093830108642578,0.6545653343200684,0,0,0,0,0,6.677427768707275,1,0,0,0,0.7282511591911316,12.24,102,0.1358629316091537,0.3752123713493347,0.9858388109132648,10.552474671159873,0.854489033010003,0.5136951021088155,0.3771161760132778,0.1014705882352941,0.0808823529411764,1.2935908256312283,1.3798646155803225,1.4591811233861187,2.560309986483817,0.3602941176470588,residual,0,x_passive,residual_passive_rvo_mpc,7,15
four_way_stop,density_v4_interaction_tiers,rvo_multistep_density_v1,main,fixed,8,18680,plain_candidate,clean,0.0,0.0,neighbor_gaussian_v1,16246213038985809602,11.0,11.0,121.0,0.0661157024793388,15.125,y,x,11.0,0.7272727272727273,0.6502008438110352,0.6509380340576172,0,0,0,0,0,1.3722586631774902,1,0,0,0,0.6273629665374756,13.8,115,0.2044853866100311,0.3544519543647766,0.9786787610501052,10.923252298147418,0.9663204543292524,0.7064687946892303,0.1268524997968874,0.3456521739130435,0.2130434782608695,0.074577504325982,0.2313679498604134,0.2618460823441653,0.9350885037235592,0.55,plain,1,x_intent,icgp_rvo_mpc,7,15
four_way_stop,density_v4_interaction_tiers,rvo_multistep_density_v1,main,fixed,8,18680,plain_zero,clean,0.0,0.0,neighbor_gaussian_v1,16246213038985809602,11.0,11.0,121.0,0.0661157024793388,15.125,y,x,11.0,0.7272727272727273,0.6502008438110352,0.6509380340576172,0,0,0,0,0,1.3722586631774902,1,0,0,0,0.612351655960083,19.92,166,0.1598440110683441,0.3762328028678894,0.9833334181457758,11.765898359124549,0.8791899230325572,0.764817897903632,0.1056714606519047,0.3018072289156626,0.2590361445783132,0.2182088338760575,0.3128335785884859,0.3575111861465252,1.01739363857242,0.5753012048192772,plain,0,x_passive,passive_rvo_mpc,7,15
four_way_stop,density_v4_interaction_tiers,rvo_multistep_density_v1,main,fixed,8,18680,residual_candidate,clean,0.0,0.0,neighbor_gaussian_v1,16246213038985809602,11.0,11.0,121.0,0.0661157024793388,15.125,y,x,11.0,0.7272727272727273,0.6502008438110352,0.6509380340576172,0,0,0,0,0,1.3722586631774902,1,0,0,0,0.6305084228515625,13.56,113,0.1433066576719284,0.2926394343376159,0.985057732090354,10.8525974146105,0.8971746798493463,0.6719838021801109,0.1236438048479097,0.2907079646017699,0.2101769911504424,0.2128608697213323,0.3627638761264034,0.4386372087355209,1.0583497832583644,0.5851769911504425,residual,1,x_intent,icgp_rvo_mpc,7,15
four_way_stop,density_v4_interaction_tiers,rvo_multistep_density_v1,main,fixed,8,18680,residual_zero,clean,0.0,0.0,neighbor_gaussian_v1,16246213038985809602,11.0,11.0,121.0,0.0661157024793388,15.125,y,x,11.0,0.7272727272727273,0.6502008438110352,0.6509380340576172,0,0,0,0,0,1.3722586631774902,1,0,0,0,0.6897803544998169,22.08,184,0.202936366200447,0.3797577321529388,0.9788402747362852,13.262606213425896,0.8556104529871726,0.7628771074257953,0.1141700408286693,0.2808423913043478,0.1997282608695652,0.3136934168945173,0.4141199132411376,0.5014889522479928,1.1883938064701534,0.5475543478260869,residual,0,x_passive,residual_passive_rvo_mpc,7,15
four_way_stop,density_v4_interaction_tiers,rvo_multistep_density_v1,main,fixed,8,18680,plain_candidate,low,0.02,0.04,neighbor_gaussian_v1,15369543326829523254,11.0,11.0,121.0,0.0661157024793388,15.125,y,x,11.0,0.7272727272727273,0.6502008438110352,0.6509380340576172,0,0,0,0,0,1.3722586631774902,1,0,0,0,0.6175904273986816,15.96,133,0.180167555809021,0.3735269904136657,0.981214327737689,11.839045355285634,0.9817083007761074,0.7222175767603225,0.0859210526424502,0.3588345864661654,0.2537593984962406,0.11517334111406,0.2684728455341848,0.3263174699616611,1.0110703625804502,0.5695488721804511,plain,1,x_intent,icgp_rvo_mpc,7,15
four_way_stop,density_v4_interaction_tiers,rvo_multistep_density_v1,main,fixed,8,18680,plain_zero,low,0.02,0.04,neighbor_gaussian_v1,15369543326829523254,11.0,11.0,121.0,0.0661157024793388,15.125,y,x,11.0,0.7272727272727273,0.6502008438110352,0.6509380340576172,0,0,0,0,0,1.3722586631774902,1,0,0,0,0.619859516620636,13.44,112,0.2031015306711197,0.3673547804355621,0.9788230527192354,11.004586862036376,1.0489157314462187,0.7246562153865982,0.0918520089336587,0.409375,0.3314732142857143,0.0915916900499932,0.2085421422275249,0.2567953773020833,1.017254203343764,0.5636160714285714,plain,0,x_passive,passive_rvo_mpc,7,15
four_way_stop,density_v4_interaction_tiers,rvo_multistep_density_v1,main,fixed,8,18680,residual_candidate,low,0.02,0.04,neighbor_gaussian_v1,15369543326829523254,11.0,11.0,121.0,0.0661157024793388,15.125,y,x,11.0,0.7272727272727273,0.6502008438110352,0.6509380340576172,0,0,0,0,0,1.3722586631774902,0,0,0,0,0.644737184047699,26.4,220,0.2205841243267059,0.5364550948143005,0.977000180631876,13.132775944108287,0.7346839677542448,0.678902563368055,0.1183931251778796,0.2982954545454545,0.2011363636363636,0.2818936028899837,0.4345776723503051,0.5546137279720809,1.061042156571692,0.5170454545454546,residual,1,x_intent,icgp_rvo_mpc,7,15
four_way_stop,density_v4_interaction_tiers,rvo_multistep_density_v1,main,fixed,8,18680,residual_zero,low,0.02,0.04,neighbor_gaussian_v1,15369543326829523254,11.0,11.0,121.0,0.0661157024793388,15.125,y,x,11.0,0.7272727272727273,0.6502008438110352,0.6509380340576172,0,0,0,0,0,1.3722586631774902,1,0,0,0,0.6435907483100891,12.24,102,0.1884855329990387,0.3625106513500213,0.980347029864788,10.712200757698156,0.9447306307653586,0.6851746748913737,0.1216261029470593,0.3073529411764706,0.2512254901960784,0.2109966060816877,0.3164052006098278,0.3672770289981775,1.0016316273253338,0.5857843137254902,residual,0,x_passive,residual_passive_rvo_mpc,7,15
four_way_stop,density_v4_interaction_tiers,rvo_multistep_density_v1,main,fixed,8,18680,plain_candidate,medium,0.05,0.1,neighbor_gaussian_v1,10696834640654959669,11.0,11.0,121.0,0.0661157024793388,15.125,y,x,11.0,0.7272727272727273,0.6502008438110352,0.6509380340576172,0,0,0,0,0,1.3722586631774902,1,0,0,0,0.6495019197463989,14.28,119,0.1809164881706237,0.3741790652275085,0.9811362382024528,10.93626250543457,1.0869193668751156,0.8530903309583664,0.0966626045562154,0.415546218487395,0.3035714285714285,0.0669331923560455,0.2300309221243032,0.2884723049962597,0.935100316679528,0.6186974789915967,plain,1,x_intent,icgp_rvo_mpc,7,15
four_way_stop,density_v4_interaction_tiers,rvo_multistep_density_v1,main,fixed,8,18680,plain_zero,medium,0.05,0.1,neighbor_gaussian_v1,10696834640654959669,11.0,11.0,121.0,0.0661157024793388,15.125,y,x,11.0,0.7272727272727273,0.6502008438110352,0.6509380340576172,0,0,0,0,0,1.3722586631774902,0,0,0,0,0.7131726145744324,26.4,220,0.2120707482099533,0.571480393409729,0.9778878521174192,12.595742273235372,0.934369029036977,0.9125379000367088,0.0973624431935604,0.2614772727272727,0.2130681818181818,0.305980486887486,0.3912516344927083,0.4297432022249666,1.0484196089140394,0.602840909090909,plain,0,x_passive,passive_rvo_mpc,7,15
four_way_stop,density_v4_interaction_tiers,rvo_multistep_density_v1,main,fixed,8,18680,residual_candidate,medium,0.05,0.1,neighbor_gaussian_v1,10696834640654959669,11.0,11.0,121.0,0.0661157024793388,15.125,y,x,11.0,0.7272727272727273,0.6502008438110352,0.6509380340576172,0,0,0,0,0,1.3722586631774902,1,0,0,0,0.6682851314544678,15.84,132,0.1698083579540252,0.3771103918552398,0.9822944588959216,11.276495378100662,1.0248792821499095,0.8777070104737174,0.1532244319109436,0.3340909090909091,0.2414772727272727,0.2098029698971677,0.3623411477673235,0.4557611990313638,1.0635574281712374,0.5823863636363636,residual,1,x_intent,icgp_rvo_mpc,7,15
four_way_stop,density_v4_interaction_tiers,rvo_multistep_density_v1,main,fixed,8,18680,residual_zero,medium,0.05,0.1,neighbor_gaussian_v1,10696834640654959669,11.0,11.0,121.0,0.0661157024793388,15.125,y,x,11.0,0.7272727272727273,0.6502008438110352,0.6509380340576172,0,0,0,0,0,1.3722586631774902,1,0,0,0,0.6498165130615234,16.08,134,0.180969625711441,0.3674914836883545,0.9811306968331336,11.351510648382828,1.0263740201550189,0.8469694858389114,0.1257783583988289,0.3380597014925373,0.2705223880597014,0.2465217395293276,0.3564644933468315,0.4061426029886716,0.9815961120822538,0.6296641791044776,residual,0,x_passive,residual_passive_rvo_mpc,7,15
four_way_stop,density_v4_interaction_tiers,rvo_multistep_density_v1,main,fixed,8,18680,plain_candidate,high,0.1,0.2,neighbor_gaussian_v1,1784609303978021293,11.0,11.0,121.0,0.0661157024793388,15.125,y,x,11.0,0.7272727272727273,0.6502008438110352,0.6509380340576172,0,0,0,0,0,1.3722586631774902,1,0,0,0,0.6995713114738464,22.44,187,0.1827781349420547,0.3426814675331116,0.980942128226161,12.94016951501544,1.076477651250235,0.9626001679004832,0.0902824203438937,0.3013368983957219,0.2058823529411764,0.1781173047211014,0.3275823066780035,0.3751910858734805,1.0522486204044388,0.5668449197860963,plain,1,x_intent,icgp_rvo_mpc,7,15
four_way_stop,density_v4_interaction_tiers,rvo_multistep_density_v1,main,fixed,8,18680,plain_zero,high,0.1,0.2,neighbor_gaussian_v1,1784609303978021293,11.0,11.0,121.0,0.0661157024793388,15.125,y,x,11.0,0.7272727272727273,0.6502008438110352,0.6509380340576172,0,0,0,0,0,1.3722586631774902,0,0,0,0,0.7325379252433777,26.4,220,0.2110746949911117,0.5930885672569275,0.9779917076230048,13.221765173671884,1.0723458140919155,1.0236638823016124,0.0909983523425498,0.2938636363636364,0.2272727272727272,0.2869987338298234,0.3788258874414236,0.4208290810068139,1.0476035685126075,0.5409090909090909,plain,0,x_passive,passive_rvo_mpc,7,15
four_way_stop,density_v4_interaction_tiers,rvo_multistep_density_v1,main,fixed,8,18680,residual_candidate,high,0.1,0.2,neighbor_gaussian_v1,1784609303978021293,11.0,11.0,121.0,0.0661157024793388,15.125,y,x,11.0,0.7272727272727273,0.6502008438110352,0.6509380340576172,0,0,0,0,0,1.3722586631774902,1,0,0,0,0.6534116864204407,23.16,193,0.1842953413724899,0.3684200048446655,0.9807839319109916,12.538273979247606,0.9801788957104318,0.9036720532518594,0.1154008416918593,0.3379533678756476,0.2648963730569948,0.2648169458106401,0.4201259835075993,0.5218153458173566,1.1255826182979995,0.4935233160621761,residual,1,x_intent,icgp_rvo_mpc,7,15
four_way_stop,density_v4_interaction_tiers,rvo_multistep_density_v1,main,fixed,8,18680,residual_zero,high,0.1,0.2,neighbor_gaussian_v1,1784609303978021293,11.0,11.0,121.0,0.0661157024793388,15.125,y,x,11.0,0.7272727272727273,0.6502008438110352,0.6509380340576172,0,0,0,0,0,1.3722586631774902,1,0,0,0,0.6929494738578796,23.52,196,0.1687850952148437,0.3739148676395416,0.9824011512100695,12.38823120199595,1.013131957957331,0.9846654868095503,0.1194373089303405,0.2950255102040816,0.2315051020408163,0.3128365887522969,0.4129803078910526,0.515482371282973,1.0619382626107154,0.5133928571428571,residual,0,x_passive,residual_passive_rvo_mpc,7,15
corridor,density_v4_interaction_tiers,rvo_multistep_density_v1,main,fixed,4,14140,plain_candidate,clean,0.0,0.0,neighbor_gaussian_v1,968730783039911364,12.0,5.4,64.80000000000001,0.0617283950617283,16.200000000000003,x,y,4.140000000000001,0.9661835748792268,0.9610376358032228,0.9752588272094728,0,0,0,0,0,1.201078333854675,1,0,0,0,0.5400606989860535,12.72,106,0.1103695258498191,0.3373172283172607,0.9892243426293136,11.733878372586332,0.6226168322104539,0.4270935598409401,0.1626863206938822,0.1900943396226415,0.1273584905660377,0.2141799431184377,0.3450864387163014,0.3852331417433496,0.5472379489692877,0.7287735849056604,plain,1,x_intent,icgp_rvo_mpc,7,16
corridor,density_v4_interaction_tiers,rvo_multistep_density_v1,main,fixed,4,14140,plain_zero,clean,0.0,0.0,neighbor_gaussian_v1,968730783039911364,12.0,5.4,64.80000000000001,0.0617283950617283,16.200000000000003,x,y,4.140000000000001,0.9661835748792268,0.9610376358032228,0.9752588272094728,0,0,0,0,0,1.201078333854675,1,0,0,0,0.557983934879303,13.08,109,0.1117429509758949,0.3167396187782287,0.9890902517363428,11.855411685537549,0.6463001229492691,0.413656695207598,0.1736584862046917,0.1885321100917431,0.1651376146788991,0.2387002185496305,0.3477639318961615,0.3900037337142393,0.505003048635404,0.676605504587156,plain,0,x_passive,passive_rvo_mpc,7,16
corridor,density_v4_interaction_tiers,rvo_multistep_density_v1,main,fixed,4,14140,residual_candidate,clean,0.0,0.0,neighbor_gaussian_v1,968730783039911364,12.0,5.4,64.80000000000001,0.0617283950617283,16.200000000000003,x,y,4.140000000000001,0.9661835748792268,0.9610376358032228,0.9752588272094728,0,0,0,0,0,1.201078333854675,1,0,0,0,0.6876233816146851,12.84,107,0.0921115353703498,0.3058388233184814,0.991006917320192,10.490253246796785,0.5915161198936403,0.3685103290470612,0.2381394851994135,0.2560747663551402,0.1892523364485981,0.1658076791273795,0.3311562194083338,0.3622797753264971,0.6563284173280557,0.3014018691588785,residual,1,x_intent,icgp_rvo_mpc,7,16
corridor,density_v4_interaction_tiers,rvo_multistep_density_v1,main,fixed,4,14140,residual_zero,clean,0.0,0.0,neighbor_gaussian_v1,968730783039911364,12.0,5.4,64.80000000000001,0.0617283950617283,16.200000000000003,x,y,4.140000000000001,0.9661835748792268,0.9610376358032228,0.9752588272094728,0,0,0,0,0,1.201078333854675,1,0,0,0,0.6812043786048889,11.88,99,0.1263075470924377,0.3306888043880462,0.9876682739704848,10.644688582659,0.6841941980546284,0.4555423059171498,0.2373805561519199,0.2742424242424242,0.2045454545454545,0.2297936432024068,0.3419357655671509,0.378998783126925,0.6272528668485506,0.4747474747474747,residual,0,x_passive,residual_passive_rvo_mpc,7,16
corridor,density_v4_interaction_tiers,rvo_multistep_density_v1,main,fixed,4,14140,plain_candidate,low,0.02,0.04,neighbor_gaussian_v1,989525692728166917,12.0,5.4,64.80000000000001,0.0617283950617283,16.200000000000003,x,y,4.140000000000001,0.9661835748792268,0.9610376358032228,0.9752588272094728,0,0,0,0,0,1.201078333854675,1,0,0,0,0.5302940607070923,12.72,106,0.108352281153202,0.3289859592914581,0.9894212922081352,11.80639018776128,0.6405145423398968,0.4971932449009059,0.2034235838196627,0.1886792452830188,0.125,0.2045071534227298,0.3335571028390583,0.3722678745003804,0.5367903612188574,0.7523584905660378,plain,1,x_intent,icgp_rvo_mpc,7,16
corridor,density_v4_interaction_tiers,rvo_multistep_density_v1,main,fixed,4,14140,plain_zero,low,0.02,0.04,neighbor_gaussian_v1,989525692728166917,12.0,5.4,64.80000000000001,0.0617283950617283,16.200000000000003,x,y,4.140000000000001,0.9661835748792268,0.9610376358032228,0.9752588272094728,0,0,0,0,0,1.201078333854675,1,0,1,0,0.486093133687973,13.2,110,0.1098526716232299,0.3167263269424438,0.989274804480374,11.784854340425229,0.6907857925821603,0.4567943698303266,0.1794390905574387,0.1777272727272727,0.1454545454545454,0.2343433106521314,0.344444384008646,0.3991428008391098,0.4896238653321157,0.6863636363636364,plain,0,x_passive,passive_rvo_mpc,7,16
corridor,density_v4_interaction_tiers,rvo_multistep_density_v1,main,fixed,4,14140,residual_candidate,low,0.02,0.04,neighbor_gaussian_v1,989525692728166917,12.0,5.4,64.80000000000001,0.0617283950617283,16.200000000000003,x,y,4.140000000000001,0.9661835748792268,0.9610376358032228,0.9752588272094728,0,0,0,0,0,1.201078333854675,1,0,0,0,0.7196860313415527,12.6,105,0.1260697245597839,0.2939720153808594,0.9876914927735924,10.907802419445945,0.5825271326937669,0.4346187345018344,0.2396523811122668,0.2538095238095238,0.1833333333333333,0.1808567587034333,0.3277575947862295,0.362292324142087,0.5937868983603658,0.3952380952380952,residual,1,x_intent,icgp_rvo_mpc,7,16
corridor,density_v4_interaction_tiers,rvo_multistep_density_v1,main,fixed,4,14140,residual_zero,low,0.02,0.04,neighbor_gaussian_v1,989525692728166917,12.0,5.4,64.80000000000001,0.0617283950617283,16.200000000000003,x,y,4.140000000000001,0.9661835748792268,0.9610376358032228,0.9752588272094728,0,0,0,0,0,1.201078333854675,1,0,0,0,0.653784453868866,13.44,112,0.1387035250663757,0.3737508058547973,0.9864580230787396,10.798521735923714,0.6694253876131759,0.4586385185705564,0.3387078131709131,0.253125,0.1875,0.1954633509886583,0.3156835593788751,0.3560086628874498,0.6328265904941197,0.3214285714285714,residual,0,x_passive,residual_passive_rvo_mpc,7,16
corridor,density_v4_interaction_tiers,rvo_multistep_density_v1,main,fixed,4,14140,plain_candidate,medium,0.05,0.1,neighbor_gaussian_v1,11150893802783029565,12.0,5.4,64.80000000000001,0.0617283950617283,16.200000000000003,x,y,4.140000000000001,0.9661835748792268,0.9610376358032228,0.9752588272094728,0,0,0,0,0,1.201078333854675,1,0,0,0,0.6689937114715576,11.88,99,0.1439989358186721,0.375417947769165,0.9859410179778934,10.944616800290532,0.8128645732020489,0.6690791085682283,0.2062464636489466,0.1954545454545454,0.1338383838383838,0.1950212966687412,0.3309349741192177,0.3655409521632122,0.549257753404102,0.7323232323232324,plain,1,x_intent,icgp_rvo_mpc,7,16
corridor,density_v4_interaction_tiers,rvo_multistep_density_v1,main,fixed,4,14140,plain_zero,medium,0.05,0.1,neighbor_gaussian_v1,11150893802783029565,12.0,5.4,64.80000000000001,0.0617283950617283,16.200000000000003,x,y,4.140000000000001,0.9661835748792268,0.9610376358032228,0.9752588272094728,0,0,0,0,0,1.201078333854675,1,0,0,0,0.6874766945838928,11.28,94,0.1327358931303024,0.3329035341739654,0.9870406575500964,10.673011740436776,0.7668298415522626,0.6800207650249309,0.1647962768750384,0.1792553191489361,0.1329787234042553,0.2532332295532081,0.3712289970764454,0.4068254023124562,0.5589035732949035,0.7127659574468085,plain,0,x_passive,passive_rvo_mpc,7,16
corridor,density_v4_interaction_tiers,rvo_multistep_density_v1,main,fixed,4,14140,residual_candidate,medium,0.05,0.1,neighbor_gaussian_v1,11150893802783029565,12.0,5.4,64.80000000000001,0.0617283950617283,16.200000000000003,x,y,4.140000000000001,0.9661835748792268,0.9610376358032228,0.9752588272094728,0,0,0,0,0,1.201078333854675,1,0,0,0,0.7445240616798401,13.08,109,0.1154321134090423,0.2934077978134155,0.988730070181191,10.97922016152006,0.6541465636441023,0.4771651538012019,0.257678211259724,0.2399082568807339,0.1788990825688073,0.1876521063399492,0.3356951915137811,0.3672242544400035,0.5940030627813907,0.4013761467889908,residual,1,x_intent,icgp_rvo_mpc,7,16
corridor,density_v4_interaction_tiers,rvo_multistep_density_v1,main,fixed,4,14140,residual_zero,medium,0.05,0.1,neighbor_gaussian_v1,11150893802783029565,12.0,5.4,64.80000000000001,0.0617283950617283,16.200000000000003,x,y,4.140000000000001,0.9661835748792268,0.9610376358032228,0.9752588272094728,0,0,0,0,0,1.201078333854675,1,0,0,0,0.7366361021995544,12.84,107,0.1388842612504959,0.3764833807945251,0.9864403773099184,10.72404312324943,0.653756008735884,0.4888989630277121,0.241447897398383,0.2537383177570093,0.1939252336448598,0.2069283723633597,0.325033255399109,0.3580425894552859,0.6202441448001104,0.3247663551401869,residual,0,x_passive,residual_passive_rvo_mpc,7,16
corridor,density_v4_interaction_tiers,rvo_multistep_density_v1,main,fixed,4,14140,plain_candidate,high,0.1,0.2,neighbor_gaussian_v1,17811378635763233425,12.0,5.4,64.80000000000001,0.0617283950617283,16.200000000000003,x,y,4.140000000000001,0.9661835748792268,0.9610376358032228,0.9752588272094728,0,0,0,0,0,1.201078333854675,1,0,0,0,0.7690511345863342,12.12,101,0.1189922839403152,0.3311318159103393,0.9883824810385704,10.710843258013483,0.7824230160803931,0.6244665125182064,0.1901066838994179,0.2163366336633663,0.099009900990099,0.1882162258194961,0.3526999833560225,0.399688498247968,0.6025037711740721,0.495049504950495,plain,1,x_intent,icgp_rvo_mpc,7,16
corridor,density_v4_interaction_tiers,rvo_multistep_density_v1,main,fixed,4,14140,plain_zero,high,0.1,0.2,neighbor_gaussian_v1,17811378635763233425,12.0,5.4,64.80000000000001,0.0617283950617283,16.200000000000003,x,y,4.140000000000001,0.9661835748792268,0.9610376358032228,0.9752588272094728,0,0,0,0,0,1.201078333854675,1,0,0,0,0.742586076259613,11.4,95,0.148928090929985,0.3383063375949859,0.9854597728699446,10.750051873503253,0.9374803321534082,0.7970101634971798,0.1998513157320159,0.2326315789473684,0.1552631578947368,0.2235660530677751,0.3386585154674555,0.3826908874982281,0.5536091451315504,0.5631578947368421,plain,0,x_passive,passive_rvo_mpc,7,16
corridor,density_v4_interaction_tiers,rvo_multistep_density_v1,main,fixed,4,14140,residual_candidate,high,0.1,0.2,neighbor_gaussian_v1,17811378635763233425,12.0,5.4,64.80000000000001,0.0617283950617283,16.200000000000003,x,y,4.140000000000001,0.9661835748792268,0.9610376358032228,0.9752588272094728,0,0,0,0,0,1.201078333854675,1,0,0,0,0.8031237125396729,11.28,94,0.180713266134262,0.2865437567234039,0.9823565054684876,10.469029403990136,0.7446332029760518,0.629165948968024,0.2555486712384315,0.2287234042553191,0.1489361702127659,0.2484483904791797,0.3898673294421205,0.4316505343260917,0.6666546518403165,0.5319148936170213,residual,1,x_intent,icgp_rvo_mpc,7,16
corridor,density_v4_interaction_tiers,rvo_multistep_density_v1,main,fixed,4,14140,residual_zero,high,0.1,0.2,neighbor_gaussian_v1,17811378635763233425,12.0,5.4,64.80000000000001,0.0617283950617283,16.200000000000003,x,y,4.140000000000001,0.9661835748792268,0.9610376358032228,0.9752588272094728,0,0,0,0,0,1.201078333854675,1,0,0,0,0.7583497166633606,11.64,97,0.1427290737628936,0.3619391322135925,0.986064998432994,10.60364366020076,0.7829814772169614,0.6197572390491277,0.2412206192378473,0.2556701030927835,0.2010309278350515,0.253575706158371,0.3623614877316446,0.3948358472667096,0.6425891135279667,0.440721649484536,residual,0,x_passive,residual_passive_rvo_mpc,7,16
corridor,density_v4_interaction_tiers,rvo_multistep_density_v1,main,fixed,8,18140,plain_candidate,clean,0.0,0.0,neighbor_gaussian_v1,6558237073243396144,12.0,5.4,64.80000000000001,0.1234567901234567,8.100000000000001,x,y,4.140000000000001,1.9323671497584536,0.9870486259460448,0.9870672225952148,0,0,0,0,0,0.6870824694633484,0,0,0,0,0.6206899285316467,26.4,220,0.7150257229804993,1.188937067985535,0.9293654337525368,14.421432453818852,1.0258650275116616,1.0241790717298334,0.0949018747302365,0.6407954545454545,0.4789772727272727,-0.1397841056818248,0.019053858030926,0.0253750712729313,0.4279572707082739,0.8,plain,1,x_intent,icgp_rvo_mpc,7,16
corridor,density_v4_interaction_tiers,rvo_multistep_density_v1,main,fixed,8,18140,plain_zero,clean,0.0,0.0,neighbor_gaussian_v1,6558237073243396144,12.0,5.4,64.80000000000001,0.1234567901234567,8.100000000000001,x,y,4.140000000000001,1.9323671497584536,0.9870486259460448,0.9870672225952148,0,0,0,0,0,0.6870824694633484,0,0,0,0,0.5887965559959412,26.4,220,0.724211573600769,1.0435833930969238,0.928457997739315,14.124293342632882,0.9303384760564024,0.9116038824346931,0.1002048863897057,0.5211363636363636,0.36875,-0.0784719505958703,0.0390537742287428,0.0432637084511701,0.448862739743157,0.7892045454545454,plain,0,x_passive,passive_rvo_mpc,7,16
corridor,density_v4_interaction_tiers,rvo_multistep_density_v1,main,fixed,8,18140,residual_candidate,clean,0.0,0.0,neighbor_gaussian_v1,6558237073243396144,12.0,5.4,64.80000000000001,0.1234567901234567,8.100000000000001,x,y,4.140000000000001,1.9323671497584536,0.9870486259460448,0.9870672225952148,0,0,0,0,0,0.6870824694633484,0,0,0,0,0.6158405542373657,26.4,220,0.5305905342102051,1.1936378479003906,0.9475850574672222,15.481935756630264,0.8338028462434357,0.8814615189690481,0.1167452273710461,0.3842045454545454,0.2539772727272727,-0.0063556290955113,0.1410778238068927,0.1539130323329432,0.445674642034891,0.8028409090909091,residual,1,x_intent,icgp_rvo_mpc,7,16
corridor,density_v4_interaction_tiers,rvo_multistep_density_v1,main,fixed,8,18140,residual_zero,clean,0.0,0.0,neighbor_gaussian_v1,6558237073243396144,12.0,5.4,64.80000000000001,0.1234567901234567,8.100000000000001,x,y,4.140000000000001,1.9323671497584536,0.9870486259460448,0.9870672225952148,0,0,0,0,0,0.6870824694633484,0,0,0,0,0.6405172348022461,26.4,220,0.6904522776603699,0.9552194476127625,0.9317929446697236,14.226531980457366,0.9473221394826066,0.9242675543508746,0.1107778976967727,0.42375,0.2971590909090909,-0.0234376786404331,0.0821966735758733,0.0897670781460844,0.4505516310984438,0.7568181818181818,residual,0,x_passive,residual_passive_rvo_mpc,7,16
corridor,density_v4_interaction_tiers,rvo_multistep_density_v1,main,fixed,8,18140,plain_candidate,low,0.02,0.04,neighbor_gaussian_v1,4553963856328620589,12.0,5.4,64.80000000000001,0.1234567901234567,8.100000000000001,x,y,4.140000000000001,1.9323671497584536,0.9870486259460448,0.9870672225952148,0,0,0,0,0,0.6870824694633484,0,0,0,0,0.6476923227310181,26.4,220,0.7633342146873474,1.6415444612503052,0.924593225121498,14.30955174661358,0.9285836380313744,0.97129859382456,0.0873832951170201,0.6228409090909091,0.4482954545454545,-0.1500451304869493,0.0354759167324412,0.0432936073710972,0.4865288371484388,0.7585227272727273,plain,1,x_intent,icgp_rvo_mpc,7,16
corridor,density_v4_interaction_tiers,rvo_multistep_density_v1,main,fixed,8,18140,plain_zero,low,0.02,0.04,neighbor_gaussian_v1,4553963856328620589,12.0,5.4,64.80000000000001,0.1234567901234567,8.100000000000001,x,y,4.140000000000001,1.9323671497584536,0.9870486259460448,0.9870672225952148,0,0,0,0,0,0.6870824694633484,0,0,0,0,0.5563819408416748,26.4,220,0.70316481590271,1.4727565050125122,0.9305371269583702,14.115520295104943,0.9848721498115496,0.9296758584000848,0.0882146021467633,0.5479545454545455,0.4272727272727272,-0.0914261000235776,0.0330994882837615,0.0418821595632894,0.4564072718522089,0.7215909090909091,plain,0,x_passive,passive_rvo_mpc,7,16
corridor,density_v4_interaction_tiers,rvo_multistep_density_v1,main,fixed,8,18140,residual_candidate,low,0.02,0.04,neighbor_gaussian_v1,4553963856328620589,12.0,5.4,64.80000000000001,0.1234567901234567,8.100000000000001,x,y,4.140000000000001,1.9323671497584536,0.9870486259460448,0.9870672225952148,0,0,0,0,0,0.6870824694633484,0,0,0,0,0.6178759932518005,26.4,220,0.7606468200683594,1.5918339490890503,0.9248587042093276,13.631861984600391,0.9485985607586124,0.9924777140671556,0.1051682953071907,0.4338636363636363,0.3096590909090909,-0.0516568725262345,0.094389302837239,0.0988714920563453,0.4827832191999664,0.8079545454545455,residual,1,x_intent,icgp_rvo_mpc,7,16
corridor,density_v4_interaction_tiers,rvo_multistep_density_v1,main,fixed,8,18140,residual_zero,low,0.02,0.04,neighbor_gaussian_v1,4553963856328620589,12.0,5.4,64.80000000000001,0.1234567901234567,8.100000000000001,x,y,4.140000000000001,1.9323671497584536,0.9870486259460448,0.9870672225952148,0,0,0,0,0,0.6870824694633484,0,0,0,0,0.6293942928314209,26.4,220,0.6402371525764465,1.5211321115493774,0.9367534965276718,13.854048634028004,0.8640945951369676,0.8939249174161391,0.1013006818538997,0.47625,0.35,-0.0572909875849092,0.0480757713515141,0.0504594543522901,0.4762927452847362,0.8113636363636364,residual,0,x_passive,residual_passive_rvo_mpc,7,16
corridor,density_v4_interaction_tiers,rvo_multistep_density_v1,main,fixed,8,18140,plain_candidate,medium,0.05,0.1,neighbor_gaussian_v1,11547886136194082304,12.0,5.4,64.80000000000001,0.1234567901234567,8.100000000000001,x,y,4.140000000000001,1.9323671497584536,0.9870486259460448,0.9870672225952148,0,0,0,0,0,0.6870824694633484,0,0,0,0,0.6694371104240417,26.4,220,0.7221236228942871,1.3365225791931152,0.9286642596125604,14.452681126014795,1.2224438394335184,1.2274851880290292,0.1068714207411341,0.6331818181818182,0.4568181818181818,-0.1602328594609862,0.0089624221529811,0.013049014609815,0.4533352638760751,0.7784090909090909,plain,1,x_intent,icgp_rvo_mpc,7,16
corridor,density_v4_interaction_tiers,rvo_multistep_density_v1,main,fixed,8,18140,plain_zero,medium,0.05,0.1,neighbor_gaussian_v1,11547886136194082304,12.0,5.4,64.80000000000001,0.1234567901234567,8.100000000000001,x,y,4.140000000000001,1.9323671497584536,0.9870486259460448,0.9870672225952148,0,0,0,0,0,0.6870824694633484,0,0,0,0,0.6063486337661743,26.4,220,0.712806761264801,1.4451448917388916,0.9295846372842788,14.67311732408416,1.1537546611645004,1.090446559949355,0.0953435227777597,0.5820454545454545,0.4551136363636364,-0.1083849707244239,0.0130594177773137,0.0201273562552999,0.4188553200926293,0.7056818181818182,plain,0,x_passive,passive_rvo_mpc,7,16
corridor,density_v4_interaction_tiers,rvo_multistep_density_v1,main,fixed,8,18140,residual_candidate,medium,0.05,0.1,neighbor_gaussian_v1,11547886136194082304,12.0,5.4,64.80000000000001,0.1234567901234567,8.100000000000001,x,y,4.140000000000001,1.9323671497584536,0.9870486259460448,0.9870672225952148,0,0,0,0,0,0.6870824694633484,0,0,0,0,0.6783536076545715,26.4,220,0.6614282727241516,1.1374266147613523,0.9346601143479348,14.793297560172505,1.274774325435812,1.302906446158886,0.1130863069358218,0.4401136363636364,0.3119318181818182,-0.060423017405545,0.0873297020913186,0.0977385766247118,0.4477686250805855,0.8210227272727273,residual,1,x_intent,icgp_rvo_mpc,7,16
corridor,density_v4_interaction_tiers,rvo_multistep_density_v1,main,fixed,8,18140,residual_zero,medium,0.05,0.1,neighbor_gaussian_v1,11547886136194082304,12.0,5.4,64.80000000000001,0.1234567901234567,8.100000000000001,x,y,4.140000000000001,1.9323671497584536,0.9870486259460448,0.9870672225952148,0,0,0,0,0,0.6870824694633484,0,0,0,0,0.6443809866905212,26.4,220,0.7838101387023926,1.571441888809204,0.922570489346981,14.978340967812985,1.2034431234002114,1.254028199206699,0.1158684657143153,0.4486363636363636,0.3232954545454545,-0.0346509534112304,0.0764522444858977,0.0868311798602173,0.4490005139847371,0.8198863636363637,residual,0,x_passive,residual_passive_rvo_mpc,7,16
corridor,density_v4_interaction_tiers,rvo_multistep_density_v1,main,fixed,8,18140,plain_candidate,high,0.1,0.2,neighbor_gaussian_v1,17628969857909741783,12.0,5.4,64.80000000000001,0.1234567901234567,8.100000000000001,x,y,4.140000000000001,1.9323671497584536,0.9870486259460448,0.9870672225952148,0,0,0,0,0,0.6870824694633484,0,1,1,0,0.4191693365573883,26.4,220,0.7109614610671997,1.1745117902755735,0.9297669231891632,15.494407158788816,1.4908682483163749,1.369484181837602,0.0948724432832519,0.4663636363636363,0.31875,-0.0738862882904412,0.0911793776748871,0.1179020295229486,0.4322339563869279,0.7255681818181818,plain,1,x_intent,icgp_rvo_mpc,7,16
corridor,density_v4_interaction_tiers,rvo_multistep_density_v1,main,fixed,8,18140,plain_zero,high,0.1,0.2,neighbor_gaussian_v1,17628969857909741783,12.0,5.4,64.80000000000001,0.1234567901234567,8.100000000000001,x,y,4.140000000000001,1.9323671497584536,0.9870486259460448,0.9870672225952148,0,0,0,0,0,0.6870824694633484,0,0,0,0,0.5889433026313782,26.4,220,0.6573333740234375,1.4614994525909424,0.9350646287202836,15.377107763895763,1.4619282856583595,1.403541812300682,0.0885508522597691,0.447840909090909,0.3448863636363636,-0.042752031040198,0.0573638841395096,0.0691160349006425,0.4365492844226008,0.7511363636363636,plain,0,x_passive,passive_rvo_mpc,7,16
corridor,density_v4_interaction_tiers,rvo_multistep_density_v1,main,fixed,8,18140,residual_candidate,high,0.1,0.2,neighbor_gaussian_v1,17628969857909741783,12.0,5.4,64.80000000000001,0.1234567901234567,8.100000000000001,x,y,4.140000000000001,1.9323671497584536,0.9870486259460448,0.9870672225952148,0,0,0,0,0,0.6870824694633484,0,0,0,0,0.6051490306854248,26.4,220,0.6776218414306641,1.193501353263855,0.9330604150891304,14.673828013706952,1.4463915020227431,1.4430262944915078,0.1103977272247324,0.485,0.3465909090909091,-0.0929597350717628,0.0623303693439811,0.0688678508849645,0.4354892324730754,0.7943181818181818,residual,1,x_intent,icgp_rvo_mpc,7,16
corridor,density_v4_interaction_tiers,rvo_multistep_density_v1,main,fixed,8,18140,residual_zero,high,0.1,0.2,neighbor_gaussian_v1,17628969857909741783,12.0,5.4,64.80000000000001,0.1234567901234567,8.100000000000001,x,y,4.140000000000001,1.9323671497584536,0.9870486259460448,0.9870672225952148,0,0,0,0,0,0.6870824694633484,0,0,0,0,0.5660792589187622,26.4,220,0.6468607783317566,1.4185711145401,0.9360991790890694,13.844154535003328,1.3710425382310694,1.3594742845405232,0.1129122161893809,0.48,0.3761363636363636,-0.0687628336259989,0.0466565222296525,0.0575798495886,0.4268747393597257,0.75,residual,0,x_passive,residual_passive_rvo_mpc,7,16
narrow_gate,density_v4_interaction_tiers,rvo_multistep_density_v1,main,fixed,4,14449,plain_candidate,clean,0.0,0.0,neighbor_gaussian_v1,4493144956648096023,12.0,8.0,96.0,0.0416666666666666,24.0,x,y,2.2,1.818181818181818,0.800940990447998,0.8751530647277832,0,0,0,0,0,2.781687498092652,0,0,0,0,0.8012381705913629,26.4,220,1.729167103767395,6.803699016571045,0.8359193354845047,12.663950789443334,0.661507302127641,0.4931058224217673,0.1668040911185513,0.2838636363636364,0.0977272727272727,0.5469675246529354,0.7477007754666523,0.7616504559871398,1.289033812757121,0.4477272727272727,plain,1,x_intent,icgp_rvo_mpc,7,16
narrow_gate,density_v4_interaction_tiers,rvo_multistep_density_v1,main,fixed,4,14449,plain_zero,clean,0.0,0.0,neighbor_gaussian_v1,4493144956648096023,12.0,8.0,96.0,0.0416666666666666,24.0,x,y,2.2,1.818181818181818,0.800940990447998,0.8751530647277832,0,0,0,0,0,2.781687498092652,0,0,0,0,0.8012381705913629,26.4,220,3.737086057662964,8.146354675292969,0.6453878879547119,10.522782277363149,0.6851822169156963,0.6224067768000002,0.1555118179980623,0.3929545454545454,0.1022727272727272,0.2071637082722345,0.3614038902691742,0.3697337717929832,0.7300799148099109,0.6363636363636364,plain,0,x_passive,passive_rvo_mpc,7,16
narrow_gate,density_v4_interaction_tiers,rvo_multistep_density_v1,main,fixed,4,14449,residual_candidate,clean,0.0,0.0,neighbor_gaussian_v1,4493144956648096023,12.0,8.0,96.0,0.0416666666666666,24.0,x,y,2.2,1.818181818181818,0.800940990447998,0.8751530647277832,0,0,0,0,0,2.781687498092652,0,0,0,0,0.8012381705913629,26.4,220,1.7423908710479736,6.819142818450928,0.834664523601532,12.763661218712514,0.80051198215753,0.6310625038554215,0.2074090913414362,0.2245454545454545,0.0488636363636363,0.6099181115784736,0.767513602428295,0.8107453238667262,1.0469521770923926,0.525,residual,1,x_intent,icgp_rvo_mpc,7,16
narrow_gate,density_v4_interaction_tiers,rvo_multistep_density_v1,main,fixed,4,14449,residual_zero,clean,0.0,0.0,neighbor_gaussian_v1,4493144956648096023,12.0,8.0,96.0,0.0416666666666666,24.0,x,y,2.2,1.818181818181818,0.800940990447998,0.8751530647277832,0,0,0,0,0,2.781687498092652,0,0,0,0,0.8012381705913629,26.4,220,1.7781893014907837,6.926840305328369,0.8312676101922989,12.883342635563167,0.769692357658906,0.6350929612019823,0.2274767049874009,0.2347727272727272,0.05,0.5686052829899281,0.6932050989011187,0.7386324106410324,0.9629355844266212,0.5488636363636363,residual,0,x_passive,residual_passive_rvo_mpc,7,16
narrow_gate,density_v4_interaction_tiers,rvo_multistep_density_v1,main,fixed,4,14449,plain_candidate,low,0.02,0.04,neighbor_gaussian_v1,1426019973632968321,12.0,8.0,96.0,0.0416666666666666,24.0,x,y,2.2,1.818181818181818,0.800940990447998,0.8751530647277832,0,0,0,0,0,2.781687498092652,0,0,0,0,0.8013858608196431,26.4,220,1.6969071626663208,6.595934867858887,0.8389804810285568,13.65104101095858,0.8236043225086178,0.6753172644298739,0.1869095462924716,0.3286363636363636,0.1272727272727272,0.267921420320273,0.4626864961191129,0.4762521788737356,0.9689194681087904,0.5659090909090909,plain,1,x_intent,icgp_rvo_mpc,7,16
narrow_gate,density_v4_interaction_tiers,rvo_multistep_density_v1,main,fixed,4,14449,plain_zero,low,0.02,0.04,neighbor_gaussian_v1,1426019973632968321,12.0,8.0,96.0,0.0416666666666666,24.0,x,y,2.2,1.818181818181818,0.800940990447998,0.8751530647277832,0,0,0,0,0,2.781687498092652,0,0,0,0,0.8006685677756572,26.4,220,1.870761752128601,7.287374973297119,0.8224834054708481,12.689841313953366,0.6416554749266652,0.5134484703813955,0.1825031815811102,0.3602272727272727,0.1579545454545454,0.2966568400990104,0.4272605437819819,0.4367163282070471,1.0000705727857724,0.5375,plain,0,x_passive,passive_rvo_mpc,7,16
narrow_gate,density_v4_interaction_tiers,rvo_multistep_density_v1,main,fixed,4,14449,residual_candidate,low,0.02,0.04,neighbor_gaussian_v1,1426019973632968321,12.0,8.0,96.0,0.0416666666666666,24.0,x,y,2.2,1.818181818181818,0.800940990447998,0.8751530647277832,0,0,0,0,0,2.781687498092652,0,0,0,0,0.8013858608196431,26.4,220,1.764451503753662,6.8176798820495605,0.8325711935758591,13.702683626292128,0.8130952933700014,0.6498696293131533,0.2218239775340242,0.1927272727272727,0.0477272727272727,0.654328340064839,0.8048052352591958,0.8530336676076709,1.041363398558616,0.5738636363636364,residual,1,x_intent,icgp_rvo_mpc,7,16
narrow_gate,density_v4_interaction_tiers,rvo_multistep_density_v1,main,fixed,4,14449,residual_zero,low,0.02,0.04,neighbor_gaussian_v1,1426019973632968321,12.0,8.0,96.0,0.0416666666666666,24.0,x,y,2.2,1.818181818181818,0.800940990447998,0.8751530647277832,0,0,0,0,0,2.781687498092652,0,0,0,0,0.7257310152053833,26.4,220,1.697975993156433,6.493723392486572,0.8388790488243103,15.997712971227884,0.9830237631040456,0.812707292969157,0.2321305685406762,0.2993181818181818,0.1625,0.2701130473949452,0.3725305399086174,0.3924717031002854,0.668933658133434,0.6420454545454546,residual,0,x_passive,residual_passive_rvo_mpc,7,16
narrow_gate,density_v4_interaction_tiers,rvo_multistep_density_v1,main,fixed,4,14449,plain_candidate,medium,0.05,0.1,neighbor_gaussian_v1,15651223210679561270,12.0,8.0,96.0,0.0416666666666666,24.0,x,y,2.2,1.818181818181818,0.800940990447998,0.8751530647277832,0,0,0,0,0,2.781687498092652,0,0,0,0,0.8117958307266235,26.4,220,1.725772261619568,6.785660266876221,0.8362414687871933,12.24672627739892,0.7544770507618204,0.6232988684391586,0.1637853415476539,0.2643181818181818,0.0477272727272727,0.4383075476065277,0.621326338444369,0.6419483079711283,1.1663342797305831,0.4875,plain,1,x_intent,icgp_rvo_mpc,7,16
narrow_gate,density_v4_interaction_tiers,rvo_multistep_density_v1,main,fixed,4,14449,plain_zero,medium,0.05,0.1,neighbor_gaussian_v1,15651223210679561270,12.0,8.0,96.0,0.0416666666666666,24.0,x,y,2.2,1.818181818181818,0.800940990447998,0.8751530647277832,0,0,0,0,0,2.781687498092652,1,0,0,0,0.5716146230697632,23.16,193,0.120016798377037,0.29866424202919,0.9886116059497,16.465909932558134,0.9883743054354128,0.7969579430371813,0.1721238341047356,0.1704663212435233,0.0906735751295336,0.4666071234106295,0.5642214709468265,0.6182414323867302,1.007644417297363,0.5103626943005182,plain,0,x_passive,passive_rvo_mpc,7,16
narrow_gate,density_v4_interaction_tiers,rvo_multistep_density_v1,main,fixed,4,14449,residual_candidate,medium,0.05,0.1,neighbor_gaussian_v1,15651223210679561270,12.0,8.0,96.0,0.0416666666666666,24.0,x,y,2.2,1.818181818181818,0.800940990447998,0.8751530647277832,0,0,0,0,0,2.781687498092652,0,0,0,0,0.7976818680763245,26.4,220,1.709716796875,6.721334934234619,0.8377649635076523,12.480000126008235,0.8143931206220507,0.7065258611240566,0.2097810227000578,0.2615909090909091,0.1147727272727272,0.6934094102846362,0.8393018125259097,0.8497073635541752,1.1524857035163911,0.4863636363636364,residual,1,x_intent,icgp_rvo_mpc,7,16
narrow_gate,density_v4_interaction_tiers,rvo_multistep_density_v1,main,fixed,4,14449,residual_zero,medium,0.05,0.1,neighbor_gaussian_v1,15651223210679561270,12.0,8.0,96.0,0.0416666666666666,24.0,x,y,2.2,1.818181818181818,0.800940990447998,0.8751530647277832,0,0,0,0,0,2.781687498092652,1,0,0,0,0.8244449496269226,23.52,196,0.1188975274562835,0.3211193382740021,0.9887178130447865,16.009786417809664,0.8897087545189365,0.7136177130588858,0.1967179844968439,0.1563775510204081,0.0841836734693877,0.7267235658528957,0.8247040339402872,0.8484472821775214,1.1891070711288214,0.4489795918367347,residual,0,x_passive,residual_passive_rvo_mpc,7,16
narrow_gate,density_v4_interaction_tiers,rvo_multistep_density_v1,main,fixed,4,14449,plain_candidate,high,0.1,0.2,neighbor_gaussian_v1,2302746344548087349,12.0,8.0,96.0,0.0416666666666666,24.0,x,y,2.2,1.818181818181818,0.800940990447998,0.8751530647277832,0,0,0,0,0,2.781687498092652,0,0,0,0,0.665899395942688,26.4,220,1.1015795469284058,4.293419361114502,0.8954711109399796,12.21011006351182,0.7681661018051356,0.6539215412295148,0.2003094314370008,0.265,0.1045454545454545,0.481806043915343,0.6639198055974833,0.6787818312440045,1.1739134417779682,0.475,plain,1,x_intent,icgp_rvo_mpc,7,16
narrow_gate,density_v4_interaction_tiers,rvo_multistep_density_v1,main,fixed,4,14449,plain_zero,high,0.1,0.2,neighbor_gaussian_v1,2302746344548087349,12.0,8.0,96.0,0.0416666666666666,24.0,x,y,2.2,1.818181818181818,0.800940990447998,0.8751530647277832,0,0,0,0,0,2.781687498092652,1,0,0,0,0.7873828411102295,21.84,182,0.1163068711757659,0.3690764009952545,0.9889636402949692,13.321238749980694,1.001619497168896,0.7864909391635313,0.2051457416670458,0.3373626373626374,0.2252747252747252,0.3345873106384186,0.4539801005832186,0.492144058502116,0.9386090468494098,0.5178571428571429,plain,0,x_passive,passive_rvo_mpc,7,16
narrow_gate,density_v4_interaction_tiers,rvo_multistep_density_v1,main,fixed,4,14449,residual_candidate,high,0.1,0.2,neighbor_gaussian_v1,2302746344548087349,12.0,8.0,96.0,0.0416666666666666,24.0,x,y,2.2,1.818181818181818,0.800940990447998,0.8751530647277832,0,0,0,0,0,2.781687498092652,1,0,0,0,0.7123687863349915,22.44,187,0.1548902690410614,0.3789146542549133,0.9853024622425436,13.009427573649193,0.8700521684519107,0.7013387764884373,0.2280558828472403,0.2759358288770053,0.1377005347593582,0.6378548641852778,0.7944797488349828,0.847401188769069,1.1434642716688852,0.4505347593582888,residual,1,x_intent,icgp_rvo_mpc,7,16
narrow_gate,density_v4_interaction_tiers,rvo_multistep_density_v1,main,fixed,4,14449,residual_zero,high,0.1,0.2,neighbor_gaussian_v1,2302746344548087349,12.0,8.0,96.0,0.0416666666666666,24.0,x,y,2.2,1.818181818181818,0.800940990447998,0.8751530647277832,0,0,0,0,0,2.781687498092652,1,0,0,0,0.8081801306298034,25.08,209,0.1064667478203773,0.3341191709041595,0.98989737033844,13.366669395763893,0.8403183559571843,0.7299380327417925,0.2226651909802349,0.2480861244019138,0.1232057416267942,0.6435528943245408,0.7573360142335337,0.7983384042350846,1.0775480680437928,0.5131578947368421,residual,0,x_passive,residual_passive_rvo_mpc,7,16
narrow_gate,density_v4_interaction_tiers,rvo_multistep_density_v1,main,fixed,8,18449,plain_candidate,clean,0.0,0.0,neighbor_gaussian_v1,1532941604221270226,12.0,8.0,96.0,0.0833333333333333,12.0,x,y,2.2,3.636363636363636,0.8308377265930176,0.8389673233032227,0,0,0,0,0,0.6883789896965027,0,0,0,0,0.6379209756851196,26.4,220,0.7969558835029602,1.6931734085083008,0.9227841421961784,14.627993458012384,0.8869897767224095,0.7879635951735756,0.0952081250116779,0.5702272727272727,0.3392045454545455,-0.1013543988219382,0.0802813436489301,0.0841607540509962,0.5177954049642141,0.7613636363636364,plain,1,x_intent,icgp_rvo_mpc,7,16
narrow_gate,density_v4_interaction_tiers,rvo_multistep_density_v1,main,fixed,8,18449,plain_zero,clean,0.0,0.0,neighbor_gaussian_v1,1532941604221270226,12.0,8.0,96.0,0.0833333333333333,12.0,x,y,2.2,3.636363636363636,0.8308377265930176,0.8389673233032227,0,0,0,0,0,0.6883789896965027,0,0,0,0,0.6182010173797607,26.4,220,2.283971071243286,7.247794151306152,0.7787094712257385,12.180097296500207,0.7577560461803593,0.6786968934434381,0.09859744333715,0.6029545454545454,0.4306818181818181,-0.0856882286458414,0.0430739268064552,0.0454661746953921,0.5609790640249706,0.7221590909090909,plain,0,x_passive,passive_rvo_mpc,7,16
narrow_gate,density_v4_interaction_tiers,rvo_multistep_density_v1,main,fixed,8,18449,residual_candidate,clean,0.0,0.0,neighbor_gaussian_v1,1532941604221270226,12.0,8.0,96.0,0.0833333333333333,12.0,x,y,2.2,3.636363636363636,0.8308377265930176,0.8389673233032227,0,0,0,0,0,0.6883789896965027,0,0,0,0,0.6820536851882935,26.4,220,1.3451865911483765,7.518784999847412,0.8696668893098831,12.172684696182388,0.7235112112015486,0.6567112124440345,0.1318208525018152,0.5851136363636363,0.3318181818181818,-0.0574739093253972,0.1305771465520551,0.150094317556262,0.5718627297635535,0.6727272727272727,residual,1,x_intent,icgp_rvo_mpc,7,16
narrow_gate,density_v4_interaction_tiers,rvo_multistep_density_v1,main,fixed,8,18449,residual_zero,clean,0.0,0.0,neighbor_gaussian_v1,1532941604221270226,12.0,8.0,96.0,0.0833333333333333,12.0,x,y,2.2,3.636363636363636,0.8308377265930176,0.8389673233032227,0,0,0,0,0,0.6883789896965027,0,0,0,0,0.6351249814033508,26.4,220,1.3679773807525637,6.610078811645508,0.8674587160348892,13.412108799519046,0.8517037037421357,0.7838836903599176,0.1238296024067412,0.5565909090909091,0.2909090909090909,-0.0648185112847629,0.0730891269638138,0.0796878708626078,0.5635343245073222,0.7829545454545455,residual,0,x_passive,residual_passive_rvo_mpc,7,16
narrow_gate,density_v4_interaction_tiers,rvo_multistep_density_v1,main,fixed,8,18449,plain_candidate,low,0.02,0.04,neighbor_gaussian_v1,2356680604819976236,12.0,8.0,96.0,0.0833333333333333,12.0,x,y,2.2,3.636363636363636,0.8308377265930176,0.8389673233032227,0,0,0,0,0,0.6883789896965027,0,0,0,0,0.6205151677131653,26.4,220,2.677085876464844,7.609338283538818,0.7406211495399475,11.573133653188052,0.7476563255895268,0.7306177243929017,0.108514658991639,0.6355681818181819,0.3119318181818182,-0.1437982730846183,0.0579423001318866,0.0599201232608457,0.4369889762542812,0.7732954545454546,plain,1,x_intent,icgp_rvo_mpc,7,16
narrow_gate,density_v4_interaction_tiers,rvo_multistep_density_v1,main,fixed,8,18449,plain_zero,low,0.02,0.04,neighbor_gaussian_v1,2356680604819976236,12.0,8.0,96.0,0.0833333333333333,12.0,x,y,2.2,3.636363636363636,0.8308377265930176,0.8389673233032227,0,0,0,0,0,0.6883789896965027,0,0,0,0,0.6547443270683289,26.4,220,3.3534979820251465,8.57752799987793,0.6750846207141876,11.162691785766585,0.9388956567780538,0.9065666030753744,0.1001051705481421,0.5840909090909091,0.3528409090909091,-0.0887374433758064,0.0585685575464444,0.0619648146019667,0.5355567258141783,0.7732954545454546,plain,0,x_passive,passive_rvo_mpc,7,16
narrow_gate,density_v4_interaction_tiers,rvo_multistep_density_v1,main,fixed,8,18449,residual_candidate,low,0.02,0.04,neighbor_gaussian_v1,2356680604819976236,12.0,8.0,96.0,0.0833333333333333,12.0,x,y,2.2,3.636363636363636,0.8308377265930176,0.8389673233032227,0,0,0,0,0,0.6883789896965027,0,0,0,0,0.6300919055938721,26.4,220,3.9018478393554688,8.317072868347168,0.6219558119773865,9.40420441703236,0.6403571904552254,0.6757231431589885,0.1195989206197819,0.5861363636363637,0.2369318181818182,-0.0765747607543673,0.1031510307929819,0.1093151730826042,0.3931600210565755,0.8022727272727272,residual,1,x_intent,icgp_rvo_mpc,7,16
narrow_gate,density_v4_interaction_tiers,rvo_multistep_density_v1,main,fixed,8,18449,residual_zero,low,0.02,0.04,neighbor_gaussian_v1,2356680604819976236,12.0,8.0,96.0,0.0833333333333333,12.0,x,y,2.2,3.636363636363636,0.8308377265930176,0.8389673233032227,0,0,0,0,0,0.6883789896965027,0,0,0,0,0.679320752620697,26.4,220,1.4411170482635498,6.668217182159424,0.8603723347187042,12.899969247886474,0.8709187448702075,0.8179491406814619,0.1901931818627583,0.5311363636363636,0.2710227272727272,-0.0299792591714654,0.1111782816179878,0.1157426109387087,0.53247820592049,0.7863636363636364,residual,0,x_passive,residual_passive_rvo_mpc,7,16
narrow_gate,density_v4_interaction_tiers,rvo_multistep_density_v1,main,fixed,8,18449,plain_candidate,medium,0.05,0.1,neighbor_gaussian_v1,14765075085762222556,12.0,8.0,96.0,0.0833333333333333,12.0,x,y,2.2,3.636363636363636,0.8308377265930176,0.8389673233032227,0,0,0,0,0,0.6883789896965027,0,0,0,0,0.6603867411613464,26.4,220,1.1660799980163574,5.62417459487915,0.8870202600955963,13.819687251652796,1.0528878413140774,0.9235286900942976,0.132351306919273,0.6086363636363636,0.3488636363636364,-0.1206940903596394,0.065468760593662,0.071651294457154,0.4858083937030689,0.740909090909091,plain,1,x_intent,icgp_rvo_mpc,7,16
narrow_gate,density_v4_interaction_tiers,rvo_multistep_density_v1,main,fixed,8,18449,plain_zero,medium,0.05,0.1,neighbor_gaussian_v1,14765075085762222556,12.0,8.0,96.0,0.0833333333333333,12.0,x,y,2.2,3.636363636363636,0.8308377265930176,0.8389673233032227,0,0,0,0,0,0.6883789896965027,0,0,0,0,0.5257315039634705,26.4,220,3.3591792583465576,9.842069625854492,0.6745341420173645,12.44424799180706,1.1090537982230837,1.083726180954413,0.1008242044918006,0.5817045454545454,0.3818181818181818,-0.0540740963023135,0.0844722824458605,0.0935306155281775,0.5623335037047653,0.7505681818181819,plain,0,x_passive,passive_rvo_mpc,7,16
narrow_gate,density_v4_interaction_tiers,rvo_multistep_density_v1,main,fixed,8,18449,residual_candidate,medium,0.05,0.1,neighbor_gaussian_v1,14765075085762222556,12.0,8.0,96.0,0.0833333333333333,12.0,x,y,2.2,3.636363636363636,0.8308377265930176,0.8389673233032227,0,0,0,0,0,0.6883789896965027,0,0,0,0,0.6635358333587646,26.4,220,0.7242642641067505,1.8752098083496092,0.9298271238803864,12.675861648744103,0.9028495561670172,0.8714921709150076,0.1306772728805134,0.5085227272727273,0.2477272727272727,-0.0377020168918582,0.1404968670588343,0.1450042950965143,0.5668218894949453,0.7573863636363637,residual,1,x_intent,icgp_rvo_mpc,7,16
narrow_gate,density_v4_interaction_tiers,rvo_multistep_density_v1,main,fixed,8,18449,residual_zero,medium,0.05,0.1,neighbor_gaussian_v1,14765075085762222556,12.0,8.0,96.0,0.0833333333333333,12.0,x,y,2.2,3.636363636363636,0.8308377265930176,0.8389673233032227,0,0,0,0,0,0.6883789896965027,0,0,0,0,0.6407551765441895,26.4,220,1.5603702068328855,7.170147895812988,0.8488180637359619,13.04793623052683,0.9535774628885768,0.8921553633429787,0.1330778409200403,0.5469318181818181,0.2613636363636363,-0.054748077121686,0.0966173419144488,0.1220684383614642,0.5208531816516493,0.7403409090909091,residual,0,x_passive,residual_passive_rvo_mpc,7,16
narrow_gate,density_v4_interaction_tiers,rvo_multistep_density_v1,main,fixed,8,18449,plain_candidate,high,0.1,0.2,neighbor_gaussian_v1,16457109707226564026,12.0,8.0,96.0,0.0833333333333333,12.0,x,y,2.2,3.636363636363636,0.8308377265930176,0.8389673233032227,0,0,0,0,0,0.6883789896965027,0,0,0,0,0.6463778614997864,26.4,220,1.2280893325805664,6.6976470947265625,0.8810122683644295,13.86048519598262,1.1671321233565155,1.1171103450385007,0.1187773294738938,0.5197727272727273,0.3090909090909091,-0.0743079885862842,0.1039763465438373,0.1192620471267223,0.542891960909263,0.7517045454545455,plain,1,x_intent,icgp_rvo_mpc,7,16
narrow_gate,density_v4_interaction_tiers,rvo_multistep_density_v1,main,fixed,8,18449,plain_zero,high,0.1,0.2,neighbor_gaussian_v1,16457109707226564026,12.0,8.0,96.0,0.0833333333333333,12.0,x,y,2.2,3.636363636363636,0.8308377265930176,0.8389673233032227,0,0,0,0,0,0.6883789896965027,0,0,0,0,0.6811200976371765,26.4,220,2.330467462539673,7.902658939361572,0.7742045074701309,12.14516008758801,1.0391201728446915,1.013020316511393,0.1194240339827956,0.5328409090909091,0.2926136363636363,-0.0092060709282172,0.1263242027393132,0.1495207589031459,0.500660820565128,0.7522727272727273,plain,0,x_passive,passive_rvo_mpc,7,16
narrow_gate,density_v4_interaction_tiers,rvo_multistep_density_v1,main,fixed,8,18449,residual_candidate,high,0.1,0.2,neighbor_gaussian_v1,16457109707226564026,12.0,8.0,96.0,0.0833333333333333,12.0,x,y,2.2,3.636363636363636,0.8308377265930176,0.8389673233032227,0,0,0,0,0,0.6883789896965027,0,0,0,0,0.6480672955513,26.4,220,0.5043760538101196,1.295875072479248,0.9511317610740662,14.094751252705464,1.1672709270634434,1.1452444944869389,0.1233900569125332,0.4736363636363636,0.2636363636363636,-0.0129979262387475,0.1528559834623475,0.1657679106207216,0.5884180601146705,0.7528409090909091,residual,1,x_intent,icgp_rvo_mpc,7,16
narrow_gate,density_v4_interaction_tiers,rvo_multistep_density_v1,main,fixed,8,18449,residual_zero,high,0.1,0.2,neighbor_gaussian_v1,16457109707226564026,12.0,8.0,96.0,0.0833333333333333,12.0,x,y,2.2,3.636363636363636,0.8308377265930176,0.8389673233032227,0,0,0,0,0,0.6883789896965027,0,0,0,0,0.6921443343162537,26.4,220,1.398440957069397,7.268436431884766,0.8645071536302567,13.477410323735969,1.086217573048039,1.0466914610429243,0.1234256249021696,0.4947727272727272,0.2607954545454545,-0.0084870926657581,0.1219422404787868,0.1301262117374848,0.5189440611976134,0.759090909090909,residual,0,x_passive,residual_passive_rvo_mpc,7,16
merge_bottleneck,density_v4_interaction_tiers,rvo_multistep_density_v1,main,fixed,4,14962,plain_candidate,clean,0.0,0.0,neighbor_gaussian_v1,3016869002508529165,12.0,8.0,96.0,0.0416666666666666,24.0,x,y,2.2,1.818181818181818,0.7559943199157715,0.9000000953674316,0,0,0,0,0,1.680565357208252,0,0,0,0,0.8400260553263227,26.4,220,0.6272608637809753,0.8207755088806152,0.9396308846771716,13.296026554780838,0.6603718987430593,0.6673412944317203,0.1683129546026149,0.3356818181818182,0.0772727272727272,0.1191864020160327,0.2713938306741826,0.2986610407242454,0.5421406650343149,0.7443181818181818,plain,1,x_intent,icgp_rvo_mpc,7,16
merge_bottleneck,density_v4_interaction_tiers,rvo_multistep_density_v1,main,fixed,4,14962,plain_zero,clean,0.0,0.0,neighbor_gaussian_v1,3016869002508529165,12.0,8.0,96.0,0.0416666666666666,24.0,x,y,2.2,1.818181818181818,0.7559943199157715,0.9000000953674316,0,0,0,0,0,1.680565357208252,0,0,0,0,0.8400463536805514,26.4,220,0.7042714953422546,1.1811822652816772,0.9322191923856736,13.296537322304175,0.6342296338151672,0.6178432279699005,0.1851276145978111,0.3363636363636363,0.084090909090909,0.1196268950744851,0.2487290345440804,0.2736088841784677,0.548269793461994,0.678409090909091,plain,0,x_passive,passive_rvo_mpc,7,16
merge_bottleneck,density_v4_interaction_tiers,rvo_multistep_density_v1,main,fixed,4,14962,residual_candidate,clean,0.0,0.0,neighbor_gaussian_v1,3016869002508529165,12.0,8.0,96.0,0.0416666666666666,24.0,x,y,2.2,1.818181818181818,0.7559943199157715,0.9000000953674316,0,0,0,0,0,1.680565357208252,0,0,0,0,0.8400233749028448,26.4,220,0.6498368382453918,1.3891680240631104,0.9374581202864648,14.326207814130612,0.6451563399947645,0.4838622776312563,0.2664996582263318,0.3981818181818182,0.1409090909090909,0.0583470345311371,0.2110841274621245,0.2376312253509844,0.53593313217497,0.7125,residual,1,x_intent,icgp_rvo_mpc,7,16
merge_bottleneck,density_v4_interaction_tiers,rvo_multistep_density_v1,main,fixed,4,14962,residual_zero,clean,0.0,0.0,neighbor_gaussian_v1,3016869002508529165,12.0,8.0,96.0,0.0416666666666666,24.0,x,y,2.2,1.818181818181818,0.7559943199157715,0.9000000953674316,0,0,0,0,0,1.680565357208252,0,0,0,0,0.8400282573699951,26.4,220,0.5148191452026367,0.7764244079589844,0.9504525512456894,13.803679458418628,0.7090052055773413,0.640149212476734,0.2801296589578586,0.3338636363636363,0.075,0.1070932411716922,0.2335213095526254,0.2486066308787729,0.5437439444138922,0.7102272727272727,residual,0,x_passive,residual_passive_rvo_mpc,7,16
merge_bottleneck,density_v4_interaction_tiers,rvo_multistep_density_v1,main,fixed,4,14962,plain_candidate,low,0.02,0.04,neighbor_gaussian_v1,15590519062565421032,12.0,8.0,96.0,0.0416666666666666,24.0,x,y,2.2,1.818181818181818,0.7559943199157715,0.9000000953674316,0,0,0,0,0,1.680565357208252,0,0,0,0,0.5988844037055969,26.4,220,0.690422773361206,0.8516365885734558,0.9335520267486572,13.42922771647136,0.6930797791877756,0.6466180401608157,0.2142650001835797,0.3406818181818182,0.0954545454545454,0.1130518305265743,0.2692788952492974,0.3077177849722298,0.5237289197486205,0.7034090909090909,plain,1,x_intent,icgp_rvo_mpc,7,16
merge_bottleneck,density_v4_interaction_tiers,rvo_multistep_density_v1,main,fixed,4,14962,plain_zero,low,0.02,0.04,neighbor_gaussian_v1,15590519062565421032,12.0,8.0,96.0,0.0416666666666666,24.0,x,y,2.2,1.818181818181818,0.7559943199157715,0.9000000953674316,0,0,0,0,0,1.680565357208252,0,0,0,0,0.7729644775390625,26.4,220,0.6722958087921143,1.0570253133773804,0.9352966099977492,13.437483631176292,0.72955382637288,0.7045855479494838,0.2186796594204762,0.3518181818181818,0.1159090909090909,0.1202491923515951,0.2549114252539095,0.2979528891952452,0.5382493572452337,0.6943181818181818,plain,0,x_passive,passive_rvo_mpc,7,16
merge_bottleneck,density_v4_interaction_tiers,rvo_multistep_density_v1,main,fixed,4,14962,residual_candidate,low,0.02,0.04,neighbor_gaussian_v1,15590519062565421032,12.0,8.0,96.0,0.0416666666666666,24.0,x,y,2.2,1.818181818181818,0.7559943199157715,0.9000000953674316,0,0,0,0,0,1.680565357208252,0,0,0,0,0.7878841757774353,26.4,220,0.5522106289863586,0.8513239026069641,0.9468539021909236,13.769185792662029,0.6396085350891305,0.5595691462587142,0.2655662494362332,0.3547727272727273,0.0920454545454545,0.0907292028340631,0.2494734506585375,0.273309457018158,0.5395179554844468,0.7125,residual,1,x_intent,icgp_rvo_mpc,7,16
merge_bottleneck,density_v4_interaction_tiers,rvo_multistep_density_v1,main,fixed,4,14962,residual_zero,low,0.02,0.04,neighbor_gaussian_v1,15590519062565421032,12.0,8.0,96.0,0.0416666666666666,24.0,x,y,2.2,1.818181818181818,0.7559943199157715,0.9000000953674316,0,0,0,0,0,1.680565357208252,0,0,0,0,0.840043461037807,26.4,220,0.5999632477760315,1.1959351301193235,0.9422580748796464,13.936376958561596,0.7122412314302479,0.6972506495944055,0.2965014772516125,0.3379545454545454,0.0875,0.101701589872007,0.2289733925690562,0.2419187487213306,0.5673061511251992,0.7318181818181818,residual,0,x_passive,residual_passive_rvo_mpc,7,16
merge_bottleneck,density_v4_interaction_tiers,rvo_multistep_density_v1,main,fixed,4,14962,plain_candidate,medium,0.05,0.1,neighbor_gaussian_v1,17236199042253161710,12.0,8.0,96.0,0.0416666666666666,24.0,x,y,2.2,1.818181818181818,0.7559943199157715,0.9000000953674316,0,0,0,0,0,1.680565357208252,0,0,0,0,0.5914144515991211,26.4,220,0.6665337085723877,0.9248188138008118,0.9358511716127396,14.47601073695114,0.8395571358834125,0.7227618095832771,0.279292613744143,0.3636363636363636,0.0977272727272727,0.0757172388984949,0.2333766520829626,0.2930691455704509,0.4725030369356469,0.6863636363636364,plain,1,x_intent,icgp_rvo_mpc,7,16
merge_bottleneck,density_v4_interaction_tiers,rvo_multistep_density_v1,main,fixed,4,14962,plain_zero,medium,0.05,0.1,neighbor_gaussian_v1,17236199042253161710,12.0,8.0,96.0,0.0416666666666666,24.0,x,y,2.2,1.818181818181818,0.7559943199157715,0.9000000953674316,0,0,0,0,0,1.680565357208252,0,0,0,0,0.7186317443847656,26.4,220,0.6762882471084595,1.0529241561889648,0.9349123686552048,13.95498812480946,0.7004846854071894,0.6179959215414287,0.2192260225869673,0.4038636363636363,0.1477272727272727,0.0852334038011596,0.2234948853004456,0.2412252698913964,0.4987929616228102,0.7329545454545454,plain,0,x_passive,passive_rvo_mpc,7,16
merge_bottleneck,density_v4_interaction_tiers,rvo_multistep_density_v1,main,fixed,4,14962,residual_candidate,medium,0.05,0.1,neighbor_gaussian_v1,17236199042253161710,12.0,8.0,96.0,0.0416666666666666,24.0,x,y,2.2,1.818181818181818,0.7559943199157715,0.9000000953674316,0,0,0,0,0,1.680565357208252,0,0,0,0,0.6386329531669617,26.4,220,0.5491162538528442,0.7940977215766907,0.9471517130732536,14.229696094596877,0.781684960746762,0.7140989639171907,0.2793287492584733,0.3784090909090909,0.1125,0.0632806065201108,0.2199797681204184,0.242449759227297,0.5179513467701137,0.7534090909090909,residual,1,x_intent,icgp_rvo_mpc,7,16
merge_bottleneck,density_v4_interaction_tiers,rvo_multistep_density_v1,main,fixed,4,14962,residual_zero,medium,0.05,0.1,neighbor_gaussian_v1,17236199042253161710,12.0,8.0,96.0,0.0416666666666666,24.0,x,y,2.2,1.818181818181818,0.7559943199157715,0.9000000953674316,0,0,0,0,0,1.680565357208252,0,0,0,0,0.8400147239015673,26.4,220,0.5837340354919434,0.8753853440284729,0.9438200145959854,14.815277545771096,0.7599038576410914,0.7260290995578874,0.2981721592897718,0.3420454545454545,0.096590909090909,0.0993317825669482,0.2277005250872079,0.2405871285347319,0.5234326981233344,0.7818181818181819,residual,0,x_passive,residual_passive_rvo_mpc,7,16
merge_bottleneck,density_v4_interaction_tiers,rvo_multistep_density_v1,main,fixed,4,14962,plain_candidate,high,0.1,0.2,neighbor_gaussian_v1,11101747286326350741,12.0,8.0,96.0,0.0416666666666666,24.0,x,y,2.2,1.818181818181818,0.7559943199157715,0.9000000953674316,0,0,0,0,0,1.680565357208252,0,0,0,0,0.716775119304657,26.4,220,0.6182048320770264,0.8296610116958618,0.9405024610459805,13.9705658351304,0.933022460108656,0.8808285148211078,0.2192290909244382,0.3806818181818182,0.1136363636363636,0.066841787248756,0.229189656954711,0.2601700281644192,0.5015633319218469,0.7136363636363636,plain,1,x_intent,icgp_rvo_mpc,7,16
merge_bottleneck,density_v4_interaction_tiers,rvo_multistep_density_v1,main,fixed,4,14962,plain_zero,high,0.1,0.2,neighbor_gaussian_v1,11101747286326350741,12.0,8.0,96.0,0.0416666666666666,24.0,x,y,2.2,1.818181818181818,0.7559943199157715,0.9000000953674316,0,0,0,0,0,1.680565357208252,0,0,0,0,0.8400391054153442,26.4,220,0.5281743407249451,0.8492245674133301,0.9491672143340112,14.67307416852691,0.95973991002697,0.8307184894520271,0.199968522925205,0.3618181818181818,0.1295454545454545,0.1191059939996134,0.2431378941532634,0.2732633255310427,0.5437456417596919,0.7193181818181819,plain,0,x_passive,passive_rvo_mpc,7,16
merge_bottleneck,density_v4_interaction_tiers,rvo_multistep_density_v1,main,fixed,4,14962,residual_candidate,high,0.1,0.2,neighbor_gaussian_v1,11101747286326350741,12.0,8.0,96.0,0.0416666666666666,24.0,x,y,2.2,1.818181818181818,0.7559943199157715,0.9000000953674316,0,0,0,0,0,1.680565357208252,0,0,0,0,0.758815348148346,26.4,220,1.0035773515701294,1.7184231281280518,0.9034132659435272,14.148427971398633,0.8911966457093844,0.7952823499302295,0.2729040905251167,0.3704545454545455,0.1238636363636363,0.0730269467629691,0.2231053039368967,0.2526748247382025,0.5535188359108828,0.7215909090909091,residual,1,x_intent,icgp_rvo_mpc,7,16
merge_bottleneck,density_v4_interaction_tiers,rvo_multistep_density_v1,main,fixed,4,14962,residual_zero,high,0.1,0.2,neighbor_gaussian_v1,11101747286326350741,12.0,8.0,96.0,0.0416666666666666,24.0,x,y,2.2,1.818181818181818,0.7559943199157715,0.9000000953674316,0,0,0,0,0,1.680565357208252,0,0,0,0,0.8400506659189,26.4,220,0.7287673354148865,1.0886952877044678,0.9298616573214532,14.323564579128288,0.9931568843492476,0.9179254664658484,0.3074400005888575,0.3304545454545454,0.0897727272727272,0.1080853700810467,0.2373315717222228,0.2564106889282328,0.5181324339534923,0.7659090909090909,residual,0,x_passive,residual_passive_rvo_mpc,7,16
merge_bottleneck,density_v4_interaction_tiers,rvo_multistep_density_v1,main,fixed,8,18962,plain_candidate,clean,0.0,0.0,neighbor_gaussian_v1,5852730829311934106,12.0,8.0,96.0,0.0833333333333333,12.0,x,y,2.2,3.636363636363636,0.785834789276123,0.9000000953674316,0,0,0,0,0,0.6901827454566956,0,0,0,0,0.669055163860321,26.4,220,3.6610183715820312,6.861811637878418,0.6462968587875366,10.153924705182362,0.7580658167092638,0.8017583125694232,0.1218714773131068,0.6807954545454545,0.359090909090909,-0.1714596888475323,-0.0006958563600368,0.0034077199912589,0.3321360704485879,0.85625,plain,1,x_intent,icgp_rvo_mpc,7,16
merge_bottleneck,density_v4_interaction_tiers,rvo_multistep_density_v1,main,fixed,8,18962,plain_zero,clean,0.0,0.0,neighbor_gaussian_v1,5852730829311934106,12.0,8.0,96.0,0.0833333333333333,12.0,x,y,2.2,3.636363636363636,0.785834789276123,0.9000000953674316,0,0,0,0,0,0.6901827454566956,0,0,1,0,0.501279890537262,26.4,220,2.515456199645996,6.496337890625,0.7569734156131744,12.279002159961236,0.8978174232962457,0.9042355943132532,0.1053506250834537,0.5554545454545454,0.2994318181818182,-0.1005753196332254,0.0395733865003637,0.0554460460345796,0.3618959274256765,0.8704545454545455,plain,0,x_passive,passive_rvo_mpc,7,16
merge_bottleneck,density_v4_interaction_tiers,rvo_multistep_density_v1,main,fixed,8,18962,residual_candidate,clean,0.0,0.0,neighbor_gaussian_v1,5852730829311934106,12.0,8.0,96.0,0.0833333333333333,12.0,x,y,2.2,3.636363636363636,0.785834789276123,0.9000000953674316,0,0,0,0,0,0.6901827454566956,0,1,1,0,0.4116994142532348,26.4,220,2.8065357208251958,6.815299034118652,0.7288512587547302,12.319112674045527,0.910569586774165,0.8854558088054711,0.1258343749544689,0.6076136363636364,0.25625,-0.1421563897306071,0.0455579336772934,0.0498728257305589,0.3246149696313637,0.8664772727272727,residual,1,x_intent,icgp_rvo_mpc,7,16
merge_bottleneck,density_v4_interaction_tiers,rvo_multistep_density_v1,main,fixed,8,18962,residual_zero,clean,0.0,0.0,neighbor_gaussian_v1,5852730829311934106,12.0,8.0,96.0,0.0833333333333333,12.0,x,y,2.2,3.636363636363636,0.785834789276123,0.9000000953674316,0,0,0,0,0,0.6901827454566956,0,0,0,0,0.5396518707275391,26.4,220,3.011584520339966,6.79963493347168,0.7090408205986023,12.402904965968446,0.8934446469626643,0.8752376866272905,0.1412085227374601,0.5678409090909091,0.2823863636363636,-0.0892968846144179,0.0496821252832507,0.056644319814052,0.3415369365508028,0.8755681818181819,residual,0,x_passive,residual_passive_rvo_mpc,7,16
merge_bottleneck,density_v4_interaction_tiers,rvo_multistep_density_v1,main,fixed,8,18962,plain_candidate,low,0.02,0.04,neighbor_gaussian_v1,9731079428766802421,12.0,8.0,96.0,0.0833333333333333,12.0,x,y,2.2,3.636363636363636,0.785834789276123,0.9000000953674316,0,0,0,0,0,0.6901827454566956,0,0,0,0,0.5299887657165527,26.4,220,2.763470411300659,7.102524757385254,0.733011931180954,10.832968139437073,0.892506088993766,0.9458140627904372,0.1229174997041065,0.6194318181818181,0.2931818181818181,-0.1335298233961466,0.0416569470587762,0.0468438062722693,0.3517579413387939,0.8681818181818182,plain,1,x_intent,icgp_rvo_mpc,7,16
merge_bottleneck,density_v4_interaction_tiers,rvo_multistep_density_v1,main,fixed,8,18962,plain_zero,low,0.02,0.04,neighbor_gaussian_v1,9731079428766802421,12.0,8.0,96.0,0.0833333333333333,12.0,x,y,2.2,3.636363636363636,0.785834789276123,0.9000000953674316,0,0,0,0,0,0.6901827454566956,0,0,1,0,0.4846354126930237,26.4,220,2.3351709842681885,6.585978031158447,0.7743913680315018,12.16280464897045,0.9514660194516182,0.9073504868556151,0.1133799997412345,0.57875,0.2852272727272727,-0.1087348239907148,0.0374246013340374,0.0444482436285987,0.3362134268315797,0.8920454545454546,plain,0,x_passive,passive_rvo_mpc,7,16
merge_bottleneck,density_v4_interaction_tiers,rvo_multistep_density_v1,main,fixed,8,18962,residual_candidate,low,0.02,0.04,neighbor_gaussian_v1,9731079428766802421,12.0,8.0,96.0,0.0833333333333333,12.0,x,y,2.2,3.636363636363636,0.785834789276123,0.9000000953674316,0,0,0,0,0,0.6901827454566956,0,0,0,0,0.6056505441665649,26.4,220,3.0580451488494877,6.746223449707031,0.7045520842075348,11.201119430598736,0.8466865836558017,0.8849985080686482,0.1409266477408395,0.6261363636363636,0.2448863636363636,-0.1390941553112228,0.0593940764644953,0.0623980262042115,0.3348676767525993,0.8198863636363637,residual,1,x_intent,icgp_rvo_mpc,7,16
merge_bottleneck,density_v4_interaction_tiers,rvo_multistep_density_v1,main,fixed,8,18962,residual_zero,low,0.02,0.04,neighbor_gaussian_v1,9731079428766802421,12.0,8.0,96.0,0.0833333333333333,12.0,x,y,2.2,3.636363636363636,0.785834789276123,0.9000000953674316,0,0,0,0,0,0.6901827454566956,0,0,0,0,0.6895858645439148,26.4,220,2.5231409072875977,6.58396053314209,0.756230965256691,12.776387912013888,1.008731852742759,0.9844119456681338,0.1364334659725004,0.5605681818181818,0.2613636363636363,-0.0914369340628416,0.0524926944186132,0.0629031494475121,0.3556894848877962,0.8551136363636364,residual,0,x_passive,residual_passive_rvo_mpc,7,16
merge_bottleneck,density_v4_interaction_tiers,rvo_multistep_density_v1,main,fixed,8,18962,plain_candidate,medium,0.05,0.1,neighbor_gaussian_v1,15121625525680081475,12.0,8.0,96.0,0.0833333333333333,12.0,x,y,2.2,3.636363636363636,0.785834789276123,0.9000000953674316,0,0,0,0,0,0.6901827454566956,0,0,0,0,0.6280734539031982,26.4,220,3.0809154510498047,6.985663890838623,0.7023425102233887,11.868054700257744,1.0190440864725547,1.0553217164494777,0.1097402841630603,0.6677272727272727,0.35,-0.1570878034933033,0.0142730605757725,0.0184719872257875,0.2984217322835615,0.8545454545454545,plain,1,x_intent,icgp_rvo_mpc,7,16
merge_bottleneck,density_v4_interaction_tiers,rvo_multistep_density_v1,main,fixed,8,18962,plain_zero,medium,0.05,0.1,neighbor_gaussian_v1,15121625525680081475,12.0,8.0,96.0,0.0833333333333333,12.0,x,y,2.2,3.636363636363636,0.785834789276123,0.9000000953674316,0,0,0,0,0,0.6901827454566956,0,0,1,0,0.468311607837677,26.4,220,2.5163145065307617,6.6228556632995605,0.7568904906511307,13.229551671260197,1.073827604543079,1.0435919482599605,0.0999740340458546,0.6132954545454545,0.3096590909090909,-0.1184547472034717,0.0382020673550759,0.0468580330219552,0.3193112983442828,0.8278409090909091,plain,0,x_passive,passive_rvo_mpc,7,16
merge_bottleneck,density_v4_interaction_tiers,rvo_multistep_density_v1,main,fixed,8,18962,residual_candidate,medium,0.05,0.1,neighbor_gaussian_v1,15121625525680081475,12.0,8.0,96.0,0.0833333333333333,12.0,x,y,2.2,3.636363636363636,0.785834789276123,0.9000000953674316,0,0,0,0,0,0.6901827454566956,0,0,0,0,0.5668224692344666,26.4,220,2.466914653778076,6.684649467468262,0.761663168668747,12.528712811781332,1.0940719195726245,1.0914872884750366,0.131266477150017,0.5775,0.2761363636363636,-0.1098935380506698,0.0653067077086461,0.0713952067053862,0.3391493308662364,0.8267045454545454,residual,1,x_intent,icgp_rvo_mpc,7,16
merge_bottleneck,density_v4_interaction_tiers,rvo_multistep_density_v1,main,fixed,8,18962,residual_zero,medium,0.05,0.1,neighbor_gaussian_v1,15121625525680081475,12.0,8.0,96.0,0.0833333333333333,12.0,x,y,2.2,3.636363636363636,0.785834789276123,0.9000000953674316,0,0,0,0,0,0.6901827454566956,0,0,0,0,0.5444502234458923,26.4,220,2.2978923320770264,6.550619602203369,0.7779929786920547,12.88749616019868,1.1250857281075282,1.073743869025599,0.1196656821279744,0.5531818181818182,0.2625,-0.0819380557780369,0.0603691556343351,0.0659886436981961,0.3590876236695888,0.8335227272727272,residual,0,x_passive,residual_passive_rvo_mpc,7,16
merge_bottleneck,density_v4_interaction_tiers,rvo_multistep_density_v1,main,fixed,8,18962,plain_candidate,high,0.1,0.2,neighbor_gaussian_v1,3360362882891023395,12.0,8.0,96.0,0.0833333333333333,12.0,x,y,2.2,3.636363636363636,0.785834789276123,0.9000000953674316,0,0,0,0,0,0.6901827454566956,0,0,1,0,0.4471078515052795,26.4,220,3.12488317489624,6.985019683837891,0.6980946362018585,11.422620774597815,1.2438599068332803,1.192272665080699,0.0882576132426038,0.64625,0.3215909090909091,-0.1504380522664186,0.0295607239775135,0.0351715516152176,0.3250043793659923,0.8494318181818182,plain,1,x_intent,icgp_rvo_mpc,7,16
merge_bottleneck,density_v4_interaction_tiers,rvo_multistep_density_v1,main,fixed,8,18962,plain_zero,high,0.1,0.2,neighbor_gaussian_v1,3360362882891023395,12.0,8.0,96.0,0.0833333333333333,12.0,x,y,2.2,3.636363636363636,0.785834789276123,0.9000000953674316,0,0,0,0,0,0.6901827454566956,0,0,1,0,0.4933168292045593,26.4,220,2.185232400894165,6.553682327270508,0.7888774275779724,12.753258228324055,1.3106895670294765,1.243480215018446,0.0855594322109192,0.6432954545454546,0.3647727272727272,-0.1375645998541788,0.0101554749942513,0.0163234380144161,0.349588666411558,0.8267045454545454,plain,0,x_passive,passive_rvo_mpc,7,16
merge_bottleneck,density_v4_interaction_tiers,rvo_multistep_density_v1,main,fixed,8,18962,residual_candidate,high,0.1,0.2,neighbor_gaussian_v1,3360362882891023395,12.0,8.0,96.0,0.0833333333333333,12.0,x,y,2.2,3.636363636363636,0.785834789276123,0.9000000953674316,0,0,0,0,0,0.6901827454566956,0,0,0,0,0.5789162516593933,26.4,220,2.972519397735596,6.8960065841674805,0.7128150165081024,11.778625824536448,1.1808819251981648,1.122002114084634,0.1147743751723531,0.6225,0.25625,-0.1425667243387622,0.0589643444499476,0.0655763268612292,0.304009055193596,0.7806818181818181,residual,1,x_intent,icgp_rvo_mpc,7,16
merge_bottleneck,density_v4_interaction_tiers,rvo_multistep_density_v1,main,fixed,8,18962,residual_zero,high,0.1,0.2,neighbor_gaussian_v1,3360362882891023395,12.0,8.0,96.0,0.08333333333333333,12.0,x,y,2.2,3.6363636363636362,0.785834789276123,0.9000000953674316,0,0,0,0,0,0.6901827454566956,0,0,0,0,0.6664580702781677,26.4,220,2.380863904953003,6.635071277618408,0.7699768245220184,12.676292940478106,1.3202665072273125,1.2612651772797108,0.12659420423336665,0.5752272727272727,0.28011363636363634,-0.0865254456277496,0.06069915953789866,0.06984368524195739,0.3376613604528545,0.8596590909090909,residual,0,x_passive,residual_passive_rvo_mpc,7,16
four_way_stop,density_v4_interaction_tiers,rvo_multistep_density_v1,main,fixed,4,14697,plain_candidate,clean,0.0,0.0,neighbor_gaussian_v1,3603278138865311541,11.0,11.0,121.0,0.03305785123966942,30.25,x,y,11.0,0.36363636363636365,0.6714329719543457,0.6905617713928223,0,0,0,0,0,6.696011066436768,1,0,0,0,0.6181221604347229,12.6,105,0.10930110514163971,0.32499241828918457,0.9885895876213908,10.471777139988262,0.8247169096976341,0.5478926700755977,0.18141166656278074,0.16095238095238096,0.1,0.8808938550372564,1.0232011908895913,1.1101199871337128,2.7266361045837404,0.3547619047619048,plain,1,x_intent,icgp_rvo_mpc,7,16
four_way_stop,density_v4_interaction_tiers,rvo_multistep_density_v1,main,fixed,4,14697,plain_zero,clean,0.0,0.0,neighbor_gaussian_v1,3603278138865311541,11.0,11.0,121.0,0.03305785123966942,30.25,x,y,11.0,0.36363636363636365,0.6714329719543457,0.6905617713928223,0,0,0,0,0,6.696011066436768,1,0,0,0,0.6181221604347229,12.719999999999999,106,0.10812176764011383,0.33008095622062683,0.9887127038091421,10.718143476784462,0.8408318817767069,0.5284482259956687,0.17367075510402122,0.1632075471698113,0.12735849056603774,0.9590461899993835,1.046360548630638,1.140227199700081,2.814076211981054,0.3867924528301887,plain,0,x_passive,passive_rvo_mpc,7,16
four_way_stop,density_v4_interaction_tiers,rvo_multistep_density_v1,main,fixed,4,14697,residual_candidate,clean,0.0,0.0,neighbor_gaussian_v1,3603278138865311541,11.0,11.0,121.0,0.03305785123966942,30.25,x,y,11.0,0.36363636363636365,0.6714329719543457,0.6905617713928223,0,0,0,0,0,6.696011066436768,1,0,0,0,0.6259008049964905,11.639999999999999,97,0.10984452068805695,0.27708494663238525,0.9885328579694033,10.362773010565434,0.8747291106517071,0.5820397275575491,0.21387886624428032,0.0731958762886598,0.041237113402061855,1.154147132100038,1.306000921812254,1.3703480502440757,2.6989143553529824,0.3247422680412371,residual,1,x_intent,icgp_rvo_mpc,7,16
four_way_stop,density_v4_interaction_tiers,rvo_multistep_density_v1,main,fixed,4,14697,residual_zero,clean,0.0,0.0,neighbor_gaussian_v1,3603278138865311541,11.0,11.0,121.0,0.03305785123966942,30.25,x,y,11.0,0.36363636363636365,0.6714329719543457,0.6905617713928223,0,0,0,0,0,6.696011066436768,1,0,0,0,0.6259008049964905,11.639999999999999,97,0.1262255311012268,0.35838648676872253,0.9868227746337652,10.479888292145915,0.87608819307769,0.5630694041454556,0.21821391749551,0.06649484536082474,0.03865979381443299,1.2097377863649241,1.2867077299215128,1.3379038975318682,2.6321108308711008,0.36597938144329895,residual,0,x_passive,residual_passive_rvo_mpc,7,16
four_way_stop,density_v4_interaction_tiers,rvo_multistep_density_v1,main,fixed,4,14697,plain_candidate,low,0.02,0.04,neighbor_gaussian_v1,5021324263076111106,11.0,11.0,121.0,0.03305785123966942,30.25,x,y,11.0,0.36363636363636365,0.6714329719543457,0.6905617713928223,0,0,0,0,0,6.696011066436768,1,0,0,0,0.7248318195343018,12.0,100,0.12599526345729828,0.32215702533721924,0.9868468130007386,10.16259075741982,0.7640532055497169,0.4461836088442827,0.18702625107835047,0.149,0.0875,1.0818505569407717,1.2340186344087123,1.327733542919159,2.6070103691518307,0.365,plain,1,x_intent,icgp_rvo_mpc,7,16
four_way_stop,density_v4_interaction_tiers,rvo_multistep_density_v1,main,fixed,4,14697,plain_zero,low,0.02,0.04,neighbor_gaussian_v1,5021324263076111106,11.0,11.0,121.0,0.03305785123966942,30.25,x,y,11.0,0.36363636363636365,0.6714329719543457,0.6905617713928223,0,0,0,0,0,6.696011066436768,1,0,0,0,0.7261999845504761,11.76,98,0.1364506632089615,0.3677307069301605,0.9857553290203214,10.26502614642959,0.8749363388181949,0.4925355511682931,0.17871198999310597,0.13010204081632654,0.08163265306122448,1.0776155858121013,1.1563205454893866,1.2414129848246065,2.4928255205190912,0.3647959183673469,plain,0,x_passive,passive_rvo_mpc,7,16
four_way_stop,density_v4_interaction_tiers,rvo_multistep_density_v1,main,fixed,4,14697,residual_candidate,low,0.02,0.04,neighbor_gaussian_v1,5021324263076111106,11.0,11.0,121.0,0.03305785123966942,30.25,x,y,11.0,0.36363636363636365,0.6714329719543457,0.6905617713928223,0,0,0,0,0,6.696011066436768,1,0,0,0,0.7261999845504761,12.6,105,0.09520462155342102,0.2958926558494568,0.9900611806660891,10.313675280020107,0.7042610943827423,0.4124233638551642,0.23123666691216863,0.11238095238095239,0.09047619047619047,1.392249174088772,1.5519166356183234,1.6185818152910187,2.7438116251854674,0.29523809523809524,residual,1,x_intent,icgp_rvo_mpc,7,16
four_way_stop,density_v4_interaction_tiers,rvo_multistep_density_v1,main,fixed,4,14697,residual_zero,low,0.02,0.04,neighbor_gaussian_v1,5021324263076111106,11.0,11.0,121.0,0.03305785123966942,30.25,x,y,11.0,0.36363636363636365,0.6714329719543457,0.6905617713928223,0,0,0,0,0,6.696011066436768,1,0,0,0,0.725168764591217,12.12,101,0.12316717952489853,0.32235366106033325,0.9871420487761497,10.354868157643068,0.7749704106729294,0.4429579979738817,0.2293566833734328,0.12871287128712872,0.10396039603960396,1.3461160651815707,1.4426098156049112,1.509521292130841,2.620937499038064,0.3415841584158416,residual,0,x_passive,residual_passive_rvo_mpc,7,16
four_way_stop,density_v4_interaction_tiers,rvo_multistep_density_v1,main,fixed,4,14697,plain_candidate,medium,0.05,0.1,neighbor_gaussian_v1,9545522526877098518,11.0,11.0,121.0,0.03305785123966942,30.25,x,y,11.0,0.36363636363636365,0.6714329719543457,0.6905617713928223,0,0,0,0,0,6.696011066436768,1,0,0,0,0.7850645184516907,10.559999999999999,88,0.14469626545906067,0.3297552466392517,0.984894534572959,9.969346839759964,0.7974081340044822,0.49292298090915393,0.17997755739171142,0.1943181818181818,0.14204545454545456,0.9952049691691488,1.1436538158001548,1.225650609066202,2.6584265088764103,0.29261363636363635,plain,1,x_intent,icgp_rvo_mpc,7,16
four_way_stop,density_v4_interaction_tiers,rvo_multistep_density_v1,main,fixed,4,14697,plain_zero,medium,0.05,0.1,neighbor_gaussian_v1,9545522526877098518,11.0,11.0,121.0,0.03305785123966942,30.25,x,y,11.0,0.36363636363636365,0.6714329719543457,0.6905617713928223,0,0,0,0,0,6.696011066436768,1,0,0,0,0.8014634251594543,10.559999999999999,88,0.14101403951644897,0.3425048589706421,0.9852789379656315,10.18007784942165,0.8456180132290517,0.5079086394074231,0.18905965837554753,0.2159090909090909,0.17329545454545456,0.980680568590972,1.0756429803997956,1.1483843766169792,2.635548958446492,0.35795454545454547,plain,0,x_passive,passive_rvo_mpc,7,16
four_way_stop,density_v4_interaction_tiers,rvo_multistep_density_v1,main,fixed,4,14697,residual_candidate,medium,0.05,0.1,neighbor_gaussian_v1,9545522526877098518,11.0,11.0,121.0,0.03305785123966942,30.25,x,y,11.0,0.36363636363636365,0.6714329719543457,0.6905617713928223,0,0,0,0,0,6.696011066436768,1,0,0,0,0.790728747844696,9.6,80,0.1530533879995346,0.32183530926704407,0.9840220995247364,9.865653849206865,0.7383679236518219,0.40859430493072446,0.2339790626137983,0.13625,0.075,0.9752253184397706,1.1395180762000383,1.173857920821756,2.491172569170595,0.315625,residual,1,x_intent,icgp_rvo_mpc,7,16
four_way_stop,density_v4_interaction_tiers,rvo_multistep_density_v1,main,fixed,4,14697,residual_zero,medium,0.05,0.1,neighbor_gaussian_v1,9545522526877098518,11.0,11.0,121.0,0.03305785123966942,30.25,x,y,11.0,0.36363636363636365,0.6714329719543457,0.6905617713928223,0,0,0,0,0,6.696011066436768,1,0,0,0,0.8095279335975647,9.36,78,0.2154363989830017,0.28720444440841675,0.9775096680969,9.79888947121799,0.7184028051874171,0.38062332854649505,0.2215256409283775,0.09743589743589744,0.07371794871794872,1.1394072768034844,1.2248051668799078,1.2492737882622542,2.5168845145671797,0.3108974358974359,residual,0,x_passive,residual_passive_rvo_mpc,7,16
four_way_stop,density_v4_interaction_tiers,rvo_multistep_density_v1,main,fixed,4,14697,plain_candidate,high,0.1,0.2,neighbor_gaussian_v1,9092402006954470837,11.0,11.0,121.0,0.03305785123966942,30.25,x,y,11.0,0.36363636363636365,0.6714329719543457,0.6905617713928223,0,0,0,0,0,6.696011066436768,1,0,0,0,0.9029214382171631,9.36,78,0.24151727557182312,0.3325851559638977,0.9747869726270437,9.83201839774847,0.7927444859225756,0.512304602855748,0.1955346156953452,0.16025641025641027,0.07051282051282051,0.8645769790813137,1.0250018304758348,1.1105485773258486,2.4709865237199344,0.375,plain,1,x_intent,icgp_rvo_mpc,7,16
four_way_stop,density_v4_interaction_tiers,rvo_multistep_density_v1,main,fixed,4,14697,plain_zero,high,0.1,0.2,neighbor_gaussian_v1,9092402006954470837,11.0,11.0,121.0,0.03305785123966942,30.25,x,y,11.0,0.36363636363636365,0.6714329719543457,0.6905617713928223,0,0,0,0,0,6.696011066436768,1,0,0,0,0.9608746767044067,9.719999999999999,81,0.1357048749923706,0.28578487038612366,0.9858331847935915,10.05361492652446,0.9008803858111302,0.5768869612876034,0.19299845788972797,0.15617283950617283,0.09567901234567901,0.916053695191664,1.012491165224785,1.0766343742185907,2.490479343526158,0.4104938271604938,plain,0,x_passive,passive_rvo_mpc,7,16
four_way_stop,density_v4_interaction_tiers,rvo_multistep_density_v1,main,fixed,4,14697,residual_candidate,high,0.1,0.2,neighbor_gaussian_v1,9092402006954470837,11.0,11.0,121.0,0.03305785123966942,30.25,x,y,11.0,0.36363636363636365,0.6714329719543457,0.6905617713928223,0,0,0,0,0,6.696011066436768,1,0,0,0,0.9699867367744446,9.84,82,0.1411525160074234,0.3615871071815491,0.9852644819766283,10.098650616593659,0.812556366867772,0.5220013372905173,0.33678597662024334,0.1597560975609756,0.10670731707317073,0.9769713077085412,1.1302801839080527,1.1732372733859755,2.532050658115527,0.34146341463414637,residual,1,x_intent,icgp_rvo_mpc,7,16
four_way_stop,density_v4_interaction_tiers,rvo_multistep_density_v1,main,fixed,4,14697,residual_zero,high,0.1,0.2,neighbor_gaussian_v1,9092402006954470837,11.0,11.0,121.0,0.03305785123966942,30.25,x,y,11.0,0.36363636363636365,0.6714329719543457,0.6905617713928223,0,0,0,0,0,6.696011066436768,1,0,0,0,1.0037702322006226,10.08,84,0.09579215943813324,0.274912029504776,0.9899998446926475,10.15883222129196,0.8980505412134031,0.5809142029382584,0.2862556533987767,0.16964285714285715,0.12797619047619047,1.091172952539554,1.1823540643886443,1.2188499752574027,2.622433980745929,0.36607142857142855,residual,0,x_passive,residual_passive_rvo_mpc,7,16
four_way_stop,density_v4_interaction_tiers,rvo_multistep_density_v1,main,fixed,8,18697,plain_candidate,clean,0.0,0.0,neighbor_gaussian_v1,857170817548565231,11.0,11.0,121.0,0.06611570247933884,15.125,y,x,11.0,0.7272727272727273,0.6649136543273926,0.6531591415405273,0,0,0,0,0,1.3726370334625244,1,0,0,0,0.6240261197090149,17.16,143,0.17521338164806366,0.3547418415546417,0.9817491136491299,11.155810419098998,0.8725981383317417,0.7093047750006606,0.10806730813249112,0.3559440559440559,0.26486013986013984,0.13812218205897886,0.28089043926161067,0.32850265842478177,1.1048665427255049,0.5305944055944056,plain,1,x_intent,icgp_rvo_mpc,7,16
four_way_stop,density_v4_interaction_tiers,rvo_multistep_density_v1,main,fixed,8,18697,plain_zero,clean,0.0,0.0,neighbor_gaussian_v1,857170817548565231,11.0,11.0,121.0,0.06611570247933884,15.125,y,x,11.0,0.7272727272727273,0.6649136543273926,0.6531591415405273,0,0,0,0,0,1.3726370334625244,1,0,0,0,0.633078396320343,17.28,144,0.17268723249435425,0.33710357546806335,0.9820122476667166,11.466508045232331,0.9183288322399474,0.7182956107943836,0.10548255204412271,0.31979166666666664,0.2612847222222222,0.20123902681697578,0.29905553152965797,0.3335330174943536,1.0384094585436914,0.5746527777777778,plain,0,x_passive,passive_rvo_mpc,7,16
four_way_stop,density_v4_interaction_tiers,rvo_multistep_density_v1,main,fixed,8,18697,residual_candidate,clean,0.0,0.0,neighbor_gaussian_v1,857170817548565231,11.0,11.0,121.0,0.06611570247933884,15.125,y,x,11.0,0.7272727272727273,0.6649136543273926,0.6531591415405273,0,0,0,0,0,1.3726370334625244,1,0,0,0,0.6638705730438232,15.959999999999999,133,0.17435938119888306,0.3373684287071228,0.9818380698561668,11.24084778672841,0.8380037485726906,0.6565592777460141,0.13377340240237703,0.3838345864661654,0.2932330827067669,0.17314268785721407,0.33840530196358837,0.43859009521852316,0.9689578068054711,0.5469924812030075,residual,1,x_intent,icgp_rvo_mpc,7,16
four_way_stop,density_v4_interaction_tiers,rvo_multistep_density_v1,main,fixed,8,18697,residual_zero,clean,0.0,0.0,neighbor_gaussian_v1,857170817548565231,11.0,11.0,121.0,0.06611570247933884,15.125,y,x,11.0,0.7272727272727273,0.6649136543273926,0.6531591415405273,0,0,0,0,0,1.3726370334625244,1,0,0,0,0.6854360699653625,13.68,114,0.19378894567489624,0.34450390934944153,0.9798142146319151,10.722785084028146,0.9193587076376405,0.7239945608991802,0.12271743374488626,0.32719298245614037,0.25877192982456143,0.25506809059342606,0.35362582388481034,0.4440373593653765,0.9636778520165308,0.6359649122807017,residual,0,x_passive,residual_passive_rvo_mpc,7,16
four_way_stop,density_v4_interaction_tiers,rvo_multistep_density_v1,main,fixed,8,18697,plain_candidate,low,0.02,0.04,neighbor_gaussian_v1,14203857848118801240,11.0,11.0,121.0,0.06611570247933884,15.125,y,x,11.0,0.7272727272727273,0.6649136543273926,0.6531591415405273,0,0,0,0,0,1.3726370334625244,1,0,0,0,0.6421123147010803,19.08,159,0.20261454582214355,0.3416958749294281,0.9788949061185122,12.112062081294425,0.9123064755175099,0.7757226383348681,0.08508522026336009,0.3158805031446541,0.23113207547169812,0.16858486429981104,0.3200346614865575,0.37638973703408773,1.0866767985247217,0.5911949685534591,plain,1,x_intent,icgp_rvo_mpc,7,16
four_way_stop,density_v4_interaction_tiers,rvo_multistep_density_v1,main,fixed,8,18697,plain_zero,low,0.02,0.04,neighbor_gaussian_v1,14203857848118801240,11.0,11.0,121.0,0.06611570247933884,15.125,y,x,11.0,0.7272727272727273,0.6649136543273926,0.6531591415405273,0,0,0,0,0,1.3726370334625244,1,0,0,0,0.6451764702796936,14.16,118,0.19976961612701416,0.36780884861946106,0.9791912455111742,11.003874250804074,0.9955949140554767,0.7653964731400296,0.09085031749653015,0.3408898305084746,0.2775423728813559,0.11529932635473249,0.22052454243114192,0.2604197592865992,1.0294215129164317,0.6091101694915254,plain,0,x_passive,passive_rvo_mpc,7,16
four_way_stop,density_v4_interaction_tiers,rvo_multistep_density_v1,main,fixed,8,18697,residual_candidate,low,0.02,0.04,neighbor_gaussian_v1,14203857848118801240,11.0,11.0,121.0,0.06611570247933884,15.125,y,x,11.0,0.7272727272727273,0.6649136543273926,0.6531591415405273,0,0,0,0,0,1.3726370334625244,0,0,0,0,0.6345994472503662,26.4,220,0.2411653995513916,0.7096413969993591,0.9748793039470911,13.457647470411757,0.748548796967688,0.6555917662483725,0.1220869318455119,0.31227272727272726,0.22045454545454546,0.26912189468127595,0.43170564057136135,0.5311622717942704,1.1101220871508122,0.47556818181818183,residual,1,x_intent,icgp_rvo_mpc,7,16
four_way_stop,density_v4_interaction_tiers,rvo_multistep_density_v1,main,fixed,8,18697,residual_zero,low,0.02,0.04,neighbor_gaussian_v1,14203857848118801240,11.0,11.0,121.0,0.06611570247933884,15.125,y,x,11.0,0.7272727272727273,0.6649136543273926,0.6531591415405273,0,0,0,0,0,1.3726370334625244,1,0,0,0,0.640783429145813,25.439999999999998,212,0.18068373203277588,0.33239442110061646,0.9811793025583029,12.717217849120061,0.7791853473293331,0.6659162325854853,0.12387305441562894,0.33125,0.2653301886792453,0.31317920691740075,0.40364215677085713,0.48337401575646116,1.1094768963641717,0.5076650943396226,residual,0,x_passive,residual_passive_rvo_mpc,7,16
four_way_stop,density_v4_interaction_tiers,rvo_multistep_density_v1,main,fixed,8,18697,plain_candidate,medium,0.05,0.1,neighbor_gaussian_v1,12889439506259615814,11.0,11.0,121.0,0.06611570247933884,15.125,y,x,11.0,0.7272727272727273,0.6649136543273926,0.6531591415405273,0,0,0,0,0,1.3726370334625244,1,0,0,0,0.6516133546829224,18.36,153,0.1761087030172348,0.3685300350189209,0.9816558547317982,12.243962291118805,1.0227544792239962,0.8598424660321934,0.0974450983621448,0.33611111111111114,0.23202614379084968,0.1595339945751681,0.3149532510513087,0.3581073341949606,1.1013747458715066,0.5490196078431373,plain,1,x_intent,icgp_rvo_mpc,7,16
four_way_stop,density_v4_interaction_tiers,rvo_multistep_density_v1,main,fixed,8,18697,plain_zero,medium,0.05,0.1,neighbor_gaussian_v1,12889439506259615814,11.0,11.0,121.0,0.06611570247933884,15.125,y,x,11.0,0.7272727272727273,0.6649136543273926,0.6531591415405273,0,0,0,0,0,1.3726370334625244,1,0,0,0,0.6927623748779297,23.759999999999998,198,0.17349646985530853,0.37260302901268005,0.9819279536604881,13.090730506781256,0.9804061436555301,0.9347377318625498,0.09089059312827885,0.2743686868686869,0.22095959595959597,0.2785333480848402,0.369664101033387,0.4020274108687812,1.1620139460491414,0.6262626262626263,plain,0,x_passive,passive_rvo_mpc,7,16
four_way_stop,density_v4_interaction_tiers,rvo_multistep_density_v1,main,fixed,8,18697,residual_candidate,medium,0.05,0.1,neighbor_gaussian_v1,12889439506259615814,11.0,11.0,121.0,0.06611570247933884,15.125,y,x,11.0,0.7272727272727273,0.6649136543273926,0.6531591415405273,0,0,0,0,0,1.3726370334625244,1,0,0,0,0.6629613637924194,24.0,200,0.1779569387435913,0.37940746545791626,0.981463335454464,12.966318764578318,0.9273862601537257,0.9072616542130709,0.11242343742196681,0.26775,0.18375,0.28583174448751386,0.43979260042309776,0.5588167957216501,1.0876522295922042,0.5825,residual,1,x_intent,icgp_rvo_mpc,7,16
four_way_stop,density_v4_interaction_tiers,rvo_multistep_density_v1,main,fixed,8,18697,residual_zero,medium,0.05,0.1,neighbor_gaussian_v1,12889439506259615814,11.0,11.0,121.0,0.06611570247933884,15.125,y,x,11.0,0.7272727272727273,0.6649136543273926,0.6531591415405273,0,0,0,0,0,1.3726370334625244,1,0,0,0,0.7362133264541626,16.08,134,0.16521047055721283,0.37764817476272583,0.9827910549938679,12.285984809088404,1.097838976295359,0.9114772957930369,0.11475242522532995,0.2914179104477612,0.22574626865671643,0.24262298715648373,0.3405753570002741,0.39577030164398136,1.1154645970207988,0.585820895522388,residual,0,x_passive,residual_passive_rvo_mpc,7,16
four_way_stop,density_v4_interaction_tiers,rvo_multistep_density_v1,main,fixed,8,18697,plain_candidate,high,0.1,0.2,neighbor_gaussian_v1,12310803882206798608,11.0,11.0,121.0,0.06611570247933884,15.125,y,x,11.0,0.7272727272727273,0.6649136543273926,0.6531591415405273,0,0,0,0,0,1.3726370334625244,1,0,0,0,0.7919623255729675,15.24,127,0.14232386648654938,0.35756179690361023,0.985175009816885,11.435203304048628,1.1734448767553165,1.0400992458260905,0.09303080781058622,0.33307086614173226,0.23326771653543307,0.14582006867883338,0.3074493394199554,0.3718222848795297,0.9478426917906353,0.6535433070866141,plain,1,x_intent,icgp_rvo_mpc,7,16
four_way_stop,density_v4_interaction_tiers,rvo_multistep_density_v1,main,fixed,8,18697,plain_zero,high,0.1,0.2,neighbor_gaussian_v1,12310803882206798608,11.0,11.0,121.0,0.06611570247933884,15.125,y,x,11.0,0.7272727272727273,0.6649136543273926,0.6531591415405273,0,0,0,0,0,1.3726370334625244,1,0,0,0,0.8130450248718262,11.879999999999999,99,0.20369185507297516,0.35603898763656616,0.9787826891988516,10.767971903289435,1.2461077623596095,1.0428638849971872,0.08725113671383529,0.38964646464646463,0.32954545454545453,0.11357428011409189,0.21483268076535128,0.26596640366007285,0.9261701460032151,0.6616161616161617,plain,0,x_passive,passive_rvo_mpc,7,16
four_way_stop,density_v4_interaction_tiers,rvo_multistep_density_v1,main,fixed,8,18697,residual_candidate,high,0.1,0.2,neighbor_gaussian_v1,12310803882206798608,11.0,11.0,121.0,0.06611570247933884,15.125,y,x,11.0,0.7272727272727273,0.6649136543273926,0.6531591415405273,0,0,0,0,0,1.3726370334625244,1,0,0,0,0.7190746068954468,16.919999999999998,141,0.17703977227210999,0.364950954914093,0.981558870524168,11.90978763019666,1.2601179255450026,1.1062915405483111,0.12283377677155989,0.36631205673758865,0.2624113475177305,0.12655142414040124,0.28038534044056923,0.34634793486578247,0.9230779470989467,0.5948581560283688,residual,1,x_intent,icgp_rvo_mpc,7,16
four_way_stop,density_v4_interaction_tiers,rvo_multistep_density_v1,main,fixed,8,18697,residual_zero,high,0.1,0.2,neighbor_gaussian_v1,12310803882206798608,11.0,11.0,121.0,0.06611570247933884,15.125,y,x,11.0,0.7272727272727273,0.6649136543273926,0.6531591415405273,0,0,0,0,0,1.3726370334625244,1,0,0,0,0.7408514618873596,14.639999999999999,122,0.20937253534793854,0.37525230646133423,0.9781909678131342,11.427438596911088,1.2153578469926705,1.0475647658659297,0.11699211054441488,0.3442622950819672,0.26741803278688525,0.16360754047457482,0.2685997157666039,0.3340115383621611,0.9451672894165655,0.6485655737704918,residual,0,x_passive,residual_passive_rvo_mpc,7,16
corridor,density_v4_interaction_tiers,rvo_multistep_density_v1,main,fixed,4,14157,plain_candidate,clean,0.0,0.0,neighbor_gaussian_v1,16639156983954758810,12.0,5.4,64.80000000000001,0.061728395061728385,16.200000000000003,x,y,4.140000000000001,0.9661835748792269,0.9997663497924805,0.9656062126159668,0,0,0,0,0,1.2160501861572266,1,0,0,0,0.5533391833305359,12.48,104,0.13054047524929047,0.36646324396133423,0.9872178435325623,11.648884697351605,0.703852181107952,0.48064073467125684,0.1855663460726366,0.20528846153846153,0.14903846153846154,0.20413444677985704,0.3311794342129276,0.3782301408195725,0.5517746067476961,0.71875,plain,1,x_intent,icgp_rvo_mpc,7,17
corridor,density_v4_interaction_tiers,rvo_multistep_density_v1,main,fixed,4,14157,plain_zero,clean,0.0,0.0,neighbor_gaussian_v1,16639156983954758810,12.0,5.4,64.80000000000001,0.061728395061728385,16.200000000000003,x,y,4.140000000000001,0.9661835748792269,0.9997663497924805,0.9656062126159668,0,0,0,0,0,1.2160501861572266,1,0,0,0,0.6260942220687866,12.36,103,0.12674343585968018,0.36299487948417664,0.9875896386802197,11.19819976692088,0.6647226792371389,0.44749216829399463,0.1794679611141441,0.22233009708737864,0.1650485436893204,0.22399074150231277,0.3304194164370159,0.3761897494817532,0.5325510466445997,0.6747572815533981,plain,0,x_passive,passive_rvo_mpc,7,17
corridor,density_v4_interaction_tiers,rvo_multistep_density_v1,main,fixed,4,14157,residual_candidate,clean,0.0,0.0,neighbor_gaussian_v1,16639156983954758810,12.0,5.4,64.80000000000001,0.061728395061728385,16.200000000000003,x,y,4.140000000000001,0.9661835748792269,0.9997663497924805,0.9656062126159668,0,0,0,0,0,1.2160501861572266,1,0,0,0,0.7260690331459045,12.48,104,0.11421473324298859,0.30668383836746216,0.9888164140284061,10.842124068381963,0.5696465256590343,0.3922929584648675,0.2359824513685173,0.2375,0.17307692307692307,0.19034568963590295,0.3415739553908889,0.37465405486237546,0.6335294572450222,0.38461538461538464,residual,1,x_intent,icgp_rvo_mpc,7,17
corridor,density_v4_interaction_tiers,rvo_multistep_density_v1,main,fixed,4,14157,residual_zero,clean,0.0,0.0,neighbor_gaussian_v1,16639156983954758810,12.0,5.4,64.80000000000001,0.061728395061728385,16.200000000000003,x,y,4.140000000000001,0.9661835748792269,0.9997663497924805,0.9656062126159668,0,0,0,0,0,1.2160501861572266,1,0,0,0,0.742681086063385,12.719999999999999,106,0.10828990489244461,0.3053458631038666,0.9893965572118759,10.787079212837853,0.7481862193957534,0.4385865214544366,0.2271938678602038,0.2641509433962264,0.20754716981132076,0.2093478223576896,0.32604341142933885,0.36660913544794865,0.6765900027936429,0.3867924528301887,residual,0,x_passive,residual_passive_rvo_mpc,7,17
corridor,density_v4_interaction_tiers,rvo_multistep_density_v1,main,fixed,4,14157,plain_candidate,low,0.02,0.04,neighbor_gaussian_v1,12433292493457019064,12.0,5.4,64.80000000000001,0.061728395061728385,16.200000000000003,x,y,4.140000000000001,0.9661835748792269,0.9997663497924805,0.9656062126159668,0,0,0,0,0,1.2160501861572266,1,0,0,0,0.5457080006599426,12.6,105,0.13159261643886566,0.3572756052017212,0.9871148206293583,11.634830581548158,0.6906846722676641,0.5012088984960601,0.16327738038463785,0.2123809523809524,0.15,0.19735335555415426,0.32930973368173544,0.3754300830520335,0.5586754332667305,0.6904761904761905,plain,1,x_intent,icgp_rvo_mpc,7,17
corridor,density_v4_interaction_tiers,rvo_multistep_density_v1,main,fixed,4,14157,plain_zero,low,0.02,0.04,neighbor_gaussian_v1,12433292493457019064,12.0,5.4,64.80000000000001,0.061728395061728385,16.200000000000003,x,y,4.140000000000001,0.9661835748792269,0.9997663497924805,0.9656062126159668,0,0,0,0,0,1.2160501861572266,1,0,0,0,0.7035031914710999,12.24,102,0.2145369052886963,0.32210594415664673,0.9789931494742632,12.016540019772947,0.8685906208942041,0.5636636205017567,0.18448308786473183,0.15049019607843137,0.11519607843137254,0.2659292331314189,0.35028849141033114,0.4460269698330804,0.5312630454319366,0.8284313725490197,plain,0,x_passive,passive_rvo_mpc,7,17
corridor,density_v4_interaction_tiers,rvo_multistep_density_v1,main,fixed,4,14157,residual_candidate,low,0.02,0.04,neighbor_gaussian_v1,12433292493457019064,12.0,5.4,64.80000000000001,0.061728395061728385,16.200000000000003,x,y,4.140000000000001,0.9661835748792269,0.9997663497924805,0.9656062126159668,0,0,0,0,0,1.2160501861572266,1,0,0,0,0.6959254741668701,12.719999999999999,106,0.13581547141075134,0.3042457103729248,0.9867013301700354,10.845221209863666,0.5725556308818752,0.3770202017380452,0.20845589515717947,0.24669811320754717,0.18867924528301888,0.18066776043630015,0.33172526835832955,0.36353158883609865,0.6201500796442324,0.37971698113207547,residual,1,x_intent,icgp_rvo_mpc,7,17
corridor,density_v4_interaction_tiers,rvo_multistep_density_v1,main,fixed,4,14157,residual_zero,low,0.02,0.04,neighbor_gaussian_v1,12433292493457019064,12.0,5.4,64.80000000000001,0.061728395061728385,16.200000000000003,x,y,4.140000000000001,0.9661835748792269,0.9997663497924805,0.9656062126159668,0,0,0,0,0,1.2160501861572266,1,0,0,0,0.6643008589744568,12.48,104,0.12019948661327362,0.3100915849208832,0.9882304044440389,10.783537179522682,0.7023044219688297,0.44944980984571603,0.21644447112451487,0.2793269230769231,0.21394230769230768,0.2051028172438069,0.32389618810481174,0.3655841194258,0.6564227505028248,0.39903846153846156,residual,0,x_passive,residual_passive_rvo_mpc,7,17
corridor,density_v4_interaction_tiers,rvo_multistep_density_v1,main,fixed,4,14157,plain_candidate,medium,0.05,0.1,neighbor_gaussian_v1,6053646628683324435,12.0,5.4,64.80000000000001,0.061728395061728385,16.200000000000003,x,y,4.140000000000001,0.9661835748792269,0.9997663497924805,0.9656062126159668,0,0,0,0,0,1.2160501861572266,1,0,0,0,0.68549644947052,11.639999999999999,97,0.16691383719444275,0.337676465511322,0.9836562667042017,11.361267314176075,0.8208137679192209,0.6777619688781267,0.18560592764412465,0.21237113402061855,0.15463917525773196,0.19779466960425535,0.327260780656307,0.3683807617295341,0.5720784178683439,0.7525773195876289,plain,1,x_intent,icgp_rvo_mpc,7,17
corridor,density_v4_interaction_tiers,rvo_multistep_density_v1,main,fixed,4,14157,plain_zero,medium,0.05,0.1,neighbor_gaussian_v1,6053646628683324435,12.0,5.4,64.80000000000001,0.061728395061728385,16.200000000000003,x,y,4.140000000000001,0.9661835748792269,0.9997663497924805,0.9656062126159668,0,0,0,0,0,1.2160501861572266,1,0,0,0,0.696205198764801,11.4,95,0.12434937059879303,0.312612384557724,0.9878240590915084,10.665997219039127,0.7999754822960026,0.6320893700577711,0.19536473769939652,0.2073684210526316,0.16578947368421051,0.2381178307383272,0.3584895547769571,0.3933790092483947,0.5540226374080307,0.6789473684210526,plain,0,x_passive,passive_rvo_mpc,7,17
corridor,density_v4_interaction_tiers,rvo_multistep_density_v1,main,fixed,4,14157,residual_candidate,medium,0.05,0.1,neighbor_gaussian_v1,6053646628683324435,12.0,5.4,64.80000000000001,0.061728395061728385,16.200000000000003,x,y,4.140000000000001,0.9661835748792269,0.9997663497924805,0.9656062126159668,0,0,0,0,0,1.2160501861572266,1,0,0,0,0.7785057425498962,12.48,104,0.11993248760700226,0.2790546119213104,0.9882565476000309,10.845196721784305,0.5869488456452158,0.4316779835857093,0.22919927939186052,0.22740384615384615,0.15865384615384615,0.20061904778471218,0.3514780077015838,0.38273754191728165,0.6340088099226928,0.3629807692307692,residual,1,x_intent,icgp_rvo_mpc,7,17
corridor,density_v4_interaction_tiers,rvo_multistep_density_v1,main,fixed,4,14157,residual_zero,medium,0.05,0.1,neighbor_gaussian_v1,6053646628683324435,12.0,5.4,64.80000000000001,0.061728395061728385,16.200000000000003,x,y,4.140000000000001,0.9661835748792269,0.9997663497924805,0.9656062126159668,0,0,0,0,0,1.2160501861572266,1,0,0,0,0.7786754369735718,10.68,89,0.18415266275405884,0.3085900843143463,0.9819682892411947,10.396069916489068,0.5345784716381367,0.4269102877764596,0.20929634930131685,0.20674157303370785,0.12640449438202248,0.195318655889858,0.31218116661470924,0.3434345572282759,0.5681452271476221,0.4157303370786517,residual,0,x_passive,residual_passive_rvo_mpc,7,17
corridor,density_v4_interaction_tiers,rvo_multistep_density_v1,main,fixed,4,14157,plain_candidate,high,0.1,0.2,neighbor_gaussian_v1,13011499922652675917,12.0,5.4,64.80000000000001,0.061728395061728385,16.200000000000003,x,y,4.140000000000001,0.9661835748792269,0.9997663497924805,0.9656062126159668,0,0,0,0,0,1.2160501861572266,1,0,0,0,0.5437991619110107,12.12,101,0.12355183809995651,0.32720857858657837,0.9879021514207125,11.03308346949052,1.093166198433921,0.8079044894213872,0.16717302124822825,0.24405940594059405,0.16831683168316833,0.17244273843045463,0.32626552293796346,0.38213018733233506,0.5406556067667385,0.6113861386138614,plain,1,x_intent,icgp_rvo_mpc,7,17
corridor,density_v4_interaction_tiers,rvo_multistep_density_v1,main,fixed,4,14157,plain_zero,high,0.1,0.2,neighbor_gaussian_v1,13011499922652675917,12.0,5.4,64.80000000000001,0.061728395061728385,16.200000000000003,x,y,4.140000000000001,0.9661835748792269,0.9997663497924805,0.9656062126159668,0,0,0,0,0,1.2160501861572266,1,0,0,0,0.7122466564178467,10.799999999999999,90,0.17304876446723938,0.35919973254203796,0.9830555506050587,10.632790877716616,0.9890303555876017,0.9113433460394541,0.17410416751065189,0.25722222222222224,0.2111111111111111,0.20339713487329167,0.3173077848661277,0.3577010310631659,0.5567602713836564,0.6888888888888889,plain,0,x_passive,passive_rvo_mpc,7,17
corridor,density_v4_interaction_tiers,rvo_multistep_density_v1,main,fixed,4,14157,residual_candidate,high,0.1,0.2,neighbor_gaussian_v1,13011499922652675917,12.0,5.4,64.80000000000001,0.061728395061728385,16.200000000000003,x,y,4.140000000000001,0.9661835748792269,0.9997663497924805,0.9656062126159668,0,0,0,0,0,1.2160501861572266,1,0,0,0,0.7515819668769836,15.36,128,0.09916270524263382,0.2912434935569763,0.9902902664616704,10.726209807078703,0.5790474671002812,0.4464082831655105,0.21237285227471148,0.2390625,0.185546875,0.1696862368816073,0.32603897704975676,0.35393486669985574,0.6102010001195595,0.3203125,residual,1,x_intent,icgp_rvo_mpc,7,17
corridor,density_v4_interaction_tiers,rvo_multistep_density_v1,main,fixed,4,14157,residual_zero,high,0.1,0.2,neighbor_gaussian_v1,13011499922652675917,12.0,5.4,64.80000000000001,0.061728395061728385,16.200000000000003,x,y,4.140000000000001,0.9661835748792269,0.9997663497924805,0.9656062126159668,0,0,0,0,0,1.2160501861572266,1,0,0,0,0.8255752921104431,10.799999999999999,90,0.19960123300552368,0.3278683125972748,0.980455607175827,10.367006697983015,0.653193453546717,0.5567948818206787,0.24493638888492975,0.22055555555555556,0.14722222222222223,0.21178125444478874,0.3253493667923742,0.3587928419046932,0.5976073656794098,0.41388888888888886,residual,0,x_passive,residual_passive_rvo_mpc,7,17
corridor,density_v4_interaction_tiers,rvo_multistep_density_v1,main,fixed,8,18157,plain_candidate,clean,0.0,0.0,neighbor_gaussian_v1,14221383359061688423,12.0,5.4,64.80000000000001,0.12345679012345677,8.100000000000001,x,y,4.140000000000001,1.9323671497584538,0.988034725189209,0.9919614791870117,0,0,0,0,0,0.6796116828918457,0,0,0,0,0.6299579739570618,26.4,220,0.7752079963684082,1.9596034288406372,0.9234087243676186,12.536570125754224,0.8968084026466716,0.9632033823566003,0.0900456817114239,0.5021590909090909,0.36420454545454545,-0.08771573403584558,0.05287654198079623,0.06218814495121213,0.46963356021046637,0.75,plain,1,x_intent,icgp_rvo_mpc,7,17
corridor,density_v4_interaction_tiers,rvo_multistep_density_v1,main,fixed,8,18157,plain_zero,clean,0.0,0.0,neighbor_gaussian_v1,14221383359061688423,12.0,5.4,64.80000000000001,0.12345679012345677,8.100000000000001,x,y,4.140000000000001,1.9323671497584538,0.988034725189209,0.9919614791870117,0,0,0,0,0,0.6796116828918457,0,0,0,0,0.5479609370231628,26.4,220,0.7782568335533142,1.2365549802780151,0.9231074973940849,14.202404869389284,0.9333921396258202,0.8911688213321296,0.0880280682891184,0.5872727272727273,0.45625,-0.10275019865982574,0.011595033766109151,0.016734658979472107,0.45053422426906503,0.75,plain,0,x_passive,passive_rvo_mpc,7,17
corridor,density_v4_interaction_tiers,rvo_multistep_density_v1,main,fixed,8,18157,residual_candidate,clean,0.0,0.0,neighbor_gaussian_v1,14221383359061688423,12.0,5.4,64.80000000000001,0.12345679012345677,8.100000000000001,x,y,4.140000000000001,1.9323671497584538,0.988034725189209,0.9919614791870117,0,0,0,0,0,0.6796116828918457,0,1,1,0,0.4335559010505676,26.4,220,0.6748288869857788,0.9258038997650146,0.9333262741565704,14.43688048849799,0.9479910469867966,0.9584595581347292,0.10946352270945102,0.48465909090909093,0.32784090909090907,-0.08006807946443388,0.07281440571475435,0.08251957075755026,0.467002841828645,0.7681818181818182,residual,1,x_intent,icgp_rvo_mpc,7,17
corridor,density_v4_interaction_tiers,rvo_multistep_density_v1,main,fixed,8,18157,residual_zero,clean,0.0,0.0,neighbor_gaussian_v1,14221383359061688423,12.0,5.4,64.80000000000001,0.12345679012345677,8.100000000000001,x,y,4.140000000000001,1.9323671497584538,0.988034725189209,0.9919614791870117,0,0,0,0,0,0.6796116828918457,0,0,0,0,0.611890971660614,26.4,220,0.743523359298706,1.4980326890945435,0.9265391975641251,15.102488240951061,1.0118472887033767,0.968500639024106,0.11185340927940243,0.38125,0.2676136363636364,0.010626382558982283,0.11823912839100444,0.12650664694251662,0.4350158139817756,0.8113636363636364,residual,0,x_passive,residual_passive_rvo_mpc,7,17
corridor,density_v4_interaction_tiers,rvo_multistep_density_v1,main,fixed,8,18157,plain_candidate,low,0.02,0.04,neighbor_gaussian_v1,2657247378727275677,12.0,5.4,64.80000000000001,0.12345679012345677,8.100000000000001,x,y,4.140000000000001,1.9323671497584538,0.988034725189209,0.9919614791870117,0,0,0,0,0,0.6796116828918457,0,0,0,0,0.6201013326644897,26.4,220,0.8034499287605286,1.643873691558838,0.9206183925271034,13.202026642800774,1.0145041126419196,1.0681290186264298,0.08411210275715514,0.5580681818181819,0.37670454545454546,-0.12213603771842,0.05344817556254564,0.06110158369707112,0.46456344569000335,0.7073863636363636,plain,1,x_intent,icgp_rvo_mpc,7,17
corridor,density_v4_interaction_tiers,rvo_multistep_density_v1,main,fixed,8,18157,plain_zero,low,0.02,0.04,neighbor_gaussian_v1,2657247378727275677,12.0,5.4,64.80000000000001,0.12345679012345677,8.100000000000001,x,y,4.140000000000001,1.9323671497584538,0.988034725189209,0.9919614791870117,0,0,0,0,0,0.6796116828918457,0,0,0,0,0.575253427028656,26.4,220,0.8083010315895081,1.356519103050232,0.9201391041278839,13.718814349616878,0.9865495486692949,0.9976897123185071,0.08758340941726188,0.5546590909090909,0.42727272727272725,-0.103955316099497,0.01286949126634068,0.026678122695958737,0.4616344019100071,0.7346590909090909,plain,0,x_passive,passive_rvo_mpc,7,17
corridor,density_v4_interaction_tiers,rvo_multistep_density_v1,main,fixed,8,18157,residual_candidate,low,0.02,0.04,neighbor_gaussian_v1,2657247378727275677,12.0,5.4,64.80000000000001,0.12345679012345677,8.100000000000001,x,y,4.140000000000001,1.9323671497584538,0.988034725189209,0.9919614791870117,0,0,0,0,0,0.6796116828918457,0,0,0,0,0.6179775595664978,26.4,220,0.809791088104248,1.3743094205856323,0.9199918806552887,12.89219795495032,1.0726723861965266,1.1156574733555318,0.11374585225315638,0.49477272727272725,0.3164772727272727,-0.06998608896631578,0.08733552909930321,0.09108921744420445,0.5155364178154958,0.74375,residual,1,x_intent,icgp_rvo_mpc,7,17
corridor,density_v4_interaction_tiers,rvo_multistep_density_v1,main,fixed,8,18157,residual_zero,low,0.02,0.04,neighbor_gaussian_v1,2657247378727275677,12.0,5.4,64.80000000000001,0.12345679012345677,8.100000000000001,x,y,4.140000000000001,1.9323671497584538,0.988034725189209,0.9919614791870117,0,0,0,0,0,0.6796116828918457,0,0,0,0,0.6147785186767578,26.4,220,0.7165520191192627,1.4941235780715942,0.929203987121582,13.675060427431163,0.9761904377151619,0.9944255211136558,0.10905227275295394,0.47125,0.3431818181818182,-0.0648391252680343,0.04423223437284203,0.051831186243586916,0.4566510026312688,0.7840909090909091,residual,0,x_passive,residual_passive_rvo_mpc,7,17
corridor,density_v4_interaction_tiers,rvo_multistep_density_v1,main,fixed,8,18157,plain_candidate,medium,0.05,0.1,neighbor_gaussian_v1,7092766273812553682,12.0,5.4,64.80000000000001,0.12345679012345677,8.100000000000001,x,y,4.140000000000001,1.9323671497584538,0.988034725189209,0.9919614791870117,0,0,0,0,0,0.6796116828918457,0,0,0,0,0.6158751845359802,26.4,220,0.6084696650505066,1.0426496267318726,0.9398826286196709,15.108272098390444,1.3734045486558568,1.3780243074352092,0.08534323873887346,0.5630681818181819,0.4034090909090909,-0.12258070350832051,0.04198272514791989,0.04960569370715794,0.4413848455592313,0.7522727272727273,plain,1,x_intent,icgp_rvo_mpc,7,17
corridor,density_v4_interaction_tiers,rvo_multistep_density_v1,main,fixed,8,18157,plain_zero,medium,0.05,0.1,neighbor_gaussian_v1,7092766273812553682,12.0,5.4,64.80000000000001,0.12345679012345677,8.100000000000001,x,y,4.140000000000001,1.9323671497584538,0.988034725189209,0.9919614791870117,0,0,0,0,0,0.6796116828918457,0,0,0,0,0.607938826084137,26.4,220,0.7757189273834229,1.3533120155334473,0.9233582466840744,14.492944439014536,1.1026701530272311,1.1412577327002178,0.09044943171002987,0.5486363636363636,0.4102272727272727,-0.09730469990501563,0.015660116092217232,0.0201478307777169,0.4319874799947509,0.7664772727272727,plain,0,x_passive,passive_rvo_mpc,7,17
corridor,density_v4_interaction_tiers,rvo_multistep_density_v1,main,fixed,8,18157,residual_candidate,medium,0.05,0.1,neighbor_gaussian_v1,7092766273812553682,12.0,5.4,64.80000000000001,0.12345679012345677,8.100000000000001,x,y,4.140000000000001,1.9323671497584538,0.988034725189209,0.9919614791870117,0,0,0,0,0,0.6796116828918457,0,0,0,0,0.5942795276641846,26.4,220,0.8127626180648804,1.7615697383880615,0.9196982905268669,15.033507212669065,1.1938808890906247,1.1752381217750636,0.11404625028345353,0.4796590909090909,0.35,-0.07412746192046589,0.08535654559358954,0.09752751528573307,0.4336499279774726,0.7795454545454545,residual,1,x_intent,icgp_rvo_mpc,7,17
corridor,density_v4_interaction_tiers,rvo_multistep_density_v1,main,fixed,8,18157,residual_zero,medium,0.05,0.1,neighbor_gaussian_v1,7092766273812553682,12.0,5.4,64.80000000000001,0.12345679012345677,8.100000000000001,x,y,4.140000000000001,1.9323671497584538,0.988034725189209,0.9919614791870117,0,0,0,0,0,0.6796116828918457,0,0,0,0,0.634414792060852,26.4,220,0.6794103384017944,1.5294647216796875,0.9328736215829849,14.129398418397614,1.2275615864856677,1.21961349750107,0.11079988636827859,0.49920454545454546,0.37670454545454546,-0.07513859213724605,0.041264891927045834,0.050894002818756466,0.4554756408083169,0.73125,residual,0,x_passive,residual_passive_rvo_mpc,7,17
corridor,density_v4_interaction_tiers,rvo_multistep_density_v1,main,fixed,8,18157,plain_candidate,high,0.1,0.2,neighbor_gaussian_v1,3394508847811471331,12.0,5.4,64.80000000000001,0.12345679012345677,8.100000000000001,x,y,4.140000000000001,1.9323671497584538,0.988034725189209,0.9919614791870117,0,0,0,0,0,0.6796116828918457,0,0,0,0,0.6376528739929199,26.4,220,0.5970156192779541,1.236840844154358,0.9410142973065376,15.111093249724945,1.5243106611750343,1.478696371750398,0.08546363602693997,0.5735227272727272,0.4193181818181818,-0.1338640761833839,0.02387845346077598,0.03086891444857147,0.463016185711392,0.7267045454545454,plain,1,x_intent,icgp_rvo_mpc,7,17
corridor,density_v4_interaction_tiers,rvo_multistep_density_v1,main,fixed,8,18157,plain_zero,high,0.1,0.2,neighbor_gaussian_v1,3394508847811471331,12.0,5.4,64.80000000000001,0.12345679012345677,8.100000000000001,x,y,4.140000000000001,1.9323671497584538,0.988034725189209,0.9919614791870117,0,0,0,0,0,0.6796116828918457,0,0,0,0,0.6349242925643921,26.4,220,0.8226946592330933,2.1180291175842285,0.9187169969081879,15.029350361961406,1.4635036236860535,1.379316346482797,0.08484159066442358,0.5051136363636364,0.38693181818181815,-0.06035349442090162,0.046817499574358476,0.054529484432275316,0.4377450310916386,0.740909090909091,plain,0,x_passive,passive_rvo_mpc,7,17
corridor,density_v4_interaction_tiers,rvo_multistep_density_v1,main,fixed,8,18157,residual_candidate,high,0.1,0.2,neighbor_gaussian_v1,3394508847811471331,12.0,5.4,64.80000000000001,0.12345679012345677,8.100000000000001,x,y,4.140000000000001,1.9323671497584538,0.988034725189209,0.9919614791870117,0,0,0,0,0,0.6796116828918457,0,0,0,0,0.6703632473945618,26.4,220,0.8654965758323669,1.7420583963394165,0.9144881293177605,15.172407048376044,1.4559930394996297,1.4275828770615837,0.11070017032827971,0.5254545454545455,0.4022727272727273,-0.10074324183623752,0.054741995195265514,0.06224341477030378,0.4865283710021018,0.7653409090909091,residual,1,x_intent,icgp_rvo_mpc,7,17
corridor,density_v4_interaction_tiers,rvo_multistep_density_v1,main,fixed,8,18157,residual_zero,high,0.1,0.2,neighbor_gaussian_v1,3394508847811471331,12.0,5.4,64.80000000000001,0.12345679012345677,8.100000000000001,x,y,4.140000000000001,1.9323671497584538,0.988034725189209,0.9919614791870117,0,0,0,0,0,0.6796116828918457,0,0,0,0,0.6703632473945618,26.4,220,0.6929899454116821,1.0973204374313354,0.9315319433808327,14.204739696971956,1.435336488078941,1.3984815459359776,0.11245278404782187,0.4793181818181818,0.3568181818181818,-0.060301972034069805,0.04937766471953893,0.053694533937102676,0.45799424941736194,0.7602272727272728,residual,0,x_passive,residual_passive_rvo_mpc,7,17
narrow_gate,density_v4_interaction_tiers,rvo_multistep_density_v1,main,fixed,4,14466,plain_candidate,clean,0.0,0.0,neighbor_gaussian_v1,16305476852988820397,12.0,8.0,96.0,0.041666666666666664,24.0,x,y,2.2,1.8181818181818181,0.7981071472167969,0.8545103073120117,0,0,0,0,0,2.8641459941864014,0,0,0,0,0.8157378229518151,26.4,220,1.721941590309143,6.791117191314697,0.8375382870435715,11.739698124604729,0.565701053555875,0.42910493548790163,0.17106670447074893,0.2802272727272727,0.08068181818181819,0.5135216506103608,0.6974761452590005,0.708965012919377,1.425733864701587,0.45454545454545453,plain,1,x_intent,icgp_rvo_mpc,7,17
narrow_gate,density_v4_interaction_tiers,rvo_multistep_density_v1,main,fixed,4,14466,plain_zero,clean,0.0,0.0,neighbor_gaussian_v1,16305476852988820397,12.0,8.0,96.0,0.041666666666666664,24.0,x,y,2.2,1.8181818181818181,0.7981071472167969,0.8545103073120117,0,0,0,0,0,2.8641459941864014,0,0,0,0,0.8157378229518151,26.4,220,1.8556456565856934,7.286812782287598,0.824923574924469,12.299426245765062,0.625432286945976,0.5332916233709759,0.15689568158863534,0.25977272727272727,0.04772727272727273,0.4516650394631698,0.5884390712809994,0.6038743821491295,1.1365377917336867,0.5272727272727272,plain,0,x_passive,passive_rvo_mpc,7,17
narrow_gate,density_v4_interaction_tiers,rvo_multistep_density_v1,main,fixed,4,14466,residual_candidate,clean,0.0,0.0,neighbor_gaussian_v1,16305476852988820397,12.0,8.0,96.0,0.041666666666666664,24.0,x,y,2.2,1.8181818181818181,0.7981071472167969,0.8545103073120117,0,0,0,0,0,2.8641459941864014,0,0,0,0,0.8157378229518151,26.4,220,1.7660057544708252,6.887118816375732,0.8333809226751328,11.388423480235303,0.5691178035493728,0.45867603246799926,0.2085448867794846,0.2531818181818182,0.08295454545454546,0.7509301667924715,0.910875470025072,0.9184406068053769,1.358713937598946,0.4409090909090909,residual,1,x_intent,icgp_rvo_mpc,7,17
narrow_gate,density_v4_interaction_tiers,rvo_multistep_density_v1,main,fixed,4,14466,residual_zero,clean,0.0,0.0,neighbor_gaussian_v1,16305476852988820397,12.0,8.0,96.0,0.041666666666666664,24.0,x,y,2.2,1.8181818181818181,0.7981071472167969,0.8545103073120117,0,0,0,0,0,2.8641459941864014,0,0,0,0,0.8157378229518151,26.4,220,1.7705873250961304,6.921079635620117,0.8329486548900604,11.833058787339269,0.6241676129818767,0.4825981698972596,0.20543068226702002,0.2875,0.10568181818181818,0.7302777647793904,0.8644025114448428,0.8695097498810175,1.4387982205945833,0.4636363636363636,residual,0,x_passive,residual_passive_rvo_mpc,7,17
narrow_gate,density_v4_interaction_tiers,rvo_multistep_density_v1,main,fixed,4,14466,plain_candidate,low,0.02,0.04,neighbor_gaussian_v1,3966418796345980934,12.0,8.0,96.0,0.041666666666666664,24.0,x,y,2.2,1.8181818181818181,0.7981071472167969,0.8545103073120117,0,0,0,0,0,2.8641459941864014,0,0,0,0,0.8126806896479541,26.4,220,1.2930241823196411,5.00066614151001,0.8780057802796364,12.992134380649077,0.8578625072516098,0.7608706300792454,0.16175511363227005,0.31636363636363635,0.08068181818181819,0.297100773972179,0.4770724471735765,0.49302592085932023,0.9129359022421824,0.5840909090909091,plain,1,x_intent,icgp_rvo_mpc,7,17
narrow_gate,density_v4_interaction_tiers,rvo_multistep_density_v1,main,fixed,4,14466,plain_zero,low,0.02,0.04,neighbor_gaussian_v1,3966418796345980934,12.0,8.0,96.0,0.041666666666666664,24.0,x,y,2.2,1.8181818181818181,0.7981071472167969,0.8545103073120117,0,0,0,0,0,2.8641459941864014,0,0,0,0,0.8126806896479541,26.4,220,1.7693225145339966,6.890479564666748,0.833067998290062,14.050310155185798,0.7741089544544758,0.6543382729065012,0.16447408984690395,0.3038636363636364,0.17386363636363636,0.45859795506242335,0.5759523213773562,0.6035723183022097,1.1200939470148683,0.5386363636363637,plain,0,x_passive,passive_rvo_mpc,7,17
narrow_gate,density_v4_interaction_tiers,rvo_multistep_density_v1,main,fixed,4,14466,residual_candidate,low,0.02,0.04,neighbor_gaussian_v1,3966418796345980934,12.0,8.0,96.0,0.041666666666666664,24.0,x,y,2.2,1.8181818181818181,0.7981071472167969,0.8545103073120117,0,0,0,0,0,2.8641459941864014,1,0,0,0,0.7112928628921509,16.2,135,0.12185721099376678,0.33737170696258545,0.9885030183941126,12.266380536020733,0.9032660444491302,0.5849718892912346,0.21047425904759653,0.2688888888888889,0.13703703703703704,0.44926810970867603,0.600729306064596,0.6300383508124218,1.0028655759435978,0.575925925925926,residual,1,x_intent,icgp_rvo_mpc,7,17
narrow_gate,density_v4_interaction_tiers,rvo_multistep_density_v1,main,fixed,4,14466,residual_zero,low,0.02,0.04,neighbor_gaussian_v1,3966418796345980934,12.0,8.0,96.0,0.041666666666666664,24.0,x,y,2.2,1.8181818181818181,0.7981071472167969,0.8545103073120117,0,0,0,0,0,2.8641459941864014,1,0,0,0,0.8126806896479541,24.36,203,0.10982534289360046,0.32966241240501404,0.9896382009610534,13.737140499375528,0.7269092153596091,0.5344911610725992,0.21895788193639057,0.21551724137931033,0.09852216748768473,0.7471238461035539,0.8581772576919232,0.8863364220637929,1.27518097471071,0.4445812807881773,residual,0,x_passive,residual_passive_rvo_mpc,7,17
narrow_gate,density_v4_interaction_tiers,rvo_multistep_density_v1,main,fixed,4,14466,plain_candidate,medium,0.05,0.1,neighbor_gaussian_v1,15237529184779789850,12.0,8.0,96.0,0.041666666666666664,24.0,x,y,2.2,1.8181818181818181,0.7981071472167969,0.8545103073120117,0,0,0,0,0,2.8641459941864014,0,0,0,0,0.8153705529699198,26.4,220,1.6909639835357666,6.614833831787109,0.8404609560966492,11.973056869086577,0.6586755591967217,0.5382494089976799,0.16738659118841911,0.2781818181818182,0.06704545454545455,0.4485639694985613,0.6578244283394975,0.6695155344282862,1.2515406786720988,0.46136363636363636,plain,1,x_intent,icgp_rvo_mpc,7,17
narrow_gate,density_v4_interaction_tiers,rvo_multistep_density_v1,main,fixed,4,14466,plain_zero,medium,0.05,0.1,neighbor_gaussian_v1,15237529184779789850,12.0,8.0,96.0,0.041666666666666664,24.0,x,y,2.2,1.8181818181818181,0.7981071472167969,0.8545103073120117,0,0,0,0,0,2.8641459941864014,0,0,0,0,0.7714549899101257,26.4,220,1.8389949798583984,7.256706714630127,0.8264945447444916,12.339095095623634,0.6697356660649265,0.5298657293516127,0.16799204492020758,0.2859090909090909,0.10568181818181818,0.4919958792531558,0.6236592023317968,0.6416926099489426,1.1521866119158803,0.5227272727272727,plain,0,x_passive,passive_rvo_mpc,7,17
narrow_gate,density_v4_interaction_tiers,rvo_multistep_density_v1,main,fixed,4,14466,residual_candidate,medium,0.05,0.1,neighbor_gaussian_v1,15237529184779789850,12.0,8.0,96.0,0.041666666666666664,24.0,x,y,2.2,1.8181818181818181,0.7981071472167969,0.8545103073120117,0,0,0,0,0,2.8641459941864014,1,0,0,0,0.8084871242234918,20.279999999999998,169,0.12959803640842438,0.34613046050071716,0.9877726873382926,13.052990465133917,0.7766950870368122,0.6283877794410394,0.2136702659455839,0.15562130177514794,0.042899408284023666,0.5558200794706389,0.6964360654902197,0.7071316919433133,1.0379989389444753,0.5162721893491125,residual,1,x_intent,icgp_rvo_mpc,7,17
narrow_gate,density_v4_interaction_tiers,rvo_multistep_density_v1,main,fixed,4,14466,residual_zero,medium,0.05,0.1,neighbor_gaussian_v1,15237529184779789850,12.0,8.0,96.0,0.041666666666666664,24.0,x,y,2.2,1.8181818181818181,0.7981071472167969,0.8545103073120117,0,0,0,0,0,2.8641459941864014,0,0,0,0,0.8026650547981262,26.4,220,1.7322428226470947,6.844455718994141,0.8365663886070251,11.947211547393636,0.7152835214256563,0.5698563524310223,0.2152171590503051,0.32886363636363636,0.1431818181818182,0.6675460309736229,0.8065555009857237,0.8124573022811462,1.3981501071679525,0.46704545454545454,residual,0,x_passive,residual_passive_rvo_mpc,7,17
narrow_gate,density_v4_interaction_tiers,rvo_multistep_density_v1,main,fixed,4,14466,plain_candidate,high,0.1,0.2,neighbor_gaussian_v1,3311905387761972346,12.0,8.0,96.0,0.041666666666666664,24.0,x,y,2.2,1.8181818181818181,0.7981071472167969,0.8545103073120117,0,0,0,0,0,2.8641459941864014,1,0,0,0,0.6366947293281555,16.439999999999998,137,0.10539316385984421,0.2735176086425781,0.9900563675910234,11.895215313648805,1.0260048122213214,0.8242085306347776,0.1606959853844758,0.335036496350365,0.18613138686131386,0.31582067113264595,0.5075848541231819,0.5392450820094944,1.0516342757004147,0.5711678832116789,plain,1,x_intent,icgp_rvo_mpc,7,17
narrow_gate,density_v4_interaction_tiers,rvo_multistep_density_v1,main,fixed,4,14466,plain_zero,high,0.1,0.2,neighbor_gaussian_v1,3311905387761972346,12.0,8.0,96.0,0.041666666666666664,24.0,x,y,2.2,1.8181818181818181,0.7981071472167969,0.8545103073120117,0,0,0,0,0,2.8641459941864014,0,0,0,0,0.8285094847496502,26.4,220,1.514629602432251,5.969740867614746,0.8570977598428726,11.793328317755368,0.6714133653471601,0.5686914188268763,0.15950034159521403,0.29954545454545456,0.1431818181818182,0.5423974150360696,0.6737306759797668,0.6864163606168562,1.2889537860219031,0.38977272727272727,plain,0,x_passive,passive_rvo_mpc,7,17
narrow_gate,density_v4_interaction_tiers,rvo_multistep_density_v1,main,fixed,4,14466,residual_candidate,high,0.1,0.2,neighbor_gaussian_v1,3311905387761972346,12.0,8.0,96.0,0.041666666666666664,24.0,x,y,2.2,1.8181818181818181,0.7981071472167969,0.8545103073120117,0,0,0,0,0,2.8641459941864014,1,0,0,0,0.8144433618628133,18.96,158,0.1346266269683838,0.27944862842559814,0.9872982492670417,12.34190690378091,0.7955729915344899,0.6102715705232576,0.2168696186736615,0.21772151898734177,0.13449367088607594,0.6739214558597437,0.816846910358775,0.8319861985578555,1.2586843826219294,0.40822784810126583,residual,1,x_intent,icgp_rvo_mpc,7,17
narrow_gate,density_v4_interaction_tiers,rvo_multistep_density_v1,main,fixed,4,14466,residual_zero,high,0.1,0.2,neighbor_gaussian_v1,3311905387761972346,12.0,8.0,96.0,0.041666666666666664,24.0,x,y,2.2,1.8181818181818181,0.7981071472167969,0.8545103073120117,0,0,0,0,0,2.8641459941864014,1,0,0,0,0.7919315099716187,21.24,177,0.10688266158103943,0.2980700433254242,0.9899158366024494,12.739643715423881,0.8380348552912895,0.6417164220816671,0.21588813568107615,0.23615819209039549,0.10310734463276836,0.6253032653612894,0.7466516103403666,0.7579853280860821,1.1734163881333102,0.4392655367231638,residual,0,x_passive,residual_passive_rvo_mpc,7,17
narrow_gate,density_v4_interaction_tiers,rvo_multistep_density_v1,main,fixed,8,18466,plain_candidate,clean,0.0,0.0,neighbor_gaussian_v1,7001137858600240596,12.0,8.0,96.0,0.08333333333333333,12.0,x,y,2.2,3.6363636363636362,0.8240375518798828,0.7924337387084961,0,0,0,0,0,0.8277395367622375,0,0,0,0,0.6825056076049805,26.4,220,1.359668254852295,7.103784561157227,0.8689560294151306,13.991263389298183,0.9129318554293026,0.8799506658857519,0.08828107942959336,0.5759090909090909,0.31363636363636366,-0.10826282715935881,0.07695677814822595,0.08905847154676574,0.46974558671052824,0.8164772727272728,plain,1,x_intent,icgp_rvo_mpc,7,17
narrow_gate,density_v4_interaction_tiers,rvo_multistep_density_v1,main,fixed,8,18466,plain_zero,clean,0.0,0.0,neighbor_gaussian_v1,7001137858600240596,12.0,8.0,96.0,0.08333333333333333,12.0,x,y,2.2,3.6363636363636362,0.8240375518798828,0.7924337387084961,0,0,0,0,0,0.8277395367622375,0,0,0,0,0.6228178143501282,26.4,220,1.9467191696166992,7.36851692199707,0.8123764395713806,13.059412630325596,0.8376940202475949,0.7969372838058255,0.08809477301176892,0.5698863636363637,0.35568181818181815,-0.06560020535026223,0.06465645716647718,0.07234739516115442,0.5359174937617266,0.76875,plain,0,x_passive,passive_rvo_mpc,7,17
narrow_gate,density_v4_interaction_tiers,rvo_multistep_density_v1,main,fixed,8,18466,residual_candidate,clean,0.0,0.0,neighbor_gaussian_v1,7001137858600240596,12.0,8.0,96.0,0.08333333333333333,12.0,x,y,2.2,3.6363636363636362,0.8240375518798828,0.7924337387084961,0,0,0,0,0,0.8277395367622375,0,0,0,0,0.6253976225852966,26.4,220,1.2533721923828125,6.673364639282227,0.879200778901577,13.62864300367255,0.7962843105874279,0.7124116650020534,0.11223914761186196,0.5055681818181819,0.30170454545454545,-0.0212363112014607,0.15216776685739639,0.16008362855568348,0.5601737489075298,0.7625,residual,1,x_intent,icgp_rvo_mpc,7,17
narrow_gate,density_v4_interaction_tiers,rvo_multistep_density_v1,main,fixed,8,18466,residual_zero,clean,0.0,0.0,neighbor_gaussian_v1,7001137858600240596,12.0,8.0,96.0,0.08333333333333333,12.0,x,y,2.2,3.6363636363636362,0.8240375518798828,0.7924337387084961,0,0,0,0,0,0.8277395367622375,0,0,0,0,0.6196708679199219,26.4,220,1.5274441242218018,5.52798318862915,0.8527859002351761,12.289869467921108,0.7313417936590585,0.6694151638922367,0.12012403415362562,0.5563636363636364,0.3159090909090909,-0.061238067467002624,0.07600516096617199,0.07858107053256518,0.6066486330460412,0.678409090909091,residual,0,x_passive,residual_passive_rvo_mpc,7,17
narrow_gate,density_v4_interaction_tiers,rvo_multistep_density_v1,main,fixed,8,18466,plain_candidate,low,0.02,0.04,neighbor_gaussian_v1,18370801167934339979,12.0,8.0,96.0,0.08333333333333333,12.0,x,y,2.2,3.6363636363636362,0.8240375518798828,0.7924337387084961,0,0,0,0,0,0.8277395367622375,0,0,0,0,0.6301035284996033,26.4,220,1.7247778177261353,7.585753440856934,0.8337670117616653,12.283983815936153,0.8058359527452426,0.8204647889530117,0.09002840934871612,0.5718181818181818,0.25738636363636364,-0.07662705877571499,0.11056431776970603,0.11983001048062805,0.5766393177407996,0.79375,plain,1,x_intent,icgp_rvo_mpc,7,17
narrow_gate,density_v4_interaction_tiers,rvo_multistep_density_v1,main,fixed,8,18466,plain_zero,low,0.02,0.04,neighbor_gaussian_v1,18370801167934339979,12.0,8.0,96.0,0.08333333333333333,12.0,x,y,2.2,3.6363636363636362,0.8240375518798828,0.7924337387084961,0,0,0,0,0,0.8277395367622375,0,0,0,0,0.6936273574829102,26.4,220,2.1240501403808594,7.498048782348633,0.7952853888273239,11.69127826608019,0.7255813839506696,0.7023983706296845,0.08877965933193495,0.5410227272727273,0.32272727272727275,-0.02975577205159454,0.10277740783130399,0.10401914288478036,0.684766377930456,0.6346590909090909,plain,0,x_passive,passive_rvo_mpc,7,17
narrow_gate,density_v4_interaction_tiers,rvo_multistep_density_v1,main,fixed,8,18466,residual_candidate,low,0.02,0.04,neighbor_gaussian_v1,18370801167934339979,12.0,8.0,96.0,0.08333333333333333,12.0,x,y,2.2,3.6363636363636362,0.8240375518798828,0.7924337387084961,0,0,0,0,0,0.8277395367622375,0,0,0,0,0.7608877420425415,26.4,220,2.327826499938965,8.119796752929688,0.7756455540657043,11.852484078433008,0.7949389653957702,0.7521417488767342,0.11585590889973735,0.5528409090909091,0.23920454545454545,-0.07526090376234458,0.10431043438496534,0.10718878741809454,0.5388033457465766,0.7857954545454545,residual,1,x_intent,icgp_rvo_mpc,7,17
narrow_gate,density_v4_interaction_tiers,rvo_multistep_density_v1,main,fixed,8,18466,residual_zero,low,0.02,0.04,neighbor_gaussian_v1,18370801167934339979,12.0,8.0,96.0,0.08333333333333333,12.0,x,y,2.2,3.6363636363636362,0.8240375518798828,0.7924337387084961,0,0,0,0,0,0.8277395367622375,0,0,0,0,0.6348262429237366,26.4,220,2.9736413955688477,7.250329971313477,0.7134023308753967,10.274296996678459,0.6294203556396745,0.5941534349864179,0.11297414771847385,0.4994318181818182,0.26136363636363635,0.01619771386997405,0.1470788672818731,0.15048382766595703,0.48943206238932946,0.7602272727272728,residual,0,x_passive,residual_passive_rvo_mpc,7,17
narrow_gate,density_v4_interaction_tiers,rvo_multistep_density_v1,main,fixed,8,18466,plain_candidate,medium,0.05,0.1,neighbor_gaussian_v1,7828166058323390676,12.0,8.0,96.0,0.08333333333333333,12.0,x,y,2.2,3.6363636363636362,0.8240375518798828,0.7924337387084961,0,0,0,0,0,0.8277395367622375,0,0,0,0,0.6601622700691223,26.4,220,1.945133090019226,7.354366779327393,0.8125293105840683,12.776630897167706,0.8848234996876934,0.8421093664386056,0.08484056822701612,0.5632954545454546,0.2551136363636364,-0.06144968993763205,0.13389507731364145,0.14469982259157935,0.5819067271946342,0.7431818181818182,plain,1,x_intent,icgp_rvo_mpc,7,17
narrow_gate,density_v4_interaction_tiers,rvo_multistep_density_v1,main,fixed,8,18466,plain_zero,medium,0.05,0.1,neighbor_gaussian_v1,7828166058323390676,12.0,8.0,96.0,0.08333333333333333,12.0,x,y,2.2,3.6363636363636362,0.8240375518798828,0.7924337387084961,0,0,0,0,0,0.8277395367622375,0,0,0,0,0.7035066485404968,26.4,220,1.5239897966384888,7.167766094207764,0.853118821978569,13.009837175552093,0.9053809479894963,0.8532473366707564,0.09498517048830929,0.5393181818181818,0.2948863636363636,-0.03007926028184405,0.11067668439472998,0.13914092817305113,0.47376621204732666,0.7710227272727272,plain,0,x_passive,passive_rvo_mpc,7,17
narrow_gate,density_v4_interaction_tiers,rvo_multistep_density_v1,main,fixed,8,18466,residual_candidate,medium,0.05,0.1,neighbor_gaussian_v1,7828166058323390676,12.0,8.0,96.0,0.08333333333333333,12.0,x,y,2.2,3.6363636363636362,0.8240375518798828,0.7924337387084961,0,0,0,0,0,0.8277395367622375,0,0,0,0,0.5821799635887146,26.4,220,2.305238723754883,8.03743839263916,0.7778225541114807,12.198000081695454,0.9707248537716541,0.9714944941076366,0.10999329536968037,0.5420454545454545,0.28011363636363634,-0.05775593245022465,0.11571327023509408,0.12556376305342912,0.509696246131738,0.7977272727272727,residual,1,x_intent,icgp_rvo_mpc,7,17
narrow_gate,density_v4_interaction_tiers,rvo_multistep_density_v1,main,fixed,8,18466,residual_zero,medium,0.05,0.1,neighbor_gaussian_v1,7828166058323390676,12.0,8.0,96.0,0.08333333333333333,12.0,x,y,2.2,3.6363636363636362,0.8240375518798828,0.7924337387084961,0,0,0,0,0,0.8277395367622375,0,0,0,0,0.6636592745780945,26.4,220,1.4032024145126343,7.333893299102783,0.864760234951973,13.749958872303978,0.9384914174675941,0.9016934705051509,0.11734284089470748,0.5675,0.35795454545454547,-0.062454815365082975,0.07011366628000554,0.08775790397720126,0.5409711829535564,0.7511363636363636,residual,0,x_passive,residual_passive_rvo_mpc,7,17
narrow_gate,density_v4_interaction_tiers,rvo_multistep_density_v1,main,fixed,8,18466,plain_candidate,high,0.1,0.2,neighbor_gaussian_v1,13629274011685543728,12.0,8.0,96.0,0.08333333333333333,12.0,x,y,2.2,3.6363636363636362,0.8240375518798828,0.7924337387084961,0,0,0,0,0,0.8277395367622375,0,0,0,0,0.6503987312316895,26.4,220,0.615327775478363,0.933992862701416,0.9406950995326042,14.081426246142655,1.264240918511694,1.1722729808904908,0.11134926145049659,0.55,0.3221590909090909,-0.09699186093793627,0.0704774506242708,0.07475438991726273,0.5698913974092175,0.7357954545454546,plain,1,x_intent,icgp_rvo_mpc,7,17
narrow_gate,density_v4_interaction_tiers,rvo_multistep_density_v1,main,fixed,8,18466,plain_zero,high,0.1,0.2,neighbor_gaussian_v1,13629274011685543728,12.0,8.0,96.0,0.08333333333333333,12.0,x,y,2.2,3.6363636363636362,0.8240375518798828,0.7924337387084961,0,0,0,0,0,0.8277395367622375,0,0,0,0,0.7804068922996521,26.4,220,1.8360416889190674,7.4197893142700195,0.8230434656143188,12.626845380293162,1.1167489922859453,1.140283960510384,0.09964085243568248,0.6117045454545454,0.39886363636363636,-0.10786215649387787,0.038619060999489495,0.0403567642948894,0.5096890250575556,0.7596590909090909,plain,0,x_passive,passive_rvo_mpc,7,17
narrow_gate,density_v4_interaction_tiers,rvo_multistep_density_v1,main,fixed,8,18466,residual_candidate,high,0.1,0.2,neighbor_gaussian_v1,13629274011685543728,12.0,8.0,96.0,0.08333333333333333,12.0,x,y,2.2,3.6363636363636362,0.8240375518798828,0.7924337387084961,0,0,0,0,0,0.8277395367622375,0,0,0,0,0.7818962931632996,26.4,220,2.236330509185791,7.43662166595459,0.7844638824462891,11.91824946778388,1.035823294384913,0.9922972173514691,0.15619034083184405,0.5898863636363636,0.26704545454545453,-0.11295845244985152,0.07985898271698895,0.08203540265939563,0.5602455812713057,0.7534090909090909,residual,1,x_intent,icgp_rvo_mpc,7,17
narrow_gate,density_v4_interaction_tiers,rvo_multistep_density_v1,main,fixed,8,18466,residual_zero,high,0.1,0.2,neighbor_gaussian_v1,13629274011685543728,12.0,8.0,96.0,0.08333333333333333,12.0,x,y,2.2,3.6363636363636362,0.8240375518798828,0.7924337387084961,0,0,0,0,0,0.8277395367622375,0,0,0,0,0.669143795967102,26.4,220,1.9166347980499268,7.533443450927734,0.8152759522199631,12.302363466669249,1.145750367167321,1.1282061144709588,0.13462119270777542,0.5,0.26136363636363635,-0.027932624753160502,0.10991353532798667,0.11324178330874314,0.5800758728487526,0.7545454545454545,residual,0,x_passive,residual_passive_rvo_mpc,7,17
merge_bottleneck,density_v4_interaction_tiers,rvo_multistep_density_v1,main,fixed,4,14979,plain_candidate,clean,0.0,0.0,neighbor_gaussian_v1,13266389413227163673,12.0,8.0,96.0,0.041666666666666664,24.0,x,y,2.2,1.8181818181818181,0.8087501525878906,0.9000000953674316,0,0,0,0,0,1.6509315967559814,0,0,0,0,0.8400381316144703,26.4,220,0.6115388870239258,0.9159950017929077,0.9409530982375145,13.025505599885946,0.5281338814299075,0.5008443454862572,0.17873568153432148,0.35454545454545455,0.07954545454545454,0.09696225236574783,0.26784547553636423,0.2984840552896765,0.5530195698452111,0.6943181818181818,plain,1,x_intent,icgp_rvo_mpc,7,17
merge_bottleneck,density_v4_interaction_tiers,rvo_multistep_density_v1,main,fixed,4,14979,plain_zero,clean,0.0,0.0,neighbor_gaussian_v1,13266389413227163673,12.0,8.0,96.0,0.041666666666666664,24.0,x,y,2.2,1.8181818181818181,0.8087501525878906,0.9000000953674316,0,0,0,0,0,1.6509315967559814,0,0,0,0,0.6447518467903137,26.4,220,0.5671231746673584,0.7633070945739746,0.9452416375279427,13.253070429095715,0.5193809577276459,0.4442686328569173,0.1798465912791223,0.41613636363636364,0.15568181818181817,0.06142828338356906,0.20314123841407655,0.22452101884476194,0.5399397564399263,0.65,plain,0,x_passive,passive_rvo_mpc,7,17
merge_bottleneck,density_v4_interaction_tiers,rvo_multistep_density_v1,main,fixed,4,14979,residual_candidate,clean,0.0,0.0,neighbor_gaussian_v1,13266389413227163673,12.0,8.0,96.0,0.041666666666666664,24.0,x,y,2.2,1.8181818181818181,0.8087501525878906,0.9000000953674316,0,0,0,0,0,1.6509315967559814,0,0,0,0,0.7742212414741516,26.4,220,0.615863561630249,1.212647795677185,0.9405355304479599,13.50554867243045,0.5670645782945609,0.47474726575310344,0.2300070459816859,0.3352272727272727,0.0875,0.057256815686136206,0.21661207981365493,0.24095977667338317,0.5319883094359503,0.7170454545454545,residual,1,x_intent,icgp_rvo_mpc,7,17
merge_bottleneck,density_v4_interaction_tiers,rvo_multistep_density_v1,main,fixed,4,14979,residual_zero,clean,0.0,0.0,neighbor_gaussian_v1,13266389413227163673,12.0,8.0,96.0,0.041666666666666664,24.0,x,y,2.2,1.8181818181818181,0.8087501525878906,0.9000000953674316,0,0,0,0,0,1.6509315967559814,0,0,0,0,0.8400463771820068,26.4,220,0.7138285636901855,1.364859700202942,0.9310765564441681,13.443271811469458,0.6324908499043638,0.6211320680076658,0.21983784086346117,0.3325,0.060227272727272727,0.09620225683722859,0.2273712720837033,0.2404916387166417,0.5134931743874707,0.7784090909090909,residual,0,x_passive,residual_passive_rvo_mpc,7,17
merge_bottleneck,density_v4_interaction_tiers,rvo_multistep_density_v1,main,fixed,4,14979,plain_candidate,low,0.02,0.04,neighbor_gaussian_v1,8632987402944629671,12.0,8.0,96.0,0.041666666666666664,24.0,x,y,2.2,1.8181818181818181,0.8087501525878906,0.9000000953674316,0,0,0,0,0,1.6509315967559814,0,0,0,0,0.5888232588768005,26.4,220,0.5252875089645386,0.715401828289032,0.9492810666561127,13.973134631392895,0.6788422515145695,0.6469715647112356,0.17643443233365277,0.34363636363636363,0.07272727272727272,0.09221685644274966,0.24703079909858225,0.3057423732574675,0.4874059463307247,0.7329545454545454,plain,1,x_intent,icgp_rvo_mpc,7,17
merge_bottleneck,density_v4_interaction_tiers,rvo_multistep_density_v1,main,fixed,4,14979,plain_zero,low,0.02,0.04,neighbor_gaussian_v1,8632987402944629671,12.0,8.0,96.0,0.041666666666666664,24.0,x,y,2.2,1.8181818181818181,0.8087501525878906,0.9000000953674316,0,0,0,0,0,1.6509315967559814,0,0,0,0,0.7857313752174377,26.4,220,0.6321333646774292,0.8619392514228821,0.9389646053314209,13.921990180406283,0.7630581000340251,0.6801393976080528,0.16518579518147322,0.36068181818181816,0.09431818181818181,0.09431888173111004,0.2241766957326887,0.25118633344329366,0.5106922011336112,0.6988636363636364,plain,0,x_passive,passive_rvo_mpc,7,17
merge_bottleneck,density_v4_interaction_tiers,rvo_multistep_density_v1,main,fixed,4,14979,residual_candidate,low,0.02,0.04,neighbor_gaussian_v1,8632987402944629671,12.0,8.0,96.0,0.041666666666666664,24.0,x,y,2.2,1.8181818181818181,0.8087501525878906,0.9000000953674316,0,0,0,0,0,1.6509315967559814,0,0,0,0,0.7757051587104797,26.4,220,0.5267102718353271,0.833981990814209,0.9491436928510666,13.479854537334177,0.6474668121682374,0.5959964011234908,0.21230170466217466,0.3577272727272727,0.13295454545454546,0.056121992959993566,0.2004803628337527,0.22155235043288715,0.5354675285653332,0.7375,residual,1,x_intent,icgp_rvo_mpc,7,17
merge_bottleneck,density_v4_interaction_tiers,rvo_multistep_density_v1,main,fixed,4,14979,residual_zero,low,0.02,0.04,neighbor_gaussian_v1,8632987402944629671,12.0,8.0,96.0,0.041666666666666664,24.0,x,y,2.2,1.8181818181818181,0.8087501525878906,0.9000000953674316,0,0,0,0,0,1.6509315967559814,0,0,0,0,0.840024247413395,26.4,220,0.599686861038208,1.1993005275726318,0.9420974627137184,14.093229347869055,0.6631423373209228,0.6243600172900848,0.24836397695418616,0.3518181818181818,0.08181818181818182,0.09252874442145631,0.22757625434670337,0.24223892055913207,0.5325484810590516,0.7511363636363636,residual,0,x_passive,residual_passive_rvo_mpc,7,17
merge_bottleneck,density_v4_interaction_tiers,rvo_multistep_density_v1,main,fixed,4,14979,plain_candidate,medium,0.05,0.1,neighbor_gaussian_v1,8549530515267540369,12.0,8.0,96.0,0.041666666666666664,24.0,x,y,2.2,1.8181818181818181,0.8087501525878906,0.9000000953674316,0,0,0,0,0,1.6509315967559814,0,0,0,0,0.6404799818992615,26.4,220,0.5152863264083862,0.7178750038146973,0.9502467252314091,13.977158044743533,0.7793774908902461,0.6768473887011748,0.18698818173354745,0.40613636363636363,0.10681818181818181,0.054566231608146,0.22251067871604846,0.2714951356588885,0.47514411261379813,0.6977272727272728,plain,1,x_intent,icgp_rvo_mpc,7,17
merge_bottleneck,density_v4_interaction_tiers,rvo_multistep_density_v1,main,fixed,4,14979,plain_zero,medium,0.05,0.1,neighbor_gaussian_v1,8549530515267540369,12.0,8.0,96.0,0.041666666666666664,24.0,x,y,2.2,1.8181818181818181,0.8087501525878906,0.9000000953674316,0,0,0,0,0,1.6509315967559814,0,0,0,0,0.7304791808128357,26.4,220,1.009232759475708,2.735886812210083,0.902553915977478,13.154595925450849,0.7037138656918118,0.6590436280231436,0.17824715938662516,0.4025,0.1215909090909091,0.08524432439712042,0.22931535605615624,0.2564249055216608,0.509850738691131,0.7045454545454546,plain,0,x_passive,passive_rvo_mpc,7,17
merge_bottleneck,density_v4_interaction_tiers,rvo_multistep_density_v1,main,fixed,4,14979,residual_candidate,medium,0.05,0.1,neighbor_gaussian_v1,8549530515267540369,12.0,8.0,96.0,0.041666666666666664,24.0,x,y,2.2,1.8181818181818181,0.8087501525878906,0.9000000953674316,0,0,0,0,0,1.6509315967559814,0,0,0,0,0.7203656435012817,26.4,220,0.7271229028701782,1.1915487051010132,0.9297929257154465,14.515743065741844,0.7667327885336074,0.6685658178228716,0.22303125012761235,0.3815909090909091,0.12613636363636363,0.05110313182028363,0.20351133197958668,0.21573064476664267,0.5522574102714642,0.7636363636363637,residual,1,x_intent,icgp_rvo_mpc,7,17
merge_bottleneck,density_v4_interaction_tiers,rvo_multistep_density_v1,main,fixed,4,14979,residual_zero,medium,0.05,0.1,neighbor_gaussian_v1,8549530515267540369,12.0,8.0,96.0,0.041666666666666664,24.0,x,y,2.2,1.8181818181818181,0.8087501525878906,0.9000000953674316,0,0,0,0,0,1.6509315967559814,0,0,0,0,0.8196114897727966,26.4,220,0.8219150304794312,1.6311918497085571,0.9206403121352196,13.671800047130091,0.7734830584355884,0.7851044505749913,0.2111681819687047,0.3418181818181818,0.07727272727272727,0.09878768943512307,0.2290234450614054,0.24782645052374844,0.48542345833050254,0.7840909090909091,residual,0,x_passive,residual_passive_rvo_mpc,7,17
merge_bottleneck,density_v4_interaction_tiers,rvo_multistep_density_v1,main,fixed,4,14979,plain_candidate,high,0.1,0.2,neighbor_gaussian_v1,16257546797690743322,12.0,8.0,96.0,0.041666666666666664,24.0,x,y,2.2,1.8181818181818181,0.8087501525878906,0.9000000953674316,0,0,0,0,0,1.6509315967559814,0,0,0,0,0.7608285546302795,26.4,220,1.171775221824646,3.166428327560425,0.886859692633152,13.313059886936571,0.8335516551365303,0.7382338443421759,0.1634279538517479,0.42613636363636365,0.11363636363636363,0.036576717121053696,0.21093256656463605,0.24272849688520243,0.4758533737201967,0.7011363636363637,plain,1,x_intent,icgp_rvo_mpc,7,17
merge_bottleneck,density_v4_interaction_tiers,rvo_multistep_density_v1,main,fixed,4,14979,plain_zero,high,0.1,0.2,neighbor_gaussian_v1,16257546797690743322,12.0,8.0,96.0,0.041666666666666664,24.0,x,y,2.2,1.8181818181818181,0.8087501525878906,0.9000000953674316,0,0,0,0,0,1.6509315967559814,0,0,0,0,0.8400135707855225,26.4,220,1.1308131217956543,2.8748793601989746,0.8908147737383842,13.95080951777345,0.8526853096438571,0.7853907941163264,0.17133749967218714,0.4134090909090909,0.1318181818181818,0.079728906583172,0.2237052137771214,0.23699361084815784,0.508817855212279,0.7647727272727273,plain,0,x_passive,passive_rvo_mpc,7,17
merge_bottleneck,density_v4_interaction_tiers,rvo_multistep_density_v1,main,fixed,4,14979,residual_candidate,high,0.1,0.2,neighbor_gaussian_v1,16257546797690743322,12.0,8.0,96.0,0.041666666666666664,24.0,x,y,2.2,1.8181818181818181,0.8087501525878906,0.9000000953674316,0,0,0,0,0,1.6509315967559814,0,0,0,0,0.7788479328155518,26.4,220,0.5728781819343567,0.8996606469154358,0.9446859657764435,14.323312833643286,1.014534521633124,0.9218773027606817,0.2615652272652369,0.36227272727272725,0.13295454545454546,0.07599954345565742,0.22595291346722257,0.241308496679815,0.5437339721197644,0.7375,residual,1,x_intent,icgp_rvo_mpc,7,17
merge_bottleneck,density_v4_interaction_tiers,rvo_multistep_density_v1,main,fixed,4,14979,residual_zero,high,0.1,0.2,neighbor_gaussian_v1,16257546797690743322,12.0,8.0,96.0,0.041666666666666664,24.0,x,y,2.2,1.8181818181818181,0.8087501525878906,0.9000000953674316,0,0,0,0,0,1.6509315967559814,0,0,0,0,0.8400345754623413,26.4,220,0.8025283217430115,0.9012640118598938,0.9225121885538101,14.63921391472104,0.9231637186360206,0.8371727022342383,0.3005165907697202,0.3447727272727273,0.08977272727272727,0.1027706205326421,0.2353262740667752,0.25389820681608993,0.5259805497264904,0.7556818181818182,residual,0,x_passive,residual_passive_rvo_mpc,7,17
merge_bottleneck,density_v4_interaction_tiers,rvo_multistep_density_v1,main,fixed,8,18979,plain_candidate,clean,0.0,0.0,neighbor_gaussian_v1,4534662631166576093,12.0,8.0,96.0,0.08333333333333333,12.0,x,y,2.2,3.6363636363636362,0.7758617401123047,0.9000000953674316,0,0,0,0,0,0.7103341817855835,0,0,1,0,0.5035800933837891,26.4,220,2.487412452697754,7.102685928344727,0.7600427567958832,11.169333068596643,0.9571467751806433,0.9832079959863966,0.11046085211009168,0.6311363636363636,0.3380681818181818,-0.15134656919586095,0.01794619661452519,0.02237633012524484,0.3371747460157934,0.8454545454545455,plain,1,x_intent,icgp_rvo_mpc,7,17
merge_bottleneck,density_v4_interaction_tiers,rvo_multistep_density_v1,main,fixed,8,18979,plain_zero,clean,0.0,0.0,neighbor_gaussian_v1,4534662631166576093,12.0,8.0,96.0,0.08333333333333333,12.0,x,y,2.2,3.6363636363636362,0.7758617401123047,0.9000000953674316,0,0,0,0,0,0.7103341817855835,0,0,0,0,0.5437496304512024,26.4,220,3.085376262664795,6.956416606903076,0.7023580074310303,10.490570300640684,0.8577578942206773,0.9357295873490247,0.12849568166447253,0.6743181818181818,0.34602272727272726,-0.15149253460119716,0.0010951548475285576,0.00761142915035087,0.327792102296414,0.8789772727272728,plain,0,x_passive,passive_rvo_mpc,7,17
merge_bottleneck,density_v4_interaction_tiers,rvo_multistep_density_v1,main,fixed,8,18979,residual_candidate,clean,0.0,0.0,neighbor_gaussian_v1,4534662631166576093,12.0,8.0,96.0,0.08333333333333333,12.0,x,y,2.2,3.6363636363636362,0.7758617401123047,0.9000000953674316,0,0,0,0,0,0.7103341817855835,0,0,1,0,0.4847266376018524,26.4,220,1.888045310974121,6.524902820587158,0.817862868309021,12.708868266026457,0.9191057627173987,0.9233493185686794,0.14778437510937115,0.5443181818181818,0.21931818181818183,-0.11285556111103655,0.07046132775464004,0.07604855267094103,0.32571827070489184,0.8619318181818182,residual,1,x_intent,icgp_rvo_mpc,7,17
merge_bottleneck,density_v4_interaction_tiers,rvo_multistep_density_v1,main,fixed,8,18979,residual_zero,clean,0.0,0.0,neighbor_gaussian_v1,4534662631166576093,12.0,8.0,96.0,0.08333333333333333,12.0,x,y,2.2,3.6363636363636362,0.7758617401123047,0.9000000953674316,0,0,0,0,0,0.7103341817855835,0,0,0,0,0.5367900729179382,26.4,220,2.439362049102783,6.473236083984375,0.764678105711937,11.99339191200238,0.9811621818691492,0.981964461132884,0.15214517049819484,0.52125,0.25,-0.07865026263962407,0.0599122050744791,0.06216989047163808,0.3610699379103469,0.8517045454545454,residual,0,x_passive,residual_passive_rvo_mpc,7,17
merge_bottleneck,density_v4_interaction_tiers,rvo_multistep_density_v1,main,fixed,8,18979,plain_candidate,low,0.02,0.04,neighbor_gaussian_v1,13910045977260058216,12.0,8.0,96.0,0.08333333333333333,12.0,x,y,2.2,3.6363636363636362,0.7758617401123047,0.9000000953674316,0,0,0,0,0,0.7103341817855835,0,0,0,0,0.6846070289611816,26.4,220,3.1184239387512207,6.899229526519775,0.699169933795929,11.110756067249895,0.984130866385319,1.04960869923234,0.13559784086034846,0.6114772727272727,0.3028409090909091,-0.13771355717579833,0.03216512448222403,0.0348342090623312,0.36877435104305323,0.8676136363636363,plain,1,x_intent,icgp_rvo_mpc,7,17
merge_bottleneck,density_v4_interaction_tiers,rvo_multistep_density_v1,main,fixed,8,18979,plain_zero,low,0.02,0.04,neighbor_gaussian_v1,13910045977260058216,12.0,8.0,96.0,0.08333333333333333,12.0,x,y,2.2,3.6363636363636362,0.7758617401123047,0.9000000953674316,0,0,0,0,0,0.7103341817855835,0,0,1,0,0.4953829050064087,26.4,220,3.810744047164917,7.104998588562012,0.6323827803134918,10.419398441955991,0.9143997385420582,0.9739585747772997,0.09550823855203237,0.6673863636363636,0.37329545454545454,-0.1556396817168641,0.0024614977777688224,0.012060659806363273,0.2518340925837894,0.865909090909091,plain,0,x_passive,passive_rvo_mpc,7,17
merge_bottleneck,density_v4_interaction_tiers,rvo_multistep_density_v1,main,fixed,8,18979,residual_candidate,low,0.02,0.04,neighbor_gaussian_v1,13910045977260058216,12.0,8.0,96.0,0.08333333333333333,12.0,x,y,2.2,3.6363636363636362,0.7758617401123047,0.9000000953674316,0,0,0,0,0,0.7103341817855835,0,0,0,0,0.5327011346817017,26.4,220,2.5152766704559326,6.823826789855957,0.7573547214269638,11.61796181752652,1.0102152185683901,1.0358821765943007,0.13113721632345748,0.5857954545454546,0.21534090909090908,-0.13958551842325062,0.05027440996849742,0.05259105700839314,0.29562168715498677,0.8596590909090909,residual,1,x_intent,icgp_rvo_mpc,7,17
merge_bottleneck,density_v4_interaction_tiers,rvo_multistep_density_v1,main,fixed,8,18979,residual_zero,low,0.02,0.04,neighbor_gaussian_v1,13910045977260058216,12.0,8.0,96.0,0.08333333333333333,12.0,x,y,2.2,3.6363636363636362,0.7758617401123047,0.9000000953674316,0,0,0,0,0,0.7103341817855835,0,0,1,0,0.4696919620037079,26.4,220,2.427340269088745,6.886160373687744,0.7658378332853317,12.312480407027579,1.0286364502866159,1.0541023825379936,0.14245715915008492,0.5388636363636363,0.2556818181818182,-0.08516156549088894,0.06398539370053917,0.07204095543066932,0.3272396252977717,0.8857954545454545,residual,0,x_passive,residual_passive_rvo_mpc,7,17
merge_bottleneck,density_v4_interaction_tiers,rvo_multistep_density_v1,main,fixed,8,18979,plain_candidate,medium,0.05,0.1,neighbor_gaussian_v1,13700678561700896457,12.0,8.0,96.0,0.08333333333333333,12.0,x,y,2.2,3.6363636363636362,0.7758617401123047,0.9000000953674316,0,0,0,0,0,0.7103341817855835,0,0,0,0,0.5525522232055664,26.4,220,2.9571332931518555,6.875432014465332,0.7147294282913208,11.074942013688087,1.0548581167378208,1.0678967303173108,0.1038500565217956,0.60125,0.27329545454545456,-0.12364206734323556,0.04393233534049429,0.048639916975042864,0.37087997720245364,0.8465909090909091,plain,1,x_intent,icgp_rvo_mpc,7,17
merge_bottleneck,density_v4_interaction_tiers,rvo_multistep_density_v1,main,fixed,8,18979,plain_zero,medium,0.05,0.1,neighbor_gaussian_v1,13700678561700896457,12.0,8.0,96.0,0.08333333333333333,12.0,x,y,2.2,3.6363636363636362,0.7758617401123047,0.9000000953674316,0,0,0,0,0,0.7103341817855835,0,0,0,0,0.5854939222335815,26.4,220,2.438524007797241,6.585771083831787,0.7647589445114136,12.455113310463275,1.0104439326985315,1.0412557718090036,0.0947759656727695,0.6364772727272727,0.33636363636363636,-0.1345149955358402,0.01760678190014436,0.020595068521335642,0.37237545452568577,0.8585227272727273,plain,0,x_passive,passive_rvo_mpc,7,17
merge_bottleneck,density_v4_interaction_tiers,rvo_multistep_density_v1,main,fixed,8,18979,residual_candidate,medium,0.05,0.1,neighbor_gaussian_v1,13700678561700896457,12.0,8.0,96.0,0.08333333333333333,12.0,x,y,2.2,3.6363636363636362,0.7758617401123047,0.9000000953674316,0,0,0,0,0,0.7103341817855835,0,0,0,0,0.5798674821853638,26.4,220,2.9464521408081055,6.830356121063232,0.715759813785553,11.07145697179567,1.028799651495435,1.0890770884400065,0.1218718181917211,0.5705681818181818,0.19147727272727272,-0.12647394966286055,0.0635444552482745,0.06873207338806707,0.31477213992240205,0.8517045454545454,residual,1,x_intent,icgp_rvo_mpc,7,17
merge_bottleneck,density_v4_interaction_tiers,rvo_multistep_density_v1,main,fixed,8,18979,residual_zero,medium,0.05,0.1,neighbor_gaussian_v1,13700678561700896457,12.0,8.0,96.0,0.08333333333333333,12.0,x,y,2.2,3.6363636363636362,0.7758617401123047,0.9000000953674316,0,0,0,0,0,0.7103341817855835,0,0,1,0,0.4663836359977722,26.4,220,3.108370780944824,6.820210933685303,0.7001397609710693,11.814190158529868,1.027966871586713,1.0178014451807196,0.11686159076899374,0.5852272727272727,0.25738636363636364,-0.09284249162207339,0.061465084575982175,0.06299694512891996,0.3429730120236595,0.8556818181818182,residual,0,x_passive,residual_passive_rvo_mpc,7,17
merge_bottleneck,density_v4_interaction_tiers,rvo_multistep_density_v1,main,fixed,8,18979,plain_candidate,high,0.1,0.2,neighbor_gaussian_v1,14653285468990336251,12.0,8.0,96.0,0.08333333333333333,12.0,x,y,2.2,3.6363636363636362,0.7758617401123047,0.9000000953674316,0,0,0,0,0,0.7103341817855835,0,0,0,0,0.7127196192741394,26.4,220,3.1718804836273193,6.7524895668029785,0.6940130591392517,11.42957840514282,1.1935872928662734,1.2071904124184087,0.09351602258737496,0.5971590909090909,0.26647727272727273,-0.13091214267607812,0.043318646991903985,0.048447123591304674,0.3971719715311291,0.8636363636363636,plain,1,x_intent,icgp_rvo_mpc,7,17
merge_bottleneck,density_v4_interaction_tiers,rvo_multistep_density_v1,main,fixed,8,18979,plain_zero,high,0.1,0.2,neighbor_gaussian_v1,14653285468990336251,12.0,8.0,96.0,0.08333333333333333,12.0,x,y,2.2,3.6363636363636362,0.7758617401123047,0.9000000953674316,0,0,0,0,0,0.7103341817855835,0,0,0,0,0.6288549900054932,26.4,220,2.4739866256713867,6.678040504455566,0.7613379210233688,12.104707992779367,1.2499147889288988,1.2140463470058007,0.09709142088302708,0.5804545454545454,0.27386363636363636,-0.11503737439610777,0.03474511558270399,0.04229713091261765,0.3797956940416512,0.8647727272727272,plain,0,x_passive,passive_rvo_mpc,7,17
merge_bottleneck,density_v4_interaction_tiers,rvo_multistep_density_v1,main,fixed,8,18979,residual_candidate,high,0.1,0.2,neighbor_gaussian_v1,14653285468990336251,12.0,8.0,96.0,0.08333333333333333,12.0,x,y,2.2,3.6363636363636362,0.7758617401123047,0.9000000953674316,0,0,0,0,0,0.7103341817855835,0,0,0,0,0.6215813755989075,26.4,220,3.0851759910583496,6.791033744812012,0.7023773193359375,11.43013755123684,1.2483202588829128,1.203383605453101,0.12370000013933433,0.5752272727272727,0.21647727272727274,-0.10668690811584454,0.07375128381861981,0.0791847864798534,0.3347123803758572,0.8335227272727272,residual,1,x_intent,icgp_rvo_mpc,7,17
merge_bottleneck,density_v4_interaction_tiers,rvo_multistep_density_v1,main,fixed,8,18979,residual_zero,high,0.1,0.2,neighbor_gaussian_v1,14653285468990336251,12.0,8.0,96.0,0.08333333333333333,12.0,x,y,2.2,3.6363636363636362,0.7758617401123047,0.9000000953674316,0,0,0,0,0,0.7103341817855835,0,0,0,0,0.7063605189323425,26.4,220,2.999418258666992,6.743288040161133,0.7106502652168274,11.25607029254104,1.2089923717758873,1.1943238403309475,0.1940241480373185,0.5747727272727273,0.24204545454545454,-0.09079812378398144,0.06003691613205868,0.06316687110681839,0.3522565648822467,0.8482954545454545,residual,0,x_passive,residual_passive_rvo_mpc,7,17
four_way_stop,density_v4_interaction_tiers,rvo_multistep_density_v1,main,fixed,4,14714,plain_candidate,clean,0.0,0.0,neighbor_gaussian_v1,16022217217972177270,11.0,11.0,121.0,0.03305785123966942,30.25,x,y,11.0,0.36363636363636365,0.6572203636169434,0.6601643562316895,0,0,0,0,0,6.760161399841309,1,0,0,0,0.8827916383743286,10.799999999999999,90,0.14619924128055573,0.337775856256485,0.984825904481113,10.258064343128353,0.7933693925539652,0.47431692091723426,0.3480252774251211,0.175,0.11666666666666667,0.9765765722199446,1.122415722128418,1.1958246801131303,2.6333342924382954,0.3527777777777778,plain,1,x_intent,icgp_rvo_mpc,7,17
four_way_stop,density_v4_interaction_tiers,rvo_multistep_density_v1,main,fixed,4,14714,plain_zero,clean,0.0,0.0,neighbor_gaussian_v1,16022217217972177270,11.0,11.0,121.0,0.03305785123966942,30.25,x,y,11.0,0.36363636363636365,0.6572203636169434,0.6601643562316895,0,0,0,0,0,6.760161399841309,1,0,0,0,0.8827916383743286,11.4,95,0.1309485137462616,0.3283577263355255,0.9864087859168649,10.345452531531919,0.754171477767982,0.40218206908530446,0.23901052619820753,0.1957894736842105,0.17894736842105263,1.0647268284102411,1.1475135518571262,1.2090239701341643,2.8407284563152415,0.37105263157894736,plain,0,x_passive,passive_rvo_mpc,7,17
four_way_stop,density_v4_interaction_tiers,rvo_multistep_density_v1,main,fixed,4,14714,residual_candidate,clean,0.0,0.0,neighbor_gaussian_v1,16022217217972177270,11.0,11.0,121.0,0.03305785123966942,30.25,x,y,11.0,0.36363636363636365,0.6572203636169434,0.6601643562316895,0,0,0,0,0,6.760161399841309,1,0,0,0,0.9070267081260681,9.719999999999999,81,0.09828660637140274,0.2773352563381195,0.9897987823933363,9.994309454690665,0.7294656665892236,0.3892248094251602,0.32753395049597056,0.09567901234567901,0.05555555555555555,1.0201342616324534,1.1564821108476617,1.1815457960926457,2.6580464963780517,0.3148148148148148,residual,1,x_intent,icgp_rvo_mpc,7,17
four_way_stop,density_v4_interaction_tiers,rvo_multistep_density_v1,main,fixed,4,14714,residual_zero,clean,0.0,0.0,neighbor_gaussian_v1,16022217217972177270,11.0,11.0,121.0,0.03305785123966942,30.25,x,y,11.0,0.36363636363636365,0.6572203636169434,0.6601643562316895,0,0,0,0,0,6.760161399841309,1,0,0,0,0.9070267081260681,9.719999999999999,81,0.1510157436132431,0.29641127586364746,0.984325997531414,9.962348550092429,0.7021109129468922,0.3702042777853125,0.3006367277308011,0.0734567901234568,0.05246913580246913,1.0208062899117303,1.0988217329298275,1.1148362430286263,2.5993176403089806,0.3117283950617284,residual,0,x_passive,residual_passive_rvo_mpc,7,17
four_way_stop,density_v4_interaction_tiers,rvo_multistep_density_v1,main,fixed,4,14714,plain_candidate,low,0.02,0.04,neighbor_gaussian_v1,4805022741107818754,11.0,11.0,121.0,0.03305785123966942,30.25,x,y,11.0,0.36363636363636365,0.6572203636169434,0.6601643562316895,0,0,0,0,0,6.760161399841309,1,0,0,0,0.8758999705314636,10.559999999999999,88,0.1612272560596466,0.3629501163959503,0.9832661394029856,10.027072258642875,0.7817254318030212,0.48796777729639423,0.19333522571039133,0.18409090909090908,0.13636363636363635,0.9542551171855833,1.1052509417350997,1.185114456655627,2.6825877379558305,0.3181818181818182,plain,1,x_intent,icgp_rvo_mpc,7,17
four_way_stop,density_v4_interaction_tiers,rvo_multistep_density_v1,main,fixed,4,14714,plain_zero,low,0.02,0.04,neighbor_gaussian_v1,4805022741107818754,11.0,11.0,121.0,0.03305785123966942,30.25,x,y,11.0,0.36363636363636365,0.6572203636169434,0.6601643562316895,0,0,0,0,0,6.760161399841309,1,0,0,0,0.8758999705314636,9.719999999999999,81,0.1737564206123352,0.32280609011650085,0.9819657299667597,9.997760576661676,0.8887641486930259,0.5013189532618848,0.22525061712381833,0.22407407407407406,0.20679012345679013,0.9025535061796786,0.9878444664171083,1.0709847228293436,2.445923907028305,0.404320987654321,plain,0,x_passive,passive_rvo_mpc,7,17
four_way_stop,density_v4_interaction_tiers,rvo_multistep_density_v1,main,fixed,4,14714,residual_candidate,low,0.02,0.04,neighbor_gaussian_v1,4805022741107818754,11.0,11.0,121.0,0.03305785123966942,30.25,x,y,11.0,0.36363636363636365,0.6572203636169434,0.6601643562316895,0,0,0,0,0,6.760161399841309,1,0,0,0,0.8764894604682922,9.48,79,0.16214656829833984,0.3553542196750641,0.9831707235425711,9.896955496165901,0.7417858740067275,0.43037508453473705,0.3296550624131496,0.10632911392405063,0.06645569620253164,0.9555357281169325,1.09382443754922,1.125349979070546,2.621004839086835,0.31329113924050633,residual,1,x_intent,icgp_rvo_mpc,7,17
four_way_stop,density_v4_interaction_tiers,rvo_multistep_density_v1,main,fixed,4,14714,residual_zero,low,0.02,0.04,neighbor_gaussian_v1,4805022741107818754,11.0,11.0,121.0,0.03305785123966942,30.25,x,y,11.0,0.36363636363636365,0.6572203636169434,0.6601643562316895,0,0,0,0,0,6.760161399841309,1,0,0,0,0.9222403764724731,9.48,79,0.19573697447776794,0.32835593819618225,0.9796843584626913,9.860185991507024,0.7319706526402195,0.43134793662496923,0.2507702521154586,0.0930379746835443,0.06645569620253164,1.0687044388800861,1.144891457444505,1.1641870638765868,2.5845275720991667,0.310126582278481,residual,0,x_passive,residual_passive_rvo_mpc,7,17
four_way_stop,density_v4_interaction_tiers,rvo_multistep_density_v1,main,fixed,4,14714,plain_candidate,medium,0.05,0.1,neighbor_gaussian_v1,7539561671692733263,11.0,11.0,121.0,0.03305785123966942,30.25,x,y,11.0,0.36363636363636365,0.6572203636169434,0.6601643562316895,0,0,0,0,0,6.760161399841309,1,0,0,0,0.8296062350273132,9.24,77,0.21339266002178192,0.36915379762649536,0.9778518658131361,9.82544261077419,0.6930257747367072,0.3557668004139742,0.18092597265540344,0.16103896103896104,0.04220779220779221,0.8344025486939914,1.0039628943336476,1.0684075893403648,2.5519687590351356,0.3474025974025974,plain,1,x_intent,icgp_rvo_mpc,7,17
four_way_stop,density_v4_interaction_tiers,rvo_multistep_density_v1,main,fixed,4,14714,plain_zero,medium,0.05,0.1,neighbor_gaussian_v1,7539561671692733263,11.0,11.0,121.0,0.03305785123966942,30.25,x,y,11.0,0.36363636363636365,0.6572203636169434,0.6601643562316895,0,0,0,0,0,6.760161399841309,1,0,0,0,0.8275354504585266,9.24,77,0.2410551905632019,0.37949731945991516,0.9749807566404343,9.819010095205158,0.7642526128994567,0.4664391952527631,0.17946525990914602,0.1461038961038961,0.09740259740259741,0.8739202570586236,0.962077348928947,1.0209153881785158,2.4843272850188347,0.37012987012987014,plain,0,x_passive,passive_rvo_mpc,7,17
four_way_stop,density_v4_interaction_tiers,rvo_multistep_density_v1,main,fixed,4,14714,residual_candidate,medium,0.05,0.1,neighbor_gaussian_v1,7539561671692733263,11.0,11.0,121.0,0.03305785123966942,30.25,x,y,11.0,0.36363636363636365,0.6572203636169434,0.6601643562316895,0,0,0,0,0,6.760161399841309,1,0,0,0,0.8588323593139648,10.2,85,0.12631051242351532,0.2732337415218353,0.986890166066587,10.212120093056,0.7181929920594592,0.42103094212903847,0.2698600002879496,0.15823529411764706,0.11470588235294117,1.0337220621865024,1.182839585612802,1.2068251059686437,2.743217770702699,0.29705882352941176,residual,1,x_intent,icgp_rvo_mpc,7,17
four_way_stop,density_v4_interaction_tiers,rvo_multistep_density_v1,main,fixed,4,14714,residual_zero,medium,0.05,0.1,neighbor_gaussian_v1,7539561671692733263,11.0,11.0,121.0,0.03305785123966942,30.25,x,y,11.0,0.36363636363636365,0.6572203636169434,0.6601643562316895,0,0,0,0,0,6.760161399841309,1,0,0,0,0.8789636492729187,9.84,82,0.12447764724493027,0.3520280122756958,0.9870804008096457,10.125995916314423,0.7310653823859444,0.4343769527355724,0.4247521348766097,0.17621951219512194,0.13719512195121952,1.1934984931738186,1.2824248330422292,1.304687547845448,2.688649332566959,0.3231707317073171,residual,0,x_passive,residual_passive_rvo_mpc,7,17
four_way_stop,density_v4_interaction_tiers,rvo_multistep_density_v1,main,fixed,4,14714,plain_candidate,high,0.1,0.2,neighbor_gaussian_v1,10034120047169823470,11.0,11.0,121.0,0.03305785123966942,30.25,x,y,11.0,0.36363636363636365,0.6572203636169434,0.6601643562316895,0,0,0,0,0,6.760161399841309,1,0,0,0,0.9010877013206482,10.08,84,0.1030789166688919,0.28289568424224854,0.989301385357976,10.142083817627281,0.8171180424036547,0.48820195138239264,0.19880625006321462,0.13690476190476192,0.02976190476190476,0.8490552260460601,1.0006616837974818,1.0820682084684574,2.551631244782891,0.3958333333333333,plain,1,x_intent,icgp_rvo_mpc,7,17
four_way_stop,density_v4_interaction_tiers,rvo_multistep_density_v1,main,fixed,4,14714,plain_zero,high,0.1,0.2,neighbor_gaussian_v1,10034120047169823470,11.0,11.0,121.0,0.03305785123966942,30.25,x,y,11.0,0.36363636363636365,0.6572203636169434,0.6601643562316895,0,0,0,0,0,6.760161399841309,1,0,0,0,0.8973603248596191,9.959999999999999,83,0.1572262942790985,0.2735673189163208,0.9836814012378454,10.119714132975787,0.8402717887502478,0.531623267149507,0.1816680717649477,0.14759036144578314,0.10542168674698796,0.9189440819441557,1.000067539739322,1.0709762910331593,2.46266892978944,0.47289156626506024,plain,0,x_passive,passive_rvo_mpc,7,17
four_way_stop,density_v4_interaction_tiers,rvo_multistep_density_v1,main,fixed,4,14714,residual_candidate,high,0.1,0.2,neighbor_gaussian_v1,10034120047169823470,11.0,11.0,121.0,0.03305785123966942,30.25,x,y,11.0,0.36363636363636365,0.6572203636169434,0.6601643562316895,0,0,0,0,0,6.760161399841309,1,0,0,0,0.9829413890838623,10.92,91,0.13161098957061768,0.3109986186027527,0.9863400273025036,10.35820033607888,0.9738413614776129,0.5963288505811973,0.2494766482453957,0.1,0.07417582417582418,0.9684755302343395,1.1027594049299483,1.1560320757812523,2.329043475156957,0.3983516483516483,residual,1,x_intent,icgp_rvo_mpc,7,17
four_way_stop,density_v4_interaction_tiers,rvo_multistep_density_v1,main,fixed,4,14714,residual_zero,high,0.1,0.2,neighbor_gaussian_v1,10034120047169823470,11.0,11.0,121.0,0.03305785123966942,30.25,x,y,11.0,0.36363636363636365,0.6572203636169434,0.6601643562316895,0,0,0,0,0,6.760161399841309,1,0,0,0,0.9655393958091736,11.52,96,0.14031310379505157,0.2958724796772003,0.9854368297383189,10.66411630899529,0.9501493890372027,0.58131477872808,0.2235434896344183,0.11770833333333333,0.09895833333333333,0.9703079243376852,1.0490674971168241,1.0932632583224526,2.3469110810539373,0.40625,residual,0,x_passive,residual_passive_rvo_mpc,7,17
four_way_stop,density_v4_interaction_tiers,rvo_multistep_density_v1,main,fixed,8,18714,plain_candidate,clean,0.0,0.0,neighbor_gaussian_v1,14775400963432481929,11.0,11.0,121.0,0.06611570247933884,15.125,y,x,11.0,0.7272727272727273,0.6547641754150391,0.6595473289489746,0,0,0,0,0,1.3383848667144775,1,0,0,0,0.6797026991844177,16.919999999999998,141,0.18205104768276215,0.34641656279563904,0.9810860920697451,11.34353180268954,0.8650409763692118,0.6300067827105522,0.09677615255102555,0.349645390070922,0.225177304964539,0.0976253580818521,0.2598578671397681,0.2990246091904581,0.9991535774274921,0.5540780141843972,plain,1,x_intent,icgp_rvo_mpc,7,17
four_way_stop,density_v4_interaction_tiers,rvo_multistep_density_v1,main,fixed,8,18714,plain_zero,clean,0.0,0.0,neighbor_gaussian_v1,14775400963432481929,11.0,11.0,121.0,0.06611570247933884,15.125,y,x,11.0,0.7272727272727273,0.6547641754150391,0.6595473289489746,0,0,0,0,0,1.3383848667144775,0,0,0,0,0.7799373269081116,26.4,220,0.2411366105079651,0.8880078792572021,0.9749474916607141,12.696752714946342,0.7781027266713367,0.7037147440058602,0.09842681829468347,0.2752272727272727,0.23011363636363635,0.27267325738930437,0.352215316228738,0.3848529391811992,1.0814302753250709,0.6034090909090909,plain,0,x_passive,passive_rvo_mpc,7,17
four_way_stop,density_v4_interaction_tiers,rvo_multistep_density_v1,main,fixed,8,18714,residual_candidate,clean,0.0,0.0,neighbor_gaussian_v1,14775400963432481929,11.0,11.0,121.0,0.06611570247933884,15.125,y,x,11.0,0.7272727272727273,0.6547641754150391,0.6595473289489746,0,0,0,0,0,1.3383848667144775,1,0,0,0,0.6210522651672363,16.8,140,0.20846408605575562,0.3679335415363312,0.9783419519662857,11.370305310032563,0.8154076592597578,0.6283664574713579,0.1274887497337269,0.3469642857142857,0.24285714285714285,0.15334147803776432,0.3086241143143604,0.42961183733705965,0.938938786547099,0.5767857142857142,residual,1,x_intent,icgp_rvo_mpc,7,17
four_way_stop,density_v4_interaction_tiers,rvo_multistep_density_v1,main,fixed,8,18714,residual_zero,clean,0.0,0.0,neighbor_gaussian_v1,14775400963432481929,11.0,11.0,121.0,0.06611570247933884,15.125,y,x,11.0,0.7272727272727273,0.6547641754150391,0.6595473289489746,0,0,0,0,0,1.3383848667144775,1,0,0,0,0.6236167550086975,26.279999999999998,219,0.17986604571342468,0.357246071100235,0.9813131000846624,12.800610152822628,0.7583031408790686,0.6056420775725757,0.13636170083643087,0.29942922374429226,0.24315068493150685,0.32839153383192976,0.42732900789288225,0.5305413792253426,1.0972501228103355,0.5547945205479452,residual,0,x_passive,residual_passive_rvo_mpc,7,17
four_way_stop,density_v4_interaction_tiers,rvo_multistep_density_v1,main,fixed,8,18714,plain_candidate,low,0.02,0.04,neighbor_gaussian_v1,16530761110756744836,11.0,11.0,121.0,0.06611570247933884,15.125,y,x,11.0,0.7272727272727273,0.6547641754150391,0.6595473289489746,0,0,0,0,0,1.3383848667144775,1,0,0,0,0.6650903224945068,13.559999999999999,113,0.14676791429519653,0.3497667908668518,0.9847517786547542,11.14264837373048,1.0102687883067183,0.7372219838465737,0.10999435845059878,0.4243362831858407,0.3019911504424779,0.04089599421804163,0.2079547455069502,0.2604521321096516,0.905772594271508,0.6172566371681416,plain,1,x_intent,icgp_rvo_mpc,7,17
four_way_stop,density_v4_interaction_tiers,rvo_multistep_density_v1,main,fixed,8,18714,plain_zero,low,0.02,0.04,neighbor_gaussian_v1,16530761110756744836,11.0,11.0,121.0,0.06611570247933884,15.125,y,x,11.0,0.7272727272727273,0.6547641754150391,0.6595473289489746,0,0,0,0,0,1.3383848667144775,0,0,0,0,0.6615147590637207,26.4,220,0.31354451179504395,0.9521896243095398,0.967424787580967,12.831478115775099,0.780032457453622,0.724142307898199,0.12751999975907066,0.2840909090909091,0.23295454545454544,0.2572370825524294,0.3450758145631038,0.38829023848372435,1.0664442919296298,0.5971590909090909,plain,0,x_passive,passive_rvo_mpc,7,17
four_way_stop,density_v4_interaction_tiers,rvo_multistep_density_v1,main,fixed,8,18714,residual_candidate,low,0.02,0.04,neighbor_gaussian_v1,16530761110756744836,11.0,11.0,121.0,0.06611570247933884,15.125,y,x,11.0,0.7272727272727273,0.6547641754150391,0.6595473289489746,0,0,0,0,0,1.3383848667144775,0,0,0,0,0.6326664686203003,26.4,220,0.2695786654949188,0.8514273166656494,0.9719925485551357,12.757170817201768,0.7695998903025281,0.7474145771258257,0.14536113640960222,0.2998863636363636,0.20397727272727273,0.2602038236928639,0.41067126355387956,0.5149811741235583,1.0810169333354995,0.55,residual,1,x_intent,icgp_rvo_mpc,7,17
four_way_stop,density_v4_interaction_tiers,rvo_multistep_density_v1,main,fixed,8,18714,residual_zero,low,0.02,0.04,neighbor_gaussian_v1,16530761110756744836,11.0,11.0,121.0,0.06611570247933884,15.125,y,x,11.0,0.7272727272727273,0.6547641754150391,0.6595473289489746,0,0,0,0,0,1.3383848667144775,1,0,0,0,0.7038078904151917,13.08,109,0.19760799407958984,0.36301758885383606,0.9794698283076286,10.902010433128453,0.9819868973994611,0.7197695420969517,0.13351651352356025,0.39610091743119263,0.3360091743119266,0.10840560373771137,0.21106479067611728,0.25253124436124347,0.9027475541037159,0.6502293577981652,residual,0,x_passive,residual_passive_rvo_mpc,7,17
four_way_stop,density_v4_interaction_tiers,rvo_multistep_density_v1,main,fixed,8,18714,plain_candidate,medium,0.05,0.1,neighbor_gaussian_v1,13210859919032477326,11.0,11.0,121.0,0.06611570247933884,15.125,y,x,11.0,0.7272727272727273,0.6547641754150391,0.6595473289489746,0,0,0,0,0,1.3383848667144775,1,0,0,0,0.7460580468177795,16.2,135,0.19007301330566406,0.377481073141098,0.9802526626735926,11.875284554815153,1.0393246044163351,0.843378498101676,0.09594620372539524,0.3725925925925926,0.27685185185185185,0.10915405234046005,0.26622253239499755,0.3035685515769378,1.0830451690157255,0.5648148148148148,plain,1,x_intent,icgp_rvo_mpc,7,17
four_way_stop,density_v4_interaction_tiers,rvo_multistep_density_v1,main,fixed,8,18714,plain_zero,medium,0.05,0.1,neighbor_gaussian_v1,13210859919032477326,11.0,11.0,121.0,0.06611570247933884,15.125,y,x,11.0,0.7272727272727273,0.6547641754150391,0.6595473289489746,0,0,0,0,0,1.3383848667144775,1,0,0,0,0.7138928771018982,14.52,121,0.17905014753341675,0.314142644405365,0.9813978672027588,11.3858356714627,1.2083405822146038,0.9414417180886938,0.10681012404836283,0.3512396694214876,0.29235537190082644,0.11351901062313961,0.21717898692289173,0.25433898147534245,0.9624549193409359,0.6384297520661157,plain,0,x_passive,passive_rvo_mpc,7,17
four_way_stop,density_v4_interaction_tiers,rvo_multistep_density_v1,main,fixed,8,18714,residual_candidate,medium,0.05,0.1,neighbor_gaussian_v1,13210859919032477326,11.0,11.0,121.0,0.06611570247933884,15.125,y,x,11.0,0.7272727272727273,0.6547641754150391,0.6595473289489746,0,0,0,0,0,1.3383848667144775,1,0,0,0,0.6874778270721436,19.32,161,0.18854476511478424,0.3569585084915161,0.9804114382714033,11.786655391042586,0.9467672395595113,0.8641226880298638,0.12298579188027586,0.31940993788819877,0.22981366459627328,0.24551260547737758,0.3992693264264128,0.5040271495227118,1.1126936119646762,0.5714285714285714,residual,1,x_intent,icgp_rvo_mpc,7,17
four_way_stop,density_v4_interaction_tiers,rvo_multistep_density_v1,main,fixed,8,18714,residual_zero,medium,0.05,0.1,neighbor_gaussian_v1,13210859919032477326,11.0,11.0,121.0,0.06611570247933884,15.125,y,x,11.0,0.7272727272727273,0.6547641754150391,0.6595473289489746,0,0,0,0,0,1.3383848667144775,1,0,0,0,0.6336104869842529,18.599999999999998,155,0.2021075040102005,0.37633103132247925,0.979002358391881,12.165739902557107,1.004031799397161,0.8347158176764365,0.12460024191832711,0.2948387096774194,0.2346774193548387,0.28246158551665085,0.3788536809120448,0.4769380646823876,1.127070918833056,0.5516129032258065,residual,0,x_passive,residual_passive_rvo_mpc,7,17
four_way_stop,density_v4_interaction_tiers,rvo_multistep_density_v1,main,fixed,8,18714,plain_candidate,high,0.1,0.2,neighbor_gaussian_v1,3942125224294656165,11.0,11.0,121.0,0.06611570247933884,15.125,y,x,11.0,0.7272727272727273,0.6547641754150391,0.6595473289489746,0,0,0,0,0,1.3383848667144775,1,0,0,0,0.6975948810577393,14.76,123,0.12824851274490356,0.32335978746414185,0.9866758221760392,11.327812864939915,1.2286612140696223,1.019630840154198,0.10182947159140954,0.34552845528455284,0.25609756097560976,0.12662906625762405,0.27744760659561174,0.33570156908162496,0.955747693935788,0.6239837398373984,plain,1,x_intent,icgp_rvo_mpc,7,17
four_way_stop,density_v4_interaction_tiers,rvo_multistep_density_v1,main,fixed,8,18714,plain_zero,high,0.1,0.2,neighbor_gaussian_v1,3942125224294656165,11.0,11.0,121.0,0.06611570247933884,15.125,y,x,11.0,0.7272727272727273,0.6547641754150391,0.6595473289489746,0,0,0,0,0,1.3383848667144775,1,0,0,0,0.7418003678321838,26.279999999999998,219,0.1592235118150711,0.3748515844345093,0.9834577236324549,13.381012565103447,1.077654715967641,1.057449422776699,0.09495119879061577,0.3026255707762557,0.22773972602739725,0.23678010100443517,0.3309862331341799,0.3744982235749427,1.047106442194279,0.5582191780821918,plain,0,x_passive,passive_rvo_mpc,7,17
four_way_stop,density_v4_interaction_tiers,rvo_multistep_density_v1,main,fixed,8,18714,residual_candidate,high,0.1,0.2,neighbor_gaussian_v1,3942125224294656165,11.0,11.0,121.0,0.06611570247933884,15.125,y,x,11.0,0.7272727272727273,0.6547641754150391,0.6595473289489746,0,0,0,0,0,1.3383848667144775,1,0,0,0,0.8153785467147827,14.04,117,0.17268106341362,0.35344165563583374,0.9820595718920231,11.618852908271947,1.0854514224343321,0.9662719536413494,0.13446677354279843,0.28696581196581195,0.18696581196581197,0.19485812801797578,0.3509936037213885,0.4204342813560597,0.9607493853199688,0.6549145299145299,residual,1,x_intent,icgp_rvo_mpc,7,17
four_way_stop,density_v4_interaction_tiers,rvo_multistep_density_v1,main,fixed,8,18714,residual_zero,high,0.1,0.2,neighbor_gaussian_v1,3942125224294656165,11.0,11.0,121.0,0.06611570247933884,15.125,y,x,11.0,0.7272727272727273,0.6547641754150391,0.6595473289489746,0,0,0,0,0,1.3383848667144775,0,0,0,0,0.7468342781066895,26.4,220,0.1948399394750595,0.47234413027763367,0.9797574114054441,13.568734998934815,1.069208179007877,1.0196895797313614,0.12973426101697524,0.29965909090909093,0.22102272727272726,0.28892011568648746,0.3939290485975588,0.5073789451478727,1.0591020060466096,0.5585227272727272,residual,0,x_passive,residual_passive_rvo_mpc,7,17
corridor,density_v4_interaction_tiers,rvo_multistep_density_v1,main,fixed,4,14174,plain_candidate,clean,0.0,0.0,neighbor_gaussian_v1,5542291178804094550,12.0,5.4,64.80000000000001,0.061728395061728385,16.200000000000003,x,y,4.140000000000001,0.9661835748792269,0.9894695281982422,0.9830598831176758,0,0,0,0,0,1.22875253200531,1,0,1,0,0.5004152655601501,13.92,116,0.1110997125506401,0.34030836820602417,0.9891193443909287,11.976017352018971,0.6829467756585379,0.4662398255253532,0.18265775888094454,0.1724137931034483,0.11853448275862069,0.2186606996798695,0.3461853984460749,0.3844770253141378,0.5321761692906248,0.7219827586206896,plain,1,x_intent,icgp_rvo_mpc,7,18
corridor,density_v4_interaction_tiers,rvo_multistep_density_v1,main,fixed,4,14174,plain_zero,clean,0.0,0.0,neighbor_gaussian_v1,5542291178804094550,12.0,5.4,64.80000000000001,0.061728395061728385,16.200000000000003,x,y,4.140000000000001,0.9661835748792269,0.9894695281982422,0.9830598831176758,0,0,0,0,0,1.22875253200531,1,0,0,0,0.7032188773155212,11.76,98,0.17150719463825226,0.3613470494747162,0.9832032807171345,11.464054041891359,0.7062306666992634,0.42784738559656,0.19464897848927054,0.17551020408163265,0.15051020408163265,0.2527599895139206,0.3612143905453232,0.3920608459101343,0.541713246538931,0.75,plain,0,x_passive,passive_rvo_mpc,7,18
corridor,density_v4_interaction_tiers,rvo_multistep_density_v1,main,fixed,4,14174,residual_candidate,clean,0.0,0.0,neighbor_gaussian_v1,5542291178804094550,12.0,5.4,64.80000000000001,0.061728395061728385,16.200000000000003,x,y,4.140000000000001,0.9661835748792269,0.9894695281982422,0.9830598831176758,0,0,0,0,0,1.22875253200531,1,0,0,0,0.7364493012428284,12.84,107,0.1073179841041565,0.2799539864063263,0.9894897118210793,10.866392789816018,0.5545005739392347,0.3686802742880917,0.22609275738517187,0.23457943925233646,0.1658878504672897,0.19376238473107882,0.34442429899890836,0.3753346474287666,0.6233487737805485,0.37616822429906543,residual,1,x_intent,icgp_rvo_mpc,7,18
corridor,density_v4_interaction_tiers,rvo_multistep_density_v1,main,fixed,4,14174,residual_zero,clean,0.0,0.0,neighbor_gaussian_v1,5542291178804094550,12.0,5.4,64.80000000000001,0.061728395061728385,16.200000000000003,x,y,4.140000000000001,0.9661835748792269,0.9894695281982422,0.9830598831176758,0,0,0,0,0,1.22875253200531,1,0,0,0,0.7275607585906982,11.879999999999999,99,0.19249704480171204,0.35566258430480957,0.9811476189643145,10.69010138027079,0.7020546694055689,0.47692512802666787,0.23561792925583444,0.27121212121212124,0.19696969696969696,0.23864917339211456,0.34646116488810735,0.3821172550501245,0.682192093704385,0.47474747474747475,residual,0,x_passive,residual_passive_rvo_mpc,7,18
corridor,density_v4_interaction_tiers,rvo_multistep_density_v1,main,fixed,4,14174,plain_candidate,low,0.02,0.04,neighbor_gaussian_v1,7027418803005674199,12.0,5.4,64.80000000000001,0.061728395061728385,16.200000000000003,x,y,4.140000000000001,0.9661835748792269,0.9894695281982422,0.9830598831176758,0,0,0,0,0,1.22875253200531,1,0,0,0,0.5248033404350281,12.84,107,0.11768843233585358,0.30532553791999817,0.988474071957171,11.687784025794826,0.73770168089421,0.5429533234336109,0.18489836357755882,0.20233644859813085,0.14485981308411214,0.20969638033291307,0.334116017227975,0.384569970633939,0.5580032959496863,0.6939252336448598,plain,1,x_intent,icgp_rvo_mpc,7,18
corridor,density_v4_interaction_tiers,rvo_multistep_density_v1,main,fixed,4,14174,plain_zero,low,0.02,0.04,neighbor_gaussian_v1,7027418803005674199,12.0,5.4,64.80000000000001,0.061728395061728385,16.200000000000003,x,y,4.140000000000001,0.9661835748792269,0.9894695281982422,0.9830598831176758,0,0,0,0,0,1.22875253200531,1,0,0,0,0.6563053131103516,12.959999999999999,108,0.12387296557426453,0.3704371154308319,0.9878683835268021,11.754440855176654,0.6944922856917536,0.47364268058704007,0.1826245379224592,0.19166666666666668,0.1597222222222222,0.22659635695784044,0.33893693226837995,0.374528262940132,0.5057174245709622,0.6527777777777778,plain,0,x_passive,passive_rvo_mpc,7,18
corridor,density_v4_interaction_tiers,rvo_multistep_density_v1,main,fixed,4,14174,residual_candidate,low,0.02,0.04,neighbor_gaussian_v1,7027418803005674199,12.0,5.4,64.80000000000001,0.061728395061728385,16.200000000000003,x,y,4.140000000000001,0.9661835748792269,0.9894695281982422,0.9830598831176758,0,0,0,0,0,1.22875253200531,1,0,0,0,0.7282503843307495,12.6,105,0.11595983803272247,0.2873455286026001,0.9886433631181717,10.885514914130908,0.5332011874632112,0.378152295366107,0.24467452451409327,0.23285714285714285,0.16904761904761906,0.19231565561757555,0.34067974873029044,0.3714677214984383,0.634271394296771,0.38333333333333336,residual,1,x_intent,icgp_rvo_mpc,7,18
corridor,density_v4_interaction_tiers,rvo_multistep_density_v1,main,fixed,4,14174,residual_zero,low,0.02,0.04,neighbor_gaussian_v1,7027418803005674199,12.0,5.4,64.80000000000001,0.061728395061728385,16.200000000000003,x,y,4.140000000000001,0.9661835748792269,0.9894695281982422,0.9830598831176758,0,0,0,0,0,1.22875253200531,1,0,0,0,0.6410641670227051,12.36,103,0.12950924038887024,0.2852061092853546,0.98731638956815,10.647059562732466,0.6341124185410699,0.47117391349838195,0.25321092206229756,0.26796116504854367,0.21601941747572814,0.19286610433036117,0.30879611328388873,0.34740356381078363,0.6325961762305025,0.3422330097087379,residual,0,x_passive,residual_passive_rvo_mpc,7,18
corridor,density_v4_interaction_tiers,rvo_multistep_density_v1,main,fixed,4,14174,plain_candidate,medium,0.05,0.1,neighbor_gaussian_v1,1419439329256181470,12.0,5.4,64.80000000000001,0.061728395061728385,16.200000000000003,x,y,4.140000000000001,0.9661835748792269,0.9894695281982422,0.9830598831176758,0,0,0,0,0,1.22875253200531,1,0,0,0,0.6689341068267822,15.84,132,0.10391975194215775,0.27271127700805664,0.9898225208744407,11.841307097565732,0.7240022951278441,0.5353220072504359,0.17055189450867614,0.13825757575757575,0.07386363636363637,0.239460881485632,0.3799838778850707,0.4230963822544524,0.5801394988439809,0.5246212121212122,plain,1,x_intent,icgp_rvo_mpc,7,18
corridor,density_v4_interaction_tiers,rvo_multistep_density_v1,main,fixed,4,14174,plain_zero,medium,0.05,0.1,neighbor_gaussian_v1,1419439329256181470,12.0,5.4,64.80000000000001,0.061728395061728385,16.200000000000003,x,y,4.140000000000001,0.9661835748792269,0.9894695281982422,0.9830598831176758,0,0,0,0,0,1.22875253200531,1,0,0,0,0.6816789507865906,13.08,109,0.11168048530817032,0.30519434809684753,0.9890624657273293,11.671001760027139,0.7373792200836293,0.6055596544655091,0.19331353261571274,0.17522935779816515,0.14220183486238533,0.23641005286635028,0.34625746388022505,0.38401196938657434,0.5046755138887178,0.6605504587155964,plain,0,x_passive,passive_rvo_mpc,7,18
corridor,density_v4_interaction_tiers,rvo_multistep_density_v1,main,fixed,4,14174,residual_candidate,medium,0.05,0.1,neighbor_gaussian_v1,1419439329256181470,12.0,5.4,64.80000000000001,0.061728395061728385,16.200000000000003,x,y,4.140000000000001,0.9661835748792269,0.9894695281982422,0.9830598831176758,0,0,0,0,0,1.22875253200531,1,0,0,0,0.688600480556488,11.52,96,0.2553776502609253,0.3742414712905884,0.9749893471598625,11.739166926126927,0.9046636088363206,0.7555307192572703,0.27934765466852696,0.13177083333333334,0.08333333333333333,0.30958199501998024,0.42537590482737864,0.49847422358424714,0.5706945457992455,0.8229166666666666,residual,1,x_intent,icgp_rvo_mpc,7,18
corridor,density_v4_interaction_tiers,rvo_multistep_density_v1,main,fixed,4,14174,residual_zero,medium,0.05,0.1,neighbor_gaussian_v1,1419439329256181470,12.0,5.4,64.80000000000001,0.061728395061728385,16.200000000000003,x,y,4.140000000000001,0.9661835748792269,0.9894695281982422,0.9830598831176758,0,0,0,0,0,1.22875253200531,1,0,0,0,0.6484634280204773,12.36,103,0.1289369910955429,0.3576354682445526,0.9873724337667227,11.048390666081104,0.8271411466638295,0.6449722871546028,0.22886407737353437,0.18009708737864077,0.1529126213592233,0.32169487572148514,0.4099759793968744,0.4680351264203347,0.5849714090588313,0.5922330097087378,residual,0,x_passive,residual_passive_rvo_mpc,7,18
corridor,density_v4_interaction_tiers,rvo_multistep_density_v1,main,fixed,4,14174,plain_candidate,high,0.1,0.2,neighbor_gaussian_v1,14193804479575502575,12.0,5.4,64.80000000000001,0.061728395061728385,16.200000000000003,x,y,4.140000000000001,0.9661835748792269,0.9894695281982422,0.9830598831176758,0,0,0,0,0,1.22875253200531,1,0,0,0,0.6239456534385681,12.6,105,0.14128628373146057,0.29596278071403503,0.9861629940569401,11.248340185382403,1.0323183571298917,0.8607305340468884,0.23263499897439033,0.22238095238095237,0.1261904761904762,0.15500008912486513,0.3177356474470524,0.3605504857542969,0.5333609684507052,0.6785714285714286,plain,1,x_intent,icgp_rvo_mpc,7,18
corridor,density_v4_interaction_tiers,rvo_multistep_density_v1,main,fixed,4,14174,plain_zero,high,0.1,0.2,neighbor_gaussian_v1,14193804479575502575,12.0,5.4,64.80000000000001,0.061728395061728385,16.200000000000003,x,y,4.140000000000001,0.9661835748792269,0.9894695281982422,0.9830598831176758,0,0,0,0,0,1.22875253200531,1,0,0,0,0.6691927909851074,11.28,94,0.13024646043777466,0.28832823038101196,0.9872441897168756,10.865557192475535,1.0197830743136558,0.8943870717540701,0.20905292578700416,0.22872340425531915,0.17287234042553193,0.2319411491115201,0.34361275173089606,0.3972932445051822,0.5483669271399366,0.7712765957446809,plain,0,x_passive,passive_rvo_mpc,7,18
corridor,density_v4_interaction_tiers,rvo_multistep_density_v1,main,fixed,4,14174,residual_candidate,high,0.1,0.2,neighbor_gaussian_v1,14193804479575502575,12.0,5.4,64.80000000000001,0.061728395061728385,16.200000000000003,x,y,4.140000000000001,0.9661835748792269,0.9894695281982422,0.9830598831176758,0,0,0,0,0,1.22875253200531,1,0,0,0,0.7093722224235535,10.799999999999999,90,0.1847500503063202,0.36403098702430725,0.9819063283503056,10.371348257380305,0.7400160457938909,0.7152759459697537,0.22807555473668295,0.18444444444444444,0.12777777777777777,0.280426525161705,0.4204390800148248,0.4584722248961528,0.6645569734904502,0.6,residual,1,x_intent,icgp_rvo_mpc,7,18
corridor,density_v4_interaction_tiers,rvo_multistep_density_v1,main,fixed,4,14174,residual_zero,high,0.1,0.2,neighbor_gaussian_v1,14193804479575502575,12.0,5.4,64.80000000000001,0.061728395061728385,16.200000000000003,x,y,4.140000000000001,0.9661835748792269,0.9894695281982422,0.9830598831176758,0,0,0,0,0,1.22875253200531,1,0,0,0,0.7523866891860962,11.879999999999999,99,0.13798563182353973,0.377084344625473,0.9864862468093634,10.558943425770849,0.7488211804502315,0.665575718328432,0.22356287750293208,0.25202020202020203,0.1919191919191919,0.23978913900376567,0.3697845936152669,0.39651402759431587,0.6229890905937764,0.48484848484848486,residual,0,x_passive,residual_passive_rvo_mpc,7,18
corridor,density_v4_interaction_tiers,rvo_multistep_density_v1,main,fixed,8,18174,plain_candidate,clean,0.0,0.0,neighbor_gaussian_v1,5179984451309321956,12.0,5.4,64.80000000000001,0.12345679012345677,8.100000000000001,x,y,4.140000000000001,1.9323671497584538,0.9875702857971191,0.9892745018005371,0,0,0,0,0,0.6752766966819763,0,0,0,0,0.6393428444862366,26.4,220,0.7151414752006531,1.2501952648162842,0.929358646273613,13.891655738483678,0.9390230829404159,0.8894625569609078,0.09307829548726493,0.5768181818181818,0.3693181818181818,-0.12877639677482974,0.0370964888327501,0.046406110227108,0.47400441696579493,0.71875,plain,1,x_intent,icgp_rvo_mpc,7,18
corridor,density_v4_interaction_tiers,rvo_multistep_density_v1,main,fixed,8,18174,plain_zero,clean,0.0,0.0,neighbor_gaussian_v1,5179984451309321956,12.0,5.4,64.80000000000001,0.12345679012345677,8.100000000000001,x,y,4.140000000000001,1.9323671497584538,0.9875702857971191,0.9892745018005371,0,0,0,0,0,0.6752766966819763,0,0,0,0,0.6068897247314453,26.4,220,0.8713370561599731,1.9682769775390625,0.9139297157526016,13.694629045858164,0.9435999070378867,0.8800422226163473,0.09167903431675355,0.6236363636363637,0.4971590909090909,-0.12677002866852458,-0.012817502723371796,-0.009031294590920563,0.4459244538247586,0.7102272727272727,plain,0,x_passive,passive_rvo_mpc,7,18
corridor,density_v4_interaction_tiers,rvo_multistep_density_v1,main,fixed,8,18174,residual_candidate,clean,0.0,0.0,neighbor_gaussian_v1,5179984451309321956,12.0,5.4,64.80000000000001,0.12345679012345677,8.100000000000001,x,y,4.140000000000001,1.9323671497584538,0.9875702857971191,0.9892745018005371,0,0,0,0,0,0.6752766966819763,0,0,0,0,0.6539156436920166,26.4,220,0.768439531326294,1.650163173675537,0.9240938872098923,13.2456842490501,0.8861257458952341,0.9096175944263285,0.11984744292435194,0.4572727272727273,0.34375,-0.054781455290683706,0.09617660960792139,0.10807195441729643,0.5264341585755519,0.7346590909090909,residual,1,x_intent,icgp_rvo_mpc,7,18
corridor,density_v4_interaction_tiers,rvo_multistep_density_v1,main,fixed,8,18174,residual_zero,clean,0.0,0.0,neighbor_gaussian_v1,5179984451309321956,12.0,5.4,64.80000000000001,0.12345679012345677,8.100000000000001,x,y,4.140000000000001,1.9323671497584538,0.9875702857971191,0.9892745018005371,0,0,0,0,0,0.6752766966819763,0,0,0,0,0.6208970546722412,26.4,220,0.886075496673584,2.3682756423950195,0.9124738574028015,13.492144091713271,0.9558977132832462,0.9469082885167815,0.11863039769443938,0.44977272727272727,0.3380681818181818,-0.05187970904014285,0.05972675806114619,0.06439042936231602,0.48140099821561444,0.7676136363636363,residual,0,x_passive,residual_passive_rvo_mpc,7,18
corridor,density_v4_interaction_tiers,rvo_multistep_density_v1,main,fixed,8,18174,plain_candidate,low,0.02,0.04,neighbor_gaussian_v1,5132013438540052828,12.0,5.4,64.80000000000001,0.12345679012345677,8.100000000000001,x,y,4.140000000000001,1.9323671497584538,0.9875702857971191,0.9892745018005371,0,0,0,0,0,0.6752766966819763,0,0,0,0,0.6194069981575012,26.4,220,0.6029701232910156,1.0469776391983032,0.9404388777911663,13.406062457645021,1.031500720571388,1.0872563593766906,0.09202045449373228,0.6142045454545455,0.45,-0.14243335328513587,0.010091868549416001,0.016221909843893205,0.4783795619596813,0.8073863636363636,plain,1,x_intent,icgp_rvo_mpc,7,18
corridor,density_v4_interaction_tiers,rvo_multistep_density_v1,main,fixed,8,18174,plain_zero,low,0.02,0.04,neighbor_gaussian_v1,5132013438540052828,12.0,5.4,64.80000000000001,0.12345679012345677,8.100000000000001,x,y,4.140000000000001,1.9323671497584538,0.9875702857971191,0.9892745018005371,0,0,0,0,0,0.6752766966819763,0,0,0,0,0.68385910987854,26.4,220,0.7184251546859741,1.8400285243988037,0.9290342852473259,14.159133461929741,1.05238661440936,1.0761684175242077,0.10448034107949669,0.5354545454545454,0.4022727272727273,-0.0856967939220803,0.04541785421645776,0.049561234015802084,0.4262601444863461,0.7636363636363637,plain,0,x_passive,passive_rvo_mpc,7,18
corridor,density_v4_interaction_tiers,rvo_multistep_density_v1,main,fixed,8,18174,residual_candidate,low,0.02,0.04,neighbor_gaussian_v1,5132013438540052828,12.0,5.4,64.80000000000001,0.12345679012345677,8.100000000000001,x,y,4.140000000000001,1.9323671497584538,0.9875702857971191,0.9892745018005371,0,0,0,0,0,0.6752766966819763,0,0,0,0,0.5977104306221008,26.4,220,0.9339643120765686,1.9087984561920166,0.9077434167265892,15.22878480284271,0.9853972814299844,0.9648606435819106,0.12700403422059026,0.5402272727272728,0.4011363636363636,-0.10854479913219851,0.05005277038433334,0.05891261663762005,0.4615290911912241,0.7647727272727273,residual,1,x_intent,icgp_rvo_mpc,7,18
corridor,density_v4_interaction_tiers,rvo_multistep_density_v1,main,fixed,8,18174,residual_zero,low,0.02,0.04,neighbor_gaussian_v1,5132013438540052828,12.0,5.4,64.80000000000001,0.12345679012345677,8.100000000000001,x,y,4.140000000000001,1.9323671497584538,0.9875702857971191,0.9892745018005371,0,0,0,0,0,0.6752766966819763,0,0,0,0,0.5674663186073303,26.4,220,0.515504002571106,1.3237591981887817,0.9490787424147129,15.004650307055272,1.0534594923257827,1.029244600981474,0.14296750020796686,0.4642045454545455,0.36079545454545453,-0.04680555481096433,0.06711777185428548,0.07673282446424391,0.4047384352321652,0.7625,residual,0,x_passive,residual_passive_rvo_mpc,7,18
corridor,density_v4_interaction_tiers,rvo_multistep_density_v1,main,fixed,8,18174,plain_candidate,medium,0.05,0.1,neighbor_gaussian_v1,15436878191581505748,12.0,5.4,64.80000000000001,0.12345679012345677,8.100000000000001,x,y,4.140000000000001,1.9323671497584538,0.9875702857971191,0.9892745018005371,0,0,0,0,0,0.6752766966819763,0,0,0,0,0.6252007484436035,26.4,220,0.6436401605606079,1.4139902591705322,0.9364215135574341,14.083532181248302,1.1896046833558516,1.201720015840097,0.09112153410652271,0.6484090909090909,0.5113636363636364,-0.1516513868431264,0.0018925930476662658,0.006817304536530905,0.44698693565076053,0.7880681818181818,plain,1,x_intent,icgp_rvo_mpc,7,18
corridor,density_v4_interaction_tiers,rvo_multistep_density_v1,main,fixed,8,18174,plain_zero,medium,0.05,0.1,neighbor_gaussian_v1,15436878191581505748,12.0,5.4,64.80000000000001,0.12345679012345677,8.100000000000001,x,y,4.140000000000001,1.9323671497584538,0.9875702857971191,0.9892745018005371,0,0,0,0,0,0.6752766966819763,0,0,0,0,0.6167896389961243,26.4,220,0.830678403377533,1.7673128843307495,0.917945958673954,13.785136106263963,1.1772195426577872,1.1869785670529713,0.09098852272224824,0.6265909090909091,0.509090909090909,-0.13106592813430523,-0.007142867172814243,-0.0018807309410450248,0.4117135560346598,0.7107954545454546,plain,0,x_passive,passive_rvo_mpc,7,18
corridor,density_v4_interaction_tiers,rvo_multistep_density_v1,main,fixed,8,18174,residual_candidate,medium,0.05,0.1,neighbor_gaussian_v1,15436878191581505748,12.0,5.4,64.80000000000001,0.12345679012345677,8.100000000000001,x,y,4.140000000000001,1.9323671497584538,0.9875702857971191,0.9892745018005371,0,0,0,0,0,0.6752766966819763,0,0,0,0,0.5415717959403992,26.4,220,1.062108039855957,4.4882307052612305,0.8950854390859604,14.485656599783397,1.2835969112136147,1.3015401983802968,0.15450369315989188,0.3178409090909091,0.20681818181818182,0.039953062751933686,0.17430580744663765,0.23409845592970538,0.4014772983581167,0.79375,residual,1,x_intent,icgp_rvo_mpc,7,18
corridor,density_v4_interaction_tiers,rvo_multistep_density_v1,main,fixed,8,18174,residual_zero,medium,0.05,0.1,neighbor_gaussian_v1,15436878191581505748,12.0,5.4,64.80000000000001,0.12345679012345677,8.100000000000001,x,y,4.140000000000001,1.9323671497584538,0.9875702857971191,0.9892745018005371,0,0,0,0,0,0.6752766966819763,0,0,0,0,0.6298916339874268,26.4,220,0.5714935064315796,1.2429771423339844,0.9435481242835522,14.757918414725282,1.2207103738730605,1.1957970374009825,0.15229602296048225,0.4456818181818182,0.3261363636363636,-0.03758255525758829,0.07722131450372662,0.08327704540741714,0.4398251542252573,0.8051136363636363,residual,0,x_passive,residual_passive_rvo_mpc,7,18
corridor,density_v4_interaction_tiers,rvo_multistep_density_v1,main,fixed,8,18174,plain_candidate,high,0.1,0.2,neighbor_gaussian_v1,6734955376485273411,12.0,5.4,64.80000000000001,0.12345679012345677,8.100000000000001,x,y,4.140000000000001,1.9323671497584538,0.9875702857971191,0.9892745018005371,0,0,0,0,0,0.6752766966819763,0,1,1,0,0.41446006298065186,26.4,220,0.745593249797821,1.6777454614639282,0.9263506308197975,15.018509594912757,1.4620804838158867,1.4084798738360405,0.09889494285744149,0.6070454545454546,0.45681818181818185,-0.14998499857313635,0.00625987145846539,0.00943495970185506,0.437441572631286,0.7295454545454545,plain,1,x_intent,icgp_rvo_mpc,7,18
corridor,density_v4_interaction_tiers,rvo_multistep_density_v1,main,fixed,8,18174,plain_zero,high,0.1,0.2,neighbor_gaussian_v1,6734955376485273411,12.0,5.4,64.80000000000001,0.12345679012345677,8.100000000000001,x,y,4.140000000000001,1.9323671497584538,0.9875702857971191,0.9892745018005371,0,0,0,0,0,0.6752766966819763,0,0,0,0,0.6514081358909607,26.4,220,0.711194634437561,2.1841092109680176,0.9297485128045082,13.66913970981841,1.298719298839569,1.2869671230966395,0.09586522659943016,0.5518181818181818,0.46079545454545456,-0.09800080375492953,0.019953975564546197,0.027839850629764518,0.4487060972464018,0.74375,plain,0,x_passive,passive_rvo_mpc,7,18
corridor,density_v4_interaction_tiers,rvo_multistep_density_v1,main,fixed,8,18174,residual_candidate,high,0.1,0.2,neighbor_gaussian_v1,6734955376485273411,12.0,5.4,64.80000000000001,0.12345679012345677,8.100000000000001,x,y,4.140000000000001,1.9323671497584538,0.9875702857971191,0.9892745018005371,0,0,0,0,0,0.6752766966819763,0,0,0,0,0.5813283324241638,26.4,220,0.6829187870025635,1.1873327493667603,0.932541586458683,14.715714860940352,1.5052044384858825,1.434136395833709,0.1644477842174555,0.4675,0.3693181818181818,-0.07068997994331981,0.08290253893472255,0.09329290947775272,0.44384426896070894,0.7840909090909091,residual,1,x_intent,icgp_rvo_mpc,7,18
corridor,density_v4_interaction_tiers,rvo_multistep_density_v1,main,fixed,8,18174,residual_zero,high,0.1,0.2,neighbor_gaussian_v1,6734955376485273411,12.0,5.4,64.80000000000001,0.12345679012345677,8.100000000000001,x,y,4.140000000000001,1.9323671497584538,0.9875702857971191,0.9892745018005371,0,0,0,0,0,0.6752766966819763,0,0,0,0,0.6747304797172546,26.4,220,0.747191846370697,1.0765455961227417,0.9261927232146263,14.126346917921182,1.2871400956403125,1.3063333909619939,0.13707397682248318,0.46079545454545456,0.35795454545454547,-0.04308970939442092,0.07006149191536347,0.07690228378628804,0.43205863958901985,0.7431818181818182,residual,0,x_passive,residual_passive_rvo_mpc,7,18
narrow_gate,density_v4_interaction_tiers,rvo_multistep_density_v1,main,fixed,4,14483,plain_candidate,clean,0.0,0.0,neighbor_gaussian_v1,14969763962306004129,12.0,8.0,96.0,0.041666666666666664,24.0,x,y,2.2,1.8181818181818181,0.8355293273925781,0.7641143798828125,0,0,0,0,0,2.722215175628662,1,0,0,0,0.8066993253951796,16.08,134,0.13271881639957428,0.35945695638656616,0.9874626975506544,11.909253167432325,0.7507113604747424,0.5306647823339001,0.18415093328977533,0.21343283582089553,0.0914179104477612,0.48611820360087127,0.6581384927509972,0.6915752226373391,1.1929651217795092,0.4048507462686567,plain,1,x_intent,icgp_rvo_mpc,7,18
narrow_gate,density_v4_interaction_tiers,rvo_multistep_density_v1,main,fixed,4,14483,plain_zero,clean,0.0,0.0,neighbor_gaussian_v1,14969763962306004129,12.0,8.0,96.0,0.041666666666666664,24.0,x,y,2.2,1.8181818181818181,0.8355293273925781,0.7641143798828125,0,0,0,0,0,2.722215175628662,0,0,0,0,0.8014029457901617,26.4,220,1.7489302158355713,6.805725574493408,0.8347870409488678,15.614151402030984,0.838414705836476,0.7204650430090789,0.18510227323118175,0.28295454545454546,0.13636363636363635,0.3937695931308019,0.5031986032073779,0.5561149986785201,0.9749863046811211,0.5909090909090909,plain,0,x_passive,passive_rvo_mpc,7,18
narrow_gate,density_v4_interaction_tiers,rvo_multistep_density_v1,main,fixed,4,14483,residual_candidate,clean,0.0,0.0,neighbor_gaussian_v1,14969763962306004129,12.0,8.0,96.0,0.041666666666666664,24.0,x,y,2.2,1.8181818181818181,0.8355293273925781,0.7641143798828125,0,0,0,0,0,2.722215175628662,0,0,0,0,0.8063256492737054,26.4,220,1.7577826976776123,6.885308265686035,0.8339508026838303,15.208763260157866,0.7611042322258718,0.6282714547674143,0.22643681870911017,0.2240909090909091,0.07045454545454545,0.5918346875888217,0.7308151426227337,0.783011506467389,1.0225952722882075,0.6113636363636363,residual,1,x_intent,icgp_rvo_mpc,7,18
narrow_gate,density_v4_interaction_tiers,rvo_multistep_density_v1,main,fixed,4,14483,residual_zero,clean,0.0,0.0,neighbor_gaussian_v1,14969763962306004129,12.0,8.0,96.0,0.041666666666666664,24.0,x,y,2.2,1.8181818181818181,0.8355293273925781,0.7641143798828125,0,0,0,0,0,2.722215175628662,0,0,0,0,0.8066993253951796,26.4,220,1.7919056415557861,7.01328182220459,0.8307273685932159,11.059063655689897,0.5745431513980442,0.45940947729739656,0.2792385219601618,0.24431818181818182,0.06704545454545455,0.8746108214493085,0.994654530449049,1.0002469116914803,1.500711340818436,0.41704545454545455,residual,0,x_passive,residual_passive_rvo_mpc,7,18
narrow_gate,density_v4_interaction_tiers,rvo_multistep_density_v1,main,fixed,4,14483,plain_candidate,low,0.02,0.04,neighbor_gaussian_v1,12165240921763141691,12.0,8.0,96.0,0.041666666666666664,24.0,x,y,2.2,1.8181818181818181,0.8355293273925781,0.7641143798828125,0,0,0,0,0,2.722215175628662,1,0,0,0,0.8068444185064354,18.48,154,0.1516544669866562,0.37924662232398987,0.985673937946558,13.475228952171165,0.8642110562060851,0.702523785032477,0.2385602272554095,0.2519480519480519,0.10714285714285714,0.32869386659786765,0.4952621932637906,0.5381441916382597,0.9363121070083307,0.5568181818181818,plain,1,x_intent,icgp_rvo_mpc,7,18
narrow_gate,density_v4_interaction_tiers,rvo_multistep_density_v1,main,fixed,4,14483,plain_zero,low,0.02,0.04,neighbor_gaussian_v1,12165240921763141691,12.0,8.0,96.0,0.041666666666666664,24.0,x,y,2.2,1.8181818181818181,0.8355293273925781,0.7641143798828125,0,0,0,0,0,2.722215175628662,0,0,0,0,0.8007268185534588,26.4,220,1.7959736585617065,7.022924423217773,0.8303430825471878,12.79984825493375,0.7008966546474601,0.5727343106742906,0.31089159072673117,0.275,0.09545454545454546,0.5129764564625754,0.6385984547063337,0.652411026757587,1.2417380898508812,0.4954545454545455,plain,0,x_passive,passive_rvo_mpc,7,18
narrow_gate,density_v4_interaction_tiers,rvo_multistep_density_v1,main,fixed,4,14483,residual_candidate,low,0.02,0.04,neighbor_gaussian_v1,12165240921763141691,12.0,8.0,96.0,0.041666666666666664,24.0,x,y,2.2,1.8181818181818181,0.8355293273925781,0.7641143798828125,0,0,0,0,0,2.722215175628662,1,0,0,0,0.7727120518684387,17.16,143,0.1063525602221489,0.27201247215270996,0.9899533893913031,12.960076719522476,0.8870355248169557,0.6432511407875462,0.6032900351923532,0.21153846153846154,0.10839160839160839,0.5205441553491257,0.6626421758975253,0.6814049662769407,1.073985506273436,0.4737762237762238,residual,1,x_intent,icgp_rvo_mpc,7,18
narrow_gate,density_v4_interaction_tiers,rvo_multistep_density_v1,main,fixed,4,14483,residual_zero,low,0.02,0.04,neighbor_gaussian_v1,12165240921763141691,12.0,8.0,96.0,0.041666666666666664,24.0,x,y,2.2,1.8181818181818181,0.8355293273925781,0.7641143798828125,0,0,0,0,0,2.722215175628662,0,0,0,0,0.8068444185064354,26.4,220,1.7633346319198608,6.836636543273926,0.8334263265132904,12.809926367546723,0.792320361894566,0.6298363682051952,0.3282609091415493,0.2384090909090909,0.09886363636363636,0.6050483002524853,0.7231503011004176,0.7362034504488073,1.089313193304076,0.5454545454545454,residual,0,x_passive,residual_passive_rvo_mpc,7,18
narrow_gate,density_v4_interaction_tiers,rvo_multistep_density_v1,main,fixed,4,14483,plain_candidate,medium,0.05,0.1,neighbor_gaussian_v1,5714416636724392681,12.0,8.0,96.0,0.041666666666666664,24.0,x,y,2.2,1.8181818181818181,0.8355293273925781,0.7641143798828125,0,0,0,0,0,2.722215175628662,0,0,0,0,0.7998978987676194,26.4,220,1.7827084064483643,6.941549777984619,0.8315961807966232,13.454009097655216,0.757058193746806,0.5997049633117223,0.3373643182302741,0.26545454545454544,0.0625,0.412199081304741,0.6035940796114674,0.6202018168678586,1.1895996550330532,0.5159090909090909,plain,1,x_intent,icgp_rvo_mpc,7,18
narrow_gate,density_v4_interaction_tiers,rvo_multistep_density_v1,main,fixed,4,14483,plain_zero,medium,0.05,0.1,neighbor_gaussian_v1,5714416636724392681,12.0,8.0,96.0,0.041666666666666664,24.0,x,y,2.2,1.8181818181818181,0.8355293273925781,0.7641143798828125,0,0,0,0,0,2.722215175628662,0,0,0,0,0.8033898808845455,26.4,220,1.872732162475586,7.358080863952637,0.8230920732021332,13.008865626577972,0.6871510212431365,0.5815272250350311,0.26949636336543004,0.3256818181818182,0.1784090909090909,0.4086405780726666,0.5330681811787811,0.5811470785830231,1.106509703535946,0.5488636363636363,plain,0,x_passive,passive_rvo_mpc,7,18
narrow_gate,density_v4_interaction_tiers,rvo_multistep_density_v1,main,fixed,4,14483,residual_candidate,medium,0.05,0.1,neighbor_gaussian_v1,5714416636724392681,12.0,8.0,96.0,0.041666666666666664,24.0,x,y,2.2,1.8181818181818181,0.8355293273925781,0.7641143798828125,0,0,0,0,0,2.722215175628662,0,0,0,0,0.8107526570698507,26.4,220,3.4898157119750977,6.978635311126709,0.6703340411186218,10.535919068976,0.7604253839676279,0.6457850507756865,0.4396313632076437,0.5159090909090909,0.1784090909090909,0.021320619530363998,0.2062979358006947,0.21695214292515472,0.9766555069164798,0.6011363636363637,residual,1,x_intent,icgp_rvo_mpc,7,18
narrow_gate,density_v4_interaction_tiers,rvo_multistep_density_v1,main,fixed,4,14483,residual_zero,medium,0.05,0.1,neighbor_gaussian_v1,5714416636724392681,12.0,8.0,96.0,0.041666666666666664,24.0,x,y,2.2,1.8181818181818181,0.8355293273925781,0.7641143798828125,0,0,0,0,0,2.722215175628662,0,0,0,0,0.7998978987676194,26.4,220,1.9517892599105835,7.631405353546143,0.815623939037323,12.221802671123442,0.7395862433232568,0.6028841893484985,0.32334840910731477,0.2761363636363636,0.06136363636363636,0.5314334589366292,0.6581883956516856,0.6703703069171199,0.9990302934496759,0.5727272727272728,residual,0,x_passive,residual_passive_rvo_mpc,7,18
narrow_gate,density_v4_interaction_tiers,rvo_multistep_density_v1,main,fixed,4,14483,plain_candidate,high,0.1,0.2,neighbor_gaussian_v1,9049520015657974556,12.0,8.0,96.0,0.041666666666666664,24.0,x,y,2.2,1.8181818181818181,0.8355293273925781,0.7641143798828125,0,0,0,0,0,2.722215175628662,1,0,0,0,0.8049367123994385,25.32,211,0.10974077880382538,0.3035139739513397,0.9896333208307624,12.898257726643351,0.7556275925401794,0.6843685472358716,0.29411386260961436,0.22654028436018958,0.07464454976303317,0.4342250989197542,0.5997159785169002,0.6424117592471559,1.1602531996743721,0.4597156398104265,plain,1,x_intent,icgp_rvo_mpc,7,18
narrow_gate,density_v4_interaction_tiers,rvo_multistep_density_v1,main,fixed,4,14483,plain_zero,high,0.1,0.2,neighbor_gaussian_v1,9049520015657974556,12.0,8.0,96.0,0.041666666666666664,24.0,x,y,2.2,1.8181818181818181,0.8355293273925781,0.7641143798828125,0,0,0,0,0,2.722215175628662,1,0,0,0,0.7868985533714294,17.16,143,0.1359691470861435,0.338440865278244,0.9871556544676423,12.094968628618517,1.158598715946619,0.8956953283705442,0.27182045540449995,0.3241258741258741,0.2202797202797203,0.31848389119930526,0.44239014430772033,0.5141989253021295,1.034842525382036,0.5646853146853147,plain,0,x_passive,passive_rvo_mpc,7,18
narrow_gate,density_v4_interaction_tiers,rvo_multistep_density_v1,main,fixed,4,14483,residual_candidate,high,0.1,0.2,neighbor_gaussian_v1,9049520015657974556,12.0,8.0,96.0,0.041666666666666664,24.0,x,y,2.2,1.8181818181818181,0.8355293273925781,0.7641143798828125,0,0,0,0,0,2.722215175628662,1,0,0,0,0.8022282507849445,21.48,179,0.10573035478591919,0.28329962491989136,0.9900121660903096,12.689132983330637,0.8847182606283169,0.7198024605395658,0.310945949844324,0.23547486033519552,0.13547486033519554,0.676483642801248,0.8274131962215523,0.8417063507967725,1.2473053078931746,0.45670391061452514,residual,1,x_intent,icgp_rvo_mpc,7,18
narrow_gate,density_v4_interaction_tiers,rvo_multistep_density_v1,main,fixed,4,14483,residual_zero,high,0.1,0.2,neighbor_gaussian_v1,9049520015657974556,12.0,8.0,96.0,0.041666666666666664,24.0,x,y,2.2,1.8181818181818181,0.8355293273925781,0.7641143798828125,0,0,0,0,0,2.722215175628662,1,0,0,0,0.6924327611923218,17.4,145,0.07695973664522171,0.27243977785110474,0.9927299870178103,12.041350848259754,0.9884230952878514,0.7636639523159328,0.7118567248308582,0.3082758620689655,0.2189655172413793,0.45802932684640235,0.5682234636874275,0.6021667161748071,0.9967813246468888,0.49482758620689654,residual,0,x_passive,residual_passive_rvo_mpc,7,18
narrow_gate,density_v4_interaction_tiers,rvo_multistep_density_v1,main,fixed,8,18483,plain_candidate,clean,0.0,0.0,neighbor_gaussian_v1,16631660745376454489,12.0,8.0,96.0,0.08333333333333333,12.0,x,y,2.2,3.6363636363636362,0.8426265716552734,0.8309893608093262,0,0,0,0,0,0.870261549949646,0,0,0,0,0.6498036980628967,26.4,220,2.1109349727630615,7.201253414154053,0.7962604463100433,12.94301661199097,0.8147615409032865,0.778210197050463,0.19433732979285362,0.5854545454545454,0.3176136363636364,-0.12982971875830232,0.06175652080510695,0.06462080161319618,0.5376060484480966,0.7801136363636364,plain,1,x_intent,icgp_rvo_mpc,7,18
narrow_gate,density_v4_interaction_tiers,rvo_multistep_density_v1,main,fixed,8,18483,plain_zero,clean,0.0,0.0,neighbor_gaussian_v1,16631660745376454489,12.0,8.0,96.0,0.08333333333333333,12.0,x,y,2.2,3.6363636363636362,0.8426265716552734,0.8309893608093262,0,0,0,0,0,0.870261549949646,0,0,0,0,0.6751483082771301,26.4,220,1.6745681762695312,7.801219940185547,0.8383769392967224,13.835066722367628,0.8717293357984586,0.7892243185503917,0.18265090901960238,0.5825,0.35965909090909093,-0.09463470499727836,0.04901558103293112,0.05166705627449034,0.4657183088495327,0.7761363636363636,plain,0,x_passive,passive_rvo_mpc,7,18
narrow_gate,density_v4_interaction_tiers,rvo_multistep_density_v1,main,fixed,8,18483,residual_candidate,clean,0.0,0.0,neighbor_gaussian_v1,16631660745376454489,12.0,8.0,96.0,0.08333333333333333,12.0,x,y,2.2,3.6363636363636362,0.8426265716552734,0.8309893608093262,0,0,0,0,0,0.870261549949646,0,0,0,0,0.6359750032424927,26.4,220,2.269949436187744,8.326271057128906,0.7809129655361176,11.466694721007116,0.7294609623876485,0.7106138665398414,0.17837539747812448,0.5555681818181818,0.2948863636363636,-0.04916096264642786,0.12743618175952864,0.1506898859165939,0.5115652543001069,0.7795454545454545,residual,1,x_intent,icgp_rvo_mpc,7,18
narrow_gate,density_v4_interaction_tiers,rvo_multistep_density_v1,main,fixed,8,18483,residual_zero,clean,0.0,0.0,neighbor_gaussian_v1,16631660745376454489,12.0,8.0,96.0,0.08333333333333333,12.0,x,y,2.2,3.6363636363636362,0.8426265716552734,0.8309893608093262,0,0,0,0,0,0.870261549949646,0,0,0,0,0.6139307022094727,26.4,220,2.064964532852173,6.754883766174316,0.8006973415613174,11.602844655877561,0.687133314595981,0.6531632818281651,0.19799585206783377,0.5327272727272727,0.28806818181818183,-0.0033898453725049052,0.1258555600236504,0.12910333748683997,0.5427082125385593,0.7443181818181818,residual,0,x_passive,residual_passive_rvo_mpc,7,18
narrow_gate,density_v4_interaction_tiers,rvo_multistep_density_v1,main,fixed,8,18483,plain_candidate,low,0.02,0.04,neighbor_gaussian_v1,5163863283033327488,12.0,8.0,96.0,0.08333333333333333,12.0,x,y,2.2,3.6363636363636362,0.8426265716552734,0.8309893608093262,0,0,0,0,0,0.870261549949646,0,0,0,0,0.6802358627319336,26.4,220,2.4687607288360596,8.14118766784668,0.761724442243576,12.005006511162719,0.9179681992327625,0.8768835130401633,0.10472960215834477,0.6328409090909091,0.40454545454545454,-0.1323014636457441,0.058486182272979685,0.061255678332787444,0.6064387921265874,0.7772727272727272,plain,1,x_intent,icgp_rvo_mpc,7,18
narrow_gate,density_v4_interaction_tiers,rvo_multistep_density_v1,main,fixed,8,18483,plain_zero,low,0.02,0.04,neighbor_gaussian_v1,5163863283033327488,12.0,8.0,96.0,0.08333333333333333,12.0,x,y,2.2,3.6363636363636362,0.8426265716552734,0.8309893608093262,0,0,0,0,0,0.870261549949646,0,0,0,0,0.7006927132606506,26.4,220,0.857390820980072,3.0496673583984375,0.9172478467226028,14.113684342011311,0.8408463823524388,0.8117550332437862,0.09630937479827976,0.5456818181818182,0.3477272727272727,-0.05202973037507473,0.07942835326507278,0.1038935967587155,0.5723257445923323,0.7505681818181819,plain,0,x_passive,passive_rvo_mpc,7,18
narrow_gate,density_v4_interaction_tiers,rvo_multistep_density_v1,main,fixed,8,18483,residual_candidate,low,0.02,0.04,neighbor_gaussian_v1,5163863283033327488,12.0,8.0,96.0,0.08333333333333333,12.0,x,y,2.2,3.6363636363636362,0.8426265716552734,0.8309893608093262,0,0,0,0,0,0.870261549949646,0,0,0,0,0.7684011459350586,26.4,220,2.5651841163635254,8.415968894958496,0.7524180263280869,11.97589272859068,0.8937585478817874,0.8842082995582711,0.11889323878594124,0.6125,0.28238636363636366,-0.11275099337552219,0.0800682951970987,0.08610954654386632,0.4303727301268792,0.7909090909090909,residual,1,x_intent,icgp_rvo_mpc,7,18
narrow_gate,density_v4_interaction_tiers,rvo_multistep_density_v1,main,fixed,8,18483,residual_zero,low,0.02,0.04,neighbor_gaussian_v1,5163863283033327488,12.0,8.0,96.0,0.08333333333333333,12.0,x,y,2.2,3.6363636363636362,0.8426265716552734,0.8309893608093262,0,0,0,0,0,0.870261549949646,0,0,0,0,0.63682621717453,26.4,220,0.7121042013168335,1.4239637851715088,0.9312703683972359,14.197426299921062,0.8956998539919203,0.8163548351011493,0.12212840907026971,0.4914772727272727,0.28238636363636366,0.00400699021004899,0.13677427980516255,0.14669839910172253,0.5799349061574331,0.7295454545454545,residual,0,x_passive,residual_passive_rvo_mpc,7,18
narrow_gate,density_v4_interaction_tiers,rvo_multistep_density_v1,main,fixed,8,18483,plain_candidate,medium,0.05,0.1,neighbor_gaussian_v1,3103361275029300316,12.0,8.0,96.0,0.08333333333333333,12.0,x,y,2.2,3.6363636363636362,0.8426265716552734,0.8309893608093262,0,0,0,0,0,0.870261549949646,0,0,0,0,0.7514316439628601,26.4,220,0.7283651232719421,1.609738826751709,0.9297009259462357,14.9648533626696,1.103197751126506,1.0061806797303936,0.10264488625001501,0.5601136363636363,0.3375,-0.11534480947973151,0.06611445862374028,0.07137944907956163,0.5228441758783577,0.7727272727272727,plain,1,x_intent,icgp_rvo_mpc,7,18
narrow_gate,density_v4_interaction_tiers,rvo_multistep_density_v1,main,fixed,8,18483,plain_zero,medium,0.05,0.1,neighbor_gaussian_v1,3103361275029300316,12.0,8.0,96.0,0.08333333333333333,12.0,x,y,2.2,3.6363636363636362,0.8426265716552734,0.8309893608093262,0,0,0,0,0,0.870261549949646,0,0,0,0,0.6459673047065735,26.4,220,1.4336917400360107,7.61712121963501,0.8616254329681396,13.054119197939372,1.0012742867523974,0.992268996143883,0.11573068166564388,0.4859090909090909,0.2715909090909091,-0.014591401909835433,0.12067901366440546,0.1414697208936975,0.5200992445225372,0.7568181818181818,plain,0,x_passive,passive_rvo_mpc,7,18
narrow_gate,density_v4_interaction_tiers,rvo_multistep_density_v1,main,fixed,8,18483,residual_candidate,medium,0.05,0.1,neighbor_gaussian_v1,3103361275029300316,12.0,8.0,96.0,0.08333333333333333,12.0,x,y,2.2,3.6363636363636362,0.8426265716552734,0.8309893608093262,0,0,0,0,0,0.870261549949646,0,0,0,0,0.6440344452857971,26.4,220,1.859500527381897,7.70028829574585,0.820527970790863,14.268268835166964,1.050306058200923,0.9929859538647261,0.13188073862693273,0.5311363636363636,0.24147727272727273,-0.0326785891000925,0.1413188406577392,0.1593648574354542,0.5253495660415163,0.7988636363636363,residual,1,x_intent,icgp_rvo_mpc,7,18
narrow_gate,density_v4_interaction_tiers,rvo_multistep_density_v1,main,fixed,8,18483,residual_zero,medium,0.05,0.1,neighbor_gaussian_v1,3103361275029300316,12.0,8.0,96.0,0.08333333333333333,12.0,x,y,2.2,3.6363636363636362,0.8426265716552734,0.8309893608093262,0,0,0,0,0,0.870261549949646,0,0,0,0,0.6385661363601685,26.4,220,0.7439192533493042,2.3152055740356445,0.9281996935606003,13.3560099653605,0.9485957287929275,0.9078778304159641,0.1371629547727273,0.4989772727272727,0.29602272727272727,-0.008149288660026616,0.11599702852624284,0.11962502688269624,0.5796954039197868,0.7352272727272727,residual,0,x_passive,residual_passive_rvo_mpc,7,18
narrow_gate,density_v4_interaction_tiers,rvo_multistep_density_v1,main,fixed,8,18483,plain_candidate,high,0.1,0.2,neighbor_gaussian_v1,13596422690151866028,12.0,8.0,96.0,0.08333333333333333,12.0,x,y,2.2,3.6363636363636362,0.8426265716552734,0.8309893608093262,0,0,0,0,0,0.870261549949646,0,0,0,0,0.6820148229598999,26.4,220,1.512671709060669,4.517599582672119,0.8540025800466537,13.264830191419605,1.0900017703121359,1.0193572037599303,0.11036687504780605,0.5867045454545454,0.32329545454545455,-0.08969276498640914,0.09459578213854959,0.10314806836488169,0.5292288043883164,0.7392045454545455,plain,1,x_intent,icgp_rvo_mpc,7,18
narrow_gate,density_v4_interaction_tiers,rvo_multistep_density_v1,main,fixed,8,18483,plain_zero,high,0.1,0.2,neighbor_gaussian_v1,13596422690151866028,12.0,8.0,96.0,0.08333333333333333,12.0,x,y,2.2,3.6363636363636362,0.8426265716552734,0.8309893608093262,0,0,0,0,0,0.870261549949646,0,0,0,0,0.5511838793754578,26.4,220,2.254608631134033,8.408897399902344,0.782393604516983,13.445947692576738,1.2607923396609046,1.2005354740402916,0.10298187490579122,0.5704545454545454,0.38579545454545455,-0.0769657727627396,0.06024338258821195,0.06719348896347004,0.5214732521788423,0.7198863636363636,plain,0,x_passive,passive_rvo_mpc,7,18
narrow_gate,density_v4_interaction_tiers,rvo_multistep_density_v1,main,fixed,8,18483,residual_candidate,high,0.1,0.2,neighbor_gaussian_v1,13596422690151866028,12.0,8.0,96.0,0.08333333333333333,12.0,x,y,2.2,3.6363636363636362,0.8426265716552734,0.8309893608093262,0,0,0,0,0,0.870261549949646,0,0,0,0,0.699704110622406,26.4,220,1.2238439321517944,6.71423864364624,0.8818791583180428,12.925533676385385,1.0909106725318864,1.080095023695718,0.12125857991288119,0.4665909090909091,0.2346590909090909,-0.024917015544160127,0.15017108587237357,0.15928580010628018,0.5787603716304336,0.7642045454545454,residual,1,x_intent,icgp_rvo_mpc,7,18
narrow_gate,density_v4_interaction_tiers,rvo_multistep_density_v1,main,fixed,8,18483,residual_zero,high,0.1,0.2,neighbor_gaussian_v1,13596422690151866028,12.0,8.0,96.0,0.08333333333333333,12.0,x,y,2.2,3.6363636363636362,0.8426265716552734,0.8309893608093262,0,0,0,0,0,0.870261549949646,0,0,0,0,0.7514148950576782,26.4,220,1.9092646837234497,7.31550407409668,0.8157249093055725,12.679825065803016,1.0238481981171803,0.9797086663544178,0.11370113659888209,0.5468181818181819,0.2767045454545455,-0.018082110995102416,0.12712137814394858,0.15038062987055562,0.43851082877373654,0.803409090909091,residual,0,x_passive,residual_passive_rvo_mpc,7,18
merge_bottleneck,density_v4_interaction_tiers,rvo_multistep_density_v1,main,fixed,4,14996,plain_candidate,clean,0.0,0.0,neighbor_gaussian_v1,6983967729446222636,12.0,8.0,96.0,0.041666666666666664,24.0,x,y,2.2,1.8181818181818181,0.7569851875305176,0.9000000953674316,0,0,0,0,0,1.6366171836853027,0,0,0,0,0.688761293888092,26.4,220,0.5501787662506104,0.7837759256362915,0.9469311200082302,13.38300283945864,0.6391291638875745,0.590036425704073,0.15919431719918398,0.3195454545454545,0.07727272727272727,0.10952124114808512,0.262507380944805,0.33148102461618756,0.4792488864366148,0.6602272727272728,plain,1,x_intent,icgp_rvo_mpc,7,18
merge_bottleneck,density_v4_interaction_tiers,rvo_multistep_density_v1,main,fixed,4,14996,plain_zero,clean,0.0,0.0,neighbor_gaussian_v1,6983967729446222636,12.0,8.0,96.0,0.041666666666666664,24.0,x,y,2.2,1.8181818181818181,0.7569851875305176,0.9000000953674316,0,0,0,0,0,1.6366171836853027,0,0,0,0,0.7521387338638306,26.4,220,1.189185619354248,2.909782886505127,0.8852941021323204,12.620786158000556,0.4861754116973316,0.4200015267711768,0.17196511385422622,0.435,0.15,0.059787861679929014,0.20800540485486427,0.22733455365675456,0.4843877975490191,0.6909090909090909,plain,0,x_passive,passive_rvo_mpc,7,18
merge_bottleneck,density_v4_interaction_tiers,rvo_multistep_density_v1,main,fixed,4,14996,residual_candidate,clean,0.0,0.0,neighbor_gaussian_v1,6983967729446222636,12.0,8.0,96.0,0.041666666666666664,24.0,x,y,2.2,1.8181818181818181,0.7569851875305176,0.9000000953674316,0,0,0,0,0,1.6366171836853027,0,0,0,0,0.7871400713920593,26.4,220,0.587590754032135,1.0402053594589233,0.9433224536478519,14.464858706109226,0.6214757841807093,0.5227172687927205,0.23415102332364768,0.39,0.1159090909090909,0.05788963971842334,0.21745601124159142,0.24387088198328385,0.5294735601806777,0.6886363636363636,residual,1,x_intent,icgp_rvo_mpc,7,18
merge_bottleneck,density_v4_interaction_tiers,rvo_multistep_density_v1,main,fixed,4,14996,residual_zero,clean,0.0,0.0,neighbor_gaussian_v1,6983967729446222636,12.0,8.0,96.0,0.041666666666666664,24.0,x,y,2.2,1.8181818181818181,0.7569851875305176,0.9000000953674316,0,0,0,0,0,1.6366171836853027,0,0,0,0,0.6328293085098267,26.4,220,0.735355019569397,0.964257538318634,0.9290694817900658,13.203518884372897,0.6551497988900254,0.6457775404041802,0.2117105686920695,0.3668181818181818,0.08409090909090909,0.10543973113492779,0.24361993512388247,0.26945620969356726,0.442165043577649,0.7681818181818182,residual,0,x_passive,residual_passive_rvo_mpc,7,18
merge_bottleneck,density_v4_interaction_tiers,rvo_multistep_density_v1,main,fixed,4,14996,plain_candidate,low,0.02,0.04,neighbor_gaussian_v1,17860615258642734015,12.0,8.0,96.0,0.041666666666666664,24.0,x,y,2.2,1.8181818181818181,0.7569851875305176,0.9000000953674316,0,0,0,0,0,1.6366171836853027,0,0,0,0,0.8400494196533269,26.4,220,0.6175071001052856,0.9185439348220825,0.9404367953538895,13.215224422485335,0.6102071115651184,0.5908907823923404,0.16129693189709957,0.3513636363636364,0.07840909090909091,0.12366485472110811,0.28785776413365033,0.3121542635837487,0.5600762044769273,0.6988636363636364,plain,1,x_intent,icgp_rvo_mpc,7,18
merge_bottleneck,density_v4_interaction_tiers,rvo_multistep_density_v1,main,fixed,4,14996,plain_zero,low,0.02,0.04,neighbor_gaussian_v1,17860615258642734015,12.0,8.0,96.0,0.041666666666666664,24.0,x,y,2.2,1.8181818181818181,0.7569851875305176,0.9000000953674316,0,0,0,0,0,1.6366171836853027,0,0,0,0,0.7651569247245789,26.4,220,0.5253645777702332,0.9069032073020935,0.9493246376514435,12.851364103378728,0.7836404554068312,0.7749589010639201,0.16108977354385637,0.325,0.07272727272727272,0.11281450233467458,0.24055396516159794,0.264552078138149,0.5033453404176992,0.6670454545454545,plain,0,x_passive,passive_rvo_mpc,7,18
merge_bottleneck,density_v4_interaction_tiers,rvo_multistep_density_v1,main,fixed,4,14996,residual_candidate,low,0.02,0.04,neighbor_gaussian_v1,17860615258642734015,12.0,8.0,96.0,0.041666666666666664,24.0,x,y,2.2,1.8181818181818181,0.7569851875305176,0.9000000953674316,0,0,0,0,0,1.6366171836853027,0,0,0,0,0.8400499534606933,26.4,220,0.8632512092590332,1.7652604579925537,0.9167329296469688,14.142986051330809,0.5900099081274509,0.4766129151867724,0.2062275002324234,0.3972727272727273,0.1431818181818182,0.06551462136405935,0.21323140143163427,0.235800799404023,0.5752730759569118,0.7647727272727273,residual,1,x_intent,icgp_rvo_mpc,7,18
merge_bottleneck,density_v4_interaction_tiers,rvo_multistep_density_v1,main,fixed,4,14996,residual_zero,low,0.02,0.04,neighbor_gaussian_v1,17860615258642734015,12.0,8.0,96.0,0.041666666666666664,24.0,x,y,2.2,1.8181818181818181,0.7569851875305176,0.9000000953674316,0,0,0,0,0,1.6366171836853027,0,0,0,0,0.5272433757781982,26.4,220,0.5134977102279663,0.7402012944221497,0.9504692852497101,13.211585598881356,0.6616371541442773,0.6418376735030589,0.20818772668876176,0.3704545454545455,0.09886363636363636,0.12182140805038293,0.26134231528501983,0.2749651215739991,0.4945284989066544,0.7818181818181819,residual,0,x_passive,residual_passive_rvo_mpc,7,18
merge_bottleneck,density_v4_interaction_tiers,rvo_multistep_density_v1,main,fixed,4,14996,plain_candidate,medium,0.05,0.1,neighbor_gaussian_v1,11783207557785994602,12.0,8.0,96.0,0.041666666666666664,24.0,x,y,2.2,1.8181818181818181,0.7569851875305176,0.9000000953674316,0,0,0,0,0,1.6366171836853027,0,0,0,0,0.8092892169952393,26.4,220,0.5168275833129883,0.7911539673805237,0.950148094445467,13.932799480402537,0.7484176253227567,0.6820160708689152,0.16150352219648828,0.37227272727272726,0.1125,0.08287452446297752,0.2505556997296768,0.27569628060327456,0.5248112992661438,0.6806818181818182,plain,1,x_intent,icgp_rvo_mpc,7,18
merge_bottleneck,density_v4_interaction_tiers,rvo_multistep_density_v1,main,fixed,4,14996,plain_zero,medium,0.05,0.1,neighbor_gaussian_v1,11783207557785994602,12.0,8.0,96.0,0.041666666666666664,24.0,x,y,2.2,1.8181818181818181,0.7569851875305176,0.9000000953674316,0,0,0,0,0,1.6366171836853027,0,0,0,0,0.8187261819839478,26.4,220,1.1403942108154297,3.008328437805176,0.8900004029273987,13.625795012094386,0.7269532716224851,0.6302347407739779,0.15869011351076717,0.4159090909090909,0.1340909090909091,0.08070352449279318,0.2214248310838523,0.240781400325246,0.4947063999509183,0.7284090909090909,plain,0,x_passive,passive_rvo_mpc,7,18
merge_bottleneck,density_v4_interaction_tiers,rvo_multistep_density_v1,main,fixed,4,14996,residual_candidate,medium,0.05,0.1,neighbor_gaussian_v1,11783207557785994602,12.0,8.0,96.0,0.041666666666666664,24.0,x,y,2.2,1.8181818181818181,0.7569851875305176,0.9000000953674316,0,0,0,0,0,1.6366171836853027,0,0,0,0,0.6338866353034973,26.4,220,0.5586526393890381,0.755855143070221,0.9461137503385544,14.028905612518429,0.7553990644270512,0.7074225780924528,0.20906363643007353,0.38272727272727275,0.11136363636363636,0.06021090193066755,0.21027382352507124,0.23595423086494763,0.4993898614742804,0.7420454545454546,residual,1,x_intent,icgp_rvo_mpc,7,18
merge_bottleneck,density_v4_interaction_tiers,rvo_multistep_density_v1,main,fixed,4,14996,residual_zero,medium,0.05,0.1,neighbor_gaussian_v1,11783207557785994602,12.0,8.0,96.0,0.041666666666666664,24.0,x,y,2.2,1.8181818181818181,0.7569851875305176,0.9000000953674316,0,0,0,0,0,1.6366171836853027,0,0,0,0,0.840058089398252,26.4,220,0.7688415050506592,1.4378372430801392,0.9258394539356232,13.555323695080006,0.7751699105130022,0.7685522253561595,0.21463647730839017,0.3472727272727273,0.07386363636363637,0.10230528077004632,0.2352942507090532,0.2509403256245273,0.5434498825448175,0.7693181818181818,residual,0,x_passive,residual_passive_rvo_mpc,7,18
merge_bottleneck,density_v4_interaction_tiers,rvo_multistep_density_v1,main,fixed,4,14996,plain_candidate,high,0.1,0.2,neighbor_gaussian_v1,1796235087256730550,12.0,8.0,96.0,0.041666666666666664,24.0,x,y,2.2,1.8181818181818181,0.7569851875305176,0.9000000953674316,0,0,0,0,0,1.6366171836853027,0,0,0,0,0.840041010148382,26.4,220,0.5550333261489868,0.7534304857254028,0.9464628621935844,14.124283224147803,0.8875803017458069,0.8013035840813907,0.15499988724265926,0.3609090909090909,0.09090909090909091,0.08404550485008185,0.24822282792584566,0.27729824843824014,0.5141958382907795,0.7261363636363637,plain,1,x_intent,icgp_rvo_mpc,7,18
merge_bottleneck,density_v4_interaction_tiers,rvo_multistep_density_v1,main,fixed,4,14996,plain_zero,high,0.1,0.2,neighbor_gaussian_v1,1796235087256730550,12.0,8.0,96.0,0.041666666666666664,24.0,x,y,2.2,1.8181818181818181,0.7569851875305176,0.9000000953674316,0,0,0,0,0,1.6366171836853027,0,0,0,0,0.7612074613571167,26.4,220,1.4521517753601074,4.117380619049072,0.8599290400743484,12.732146326030488,0.9272360399010887,0.8310375114998103,0.1599232958555645,0.3740909090909091,0.08863636363636364,0.10018684213625023,0.24264535671362475,0.29881810868760056,0.46464331540411535,0.7761363636363636,plain,0,x_passive,passive_rvo_mpc,7,18
merge_bottleneck,density_v4_interaction_tiers,rvo_multistep_density_v1,main,fixed,4,14996,residual_candidate,high,0.1,0.2,neighbor_gaussian_v1,1796235087256730550,12.0,8.0,96.0,0.041666666666666664,24.0,x,y,2.2,1.8181818181818181,0.7569851875305176,0.9000000953674316,0,0,0,0,0,1.6366171836853027,0,0,0,0,0.8400429404691698,26.4,220,0.5961949229240417,0.9291813373565674,0.9424925148487091,14.037107572243258,0.9579289395023476,0.8665131876202808,0.21240568180060523,0.3393181818181818,0.08295454545454546,0.08470449076039738,0.23473749671161517,0.2602347783984414,0.4949601396063698,0.7636363636363637,residual,1,x_intent,icgp_rvo_mpc,7,18
merge_bottleneck,density_v4_interaction_tiers,rvo_multistep_density_v1,main,fixed,4,14996,residual_zero,high,0.1,0.2,neighbor_gaussian_v1,1796235087256730550,12.0,8.0,96.0,0.041666666666666664,24.0,x,y,2.2,1.8181818181818181,0.7569851875305176,0.9000000953674316,0,0,0,0,0,1.6366171836853027,0,0,0,0,0.6557133793830872,26.4,220,1.2891273498535156,2.8106496334075928,0.875653974711895,13.55450292583555,0.8185545311796225,0.7837343333712355,0.20455022769800218,0.3790909090909091,0.09772727272727273,0.08017078813834161,0.22058461954775738,0.24212824288544885,0.4736127100131137,0.7818181818181819,residual,0,x_passive,residual_passive_rvo_mpc,7,18
merge_bottleneck,density_v4_interaction_tiers,rvo_multistep_density_v1,main,fixed,8,18996,plain_candidate,clean,0.0,0.0,neighbor_gaussian_v1,5106166668490953911,12.0,8.0,96.0,0.08333333333333333,12.0,x,y,2.2,3.6363636363636362,0.781407356262207,0.9000000953674316,0,0,0,0,0,0.7052741646766663,0,0,0,0,0.6545299291610718,26.4,220,2.8781275749206543,6.94635534286499,0.7218464016914368,11.122405918307777,0.9186323735524308,0.9424472858282653,0.08818465903459582,0.6156818181818182,0.31420454545454546,-0.14024047006017876,0.03297718010017401,0.038545200382995234,0.3287227678230995,0.8443181818181819,plain,1,x_intent,icgp_rvo_mpc,7,18
merge_bottleneck,density_v4_interaction_tiers,rvo_multistep_density_v1,main,fixed,8,18996,plain_zero,clean,0.0,0.0,neighbor_gaussian_v1,5106166668490953911,12.0,8.0,96.0,0.08333333333333333,12.0,x,y,2.2,3.6363636363636362,0.781407356262207,0.9000000953674316,0,0,0,0,0,0.7052741646766663,0,0,0,0,0.5636761784553528,26.4,220,2.457498073577881,6.555912494659424,0.7624976933002472,11.67530745444219,0.8592832150445743,0.8956257418136705,0.0897403974787184,0.6229545454545454,0.3352272727272727,-0.13099956330950516,0.024235033889865247,0.030671444114438434,0.34844449566027585,0.8681818181818182,plain,0,x_passive,passive_rvo_mpc,7,18
merge_bottleneck,density_v4_interaction_tiers,rvo_multistep_density_v1,main,fixed,8,18996,residual_candidate,clean,0.0,0.0,neighbor_gaussian_v1,5106166668490953911,12.0,8.0,96.0,0.08333333333333333,12.0,x,y,2.2,3.6363636363636362,0.781407356262207,0.9000000953674316,0,0,0,0,0,0.7052741646766663,0,0,0,0,0.6480080485343933,26.4,220,2.6676523685455322,6.899702548980713,0.7421875596046448,11.415160453520798,0.8635948847640644,0.8889846365560184,0.11563471618335991,0.5782954545454545,0.22329545454545455,-0.10919393998423528,0.07324358047437314,0.08029450928843858,0.34442722497438827,0.8579545454545454,residual,1,x_intent,icgp_rvo_mpc,7,18
merge_bottleneck,density_v4_interaction_tiers,rvo_multistep_density_v1,main,fixed,8,18996,residual_zero,clean,0.0,0.0,neighbor_gaussian_v1,5106166668490953911,12.0,8.0,96.0,0.08333333333333333,12.0,x,y,2.2,3.6363636363636362,0.781407356262207,0.9000000953674316,0,0,0,0,0,0.7052741646766663,0,0,0,0,0.6088818311691284,26.4,220,2.4504082202911377,6.829788684844971,0.7631828784942627,11.818117595521471,0.6857903510332107,0.7243368577889421,0.11383999996972059,0.5206818181818181,0.2409090909090909,-0.04594903309693022,0.08903322318216479,0.0910643632623946,0.37164182284592995,0.8829545454545454,residual,0,x_passive,residual_passive_rvo_mpc,7,18
merge_bottleneck,density_v4_interaction_tiers,rvo_multistep_density_v1,main,fixed,8,18996,plain_candidate,low,0.02,0.04,neighbor_gaussian_v1,15720145523192879074,12.0,8.0,96.0,0.08333333333333333,12.0,x,y,2.2,3.6363636363636362,0.781407356262207,0.9000000953674316,0,0,0,0,0,0.7052741646766663,0,0,0,0,0.5820519924163818,26.4,220,2.959934711456299,6.871273040771484,0.7139402329921722,11.385802238831957,0.9095293988219716,0.946295483478091,0.123920454412159,0.6461363636363636,0.325,-0.1604492168406395,0.011316451627539486,0.015308123380740104,0.34817581595882297,0.8477272727272728,plain,1,x_intent,icgp_rvo_mpc,7,18
merge_bottleneck,density_v4_interaction_tiers,rvo_multistep_density_v1,main,fixed,8,18996,plain_zero,low,0.02,0.04,neighbor_gaussian_v1,15720145523192879074,12.0,8.0,96.0,0.08333333333333333,12.0,x,y,2.2,3.6363636363636362,0.781407356262207,0.9000000953674316,0,0,0,0,0,0.7052741646766663,0,0,0,0,0.5720839500427246,26.4,220,3.278259754180908,7.004304885864258,0.6831760406494141,10.245944572852977,0.828888973492113,0.8966458528556607,0.09838159100829878,0.6002272727272727,0.27897727272727274,-0.1194481058211721,0.028725380108794978,0.033327280100453584,0.37506735774247163,0.8539772727272728,plain,0,x_passive,passive_rvo_mpc,7,18
merge_bottleneck,density_v4_interaction_tiers,rvo_multistep_density_v1,main,fixed,8,18996,residual_candidate,low,0.02,0.04,neighbor_gaussian_v1,15720145523192879074,12.0,8.0,96.0,0.08333333333333333,12.0,x,y,2.2,3.6363636363636362,0.781407356262207,0.9000000953674316,0,0,0,0,0,0.7052741646766663,0,0,0,0,0.5851589441299438,26.4,220,2.2611231803894043,6.504343509674072,0.7814761251211166,13.061370073362013,1.0132231268015774,1.01693935749883,0.13576443154968068,0.5952272727272727,0.30227272727272725,-0.12826597243604018,0.042133998527946685,0.047080813157788615,0.37551384721633874,0.8517045454545454,residual,1,x_intent,icgp_rvo_mpc,7,18
merge_bottleneck,density_v4_interaction_tiers,rvo_multistep_density_v1,main,fixed,8,18996,residual_zero,low,0.02,0.04,neighbor_gaussian_v1,15720145523192879074,12.0,8.0,96.0,0.08333333333333333,12.0,x,y,2.2,3.6363636363636362,0.781407356262207,0.9000000953674316,0,0,0,0,0,0.7052741646766663,0,0,0,0,0.5241978168487549,26.4,220,2.789020299911499,6.6675286293029785,0.7304580807685852,11.50960332223167,0.8970387784764171,0.9571756858209317,0.12796818181496664,0.6039772727272728,0.2715909090909091,-0.10543314158240435,0.047331372100078976,0.0482883047077785,0.3466362683680199,0.8397727272727272,residual,0,x_passive,residual_passive_rvo_mpc,7,18
merge_bottleneck,density_v4_interaction_tiers,rvo_multistep_density_v1,main,fixed,8,18996,plain_candidate,medium,0.05,0.1,neighbor_gaussian_v1,11180570601391997834,12.0,8.0,96.0,0.08333333333333333,12.0,x,y,2.2,3.6363636363636362,0.781407356262207,0.9000000953674316,0,0,0,0,0,0.7052741646766663,0,0,0,0,0.6427995562553406,26.4,220,3.0510313510894775,6.859410285949707,0.7051362991333008,11.49043065346632,1.0348943147469651,1.1329744863239202,0.09438363674483051,0.5653409090909091,0.23920454545454545,-0.11866321490392666,0.053660741136606384,0.05583617798284097,0.41100372641682076,0.8818181818181818,plain,1,x_intent,icgp_rvo_mpc,7,18
merge_bottleneck,density_v4_interaction_tiers,rvo_multistep_density_v1,main,fixed,8,18996,plain_zero,medium,0.05,0.1,neighbor_gaussian_v1,11180570601391997834,12.0,8.0,96.0,0.08333333333333333,12.0,x,y,2.2,3.6363636363636362,0.781407356262207,0.9000000953674316,0,0,0,0,0,0.7052741646766663,0,0,1,0,0.4468877613544464,26.4,220,2.4571642875671387,6.637083530426025,0.7625299394130707,12.964335318514486,1.054881281337955,1.0357030955566602,0.09991386346386703,0.612840909090909,0.33238636363636365,-0.12030685925954239,0.02410104103831298,0.02755088716163793,0.3545617346607103,0.8772727272727273,plain,0,x_passive,passive_rvo_mpc,7,18
merge_bottleneck,density_v4_interaction_tiers,rvo_multistep_density_v1,main,fixed,8,18996,residual_candidate,medium,0.05,0.1,neighbor_gaussian_v1,11180570601391997834,12.0,8.0,96.0,0.08333333333333333,12.0,x,y,2.2,3.6363636363636362,0.781407356262207,0.9000000953674316,0,0,0,0,0,0.7052741646766663,0,0,0,0,0.570389449596405,26.4,220,2.7429239749908447,6.88419771194458,0.7349129915237427,12.900108589234605,1.128322237222032,1.1538236542858862,0.11946227287725461,0.5325,0.21306818181818182,-0.09732233420350504,0.07734801929046531,0.08380708319160796,0.34848704035879685,0.8573863636363637,residual,1,x_intent,icgp_rvo_mpc,7,18
merge_bottleneck,density_v4_interaction_tiers,rvo_multistep_density_v1,main,fixed,8,18996,residual_zero,medium,0.05,0.1,neighbor_gaussian_v1,11180570601391997834,12.0,8.0,96.0,0.08333333333333333,12.0,x,y,2.2,3.6363636363636362,0.781407356262207,0.9000000953674316,0,0,0,0,0,0.7052741646766663,0,0,0,0,0.6876282095909119,26.4,220,3.1769042015075684,6.810695171356201,0.6929714381694794,11.72117622893984,1.004559784924442,1.0397255311635407,0.14316846572910435,0.5318181818181819,0.21875,-0.06960490926284603,0.07788002710557441,0.07998236098856734,0.37397285685296516,0.8431818181818181,residual,0,x_passive,residual_passive_rvo_mpc,7,18
merge_bottleneck,density_v4_interaction_tiers,rvo_multistep_density_v1,main,fixed,8,18996,plain_candidate,high,0.1,0.2,neighbor_gaussian_v1,13411050374594942909,12.0,8.0,96.0,0.08333333333333333,12.0,x,y,2.2,3.6363636363636362,0.781407356262207,0.9000000953674316,0,0,0,0,0,0.7052741646766663,0,0,0,0,0.6115909218788147,26.4,220,3.1345062255859375,6.946134567260742,0.6970689594745636,11.421522495078534,1.2181999779560349,1.2315861280668865,0.10108443139787679,0.6760227272727273,0.31875,-0.16500651082739243,0.015233513270880407,0.019398057560642733,0.3477522940895629,0.8875,plain,1,x_intent,icgp_rvo_mpc,7,18
merge_bottleneck,density_v4_interaction_tiers,rvo_multistep_density_v1,main,fixed,8,18996,plain_zero,high,0.1,0.2,neighbor_gaussian_v1,13411050374594942909,12.0,8.0,96.0,0.08333333333333333,12.0,x,y,2.2,3.6363636363636362,0.781407356262207,0.9000000953674316,0,0,0,0,0,0.7052741646766663,0,0,0,0,0.6279284954071045,26.4,220,3.150938034057617,7.007629871368408,0.6954809129238129,12.127341129285924,1.2415150391784582,1.1734973979267207,0.10534715914797164,0.6210227272727272,0.2948863636363636,-0.12728642425440678,0.029181454723487557,0.03567035059818928,0.34057114327418925,0.8494318181818182,plain,0,x_passive,passive_rvo_mpc,7,18
merge_bottleneck,density_v4_interaction_tiers,rvo_multistep_density_v1,main,fixed,8,18996,residual_candidate,high,0.1,0.2,neighbor_gaussian_v1,13411050374594942909,12.0,8.0,96.0,0.08333333333333333,12.0,x,y,2.2,3.6363636363636362,0.781407356262207,0.9000000953674316,0,0,0,0,0,0.7052741646766663,0,0,0,0,0.5678923726081848,26.4,220,2.694357395172119,6.933229923248291,0.7396066784858704,11.842633077966866,1.2491647721014238,1.215036687661301,0.12265056823459665,0.5461363636363636,0.1875,-0.10076519335157066,0.08491340284975844,0.08730266499226495,0.3677400507256523,0.8363636363636363,residual,1,x_intent,icgp_rvo_mpc,7,18
merge_bottleneck,density_v4_interaction_tiers,rvo_multistep_density_v1,main,fixed,8,18996,residual_zero,high,0.1,0.2,neighbor_gaussian_v1,13411050374594942909,12.0,8.0,96.0,0.08333333333333333,12.0,x,y,2.2,3.6363636363636362,0.781407356262207,0.9000000953674316,0,0,0,0,0,0.7052741646766663,0,0,1,0,0.4613969922065735,26.4,220,2.8357300758361816,6.84706974029541,0.7259438633918762,11.95598342270523,1.3055441017177971,1.270487852530046,0.1420885793115965,0.5346590909090909,0.2215909090909091,-0.07259486089732183,0.07270401669201801,0.08031571371601431,0.33543546292556625,0.8846590909090909,residual,0,x_passive,residual_passive_rvo_mpc,7,18
four_way_stop,density_v4_interaction_tiers,rvo_multistep_density_v1,main,fixed,4,14731,plain_candidate,clean,0.0,0.0,neighbor_gaussian_v1,14189060609999228070,11.0,11.0,121.0,0.03305785123966942,30.25,y,x,11.0,0.36363636363636365,0.6604094505310059,0.7158527374267578,0,0,0,0,0,6.73648738861084,1,0,0,0,0.7720150351524353,10.799999999999999,90,0.13039419054985046,0.27351468801498413,0.9863658035174012,9.973458952299552,0.7566653328430322,0.4409017290067273,0.19567777764879996,0.175,0.12777777777777777,0.9729279526928442,1.1154420160460805,1.184881039944788,2.709383526908027,0.3138888888888889,plain,1,x_intent,icgp_rvo_mpc,7,18
four_way_stop,density_v4_interaction_tiers,rvo_multistep_density_v1,main,fixed,4,14731,plain_zero,clean,0.0,0.0,neighbor_gaussian_v1,14189060609999228070,11.0,11.0,121.0,0.03305785123966942,30.25,y,x,11.0,0.36363636363636365,0.6604094505310059,0.7158527374267578,0,0,0,0,0,6.73648738861084,1,0,0,0,0.7720150351524353,10.799999999999999,90,0.1483420729637146,0.35220563411712646,0.9844891484826803,10.168823357031215,0.7702117601409555,0.41947784632609264,0.191647221476564,0.19611111111111112,0.175,0.9798876023416719,1.0695717730952636,1.1375997858411737,2.7533418274256922,0.3638888888888889,plain,0,x_passive,passive_rvo_mpc,7,18
four_way_stop,density_v4_interaction_tiers,rvo_multistep_density_v1,main,fixed,4,14731,residual_candidate,clean,0.0,0.0,neighbor_gaussian_v1,14189060609999228070,11.0,11.0,121.0,0.03305785123966942,30.25,y,x,11.0,0.36363636363636365,0.6604094505310059,0.7158527374267578,0,0,0,0,0,6.73648738861084,1,0,0,0,0.7720150351524353,9.48,79,0.1642325520515442,0.3610825538635254,0.9828276187181473,9.812858904711902,0.737109061925896,0.40572035126988526,0.2757015820781264,0.12278481012658228,0.06962025316455696,0.9511292596958296,1.1108269530911992,1.1434674983311306,2.5046986759991587,0.29430379746835444,residual,1,x_intent,icgp_rvo_mpc,7,18
four_way_stop,density_v4_interaction_tiers,rvo_multistep_density_v1,main,fixed,4,14731,residual_zero,clean,0.0,0.0,neighbor_gaussian_v1,14189060609999228070,11.0,11.0,121.0,0.03305785123966942,30.25,y,x,11.0,0.36363636363636365,0.6604094505310059,0.7158527374267578,0,0,0,0,0,6.73648738861084,1,0,0,0,0.7881008386611938,9.6,80,0.19090504944324493,0.3693755865097046,0.9800387043505907,9.860299444757402,0.7100967809092253,0.3815340159665716,0.2836712508724304,0.105,0.071875,0.9800685766193784,1.0564748146524654,1.0787361946841705,2.549341027922929,0.315625,residual,0,x_passive,residual_passive_rvo_mpc,7,18
four_way_stop,density_v4_interaction_tiers,rvo_multistep_density_v1,main,fixed,4,14731,plain_candidate,low,0.02,0.04,neighbor_gaussian_v1,12267053278599309244,11.0,11.0,121.0,0.03305785123966942,30.25,y,x,11.0,0.36363636363636365,0.6604094505310059,0.7158527374267578,0,0,0,0,0,6.73648738861084,1,0,0,0,0.8262476325035095,11.76,98,0.11254113912582397,0.28571268916130066,0.9882325436919928,10.277242221462075,0.856617255587777,0.5466593163331186,0.1884464293894149,0.175,0.1096938775510204,0.9825342897849385,1.131922008022666,1.2223829074036712,2.6413507945926824,0.3086734693877551,plain,1,x_intent,icgp_rvo_mpc,7,18
four_way_stop,density_v4_interaction_tiers,rvo_multistep_density_v1,main,fixed,4,14731,plain_zero,low,0.02,0.04,neighbor_gaussian_v1,12267053278599309244,11.0,11.0,121.0,0.03305785123966942,30.25,y,x,11.0,0.36363636363636365,0.6604094505310059,0.7158527374267578,0,0,0,0,0,6.73648738861084,1,0,0,0,0.8262476325035095,12.0,100,0.13213881850242615,0.357735812664032,0.9861833835020661,10.402629528893158,0.8720981791894883,0.48603362006842477,0.2700017491588369,0.211,0.17,1.052752170835156,1.1388733957894146,1.2174154523201286,2.725727205872536,0.375,plain,0,x_passive,passive_rvo_mpc,7,18
four_way_stop,density_v4_interaction_tiers,rvo_multistep_density_v1,main,fixed,4,14731,residual_candidate,low,0.02,0.04,neighbor_gaussian_v1,12267053278599309244,11.0,11.0,121.0,0.03305785123966942,30.25,y,x,11.0,0.36363636363636365,0.6604094505310059,0.7158527374267578,0,0,0,0,0,6.73648738861084,1,0,0,0,0.8322718739509583,11.76,98,0.12958002090454102,0.2935497760772705,0.9864509347826242,10.267978492658585,0.8259880551878287,0.4595860134578266,0.28828061209535416,0.18520408163265306,0.125,0.9238623654934083,1.0922758719613965,1.1256479867730214,2.577118530802581,0.3010204081632653,residual,1,x_intent,icgp_rvo_mpc,7,18
four_way_stop,density_v4_interaction_tiers,rvo_multistep_density_v1,main,fixed,4,14731,residual_zero,low,0.02,0.04,neighbor_gaussian_v1,12267053278599309244,11.0,11.0,121.0,0.03305785123966942,30.25,y,x,11.0,0.36363636363636365,0.6604094505310059,0.7158527374267578,0,0,0,0,0,6.73648738861084,1,0,0,0,0.779356062412262,10.44,87,0.22668877243995667,0.37915879487991333,0.9762971103191376,10.272377892863005,0.8363482587002004,0.4780827211083281,0.3147275854790605,0.13735632183908045,0.11781609195402298,0.9458664382202018,1.0289222407341005,1.0552361488753355,2.246381658528043,0.4367816091954023,residual,0,x_passive,residual_passive_rvo_mpc,7,18
four_way_stop,density_v4_interaction_tiers,rvo_multistep_density_v1,main,fixed,4,14731,plain_candidate,medium,0.05,0.1,neighbor_gaussian_v1,13727495488324857028,11.0,11.0,121.0,0.03305785123966942,30.25,y,x,11.0,0.36363636363636365,0.6604094505310059,0.7158527374267578,0,0,0,0,0,6.73648738861084,1,0,0,0,0.9087218642234802,9.6,80,0.11825086921453476,0.3162114918231964,0.9876355258747935,9.965536251664162,0.7277552930288949,0.3949884496307758,0.20325875029811868,0.14125,0.059375,0.8487510396237485,1.0107764661498368,1.0806798992864788,2.5743542541936044,0.378125,plain,1,x_intent,icgp_rvo_mpc,7,18
four_way_stop,density_v4_interaction_tiers,rvo_multistep_density_v1,main,fixed,4,14731,plain_zero,medium,0.05,0.1,neighbor_gaussian_v1,13727495488324857028,11.0,11.0,121.0,0.03305785123966942,30.25,y,x,11.0,0.36363636363636365,0.6604094505310059,0.7158527374267578,0,0,0,0,0,6.73648738861084,1,0,0,0,0.9353030323982239,9.6,80,0.16608673334121704,0.37366363406181335,0.9826337415724993,9.97058053361252,0.8025208187988028,0.44267779217612124,0.23374687534669647,0.15625,0.11875,0.8562484837556259,0.9419829964474775,1.0093423981056548,2.5087880893796686,0.421875,plain,0,x_passive,passive_rvo_mpc,7,18
four_way_stop,density_v4_interaction_tiers,rvo_multistep_density_v1,main,fixed,4,14731,residual_candidate,medium,0.05,0.1,neighbor_gaussian_v1,13727495488324857028,11.0,11.0,121.0,0.03305785123966942,30.25,y,x,11.0,0.36363636363636365,0.6604094505310059,0.7158527374267578,0,0,0,0,0,6.73648738861084,1,0,0,0,0.9519715309143066,9.959999999999999,83,0.12683367729187012,0.3581673502922058,0.9867380959913135,10.11301695392467,0.7460496094223695,0.44098470612775253,0.32944879434997193,0.14036144578313253,0.09939759036144578,1.070226354414081,1.224734828214509,1.2490657117145967,2.6613465899013615,0.29819277108433734,residual,1,x_intent,icgp_rvo_mpc,7,18
four_way_stop,density_v4_interaction_tiers,rvo_multistep_density_v1,main,fixed,4,14731,residual_zero,medium,0.05,0.1,neighbor_gaussian_v1,13727495488324857028,11.0,11.0,121.0,0.03305785123966942,30.25,y,x,11.0,0.36363636363636365,0.6604094505310059,0.7158527374267578,0,0,0,0,0,6.73648738861084,1,0,0,0,0.9634812474250793,9.84,82,0.12374914437532425,0.3577229082584381,0.9870606185868382,10.076355499215424,0.8057238389056448,0.4426407503422817,0.4042076225897933,0.15304878048780488,0.12195121951219512,1.0714289471437792,1.1524802726061971,1.1711101571806686,2.632947738584949,0.3384146341463415,residual,0,x_passive,residual_passive_rvo_mpc,7,18
four_way_stop,density_v4_interaction_tiers,rvo_multistep_density_v1,main,fixed,4,14731,plain_candidate,high,0.1,0.2,neighbor_gaussian_v1,15101713828060954626,11.0,11.0,121.0,0.03305785123966942,30.25,y,x,11.0,0.36363636363636365,0.6604094505310059,0.7158527374267578,0,0,0,0,0,6.73648738861084,1,0,0,0,0.8214853405952454,11.16,93,0.12292145192623138,0.3314060866832733,0.9871471635997295,10.431753527605906,0.9401191269518226,0.6411906030673825,0.23273387091404568,0.25483870967741934,0.1935483870967742,0.8257208347797234,0.9771338701184078,1.062735314724907,2.5352218209511497,0.3736559139784946,plain,1,x_intent,icgp_rvo_mpc,7,18
four_way_stop,density_v4_interaction_tiers,rvo_multistep_density_v1,main,fixed,4,14731,plain_zero,high,0.1,0.2,neighbor_gaussian_v1,15101713828060954626,11.0,11.0,121.0,0.03305785123966942,30.25,y,x,11.0,0.36363636363636365,0.6604094505310059,0.7158527374267578,0,0,0,0,0,6.73648738861084,1,0,0,0,0.8337013125419617,11.76,98,0.1232391893863678,0.302528977394104,0.9871139405295253,10.479389368440025,0.9237294565430101,0.5891575851044191,0.22800841870033467,0.22142857142857142,0.16326530612244897,0.9459221380692431,1.0408942922090691,1.1126210037900173,2.6652898067053488,0.37755102040816324,plain,0,x_passive,passive_rvo_mpc,7,18
four_way_stop,density_v4_interaction_tiers,rvo_multistep_density_v1,main,fixed,4,14731,residual_candidate,high,0.1,0.2,neighbor_gaussian_v1,15101713828060954626,11.0,11.0,121.0,0.03305785123966942,30.25,y,x,11.0,0.36363636363636365,0.6604094505310059,0.7158527374267578,0,0,0,0,0,6.73648738861084,1,0,0,0,0.9361804127693176,9.6,80,0.22966328263282776,0.2970160245895386,0.9759860914200544,9.864354562945664,0.8661970161279896,0.5328850238146087,0.28959124992979923,0.1425,0.071875,0.9858348224498332,1.1454851310886442,1.1811946978978813,2.46132454380393,0.384375,residual,1,x_intent,icgp_rvo_mpc,7,18
four_way_stop,density_v4_interaction_tiers,rvo_multistep_density_v1,main,fixed,4,14731,residual_zero,high,0.1,0.2,neighbor_gaussian_v1,15101713828060954626,11.0,11.0,121.0,0.03305785123966942,30.25,y,x,11.0,0.36363636363636365,0.6604094505310059,0.7158527374267578,0,0,0,0,0,6.73648738861084,1,0,0,0,0.862530529499054,9.84,82,0.2405819594860077,0.31979769468307495,0.9748444184660912,9.893771624192595,0.8837433620682554,0.5347960810232512,0.30431615915603755,0.13841463414634148,0.08841463414634146,0.9732110244862555,1.062364774331814,1.092151948235384,2.3978134115730847,0.3475609756097561,residual,0,x_passive,residual_passive_rvo_mpc,7,18
four_way_stop,density_v4_interaction_tiers,rvo_multistep_density_v1,main,fixed,8,18731,plain_candidate,clean,0.0,0.0,neighbor_gaussian_v1,1980603886392083915,11.0,11.0,121.0,0.06611570247933884,15.125,y,x,11.0,0.7272727272727273,0.6635236740112305,0.6538877487182617,0,0,0,0,0,1.3861761093139648,1,0,0,0,0.6449233293533325,14.76,123,0.1720714271068573,0.3521617352962494,0.9820758681744337,11.370312147628283,1.0506298579578477,0.7557631023228168,0.09823140265406828,0.42540650406504066,0.3119918699186992,0.041743456377681926,0.21137035996963585,0.26484885183322,0.9530646522427964,0.6199186991869918,plain,1,x_intent,icgp_rvo_mpc,7,18
four_way_stop,density_v4_interaction_tiers,rvo_multistep_density_v1,main,fixed,8,18731,plain_zero,clean,0.0,0.0,neighbor_gaussian_v1,1980603886392083915,11.0,11.0,121.0,0.06611570247933884,15.125,y,x,11.0,0.7272727272727273,0.6635236740112305,0.6538877487182617,0,0,0,0,0,1.3861761093139648,1,0,0,0,0.6634583473205566,24.24,202,0.16598576307296753,0.37219685316085815,0.9827097933739424,12.861410118413914,0.8124383811050528,0.6970139376883681,0.10169065609432545,0.3311881188118812,0.27784653465346537,0.27113664975105145,0.3658362983515727,0.40903942985939656,1.197516984292629,0.5228960396039604,plain,0,x_passive,passive_rvo_mpc,7,18
four_way_stop,density_v4_interaction_tiers,rvo_multistep_density_v1,main,fixed,8,18731,residual_candidate,clean,0.0,0.0,neighbor_gaussian_v1,1980603886392083915,11.0,11.0,121.0,0.06611570247933884,15.125,y,x,11.0,0.7272727272727273,0.6635236740112305,0.6538877487182617,0,0,0,0,0,1.3861761093139648,1,0,0,0,0.6446096897125244,13.92,116,0.15904928743839264,0.31638461351394653,0.9834323432296515,10.820653740840498,0.8501334908691331,0.665017489062879,0.13987909438457855,0.3023706896551724,0.2036637931034483,0.15902398808028326,0.316743255210077,0.34413217653873673,0.9942008339472372,0.6109913793103449,residual,1,x_intent,icgp_rvo_mpc,7,18
four_way_stop,density_v4_interaction_tiers,rvo_multistep_density_v1,main,fixed,8,18731,residual_zero,clean,0.0,0.0,neighbor_gaussian_v1,1980603886392083915,11.0,11.0,121.0,0.06611570247933884,15.125,y,x,11.0,0.7272727272727273,0.6635236740112305,0.6538877487182617,0,0,0,0,0,1.3861761093139648,1,0,0,0,0.6302060484886169,13.799999999999999,115,0.14431926608085632,0.3431112468242645,0.9849667232483625,11.616085690271575,1.0008696416797844,0.7468786754361961,0.13551945651314504,0.3715217391304348,0.3032608695652174,0.15454181729168026,0.25050877478702566,0.3176136814729999,0.9177039293232173,0.6358695652173914,residual,0,x_passive,residual_passive_rvo_mpc,7,18
four_way_stop,density_v4_interaction_tiers,rvo_multistep_density_v1,main,fixed,8,18731,plain_candidate,low,0.02,0.04,neighbor_gaussian_v1,5032663206621859485,11.0,11.0,121.0,0.06611570247933884,15.125,y,x,11.0,0.7272727272727273,0.6635236740112305,0.6538877487182617,0,0,0,0,0,1.3861761093139648,1,0,0,0,0.6425144672393799,19.56,163,0.17683662474155426,0.3238905668258667,0.9815794937312603,11.854512878697278,0.9195402404579099,0.7956451780271311,0.10910820570542974,0.3375766871165644,0.2561349693251534,0.14425915815520382,0.28952119566157375,0.33894041453013946,1.0409406204951321,0.6050613496932515,plain,1,x_intent,icgp_rvo_mpc,7,18
four_way_stop,density_v4_interaction_tiers,rvo_multistep_density_v1,main,fixed,8,18731,plain_zero,low,0.02,0.04,neighbor_gaussian_v1,5032663206621859485,11.0,11.0,121.0,0.06611570247933884,15.125,y,x,11.0,0.7272727272727273,0.6635236740112305,0.6538877487182617,0,0,0,0,0,1.3861761093139648,0,0,0,0,0.6640153527259827,26.4,220,0.21625612676143646,0.5807226300239563,0.9774732887744904,13.007083696142217,0.81086721341549,0.7979611775583841,0.09503318208523771,0.29125,0.21704545454545454,0.2566929432437544,0.3507334026651966,0.3922354511806573,1.0079341009530156,0.6261363636363636,plain,0,x_passive,passive_rvo_mpc,7,18
four_way_stop,density_v4_interaction_tiers,rvo_multistep_density_v1,main,fixed,8,18731,residual_candidate,low,0.02,0.04,neighbor_gaussian_v1,5032663206621859485,11.0,11.0,121.0,0.06611570247933884,15.125,y,x,11.0,0.7272727272727273,0.6635236740112305,0.6538877487182617,0,0,0,0,0,1.3861761093139648,0,0,0,0,0.6687828302383423,26.4,220,0.3174813687801361,0.9692519307136536,0.9669289812445641,13.102631918118277,0.6989590622738681,0.6655774313109842,0.12585164781326472,0.27329545454545456,0.17784090909090908,0.3145862383327172,0.47023836003616454,0.5596573876233941,1.1540673209794545,0.5022727272727273,residual,1,x_intent,icgp_rvo_mpc,7,18
four_way_stop,density_v4_interaction_tiers,rvo_multistep_density_v1,main,fixed,8,18731,residual_zero,low,0.02,0.04,neighbor_gaussian_v1,5032663206621859485,11.0,11.0,121.0,0.06611570247933884,15.125,y,x,11.0,0.7272727272727273,0.6635236740112305,0.6538877487182617,0,0,0,0,0,1.3861761093139648,1,0,0,0,0.7126832604408264,16.08,134,0.17415833473205566,0.35263997316360474,0.9818584825843573,11.871338612618274,1.0059128359182556,0.8099037464430083,0.1274682839341121,0.341044776119403,0.26399253731343286,0.21971850037098684,0.31617435270614597,0.37593635207570314,1.065344891717185,0.5886194029850746,residual,0,x_passive,residual_passive_rvo_mpc,7,18
four_way_stop,density_v4_interaction_tiers,rvo_multistep_density_v1,main,fixed,8,18731,plain_candidate,medium,0.05,0.1,neighbor_gaussian_v1,1142831441249522855,11.0,11.0,121.0,0.06611570247933884,15.125,y,x,11.0,0.7272727272727273,0.6635236740112305,0.6538877487182617,0,0,0,0,0,1.3861761093139648,1,0,0,0,0.7074575424194336,16.08,134,0.15532571077346802,0.3715704083442688,0.983820216730237,11.41594001048361,0.977679853480476,0.836243786334769,0.09039925362909589,0.342910447761194,0.22108208955223882,0.15852048735601706,0.3200686931198658,0.36854748625030276,1.0543775146999468,0.5531716417910447,plain,1,x_intent,icgp_rvo_mpc,7,18
four_way_stop,density_v4_interaction_tiers,rvo_multistep_density_v1,main,fixed,8,18731,plain_zero,medium,0.05,0.1,neighbor_gaussian_v1,1142831441249522855,11.0,11.0,121.0,0.06611570247933884,15.125,y,x,11.0,0.7272727272727273,0.6635236740112305,0.6538877487182617,0,0,0,0,0,1.3861761093139648,1,0,0,0,0.7482302784919739,20.88,174,0.14926481246948242,0.35620978474617004,0.9844515612348914,12.080396930548886,0.930950305927759,0.8784458545175777,0.09373836191712301,0.3199712643678161,0.2521551724137931,0.2408616327608992,0.33790856310632084,0.36794082997971617,1.0976012968109259,0.5237068965517241,plain,0,x_passive,passive_rvo_mpc,7,18
four_way_stop,density_v4_interaction_tiers,rvo_multistep_density_v1,main,fixed,8,18731,residual_candidate,medium,0.05,0.1,neighbor_gaussian_v1,1142831441249522855,11.0,11.0,121.0,0.06611570247933884,15.125,y,x,11.0,0.7272727272727273,0.6635236740112305,0.6538877487182617,0,0,0,0,0,1.3861761093139648,1,0,0,0,0.6388093829154968,17.28,144,0.16615939140319824,0.3649701774120331,0.9826917070895433,11.459093235069304,0.9957722115796059,0.8475504577056401,0.12744305574112028,0.30625,0.2204861111111111,0.23096518196935203,0.3936058944018765,0.495654560411349,1.0577570245942722,0.5512152777777778,residual,1,x_intent,icgp_rvo_mpc,7,18
four_way_stop,density_v4_interaction_tiers,rvo_multistep_density_v1,main,fixed,8,18731,residual_zero,medium,0.05,0.1,neighbor_gaussian_v1,1142831441249522855,11.0,11.0,121.0,0.06611570247933884,15.125,y,x,11.0,0.7272727272727273,0.6635236740112305,0.6538877487182617,0,0,0,0,0,1.3861761093139648,1,0,0,0,0.6613563895225525,21.36,178,0.14951398968696594,0.3745216131210327,0.9844256052747369,12.661744024684594,0.9261447855512078,0.7908858343791426,0.12437233155569731,0.3164325842696629,0.2443820224719101,0.28227599016229205,0.38755978868646407,0.46307303177569537,1.0983428678117442,0.5617977528089888,residual,0,x_passive,residual_passive_rvo_mpc,7,18
four_way_stop,density_v4_interaction_tiers,rvo_multistep_density_v1,main,fixed,8,18731,plain_candidate,high,0.1,0.2,neighbor_gaussian_v1,4553478584310758165,11.0,11.0,121.0,0.06611570247933884,15.125,y,x,11.0,0.7272727272727273,0.6635236740112305,0.6538877487182617,0,0,0,0,0,1.3861761093139648,1,0,0,0,0.7350982427597046,13.2,110,0.17837902903556824,0.3604523539543152,0.9814188256859779,10.912416660172312,1.1921699861233885,0.9866558317433703,0.10733988621557894,0.38931818181818184,0.2818181818181818,0.09560892961199652,0.25680549539456315,0.31059277953580033,0.9891148585758427,0.625,plain,1,x_intent,icgp_rvo_mpc,7,18
four_way_stop,density_v4_interaction_tiers,rvo_multistep_density_v1,main,fixed,8,18731,plain_zero,high,0.1,0.2,neighbor_gaussian_v1,4553478584310758165,11.0,11.0,121.0,0.06611570247933884,15.125,y,x,11.0,0.7272727272727273,0.6635236740112305,0.6538877487182617,0,0,0,0,0,1.3861761093139648,0,0,0,0,0.7589256763458252,26.4,220,0.1979849934577942,0.4841432571411133,0.9793765358626842,12.719839670357032,0.9963531040501865,0.9852944644676014,0.107643750049068,0.2985227272727273,0.23863636363636365,0.27048426000147385,0.3671346705720168,0.4083961963628166,1.0956042522496798,0.5397727272727273,plain,0,x_passive,passive_rvo_mpc,7,18
four_way_stop,density_v4_interaction_tiers,rvo_multistep_density_v1,main,fixed,8,18731,residual_candidate,high,0.1,0.2,neighbor_gaussian_v1,4553478584310758165,11.0,11.0,121.0,0.06611570247933884,15.125,y,x,11.0,0.7272727272727273,0.6635236740112305,0.6538877487182617,0,0,0,0,0,1.3861761093139648,1,0,0,0,0.6932982802391052,12.12,101,0.1893150508403778,0.3486349284648895,0.9802796561270952,10.696702527187881,1.193863575448199,0.9542290805516267,0.13882227696992439,0.34034653465346537,0.23638613861386137,0.12587045731115168,0.28683490073326795,0.3365289429066205,0.8688867600350688,0.6732673267326733,residual,1,x_intent,icgp_rvo_mpc,7,18
four_way_stop,density_v4_interaction_tiers,rvo_multistep_density_v1,main,fixed,8,18731,residual_zero,high,0.1,0.2,neighbor_gaussian_v1,4553478584310758165,11.0,11.0,121.0,0.06611570247933884,15.125,y,x,11.0,0.7272727272727273,0.6635236740112305,0.6538877487182617,0,0,0,0,0,1.3861761093139648,1,0,0,0,0.748193621635437,13.92,116,0.15012909471988678,0.35470256209373474,0.9843615312129259,11.353732751245843,1.222298835050957,1.0543458143184925,0.13039622786765967,0.36357758620689656,0.3017241379310345,0.14959307457376594,0.24910619830696626,0.2818811496801611,1.0772666561860462,0.6239224137931034,residual,0,x_passive,residual_passive_rvo_mpc,7,18
corridor,density_v4_interaction_tiers,rvo_multistep_density_v1,main,fixed,4,14191,plain_candidate,clean,0.0,0.0,neighbor_gaussian_v1,13627852979791578558,12.0,5.4,64.80000000000001,0.061728395061728385,16.200000000000003,x,y,4.140000000000001,0.9661835748792269,0.9686126708984375,0.9702391624450684,0,0,0,0,0,1.20827130317688,1,0,0,0,0.6176241636276245,12.12,101,0.12138718366622925,0.3285127580165863,0.988119344227016,11.542558059561998,0.624484412777837,0.439119276397004,0.18383613799117726,0.17475247524752474,0.12871287128712872,0.2256710894800501,0.3538175269813821,0.3963982850519737,0.5658468543302895,0.7351485148514851,plain,1,x_intent,icgp_rvo_mpc,7,19
corridor,density_v4_interaction_tiers,rvo_multistep_density_v1,main,fixed,4,14191,plain_zero,clean,0.0,0.0,neighbor_gaussian_v1,13627852979791578558,12.0,5.4,64.80000000000001,0.061728395061728385,16.200000000000003,x,y,4.140000000000001,0.9661835748792269,0.9686126708984375,0.9702391624450684,0,0,0,0,0,1.20827130317688,1,0,0,0,0.5547860264778137,13.799999999999999,115,0.10396100580692291,0.2764235734939575,0.98982491530478,11.74436142394552,0.5550213580582868,0.37557528820698677,0.19927086908390504,0.15565217391304348,0.13260869565217392,0.26655075537980255,0.37374836376698123,0.40672344474947975,0.5305199247857798,0.6652173913043479,plain,0,x_passive,passive_rvo_mpc,7,19
corridor,density_v4_interaction_tiers,rvo_multistep_density_v1,main,fixed,4,14191,residual_candidate,clean,0.0,0.0,neighbor_gaussian_v1,13627852979791578558,12.0,5.4,64.80000000000001,0.061728395061728385,16.200000000000003,x,y,4.140000000000001,0.9661835748792269,0.9686126708984375,0.9702391624450684,0,0,0,0,0,1.20827130317688,1,0,0,0,0.7312723994255066,13.32,111,0.1006694808602333,0.31617406010627747,0.9901470700278878,10.538667919870932,0.5525415038337579,0.3810142956732831,0.25966959567069337,0.25585585585585585,0.19369369369369369,0.16377522904669178,0.3221178760775574,0.3540235481766967,0.6289248144975653,0.31981981981981983,residual,1,x_intent,icgp_rvo_mpc,7,19
corridor,density_v4_interaction_tiers,rvo_multistep_density_v1,main,fixed,4,14191,residual_zero,clean,0.0,0.0,neighbor_gaussian_v1,13627852979791578558,12.0,5.4,64.80000000000001,0.061728395061728385,16.200000000000003,x,y,4.140000000000001,0.9661835748792269,0.9686126708984375,0.9702391624450684,0,0,0,0,0,1.20827130317688,1,0,0,0,0.6156946420669556,13.08,109,0.12568315863609314,0.3228878080844879,0.9876988800242543,10.869136400826392,0.660715463977102,0.4182906684704945,0.23599587332290692,0.2509174311926605,0.1811926605504587,0.20673600707476567,0.32719629129070205,0.3679720926770103,0.6038496535879756,0.3853211009174312,residual,0,x_passive,residual_passive_rvo_mpc,7,19
corridor,density_v4_interaction_tiers,rvo_multistep_density_v1,main,fixed,4,14191,plain_candidate,low,0.02,0.04,neighbor_gaussian_v1,14297114987911047340,12.0,5.4,64.80000000000001,0.061728395061728385,16.200000000000003,x,y,4.140000000000001,0.9661835748792269,0.9686126708984375,0.9702391624450684,0,0,0,0,0,1.20827130317688,1,0,0,0,0.6383175253868103,11.4,95,0.20165234804153442,0.3191077709197998,0.9802634678781033,11.238209213945083,0.6299217475480154,0.4688247471263534,0.18807842233830965,0.18052631578947367,0.12894736842105264,0.21673565025608002,0.34450912909758713,0.38081109984297495,0.5765337961661188,0.7684210526315789,plain,1,x_intent,icgp_rvo_mpc,7,19
corridor,density_v4_interaction_tiers,rvo_multistep_density_v1,main,fixed,4,14191,plain_zero,low,0.02,0.04,neighbor_gaussian_v1,14297114987911047340,12.0,5.4,64.80000000000001,0.061728395061728385,16.200000000000003,x,y,4.140000000000001,0.9661835748792269,0.9686126708984375,0.9702391624450684,0,0,0,0,0,1.20827130317688,1,0,0,0,0.5352057218551636,13.799999999999999,115,0.11238531023263931,0.2957981824874878,0.9890003940090537,11.848619051743299,0.5914917000366942,0.43298980251926444,0.20732282605224653,0.13608695652173913,0.10869565217391304,0.27937039547559356,0.3830949665068284,0.4187881817266993,0.5365253549088602,0.6739130434782609,plain,0,x_passive,passive_rvo_mpc,7,19
corridor,density_v4_interaction_tiers,rvo_multistep_density_v1,main,fixed,4,14191,residual_candidate,low,0.02,0.04,neighbor_gaussian_v1,14297114987911047340,12.0,5.4,64.80000000000001,0.061728395061728385,16.200000000000003,x,y,4.140000000000001,0.9661835748792269,0.9686126708984375,0.9702391624450684,0,0,0,0,0,1.20827130317688,1,0,0,0,0.7124201059341431,12.959999999999999,108,0.12866204977035522,0.3009868264198303,0.9874073239043355,10.907436760651763,0.5860909111280408,0.424570368533885,0.25523935255478136,0.24814814814814815,0.19212962962962962,0.17982313157697383,0.3269281874562579,0.3613935232072793,0.5870924146342332,0.3819444444444444,residual,1,x_intent,icgp_rvo_mpc,7,19
corridor,density_v4_interaction_tiers,rvo_multistep_density_v1,main,fixed,4,14191,residual_zero,low,0.02,0.04,neighbor_gaussian_v1,14297114987911047340,12.0,5.4,64.80000000000001,0.061728395061728385,16.200000000000003,x,y,4.140000000000001,0.9661835748792269,0.9686126708984375,0.9702391624450684,0,0,0,0,0,1.20827130317688,1,0,0,0,0.6401040554046631,12.6,105,0.1301354467868805,0.31560972332954407,0.9872631169855595,10.748957770774723,0.6651514894462057,0.4561366609829877,0.22385357061423183,0.259047619047619,0.2,0.20251318779188607,0.31960341712406704,0.36101111560208454,0.6104461886840208,0.35,residual,0,x_passive,residual_passive_rvo_mpc,7,19
corridor,density_v4_interaction_tiers,rvo_multistep_density_v1,main,fixed,4,14191,plain_candidate,medium,0.05,0.1,neighbor_gaussian_v1,16059065786237423327,12.0,5.4,64.80000000000001,0.061728395061728385,16.200000000000003,x,y,4.140000000000001,0.9661835748792269,0.9686126708984375,0.9702391624450684,0,0,0,0,0,1.20827130317688,1,0,0,0,0.6051672697067261,12.12,101,0.14781227707862854,0.3406105041503906,0.9855330139398575,11.600930878543295,0.7431164695927412,0.6598726103432698,0.17168217797943455,0.17277227722772276,0.12376237623762376,0.21871426947709946,0.3467731293829361,0.38457438524259197,0.5502399849331026,0.7524752475247525,plain,1,x_intent,icgp_rvo_mpc,7,19
corridor,density_v4_interaction_tiers,rvo_multistep_density_v1,main,fixed,4,14191,plain_zero,medium,0.05,0.1,neighbor_gaussian_v1,16059065786237423327,12.0,5.4,64.80000000000001,0.061728395061728385,16.200000000000003,x,y,4.140000000000001,0.9661835748792269,0.9686126708984375,0.9702391624450684,0,0,0,0,0,1.20827130317688,1,0,0,0,0.6067773699760437,12.24,102,0.12979061901569366,0.36703115701675415,0.9872968662530184,11.631238840171136,0.7454181300001401,0.6493971157161629,0.211847304764852,0.15490196078431373,0.1323529411764706,0.2592351270346519,0.3644911147551793,0.39860183580979414,0.5130144719312004,0.7524509803921569,plain,0,x_passive,passive_rvo_mpc,7,19
corridor,density_v4_interaction_tiers,rvo_multistep_density_v1,main,fixed,4,14191,residual_candidate,medium,0.05,0.1,neighbor_gaussian_v1,16059065786237423327,12.0,5.4,64.80000000000001,0.061728395061728385,16.200000000000003,x,y,4.140000000000001,0.9661835748792269,0.9686126708984375,0.9702391624450684,0,0,0,0,0,1.20827130317688,1,0,0,0,0.7095404267311096,13.32,111,0.1104283556342125,0.3693385422229767,0.9891919298097491,10.511846141744172,0.5994881600674309,0.382002449476974,0.32221126123142707,0.2481981981981982,0.18018018018018017,0.17027877251097412,0.33627350171944037,0.3770629499946628,0.6332865743607552,0.30405405405405406,residual,1,x_intent,icgp_rvo_mpc,7,19
corridor,density_v4_interaction_tiers,rvo_multistep_density_v1,main,fixed,4,14191,residual_zero,medium,0.05,0.1,neighbor_gaussian_v1,16059065786237423327,12.0,5.4,64.80000000000001,0.061728395061728385,16.200000000000003,x,y,4.140000000000001,0.9661835748792269,0.9686126708984375,0.9702391624450684,0,0,0,0,0,1.20827130317688,1,0,0,0,0.5245644450187683,13.32,111,0.14140906929969788,0.3489622175693512,0.9861597213894129,12.391488961526193,0.8168379706708161,0.6873017498837398,0.34453468460186915,0.12207207207207207,0.0990990990990991,0.3398544176261838,0.4243642865685192,0.5347882214577886,0.5335062129594184,0.7364864864864865,residual,0,x_passive,residual_passive_rvo_mpc,7,19
corridor,density_v4_interaction_tiers,rvo_multistep_density_v1,main,fixed,4,14191,plain_candidate,high,0.1,0.2,neighbor_gaussian_v1,382197023380110326,12.0,5.4,64.80000000000001,0.061728395061728385,16.200000000000003,x,y,4.140000000000001,0.9661835748792269,0.9686126708984375,0.9702391624450684,0,0,0,0,0,1.20827130317688,1,0,0,0,0.6164339780807495,14.04,117,0.10657157748937607,0.31194040179252625,0.9895694078877568,11.922845875727944,0.9366634977806327,0.834417326359922,0.2376709391341075,0.18547008547008548,0.1111111111111111,0.21890247890598372,0.3647585951186653,0.4067976438158598,0.5246970327007465,0.6581196581196581,plain,1,x_intent,icgp_rvo_mpc,7,19
corridor,density_v4_interaction_tiers,rvo_multistep_density_v1,main,fixed,4,14191,plain_zero,high,0.1,0.2,neighbor_gaussian_v1,382197023380110326,12.0,5.4,64.80000000000001,0.061728395061728385,16.200000000000003,x,y,4.140000000000001,0.9661835748792269,0.9686126708984375,0.9702391624450684,0,0,0,0,0,1.20827130317688,1,0,0,0,0.6833435893058777,12.719999999999999,106,0.12057512998580933,0.36210671067237854,0.9881988232955337,11.678173160937149,1.0504965713282801,0.8875881577929798,0.21086273608369016,0.18443396226415093,0.1509433962264151,0.23628526807955977,0.34676105231327825,0.395175722410094,0.5020396127116006,0.7240566037735849,plain,0,x_passive,passive_rvo_mpc,7,19
corridor,density_v4_interaction_tiers,rvo_multistep_density_v1,main,fixed,4,14191,residual_candidate,high,0.1,0.2,neighbor_gaussian_v1,382197023380110326,12.0,5.4,64.80000000000001,0.061728395061728385,16.200000000000003,x,y,4.140000000000001,0.9661835748792269,0.9686126708984375,0.9702391624450684,0,0,0,0,0,1.20827130317688,1,0,0,0,0.8008664846420288,11.879999999999999,99,0.12953849136829376,0.3211793601512909,0.9873215425759554,10.661831075849477,0.7636957735086631,0.5947652263660924,0.23602121192115275,0.2691919191919192,0.1994949494949495,0.19965639419439765,0.35005506550723847,0.3892931924263635,0.671865781365019,0.3838383838383838,residual,1,x_intent,icgp_rvo_mpc,7,19
corridor,density_v4_interaction_tiers,rvo_multistep_density_v1,main,fixed,4,14191,residual_zero,high,0.1,0.2,neighbor_gaussian_v1,382197023380110326,12.0,5.4,64.80000000000001,0.061728395061728385,16.200000000000003,x,y,4.140000000000001,0.9661835748792269,0.9686126708984375,0.9702391624450684,0,0,0,0,0,1.20827130317688,1,0,0,0,0.6809075474739075,12.48,104,0.15526191890239716,0.2784275710582733,0.9848038870841265,11.432720111391973,1.021549628259471,0.8429862473231668,0.25305360619453354,0.11634615384615385,0.09134615384615384,0.31222035097191103,0.4072365927810852,0.48727412759398037,0.5229859558779459,0.6298076923076923,residual,0,x_passive,residual_passive_rvo_mpc,7,19
corridor,density_v4_interaction_tiers,rvo_multistep_density_v1,main,fixed,8,18191,plain_candidate,clean,0.0,0.0,neighbor_gaussian_v1,18107709406457258268,12.0,5.4,64.80000000000001,0.12345679012345677,8.100000000000001,x,y,4.140000000000001,1.9323671497584538,0.9898242950439453,0.9925837516784668,0,0,0,0,0,0.6820023059844971,0,0,0,0,0.5496805310249329,26.4,220,0.808667004108429,1.4479354619979858,0.9200601950287819,14.439496270872041,0.9593355477533557,0.9426492715423758,0.11741494365031196,0.6157954545454546,0.4420454545454545,-0.15071905100439803,0.02581181267750533,0.034057482238181606,0.44645422898978004,0.8017045454545455,plain,1,x_intent,icgp_rvo_mpc,7,19
corridor,density_v4_interaction_tiers,rvo_multistep_density_v1,main,fixed,8,18191,plain_zero,clean,0.0,0.0,neighbor_gaussian_v1,18107709406457258268,12.0,5.4,64.80000000000001,0.12345679012345677,8.100000000000001,x,y,4.140000000000001,1.9323671497584538,0.9898242950439453,0.9925837516784668,0,0,0,0,0,0.6820023059844971,0,0,0,0,0.5731937885284424,26.4,220,0.7642907500267029,1.8730757236480713,0.9244469627737999,14.16225009331174,0.9087287453087893,0.8971824239262126,0.12520448862315706,0.5647727272727273,0.4289772727272727,-0.09514816601971819,0.02069936189339072,0.032207113805269305,0.44400055656311194,0.7318181818181818,plain,0,x_passive,passive_rvo_mpc,7,19
corridor,density_v4_interaction_tiers,rvo_multistep_density_v1,main,fixed,8,18191,residual_candidate,clean,0.0,0.0,neighbor_gaussian_v1,18107709406457258268,12.0,5.4,64.80000000000001,0.12345679012345677,8.100000000000001,x,y,4.140000000000001,1.9323671497584538,0.9898242950439453,0.9925837516784668,0,0,0,0,0,0.6820023059844971,0,0,0,0,0.6170971989631653,26.4,220,0.7673590183258057,1.555633306503296,0.9241436496376991,13.682594762045483,0.8664351983503862,0.9224078567867929,0.14465812508371362,0.4344318181818182,0.30056818181818185,-0.053745580147750764,0.10834923220883039,0.11238167218169705,0.4876366309733554,0.7914772727272728,residual,1,x_intent,icgp_rvo_mpc,7,19
corridor,density_v4_interaction_tiers,rvo_multistep_density_v1,main,fixed,8,18191,residual_zero,clean,0.0,0.0,neighbor_gaussian_v1,18107709406457258268,12.0,5.4,64.80000000000001,0.12345679012345677,8.100000000000001,x,y,4.140000000000001,1.9323671497584538,0.9898242950439453,0.9925837516784668,0,0,0,0,0,0.6820023059844971,0,0,0,0,0.6443019509315491,26.4,220,0.7067564725875854,1.500709891319275,0.9301344379782677,14.423827452446858,0.9207562130283226,0.8639622456478802,0.16465568223793525,0.4617045454545455,0.3397727272727273,-0.029970143214085764,0.07503473379124294,0.07867815556309439,0.4552106933288954,0.7977272727272727,residual,0,x_passive,residual_passive_rvo_mpc,7,19
corridor,density_v4_interaction_tiers,rvo_multistep_density_v1,main,fixed,8,18191,plain_candidate,low,0.02,0.04,neighbor_gaussian_v1,5365236763270190012,12.0,5.4,64.80000000000001,0.12345679012345677,8.100000000000001,x,y,4.140000000000001,1.9323671497584538,0.9898242950439453,0.9925837516784668,0,0,0,0,0,0.6820023059844971,0,0,1,0,0.5607373714447021,26.4,220,0.7851373553276062,1.6899787187576294,0.9223861917853355,14.321091406658525,1.149111011353406,1.1220613857561892,0.10677897728535092,0.6381818181818182,0.45170454545454547,-0.16257681403247723,0.024025806225666937,0.03303375678831202,0.40692825562777846,0.7579545454545454,plain,1,x_intent,icgp_rvo_mpc,7,19
corridor,density_v4_interaction_tiers,rvo_multistep_density_v1,main,fixed,8,18191,plain_zero,low,0.02,0.04,neighbor_gaussian_v1,5365236763270190012,12.0,5.4,64.80000000000001,0.12345679012345677,8.100000000000001,x,y,4.140000000000001,1.9323671497584538,0.9898242950439453,0.9925837516784668,0,0,0,0,0,0.6820023059844971,0,0,0,0,0.5993672609329224,26.4,220,0.7379475831985474,1.6309322118759155,0.9270510822534561,14.040243513591122,1.0766424745321275,1.055043075843291,0.10837397752435539,0.5189772727272727,0.4,-0.07084221594196491,0.04153167703121222,0.051221952383321785,0.42383549254286024,0.7556818181818182,plain,0,x_passive,passive_rvo_mpc,7,19
corridor,density_v4_interaction_tiers,rvo_multistep_density_v1,main,fixed,8,18191,residual_candidate,low,0.02,0.04,neighbor_gaussian_v1,5365236763270190012,12.0,5.4,64.80000000000001,0.12345679012345677,8.100000000000001,x,y,4.140000000000001,1.9323671497584538,0.9898242950439453,0.9925837516784668,0,0,0,0,0,0.6820023059844971,0,0,0,0,0.6223734617233276,26.4,220,0.7468839883804321,1.4129555225372314,0.92616768181324,14.727796870854945,1.0753607842055235,1.0635934169996868,0.1254694317718862,0.4470454545454545,0.3482954545454545,-0.05632212620647623,0.09109753826023503,0.09615551494637674,0.47617790440588526,0.772159090909091,residual,1,x_intent,icgp_rvo_mpc,7,19
corridor,density_v4_interaction_tiers,rvo_multistep_density_v1,main,fixed,8,18191,residual_zero,low,0.02,0.04,neighbor_gaussian_v1,5365236763270190012,12.0,5.4,64.80000000000001,0.12345679012345677,8.100000000000001,x,y,4.140000000000001,1.9323671497584538,0.9898242950439453,0.9925837516784668,0,0,0,0,0,0.6820023059844971,0,0,1,0,0.5020833015441895,26.4,220,0.6735133528709412,1.2532097101211548,0.9334206506609917,15.492521811545885,1.0318164513192394,1.0277890235185623,0.13057852252545257,0.36863636363636365,0.2903409090909091,0.025500447427642275,0.1324778732819144,0.14091604431506924,0.4405737251883204,0.7056818181818182,residual,0,x_passive,residual_passive_rvo_mpc,7,19
corridor,density_v4_interaction_tiers,rvo_multistep_density_v1,main,fixed,8,18191,plain_candidate,medium,0.05,0.1,neighbor_gaussian_v1,12513344048195961665,12.0,5.4,64.80000000000001,0.12345679012345677,8.100000000000001,x,y,4.140000000000001,1.9323671497584538,0.9898242950439453,0.9925837516784668,0,0,0,0,0,0.6820023059844971,0,0,0,0,0.6673333048820496,26.4,220,0.8136086463928223,1.7657697200775146,0.9195716977119446,14.418746538693085,1.1937532304362817,1.1807696174491535,0.09136357918826186,0.5788636363636364,0.39147727272727273,-0.12023931254266591,0.05267847921648486,0.057621323210441236,0.47010361006043183,0.7522727272727273,plain,1,x_intent,icgp_rvo_mpc,7,19
corridor,density_v4_interaction_tiers,rvo_multistep_density_v1,main,fixed,8,18191,plain_zero,medium,0.05,0.1,neighbor_gaussian_v1,12513344048195961665,12.0,5.4,64.80000000000001,0.12345679012345677,8.100000000000001,x,y,4.140000000000001,1.9323671497584538,0.9898242950439453,0.9925837516784668,0,0,0,0,0,0.6820023059844971,0,0,0,0,0.5756857991218567,26.4,220,0.6545917987823486,1.2946897745132446,0.9352911189198494,14.658784464782002,1.1838646501980044,1.174021700431,0.09397715922122271,0.5356818181818181,0.3875,-0.09104980176394087,0.017652652396989807,0.02233504364156925,0.4156082342900337,0.7426136363636363,plain,0,x_passive,passive_rvo_mpc,7,19
corridor,density_v4_interaction_tiers,rvo_multistep_density_v1,main,fixed,8,18191,residual_candidate,medium,0.05,0.1,neighbor_gaussian_v1,12513344048195961665,12.0,5.4,64.80000000000001,0.12345679012345677,8.100000000000001,x,y,4.140000000000001,1.9323671497584538,0.9898242950439453,0.9925837516784668,0,0,0,0,0,0.6820023059844971,0,0,1,0,0.4760632812976837,26.4,220,0.6518073081970215,1.418511986732483,0.9355663731694221,13.9702898409123,1.169095373695547,1.2240570641376756,0.12391477268300316,0.455,0.31875,-0.05374103598082861,0.09517044497171247,0.09864649079562249,0.4464494340839712,0.8113636363636364,residual,1,x_intent,icgp_rvo_mpc,7,19
corridor,density_v4_interaction_tiers,rvo_multistep_density_v1,main,fixed,8,18191,residual_zero,medium,0.05,0.1,neighbor_gaussian_v1,12513344048195961665,12.0,5.4,64.80000000000001,0.12345679012345677,8.100000000000001,x,y,4.140000000000001,1.9323671497584538,0.9898242950439453,0.9925837516784668,0,0,0,0,0,0.6820023059844971,0,0,0,0,0.6295676231384277,26.4,220,0.744655966758728,1.2389020919799805,0.9263879358768463,13.842701582643713,1.187700801139528,1.219250630790537,0.11448187486332079,0.4476136363636364,0.32897727272727273,-0.039959101059897396,0.06251186650982973,0.06498178390608253,0.472208116778596,0.7596590909090909,residual,0,x_passive,residual_passive_rvo_mpc,7,19
corridor,density_v4_interaction_tiers,rvo_multistep_density_v1,main,fixed,8,18191,plain_candidate,high,0.1,0.2,neighbor_gaussian_v1,9906501400690147342,12.0,5.4,64.80000000000001,0.12345679012345677,8.100000000000001,x,y,4.140000000000001,1.9323671497584538,0.9898242950439453,0.9925837516784668,0,0,0,0,0,0.6820023059844971,0,0,0,0,0.6725170612335205,26.4,220,0.8081047534942627,1.6094908714294434,0.9201157763600349,14.621905085121398,1.4379585232247005,1.4424073314124888,0.09525573904366783,0.5127272727272727,0.35965909090909093,-0.10684234825667228,0.04397141637686977,0.05017021916298702,0.4522668934652413,0.7710227272727272,plain,1,x_intent,icgp_rvo_mpc,7,19
corridor,density_v4_interaction_tiers,rvo_multistep_density_v1,main,fixed,8,18191,plain_zero,high,0.1,0.2,neighbor_gaussian_v1,9906501400690147342,12.0,5.4,64.80000000000001,0.12345679012345677,8.100000000000001,x,y,4.140000000000001,1.9323671497584538,0.9898242950439453,0.9925837516784668,0,0,0,0,0,0.6820023059844971,0,0,0,0,0.5968620181083679,26.4,220,0.7139099836349487,1.2912224531173706,0.9294272884726524,14.940209222782869,1.4737680356610905,1.411023108932105,0.11219721626813142,0.57125,0.4471590909090909,-0.10694454786419308,0.0029735513275319808,0.010154154700989066,0.44892276748134335,0.7426136363636363,plain,0,x_passive,passive_rvo_mpc,7,19
corridor,density_v4_interaction_tiers,rvo_multistep_density_v1,main,fixed,8,18191,residual_candidate,high,0.1,0.2,neighbor_gaussian_v1,9906501400690147342,12.0,5.4,64.80000000000001,0.12345679012345677,8.100000000000001,x,y,4.140000000000001,1.9323671497584538,0.9898242950439453,0.9925837516784668,0,0,0,0,0,0.6820023059844971,0,0,1,0,0.5184269547462463,26.4,220,0.5913103818893433,1.1412858963012695,0.9415467269718647,14.82567642016511,1.5575743794441224,1.4582786898721347,0.12184227300829,0.5046590909090909,0.3664772727272727,-0.10247576982991516,0.05466378648206591,0.0809944990551607,0.4278063220171766,0.7607954545454545,residual,1,x_intent,icgp_rvo_mpc,7,19
corridor,density_v4_interaction_tiers,rvo_multistep_density_v1,main,fixed,8,18191,residual_zero,high,0.1,0.2,neighbor_gaussian_v1,9906501400690147342,12.0,5.4,64.80000000000001,0.12345679012345677,8.100000000000001,x,y,4.140000000000001,1.9323671497584538,0.9898242950439453,0.9925837516784668,0,0,0,0,0,0.6820023059844971,0,0,0,0,0.6529479026794434,26.4,220,0.6923786401748657,1.1467350721359253,0.9315557479858398,14.797278758756875,1.439309708909555,1.3922267046841708,0.14023687488753983,0.41363636363636364,0.3255681818181818,-0.022481879302993713,0.08771961700763892,0.10333474317108367,0.4455712936662815,0.7573863636363637,residual,0,x_passive,residual_passive_rvo_mpc,7,19
narrow_gate,density_v4_interaction_tiers,rvo_multistep_density_v1,main,fixed,4,14500,plain_candidate,clean,0.0,0.0,neighbor_gaussian_v1,2356543988828261805,12.0,8.0,96.0,0.041666666666666664,24.0,x,y,2.2,1.8181818181818181,0.7744331359863281,0.8793244361877441,0,0,0,0,0,2.7594285011291504,0,0,0,0,0.8244474405733211,26.4,220,3.8160440921783447,8.40254020690918,0.6398203372955322,10.275602968078601,0.629221201864792,0.5210704335462452,0.3438943182118237,0.36977272727272725,0.053409090909090906,0.20322337446431551,0.4310733744463044,0.4461510766951086,0.8311163604411119,0.6272727272727273,plain,1,x_intent,icgp_rvo_mpc,7,19
narrow_gate,density_v4_interaction_tiers,rvo_multistep_density_v1,main,fixed,4,14500,plain_zero,clean,0.0,0.0,neighbor_gaussian_v1,2356543988828261805,12.0,8.0,96.0,0.041666666666666664,24.0,x,y,2.2,1.8181818181818181,0.7744331359863281,0.8793244361877441,0,0,0,0,0,2.7594285011291504,0,0,0,0,0.8244474405733211,26.4,220,1.7858942747116089,6.990735054016113,0.831437274813652,12.748348114589817,0.6885274529525883,0.5845645973585885,0.21714159011025913,0.2786363636363636,0.09772727272727273,0.48960848876501856,0.6151372453297514,0.6302010540112101,1.155528729515353,0.5113636363636364,plain,0,x_passive,passive_rvo_mpc,7,19
narrow_gate,density_v4_interaction_tiers,rvo_multistep_density_v1,main,fixed,4,14500,residual_candidate,clean,0.0,0.0,neighbor_gaussian_v1,2356543988828261805,12.0,8.0,96.0,0.041666666666666664,24.0,x,y,2.2,1.8181818181818181,0.7744331359863281,0.8793244361877441,0,0,0,0,0,2.7594285011291504,0,0,0,0,0.8124290658769804,26.4,220,1.7597676515579224,6.896431922912598,0.8339032530784607,13.480288045320776,0.6693293316268628,0.5357254005001971,0.3338195451678158,0.2725,0.09886363636363636,0.6217305248300368,0.7908984019416446,0.7993551636510672,1.1274830574638377,0.5136363636363637,residual,1,x_intent,icgp_rvo_mpc,7,19
narrow_gate,density_v4_interaction_tiers,rvo_multistep_density_v1,main,fixed,4,14500,residual_zero,clean,0.0,0.0,neighbor_gaussian_v1,2356543988828261805,12.0,8.0,96.0,0.041666666666666664,24.0,x,y,2.2,1.8181818181818181,0.7744331359863281,0.8793244361877441,0,0,0,0,0,2.7594285011291504,0,0,0,0,0.8244474405733211,26.4,220,3.7354798316955566,8.105226516723633,0.6474244594573975,11.210226623806648,0.730978635876356,0.583031828357125,0.28937977258465253,0.3322727272727273,0.029545454545454545,0.2853095921489784,0.4194470626296047,0.4403949560544039,0.7651853927144701,0.6420454545454546,residual,0,x_passive,residual_passive_rvo_mpc,7,19
narrow_gate,density_v4_interaction_tiers,rvo_multistep_density_v1,main,fixed,4,14500,plain_candidate,low,0.02,0.04,neighbor_gaussian_v1,630895704421379736,12.0,8.0,96.0,0.041666666666666664,24.0,x,y,2.2,1.8181818181818181,0.7744331359863281,0.8793244361877441,0,0,0,0,0,2.7594285011291504,0,0,0,0,0.8262873020556826,26.4,220,1.7406977415084839,6.834266662597656,0.8357031792402267,15.1498014678873,0.8233270157387873,0.6994586262329209,0.2157387496977621,0.31431818181818183,0.10568181818181818,0.2473598517489232,0.43223601327763805,0.44989823756990527,0.8373813090010193,0.6352272727272728,plain,1,x_intent,icgp_rvo_mpc,7,19
narrow_gate,density_v4_interaction_tiers,rvo_multistep_density_v1,main,fixed,4,14500,plain_zero,low,0.02,0.04,neighbor_gaussian_v1,630895704421379736,12.0,8.0,96.0,0.041666666666666664,24.0,x,y,2.2,1.8181818181818181,0.7744331359863281,0.8793244361877441,0,0,0,0,0,2.7594285011291504,0,0,0,0,0.8262873020556826,26.4,220,1.7922484874725342,6.92611026763916,0.8308375328779221,12.580362245509605,0.6501574461857672,0.5123970828601159,0.19596284056950192,0.255,0.07613636363636364,0.4684092086195952,0.6034693879156237,0.6143604187723538,1.1422243703114843,0.5045454545454545,plain,0,x_passive,passive_rvo_mpc,7,19
narrow_gate,density_v4_interaction_tiers,rvo_multistep_density_v1,main,fixed,4,14500,residual_candidate,low,0.02,0.04,neighbor_gaussian_v1,630895704421379736,12.0,8.0,96.0,0.041666666666666664,24.0,x,y,2.2,1.8181818181818181,0.7744331359863281,0.8793244361877441,0,0,0,0,0,2.7594285011291504,0,0,0,0,0.7703374028205872,26.4,220,1.85056471824646,7.280620098114014,0.8253333121538162,11.302571521919162,0.5736938596494106,0.46529684719827147,0.2574761365725532,0.24863636363636363,0.18977272727272726,0.8389140092675407,0.9768677217398092,0.9888005301865173,1.3938385386470038,0.4329545454545455,residual,1,x_intent,icgp_rvo_mpc,7,19
narrow_gate,density_v4_interaction_tiers,rvo_multistep_density_v1,main,fixed,4,14500,residual_zero,low,0.02,0.04,neighbor_gaussian_v1,630895704421379736,12.0,8.0,96.0,0.041666666666666664,24.0,x,y,2.2,1.8181818181818181,0.7744331359863281,0.8793244361877441,0,0,0,0,0,2.7594285011291504,0,0,0,0,0.6699860692024231,26.4,220,3.8145949840545654,8.352751731872559,0.6399571299552917,10.541007830392118,0.7045748882397852,0.684854341495831,0.2544342046100858,0.4672727272727273,0.1625,0.21969389408086493,0.3757010063271213,0.38261094593557504,0.7970639300951848,0.6863636363636364,residual,0,x_passive,residual_passive_rvo_mpc,7,19
narrow_gate,density_v4_interaction_tiers,rvo_multistep_density_v1,main,fixed,4,14500,plain_candidate,medium,0.05,0.1,neighbor_gaussian_v1,18062870243831539791,12.0,8.0,96.0,0.041666666666666664,24.0,x,y,2.2,1.8181818181818181,0.7744331359863281,0.8793244361877441,0,0,0,0,0,2.7594285011291504,0,0,0,0,0.75214684009552,26.4,220,1.7605059146881104,6.890383243560791,0.8338335752487183,13.149693178856978,0.7139442978522063,0.5846484583907713,0.23885965863221578,0.3234090909090909,0.1590909090909091,0.45835708028858463,0.6599481940666189,0.6761235073462506,1.2292115829814454,0.4738636363636364,plain,1,x_intent,icgp_rvo_mpc,7,19
narrow_gate,density_v4_interaction_tiers,rvo_multistep_density_v1,main,fixed,4,14500,plain_zero,medium,0.05,0.1,neighbor_gaussian_v1,18062870243831539791,12.0,8.0,96.0,0.041666666666666664,24.0,x,y,2.2,1.8181818181818181,0.7744331359863281,0.8793244361877441,0,0,0,0,0,2.7594285011291504,0,0,0,0,0.7280895113945007,26.4,220,1.7976453304290771,7.058839797973633,0.8303281515836716,11.685050204045183,0.6450785582734335,0.5558627838956784,0.20826238648045214,0.2906818181818182,0.09886363636363636,0.5268839546187856,0.6713752169181733,0.6826787169784483,1.2596226205950394,0.48409090909090907,plain,0,x_passive,passive_rvo_mpc,7,19
narrow_gate,density_v4_interaction_tiers,rvo_multistep_density_v1,main,fixed,4,14500,residual_candidate,medium,0.05,0.1,neighbor_gaussian_v1,18062870243831539791,12.0,8.0,96.0,0.041666666666666664,24.0,x,y,2.2,1.8181818181818181,0.7744331359863281,0.8793244361877441,0,0,0,0,0,2.7594285011291504,1,0,0,0,0.6995995044708252,16.68,139,0.1354510635137558,0.3747138977050781,0.9872153690084815,12.116928932067822,0.9763933930901172,0.6981545418424967,0.22520305806177957,0.2525179856115108,0.12949640287769784,0.4288969291267022,0.5778641686901986,0.5963420998860056,0.9880340617771876,0.5143884892086331,residual,1,x_intent,icgp_rvo_mpc,7,19
narrow_gate,density_v4_interaction_tiers,rvo_multistep_density_v1,main,fixed,4,14500,residual_zero,medium,0.05,0.1,neighbor_gaussian_v1,18062870243831539791,12.0,8.0,96.0,0.041666666666666664,24.0,x,y,2.2,1.8181818181818181,0.7744331359863281,0.8793244361877441,0,0,0,0,0,2.7594285011291504,1,0,0,0,0.673905074596405,15.6,130,0.09536968916654587,0.2798340618610382,0.9909984739497304,11.78777261544019,0.9481830285862108,0.6940244702274949,0.2199430773124242,0.2469230769230769,0.17884615384615385,0.5149164931155963,0.617510310194528,0.6429475106584545,1.0400340124376395,0.47884615384615387,residual,0,x_passive,residual_passive_rvo_mpc,7,19
narrow_gate,density_v4_interaction_tiers,rvo_multistep_density_v1,main,fixed,4,14500,plain_candidate,high,0.1,0.2,neighbor_gaussian_v1,3988395195308518258,12.0,8.0,96.0,0.041666666666666664,24.0,x,y,2.2,1.8181818181818181,0.7744331359863281,0.8793244361877441,0,0,0,0,0,2.7594285011291504,1,0,0,0,0.8066864014166806,24.84,207,0.08775994181632996,0.278382807970047,0.9917167238891125,13.045017571159406,0.7125755762827587,0.5671622287841954,0.18157222251135605,0.23091787439613526,0.08816425120772947,0.4615926811795399,0.6323317191698248,0.6830751395051851,1.2219931094798786,0.42028985507246375,plain,1,x_intent,icgp_rvo_mpc,7,19
narrow_gate,density_v4_interaction_tiers,rvo_multistep_density_v1,main,fixed,4,14500,plain_zero,high,0.1,0.2,neighbor_gaussian_v1,3988395195308518258,12.0,8.0,96.0,0.041666666666666664,24.0,x,y,2.2,1.8181818181818181,0.7744331359863281,0.8793244361877441,0,0,0,0,0,2.7594285011291504,1,0,0,0,0.6498229503631592,14.28,119,0.12652137875556946,0.36358505487442017,0.9880582019686699,11.706563067709794,0.9790165457442137,0.7422151913819444,0.19414705848477842,0.2718487394957983,0.21008403361344538,0.37921082943179163,0.4855723997715461,0.57750472932813,1.0805210405233303,0.5378151260504201,plain,0,x_passive,passive_rvo_mpc,7,19
narrow_gate,density_v4_interaction_tiers,rvo_multistep_density_v1,main,fixed,4,14500,residual_candidate,high,0.1,0.2,neighbor_gaussian_v1,3988395195308518258,12.0,8.0,96.0,0.041666666666666664,24.0,x,y,2.2,1.8181818181818181,0.7744331359863281,0.8793244361877441,0,0,0,0,0,2.7594285011291504,1,0,0,0,0.686213493347168,14.16,118,0.08032356947660446,0.27968618273735046,0.9924186109565198,11.219979053421412,0.8535493883043843,0.6673076851017204,0.24279936350451908,0.28347457627118644,0.19279661016949154,0.44839151745184097,0.5977302081295175,0.6298646281633812,0.9945755664201629,0.4766949152542373,residual,1,x_intent,icgp_rvo_mpc,7,19
narrow_gate,density_v4_interaction_tiers,rvo_multistep_density_v1,main,fixed,4,14500,residual_zero,high,0.1,0.2,neighbor_gaussian_v1,3988395195308518258,12.0,8.0,96.0,0.041666666666666664,24.0,x,y,2.2,1.8181818181818181,0.7744331359863281,0.8793244361877441,0,0,0,0,0,2.7594285011291504,1,0,0,0,0.8051409721374512,21.24,177,0.16262438893318176,0.3738386034965515,0.9846505979076028,13.086387442788691,0.8512829215841967,0.6359663780956747,0.24524915282348814,0.2245762711864407,0.1285310734463277,0.665798645722136,0.7792971646095114,0.7941137575731088,1.2032457330391808,0.4632768361581921,residual,0,x_passive,residual_passive_rvo_mpc,7,19
narrow_gate,density_v4_interaction_tiers,rvo_multistep_density_v1,main,fixed,8,18500,plain_candidate,clean,0.0,0.0,neighbor_gaussian_v1,3040977382172577972,12.0,8.0,96.0,0.08333333333333333,12.0,x,y,2.2,3.6363636363636362,0.8116903305053711,0.6949958801269531,0,0,0,0,0,0.7057234048843384,0,0,0,0,0.6937411427497864,26.4,220,1.3398406505584717,6.300925254821777,0.8710109442472458,13.87429903195698,0.8526408898220821,0.7356597587635572,0.09463573908512692,0.5057954545454545,0.2551136363636364,-0.04810187405989539,0.13118268022218307,0.1486269713376536,0.4959345662164,0.759090909090909,plain,1,x_intent,icgp_rvo_mpc,7,19
narrow_gate,density_v4_interaction_tiers,rvo_multistep_density_v1,main,fixed,8,18500,plain_zero,clean,0.0,0.0,neighbor_gaussian_v1,3040977382172577972,12.0,8.0,96.0,0.08333333333333333,12.0,x,y,2.2,3.6363636363636362,0.8116903305053711,0.6949958801269531,0,0,0,0,0,0.7057234048843384,0,0,0,0,0.6197348833084106,26.4,220,2.0776376724243164,7.8512725830078125,0.7999817878007889,12.095877307354385,0.8272407020357522,0.7842638961293481,0.09431869253934234,0.5639772727272727,0.35454545454545455,-0.08071900875921374,0.06604086953432638,0.0682477009155689,0.6117095259813593,0.678409090909091,plain,0,x_passive,passive_rvo_mpc,7,19
narrow_gate,density_v4_interaction_tiers,rvo_multistep_density_v1,main,fixed,8,18500,residual_candidate,clean,0.0,0.0,neighbor_gaussian_v1,3040977382172577972,12.0,8.0,96.0,0.08333333333333333,12.0,x,y,2.2,3.6363636363636362,0.8116903305053711,0.6949958801269531,0,0,0,0,0,0.7057234048843384,0,0,0,0,0.5354406237602234,26.4,220,3.124319076538086,8.441643714904785,0.6992157399654388,11.211194894302935,0.886972268010405,0.9087886236438697,0.12007857992350844,0.6031818181818182,0.3664772727272727,-0.057987338513933756,0.10905598659881587,0.11702171189099421,0.4302304035460876,0.8102272727272727,residual,1,x_intent,icgp_rvo_mpc,7,19
narrow_gate,density_v4_interaction_tiers,rvo_multistep_density_v1,main,fixed,8,18500,residual_zero,clean,0.0,0.0,neighbor_gaussian_v1,3040977382172577972,12.0,8.0,96.0,0.08333333333333333,12.0,x,y,2.2,3.6363636363636362,0.8116903305053711,0.6949958801269531,0,0,0,0,0,0.7057234048843384,0,0,0,0,0.6921600699424744,26.4,220,0.6140942573547363,1.077216386795044,0.9408799521625042,14.166473605688225,0.8085774009877985,0.7329993231730028,0.12553857972803104,0.5077272727272727,0.30227272727272725,-0.03634103554943941,0.09491564327881027,0.10722969480297984,0.5743038034180864,0.7471590909090909,residual,0,x_passive,residual_passive_rvo_mpc,7,19
narrow_gate,density_v4_interaction_tiers,rvo_multistep_density_v1,main,fixed,8,18500,plain_candidate,low,0.02,0.04,neighbor_gaussian_v1,9262714313275069782,12.0,8.0,96.0,0.08333333333333333,12.0,x,y,2.2,3.6363636363636362,0.8116903305053711,0.6949958801269531,0,0,0,0,0,0.7057234048843384,0,0,0,0,0.5948041081428528,26.4,220,1.2596015930175781,6.955101013183594,0.8787357062101364,13.393604384898936,0.8484715855257078,0.7924709621139548,0.09500636386457534,0.5195454545454545,0.27329545454545456,-0.07763647536117976,0.10879779082369102,0.12131499895415639,0.5575197389640546,0.7238636363636364,plain,1,x_intent,icgp_rvo_mpc,7,19
narrow_gate,density_v4_interaction_tiers,rvo_multistep_density_v1,main,fixed,8,18500,plain_zero,low,0.02,0.04,neighbor_gaussian_v1,9262714313275069782,12.0,8.0,96.0,0.08333333333333333,12.0,x,y,2.2,3.6363636363636362,0.8116903305053711,0.6949958801269531,0,0,0,0,0,0.7057234048843384,0,0,0,0,0.719460666179657,26.4,220,1.2534170150756836,3.893275737762451,0.879331111907959,13.874598630867695,0.8577347431331873,0.7741801308637316,0.12284846601356879,0.4978409090909091,0.3159090909090909,-0.014542699902638394,0.1094895739303382,0.11389396592973003,0.6501445877687368,0.7102272727272727,plain,0,x_passive,passive_rvo_mpc,7,19
narrow_gate,density_v4_interaction_tiers,rvo_multistep_density_v1,main,fixed,8,18500,residual_candidate,low,0.02,0.04,neighbor_gaussian_v1,9262714313275069782,12.0,8.0,96.0,0.08333333333333333,12.0,x,y,2.2,3.6363636363636362,0.8116903305053711,0.6949958801269531,0,0,0,0,0,0.7057234048843384,0,0,0,0,0.6267309784889221,26.4,220,2.643047332763672,7.816985130310059,0.7455486953258514,12.450103881829818,0.9613129265098409,0.9534290473908186,0.11532755726710259,0.5651136363636363,0.2255681818181818,-0.07713693738865973,0.11007689926503746,0.11675505920746451,0.41476470354093964,0.8306818181818182,residual,1,x_intent,icgp_rvo_mpc,7,19
narrow_gate,density_v4_interaction_tiers,rvo_multistep_density_v1,main,fixed,8,18500,residual_zero,low,0.02,0.04,neighbor_gaussian_v1,9262714313275069782,12.0,8.0,96.0,0.08333333333333333,12.0,x,y,2.2,3.6363636363636362,0.8116903305053711,0.6949958801269531,0,0,0,0,0,0.7057234048843384,0,0,0,0,0.7033510804176331,26.4,220,1.3701026439666748,6.828564167022705,0.8680975586175919,14.841685380257331,0.9577826766466553,0.8757036775689233,0.11538045447113374,0.5689772727272727,0.32670454545454547,-0.088142441134327,0.056203014316044436,0.06212970887624183,0.49962859887641653,0.7818181818181819,residual,0,x_passive,residual_passive_rvo_mpc,7,19
narrow_gate,density_v4_interaction_tiers,rvo_multistep_density_v1,main,fixed,8,18500,plain_candidate,medium,0.05,0.1,neighbor_gaussian_v1,12378305379861231906,12.0,8.0,96.0,0.08333333333333333,12.0,x,y,2.2,3.6363636363636362,0.8116903305053711,0.6949958801269531,0,0,0,0,0,0.7057234048843384,0,0,0,0,0.6837605237960815,26.4,220,0.6525251865386963,1.8572851419448853,0.9371801316738129,14.812565768745117,1.097055755962025,1.0089670151472092,0.0996228977865857,0.4984090909090909,0.2676136363636364,-0.07009693469209133,0.10722320514063038,0.11619958422297214,0.5184112070823762,0.7232954545454545,plain,1,x_intent,icgp_rvo_mpc,7,19
narrow_gate,density_v4_interaction_tiers,rvo_multistep_density_v1,main,fixed,8,18500,plain_zero,medium,0.05,0.1,neighbor_gaussian_v1,12378305379861231906,12.0,8.0,96.0,0.08333333333333333,12.0,x,y,2.2,3.6363636363636362,0.8116903305053711,0.6949958801269531,0,0,0,0,0,0.7057234048843384,0,0,0,0,0.6091278791427612,26.4,220,1.3599756956100464,7.28917932510376,0.8690724968910217,13.87803930485461,1.0243832255290313,0.9838137369264256,0.11815096576438835,0.4461363636363636,0.2596590909090909,0.025120620597578722,0.15225263754317314,0.17596860714191803,0.5357071141777678,0.7704545454545455,plain,0,x_passive,passive_rvo_mpc,7,19
narrow_gate,density_v4_interaction_tiers,rvo_multistep_density_v1,main,fixed,8,18500,residual_candidate,medium,0.05,0.1,neighbor_gaussian_v1,12378305379861231906,12.0,8.0,96.0,0.08333333333333333,12.0,x,y,2.2,3.6363636363636362,0.8116903305053711,0.6949958801269531,0,0,0,0,0,0.7057234048843384,0,0,0,0,0.6662822961807251,26.4,220,3.2280354499816895,8.302189826965332,0.6892307698726654,11.721046198146297,0.9895855942910368,0.9490224509076639,0.13103210238279478,0.6089772727272728,0.27045454545454545,-0.04497429171816618,0.14138555861592683,0.1424695968602381,0.48264591764044296,0.7880681818181818,residual,1,x_intent,icgp_rvo_mpc,7,19
narrow_gate,density_v4_interaction_tiers,rvo_multistep_density_v1,main,fixed,8,18500,residual_zero,medium,0.05,0.1,neighbor_gaussian_v1,12378305379861231906,12.0,8.0,96.0,0.08333333333333333,12.0,x,y,2.2,3.6363636363636362,0.8116903305053711,0.6949958801269531,0,0,0,0,0,0.7057234048843384,0,0,0,0,0.6543266773223877,26.4,220,1.3933871984481812,7.256537437438965,0.8658559024333954,13.241840357070032,0.9690168281170455,0.9624524502591654,0.12212068206942851,0.5179545454545454,0.29659090909090907,-0.00831586654363754,0.11992110894191303,0.12431653884963828,0.5363794360085594,0.7551136363636364,residual,0,x_passive,residual_passive_rvo_mpc,7,19
narrow_gate,density_v4_interaction_tiers,rvo_multistep_density_v1,main,fixed,8,18500,plain_candidate,high,0.1,0.2,neighbor_gaussian_v1,2147320585609771727,12.0,8.0,96.0,0.08333333333333333,12.0,x,y,2.2,3.6363636363636362,0.8116903305053711,0.6949958801269531,0,0,0,0,0,0.7057234048843384,0,0,0,0,0.654033899307251,26.4,220,1.3514368534088135,7.4207844734191895,0.8698945492506027,14.319127484741216,1.2935477182946422,1.1894208567724986,0.09242977268348279,0.4601136363636364,0.2346590909090909,-0.03687978922259812,0.12598522680879612,0.16087430793258017,0.5232764338295005,0.7698863636363636,plain,1,x_intent,icgp_rvo_mpc,7,19
narrow_gate,density_v4_interaction_tiers,rvo_multistep_density_v1,main,fixed,8,18500,plain_zero,high,0.1,0.2,neighbor_gaussian_v1,2147320585609771727,12.0,8.0,96.0,0.08333333333333333,12.0,x,y,2.2,3.6363636363636362,0.8116903305053711,0.6949958801269531,0,0,0,0,0,0.7057234048843384,0,0,0,0,0.6137980222702026,26.4,220,1.338975429534912,7.036954402923584,0.8710942268371582,13.859353820537763,1.2295703789388592,1.1271375646645372,0.09841255678938152,0.5406818181818182,0.32329545454545455,-0.05917243552284723,0.08365248412652132,0.09146465504348965,0.5412435495517216,0.73125,plain,0,x_passive,passive_rvo_mpc,7,19
narrow_gate,density_v4_interaction_tiers,rvo_multistep_density_v1,main,fixed,8,18500,residual_candidate,high,0.1,0.2,neighbor_gaussian_v1,2147320585609771727,12.0,8.0,96.0,0.08333333333333333,12.0,x,y,2.2,3.6363636363636362,0.8116903305053711,0.6949958801269531,0,0,0,0,0,0.7057234048843384,0,0,0,0,0.6443501710891724,26.4,220,2.053067445755005,7.120126724243164,0.8023472130298615,12.06786267492862,1.0780547081069514,1.0382133687084372,0.1369898293804991,0.5635227272727272,0.26136363636363635,-0.09059581659844194,0.09372602081508574,0.09792067947318449,0.5454737361840384,0.6994318181818182,residual,1,x_intent,icgp_rvo_mpc,7,19
narrow_gate,density_v4_interaction_tiers,rvo_multistep_density_v1,main,fixed,8,18500,residual_zero,high,0.1,0.2,neighbor_gaussian_v1,2147320585609771727,12.0,8.0,96.0,0.08333333333333333,12.0,x,y,2.2,3.6363636363636362,0.8116903305053711,0.6949958801269531,0,0,0,0,0,0.7057234048843384,0,0,0,0,0.6482226252555847,26.4,220,1.3568885326385498,7.123827934265137,0.869369700551033,12.886227701561438,1.1248350494287231,1.0891080902381376,0.14141437465944115,0.5034090909090909,0.27045454545454545,-0.012896153367572018,0.11851592476914373,0.12402215793873686,0.569348834097023,0.7363636363636363,residual,0,x_passive,residual_passive_rvo_mpc,7,19
merge_bottleneck,density_v4_interaction_tiers,rvo_multistep_density_v1,main,fixed,4,15013,plain_candidate,clean,0.0,0.0,neighbor_gaussian_v1,8635234572680411828,12.0,8.0,96.0,0.041666666666666664,24.0,x,y,2.2,1.8181818181818181,0.7736692428588867,0.9000000953674316,0,0,0,0,0,1.6758495569229126,0,0,0,0,0.7854121327400208,26.4,220,0.641264796257019,1.165878415107727,0.9381585381925106,13.3517313641496,0.6248509566586687,0.5761150910487314,0.2119212501962796,0.3384090909090909,0.09772727272727273,0.11607201095372374,0.2673316500328227,0.30252064607960427,0.5208066245934521,0.6840909090909091,plain,1,x_intent,icgp_rvo_mpc,7,19
merge_bottleneck,density_v4_interaction_tiers,rvo_multistep_density_v1,main,fixed,4,15013,plain_zero,clean,0.0,0.0,neighbor_gaussian_v1,8635234572680411828,12.0,8.0,96.0,0.041666666666666664,24.0,x,y,2.2,1.8181818181818181,0.7736692428588867,0.9000000953674316,0,0,0,0,0,1.6758495569229126,0,0,0,0,0.7512832283973694,26.4,220,0.5810394883155823,0.7985004782676697,0.9439664706587791,13.417827926803511,0.7095043026524845,0.6356559880596416,0.2132611365099861,0.36045454545454547,0.10113636363636364,0.09476447778351028,0.23064953207155905,0.24888183531976948,0.46080632693921253,0.7034090909090909,plain,0,x_passive,passive_rvo_mpc,7,19
merge_bottleneck,density_v4_interaction_tiers,rvo_multistep_density_v1,main,fixed,4,15013,residual_candidate,clean,0.0,0.0,neighbor_gaussian_v1,8635234572680411828,12.0,8.0,96.0,0.041666666666666664,24.0,x,y,2.2,1.8181818181818181,0.7736692428588867,0.9000000953674316,0,0,0,0,0,1.6758495569229126,0,0,0,0,0.8400343370437622,26.4,220,0.5700967311859131,0.6939454078674316,0.9450217522680759,14.450234084157273,0.6301191683017185,0.5265295083708638,0.24474579470486127,0.37454545454545457,0.11704545454545455,0.08456919198308427,0.23261207504379036,0.2575955619156181,0.531910197556796,0.7625,residual,1,x_intent,icgp_rvo_mpc,7,19
merge_bottleneck,density_v4_interaction_tiers,rvo_multistep_density_v1,main,fixed,4,15013,residual_zero,clean,0.0,0.0,neighbor_gaussian_v1,8635234572680411828,12.0,8.0,96.0,0.041666666666666664,24.0,x,y,2.2,1.8181818181818181,0.7736692428588867,0.9000000953674316,0,0,0,0,0,1.6758495569229126,0,0,0,0,0.8400245267128276,26.4,220,1.444824457168579,2.899430513381958,0.8606659024953842,13.055732440778229,0.6917830339880973,0.6112333417794699,0.23553022692794912,0.3572727272727273,0.06477272727272727,0.07878494923859224,0.21733098641562124,0.23402935424158455,0.5020798521989929,0.6977272727272728,residual,0,x_passive,residual_passive_rvo_mpc,7,19
merge_bottleneck,density_v4_interaction_tiers,rvo_multistep_density_v1,main,fixed,4,15013,plain_candidate,low,0.02,0.04,neighbor_gaussian_v1,15937634268733484189,12.0,8.0,96.0,0.041666666666666664,24.0,x,y,2.2,1.8181818181818181,0.7736692428588867,0.9000000953674316,0,0,0,0,0,1.6758495569229126,0,0,0,0,0.8400241727616866,26.4,220,0.7051326036453247,0.816642701625824,0.9319993406534195,13.166495205878164,0.6635192981261835,0.620401756208263,0.16401090939656238,0.35113636363636364,0.08522727272727272,0.10743849125461469,0.27138856231008723,0.2983423968762903,0.5665896633682874,0.6840909090909091,plain,1,x_intent,icgp_rvo_mpc,7,19
merge_bottleneck,density_v4_interaction_tiers,rvo_multistep_density_v1,main,fixed,4,15013,plain_zero,low,0.02,0.04,neighbor_gaussian_v1,15937634268733484189,12.0,8.0,96.0,0.041666666666666664,24.0,x,y,2.2,1.8181818181818181,0.7736692428588867,0.9000000953674316,0,0,0,0,0,1.6758495569229126,0,0,0,0,0.7169247269630432,26.4,220,0.9996488094329834,2.7164108753204346,0.9035971686244011,12.753829673572909,0.7130036559141114,0.7156267351883633,0.1889207950708541,0.35545454545454547,0.07954545454545454,0.1309673768545879,0.27215075015173873,0.32906627488914014,0.4713449157636689,0.7659090909090909,plain,0,x_passive,passive_rvo_mpc,7,19
merge_bottleneck,density_v4_interaction_tiers,rvo_multistep_density_v1,main,fixed,4,15013,residual_candidate,low,0.02,0.04,neighbor_gaussian_v1,15937634268733484189,12.0,8.0,96.0,0.041666666666666664,24.0,x,y,2.2,1.8181818181818181,0.7736692428588867,0.9000000953674316,0,0,0,0,0,1.6758495569229126,0,0,0,0,0.7660943269729614,26.4,220,0.5365228652954102,0.7848802804946899,0.9482595063745975,13.415536100175814,0.5726769847430246,0.5883543102218854,0.2293304543524176,0.3759090909090909,0.09886363636363636,0.05840439132242652,0.2057791097657065,0.2341114903097621,0.5220956255248438,0.7806818181818181,residual,1,x_intent,icgp_rvo_mpc,7,19
merge_bottleneck,density_v4_interaction_tiers,rvo_multistep_density_v1,main,fixed,4,15013,residual_zero,low,0.02,0.04,neighbor_gaussian_v1,15937634268733484189,12.0,8.0,96.0,0.041666666666666664,24.0,x,y,2.2,1.8181818181818181,0.7736692428588867,0.9000000953674316,0,0,0,0,0,1.6758495569229126,0,0,0,0,0.8400532913208008,26.4,220,0.49151942133903503,0.7184621691703796,0.9525994881987572,13.752935650889412,0.5784957598799586,0.5644918301031628,0.25235340945073403,0.3365909090909091,0.07727272727272727,0.10384387684145721,0.2319924762392114,0.25247478201520057,0.5468932191651977,0.7897727272727273,residual,0,x_passive,residual_passive_rvo_mpc,7,19
merge_bottleneck,density_v4_interaction_tiers,rvo_multistep_density_v1,main,fixed,4,15013,plain_candidate,medium,0.05,0.1,neighbor_gaussian_v1,8894084880836822976,12.0,8.0,96.0,0.041666666666666664,24.0,x,y,2.2,1.8181818181818181,0.7736692428588867,0.9000000953674316,0,0,0,0,0,1.6758495569229126,0,0,0,0,0.8400260821896176,26.4,220,0.85411536693573,1.287019968032837,0.9176319316029549,14.065061456582043,0.8335594404641598,0.7517271518524715,0.20402261321909132,0.35,0.0875,0.11272766755331591,0.2635786115840145,0.308844609056149,0.49786690438318715,0.7136363636363636,plain,1,x_intent,icgp_rvo_mpc,7,19
merge_bottleneck,density_v4_interaction_tiers,rvo_multistep_density_v1,main,fixed,4,15013,plain_zero,medium,0.05,0.1,neighbor_gaussian_v1,8894084880836822976,12.0,8.0,96.0,0.041666666666666664,24.0,x,y,2.2,1.8181818181818181,0.7736692428588867,0.9000000953674316,0,0,0,0,0,1.6758495569229126,0,0,0,0,0.7985637784004211,26.4,220,0.8532829284667969,1.777165174484253,0.9177122116088867,13.666644783079391,0.7799282987961884,0.7678539826619354,0.18480886395660823,0.4022727272727273,0.11363636363636363,0.08784361883215022,0.22934828196329193,0.24745816706666135,0.4840198533999252,0.7931818181818182,plain,0,x_passive,passive_rvo_mpc,7,19
merge_bottleneck,density_v4_interaction_tiers,rvo_multistep_density_v1,main,fixed,4,15013,residual_candidate,medium,0.05,0.1,neighbor_gaussian_v1,8894084880836822976,12.0,8.0,96.0,0.041666666666666664,24.0,x,y,2.2,1.8181818181818181,0.7736692428588867,0.9000000953674316,0,0,0,0,0,1.6758495569229126,0,0,0,0,0.8400242766834565,26.4,220,0.5467265248298645,0.9710400700569153,0.9472754970192909,14.341431680877577,0.6775180550948376,0.605291227807439,0.28436136364524084,0.38045454545454543,0.1318181818181818,0.07992085218670314,0.23524822975825896,0.2559578921686049,0.5556677056973457,0.7159090909090909,residual,1,x_intent,icgp_rvo_mpc,7,19
merge_bottleneck,density_v4_interaction_tiers,rvo_multistep_density_v1,main,fixed,4,15013,residual_zero,medium,0.05,0.1,neighbor_gaussian_v1,8894084880836822976,12.0,8.0,96.0,0.041666666666666664,24.0,x,y,2.2,1.8181818181818181,0.7736692428588867,0.9000000953674316,0,0,0,0,0,1.6758495569229126,0,0,0,0,0.8400217008590698,26.4,220,0.7364690899848938,1.1323821544647217,0.9289773553609848,13.745268392187427,0.7472905699766919,0.7129105688834733,0.25890568146926607,0.3531818181818182,0.06931818181818182,0.09542614359437232,0.23379306702189104,0.25623888742932505,0.5238533270743257,0.75,residual,0,x_passive,residual_passive_rvo_mpc,7,19
merge_bottleneck,density_v4_interaction_tiers,rvo_multistep_density_v1,main,fixed,4,15013,plain_candidate,high,0.1,0.2,neighbor_gaussian_v1,6767513501951022893,12.0,8.0,96.0,0.041666666666666664,24.0,x,y,2.2,1.8181818181818181,0.7736692428588867,0.9000000953674316,0,0,0,0,0,1.6758495569229126,0,0,0,0,0.6262966394424438,26.4,220,0.5483333468437195,0.8831766843795776,0.9471205435693264,14.529396826896118,0.9647262804870707,0.782467371366676,0.17363306740828027,0.36318181818181816,0.09318181818181819,0.08646551140905649,0.24429460137991305,0.3034347467521738,0.4958032783876736,0.7,plain,1,x_intent,icgp_rvo_mpc,7,19
merge_bottleneck,density_v4_interaction_tiers,rvo_multistep_density_v1,main,fixed,4,15013,plain_zero,high,0.1,0.2,neighbor_gaussian_v1,6767513501951022893,12.0,8.0,96.0,0.041666666666666664,24.0,x,y,2.2,1.8181818181818181,0.7736692428588867,0.9000000953674316,0,0,0,0,0,1.6758495569229126,0,0,0,0,0.776844322681427,26.4,220,0.6067098379135132,0.8924611806869507,0.9414909072220325,14.520154107784037,1.0071804150282828,0.9228091642429883,0.16846636393562553,0.3534090909090909,0.11136363636363636,0.11989882161657717,0.24935262739874353,0.30669108693687663,0.47421033801014956,0.7636363636363637,plain,0,x_passive,passive_rvo_mpc,7,19
merge_bottleneck,density_v4_interaction_tiers,rvo_multistep_density_v1,main,fixed,4,15013,residual_candidate,high,0.1,0.2,neighbor_gaussian_v1,6767513501951022893,12.0,8.0,96.0,0.041666666666666664,24.0,x,y,2.2,1.8181818181818181,0.7736692428588867,0.9000000953674316,0,0,0,0,0,1.6758495569229126,0,0,0,0,0.6098507046699524,26.4,220,0.5612584352493286,0.9000592231750488,0.9458740875124931,14.702854112867499,0.9704342977987835,0.8377847303223627,0.2258680688100867,0.36363636363636365,0.11818181818181818,0.07998350263586557,0.22778841515821488,0.24663969703006472,0.5228126491442875,0.7329545454545454,residual,1,x_intent,icgp_rvo_mpc,7,19
merge_bottleneck,density_v4_interaction_tiers,rvo_multistep_density_v1,main,fixed,4,15013,residual_zero,high,0.1,0.2,neighbor_gaussian_v1,6767513501951022893,12.0,8.0,96.0,0.041666666666666664,24.0,x,y,2.2,1.8181818181818181,0.7736692428588867,0.9000000953674316,0,0,0,0,0,1.6758495569229126,0,0,0,0,0.8400114413876332,26.4,220,0.5592908263206482,0.6854681968688965,0.9460638388991356,15.281952545890817,0.9592951399496418,0.8378491525284268,0.21145250013267453,0.35909090909090907,0.11818181818181818,0.08855586102995841,0.21971232215737185,0.2353449861632366,0.5146263392192718,0.7659090909090909,residual,0,x_passive,residual_passive_rvo_mpc,7,19
merge_bottleneck,density_v4_interaction_tiers,rvo_multistep_density_v1,main,fixed,8,19013,plain_candidate,clean,0.0,0.0,neighbor_gaussian_v1,16120579951189089958,12.0,8.0,96.0,0.08333333333333333,12.0,x,y,2.2,3.6363636363636362,0.7759923934936523,0.9000000953674316,0,0,0,0,0,0.6877896189689636,0,0,0,0,0.5747358202934265,26.4,220,2.5376105308532715,6.470456600189209,0.7549503743648529,13.115231610161572,0.932555969872258,0.9910065590657972,0.08637926121909087,0.6423863636363636,0.35113636363636364,-0.15409562087756595,0.02040387077507989,0.02308680134483701,0.40172541215801827,0.9210227272727273,plain,1,x_intent,icgp_rvo_mpc,7,19
merge_bottleneck,density_v4_interaction_tiers,rvo_multistep_density_v1,main,fixed,8,19013,plain_zero,clean,0.0,0.0,neighbor_gaussian_v1,16120579951189089958,12.0,8.0,96.0,0.08333333333333333,12.0,x,y,2.2,3.6363636363636362,0.7759923934936523,0.9000000953674316,0,0,0,0,0,0.6877896189689636,0,0,0,0,0.5913203358650208,26.4,220,2.375438690185547,6.558058738708496,0.7706108391284943,11.61311912183919,0.83317642794414,0.8713924650102853,0.09115596612074031,0.6193181818181818,0.31988636363636364,-0.11896766084959587,0.03482192248888706,0.0410220749889963,0.3647964334791244,0.8369318181818182,plain,0,x_passive,passive_rvo_mpc,7,19
merge_bottleneck,density_v4_interaction_tiers,rvo_multistep_density_v1,main,fixed,8,19013,residual_candidate,clean,0.0,0.0,neighbor_gaussian_v1,16120579951189089958,12.0,8.0,96.0,0.08333333333333333,12.0,x,y,2.2,3.6363636363636362,0.7759923934936523,0.9000000953674316,0,0,0,0,0,0.6877896189689636,0,0,1,0,0.4949433505535126,26.4,220,3.061519145965576,6.911307334899902,0.7043580412864685,10.838068848170224,0.8036476355384696,0.879389965026216,0.11668903369520028,0.5990909090909091,0.24488636363636362,-0.13772648273064858,0.05174880366755361,0.05443255788206258,0.3039144715963834,0.8681818181818182,residual,1,x_intent,icgp_rvo_mpc,7,19
merge_bottleneck,density_v4_interaction_tiers,rvo_multistep_density_v1,main,fixed,8,19013,residual_zero,clean,0.0,0.0,neighbor_gaussian_v1,16120579951189089958,12.0,8.0,96.0,0.08333333333333333,12.0,x,y,2.2,3.6363636363636362,0.7759923934936523,0.9000000953674316,0,0,0,0,0,0.6877896189689636,0,0,0,0,0.5454524755477905,26.4,220,2.990358352661133,6.731432914733887,0.7112298309803009,10.801140957943971,0.9052860963073643,0.9219960787079551,0.12055869298240975,0.5717045454545454,0.2028409090909091,-0.09250767564461675,0.06798457009936638,0.07121390227277888,0.3455325521273991,0.8397727272727272,residual,0,x_passive,residual_passive_rvo_mpc,7,19
merge_bottleneck,density_v4_interaction_tiers,rvo_multistep_density_v1,main,fixed,8,19013,plain_candidate,low,0.02,0.04,neighbor_gaussian_v1,17515037672169634093,12.0,8.0,96.0,0.08333333333333333,12.0,x,y,2.2,3.6363636363636362,0.7759923934936523,0.9000000953674316,0,0,0,0,0,0.6877896189689636,0,0,1,0,0.464154452085495,26.4,220,1.7970902919769287,6.42283296585083,0.8264602422714233,12.719923005543023,1.018913443928415,1.0371418386359106,0.09804744308481035,0.6069318181818182,0.32727272727272727,-0.14856649333212202,0.022260240416217665,0.02904690727752962,0.4044889137734786,0.8477272727272728,plain,1,x_intent,icgp_rvo_mpc,7,19
merge_bottleneck,density_v4_interaction_tiers,rvo_multistep_density_v1,main,fixed,8,19013,plain_zero,low,0.02,0.04,neighbor_gaussian_v1,17515037672169634093,12.0,8.0,96.0,0.08333333333333333,12.0,x,y,2.2,3.6363636363636362,0.7759923934936523,0.9000000953674316,0,0,0,0,0,0.6877896189689636,0,0,1,0,0.5087930560112,26.4,220,3.153533458709717,6.907347679138184,0.6954725086688995,11.031975609421352,0.8890304406258193,0.9075748590244488,0.08702630687118719,0.5879545454545455,0.2852272727272727,-0.11206489352009726,0.03204798472512891,0.049830419783321686,0.3273999284446281,0.85625,plain,0,x_passive,passive_rvo_mpc,7,19
merge_bottleneck,density_v4_interaction_tiers,rvo_multistep_density_v1,main,fixed,8,19013,residual_candidate,low,0.02,0.04,neighbor_gaussian_v1,17515037672169634093,12.0,8.0,96.0,0.08333333333333333,12.0,x,y,2.2,3.6363636363636362,0.7759923934936523,0.9000000953674316,0,0,0,0,0,0.6877896189689636,0,0,0,0,0.6468476057052612,26.4,220,2.4233827590942383,6.868692398071289,0.7659810185432434,12.618194857884646,0.964857026731426,1.01259514211931,0.11882323878208725,0.5506818181818182,0.22329545454545455,-0.10090813792897717,0.08118056600336634,0.08517321601779934,0.3546809572125877,0.8954545454545455,residual,1,x_intent,icgp_rvo_mpc,7,19
merge_bottleneck,density_v4_interaction_tiers,rvo_multistep_density_v1,main,fixed,8,19013,residual_zero,low,0.02,0.04,neighbor_gaussian_v1,17515037672169634093,12.0,8.0,96.0,0.08333333333333333,12.0,x,y,2.2,3.6363636363636362,0.7759923934936523,0.9000000953674316,0,0,0,0,0,0.6877896189689636,0,0,0,0,0.5649399757385254,26.4,220,3.062119960784912,6.892353057861328,0.704300045967102,10.800749527389826,0.9552284684370864,0.9329045748846098,0.14330886359940367,0.5729545454545455,0.21704545454545454,-0.09933099767860269,0.06741570161992765,0.07229557683012613,0.33520803888354955,0.8340909090909091,residual,0,x_passive,residual_passive_rvo_mpc,7,19
merge_bottleneck,density_v4_interaction_tiers,rvo_multistep_density_v1,main,fixed,8,19013,plain_candidate,medium,0.05,0.1,neighbor_gaussian_v1,8836671726460555581,12.0,8.0,96.0,0.08333333333333333,12.0,x,y,2.2,3.6363636363636362,0.7759923934936523,0.9000000953674316,0,0,0,0,0,0.6877896189689636,0,0,1,0,0.5029774904251099,26.4,220,3.109506607055664,7.091708183288574,0.6997240483760834,10.600445833306367,0.941313951564106,0.980980459228158,0.09148721599723847,0.6948863636363637,0.3659090909090909,-0.16374303120546685,0.01282175484336962,0.022812784103880372,0.2912622311743591,0.8363636363636363,plain,1,x_intent,icgp_rvo_mpc,7,19
merge_bottleneck,density_v4_interaction_tiers,rvo_multistep_density_v1,main,fixed,8,19013,plain_zero,medium,0.05,0.1,neighbor_gaussian_v1,8836671726460555581,12.0,8.0,96.0,0.08333333333333333,12.0,x,y,2.2,3.6363636363636362,0.7759923934936523,0.9000000953674316,0,0,0,0,0,0.6877896189689636,0,0,0,0,0.665844202041626,26.4,220,3.0959537029266357,6.796262264251709,0.701032817363739,11.617314186848034,1.0123119659044526,1.0209705291823907,0.1047584657499101,0.5980681818181818,0.2761363636363636,-0.1298300490410755,0.02587634012543563,0.029016692772909043,0.38577096434167013,0.865909090909091,plain,0,x_passive,passive_rvo_mpc,7,19
merge_bottleneck,density_v4_interaction_tiers,rvo_multistep_density_v1,main,fixed,8,19013,residual_candidate,medium,0.05,0.1,neighbor_gaussian_v1,8836671726460555581,12.0,8.0,96.0,0.08333333333333333,12.0,x,y,2.2,3.6363636363636362,0.7759923934936523,0.9000000953674316,0,0,0,0,0,0.6877896189689636,0,0,0,0,0.5984378457069397,26.4,220,2.348954200744629,6.48480224609375,0.7731683701276779,11.73652446916094,1.0970971939238634,1.1142998508431694,0.11980749996754722,0.5935227272727273,0.2869318181818182,-0.1390923008594672,0.05063097974617639,0.05659717893560092,0.34486487245742625,0.8244318181818182,residual,1,x_intent,icgp_rvo_mpc,7,19
merge_bottleneck,density_v4_interaction_tiers,rvo_multistep_density_v1,main,fixed,8,19013,residual_zero,medium,0.05,0.1,neighbor_gaussian_v1,8836671726460555581,12.0,8.0,96.0,0.08333333333333333,12.0,x,y,2.2,3.6363636363636362,0.7759923934936523,0.9000000953674316,0,0,0,0,0,0.6877896189689636,0,0,0,0,0.594012439250946,26.4,220,2.949526786804199,6.762016773223877,0.7151728272438049,11.694854249330092,1.1382086705077779,1.1035014618526806,0.1194065910650269,0.6154545454545455,0.2772727272727273,-0.12556196967754388,0.03115492307809041,0.03311570787607044,0.29736812818270036,0.8835227272727273,residual,0,x_passive,residual_passive_rvo_mpc,7,19
merge_bottleneck,density_v4_interaction_tiers,rvo_multistep_density_v1,main,fixed,8,19013,plain_candidate,high,0.1,0.2,neighbor_gaussian_v1,12962316451571355847,12.0,8.0,96.0,0.08333333333333333,12.0,x,y,2.2,3.6363636363636362,0.7759923934936523,0.9000000953674316,0,0,0,0,0,0.6877896189689636,0,0,0,0,0.6762407422065735,26.4,220,3.031752347946167,6.784056663513184,0.7072325348854065,11.065865025868789,1.189320563592694,1.1831030389124697,0.09226437475511128,0.6173863636363637,0.275,-0.13981580827756368,0.03565803713032173,0.04047997564367655,0.32944022104045984,0.8454545454545455,plain,1,x_intent,icgp_rvo_mpc,7,19
merge_bottleneck,density_v4_interaction_tiers,rvo_multistep_density_v1,main,fixed,8,19013,plain_zero,high,0.1,0.2,neighbor_gaussian_v1,12962316451571355847,12.0,8.0,96.0,0.08333333333333333,12.0,x,y,2.2,3.6363636363636362,0.7759923934936523,0.9000000953674316,0,0,0,0,0,0.6877896189689636,0,0,0,0,0.6621341109275818,26.4,220,2.5001492500305176,6.5795392990112305,0.7585678994655609,13.02670143052319,1.2416371236470614,1.1294796868142756,0.09022107945136006,0.607840909090909,0.30056818181818185,-0.12008281018811488,0.0342427175104099,0.04066544542104234,0.35917280094763343,0.8448863636363636,plain,0,x_passive,passive_rvo_mpc,7,19
merge_bottleneck,density_v4_interaction_tiers,rvo_multistep_density_v1,main,fixed,8,19013,residual_candidate,high,0.1,0.2,neighbor_gaussian_v1,12962316451571355847,12.0,8.0,96.0,0.08333333333333333,12.0,x,y,2.2,3.6363636363636362,0.7759923934936523,0.9000000953674316,0,0,0,0,0,0.6877896189689636,0,0,0,0,0.6412443518638611,26.4,220,3.1787047386169434,6.809119701385498,0.6930417716503143,11.783321836370305,1.2714917159893295,1.216698460484093,0.1265384087508375,0.59,0.25227272727272726,-0.12468395969002088,0.06630093587354798,0.07333891804037741,0.32947346669493127,0.8704545454545455,residual,1,x_intent,icgp_rvo_mpc,7,19
merge_bottleneck,density_v4_interaction_tiers,rvo_multistep_density_v1,main,fixed,8,19013,residual_zero,high,0.1,0.2,neighbor_gaussian_v1,12962316451571355847,12.0,8.0,96.0,0.08333333333333333,12.0,x,y,2.2,3.6363636363636362,0.7759923934936523,0.9000000953674316,0,0,0,0,0,0.6877896189689636,0,0,0,0,0.6683394908905029,26.4,220,2.780578136444092,6.8899688720703125,0.7314876914024353,11.24430280795741,1.2597765045409852,1.251842775940895,0.1244693749123888,0.5627272727272727,0.24375,-0.09528633766532976,0.05762515581840917,0.06214482641052215,0.31468719505610165,0.8806818181818182,residual,0,x_passive,residual_passive_rvo_mpc,7,19
four_way_stop,density_v4_interaction_tiers,rvo_multistep_density_v1,main,fixed,4,14748,plain_candidate,clean,0.0,0.0,neighbor_gaussian_v1,18351246149619370047,11.0,11.0,121.0,0.03305785123966942,30.25,y,x,11.0,0.36363636363636365,0.664186954498291,0.7091164588928223,0,0,0,0,0,6.745625019073486,1,0,0,0,0.9571982026100159,14.28,119,0.07906262576580048,0.2898350954055786,0.9917473401874304,10.71061142013059,0.833285724897057,0.5356142327354431,0.20118214277073176,0.1588235294117647,0.10504201680672269,1.0540175707659003,1.2069099111504413,1.3009863296013415,2.7141859120280807,0.3319327731092437,plain,1,x_intent,icgp_rvo_mpc,7,19
four_way_stop,density_v4_interaction_tiers,rvo_multistep_density_v1,main,fixed,4,14748,plain_zero,clean,0.0,0.0,neighbor_gaussian_v1,18351246149619370047,11.0,11.0,121.0,0.03305785123966942,30.25,y,x,11.0,0.36363636363636365,0.664186954498291,0.7091164588928223,0,0,0,0,0,6.745625019073486,1,0,0,0,0.9368391633033752,13.32,111,0.10459105670452118,0.2810261845588684,0.9890826493501663,10.630785022047348,0.8817132597176677,0.5512507488054006,0.19256486586265703,0.14774774774774774,0.11261261261261261,0.9582214807598172,1.0485419937478262,1.1424220520224386,2.279073495172166,0.39864864864864863,plain,0,x_passive,passive_rvo_mpc,7,19
four_way_stop,density_v4_interaction_tiers,rvo_multistep_density_v1,main,fixed,4,14748,residual_candidate,clean,0.0,0.0,neighbor_gaussian_v1,18351246149619370047,11.0,11.0,121.0,0.03305785123966942,30.25,y,x,11.0,0.36363636363636365,0.664186954498291,0.7091164588928223,0,0,0,0,0,6.745625019073486,1,0,0,0,0.774015486240387,13.2,110,0.125508651137352,0.3642599284648895,0.9868992436677217,10.72853326011682,0.8829472475240684,0.5610203952033929,0.23017704595324837,0.1440909090909091,0.11363636363636363,1.0525604098713532,1.202346775403077,1.293965290412307,2.306142361760139,0.41818181818181815,residual,1,x_intent,icgp_rvo_mpc,7,19
four_way_stop,density_v4_interaction_tiers,rvo_multistep_density_v1,main,fixed,4,14748,residual_zero,clean,0.0,0.0,neighbor_gaussian_v1,18351246149619370047,11.0,11.0,121.0,0.03305785123966942,30.25,y,x,11.0,0.36363636363636365,0.664186954498291,0.7091164588928223,0,0,0,0,0,6.745625019073486,1,0,0,0,0.7038612961769104,13.92,116,0.15776057541370392,0.3461552858352661,0.9835327472537756,11.201514467102243,0.9046635042217657,0.5804742688109047,0.21038469840904922,0.13793103448275862,0.11637931034482758,1.1821293534981567,1.2719369796933286,1.391768001311555,2.3870293340703537,0.41379310344827586,residual,0,x_passive,residual_passive_rvo_mpc,7,19
four_way_stop,density_v4_interaction_tiers,rvo_multistep_density_v1,main,fixed,4,14748,plain_candidate,low,0.02,0.04,neighbor_gaussian_v1,8872493696308463108,11.0,11.0,121.0,0.03305785123966942,30.25,y,x,11.0,0.36363636363636365,0.664186954498291,0.7091164588928223,0,0,0,0,0,6.745625019073486,1,0,0,0,0.9728251099586487,11.639999999999999,97,0.15159304440021515,0.3588963747024536,0.9841765221208334,10.53034823766211,0.8552640936884683,0.5208111888955443,0.16750335200094454,0.2190721649484536,0.17783505154639176,0.9577034815213614,1.100037124789867,1.1853452338447277,2.570040499248456,0.35309278350515466,plain,1,x_intent,icgp_rvo_mpc,7,19
four_way_stop,density_v4_interaction_tiers,rvo_multistep_density_v1,main,fixed,4,14748,plain_zero,low,0.02,0.04,neighbor_gaussian_v1,8872493696308463108,11.0,11.0,121.0,0.03305785123966942,30.25,y,x,11.0,0.36363636363636365,0.664186954498291,0.7091164588928223,0,0,0,0,0,6.745625019073486,1,0,0,0,0.9706504344940186,12.36,103,0.12159962207078934,0.2946821451187134,0.9873072737827897,10.624895939225098,0.7913367964453923,0.440018767108129,0.1806798545040136,0.16941747572815535,0.13349514563106796,1.1393820086671311,1.229393055975003,1.2932012773811528,2.7031018070167714,0.3640776699029126,plain,0,x_passive,passive_rvo_mpc,7,19
four_way_stop,density_v4_interaction_tiers,rvo_multistep_density_v1,main,fixed,4,14748,residual_candidate,low,0.02,0.04,neighbor_gaussian_v1,8872493696308463108,11.0,11.0,121.0,0.03305785123966942,30.25,y,x,11.0,0.36363636363636365,0.664186954498291,0.7091164588928223,0,0,0,0,0,6.745625019073486,1,0,0,0,0.8182936310768127,9.959999999999999,83,0.2129637748003006,0.3185146450996399,0.9777705650776625,9.946534506045282,0.8160643828079015,0.4539448082105728,0.2899222903119131,0.0963855421686747,0.04819277108433735,1.0607597618550062,1.2067483862408672,1.2603751413362572,2.4758340487925405,0.4186746987951807,residual,1,x_intent,icgp_rvo_mpc,7,19
four_way_stop,density_v4_interaction_tiers,rvo_multistep_density_v1,main,fixed,4,14748,residual_zero,low,0.02,0.04,neighbor_gaussian_v1,8872493696308463108,11.0,11.0,121.0,0.03305785123966942,30.25,y,x,11.0,0.36363636363636365,0.664186954498291,0.7091164588928223,0,0,0,0,0,6.745625019073486,1,0,0,0,1.0890440940856934,11.4,95,0.12865039706230164,0.28052666783332825,0.986571304500103,10.47344344703015,0.848620385892297,0.4997003631779836,0.27800710476616297,0.0968421052631579,0.07105263157894737,1.1491086780083806,1.233429777920246,1.2632573146412247,2.5398060938872793,0.4342105263157895,residual,0,x_passive,residual_passive_rvo_mpc,7,19
four_way_stop,density_v4_interaction_tiers,rvo_multistep_density_v1,main,fixed,4,14748,plain_candidate,medium,0.05,0.1,neighbor_gaussian_v1,18393744692515548142,11.0,11.0,121.0,0.03305785123966942,30.25,y,x,11.0,0.36363636363636365,0.664186954498291,0.7091164588928223,0,0,0,0,0,6.745625019073486,1,0,0,0,0.6754388809204102,12.48,104,0.10851651430130005,0.2965589165687561,0.9886729056015611,10.625857015606016,0.9435643824623324,0.5546761126525503,0.20315576889865603,0.18701923076923077,0.15384615384615385,0.9627961847186091,1.1168546498079712,1.2096424462961464,2.4257118610063424,0.4182692307692308,plain,1,x_intent,icgp_rvo_mpc,7,19
four_way_stop,density_v4_interaction_tiers,rvo_multistep_density_v1,main,fixed,4,14748,plain_zero,medium,0.05,0.1,neighbor_gaussian_v1,18393744692515548142,11.0,11.0,121.0,0.03305785123966942,30.25,y,x,11.0,0.36363636363636365,0.664186954498291,0.7091164588928223,0,0,0,0,0,6.745625019073486,1,0,0,0,0.7578381299972534,11.28,94,0.1623443365097046,0.3535037934780121,0.9830542877316475,10.38507923972793,1.00466624916868,0.5640813094186596,0.19622127636350653,0.13617021276595745,0.09308510638297872,0.9305456082641762,1.0095915833694187,1.1009391545940272,2.255005116741708,0.425531914893617,plain,0,x_passive,passive_rvo_mpc,7,19
four_way_stop,density_v4_interaction_tiers,rvo_multistep_density_v1,main,fixed,4,14748,residual_candidate,medium,0.05,0.1,neighbor_gaussian_v1,18393744692515548142,11.0,11.0,121.0,0.03305785123966942,30.25,y,x,11.0,0.36363636363636365,0.664186954498291,0.7091164588928223,0,0,0,0,0,6.745625019073486,1,0,0,0,0.6874871850013733,11.52,96,0.10869643837213516,0.28260812163352966,0.9886541245505214,10.466492361621931,0.8601085777045228,0.49810234596557956,0.29215729227871634,0.0953125,0.06770833333333333,1.2213150885161788,1.367633872684091,1.4675418354446688,2.396665432353814,0.421875,residual,1,x_intent,icgp_rvo_mpc,7,19
four_way_stop,density_v4_interaction_tiers,rvo_multistep_density_v1,main,fixed,4,14748,residual_zero,medium,0.05,0.1,neighbor_gaussian_v1,18393744692515548142,11.0,11.0,121.0,0.03305785123966942,30.25,y,x,11.0,0.36363636363636365,0.664186954498291,0.7091164588928223,0,0,0,0,0,6.745625019073486,1,0,0,0,0.7857651710510254,11.76,98,0.11479099094867706,0.310788631439209,0.9880179669708014,10.53674064995721,0.8712344238349256,0.49127333649351473,0.28346173423081067,0.09489795918367347,0.07653061224489796,1.250841643066925,1.3346065388589492,1.4232834149623406,2.4102070209262325,0.41836734693877553,residual,0,x_passive,residual_passive_rvo_mpc,7,19
four_way_stop,density_v4_interaction_tiers,rvo_multistep_density_v1,main,fixed,4,14748,plain_candidate,high,0.1,0.2,neighbor_gaussian_v1,8546449447600943541,11.0,11.0,121.0,0.03305785123966942,30.25,y,x,11.0,0.36363636363636365,0.664186954498291,0.7091164588928223,0,0,0,0,0,6.745625019073486,1,0,0,0,0.8045077323913574,10.2,85,0.13739746809005737,0.3497489392757416,0.9856582740321755,10.115700338967144,0.8260707170428598,0.523326812448102,0.22580470472081182,0.15176470588235294,0.047058823529411764,0.9063467561344015,1.0579671044034118,1.143092712970341,2.5433276789503942,0.4176470588235294,plain,1,x_intent,icgp_rvo_mpc,7,19
four_way_stop,density_v4_interaction_tiers,rvo_multistep_density_v1,main,fixed,4,14748,plain_zero,high,0.1,0.2,neighbor_gaussian_v1,8546449447600943541,11.0,11.0,121.0,0.03305785123966942,30.25,y,x,11.0,0.36363636363636365,0.664186954498291,0.7091164588928223,0,0,0,0,0,6.745625019073486,1,0,0,0,0.8179981708526611,10.44,87,0.13775783777236938,0.3508444130420685,0.9856206579133868,10.16854212549515,0.9154671658173033,0.6363479030395753,0.21641321922518614,0.1724137931034483,0.11781609195402298,0.9615942350100599,1.0496673091158444,1.1218524013040054,2.483389042770041,0.46264367816091956,plain,0,x_passive,passive_rvo_mpc,7,19
four_way_stop,density_v4_interaction_tiers,rvo_multistep_density_v1,main,fixed,4,14748,residual_candidate,high,0.1,0.2,neighbor_gaussian_v1,8546449447600943541,11.0,11.0,121.0,0.03305785123966942,30.25,y,x,11.0,0.36363636363636365,0.664186954498291,0.7091164588928223,0,0,0,0,0,6.745625019073486,1,0,0,0,0.8182222843170166,10.559999999999999,88,0.1464114785194397,0.3476736843585968,0.9847173802554607,10.17310551169794,0.8389969182714015,0.5802924366373773,0.29774772718321235,0.1380681818181818,0.09659090909090909,1.2019907820161264,1.355850253590298,1.4030168390892108,2.6104407178170304,0.3494318181818182,residual,1,x_intent,icgp_rvo_mpc,7,19
four_way_stop,density_v4_interaction_tiers,rvo_multistep_density_v1,main,fixed,4,14748,residual_zero,high,0.1,0.2,neighbor_gaussian_v1,8546449447600943541,11.0,11.0,121.0,0.03305785123966942,30.25,y,x,11.0,0.36363636363636365,0.664186954498291,0.7091164588928223,0,0,0,0,0,6.745625019073486,1,0,0,0,0.8513019680976868,10.44,87,0.14681559801101685,0.3664582669734955,0.9846751969307661,10.185248750494793,0.884921950951818,0.5614335791135178,0.28564252749476154,0.16091954022988506,0.13505747126436782,1.288115759960793,1.3773629961496798,1.413855072306148,2.5943772462489965,0.3793103448275862,residual,0,x_passive,residual_passive_rvo_mpc,7,19
four_way_stop,density_v4_interaction_tiers,rvo_multistep_density_v1,main,fixed,8,18748,plain_candidate,clean,0.0,0.0,neighbor_gaussian_v1,5325471885372136090,11.0,11.0,121.0,0.06611570247933884,15.125,y,x,11.0,0.7272727272727273,0.6548261642456055,0.6524653434753418,0,0,0,0,0,1.3487517833709717,0,0,0,0,0.637768566608429,26.4,220,0.23183947801589966,0.9550952315330505,0.9758794270455837,12.688055912429263,0.6939261713496473,0.6415902811610563,0.10981380675564817,0.29545454545454547,0.21079545454545454,0.19318398507163784,0.3412373488912868,0.3646174238461325,1.172805766534399,0.5721590909090909,plain,1,x_intent,icgp_rvo_mpc,7,19
four_way_stop,density_v4_interaction_tiers,rvo_multistep_density_v1,main,fixed,8,18748,plain_zero,clean,0.0,0.0,neighbor_gaussian_v1,5325471885372136090,11.0,11.0,121.0,0.06611570247933884,15.125,y,x,11.0,0.7272727272727273,0.6548261642456055,0.6524653434753418,0,0,0,0,0,1.3487517833709717,1,0,0,0,0.6290888786315918,24.599999999999998,205,0.1557045876979828,0.37486037611961365,0.9838004987686872,12.442636245712492,0.8607040080552063,0.7937705886703575,0.12251749981149304,0.29329268292682925,0.2426829268292683,0.24729452382864028,0.33388502770943984,0.35793164262093796,1.0504895332455637,0.6085365853658536,plain,0,x_passive,passive_rvo_mpc,7,19
four_way_stop,density_v4_interaction_tiers,rvo_multistep_density_v1,main,fixed,8,18748,residual_candidate,clean,0.0,0.0,neighbor_gaussian_v1,5325471885372136090,11.0,11.0,121.0,0.06611570247933884,15.125,y,x,11.0,0.7272727272727273,0.6548261642456055,0.6524653434753418,0,0,0,0,0,1.3487517833709717,1,0,0,0,0.6267144680023193,14.879999999999999,124,0.14100784063339233,0.35582712292671204,0.9853295488283038,11.312929537743912,0.8911871888807171,0.6931577852360093,0.13571955599716953,0.30866935483870966,0.21471774193548387,0.18423583194168455,0.35703703856846747,0.3977086566229382,1.0217459502876287,0.5685483870967742,residual,1,x_intent,icgp_rvo_mpc,7,19
four_way_stop,density_v4_interaction_tiers,rvo_multistep_density_v1,main,fixed,8,18748,residual_zero,clean,0.0,0.0,neighbor_gaussian_v1,5325471885372136090,11.0,11.0,121.0,0.06611570247933884,15.125,y,x,11.0,0.7272727272727273,0.6548261642456055,0.6524653434753418,0,0,0,0,0,1.3487517833709717,1,0,0,0,0.7020794153213501,16.919999999999998,141,0.15887194871902466,0.36749187111854553,0.9834709670394659,11.990417479959433,0.9084224323114605,0.6542405153340694,0.13932331527314143,0.33067375886524825,0.2721631205673759,0.24831170622071963,0.347394904985839,0.4070343349896477,1.0748692184496433,0.5638297872340425,residual,0,x_passive,residual_passive_rvo_mpc,7,19
four_way_stop,density_v4_interaction_tiers,rvo_multistep_density_v1,main,fixed,8,18748,plain_candidate,low,0.02,0.04,neighbor_gaussian_v1,11581001654144383140,11.0,11.0,121.0,0.06611570247933884,15.125,y,x,11.0,0.7272727272727273,0.6548261642456055,0.6524653434753418,0,0,0,0,0,1.3487517833709717,1,0,0,0,0.6472590565681458,13.92,116,0.17813816666603088,0.3411281704902649,0.9814665112644434,10.692584319709567,1.019527936161592,0.7450582711026073,0.11610915937816227,0.4219827586206897,0.32435344827586204,0.048011268341094926,0.22233364567545988,0.25896402150007164,0.9928564039437936,0.5689655172413793,plain,1,x_intent,icgp_rvo_mpc,7,19
four_way_stop,density_v4_interaction_tiers,rvo_multistep_density_v1,main,fixed,8,18748,plain_zero,low,0.02,0.04,neighbor_gaussian_v1,11581001654144383140,11.0,11.0,121.0,0.06611570247933884,15.125,y,x,11.0,0.7272727272727273,0.6548261642456055,0.6524653434753418,0,0,0,0,0,1.3487517833709717,1,0,0,0,0.653560221195221,22.56,188,0.15637290477752686,0.3761771321296692,0.9837309680879116,12.169124537183961,0.876468170830544,0.7682525079419955,0.13471323124596235,0.2648936170212766,0.2154255319148936,0.26625702956212105,0.3575630392644436,0.38635279176429793,1.0971845626878611,0.5970744680851063,plain,0,x_passive,passive_rvo_mpc,7,19
four_way_stop,density_v4_interaction_tiers,rvo_multistep_density_v1,main,fixed,8,18748,residual_candidate,low,0.02,0.04,neighbor_gaussian_v1,11581001654144383140,11.0,11.0,121.0,0.06611570247933884,15.125,y,x,11.0,0.7272727272727273,0.6548261642456055,0.6524653434753418,0,0,0,0,0,1.3487517833709717,1,0,0,0,0.6600228548049927,16.8,140,0.19336453080177307,0.3605641722679138,0.9798823595046997,11.366367433802225,0.9189044071228376,0.774483535678259,0.1504670535983418,0.32785714285714285,0.22589285714285715,0.19777013365249987,0.3526407765676933,0.41333017643807196,0.980855193233916,0.5678571428571428,residual,1,x_intent,icgp_rvo_mpc,7,19
four_way_stop,density_v4_interaction_tiers,rvo_multistep_density_v1,main,fixed,8,18748,residual_zero,low,0.02,0.04,neighbor_gaussian_v1,11581001654144383140,11.0,11.0,121.0,0.06611570247933884,15.125,y,x,11.0,0.7272727272727273,0.6548261642456055,0.6524653434753418,0,0,0,0,0,1.3487517833709717,1,0,0,0,0.6276808977127075,12.959999999999999,108,0.1379290521144867,0.3556816875934601,0.9856498651206493,10.731405389757128,0.9261053199017489,0.6742128522169811,0.16095844855751945,0.32685185185185184,0.26851851851851855,0.2170548536483613,0.31716340600167997,0.34687738519955297,1.1038805847932347,0.5659722222222222,residual,0,x_passive,residual_passive_rvo_mpc,7,19
four_way_stop,density_v4_interaction_tiers,rvo_multistep_density_v1,main,fixed,8,18748,plain_candidate,medium,0.05,0.1,neighbor_gaussian_v1,7992725872668685885,11.0,11.0,121.0,0.06611570247933884,15.125,y,x,11.0,0.7272727272727273,0.6548261642456055,0.6524653434753418,0,0,0,0,0,1.3487517833709717,1,0,0,0,0.7328457236289978,13.08,109,0.15944720804691315,0.3393218219280243,0.9834111165255308,10.729458115121815,0.9994939278230208,0.8324837009294317,0.14293841784552952,0.31903669724770645,0.23738532110091742,0.12444614986572931,0.2688636396591202,0.2994131018944222,1.0229427133309188,0.6318807339449541,plain,1,x_intent,icgp_rvo_mpc,7,19
four_way_stop,density_v4_interaction_tiers,rvo_multistep_density_v1,main,fixed,8,18748,plain_zero,medium,0.05,0.1,neighbor_gaussian_v1,7992725872668685885,11.0,11.0,121.0,0.06611570247933884,15.125,y,x,11.0,0.7272727272727273,0.6548261642456055,0.6524653434753418,0,0,0,0,0,1.3487517833709717,1,0,0,0,0.6021096706390381,24.96,208,0.15293826162815094,0.3735986053943634,0.9840883072465658,12.890056628096318,0.8924994049593806,0.856730785399962,0.125160696720391,0.3078125,0.24519230769230768,0.22441642230186315,0.321761337546184,0.3480370553427986,1.0623466605148637,0.5799278846153846,plain,0,x_passive,passive_rvo_mpc,7,19
four_way_stop,density_v4_interaction_tiers,rvo_multistep_density_v1,main,fixed,8,18748,residual_candidate,medium,0.05,0.1,neighbor_gaussian_v1,7992725872668685885,11.0,11.0,121.0,0.06611570247933884,15.125,y,x,11.0,0.7272727272727273,0.6548261642456055,0.6524653434753418,0,0,0,0,0,1.3487517833709717,1,0,0,0,0.6755412817001343,16.919999999999998,141,0.18102386593818665,0.37461504340171814,0.9811662826687098,11.88905662358593,1.0658294148743153,0.9341963406467269,0.1124410457819938,0.3099290780141844,0.20567375886524822,0.19530844808860803,0.3504407986464864,0.424317448104844,0.9764793819590664,0.6329787234042553,residual,1,x_intent,icgp_rvo_mpc,7,19
four_way_stop,density_v4_interaction_tiers,rvo_multistep_density_v1,main,fixed,8,18748,residual_zero,medium,0.05,0.1,neighbor_gaussian_v1,7992725872668685885,11.0,11.0,121.0,0.06611570247933884,15.125,y,x,11.0,0.7272727272727273,0.6548261642456055,0.6524653434753418,0,0,0,0,0,1.3487517833709717,1,0,0,0,0.743935763835907,13.92,116,0.16208630800247192,0.3773496150970459,0.9831365458667278,11.065709760747268,1.0215608035695964,0.8259176099351768,0.10351487040240719,0.30431034482758623,0.2521551724137931,0.24334485976559372,0.3401891137298262,0.38346067767702696,0.99074994516013,0.6454741379310345,residual,0,x_passive,residual_passive_rvo_mpc,7,19
four_way_stop,density_v4_interaction_tiers,rvo_multistep_density_v1,main,fixed,8,18748,plain_candidate,high,0.1,0.2,neighbor_gaussian_v1,12446868559418127464,11.0,11.0,121.0,0.06611570247933884,15.125,y,x,11.0,0.7272727272727273,0.6548261642456055,0.6524653434753418,0,0,0,0,0,1.3487517833709717,1,0,0,0,0.6707332730293274,16.08,134,0.1517781913280487,0.37167850136756897,0.9842090010643005,11.254189240797132,1.0783434941141463,0.9655792672020286,0.07774048496155875,0.3694029850746269,0.2583955223880597,0.1170909239852683,0.27064527219300394,0.31167842838134785,1.0751654986381087,0.5615671641791045,plain,1,x_intent,icgp_rvo_mpc,7,19
four_way_stop,density_v4_interaction_tiers,rvo_multistep_density_v1,main,fixed,8,18748,plain_zero,high,0.1,0.2,neighbor_gaussian_v1,12446868559418127464,11.0,11.0,121.0,0.06611570247933884,15.125,y,x,11.0,0.7272727272727273,0.6548261642456055,0.6524653434753418,0,0,0,0,0,1.3487517833709717,1,0,0,0,0.7154693603515625,18.96,158,0.13011226058006287,0.35038742423057556,0.9864631239324808,11.844094808126101,1.1356391753011112,0.9973827446751957,0.07719873426566078,0.3352848101265823,0.2745253164556962,0.18325660228337268,0.289941138164435,0.33824914082083146,1.0133029131723357,0.5712025316455697,plain,0,x_passive,passive_rvo_mpc,7,19
four_way_stop,density_v4_interaction_tiers,rvo_multistep_density_v1,main,fixed,8,18748,residual_candidate,high,0.1,0.2,neighbor_gaussian_v1,12446868559418127464,11.0,11.0,121.0,0.06611570247933884,15.125,y,x,11.0,0.7272727272727273,0.6548261642456055,0.6524653434753418,0,0,0,0,0,1.3487517833709717,1,0,0,0,0.7048220038414001,15.0,125,0.17205920815467834,0.3655419647693634,0.9820989649742842,11.06551745240722,1.1412897593080997,1.0080143075585366,0.0994529994786717,0.3298,0.25,0.14767639317549772,0.2991803929358722,0.34454373677074923,0.9181064200401309,0.617,residual,1,x_intent,icgp_rvo_mpc,7,19
four_way_stop,density_v4_interaction_tiers,rvo_multistep_density_v1,main,fixed,8,18748,residual_zero,high,0.1,0.2,neighbor_gaussian_v1,12446868559418127464,11.0,11.0,121.0,0.06611570247933884,15.125,y,x,11.0,0.7272727272727273,0.6548261642456055,0.6524653434753418,0,0,0,0,0,1.3487517833709717,1,0,0,0,0.7235872745513916,20.88,174,0.15585988759994507,0.34635627269744873,0.9837843421846628,12.51201494163979,1.0475253312923443,0.9515365896339731,0.11049669519288936,0.29583333333333334,0.22772988505747127,0.2923793147782656,0.38954229462056844,0.4650961059149912,1.0790992498038146,0.569683908045977,residual,0,x_passive,residual_passive_rvo_mpc,7,19
