noise_level,scenario,robots,seed_index,contrast,metric,direction,residual_conditioning_effect,plain_conditioning_effect,interaction_delta
clean,corridor,4,0,residual_conditioning_minus_plain_conditioning,collision,interaction,0.0,0.0,0.0
clean,corridor,4,0,residual_conditioning_minus_plain_conditioning,safety_violation,interaction,0.0,1.0,-1.0
clean,corridor,4,0,residual_conditioning_minus_plain_conditioning,success,interaction,0.0,0.0,0.0
clean,corridor,4,0,residual_conditioning_minus_plain_conditioning,progress_ratio,interaction,0.0020815450698138394,-0.0002642078325152397,0.002345752902329079
clean,corridor,4,0,residual_conditioning_minus_plain_conditioning,final_goal_distance,interaction,-0.021281346678733798,0.002701207995414706,-0.023982554674148504
clean,corridor,4,0,residual_conditioning_minus_plain_conditioning,completion_time,interaction,-0.35999999999999943,1.08,-1.4399999999999995
clean,corridor,4,0,residual_conditioning_minus_plain_conditioning,min_distance,interaction,-0.02122974395751953,-0.15512323379516602,0.13389348983764648
low,corridor,4,0,residual_conditioning_minus_plain_conditioning,collision,interaction,0.0,0.0,0.0
low,corridor,4,0,residual_conditioning_minus_plain_conditioning,safety_violation,interaction,0.0,1.0,-1.0
low,corridor,4,0,residual_conditioning_minus_plain_conditioning,success,interaction,0.0,0.0,0.0
low,corridor,4,0,residual_conditioning_minus_plain_conditioning,progress_ratio,interaction,-0.001544823870062828,0.003010844811797031,-0.004555668681859859
low,corridor,4,0,residual_conditioning_minus_plain_conditioning,final_goal_distance,interaction,0.015794001519679995,-0.030782334506511716,0.04657633602619171
low,corridor,4,0,residual_conditioning_minus_plain_conditioning,completion_time,interaction,0.120000000000001,0.6000000000000014,-0.4800000000000004
low,corridor,4,0,residual_conditioning_minus_plain_conditioning,min_distance,interaction,-0.08934104442596436,-0.15751856565475464,0.06817752122879028
medium,corridor,4,0,residual_conditioning_minus_plain_conditioning,collision,interaction,0.0,0.0,0.0
medium,corridor,4,0,residual_conditioning_minus_plain_conditioning,safety_violation,interaction,0.0,0.0,0.0
medium,corridor,4,0,residual_conditioning_minus_plain_conditioning,success,interaction,0.0,0.0,0.0
medium,corridor,4,0,residual_conditioning_minus_plain_conditioning,progress_ratio,interaction,-0.001887613907456398,0.0020019616931675754,-0.0038895756006239735
medium,corridor,4,0,residual_conditioning_minus_plain_conditioning,final_goal_distance,interaction,0.0192986279726029,-0.02046770602464669,0.03976633399724959
medium,corridor,4,0,residual_conditioning_minus_plain_conditioning,completion_time,interaction,-2.880000000000001,0.3600000000000012,-3.240000000000002
medium,corridor,4,0,residual_conditioning_minus_plain_conditioning,min_distance,interaction,-0.032957613468170166,0.048686444759368896,-0.08164405822753906
high,corridor,4,0,residual_conditioning_minus_plain_conditioning,collision,interaction,0.0,0.0,0.0
high,corridor,4,0,residual_conditioning_minus_plain_conditioning,safety_violation,interaction,0.0,-1.0,1.0
high,corridor,4,0,residual_conditioning_minus_plain_conditioning,success,interaction,0.0,0.0,0.0
high,corridor,4,0,residual_conditioning_minus_plain_conditioning,progress_ratio,interaction,0.0011237524449825287,0.004459843039512634,-0.0033360905945301056
high,corridor,4,0,residual_conditioning_minus_plain_conditioning,final_goal_distance,interaction,-0.0114890411496162,-0.045596644282341,0.034107603132724804
high,corridor,4,0,residual_conditioning_minus_plain_conditioning,completion_time,interaction,0.2400000000000002,-0.8399999999999999,1.08
high,corridor,4,0,residual_conditioning_minus_plain_conditioning,min_distance,interaction,0.02213001251220703,0.282739520072937,-0.26060950756073
clean,corridor,8,0,residual_conditioning_minus_plain_conditioning,collision,interaction,0.0,0.0,0.0
clean,corridor,8,0,residual_conditioning_minus_plain_conditioning,safety_violation,interaction,0.0,0.0,0.0
clean,corridor,8,0,residual_conditioning_minus_plain_conditioning,success,interaction,0.0,0.0,0.0
clean,corridor,8,0,residual_conditioning_minus_plain_conditioning,progress_ratio,interaction,-0.0029596388339995228,0.0023224353790284313,-0.005282074213027954
clean,corridor,8,0,residual_conditioning_minus_plain_conditioning,final_goal_distance,interaction,0.029965102672576904,-0.02351367473602295,0.053478777408599854
clean,corridor,8,0,residual_conditioning_minus_plain_conditioning,completion_time,interaction,0.0,0.0,0.0
clean,corridor,8,0,residual_conditioning_minus_plain_conditioning,min_distance,interaction,-0.01741892099380493,0.033933401107788086,-0.05135232210159302
low,corridor,8,0,residual_conditioning_minus_plain_conditioning,collision,interaction,0.0,0.0,0.0
low,corridor,8,0,residual_conditioning_minus_plain_conditioning,safety_violation,interaction,0.0,0.0,0.0
low,corridor,8,0,residual_conditioning_minus_plain_conditioning,success,interaction,0.0,0.0,0.0
low,corridor,8,0,residual_conditioning_minus_plain_conditioning,progress_ratio,interaction,-0.009775497019291035,0.003054935485124588,-0.012830432504415623
low,corridor,8,0,residual_conditioning_minus_plain_conditioning,final_goal_distance,interaction,0.09897267818450928,-0.030929923057556152,0.12990260124206543
low,corridor,8,0,residual_conditioning_minus_plain_conditioning,completion_time,interaction,0.0,0.0,0.0
low,corridor,8,0,residual_conditioning_minus_plain_conditioning,min_distance,interaction,0.10834580659866333,-0.138852059841156,0.24719786643981934
medium,corridor,8,0,residual_conditioning_minus_plain_conditioning,collision,interaction,0.0,0.0,0.0
medium,corridor,8,0,residual_conditioning_minus_plain_conditioning,safety_violation,interaction,0.0,0.0,0.0
medium,corridor,8,0,residual_conditioning_minus_plain_conditioning,success,interaction,0.0,0.0,0.0
medium,corridor,8,0,residual_conditioning_minus_plain_conditioning,progress_ratio,interaction,0.0020987391471861683,-0.0033964961767197765,0.005495235323905945
medium,corridor,8,0,residual_conditioning_minus_plain_conditioning,final_goal_distance,interaction,-0.021248817443847656,0.034388065338134766,-0.05563688278198242
medium,corridor,8,0,residual_conditioning_minus_plain_conditioning,completion_time,interaction,0.0,0.0,0.0
medium,corridor,8,0,residual_conditioning_minus_plain_conditioning,min_distance,interaction,0.008243918418884277,0.0702594518661499,-0.062015533447265625
high,corridor,8,0,residual_conditioning_minus_plain_conditioning,collision,interaction,1.0,0.0,1.0
high,corridor,8,0,residual_conditioning_minus_plain_conditioning,safety_violation,interaction,1.0,0.0,1.0
high,corridor,8,0,residual_conditioning_minus_plain_conditioning,success,interaction,0.0,0.0,0.0
high,corridor,8,0,residual_conditioning_minus_plain_conditioning,progress_ratio,interaction,-0.001291867345571407,-0.002252340316772572,0.000960472971201165
high,corridor,8,0,residual_conditioning_minus_plain_conditioning,final_goal_distance,interaction,0.013079583644866943,0.02280402183532715,-0.009724438190460205
high,corridor,8,0,residual_conditioning_minus_plain_conditioning,completion_time,interaction,0.0,0.0,0.0
high,corridor,8,0,residual_conditioning_minus_plain_conditioning,min_distance,interaction,-0.294071763753891,0.06748014688491821,-0.3615519106388092
clean,narrow_gate,4,0,residual_conditioning_minus_plain_conditioning,collision,interaction,0.0,0.0,0.0
clean,narrow_gate,4,0,residual_conditioning_minus_plain_conditioning,safety_violation,interaction,0.0,0.0,0.0
clean,narrow_gate,4,0,residual_conditioning_minus_plain_conditioning,success,interaction,-1.0,0.0,-1.0
clean,narrow_gate,4,0,residual_conditioning_minus_plain_conditioning,progress_ratio,interaction,-0.15667643491178762,-0.20979851484298706,0.05312207993119944
clean,narrow_gate,4,0,residual_conditioning_minus_plain_conditioning,final_goal_distance,interaction,1.6606177166104317,2.223660230636597,-0.5630425140261655
clean,narrow_gate,4,0,residual_conditioning_minus_plain_conditioning,completion_time,interaction,9.0,0.0,9.0
clean,narrow_gate,4,0,residual_conditioning_minus_plain_conditioning,min_distance,interaction,0.06727634963036955,-0.07612699270248413,0.14340334233285368
low,narrow_gate,4,0,residual_conditioning_minus_plain_conditioning,collision,interaction,0.0,0.0,0.0
low,narrow_gate,4,0,residual_conditioning_minus_plain_conditioning,safety_violation,interaction,0.0,0.0,0.0
low,narrow_gate,4,0,residual_conditioning_minus_plain_conditioning,success,interaction,0.0,0.0,0.0
low,narrow_gate,4,0,residual_conditioning_minus_plain_conditioning,progress_ratio,interaction,0.0018862774595619358,-0.21828967332839966,0.2201759507879616
low,narrow_gate,4,0,residual_conditioning_minus_plain_conditioning,final_goal_distance,interaction,-0.019992709159851005,2.313658118247986,-2.333650827407837
low,narrow_gate,4,0,residual_conditioning_minus_plain_conditioning,completion_time,interaction,-2.639999999999999,0.0,-2.639999999999999
low,narrow_gate,4,0,residual_conditioning_minus_plain_conditioning,min_distance,interaction,0.0,0.09382271752579274,-0.09382271752579274
medium,narrow_gate,4,0,residual_conditioning_minus_plain_conditioning,collision,interaction,0.0,0.0,0.0
medium,narrow_gate,4,0,residual_conditioning_minus_plain_conditioning,safety_violation,interaction,0.0,0.0,0.0
medium,narrow_gate,4,0,residual_conditioning_minus_plain_conditioning,success,interaction,0.0,0.0,0.0
medium,narrow_gate,4,0,residual_conditioning_minus_plain_conditioning,progress_ratio,interaction,-0.0014954805374145508,-0.016077429056167603,0.014581948518753052
medium,narrow_gate,4,0,residual_conditioning_minus_plain_conditioning,final_goal_distance,interaction,0.015850543975830078,0.17040514945983887,-0.1545546054840088
medium,narrow_gate,4,0,residual_conditioning_minus_plain_conditioning,completion_time,interaction,0.0,0.0,0.0
medium,narrow_gate,4,0,residual_conditioning_minus_plain_conditioning,min_distance,interaction,0.0,-0.07789077210037887,0.07789077210037887
high,narrow_gate,4,0,residual_conditioning_minus_plain_conditioning,collision,interaction,0.0,0.0,0.0
high,narrow_gate,4,0,residual_conditioning_minus_plain_conditioning,safety_violation,interaction,0.0,0.0,0.0
high,narrow_gate,4,0,residual_conditioning_minus_plain_conditioning,success,interaction,1.0,-1.0,2.0
high,narrow_gate,4,0,residual_conditioning_minus_plain_conditioning,progress_ratio,interaction,0.15069447085261334,-0.00312660075724136,0.1538210716098547
high,narrow_gate,4,0,residual_conditioning_minus_plain_conditioning,final_goal_distance,interaction,-1.597214788198471,0.033138930797576904,-1.630353718996048
high,narrow_gate,4,0,residual_conditioning_minus_plain_conditioning,completion_time,interaction,-8.04,3.2399999999999984,-11.279999999999998
high,narrow_gate,4,0,residual_conditioning_minus_plain_conditioning,min_distance,interaction,-0.023067039563326563,-0.08076208829879761,0.057695048735471044
clean,narrow_gate,8,0,residual_conditioning_minus_plain_conditioning,collision,interaction,0.0,0.0,0.0
clean,narrow_gate,8,0,residual_conditioning_minus_plain_conditioning,safety_violation,interaction,0.0,0.0,0.0
clean,narrow_gate,8,0,residual_conditioning_minus_plain_conditioning,success,interaction,0.0,0.0,0.0
clean,narrow_gate,8,0,residual_conditioning_minus_plain_conditioning,progress_ratio,interaction,-0.039997875690460205,-0.037222445011138916,-0.002775430679321289
clean,narrow_gate,8,0,residual_conditioning_minus_plain_conditioning,final_goal_distance,interaction,0.41547155380249023,0.3866423368453975,0.02882921695709273
clean,narrow_gate,8,0,residual_conditioning_minus_plain_conditioning,completion_time,interaction,0.0,0.0,0.0
clean,narrow_gate,8,0,residual_conditioning_minus_plain_conditioning,min_distance,interaction,-0.029284954071044922,-0.06416177749633789,0.03487682342529297
low,narrow_gate,8,0,residual_conditioning_minus_plain_conditioning,collision,interaction,0.0,0.0,0.0
low,narrow_gate,8,0,residual_conditioning_minus_plain_conditioning,safety_violation,interaction,0.0,0.0,0.0
low,narrow_gate,8,0,residual_conditioning_minus_plain_conditioning,success,interaction,0.0,0.0,0.0
low,narrow_gate,8,0,residual_conditioning_minus_plain_conditioning,progress_ratio,interaction,-0.09753411263227463,-0.3263704776763915,0.22883636504411686
low,narrow_gate,8,0,residual_conditioning_minus_plain_conditioning,final_goal_distance,interaction,1.013120174407959,3.3901220560073853,-2.3770018815994263
low,narrow_gate,8,0,residual_conditioning_minus_plain_conditioning,completion_time,interaction,0.0,0.0,0.0
low,narrow_gate,8,0,residual_conditioning_minus_plain_conditioning,min_distance,interaction,-0.12389683723449707,0.07590609788894653,-0.1998029351234436
medium,narrow_gate,8,0,residual_conditioning_minus_plain_conditioning,collision,interaction,0.0,0.0,0.0
medium,narrow_gate,8,0,residual_conditioning_minus_plain_conditioning,safety_violation,interaction,0.0,0.0,0.0
medium,narrow_gate,8,0,residual_conditioning_minus_plain_conditioning,success,interaction,0.0,0.0,0.0
medium,narrow_gate,8,0,residual_conditioning_minus_plain_conditioning,progress_ratio,interaction,0.14979879558086395,0.041963592171669006,0.10783520340919495
medium,narrow_gate,8,0,residual_conditioning_minus_plain_conditioning,final_goal_distance,interaction,-1.5560113191604619,-0.43589019775390625,-1.1201211214065556
medium,narrow_gate,8,0,residual_conditioning_minus_plain_conditioning,completion_time,interaction,0.0,0.0,0.0
medium,narrow_gate,8,0,residual_conditioning_minus_plain_conditioning,min_distance,interaction,-0.15208685398101807,-0.09961515665054321,-0.052471697330474854
high,narrow_gate,8,0,residual_conditioning_minus_plain_conditioning,collision,interaction,0.0,0.0,0.0
high,narrow_gate,8,0,residual_conditioning_minus_plain_conditioning,safety_violation,interaction,0.0,0.0,0.0
high,narrow_gate,8,0,residual_conditioning_minus_plain_conditioning,success,interaction,0.0,0.0,0.0
high,narrow_gate,8,0,residual_conditioning_minus_plain_conditioning,progress_ratio,interaction,-0.011938348412513733,-0.045351237058639526,0.03341288864612579
high,narrow_gate,8,0,residual_conditioning_minus_plain_conditioning,final_goal_distance,interaction,0.12400782108306907,0.47107887268066406,-0.347071051597595
high,narrow_gate,8,0,residual_conditioning_minus_plain_conditioning,completion_time,interaction,0.0,0.0,0.0
high,narrow_gate,8,0,residual_conditioning_minus_plain_conditioning,min_distance,interaction,0.08453094959259033,-0.13972395658493042,0.22425490617752075
clean,merge_bottleneck,4,0,residual_conditioning_minus_plain_conditioning,collision,interaction,0.0,0.0,0.0
clean,merge_bottleneck,4,0,residual_conditioning_minus_plain_conditioning,safety_violation,interaction,0.0,0.0,0.0
clean,merge_bottleneck,4,0,residual_conditioning_minus_plain_conditioning,success,interaction,0.0,0.0,0.0
clean,merge_bottleneck,4,0,residual_conditioning_minus_plain_conditioning,progress_ratio,interaction,0.012493643909692764,0.05757463350892078,-0.045080989599228016
clean,merge_bottleneck,4,0,residual_conditioning_minus_plain_conditioning,final_goal_distance,interaction,-0.1295590102672577,-0.5970485806465149,0.4674895703792572
clean,merge_bottleneck,4,0,residual_conditioning_minus_plain_conditioning,completion_time,interaction,0.0,0.0,0.0
clean,merge_bottleneck,4,0,residual_conditioning_minus_plain_conditioning,min_distance,interaction,-0.248741180896759,0.01998215913772583,-0.26872334003448484
low,merge_bottleneck,4,0,residual_conditioning_minus_plain_conditioning,collision,interaction,0.0,0.0,0.0
low,merge_bottleneck,4,0,residual_conditioning_minus_plain_conditioning,safety_violation,interaction,0.0,0.0,0.0
low,merge_bottleneck,4,0,residual_conditioning_minus_plain_conditioning,success,interaction,0.0,0.0,0.0
low,merge_bottleneck,4,0,residual_conditioning_minus_plain_conditioning,progress_ratio,interaction,-0.008708391338586807,0.007047619670629612,-0.01575601100921642
low,merge_bottleneck,4,0,residual_conditioning_minus_plain_conditioning,final_goal_distance,interaction,0.09030598402023315,-0.07308375835418701,0.16338974237442017
low,merge_bottleneck,4,0,residual_conditioning_minus_plain_conditioning,completion_time,interaction,0.0,0.0,0.0
low,merge_bottleneck,4,0,residual_conditioning_minus_plain_conditioning,min_distance,interaction,0.25955417871475217,-0.24855780601501465,0.5081119847297668
medium,merge_bottleneck,4,0,residual_conditioning_minus_plain_conditioning,collision,interaction,0.0,0.0,0.0
medium,merge_bottleneck,4,0,residual_conditioning_minus_plain_conditioning,safety_violation,interaction,0.0,0.0,0.0
medium,merge_bottleneck,4,0,residual_conditioning_minus_plain_conditioning,success,interaction,0.0,0.0,0.0
medium,merge_bottleneck,4,0,residual_conditioning_minus_plain_conditioning,progress_ratio,interaction,-0.0023429617285728455,0.0014889687299728394,-0.003831930458545685
medium,merge_bottleneck,4,0,residual_conditioning_minus_plain_conditioning,final_goal_distance,interaction,0.02429652214050293,-0.015440583229064941,0.03973710536956787
medium,merge_bottleneck,4,0,residual_conditioning_minus_plain_conditioning,completion_time,interaction,0.0,0.0,0.0
medium,merge_bottleneck,4,0,residual_conditioning_minus_plain_conditioning,min_distance,interaction,-0.1327686083277111,-0.11820919586431144,-0.014559412463399646
high,merge_bottleneck,4,0,residual_conditioning_minus_plain_conditioning,collision,interaction,0.0,0.0,0.0
high,merge_bottleneck,4,0,residual_conditioning_minus_plain_conditioning,safety_violation,interaction,0.0,0.0,0.0
high,merge_bottleneck,4,0,residual_conditioning_minus_plain_conditioning,success,interaction,0.0,0.0,0.0
high,merge_bottleneck,4,0,residual_conditioning_minus_plain_conditioning,progress_ratio,interaction,0.01008477434515942,0.015186019241809956,-0.005101244896650536
high,merge_bottleneck,4,0,residual_conditioning_minus_plain_conditioning,final_goal_distance,interaction,-0.10457903146743774,-0.15747892856597911,0.05289989709854137
high,merge_bottleneck,4,0,residual_conditioning_minus_plain_conditioning,completion_time,interaction,0.0,0.0,0.0
high,merge_bottleneck,4,0,residual_conditioning_minus_plain_conditioning,min_distance,interaction,-1.785809530130411e-05,0.002005173394718951,-0.002023031490020255
clean,merge_bottleneck,8,0,residual_conditioning_minus_plain_conditioning,collision,interaction,0.0,0.0,0.0
clean,merge_bottleneck,8,0,residual_conditioning_minus_plain_conditioning,safety_violation,interaction,1.0,0.0,1.0
clean,merge_bottleneck,8,0,residual_conditioning_minus_plain_conditioning,success,interaction,0.0,0.0,0.0
clean,merge_bottleneck,8,0,residual_conditioning_minus_plain_conditioning,progress_ratio,interaction,-0.007960274815559387,-0.04876820743083954,0.04080793261528015
clean,merge_bottleneck,8,0,residual_conditioning_minus_plain_conditioning,final_goal_distance,interaction,0.08249783515930176,0.5054185390472412,-0.42292070388793945
clean,merge_bottleneck,8,0,residual_conditioning_minus_plain_conditioning,completion_time,interaction,0.0,0.0,0.0
clean,merge_bottleneck,8,0,residual_conditioning_minus_plain_conditioning,min_distance,interaction,-0.08220943808555603,-0.0605846643447876,-0.021624773740768433
low,merge_bottleneck,8,0,residual_conditioning_minus_plain_conditioning,collision,interaction,0.0,0.0,0.0
low,merge_bottleneck,8,0,residual_conditioning_minus_plain_conditioning,safety_violation,interaction,0.0,0.0,0.0
low,merge_bottleneck,8,0,residual_conditioning_minus_plain_conditioning,success,interaction,0.0,0.0,0.0
low,merge_bottleneck,8,0,residual_conditioning_minus_plain_conditioning,progress_ratio,interaction,0.05524551868438721,-0.06024646759033203,0.11549198627471924
low,merge_bottleneck,8,0,residual_conditioning_minus_plain_conditioning,final_goal_distance,interaction,-0.572547435760498,0.6243758201599121,-1.1969232559204102
low,merge_bottleneck,8,0,residual_conditioning_minus_plain_conditioning,completion_time,interaction,0.0,0.0,0.0
low,merge_bottleneck,8,0,residual_conditioning_minus_plain_conditioning,min_distance,interaction,-0.13001203536987305,0.017126142978668213,-0.14713817834854126
medium,merge_bottleneck,8,0,residual_conditioning_minus_plain_conditioning,collision,interaction,0.0,0.0,0.0
medium,merge_bottleneck,8,0,residual_conditioning_minus_plain_conditioning,safety_violation,interaction,0.0,-1.0,1.0
medium,merge_bottleneck,8,0,residual_conditioning_minus_plain_conditioning,success,interaction,0.0,0.0,0.0
medium,merge_bottleneck,8,0,residual_conditioning_minus_plain_conditioning,progress_ratio,interaction,-0.0746854841709137,-0.011691585183143616,-0.06299389898777008
medium,merge_bottleneck,8,0,residual_conditioning_minus_plain_conditioning,final_goal_distance,interaction,0.7740173339843746,0.12116789817810103,0.6528494358062735
medium,merge_bottleneck,8,0,residual_conditioning_minus_plain_conditioning,completion_time,interaction,0.0,0.0,0.0
medium,merge_bottleneck,8,0,residual_conditioning_minus_plain_conditioning,min_distance,interaction,0.029429733753204346,0.04976212978363037,-0.020332396030426025
high,merge_bottleneck,8,0,residual_conditioning_minus_plain_conditioning,collision,interaction,0.0,0.0,0.0
high,merge_bottleneck,8,0,residual_conditioning_minus_plain_conditioning,safety_violation,interaction,0.0,1.0,-1.0
high,merge_bottleneck,8,0,residual_conditioning_minus_plain_conditioning,success,interaction,0.0,0.0,0.0
high,merge_bottleneck,8,0,residual_conditioning_minus_plain_conditioning,progress_ratio,interaction,0.021831393241882324,0.05269564688205719,-0.030864253640174866
high,merge_bottleneck,8,0,residual_conditioning_minus_plain_conditioning,final_goal_distance,interaction,-0.22625398635864258,-0.5461214780807495,0.31986749172210693
high,merge_bottleneck,8,0,residual_conditioning_minus_plain_conditioning,completion_time,interaction,0.0,0.0,0.0
high,merge_bottleneck,8,0,residual_conditioning_minus_plain_conditioning,min_distance,interaction,-0.10410058498382568,-0.059929609298706055,-0.04417097568511963
clean,four_way_stop,4,0,residual_conditioning_minus_plain_conditioning,collision,interaction,0.0,0.0,0.0
clean,four_way_stop,4,0,residual_conditioning_minus_plain_conditioning,safety_violation,interaction,0.0,0.0,0.0
clean,four_way_stop,4,0,residual_conditioning_minus_plain_conditioning,success,interaction,0.0,0.0,0.0
clean,four_way_stop,4,0,residual_conditioning_minus_plain_conditioning,progress_ratio,interaction,-8.571241050958633e-05,0.005538347177207359,-0.005624059587716945
clean,four_way_stop,4,0,residual_conditioning_minus_plain_conditioning,final_goal_distance,interaction,0.0008217170834542015,-0.053096145391464206,0.05391786247491841
clean,four_way_stop,4,0,residual_conditioning_minus_plain_conditioning,completion_time,interaction,4.08,0.2400000000000002,3.84
clean,four_way_stop,4,0,residual_conditioning_minus_plain_conditioning,min_distance,interaction,-0.2957424521446228,-0.01331448554992698,-0.2824279665946958
low,four_way_stop,4,0,residual_conditioning_minus_plain_conditioning,collision,interaction,0.0,0.0,0.0
low,four_way_stop,4,0,residual_conditioning_minus_plain_conditioning,safety_violation,interaction,0.0,0.0,0.0
low,four_way_stop,4,0,residual_conditioning_minus_plain_conditioning,success,interaction,0.0,0.0,0.0
low,four_way_stop,4,0,residual_conditioning_minus_plain_conditioning,progress_ratio,interaction,0.0127433892339468,-0.0014766864478588104,0.01422007568180561
low,four_way_stop,4,0,residual_conditioning_minus_plain_conditioning,final_goal_distance,interaction,-0.1221708953380585,0.014156989753246293,-0.13632788509130478
low,four_way_stop,4,0,residual_conditioning_minus_plain_conditioning,completion_time,interaction,1.3200000000000003,-0.5999999999999996,1.92
low,four_way_stop,4,0,residual_conditioning_minus_plain_conditioning,min_distance,interaction,0.036640048027038796,0.06338083744049083,-0.026740789413452037
medium,four_way_stop,4,0,residual_conditioning_minus_plain_conditioning,collision,interaction,0.0,0.0,0.0
medium,four_way_stop,4,0,residual_conditioning_minus_plain_conditioning,safety_violation,interaction,0.0,0.0,0.0
medium,four_way_stop,4,0,residual_conditioning_minus_plain_conditioning,success,interaction,0.0,0.0,0.0
medium,four_way_stop,4,0,residual_conditioning_minus_plain_conditioning,progress_ratio,interaction,-0.011065928265452385,0.001499486155807972,-0.012565414421260357
medium,four_way_stop,4,0,residual_conditioning_minus_plain_conditioning,final_goal_distance,interaction,0.10608907788991931,-0.0143755823373794,0.12046466022729871
medium,four_way_stop,4,0,residual_conditioning_minus_plain_conditioning,completion_time,interaction,-0.120000000000001,-0.2400000000000002,0.11999999999999922
medium,four_way_stop,4,0,residual_conditioning_minus_plain_conditioning,min_distance,interaction,0.0,-0.023583292961120383,0.023583292961120383
high,four_way_stop,4,0,residual_conditioning_minus_plain_conditioning,collision,interaction,0.0,0.0,0.0
high,four_way_stop,4,0,residual_conditioning_minus_plain_conditioning,safety_violation,interaction,0.0,0.0,0.0
high,four_way_stop,4,0,residual_conditioning_minus_plain_conditioning,success,interaction,0.0,0.0,0.0
high,four_way_stop,4,0,residual_conditioning_minus_plain_conditioning,progress_ratio,interaction,-0.008115943521261215,-0.0018798373639582477,-0.0062361061573029675
high,four_way_stop,4,0,residual_conditioning_minus_plain_conditioning,final_goal_distance,interaction,0.07780757546424868,0.01802200078964232,0.059785574674606365
high,four_way_stop,4,0,residual_conditioning_minus_plain_conditioning,completion_time,interaction,-0.7200000000000006,-0.5999999999999996,-0.120000000000001
high,four_way_stop,4,0,residual_conditioning_minus_plain_conditioning,min_distance,interaction,-0.044036269187927246,0.0,-0.044036269187927246
clean,four_way_stop,8,0,residual_conditioning_minus_plain_conditioning,collision,interaction,0.0,0.0,0.0
clean,four_way_stop,8,0,residual_conditioning_minus_plain_conditioning,safety_violation,interaction,0.0,0.0,0.0
clean,four_way_stop,8,0,residual_conditioning_minus_plain_conditioning,success,interaction,1.0,0.0,1.0
clean,four_way_stop,8,0,residual_conditioning_minus_plain_conditioning,progress_ratio,interaction,0.008615499362349621,0.0013137366622686386,0.007301762700080983
clean,four_way_stop,8,0,residual_conditioning_minus_plain_conditioning,final_goal_distance,interaction,-0.08256463706493378,-0.0125898867845535,-0.06997475028038028
clean,four_way_stop,8,0,residual_conditioning_minus_plain_conditioning,completion_time,interaction,-4.559999999999999,-1.559999999999997,-3.0000000000000018
clean,four_way_stop,8,0,residual_conditioning_minus_plain_conditioning,min_distance,interaction,0.05528908967971802,-0.04070168733596802,0.09599077701568604
low,four_way_stop,8,0,residual_conditioning_minus_plain_conditioning,collision,interaction,0.0,0.0,0.0
low,four_way_stop,8,0,residual_conditioning_minus_plain_conditioning,safety_violation,interaction,0.0,0.0,0.0
low,four_way_stop,8,0,residual_conditioning_minus_plain_conditioning,success,interaction,0.0,0.0,0.0
low,four_way_stop,8,0,residual_conditioning_minus_plain_conditioning,progress_ratio,interaction,0.0012417640537023544,-0.0020260196179151535,0.003267783671617508
low,four_way_stop,8,0,residual_conditioning_minus_plain_conditioning,final_goal_distance,interaction,-0.011900156736373985,0.019415885210037204,-0.03131604194641119
low,four_way_stop,8,0,residual_conditioning_minus_plain_conditioning,completion_time,interaction,6.0,-4.08,10.08
low,four_way_stop,8,0,residual_conditioning_minus_plain_conditioning,min_distance,interaction,-0.005205869674682617,-0.06317675113677979,0.05797088146209717
medium,four_way_stop,8,0,residual_conditioning_minus_plain_conditioning,collision,interaction,0.0,0.0,0.0
medium,four_way_stop,8,0,residual_conditioning_minus_plain_conditioning,safety_violation,interaction,0.0,0.0,0.0
medium,four_way_stop,8,0,residual_conditioning_minus_plain_conditioning,success,interaction,0.0,1.0,-1.0
medium,four_way_stop,8,0,residual_conditioning_minus_plain_conditioning,progress_ratio,interaction,-0.00047187507152557373,0.015569396317005157,-0.01604127138853073
medium,four_way_stop,8,0,residual_conditioning_minus_plain_conditioning,final_goal_distance,interaction,0.004522100090980585,-0.14920568466186532,0.1537277847528459
medium,four_way_stop,8,0,residual_conditioning_minus_plain_conditioning,completion_time,interaction,9.0,-12.239999999999998,21.24
medium,four_way_stop,8,0,residual_conditioning_minus_plain_conditioning,min_distance,interaction,0.01453489065170288,0.12067961692810059,-0.1061447262763977
high,four_way_stop,8,0,residual_conditioning_minus_plain_conditioning,collision,interaction,0.0,0.0,0.0
high,four_way_stop,8,0,residual_conditioning_minus_plain_conditioning,safety_violation,interaction,0.0,0.0,0.0
high,four_way_stop,8,0,residual_conditioning_minus_plain_conditioning,success,interaction,0.0,1.0,-1.0
high,four_way_stop,8,0,residual_conditioning_minus_plain_conditioning,progress_ratio,interaction,0.0002486575394869961,0.009574454277753941,-0.009325796738266945
high,four_way_stop,8,0,residual_conditioning_minus_plain_conditioning,final_goal_distance,interaction,-0.00238294899463648,-0.0917545557022095,0.08937160670757302
high,four_way_stop,8,0,residual_conditioning_minus_plain_conditioning,completion_time,interaction,1.1999999999999993,-11.759999999999998,12.959999999999997
high,four_way_stop,8,0,residual_conditioning_minus_plain_conditioning,min_distance,interaction,0.056965768337249756,0.01468050479888916,0.042285263538360596
clean,corridor,4,1,residual_conditioning_minus_plain_conditioning,collision,interaction,0.0,0.0,0.0
clean,corridor,4,1,residual_conditioning_minus_plain_conditioning,safety_violation,interaction,0.0,0.0,0.0
clean,corridor,4,1,residual_conditioning_minus_plain_conditioning,success,interaction,0.0,0.0,0.0
clean,corridor,4,1,residual_conditioning_minus_plain_conditioning,progress_ratio,interaction,-0.0011933911591768265,-5.4620206356048584e-05,-0.001138770952820778
clean,corridor,4,1,residual_conditioning_minus_plain_conditioning,final_goal_distance,interaction,0.012192368507385282,0.0005580335855484009,0.01163433492183688
clean,corridor,4,1,residual_conditioning_minus_plain_conditioning,completion_time,interaction,-0.2400000000000002,1.3200000000000003,-1.5600000000000005
clean,corridor,4,1,residual_conditioning_minus_plain_conditioning,min_distance,interaction,0.026991307735443115,-0.1370599865913391,0.16405129432678223
low,corridor,4,1,residual_conditioning_minus_plain_conditioning,collision,interaction,0.0,0.0,0.0
low,corridor,4,1,residual_conditioning_minus_plain_conditioning,safety_violation,interaction,0.0,0.0,0.0
low,corridor,4,1,residual_conditioning_minus_plain_conditioning,success,interaction,0.0,0.0,0.0
low,corridor,4,1,residual_conditioning_minus_plain_conditioning,progress_ratio,interaction,-0.0002112174406646572,-0.0026939520612357937,0.0024827346205711365
low,corridor,4,1,residual_conditioning_minus_plain_conditioning,final_goal_distance,interaction,0.0021579191088677008,0.02752295881509781,-0.025365039706230108
low,corridor,4,1,residual_conditioning_minus_plain_conditioning,completion_time,interaction,-0.5999999999999996,-0.47999999999999865,-0.120000000000001
low,corridor,4,1,residual_conditioning_minus_plain_conditioning,min_distance,interaction,0.04291945695877075,-0.08983570337295532,0.13275516033172607
medium,corridor,4,1,residual_conditioning_minus_plain_conditioning,collision,interaction,0.0,0.0,0.0
medium,corridor,4,1,residual_conditioning_minus_plain_conditioning,safety_violation,interaction,0.0,0.0,0.0
medium,corridor,4,1,residual_conditioning_minus_plain_conditioning,success,interaction,0.0,0.0,0.0
medium,corridor,4,1,residual_conditioning_minus_plain_conditioning,progress_ratio,interaction,0.0003701010718939468,0.0066031962633131824,-0.006233095191419236
medium,corridor,4,1,residual_conditioning_minus_plain_conditioning,final_goal_distance,interaction,-0.0037811696529388983,-0.0674620419740677,0.0636808723211288
medium,corridor,4,1,residual_conditioning_minus_plain_conditioning,completion_time,interaction,-1.4400000000000013,1.200000000000001,-2.6400000000000023
medium,corridor,4,1,residual_conditioning_minus_plain_conditioning,min_distance,interaction,-0.1553434133529663,-0.09638667106628418,-0.05895674228668213
high,corridor,4,1,residual_conditioning_minus_plain_conditioning,collision,interaction,0.0,0.0,0.0
high,corridor,4,1,residual_conditioning_minus_plain_conditioning,safety_violation,interaction,0.0,0.0,0.0
high,corridor,4,1,residual_conditioning_minus_plain_conditioning,success,interaction,0.0,0.0,0.0
high,corridor,4,1,residual_conditioning_minus_plain_conditioning,progress_ratio,interaction,0.0027452996000646435,-0.00015562213957320825,0.0029009217396378517
high,corridor,4,1,residual_conditioning_minus_plain_conditioning,final_goal_distance,interaction,-0.02804754674434659,0.0015899240970612127,-0.029637470841407804
high,corridor,4,1,residual_conditioning_minus_plain_conditioning,completion_time,interaction,2.040000000000001,0.4800000000000004,1.5600000000000005
high,corridor,4,1,residual_conditioning_minus_plain_conditioning,min_distance,interaction,0.041245222091674805,-0.002911686897277832,0.04415690898895264
clean,corridor,8,1,residual_conditioning_minus_plain_conditioning,collision,interaction,0.0,0.0,0.0
clean,corridor,8,1,residual_conditioning_minus_plain_conditioning,safety_violation,interaction,0.0,0.0,0.0
clean,corridor,8,1,residual_conditioning_minus_plain_conditioning,success,interaction,0.0,0.0,0.0
clean,corridor,8,1,residual_conditioning_minus_plain_conditioning,progress_ratio,interaction,-0.0060406699776649475,0.008629120886325947,-0.014669790863990895
clean,corridor,8,1,residual_conditioning_minus_plain_conditioning,final_goal_distance,interaction,0.06114304065704346,-0.08734309673309326,0.14848613739013672
clean,corridor,8,1,residual_conditioning_minus_plain_conditioning,completion_time,interaction,0.0,0.0,0.0
clean,corridor,8,1,residual_conditioning_minus_plain_conditioning,min_distance,interaction,-0.055443644523620605,0.0003845691680908203,-0.055828213691711426
low,corridor,8,1,residual_conditioning_minus_plain_conditioning,collision,interaction,0.0,1.0,-1.0
low,corridor,8,1,residual_conditioning_minus_plain_conditioning,safety_violation,interaction,0.0,1.0,-1.0
low,corridor,8,1,residual_conditioning_minus_plain_conditioning,success,interaction,0.0,0.0,0.0
low,corridor,8,1,residual_conditioning_minus_plain_conditioning,progress_ratio,interaction,0.008384600281715171,-0.001971706748008617,0.010356307029723788
low,corridor,8,1,residual_conditioning_minus_plain_conditioning,final_goal_distance,interaction,-0.08486807346343994,0.019957363605499268,-0.10482543706893921
low,corridor,8,1,residual_conditioning_minus_plain_conditioning,completion_time,interaction,0.0,0.0,0.0
low,corridor,8,1,residual_conditioning_minus_plain_conditioning,min_distance,interaction,0.054054200649261475,-0.2262187898159027,0.2802729904651642
medium,corridor,8,1,residual_conditioning_minus_plain_conditioning,collision,interaction,0.0,0.0,0.0
medium,corridor,8,1,residual_conditioning_minus_plain_conditioning,safety_violation,interaction,0.0,0.0,0.0
medium,corridor,8,1,residual_conditioning_minus_plain_conditioning,success,interaction,0.0,0.0,0.0
medium,corridor,8,1,residual_conditioning_minus_plain_conditioning,progress_ratio,interaction,0.007534906268119812,0.0009752959012984119,0.0065596103668214
medium,corridor,8,1,residual_conditioning_minus_plain_conditioning,final_goal_distance,interaction,-0.07626760005950928,-0.009871900081634521,-0.06639569997787476
medium,corridor,8,1,residual_conditioning_minus_plain_conditioning,completion_time,interaction,0.0,0.0,0.0
medium,corridor,8,1,residual_conditioning_minus_plain_conditioning,min_distance,interaction,0.13985776901245117,0.0060187578201293945,0.13383901119232178
high,corridor,8,1,residual_conditioning_minus_plain_conditioning,collision,interaction,0.0,0.0,0.0
high,corridor,8,1,residual_conditioning_minus_plain_conditioning,safety_violation,interaction,0.0,0.0,0.0
high,corridor,8,1,residual_conditioning_minus_plain_conditioning,success,interaction,0.0,0.0,0.0
high,corridor,8,1,residual_conditioning_minus_plain_conditioning,progress_ratio,interaction,0.002759236842393986,0.007974162697792053,-0.005214925855398067
high,corridor,8,1,residual_conditioning_minus_plain_conditioning,final_goal_distance,interaction,-0.027928709983825684,-0.08071362972259521,0.05278491973876953
high,corridor,8,1,residual_conditioning_minus_plain_conditioning,completion_time,interaction,0.0,0.0,0.0
high,corridor,8,1,residual_conditioning_minus_plain_conditioning,min_distance,interaction,0.041824162006378174,-0.014291107654571533,0.05611526966094971
clean,narrow_gate,4,1,residual_conditioning_minus_plain_conditioning,collision,interaction,0.0,0.0,0.0
clean,narrow_gate,4,1,residual_conditioning_minus_plain_conditioning,safety_violation,interaction,0.0,0.0,0.0
clean,narrow_gate,4,1,residual_conditioning_minus_plain_conditioning,success,interaction,1.0,0.0,1.0
clean,narrow_gate,4,1,residual_conditioning_minus_plain_conditioning,progress_ratio,interaction,0.3499351870268582,-0.012481123208999634,0.36241631023585785
clean,narrow_gate,4,1,residual_conditioning_minus_plain_conditioning,final_goal_distance,interaction,-3.697445631027222,0.13187658786773704,-3.8293222188949594
clean,narrow_gate,4,1,residual_conditioning_minus_plain_conditioning,completion_time,interaction,-1.5599999999999987,0.0,-1.5599999999999987
clean,narrow_gate,4,1,residual_conditioning_minus_plain_conditioning,min_distance,interaction,-0.0025965318134170134,0.004592229913454315,-0.007188761726871329
low,narrow_gate,4,1,residual_conditioning_minus_plain_conditioning,collision,interaction,0.0,0.0,0.0
low,narrow_gate,4,1,residual_conditioning_minus_plain_conditioning,safety_violation,interaction,0.0,0.0,0.0
low,narrow_gate,4,1,residual_conditioning_minus_plain_conditioning,success,interaction,1.0,-1.0,2.0
low,narrow_gate,4,1,residual_conditioning_minus_plain_conditioning,progress_ratio,interaction,0.1529452884569764,-0.15828684438020002,0.31123213283717643
low,narrow_gate,4,1,residual_conditioning_minus_plain_conditioning,final_goal_distance,interaction,-1.616033136844635,1.67247249186039,-3.2885056287050247
low,narrow_gate,4,1,residual_conditioning_minus_plain_conditioning,completion_time,interaction,-8.64,10.079999999999998,-18.72
low,narrow_gate,4,1,residual_conditioning_minus_plain_conditioning,min_distance,interaction,-0.0019537745766997627,0.16161743727706823,-0.163571211853768
medium,narrow_gate,4,1,residual_conditioning_minus_plain_conditioning,collision,interaction,0.0,0.0,0.0
medium,narrow_gate,4,1,residual_conditioning_minus_plain_conditioning,safety_violation,interaction,0.0,0.0,0.0
medium,narrow_gate,4,1,residual_conditioning_minus_plain_conditioning,success,interaction,-1.0,-1.0,0.0
medium,narrow_gate,4,1,residual_conditioning_minus_plain_conditioning,progress_ratio,interaction,-0.3150431066751479,-0.015136023052036873,-0.299907083623111
medium,narrow_gate,4,1,residual_conditioning_minus_plain_conditioning,final_goal_distance,interaction,3.328772820532322,0.15992854535579676,3.168844275176525
medium,narrow_gate,4,1,residual_conditioning_minus_plain_conditioning,completion_time,interaction,2.16,12.599999999999998,-10.439999999999998
medium,narrow_gate,4,1,residual_conditioning_minus_plain_conditioning,min_distance,interaction,0.18508338146369985,-0.005517363548278809,0.19060074501197866
high,narrow_gate,4,1,residual_conditioning_minus_plain_conditioning,collision,interaction,0.0,0.0,0.0
high,narrow_gate,4,1,residual_conditioning_minus_plain_conditioning,safety_violation,interaction,0.0,0.0,0.0
high,narrow_gate,4,1,residual_conditioning_minus_plain_conditioning,success,interaction,1.0,1.0,0.0
high,narrow_gate,4,1,residual_conditioning_minus_plain_conditioning,progress_ratio,interaction,0.15979806054383516,0.1585687818005681,0.0012292787432670593
high,narrow_gate,4,1,residual_conditioning_minus_plain_conditioning,final_goal_distance,interaction,-1.6884402334690094,-1.675451472401619,-0.012988761067390442
high,narrow_gate,4,1,residual_conditioning_minus_plain_conditioning,completion_time,interaction,-8.52,-9.96,1.4400000000000013
high,narrow_gate,4,1,residual_conditioning_minus_plain_conditioning,min_distance,interaction,0.1540963053703308,-0.02114921808242798,0.1752455234527588
clean,narrow_gate,8,1,residual_conditioning_minus_plain_conditioning,collision,interaction,0.0,0.0,0.0
clean,narrow_gate,8,1,residual_conditioning_minus_plain_conditioning,safety_violation,interaction,0.0,0.0,0.0
clean,narrow_gate,8,1,residual_conditioning_minus_plain_conditioning,success,interaction,0.0,0.0,0.0
clean,narrow_gate,8,1,residual_conditioning_minus_plain_conditioning,progress_ratio,interaction,0.07129444926977158,-0.13487529009580623,0.2061697393655778
clean,narrow_gate,8,1,residual_conditioning_minus_plain_conditioning,final_goal_distance,interaction,-0.7420306205749514,1.403778314590454,-2.1458089351654053
clean,narrow_gate,8,1,residual_conditioning_minus_plain_conditioning,completion_time,interaction,0.0,0.0,0.0
clean,narrow_gate,8,1,residual_conditioning_minus_plain_conditioning,min_distance,interaction,0.04952192306518555,0.007221579551696777,0.04230034351348877
low,narrow_gate,8,1,residual_conditioning_minus_plain_conditioning,collision,interaction,0.0,0.0,0.0
low,narrow_gate,8,1,residual_conditioning_minus_plain_conditioning,safety_violation,interaction,0.0,0.0,0.0
low,narrow_gate,8,1,residual_conditioning_minus_plain_conditioning,success,interaction,0.0,0.0,0.0
low,narrow_gate,8,1,residual_conditioning_minus_plain_conditioning,progress_ratio,interaction,0.09883400797843933,-0.011570058763027302,0.11040406674146663
low,narrow_gate,8,1,residual_conditioning_minus_plain_conditioning,final_goal_distance,interaction,-1.0286614894866952,0.12042081356048584,-1.149082303047181
low,narrow_gate,8,1,residual_conditioning_minus_plain_conditioning,completion_time,interaction,0.0,0.0,0.0
low,narrow_gate,8,1,residual_conditioning_minus_plain_conditioning,min_distance,interaction,0.18484115600585938,-0.029947936534881592,0.21478909254074097
medium,narrow_gate,8,1,residual_conditioning_minus_plain_conditioning,collision,interaction,0.0,0.0,0.0
medium,narrow_gate,8,1,residual_conditioning_minus_plain_conditioning,safety_violation,interaction,0.0,0.0,0.0
medium,narrow_gate,8,1,residual_conditioning_minus_plain_conditioning,success,interaction,0.0,0.0,0.0
medium,narrow_gate,8,1,residual_conditioning_minus_plain_conditioning,progress_ratio,interaction,0.028612688183784374,0.0264771468937397,0.0021355412900446735
medium,narrow_gate,8,1,residual_conditioning_minus_plain_conditioning,final_goal_distance,interaction,-0.29780012369155884,-0.27557337284088135,-0.02222675085067749
medium,narrow_gate,8,1,residual_conditioning_minus_plain_conditioning,completion_time,interaction,0.0,0.0,0.0
medium,narrow_gate,8,1,residual_conditioning_minus_plain_conditioning,min_distance,interaction,0.042833566665649414,-0.07123911380767822,0.11407268047332764
high,narrow_gate,8,1,residual_conditioning_minus_plain_conditioning,collision,interaction,0.0,0.0,0.0
high,narrow_gate,8,1,residual_conditioning_minus_plain_conditioning,safety_violation,interaction,0.0,0.0,0.0
high,narrow_gate,8,1,residual_conditioning_minus_plain_conditioning,success,interaction,0.0,0.0,0.0
high,narrow_gate,8,1,residual_conditioning_minus_plain_conditioning,progress_ratio,interaction,0.08035976439714443,0.042243361473083496,0.03811640292406093
high,narrow_gate,8,1,residual_conditioning_minus_plain_conditioning,final_goal_distance,interaction,-0.8363822698593141,-0.4396677017211912,-0.3967145681381229
high,narrow_gate,8,1,residual_conditioning_minus_plain_conditioning,completion_time,interaction,0.0,0.0,0.0
high,narrow_gate,8,1,residual_conditioning_minus_plain_conditioning,min_distance,interaction,-0.08898365497589111,0.11237293481826782,-0.20135658979415894
clean,merge_bottleneck,4,1,residual_conditioning_minus_plain_conditioning,collision,interaction,0.0,0.0,0.0
clean,merge_bottleneck,4,1,residual_conditioning_minus_plain_conditioning,safety_violation,interaction,0.0,0.0,0.0
clean,merge_bottleneck,4,1,residual_conditioning_minus_plain_conditioning,success,interaction,0.0,0.0,0.0
clean,merge_bottleneck,4,1,residual_conditioning_minus_plain_conditioning,progress_ratio,interaction,0.008166108280420192,0.013586793094873428,-0.005420684814453236
clean,merge_bottleneck,4,1,residual_conditioning_minus_plain_conditioning,final_goal_distance,interaction,-0.08483028411865234,-0.141140878200531,0.05631059408187866
clean,merge_bottleneck,4,1,residual_conditioning_minus_plain_conditioning,completion_time,interaction,0.0,0.0,0.0
clean,merge_bottleneck,4,1,residual_conditioning_minus_plain_conditioning,min_distance,interaction,-0.23426504955696992,0.09689602375030515,-0.33116107330727507
low,merge_bottleneck,4,1,residual_conditioning_minus_plain_conditioning,collision,interaction,0.0,0.0,0.0
low,merge_bottleneck,4,1,residual_conditioning_minus_plain_conditioning,safety_violation,interaction,0.0,0.0,0.0
low,merge_bottleneck,4,1,residual_conditioning_minus_plain_conditioning,success,interaction,0.0,0.0,0.0
low,merge_bottleneck,4,1,residual_conditioning_minus_plain_conditioning,progress_ratio,interaction,-0.004833385348320007,0.012933358550071605,-0.017766743898391613
low,merge_bottleneck,4,1,residual_conditioning_minus_plain_conditioning,final_goal_distance,interaction,0.050209641456604004,-0.1343529224395752,0.1845625638961792
low,merge_bottleneck,4,1,residual_conditioning_minus_plain_conditioning,completion_time,interaction,0.0,0.0,0.0
low,merge_bottleneck,4,1,residual_conditioning_minus_plain_conditioning,min_distance,interaction,0.013919550510354872,-0.10882502794265747,0.12274457845301234
medium,merge_bottleneck,4,1,residual_conditioning_minus_plain_conditioning,collision,interaction,0.0,0.0,0.0
medium,merge_bottleneck,4,1,residual_conditioning_minus_plain_conditioning,safety_violation,interaction,0.0,0.0,0.0
medium,merge_bottleneck,4,1,residual_conditioning_minus_plain_conditioning,success,interaction,0.0,0.0,0.0
medium,merge_bottleneck,4,1,residual_conditioning_minus_plain_conditioning,progress_ratio,interaction,-0.0061680227518081665,0.008444793522358052,-0.014612816274166218
medium,merge_bottleneck,4,1,residual_conditioning_minus_plain_conditioning,final_goal_distance,interaction,0.06407395005226135,-0.08772528171539307,0.15179923176765442
medium,merge_bottleneck,4,1,residual_conditioning_minus_plain_conditioning,completion_time,interaction,0.0,0.0,0.0
medium,merge_bottleneck,4,1,residual_conditioning_minus_plain_conditioning,min_distance,interaction,-0.15601363897323606,-0.03208547830581665,-0.12392816066741941
high,merge_bottleneck,4,1,residual_conditioning_minus_plain_conditioning,collision,interaction,0.0,0.0,0.0
high,merge_bottleneck,4,1,residual_conditioning_minus_plain_conditioning,safety_violation,interaction,1.0,0.0,1.0
high,merge_bottleneck,4,1,residual_conditioning_minus_plain_conditioning,success,interaction,0.0,0.0,0.0
high,merge_bottleneck,4,1,residual_conditioning_minus_plain_conditioning,progress_ratio,interaction,0.017324864864349365,0.019471917301416397,-0.002147052437067032
high,merge_bottleneck,4,1,residual_conditioning_minus_plain_conditioning,final_goal_distance,interaction,-0.17997229099273682,-0.2022760510444641,0.022303760051727295
high,merge_bottleneck,4,1,residual_conditioning_minus_plain_conditioning,completion_time,interaction,0.0,0.0,0.0
high,merge_bottleneck,4,1,residual_conditioning_minus_plain_conditioning,min_distance,interaction,-0.3470835697650909,-0.1335943783932364,-0.21348919137185451
clean,merge_bottleneck,8,1,residual_conditioning_minus_plain_conditioning,collision,interaction,0.0,0.0,0.0
clean,merge_bottleneck,8,1,residual_conditioning_minus_plain_conditioning,safety_violation,interaction,0.0,1.0,-1.0
clean,merge_bottleneck,8,1,residual_conditioning_minus_plain_conditioning,success,interaction,0.0,0.0,0.0
clean,merge_bottleneck,8,1,residual_conditioning_minus_plain_conditioning,progress_ratio,interaction,0.12859949469566345,0.02844265103340149,0.10015684366226196
clean,merge_bottleneck,8,1,residual_conditioning_minus_plain_conditioning,final_goal_distance,interaction,-1.3326863050460815,-0.29475355148315385,-1.0379327535629277
clean,merge_bottleneck,8,1,residual_conditioning_minus_plain_conditioning,completion_time,interaction,0.0,0.0,0.0
clean,merge_bottleneck,8,1,residual_conditioning_minus_plain_conditioning,min_distance,interaction,-0.03640943765640259,-0.14611268043518066,0.10970324277877808
low,merge_bottleneck,8,1,residual_conditioning_minus_plain_conditioning,collision,interaction,0.0,0.0,0.0
low,merge_bottleneck,8,1,residual_conditioning_minus_plain_conditioning,safety_violation,interaction,0.0,0.0,0.0
low,merge_bottleneck,8,1,residual_conditioning_minus_plain_conditioning,success,interaction,0.0,0.0,0.0
low,merge_bottleneck,8,1,residual_conditioning_minus_plain_conditioning,progress_ratio,interaction,0.02038729190826416,-0.005527317523956299,0.02591460943222046
low,merge_bottleneck,8,1,residual_conditioning_minus_plain_conditioning,final_goal_distance,interaction,-0.2112751007080078,0.05728006362915039,-0.2685551643371582
low,merge_bottleneck,8,1,residual_conditioning_minus_plain_conditioning,completion_time,interaction,0.0,0.0,0.0
low,merge_bottleneck,8,1,residual_conditioning_minus_plain_conditioning,min_distance,interaction,-0.0009106993675231934,0.05133312940597534,-0.052243828773498535
medium,merge_bottleneck,8,1,residual_conditioning_minus_plain_conditioning,collision,interaction,0.0,0.0,0.0
medium,merge_bottleneck,8,1,residual_conditioning_minus_plain_conditioning,safety_violation,interaction,0.0,0.0,0.0
medium,merge_bottleneck,8,1,residual_conditioning_minus_plain_conditioning,success,interaction,0.0,0.0,0.0
medium,merge_bottleneck,8,1,residual_conditioning_minus_plain_conditioning,progress_ratio,interaction,-0.023676037788391113,-0.009036540985107422,-0.014639496803283691
medium,merge_bottleneck,8,1,residual_conditioning_minus_plain_conditioning,final_goal_distance,interaction,0.24535679817199663,0.09364628791809126,0.15171051025390536
medium,merge_bottleneck,8,1,residual_conditioning_minus_plain_conditioning,completion_time,interaction,0.0,0.0,0.0
medium,merge_bottleneck,8,1,residual_conditioning_minus_plain_conditioning,min_distance,interaction,-0.03582179546356201,0.005490601062774658,-0.04131239652633667
high,merge_bottleneck,8,1,residual_conditioning_minus_plain_conditioning,collision,interaction,0.0,-1.0,1.0
high,merge_bottleneck,8,1,residual_conditioning_minus_plain_conditioning,safety_violation,interaction,1.0,-1.0,2.0
high,merge_bottleneck,8,1,residual_conditioning_minus_plain_conditioning,success,interaction,0.0,0.0,0.0
high,merge_bottleneck,8,1,residual_conditioning_minus_plain_conditioning,progress_ratio,interaction,-0.03541634976863861,-0.02373357117176056,-0.011682778596878052
high,merge_bottleneck,8,1,residual_conditioning_minus_plain_conditioning,final_goal_distance,interaction,0.3670225143432617,0.24595284461975098,0.12106966972351074
high,merge_bottleneck,8,1,residual_conditioning_minus_plain_conditioning,completion_time,interaction,0.0,0.0,0.0
high,merge_bottleneck,8,1,residual_conditioning_minus_plain_conditioning,min_distance,interaction,-0.1012150645256043,0.23864957690238958,-0.3398646414279939
clean,four_way_stop,4,1,residual_conditioning_minus_plain_conditioning,collision,interaction,0.0,0.0,0.0
clean,four_way_stop,4,1,residual_conditioning_minus_plain_conditioning,safety_violation,interaction,0.0,0.0,0.0
clean,four_way_stop,4,1,residual_conditioning_minus_plain_conditioning,success,interaction,0.0,0.0,0.0
clean,four_way_stop,4,1,residual_conditioning_minus_plain_conditioning,progress_ratio,interaction,-0.008492357097566128,0.00044477544724941254,-0.00893713254481554
clean,four_way_stop,4,1,residual_conditioning_minus_plain_conditioning,final_goal_distance,interaction,0.08128617703914638,-0.0042572468519210815,0.08554342389106746
clean,four_way_stop,4,1,residual_conditioning_minus_plain_conditioning,completion_time,interaction,-1.4399999999999995,0.9599999999999991,-2.3999999999999986
clean,four_way_stop,4,1,residual_conditioning_minus_plain_conditioning,min_distance,interaction,-0.13125669956207253,0.06993770599365234,-0.20119440555572488
low,four_way_stop,4,1,residual_conditioning_minus_plain_conditioning,collision,interaction,0.0,0.0,0.0
low,four_way_stop,4,1,residual_conditioning_minus_plain_conditioning,safety_violation,interaction,0.0,0.0,0.0
low,four_way_stop,4,1,residual_conditioning_minus_plain_conditioning,success,interaction,0.0,0.0,0.0
low,four_way_stop,4,1,residual_conditioning_minus_plain_conditioning,progress_ratio,interaction,0.005035588517784961,0.008417497389018758,-0.0033819088712337964
low,four_way_stop,4,1,residual_conditioning_minus_plain_conditioning,final_goal_distance,interaction,-0.048199065029621194,-0.08056963980197909,0.0323705747723579
low,four_way_stop,4,1,residual_conditioning_minus_plain_conditioning,completion_time,interaction,0.11999999999999922,0.7200000000000006,-0.6000000000000014
low,four_way_stop,4,1,residual_conditioning_minus_plain_conditioning,min_distance,interaction,-0.03295475244522095,-0.0030808448791503906,-0.029873907566070557
medium,four_way_stop,4,1,residual_conditioning_minus_plain_conditioning,collision,interaction,0.0,0.0,0.0
medium,four_way_stop,4,1,residual_conditioning_minus_plain_conditioning,safety_violation,interaction,0.0,0.0,0.0
medium,four_way_stop,4,1,residual_conditioning_minus_plain_conditioning,success,interaction,0.0,0.0,0.0
medium,four_way_stop,4,1,residual_conditioning_minus_plain_conditioning,progress_ratio,interaction,0.004878154955804237,-0.001183592714369408,0.006061747670173645
medium,four_way_stop,4,1,residual_conditioning_minus_plain_conditioning,final_goal_distance,interaction,-0.04669216275215152,0.01132898032665261,-0.05802114307880413
medium,four_way_stop,4,1,residual_conditioning_minus_plain_conditioning,completion_time,interaction,0.8399999999999999,-0.8399999999999999,1.6799999999999997
medium,four_way_stop,4,1,residual_conditioning_minus_plain_conditioning,min_distance,interaction,-0.08827131986618042,0.013216733932495117,-0.10148805379867554
high,four_way_stop,4,1,residual_conditioning_minus_plain_conditioning,collision,interaction,0.0,0.0,0.0
high,four_way_stop,4,1,residual_conditioning_minus_plain_conditioning,safety_violation,interaction,0.0,0.0,0.0
high,four_way_stop,4,1,residual_conditioning_minus_plain_conditioning,success,interaction,0.0,0.0,0.0
high,four_way_stop,4,1,residual_conditioning_minus_plain_conditioning,progress_ratio,interaction,-0.005755020305514447,0.0015857340767978512,-0.007340754382312298
high,four_way_stop,4,1,residual_conditioning_minus_plain_conditioning,final_goal_distance,interaction,0.05508524179458621,-0.015178151428699507,0.07026339322328572
high,four_way_stop,4,1,residual_conditioning_minus_plain_conditioning,completion_time,interaction,-0.11999999999999922,0.0,-0.11999999999999922
high,four_way_stop,4,1,residual_conditioning_minus_plain_conditioning,min_distance,interaction,-0.07514548301696777,0.0011373162269592285,-0.076282799243927
clean,four_way_stop,8,1,residual_conditioning_minus_plain_conditioning,collision,interaction,0.0,0.0,0.0
clean,four_way_stop,8,1,residual_conditioning_minus_plain_conditioning,safety_violation,interaction,0.0,0.0,0.0
clean,four_way_stop,8,1,residual_conditioning_minus_plain_conditioning,success,interaction,0.0,1.0,-1.0
clean,four_way_stop,8,1,residual_conditioning_minus_plain_conditioning,progress_ratio,interaction,0.0004584211856125675,0.007288949564099201,-0.006830528378486633
clean,four_way_stop,8,1,residual_conditioning_minus_plain_conditioning,final_goal_distance,interaction,-0.004406914114952115,-0.0700702220201492,0.06566330790519709
clean,four_way_stop,8,1,residual_conditioning_minus_plain_conditioning,completion_time,interaction,-6.239999999999998,-9.599999999999998,3.3599999999999994
clean,four_way_stop,8,1,residual_conditioning_minus_plain_conditioning,min_distance,interaction,0.01887136697769165,-0.01987355947494507,0.03874492645263672
low,four_way_stop,8,1,residual_conditioning_minus_plain_conditioning,collision,interaction,0.0,0.0,0.0
low,four_way_stop,8,1,residual_conditioning_minus_plain_conditioning,safety_violation,interaction,0.0,0.0,0.0
low,four_way_stop,8,1,residual_conditioning_minus_plain_conditioning,success,interaction,1.0,0.0,1.0
low,four_way_stop,8,1,residual_conditioning_minus_plain_conditioning,progress_ratio,interaction,0.0032410863786935806,-0.0015111714601517834,0.004752257838845364
low,four_way_stop,8,1,residual_conditioning_minus_plain_conditioning,final_goal_distance,interaction,-0.031157255172729492,0.014527216553687994,-0.045684471726417486
low,four_way_stop,8,1,residual_conditioning_minus_plain_conditioning,completion_time,interaction,-12.719999999999999,8.04,-20.759999999999998
low,four_way_stop,8,1,residual_conditioning_minus_plain_conditioning,min_distance,interaction,-0.01828211545944214,0.06060272455215454,-0.07888484001159668
medium,four_way_stop,8,1,residual_conditioning_minus_plain_conditioning,collision,interaction,0.0,0.0,0.0
medium,four_way_stop,8,1,residual_conditioning_minus_plain_conditioning,safety_violation,interaction,0.0,0.0,0.0
medium,four_way_stop,8,1,residual_conditioning_minus_plain_conditioning,success,interaction,0.0,0.0,0.0
medium,four_way_stop,8,1,residual_conditioning_minus_plain_conditioning,progress_ratio,interaction,0.0010677129030227661,-0.002422267571091652,0.003489980474114418
medium,four_way_stop,8,1,residual_conditioning_minus_plain_conditioning,final_goal_distance,interaction,-0.010264158248901312,0.023285776376724215,-0.03354993462562553
medium,four_way_stop,8,1,residual_conditioning_minus_plain_conditioning,completion_time,interaction,-2.5199999999999996,-9.6,7.08
medium,four_way_stop,8,1,residual_conditioning_minus_plain_conditioning,min_distance,interaction,-0.09342747926712036,-0.03744387626647949,-0.05598360300064087
high,four_way_stop,8,1,residual_conditioning_minus_plain_conditioning,collision,interaction,0.0,0.0,0.0
high,four_way_stop,8,1,residual_conditioning_minus_plain_conditioning,safety_violation,interaction,0.0,0.0,0.0
high,four_way_stop,8,1,residual_conditioning_minus_plain_conditioning,success,interaction,0.0,0.0,0.0
high,four_way_stop,8,1,residual_conditioning_minus_plain_conditioning,progress_ratio,interaction,-0.002032419666648022,0.0034668315201996647,-0.005499251186847687
high,four_way_stop,8,1,residual_conditioning_minus_plain_conditioning,final_goal_distance,interaction,0.019538089632988004,-0.03332740068435669,0.05286549031734469
high,four_way_stop,8,1,residual_conditioning_minus_plain_conditioning,completion_time,interaction,3.4800000000000004,2.5199999999999996,0.9600000000000009
high,four_way_stop,8,1,residual_conditioning_minus_plain_conditioning,min_distance,interaction,0.03583729267120361,-0.09607464075088501,0.13191193342208862
clean,corridor,4,2,residual_conditioning_minus_plain_conditioning,collision,interaction,0.0,0.0,0.0
clean,corridor,4,2,residual_conditioning_minus_plain_conditioning,safety_violation,interaction,0.0,0.0,0.0
clean,corridor,4,2,residual_conditioning_minus_plain_conditioning,success,interaction,0.0,0.0,0.0
clean,corridor,4,2,residual_conditioning_minus_plain_conditioning,progress_ratio,interaction,0.004483298398554325,-0.0018453048542141914,0.0063286032527685165
clean,corridor,4,2,residual_conditioning_minus_plain_conditioning,final_goal_distance,interaction,-0.045798830687999684,0.018850579857826205,-0.06464941054582589
clean,corridor,4,2,residual_conditioning_minus_plain_conditioning,completion_time,interaction,0.6000000000000014,-0.7200000000000006,1.320000000000002
clean,corridor,4,2,residual_conditioning_minus_plain_conditioning,min_distance,interaction,0.015206098556518555,-0.16861039400100708,0.18381649255752563
low,corridor,4,2,residual_conditioning_minus_plain_conditioning,collision,interaction,0.0,0.0,0.0
low,corridor,4,2,residual_conditioning_minus_plain_conditioning,safety_violation,interaction,0.0,1.0,-1.0
low,corridor,4,2,residual_conditioning_minus_plain_conditioning,success,interaction,0.0,0.0,0.0
low,corridor,4,2,residual_conditioning_minus_plain_conditioning,progress_ratio,interaction,0.0029521044343707725,-0.0014678258448840298,0.004419930279254802
low,corridor,4,2,residual_conditioning_minus_plain_conditioning,final_goal_distance,interaction,-0.030157022178173093,0.0149944722652436,-0.04515149444341669
low,corridor,4,2,residual_conditioning_minus_plain_conditioning,completion_time,interaction,0.4800000000000004,0.7199999999999989,-0.23999999999999844
low,corridor,4,2,residual_conditioning_minus_plain_conditioning,min_distance,interaction,0.04052478075027466,-0.1225239634513855,0.16304874420166016
medium,corridor,4,2,residual_conditioning_minus_plain_conditioning,collision,interaction,0.0,0.0,0.0
medium,corridor,4,2,residual_conditioning_minus_plain_conditioning,safety_violation,interaction,0.0,0.0,0.0
medium,corridor,4,2,residual_conditioning_minus_plain_conditioning,success,interaction,0.0,0.0,0.0
medium,corridor,4,2,residual_conditioning_minus_plain_conditioning,progress_ratio,interaction,0.0021493108943104744,0.00267163012176741,-0.0005223192274569355
medium,corridor,4,2,residual_conditioning_minus_plain_conditioning,final_goal_distance,interaction,-0.021956130862235995,-0.027291856706142398,0.005335725843906403
medium,corridor,4,2,residual_conditioning_minus_plain_conditioning,completion_time,interaction,-1.08,1.92,-3.0
medium,corridor,4,2,residual_conditioning_minus_plain_conditioning,min_distance,interaction,0.1012723445892334,-0.13127195835113525,0.23254430294036865
high,corridor,4,2,residual_conditioning_minus_plain_conditioning,collision,interaction,0.0,0.0,0.0
high,corridor,4,2,residual_conditioning_minus_plain_conditioning,safety_violation,interaction,0.0,0.0,0.0
high,corridor,4,2,residual_conditioning_minus_plain_conditioning,success,interaction,0.0,0.0,0.0
high,corridor,4,2,residual_conditioning_minus_plain_conditioning,progress_ratio,interaction,-5.96223399041973e-05,0.005054770968854427,-0.005114393308758625
high,corridor,4,2,residual_conditioning_minus_plain_conditioning,final_goal_distance,interaction,0.0006090700626373985,-0.05163666605949402,0.05224573612213142
high,corridor,4,2,residual_conditioning_minus_plain_conditioning,completion_time,interaction,2.040000000000001,1.5600000000000005,0.4800000000000004
high,corridor,4,2,residual_conditioning_minus_plain_conditioning,min_distance,interaction,0.06515580415725708,-0.023758232593536377,0.08891403675079346
clean,corridor,8,2,residual_conditioning_minus_plain_conditioning,collision,interaction,0.0,0.0,0.0
clean,corridor,8,2,residual_conditioning_minus_plain_conditioning,safety_violation,interaction,0.0,0.0,0.0
clean,corridor,8,2,residual_conditioning_minus_plain_conditioning,success,interaction,0.0,0.0,0.0
clean,corridor,8,2,residual_conditioning_minus_plain_conditioning,progress_ratio,interaction,-0.016412369906902424,-0.013209566473960765,-0.003202803432941659
clean,corridor,8,2,residual_conditioning_minus_plain_conditioning,final_goal_distance,interaction,0.16615670919418335,0.1337319016456604,0.03242480754852295
clean,corridor,8,2,residual_conditioning_minus_plain_conditioning,completion_time,interaction,0.0,0.0,0.0
clean,corridor,8,2,residual_conditioning_minus_plain_conditioning,min_distance,interaction,0.025291264057159424,0.060834407806396484,-0.03554314374923706
low,corridor,8,2,residual_conditioning_minus_plain_conditioning,collision,interaction,0.0,0.0,0.0
low,corridor,8,2,residual_conditioning_minus_plain_conditioning,safety_violation,interaction,0.0,0.0,0.0
low,corridor,8,2,residual_conditioning_minus_plain_conditioning,success,interaction,0.0,0.0,0.0
low,corridor,8,2,residual_conditioning_minus_plain_conditioning,progress_ratio,interaction,0.008548639714717976,0.01108548790216457,-0.0025368481874465942
low,corridor,8,2,residual_conditioning_minus_plain_conditioning,final_goal_distance,interaction,-0.08654534816741943,-0.11222809553146362,0.02568274736404419
low,corridor,8,2,residual_conditioning_minus_plain_conditioning,completion_time,interaction,0.0,0.0,0.0
low,corridor,8,2,residual_conditioning_minus_plain_conditioning,min_distance,interaction,-0.04737997055053711,-0.08296406269073486,0.035584092140197754
medium,corridor,8,2,residual_conditioning_minus_plain_conditioning,collision,interaction,0.0,0.0,0.0
medium,corridor,8,2,residual_conditioning_minus_plain_conditioning,safety_violation,interaction,0.0,0.0,0.0
medium,corridor,8,2,residual_conditioning_minus_plain_conditioning,success,interaction,0.0,0.0,0.0
medium,corridor,8,2,residual_conditioning_minus_plain_conditioning,progress_ratio,interaction,-0.003889635205268971,-0.003737933933735005,-0.00015170127153396606
medium,corridor,8,2,residual_conditioning_minus_plain_conditioning,final_goal_distance,interaction,0.03937816619873047,0.037842392921447754,0.0015357732772827148
medium,corridor,8,2,residual_conditioning_minus_plain_conditioning,completion_time,interaction,0.0,0.0,0.0
medium,corridor,8,2,residual_conditioning_minus_plain_conditioning,min_distance,interaction,0.044476211071014404,0.024404704570770264,0.02007150650024414
high,corridor,8,2,residual_conditioning_minus_plain_conditioning,collision,interaction,0.0,0.0,0.0
high,corridor,8,2,residual_conditioning_minus_plain_conditioning,safety_violation,interaction,0.0,0.0,0.0
high,corridor,8,2,residual_conditioning_minus_plain_conditioning,success,interaction,0.0,0.0,0.0
high,corridor,8,2,residual_conditioning_minus_plain_conditioning,progress_ratio,interaction,0.00042595714330662116,-0.00036006420850753784,0.000786021351814159
high,corridor,8,2,residual_conditioning_minus_plain_conditioning,final_goal_distance,interaction,-0.004312336444854736,0.003645181655883789,-0.007957518100738525
high,corridor,8,2,residual_conditioning_minus_plain_conditioning,completion_time,interaction,0.0,0.0,0.0
high,corridor,8,2,residual_conditioning_minus_plain_conditioning,min_distance,interaction,-0.03550606966018677,-0.038876473903656006,0.0033704042434692383
clean,narrow_gate,4,2,residual_conditioning_minus_plain_conditioning,collision,interaction,0.0,0.0,0.0
clean,narrow_gate,4,2,residual_conditioning_minus_plain_conditioning,safety_violation,interaction,0.0,0.0,0.0
clean,narrow_gate,4,2,residual_conditioning_minus_plain_conditioning,success,interaction,1.0,1.0,0.0
clean,narrow_gate,4,2,residual_conditioning_minus_plain_conditioning,progress_ratio,interaction,0.17024478688836098,0.15482545923441648,0.015419327653944492
clean,narrow_gate,4,2,residual_conditioning_minus_plain_conditioning,final_goal_distance,interaction,-1.7966726720333102,-1.6339453160762787,-0.16272735595703147
clean,narrow_gate,4,2,residual_conditioning_minus_plain_conditioning,completion_time,interaction,-7.799999999999997,-7.799999999999997,0.0
clean,narrow_gate,4,2,residual_conditioning_minus_plain_conditioning,min_distance,interaction,0.0,-0.0023968166549610537,0.0023968166549610537
low,narrow_gate,4,2,residual_conditioning_minus_plain_conditioning,collision,interaction,0.0,0.0,0.0
low,narrow_gate,4,2,residual_conditioning_minus_plain_conditioning,safety_violation,interaction,0.0,0.0,0.0
low,narrow_gate,4,2,residual_conditioning_minus_plain_conditioning,success,interaction,-1.0,1.0,-2.0
low,narrow_gate,4,2,residual_conditioning_minus_plain_conditioning,progress_ratio,interaction,-0.34814572148025025,0.15902566071599722,-0.5071713821962475
low,narrow_gate,4,2,residual_conditioning_minus_plain_conditioning,final_goal_distance,interaction,3.6741444244980817,-1.6782720983028412,5.352416522800922
low,narrow_gate,4,2,residual_conditioning_minus_plain_conditioning,completion_time,interaction,5.039999999999999,-9.719999999999999,14.759999999999998
low,narrow_gate,4,2,residual_conditioning_minus_plain_conditioning,min_distance,interaction,0.014862494046854913,-0.08953967260932738,0.1044021666561823
medium,narrow_gate,4,2,residual_conditioning_minus_plain_conditioning,collision,interaction,0.0,0.0,0.0
medium,narrow_gate,4,2,residual_conditioning_minus_plain_conditioning,safety_violation,interaction,0.0,0.0,0.0
medium,narrow_gate,4,2,residual_conditioning_minus_plain_conditioning,success,interaction,1.0,-1.0,2.0
medium,narrow_gate,4,2,residual_conditioning_minus_plain_conditioning,progress_ratio,interaction,0.15714614558964968,-0.3412806335836649,0.49842677917331457
medium,narrow_gate,4,2,residual_conditioning_minus_plain_conditioning,final_goal_distance,interaction,-1.65843665599823,3.601693898439408,-5.260130554437637
medium,narrow_gate,4,2,residual_conditioning_minus_plain_conditioning,completion_time,interaction,-7.439999999999998,5.16,-12.599999999999998
medium,narrow_gate,4,2,residual_conditioning_minus_plain_conditioning,min_distance,interaction,0.09055274833909499,-0.04092917015362052,0.1314819184927155
high,narrow_gate,4,2,residual_conditioning_minus_plain_conditioning,collision,interaction,0.0,0.0,0.0
high,narrow_gate,4,2,residual_conditioning_minus_plain_conditioning,safety_violation,interaction,0.0,0.0,0.0
high,narrow_gate,4,2,residual_conditioning_minus_plain_conditioning,success,interaction,-1.0,0.0,-1.0
high,narrow_gate,4,2,residual_conditioning_minus_plain_conditioning,progress_ratio,interaction,-0.15780439227819432,-0.021122798323631287,-0.13668159395456303
high,narrow_gate,4,2,residual_conditioning_minus_plain_conditioning,final_goal_distance,interaction,1.665383398532867,0.22291874885559082,1.4424646496772762
high,narrow_gate,4,2,residual_conditioning_minus_plain_conditioning,completion_time,interaction,9.119999999999997,0.0,9.119999999999997
high,narrow_gate,4,2,residual_conditioning_minus_plain_conditioning,min_distance,interaction,0.0,0.03674373336473613,-0.03674373336473613
clean,narrow_gate,8,2,residual_conditioning_minus_plain_conditioning,collision,interaction,0.0,0.0,0.0
clean,narrow_gate,8,2,residual_conditioning_minus_plain_conditioning,safety_violation,interaction,0.0,0.0,0.0
clean,narrow_gate,8,2,residual_conditioning_minus_plain_conditioning,success,interaction,0.0,0.0,0.0
clean,narrow_gate,8,2,residual_conditioning_minus_plain_conditioning,progress_ratio,interaction,-0.08466104418039333,0.10028645768761624,-0.18494750186800957
clean,narrow_gate,8,2,residual_conditioning_minus_plain_conditioning,final_goal_distance,interaction,0.8875662088394168,-1.0513794422149658,1.9389456510543828
clean,narrow_gate,8,2,residual_conditioning_minus_plain_conditioning,completion_time,interaction,0.0,0.0,0.0
clean,narrow_gate,8,2,residual_conditioning_minus_plain_conditioning,min_distance,interaction,0.09817826747894287,0.029373228549957275,0.0688050389289856
low,narrow_gate,8,2,residual_conditioning_minus_plain_conditioning,collision,interaction,0.0,0.0,0.0
low,narrow_gate,8,2,residual_conditioning_minus_plain_conditioning,safety_violation,interaction,1.0,0.0,1.0
low,narrow_gate,8,2,residual_conditioning_minus_plain_conditioning,success,interaction,0.0,0.0,0.0
low,narrow_gate,8,2,residual_conditioning_minus_plain_conditioning,progress_ratio,interaction,-0.006396450102329254,-0.0005963817238807678,-0.005800068378448486
low,narrow_gate,8,2,residual_conditioning_minus_plain_conditioning,final_goal_distance,interaction,0.06705880165100075,0.00625234842300415,0.060806453227996604
low,narrow_gate,8,2,residual_conditioning_minus_plain_conditioning,completion_time,interaction,0.0,0.0,0.0
low,narrow_gate,8,2,residual_conditioning_minus_plain_conditioning,min_distance,interaction,-0.13882935047149658,-0.02903437614440918,-0.1097949743270874
medium,narrow_gate,8,2,residual_conditioning_minus_plain_conditioning,collision,interaction,0.0,0.0,0.0
medium,narrow_gate,8,2,residual_conditioning_minus_plain_conditioning,safety_violation,interaction,0.0,0.0,0.0
medium,narrow_gate,8,2,residual_conditioning_minus_plain_conditioning,success,interaction,0.0,0.0,0.0
medium,narrow_gate,8,2,residual_conditioning_minus_plain_conditioning,progress_ratio,interaction,0.04772467911243439,-0.04597657173871994,0.09370125085115433
medium,narrow_gate,8,2,residual_conditioning_minus_plain_conditioning,final_goal_distance,interaction,-0.5003342628479004,0.48200750350952126,-0.9823417663574217
medium,narrow_gate,8,2,residual_conditioning_minus_plain_conditioning,completion_time,interaction,0.0,0.0,0.0
medium,narrow_gate,8,2,residual_conditioning_minus_plain_conditioning,min_distance,interaction,-0.0003796815872192383,0.161934494972229,-0.16231417655944824
high,narrow_gate,8,2,residual_conditioning_minus_plain_conditioning,collision,interaction,0.0,0.0,0.0
high,narrow_gate,8,2,residual_conditioning_minus_plain_conditioning,safety_violation,interaction,-1.0,0.0,-1.0
high,narrow_gate,8,2,residual_conditioning_minus_plain_conditioning,success,interaction,0.0,0.0,0.0
high,narrow_gate,8,2,residual_conditioning_minus_plain_conditioning,progress_ratio,interaction,-0.2020283117890358,-0.04167051613330841,-0.1603577956557274
high,narrow_gate,8,2,residual_conditioning_minus_plain_conditioning,final_goal_distance,interaction,2.118016839027405,0.43686389923095703,1.6811529397964478
high,narrow_gate,8,2,residual_conditioning_minus_plain_conditioning,completion_time,interaction,0.0,0.0,0.0
high,narrow_gate,8,2,residual_conditioning_minus_plain_conditioning,min_distance,interaction,0.14184749126434326,0.10745012760162354,0.03439736366271973
clean,merge_bottleneck,4,2,residual_conditioning_minus_plain_conditioning,collision,interaction,0.0,0.0,0.0
clean,merge_bottleneck,4,2,residual_conditioning_minus_plain_conditioning,safety_violation,interaction,0.0,0.0,0.0
clean,merge_bottleneck,4,2,residual_conditioning_minus_plain_conditioning,success,interaction,0.0,0.0,0.0
clean,merge_bottleneck,4,2,residual_conditioning_minus_plain_conditioning,progress_ratio,interaction,0.010412324219942204,-0.002790607511997223,0.013202931731939427
clean,merge_bottleneck,4,2,residual_conditioning_minus_plain_conditioning,final_goal_distance,interaction,-0.1080595850944519,0.02896106243133545,-0.13702064752578735
clean,merge_bottleneck,4,2,residual_conditioning_minus_plain_conditioning,completion_time,interaction,0.0,0.0,0.0
clean,merge_bottleneck,4,2,residual_conditioning_minus_plain_conditioning,min_distance,interaction,-0.16550076007843018,-0.10245627164840698,-0.0630444884300232
low,merge_bottleneck,4,2,residual_conditioning_minus_plain_conditioning,collision,interaction,0.0,0.0,0.0
low,merge_bottleneck,4,2,residual_conditioning_minus_plain_conditioning,safety_violation,interaction,0.0,0.0,0.0
low,merge_bottleneck,4,2,residual_conditioning_minus_plain_conditioning,success,interaction,0.0,0.0,0.0
low,merge_bottleneck,4,2,residual_conditioning_minus_plain_conditioning,progress_ratio,interaction,-0.009327236562967411,-0.0018163435161112629,-0.0075108930468561486
low,merge_bottleneck,4,2,residual_conditioning_minus_plain_conditioning,final_goal_distance,interaction,0.09679847955703735,0.018850088119506836,0.07794839143753052
low,merge_bottleneck,4,2,residual_conditioning_minus_plain_conditioning,completion_time,interaction,0.0,0.0,0.0
low,merge_bottleneck,4,2,residual_conditioning_minus_plain_conditioning,min_distance,interaction,0.0943494439125061,-0.11242133378982544,0.20677077770233154
medium,merge_bottleneck,4,2,residual_conditioning_minus_plain_conditioning,collision,interaction,0.0,0.0,0.0
medium,merge_bottleneck,4,2,residual_conditioning_minus_plain_conditioning,safety_violation,interaction,0.0,0.0,0.0
medium,merge_bottleneck,4,2,residual_conditioning_minus_plain_conditioning,success,interaction,0.0,0.0,0.0
medium,merge_bottleneck,4,2,residual_conditioning_minus_plain_conditioning,progress_ratio,interaction,0.01374071091413498,0.017424173653125985,-0.0036834627389910057
medium,merge_bottleneck,4,2,residual_conditioning_minus_plain_conditioning,final_goal_distance,interaction,-0.14260178804397589,-0.18082892894744873,0.038227140903472845
medium,merge_bottleneck,4,2,residual_conditioning_minus_plain_conditioning,completion_time,interaction,0.0,0.0,0.0
medium,merge_bottleneck,4,2,residual_conditioning_minus_plain_conditioning,min_distance,interaction,-0.06045520200258203,-0.08011074790438655,0.019655545901804516
high,merge_bottleneck,4,2,residual_conditioning_minus_plain_conditioning,collision,interaction,0.0,0.0,0.0
high,merge_bottleneck,4,2,residual_conditioning_minus_plain_conditioning,safety_violation,interaction,0.0,0.0,0.0
high,merge_bottleneck,4,2,residual_conditioning_minus_plain_conditioning,success,interaction,0.0,0.0,0.0
high,merge_bottleneck,4,2,residual_conditioning_minus_plain_conditioning,progress_ratio,interaction,0.018584299832582363,0.004670582711696847,0.013913717120885516
high,merge_bottleneck,4,2,residual_conditioning_minus_plain_conditioning,final_goal_distance,interaction,-0.19286876916885376,-0.04847151041030884,-0.14439725875854492
high,merge_bottleneck,4,2,residual_conditioning_minus_plain_conditioning,completion_time,interaction,0.0,0.0,0.0
high,merge_bottleneck,4,2,residual_conditioning_minus_plain_conditioning,min_distance,interaction,-0.2181758763442344,0.009849416931511978,-0.2280252932757464
clean,merge_bottleneck,8,2,residual_conditioning_minus_plain_conditioning,collision,interaction,1.0,0.0,1.0
clean,merge_bottleneck,8,2,residual_conditioning_minus_plain_conditioning,safety_violation,interaction,1.0,0.0,1.0
clean,merge_bottleneck,8,2,residual_conditioning_minus_plain_conditioning,success,interaction,0.0,0.0,0.0
clean,merge_bottleneck,8,2,residual_conditioning_minus_plain_conditioning,progress_ratio,interaction,0.056724026799201965,-0.052642881870269775,0.10936690866947174
clean,merge_bottleneck,8,2,residual_conditioning_minus_plain_conditioning,final_goal_distance,interaction,-0.5877962112426758,0.5455057621002197,-1.1333019733428955
clean,merge_bottleneck,8,2,residual_conditioning_minus_plain_conditioning,completion_time,interaction,0.0,0.0,0.0
clean,merge_bottleneck,8,2,residual_conditioning_minus_plain_conditioning,min_distance,interaction,-0.21953427791595465,0.015255868434906006,-0.23479014635086065
low,merge_bottleneck,8,2,residual_conditioning_minus_plain_conditioning,collision,interaction,0.0,0.0,0.0
low,merge_bottleneck,8,2,residual_conditioning_minus_plain_conditioning,safety_violation,interaction,0.0,0.0,0.0
low,merge_bottleneck,8,2,residual_conditioning_minus_plain_conditioning,success,interaction,0.0,0.0,0.0
low,merge_bottleneck,8,2,residual_conditioning_minus_plain_conditioning,progress_ratio,interaction,-0.008718937635421753,-0.0038457512855529785,-0.004873186349868774
low,merge_bottleneck,8,2,residual_conditioning_minus_plain_conditioning,final_goal_distance,interaction,0.09034895896911666,0.03985118865966841,0.05049777030944824
low,merge_bottleneck,8,2,residual_conditioning_minus_plain_conditioning,completion_time,interaction,0.0,0.0,0.0
low,merge_bottleneck,8,2,residual_conditioning_minus_plain_conditioning,min_distance,interaction,0.003078997135162409,-0.058314621448516846,0.061393618583679255
medium,merge_bottleneck,8,2,residual_conditioning_minus_plain_conditioning,collision,interaction,0.0,0.0,0.0
medium,merge_bottleneck,8,2,residual_conditioning_minus_plain_conditioning,safety_violation,interaction,0.0,0.0,0.0
medium,merge_bottleneck,8,2,residual_conditioning_minus_plain_conditioning,success,interaction,0.0,0.0,0.0
medium,merge_bottleneck,8,2,residual_conditioning_minus_plain_conditioning,progress_ratio,interaction,-0.015873700380325317,-0.1009058952331543,0.08503219485282898
medium,merge_bottleneck,8,2,residual_conditioning_minus_plain_conditioning,final_goal_distance,interaction,0.1644895076751709,1.045625925064087,-0.881136417388916
medium,merge_bottleneck,8,2,residual_conditioning_minus_plain_conditioning,completion_time,interaction,0.0,0.0,0.0
medium,merge_bottleneck,8,2,residual_conditioning_minus_plain_conditioning,min_distance,interaction,-0.029798030853271484,0.027798593044281006,-0.05759662389755249
high,merge_bottleneck,8,2,residual_conditioning_minus_plain_conditioning,collision,interaction,0.0,-1.0,1.0
high,merge_bottleneck,8,2,residual_conditioning_minus_plain_conditioning,safety_violation,interaction,-1.0,-1.0,0.0
high,merge_bottleneck,8,2,residual_conditioning_minus_plain_conditioning,success,interaction,0.0,0.0,0.0
high,merge_bottleneck,8,2,residual_conditioning_minus_plain_conditioning,progress_ratio,interaction,0.02196386456489563,0.04798908531665802,-0.02602522075176239
high,merge_bottleneck,8,2,residual_conditioning_minus_plain_conditioning,final_goal_distance,interaction,-0.22759795188903809,-0.4972813129425049,0.2696833610534668
high,merge_bottleneck,8,2,residual_conditioning_minus_plain_conditioning,completion_time,interaction,0.0,0.0,0.0
high,merge_bottleneck,8,2,residual_conditioning_minus_plain_conditioning,min_distance,interaction,0.13852620124816895,0.10706719756126404,0.03145900368690491
clean,four_way_stop,4,2,residual_conditioning_minus_plain_conditioning,collision,interaction,0.0,0.0,0.0
clean,four_way_stop,4,2,residual_conditioning_minus_plain_conditioning,safety_violation,interaction,0.0,0.0,0.0
clean,four_way_stop,4,2,residual_conditioning_minus_plain_conditioning,success,interaction,0.0,0.0,0.0
clean,four_way_stop,4,2,residual_conditioning_minus_plain_conditioning,progress_ratio,interaction,0.001248639076948388,-0.0015258686617017903,0.002774507738650178
clean,four_way_stop,4,2,residual_conditioning_minus_plain_conditioning,final_goal_distance,interaction,-0.012001670897007002,0.014666356146335616,-0.026668027043342618
clean,four_way_stop,4,2,residual_conditioning_minus_plain_conditioning,completion_time,interaction,-0.9600000000000009,2.7600000000000016,-3.7200000000000024
clean,four_way_stop,4,2,residual_conditioning_minus_plain_conditioning,min_distance,interaction,0.15897107124328613,0.010636329650879128,0.148334741592407
low,four_way_stop,4,2,residual_conditioning_minus_plain_conditioning,collision,interaction,0.0,0.0,0.0
low,four_way_stop,4,2,residual_conditioning_minus_plain_conditioning,safety_violation,interaction,0.0,0.0,0.0
low,four_way_stop,4,2,residual_conditioning_minus_plain_conditioning,success,interaction,0.0,0.0,0.0
low,four_way_stop,4,2,residual_conditioning_minus_plain_conditioning,progress_ratio,interaction,-0.005782263353466988,0.0039673857390881695,-0.009749649092555157
low,four_way_stop,4,2,residual_conditioning_minus_plain_conditioning,final_goal_distance,interaction,0.055577993392944294,-0.03813374042510989,0.09371173381805419
low,four_way_stop,4,2,residual_conditioning_minus_plain_conditioning,completion_time,interaction,-0.35999999999999943,0.0,-0.35999999999999943
low,four_way_stop,4,2,residual_conditioning_minus_plain_conditioning,min_distance,interaction,-0.02027845382690452,0.02783644199371338,-0.0481148958206179
medium,four_way_stop,4,2,residual_conditioning_minus_plain_conditioning,collision,interaction,0.0,0.0,0.0
medium,four_way_stop,4,2,residual_conditioning_minus_plain_conditioning,safety_violation,interaction,0.0,0.0,0.0
medium,four_way_stop,4,2,residual_conditioning_minus_plain_conditioning,success,interaction,0.0,0.0,0.0
medium,four_way_stop,4,2,residual_conditioning_minus_plain_conditioning,progress_ratio,interaction,0.008243525400757679,-0.002814665436744801,0.01105819083750248
medium,four_way_stop,4,2,residual_conditioning_minus_plain_conditioning,final_goal_distance,interaction,-0.07923515141010282,0.027054019272327506,-0.10628917068243032
medium,four_way_stop,4,2,residual_conditioning_minus_plain_conditioning,completion_time,interaction,0.0,-1.1999999999999993,1.1999999999999993
medium,four_way_stop,4,2,residual_conditioning_minus_plain_conditioning,min_distance,interaction,-0.12054717540740956,0.08193564414978005,-0.2024828195571896
high,four_way_stop,4,2,residual_conditioning_minus_plain_conditioning,collision,interaction,0.0,0.0,0.0
high,four_way_stop,4,2,residual_conditioning_minus_plain_conditioning,safety_violation,interaction,0.0,0.0,0.0
high,four_way_stop,4,2,residual_conditioning_minus_plain_conditioning,success,interaction,0.0,0.0,0.0
high,four_way_stop,4,2,residual_conditioning_minus_plain_conditioning,progress_ratio,interaction,0.0076237814500927925,-0.00015351828187704086,0.007777299731969833
high,four_way_stop,4,2,residual_conditioning_minus_plain_conditioning,final_goal_distance,interaction,-0.0732783079147339,0.0014755874872207086,-0.07475389540195461
high,four_way_stop,4,2,residual_conditioning_minus_plain_conditioning,completion_time,interaction,0.35999999999999943,0.11999999999999922,0.2400000000000002
high,four_way_stop,4,2,residual_conditioning_minus_plain_conditioning,min_distance,interaction,-0.006251692771911621,0.01603037118911743,-0.022282063961029053
clean,four_way_stop,8,2,residual_conditioning_minus_plain_conditioning,collision,interaction,0.0,0.0,0.0
clean,four_way_stop,8,2,residual_conditioning_minus_plain_conditioning,safety_violation,interaction,0.0,0.0,0.0
clean,four_way_stop,8,2,residual_conditioning_minus_plain_conditioning,success,interaction,0.0,1.0,-1.0
clean,four_way_stop,8,2,residual_conditioning_minus_plain_conditioning,progress_ratio,interaction,0.0007958617061376572,0.007841387763619201,-0.007045526057481544
clean,four_way_stop,8,2,residual_conditioning_minus_plain_conditioning,final_goal_distance,interaction,-0.007639646530151423,-0.07527104020118719,0.06763139367103577
clean,four_way_stop,8,2,residual_conditioning_minus_plain_conditioning,completion_time,interaction,-6.120000000000001,-9.0,2.879999999999999
clean,four_way_stop,8,2,residual_conditioning_minus_plain_conditioning,min_distance,interaction,-0.05497944355010986,0.03548324108123779,-0.09046268463134766
low,four_way_stop,8,2,residual_conditioning_minus_plain_conditioning,collision,interaction,0.0,0.0,0.0
low,four_way_stop,8,2,residual_conditioning_minus_plain_conditioning,safety_violation,interaction,0.0,0.0,0.0
low,four_way_stop,8,2,residual_conditioning_minus_plain_conditioning,success,interaction,0.0,1.0,-1.0
low,four_way_stop,8,2,residual_conditioning_minus_plain_conditioning,progress_ratio,interaction,-5.684792995563903e-06,0.006144233979284763,-0.006149918772280327
low,four_way_stop,8,2,residual_conditioning_minus_plain_conditioning,final_goal_distance,interaction,5.458295345309172e-05,-0.0589797198772431,0.05903430283069619
low,four_way_stop,8,2,residual_conditioning_minus_plain_conditioning,completion_time,interaction,1.3199999999999985,-13.319999999999999,14.639999999999997
low,four_way_stop,8,2,residual_conditioning_minus_plain_conditioning,min_distance,interaction,0.05496227741241455,0.00915837287902832,0.04580390453338623
medium,four_way_stop,8,2,residual_conditioning_minus_plain_conditioning,collision,interaction,0.0,0.0,0.0
medium,four_way_stop,8,2,residual_conditioning_minus_plain_conditioning,safety_violation,interaction,0.0,0.0,0.0
medium,four_way_stop,8,2,residual_conditioning_minus_plain_conditioning,success,interaction,0.0,1.0,-1.0
medium,four_way_stop,8,2,residual_conditioning_minus_plain_conditioning,progress_ratio,interaction,-0.001308264210820198,0.0017159562557935715,-0.0030242204666137695
medium,four_way_stop,8,2,residual_conditioning_minus_plain_conditioning,final_goal_distance,interaction,0.012558281421661405,-0.016471803188324002,0.029030084609985407
medium,four_way_stop,8,2,residual_conditioning_minus_plain_conditioning,completion_time,interaction,0.8399999999999981,-10.799999999999999,11.639999999999997
medium,four_way_stop,8,2,residual_conditioning_minus_plain_conditioning,min_distance,interaction,-0.0656740665435791,0.09866732358932495,-0.16434139013290405
high,four_way_stop,8,2,residual_conditioning_minus_plain_conditioning,collision,interaction,0.0,0.0,0.0
high,four_way_stop,8,2,residual_conditioning_minus_plain_conditioning,safety_violation,interaction,0.0,0.0,0.0
high,four_way_stop,8,2,residual_conditioning_minus_plain_conditioning,success,interaction,0.0,0.0,0.0
high,four_way_stop,8,2,residual_conditioning_minus_plain_conditioning,progress_ratio,interaction,-0.0026851333677767597,-0.0004543010145423576,-0.002230832353234402
high,four_way_stop,8,2,residual_conditioning_minus_plain_conditioning,final_goal_distance,interaction,0.0257751345634461,0.004360914230346596,0.021414220333099504
high,four_way_stop,8,2,residual_conditioning_minus_plain_conditioning,completion_time,interaction,-2.280000000000001,3.3599999999999994,-5.640000000000001
high,four_way_stop,8,2,residual_conditioning_minus_plain_conditioning,min_distance,interaction,0.027351200580596924,0.02635139226913452,0.0009998083114624023
clean,corridor,4,3,residual_conditioning_minus_plain_conditioning,collision,interaction,0.0,0.0,0.0
clean,corridor,4,3,residual_conditioning_minus_plain_conditioning,safety_violation,interaction,0.0,0.0,0.0
clean,corridor,4,3,residual_conditioning_minus_plain_conditioning,success,interaction,0.0,0.0,0.0
clean,corridor,4,3,residual_conditioning_minus_plain_conditioning,progress_ratio,interaction,0.00040419772267341614,-3.003794699918405e-05,0.0004342356696726002
clean,corridor,4,3,residual_conditioning_minus_plain_conditioning,final_goal_distance,interaction,-0.004133135080337608,0.00030715018510821257,-0.00444028526544582
clean,corridor,4,3,residual_conditioning_minus_plain_conditioning,completion_time,interaction,0.8399999999999999,-1.1999999999999993,2.039999999999999
clean,corridor,4,3,residual_conditioning_minus_plain_conditioning,min_distance,interaction,0.05717521905899048,0.07274937629699707,-0.015574157238006592
low,corridor,4,3,residual_conditioning_minus_plain_conditioning,collision,interaction,0.0,0.0,0.0
low,corridor,4,3,residual_conditioning_minus_plain_conditioning,safety_violation,interaction,0.0,0.0,0.0
low,corridor,4,3,residual_conditioning_minus_plain_conditioning,success,interaction,0.0,0.0,0.0
low,corridor,4,3,residual_conditioning_minus_plain_conditioning,progress_ratio,interaction,0.004894847050309181,-0.0052452972158790745,0.010140144266188256
low,corridor,4,3,residual_conditioning_minus_plain_conditioning,final_goal_distance,interaction,-0.05005232989788058,0.053635850548744174,-0.10368818044662476
low,corridor,4,3,residual_conditioning_minus_plain_conditioning,completion_time,interaction,0.9599999999999991,-0.8399999999999999,1.799999999999999
low,corridor,4,3,residual_conditioning_minus_plain_conditioning,min_distance,interaction,-0.042418479919433594,-0.11126440763473511,0.06884592771530151
medium,corridor,4,3,residual_conditioning_minus_plain_conditioning,collision,interaction,0.0,0.0,0.0
medium,corridor,4,3,residual_conditioning_minus_plain_conditioning,safety_violation,interaction,1.0,1.0,0.0
medium,corridor,4,3,residual_conditioning_minus_plain_conditioning,success,interaction,0.0,0.0,0.0
medium,corridor,4,3,residual_conditioning_minus_plain_conditioning,progress_ratio,interaction,0.001291925087571144,0.000510278157889843,0.0007816469296813011
medium,corridor,4,3,residual_conditioning_minus_plain_conditioning,final_goal_distance,interaction,-0.013210594654083307,-0.005217857658862998,-0.00799273699522031
medium,corridor,4,3,residual_conditioning_minus_plain_conditioning,completion_time,interaction,1.92,0.2400000000000002,1.6799999999999997
medium,corridor,4,3,residual_conditioning_minus_plain_conditioning,min_distance,interaction,-0.15386691689491278,-0.09357634186744695,-0.06029057502746582
high,corridor,4,3,residual_conditioning_minus_plain_conditioning,collision,interaction,0.0,0.0,0.0
high,corridor,4,3,residual_conditioning_minus_plain_conditioning,safety_violation,interaction,0.0,0.0,0.0
high,corridor,4,3,residual_conditioning_minus_plain_conditioning,success,interaction,0.0,0.0,0.0
high,corridor,4,3,residual_conditioning_minus_plain_conditioning,progress_ratio,interaction,0.009942638687789662,-0.003221713937819004,0.013164352625608666
high,corridor,4,3,residual_conditioning_minus_plain_conditioning,final_goal_distance,interaction,-0.10166858136653899,0.03294367343187331,-0.1346122547984123
high,corridor,4,3,residual_conditioning_minus_plain_conditioning,completion_time,interaction,1.08,-2.040000000000001,3.120000000000001
high,corridor,4,3,residual_conditioning_minus_plain_conditioning,min_distance,interaction,0.01271277666091919,0.01857823133468628,-0.00586545467376709
clean,corridor,8,3,residual_conditioning_minus_plain_conditioning,collision,interaction,0.0,0.0,0.0
clean,corridor,8,3,residual_conditioning_minus_plain_conditioning,safety_violation,interaction,0.0,0.0,0.0
clean,corridor,8,3,residual_conditioning_minus_plain_conditioning,success,interaction,0.0,0.0,0.0
clean,corridor,8,3,residual_conditioning_minus_plain_conditioning,progress_ratio,interaction,-0.010038860142230766,-0.007677093148231506,-0.002361766993999259
clean,corridor,8,3,residual_conditioning_minus_plain_conditioning,final_goal_distance,interaction,0.10161387920379639,0.07770794630050659,0.023905932903289795
clean,corridor,8,3,residual_conditioning_minus_plain_conditioning,completion_time,interaction,0.0,0.0,0.0
clean,corridor,8,3,residual_conditioning_minus_plain_conditioning,min_distance,interaction,0.025362253189086914,-0.004730224609375,0.030092477798461914
low,corridor,8,3,residual_conditioning_minus_plain_conditioning,collision,interaction,0.0,0.0,0.0
low,corridor,8,3,residual_conditioning_minus_plain_conditioning,safety_violation,interaction,0.0,0.0,0.0
low,corridor,8,3,residual_conditioning_minus_plain_conditioning,success,interaction,0.0,0.0,0.0
low,corridor,8,3,residual_conditioning_minus_plain_conditioning,progress_ratio,interaction,0.004100330173969269,0.0024610385298730053,0.0016392916440962635
low,corridor,8,3,residual_conditioning_minus_plain_conditioning,final_goal_distance,interaction,-0.04150378704071045,-0.024910807609558105,-0.016592979431152344
low,corridor,8,3,residual_conditioning_minus_plain_conditioning,completion_time,interaction,0.0,0.0,0.0
low,corridor,8,3,residual_conditioning_minus_plain_conditioning,min_distance,interaction,-0.0009412765502929688,0.05508512258529663,-0.0560263991355896
medium,corridor,8,3,residual_conditioning_minus_plain_conditioning,collision,interaction,0.0,0.0,0.0
medium,corridor,8,3,residual_conditioning_minus_plain_conditioning,safety_violation,interaction,0.0,0.0,0.0
medium,corridor,8,3,residual_conditioning_minus_plain_conditioning,success,interaction,0.0,0.0,0.0
medium,corridor,8,3,residual_conditioning_minus_plain_conditioning,progress_ratio,interaction,0.003188006579875835,-0.003194071352481731,0.006382077932357566
medium,corridor,8,3,residual_conditioning_minus_plain_conditioning,final_goal_distance,interaction,-0.032269179821014404,0.03233057260513306,-0.06459975242614746
medium,corridor,8,3,residual_conditioning_minus_plain_conditioning,completion_time,interaction,0.0,0.0,0.0
medium,corridor,8,3,residual_conditioning_minus_plain_conditioning,min_distance,interaction,0.06448084115982056,-0.023228704929351807,0.08770954608917236
high,corridor,8,3,residual_conditioning_minus_plain_conditioning,collision,interaction,0.0,0.0,0.0
high,corridor,8,3,residual_conditioning_minus_plain_conditioning,safety_violation,interaction,0.0,0.0,0.0
high,corridor,8,3,residual_conditioning_minus_plain_conditioning,success,interaction,0.0,0.0,0.0
high,corridor,8,3,residual_conditioning_minus_plain_conditioning,progress_ratio,interaction,-0.0015241950750352062,0.011757075786590687,-0.013281270861625893
high,corridor,8,3,residual_conditioning_minus_plain_conditioning,final_goal_distance,interaction,0.015428006649017334,-0.11900579929351807,0.1344338059425354
high,corridor,8,3,residual_conditioning_minus_plain_conditioning,completion_time,interaction,0.0,0.0,0.0
high,corridor,8,3,residual_conditioning_minus_plain_conditioning,min_distance,interaction,0.0109938383102417,-0.08536028861999512,0.09635412693023682
clean,narrow_gate,4,3,residual_conditioning_minus_plain_conditioning,collision,interaction,0.0,0.0,0.0
clean,narrow_gate,4,3,residual_conditioning_minus_plain_conditioning,safety_violation,interaction,0.0,0.0,0.0
clean,narrow_gate,4,3,residual_conditioning_minus_plain_conditioning,success,interaction,0.0,0.0,0.0
clean,narrow_gate,4,3,residual_conditioning_minus_plain_conditioning,progress_ratio,interaction,-0.0016154255717992783,-0.09990676492452633,0.09829133935272705
clean,narrow_gate,4,3,residual_conditioning_minus_plain_conditioning,final_goal_distance,interaction,0.01718171685934068,1.06261146068573,-1.0454297438263893
clean,narrow_gate,4,3,residual_conditioning_minus_plain_conditioning,completion_time,interaction,-7.32,0.0,-7.32
clean,narrow_gate,4,3,residual_conditioning_minus_plain_conditioning,min_distance,interaction,0.0005746774420686274,0.1302550015162126,-0.12968032407414398
low,narrow_gate,4,3,residual_conditioning_minus_plain_conditioning,collision,interaction,0.0,0.0,0.0
low,narrow_gate,4,3,residual_conditioning_minus_plain_conditioning,safety_violation,interaction,0.0,0.0,0.0
low,narrow_gate,4,3,residual_conditioning_minus_plain_conditioning,success,interaction,-1.0,1.0,-2.0
low,narrow_gate,4,3,residual_conditioning_minus_plain_conditioning,progress_ratio,interaction,-0.15750893391668808,0.15615316946059477,-0.31366210337728284
low,narrow_gate,4,3,residual_conditioning_minus_plain_conditioning,final_goal_distance,interaction,1.6752699315547943,-1.660849928855896,3.3361198604106903
low,narrow_gate,4,3,residual_conditioning_minus_plain_conditioning,completion_time,interaction,7.199999999999999,-0.5999999999999979,7.799999999999997
low,narrow_gate,4,3,residual_conditioning_minus_plain_conditioning,min_distance,interaction,0.10697063458131195,-0.005898796316176291,0.11286943089748824
medium,narrow_gate,4,3,residual_conditioning_minus_plain_conditioning,collision,interaction,0.0,0.0,0.0
medium,narrow_gate,4,3,residual_conditioning_minus_plain_conditioning,safety_violation,interaction,0.0,0.0,0.0
medium,narrow_gate,4,3,residual_conditioning_minus_plain_conditioning,success,interaction,1.0,0.0,1.0
medium,narrow_gate,4,3,residual_conditioning_minus_plain_conditioning,progress_ratio,interaction,0.1581699661910535,-0.01534879207611084,0.17351875826716434
medium,narrow_gate,4,3,residual_conditioning_minus_plain_conditioning,final_goal_distance,interaction,-1.6823006868362427,0.16325020790100098,-1.8455508947372437
medium,narrow_gate,4,3,residual_conditioning_minus_plain_conditioning,completion_time,interaction,-12.239999999999998,0.0,-12.239999999999998
medium,narrow_gate,4,3,residual_conditioning_minus_plain_conditioning,min_distance,interaction,-0.04571522074445422,-0.0425531268119812,-0.00316209393247302
high,narrow_gate,4,3,residual_conditioning_minus_plain_conditioning,collision,interaction,0.0,0.0,0.0
high,narrow_gate,4,3,residual_conditioning_minus_plain_conditioning,safety_violation,interaction,0.0,0.0,0.0
high,narrow_gate,4,3,residual_conditioning_minus_plain_conditioning,success,interaction,0.0,-1.0,1.0
high,narrow_gate,4,3,residual_conditioning_minus_plain_conditioning,progress_ratio,interaction,-0.0032172473147511482,-0.15262449253350496,0.14940724521875381
high,narrow_gate,4,3,residual_conditioning_minus_plain_conditioning,final_goal_distance,interaction,0.03421874344348909,1.6233189105987549,-1.5891001671552658
high,narrow_gate,4,3,residual_conditioning_minus_plain_conditioning,completion_time,interaction,4.679999999999998,9.599999999999998,-4.92
high,narrow_gate,4,3,residual_conditioning_minus_plain_conditioning,min_distance,interaction,-0.037912189960479736,0.011493384838104248,-0.049405574798583984
clean,narrow_gate,8,3,residual_conditioning_minus_plain_conditioning,collision,interaction,0.0,0.0,0.0
clean,narrow_gate,8,3,residual_conditioning_minus_plain_conditioning,safety_violation,interaction,0.0,0.0,0.0
clean,narrow_gate,8,3,residual_conditioning_minus_plain_conditioning,success,interaction,0.0,0.0,0.0
clean,narrow_gate,8,3,residual_conditioning_minus_plain_conditioning,progress_ratio,interaction,-0.08108468353748322,0.2890823483467102,-0.3701670318841934
clean,narrow_gate,8,3,residual_conditioning_minus_plain_conditioning,final_goal_distance,interaction,0.8451917171478271,-3.0132696628570557,3.858461380004883
clean,narrow_gate,8,3,residual_conditioning_minus_plain_conditioning,completion_time,interaction,0.0,0.0,0.0
clean,narrow_gate,8,3,residual_conditioning_minus_plain_conditioning,min_distance,interaction,0.10196596384048462,0.019000709056854248,0.08296525478363037
low,narrow_gate,8,3,residual_conditioning_minus_plain_conditioning,collision,interaction,0.0,0.0,0.0
low,narrow_gate,8,3,residual_conditioning_minus_plain_conditioning,safety_violation,interaction,0.0,0.0,0.0
low,narrow_gate,8,3,residual_conditioning_minus_plain_conditioning,success,interaction,0.0,0.0,0.0
low,narrow_gate,8,3,residual_conditioning_minus_plain_conditioning,progress_ratio,interaction,-0.16334576904773712,0.09233438968658458,-0.2556801587343217
low,narrow_gate,8,3,residual_conditioning_minus_plain_conditioning,final_goal_distance,interaction,1.7026457786560059,-0.9624539017677307,2.6650996804237366
low,narrow_gate,8,3,residual_conditioning_minus_plain_conditioning,completion_time,interaction,0.0,0.0,0.0
low,narrow_gate,8,3,residual_conditioning_minus_plain_conditioning,min_distance,interaction,-0.13112813234329224,-0.018902897834777832,-0.1122252345085144
medium,narrow_gate,8,3,residual_conditioning_minus_plain_conditioning,collision,interaction,0.0,0.0,0.0
medium,narrow_gate,8,3,residual_conditioning_minus_plain_conditioning,safety_violation,interaction,0.0,0.0,0.0
medium,narrow_gate,8,3,residual_conditioning_minus_plain_conditioning,success,interaction,0.0,0.0,0.0
medium,narrow_gate,8,3,residual_conditioning_minus_plain_conditioning,progress_ratio,interaction,0.03365956246852875,0.03194049000740051,0.0017190724611282349
medium,narrow_gate,8,3,residual_conditioning_minus_plain_conditioning,final_goal_distance,interaction,-0.35085272789001465,-0.3329341411590576,-0.01791858673095703
medium,narrow_gate,8,3,residual_conditioning_minus_plain_conditioning,completion_time,interaction,0.0,0.0,0.0
medium,narrow_gate,8,3,residual_conditioning_minus_plain_conditioning,min_distance,interaction,-0.07918280363082886,-0.198638916015625,0.11945611238479614
high,narrow_gate,8,3,residual_conditioning_minus_plain_conditioning,collision,interaction,0.0,0.0,0.0
high,narrow_gate,8,3,residual_conditioning_minus_plain_conditioning,safety_violation,interaction,0.0,0.0,0.0
high,narrow_gate,8,3,residual_conditioning_minus_plain_conditioning,success,interaction,0.0,0.0,0.0
high,narrow_gate,8,3,residual_conditioning_minus_plain_conditioning,progress_ratio,interaction,0.0796533413231374,0.07812564074993134,0.001527700573206059
high,narrow_gate,8,3,residual_conditioning_minus_plain_conditioning,final_goal_distance,interaction,-0.8302720189094543,-0.8143479824066167,-0.01592403650283769
high,narrow_gate,8,3,residual_conditioning_minus_plain_conditioning,completion_time,interaction,0.0,0.0,0.0
high,narrow_gate,8,3,residual_conditioning_minus_plain_conditioning,min_distance,interaction,0.11421477794647217,-0.06527847051620483,0.179493248462677
clean,merge_bottleneck,4,3,residual_conditioning_minus_plain_conditioning,collision,interaction,0.0,0.0,0.0
clean,merge_bottleneck,4,3,residual_conditioning_minus_plain_conditioning,safety_violation,interaction,0.0,0.0,0.0
clean,merge_bottleneck,4,3,residual_conditioning_minus_plain_conditioning,success,interaction,0.0,0.0,0.0
clean,merge_bottleneck,4,3,residual_conditioning_minus_plain_conditioning,progress_ratio,interaction,0.059886347502470016,0.0030386149883270264,0.05684773251414299
clean,merge_bottleneck,4,3,residual_conditioning_minus_plain_conditioning,final_goal_distance,interaction,-0.6211445927619934,-0.0315166711807251,-0.5896279215812683
clean,merge_bottleneck,4,3,residual_conditioning_minus_plain_conditioning,completion_time,interaction,0.0,0.0,0.0
clean,merge_bottleneck,4,3,residual_conditioning_minus_plain_conditioning,min_distance,interaction,0.2648484706878662,-0.03321164846420288,0.2980601191520691
low,merge_bottleneck,4,3,residual_conditioning_minus_plain_conditioning,collision,interaction,0.0,0.0,0.0
low,merge_bottleneck,4,3,residual_conditioning_minus_plain_conditioning,safety_violation,interaction,0.0,0.0,0.0
low,merge_bottleneck,4,3,residual_conditioning_minus_plain_conditioning,success,interaction,0.0,0.0,0.0
low,merge_bottleneck,4,3,residual_conditioning_minus_plain_conditioning,progress_ratio,interaction,0.010622434318065643,0.041888922452926636,-0.03126648813486099
low,merge_bottleneck,4,3,residual_conditioning_minus_plain_conditioning,final_goal_distance,interaction,-0.11017650365829468,-0.43447422981262185,0.32429772615432717
low,merge_bottleneck,4,3,residual_conditioning_minus_plain_conditioning,completion_time,interaction,0.0,0.0,0.0
low,merge_bottleneck,4,3,residual_conditioning_minus_plain_conditioning,min_distance,interaction,0.025465868545770598,-0.15149793744087225,0.17696380598664285
medium,merge_bottleneck,4,3,residual_conditioning_minus_plain_conditioning,collision,interaction,0.0,0.0,0.0
medium,merge_bottleneck,4,3,residual_conditioning_minus_plain_conditioning,safety_violation,interaction,0.0,0.0,0.0
medium,merge_bottleneck,4,3,residual_conditioning_minus_plain_conditioning,success,interaction,0.0,0.0,0.0
medium,merge_bottleneck,4,3,residual_conditioning_minus_plain_conditioning,progress_ratio,interaction,0.03593830019235622,-0.022883202880620956,0.05882150307297718
medium,merge_bottleneck,4,3,residual_conditioning_minus_plain_conditioning,final_goal_distance,interaction,-0.3727540373802186,0.2373458743095398,-0.6100999116897584
medium,merge_bottleneck,4,3,residual_conditioning_minus_plain_conditioning,completion_time,interaction,0.0,0.0,0.0
medium,merge_bottleneck,4,3,residual_conditioning_minus_plain_conditioning,min_distance,interaction,-9.962554771036913e-06,0.00020763368395615434,-0.00021759623872719125
high,merge_bottleneck,4,3,residual_conditioning_minus_plain_conditioning,collision,interaction,0.0,0.0,0.0
high,merge_bottleneck,4,3,residual_conditioning_minus_plain_conditioning,safety_violation,interaction,0.0,0.0,0.0
high,merge_bottleneck,4,3,residual_conditioning_minus_plain_conditioning,success,interaction,0.0,0.0,0.0
high,merge_bottleneck,4,3,residual_conditioning_minus_plain_conditioning,progress_ratio,interaction,0.006764709949493186,0.011222243309020996,-0.00445753335952781
high,merge_bottleneck,4,3,residual_conditioning_minus_plain_conditioning,final_goal_distance,interaction,-0.07016396522521973,-0.11639773845672607,0.04623377323150635
high,merge_bottleneck,4,3,residual_conditioning_minus_plain_conditioning,completion_time,interaction,0.0,0.0,0.0
high,merge_bottleneck,4,3,residual_conditioning_minus_plain_conditioning,min_distance,interaction,-0.011548252105712864,-0.018537328754886784,0.00698907664917392
clean,merge_bottleneck,8,3,residual_conditioning_minus_plain_conditioning,collision,interaction,0.0,0.0,0.0
clean,merge_bottleneck,8,3,residual_conditioning_minus_plain_conditioning,safety_violation,interaction,0.0,1.0,-1.0
clean,merge_bottleneck,8,3,residual_conditioning_minus_plain_conditioning,success,interaction,0.0,0.0,0.0
clean,merge_bottleneck,8,3,residual_conditioning_minus_plain_conditioning,progress_ratio,interaction,-0.08854089677333832,0.003935113549232483,-0.0924760103225708
clean,merge_bottleneck,8,3,residual_conditioning_minus_plain_conditioning,final_goal_distance,interaction,0.9167819023132324,-0.04074549674987793,0.9575273990631104
clean,merge_bottleneck,8,3,residual_conditioning_minus_plain_conditioning,completion_time,interaction,0.0,0.0,0.0
clean,merge_bottleneck,8,3,residual_conditioning_minus_plain_conditioning,min_distance,interaction,-0.08730274438858032,-0.07668286561965942,-0.010619878768920898
low,merge_bottleneck,8,3,residual_conditioning_minus_plain_conditioning,collision,interaction,0.0,0.0,0.0
low,merge_bottleneck,8,3,residual_conditioning_minus_plain_conditioning,safety_violation,interaction,0.0,0.0,0.0
low,merge_bottleneck,8,3,residual_conditioning_minus_plain_conditioning,success,interaction,0.0,0.0,0.0
low,merge_bottleneck,8,3,residual_conditioning_minus_plain_conditioning,progress_ratio,interaction,-0.07096108794212341,0.041544556617736816,-0.11250564455986023
low,merge_bottleneck,8,3,residual_conditioning_minus_plain_conditioning,final_goal_distance,interaction,0.7347545623779297,-0.43016624450683594,1.1649208068847656
low,merge_bottleneck,8,3,residual_conditioning_minus_plain_conditioning,completion_time,interaction,0.0,0.0,0.0
low,merge_bottleneck,8,3,residual_conditioning_minus_plain_conditioning,min_distance,interaction,0.02490168809890747,0.028230726718902588,-0.003329038619995117
medium,merge_bottleneck,8,3,residual_conditioning_minus_plain_conditioning,collision,interaction,0.0,0.0,0.0
medium,merge_bottleneck,8,3,residual_conditioning_minus_plain_conditioning,safety_violation,interaction,-1.0,-1.0,0.0
medium,merge_bottleneck,8,3,residual_conditioning_minus_plain_conditioning,success,interaction,0.0,0.0,0.0
medium,merge_bottleneck,8,3,residual_conditioning_minus_plain_conditioning,progress_ratio,interaction,-0.06871068477630615,-0.038581252098083496,-0.030129432678222656
medium,merge_bottleneck,8,3,residual_conditioning_minus_plain_conditioning,final_goal_distance,interaction,0.7114531993865967,0.39948320388793945,0.3119699954986572
medium,merge_bottleneck,8,3,residual_conditioning_minus_plain_conditioning,completion_time,interaction,0.0,0.0,0.0
medium,merge_bottleneck,8,3,residual_conditioning_minus_plain_conditioning,min_distance,interaction,0.06630742549896246,0.20543283224105835,-0.1391254067420959
high,merge_bottleneck,8,3,residual_conditioning_minus_plain_conditioning,collision,interaction,0.0,0.0,0.0
high,merge_bottleneck,8,3,residual_conditioning_minus_plain_conditioning,safety_violation,interaction,0.0,0.0,0.0
high,merge_bottleneck,8,3,residual_conditioning_minus_plain_conditioning,success,interaction,0.0,0.0,0.0
high,merge_bottleneck,8,3,residual_conditioning_minus_plain_conditioning,progress_ratio,interaction,0.002456068992614746,-0.07499505579471588,0.07745112478733063
high,merge_bottleneck,8,3,residual_conditioning_minus_plain_conditioning,final_goal_distance,interaction,-0.025430917739868164,0.7765235900878911,-0.8019545078277592
high,merge_bottleneck,8,3,residual_conditioning_minus_plain_conditioning,completion_time,interaction,0.0,0.0,0.0
high,merge_bottleneck,8,3,residual_conditioning_minus_plain_conditioning,min_distance,interaction,-0.010006368160247803,0.06204533576965332,-0.07205170392990112
clean,four_way_stop,4,3,residual_conditioning_minus_plain_conditioning,collision,interaction,0.0,0.0,0.0
clean,four_way_stop,4,3,residual_conditioning_minus_plain_conditioning,safety_violation,interaction,0.0,0.0,0.0
clean,four_way_stop,4,3,residual_conditioning_minus_plain_conditioning,success,interaction,0.0,0.0,0.0
clean,four_way_stop,4,3,residual_conditioning_minus_plain_conditioning,progress_ratio,interaction,0.00018300861120212897,-0.0012044534087179981,0.001387462019920127
clean,four_way_stop,4,3,residual_conditioning_minus_plain_conditioning,final_goal_distance,interaction,-0.0017558634281159002,0.01155608147382739,-0.01331194490194329
clean,four_way_stop,4,3,residual_conditioning_minus_plain_conditioning,completion_time,interaction,-0.35999999999999943,-0.7200000000000006,0.3600000000000012
clean,four_way_stop,4,3,residual_conditioning_minus_plain_conditioning,min_distance,interaction,0.0,0.0029147863388065964,-0.0029147863388065964
low,four_way_stop,4,3,residual_conditioning_minus_plain_conditioning,collision,interaction,0.0,0.0,0.0
low,four_way_stop,4,3,residual_conditioning_minus_plain_conditioning,safety_violation,interaction,0.0,0.0,0.0
low,four_way_stop,4,3,residual_conditioning_minus_plain_conditioning,success,interaction,0.0,0.0,0.0
low,four_way_stop,4,3,residual_conditioning_minus_plain_conditioning,progress_ratio,interaction,0.0008857594802974544,0.005471626296639331,-0.004585866816341877
low,four_way_stop,4,3,residual_conditioning_minus_plain_conditioning,final_goal_distance,interaction,-0.008498385548591614,-0.05249729752540591,0.0439989119768143
low,four_way_stop,4,3,residual_conditioning_minus_plain_conditioning,completion_time,interaction,0.0,-1.08,1.08
low,four_way_stop,4,3,residual_conditioning_minus_plain_conditioning,min_distance,interaction,0.0,0.10306310653686523,-0.10306310653686523
medium,four_way_stop,4,3,residual_conditioning_minus_plain_conditioning,collision,interaction,0.0,0.0,0.0
medium,four_way_stop,4,3,residual_conditioning_minus_plain_conditioning,safety_violation,interaction,0.0,0.0,0.0
medium,four_way_stop,4,3,residual_conditioning_minus_plain_conditioning,success,interaction,0.0,0.0,0.0
medium,four_way_stop,4,3,residual_conditioning_minus_plain_conditioning,progress_ratio,interaction,0.0013853255659341812,-0.0004029935225844383,0.0017883190885186195
medium,four_way_stop,4,3,residual_conditioning_minus_plain_conditioning,final_goal_distance,interaction,-0.013291448354721097,0.0038665086030959944,-0.01715795695781709
medium,four_way_stop,4,3,residual_conditioning_minus_plain_conditioning,completion_time,interaction,-0.2400000000000002,-0.4800000000000004,0.2400000000000002
medium,four_way_stop,4,3,residual_conditioning_minus_plain_conditioning,min_distance,interaction,-0.10494321584701538,-0.14094632863998402,0.03600311279296864
high,four_way_stop,4,3,residual_conditioning_minus_plain_conditioning,collision,interaction,0.0,0.0,0.0
high,four_way_stop,4,3,residual_conditioning_minus_plain_conditioning,safety_violation,interaction,0.0,0.0,0.0
high,four_way_stop,4,3,residual_conditioning_minus_plain_conditioning,success,interaction,0.0,0.0,0.0
high,four_way_stop,4,3,residual_conditioning_minus_plain_conditioning,progress_ratio,interaction,0.0005903318524359547,0.0018792981281875454,-0.0012889662757515907
high,four_way_stop,4,3,residual_conditioning_minus_plain_conditioning,final_goal_distance,interaction,-0.0056639164686203,-0.01803085207939141,0.01236693561077111
high,four_way_stop,4,3,residual_conditioning_minus_plain_conditioning,completion_time,interaction,0.4800000000000004,-0.2400000000000002,0.7200000000000006
high,four_way_stop,4,3,residual_conditioning_minus_plain_conditioning,min_distance,interaction,0.004131317138671875,-0.040046095848083496,0.04417741298675537
clean,four_way_stop,8,3,residual_conditioning_minus_plain_conditioning,collision,interaction,0.0,0.0,0.0
clean,four_way_stop,8,3,residual_conditioning_minus_plain_conditioning,safety_violation,interaction,0.0,0.0,0.0
clean,four_way_stop,8,3,residual_conditioning_minus_plain_conditioning,success,interaction,0.0,0.0,0.0
clean,four_way_stop,8,3,residual_conditioning_minus_plain_conditioning,progress_ratio,interaction,0.0020617153495551266,-0.00014340505003918036,0.002205120399594307
clean,four_way_stop,8,3,residual_conditioning_minus_plain_conditioning,final_goal_distance,interaction,-0.0197745263576507,0.0013754367828368863,-0.021149963140487588
clean,four_way_stop,8,3,residual_conditioning_minus_plain_conditioning,completion_time,interaction,-3.119999999999999,-10.68,7.5600000000000005
clean,four_way_stop,8,3,residual_conditioning_minus_plain_conditioning,min_distance,interaction,-0.0459403395652771,-0.001775205135345459,-0.04416513442993164
low,four_way_stop,8,3,residual_conditioning_minus_plain_conditioning,collision,interaction,0.0,0.0,0.0
low,four_way_stop,8,3,residual_conditioning_minus_plain_conditioning,safety_violation,interaction,0.0,0.0,0.0
low,four_way_stop,8,3,residual_conditioning_minus_plain_conditioning,success,interaction,0.0,1.0,-1.0
low,four_way_stop,8,3,residual_conditioning_minus_plain_conditioning,progress_ratio,interaction,-0.0009861811995507397,0.0061159152537584305,-0.00710209645330917
low,four_way_stop,8,3,residual_conditioning_minus_plain_conditioning,final_goal_distance,interaction,0.009458750486373901,-0.058659553527832003,0.0681183040142059
low,four_way_stop,8,3,residual_conditioning_minus_plain_conditioning,completion_time,interaction,3.120000000000001,-10.799999999999999,13.92
low,four_way_stop,8,3,residual_conditioning_minus_plain_conditioning,min_distance,interaction,0.028739094734191895,-0.031207263469696045,0.05994635820388794
medium,four_way_stop,8,3,residual_conditioning_minus_plain_conditioning,collision,interaction,0.0,0.0,0.0
medium,four_way_stop,8,3,residual_conditioning_minus_plain_conditioning,safety_violation,interaction,0.0,0.0,0.0
medium,four_way_stop,8,3,residual_conditioning_minus_plain_conditioning,success,interaction,0.0,1.0,-1.0
medium,four_way_stop,8,3,residual_conditioning_minus_plain_conditioning,progress_ratio,interaction,0.0012370739132163688,0.0030295439064501606,-0.0017924699932337917
medium,four_way_stop,8,3,residual_conditioning_minus_plain_conditioning,final_goal_distance,interaction,-0.011865139007568387,-0.02905724942684168,0.017192110419273293
medium,four_way_stop,8,3,residual_conditioning_minus_plain_conditioning,completion_time,interaction,2.16,-7.199999999999999,9.36
medium,four_way_stop,8,3,residual_conditioning_minus_plain_conditioning,min_distance,interaction,-0.005125761032104492,-0.031088173389434814,0.025962412357330322
high,four_way_stop,8,3,residual_conditioning_minus_plain_conditioning,collision,interaction,0.0,0.0,0.0
high,four_way_stop,8,3,residual_conditioning_minus_plain_conditioning,safety_violation,interaction,0.0,0.0,0.0
high,four_way_stop,8,3,residual_conditioning_minus_plain_conditioning,success,interaction,0.0,1.0,-1.0
high,four_way_stop,8,3,residual_conditioning_minus_plain_conditioning,progress_ratio,interaction,-0.0021598562598228455,0.0029662996530533947,-0.00512615591287624
high,four_way_stop,8,3,residual_conditioning_minus_plain_conditioning,final_goal_distance,interaction,0.02071581780910489,-0.028450652956962585,0.04916647076606748
high,four_way_stop,8,3,residual_conditioning_minus_plain_conditioning,completion_time,interaction,-8.759999999999998,-11.04,2.280000000000001
high,four_way_stop,8,3,residual_conditioning_minus_plain_conditioning,min_distance,interaction,0.01895362138748169,-0.023436009883880615,0.042389631271362305
clean,corridor,4,4,residual_conditioning_minus_plain_conditioning,collision,interaction,0.0,0.0,0.0
clean,corridor,4,4,residual_conditioning_minus_plain_conditioning,safety_violation,interaction,0.0,1.0,-1.0
clean,corridor,4,4,residual_conditioning_minus_plain_conditioning,success,interaction,0.0,0.0,0.0
clean,corridor,4,4,residual_conditioning_minus_plain_conditioning,progress_ratio,interaction,0.0014703832566738129,-0.000776718370616436,0.002247101627290249
clean,corridor,4,4,residual_conditioning_minus_plain_conditioning,final_goal_distance,interaction,-0.015064746141433702,0.007957838475704193,-0.023022584617137895
clean,corridor,4,4,residual_conditioning_minus_plain_conditioning,completion_time,interaction,3.24,0.11999999999999922,3.120000000000001
clean,corridor,4,4,residual_conditioning_minus_plain_conditioning,min_distance,interaction,0.1536785364151001,-0.03385132551193237,0.18752986192703247
low,corridor,4,4,residual_conditioning_minus_plain_conditioning,collision,interaction,0.0,0.0,0.0
low,corridor,4,4,residual_conditioning_minus_plain_conditioning,safety_violation,interaction,0.0,0.0,0.0
low,corridor,4,4,residual_conditioning_minus_plain_conditioning,success,interaction,0.0,0.0,0.0
low,corridor,4,4,residual_conditioning_minus_plain_conditioning,progress_ratio,interaction,0.007406163029372803,-0.0036659063771367073,0.01107206940650951
low,corridor,4,4,residual_conditioning_minus_plain_conditioning,final_goal_distance,interaction,-0.0758795291185379,0.037558890879154205,-0.11343841999769211
low,corridor,4,4,residual_conditioning_minus_plain_conditioning,completion_time,interaction,3.0,-0.2400000000000002,3.24
low,corridor,4,4,residual_conditioning_minus_plain_conditioning,min_distance,interaction,0.05030792951583862,-0.00245511531829834,0.05276304483413696
medium,corridor,4,4,residual_conditioning_minus_plain_conditioning,collision,interaction,0.0,0.0,0.0
medium,corridor,4,4,residual_conditioning_minus_plain_conditioning,safety_violation,interaction,0.0,0.0,0.0
medium,corridor,4,4,residual_conditioning_minus_plain_conditioning,success,interaction,0.0,0.0,0.0
medium,corridor,4,4,residual_conditioning_minus_plain_conditioning,progress_ratio,interaction,-0.0005587441846728325,-0.0027736518532035515,0.002214907668530719
medium,corridor,4,4,residual_conditioning_minus_plain_conditioning,final_goal_distance,interaction,0.0057245939970017035,0.028417333960533225,-0.022692739963531522
medium,corridor,4,4,residual_conditioning_minus_plain_conditioning,completion_time,interaction,0.2400000000000002,-0.5999999999999996,0.8399999999999999
medium,corridor,4,4,residual_conditioning_minus_plain_conditioning,min_distance,interaction,0.16200590133666992,0.00916898250579834,0.15283691883087158
high,corridor,4,4,residual_conditioning_minus_plain_conditioning,collision,interaction,0.0,0.0,0.0
high,corridor,4,4,residual_conditioning_minus_plain_conditioning,safety_violation,interaction,0.0,0.0,0.0
high,corridor,4,4,residual_conditioning_minus_plain_conditioning,success,interaction,0.0,0.0,0.0
high,corridor,4,4,residual_conditioning_minus_plain_conditioning,progress_ratio,interaction,0.004275777377188206,0.0023868028074504055,0.0018889745697378002
high,corridor,4,4,residual_conditioning_minus_plain_conditioning,final_goal_distance,interaction,-0.0438072979450226,-0.024453893303871183,-0.019353404641151414
high,corridor,4,4,residual_conditioning_minus_plain_conditioning,completion_time,interaction,1.6799999999999997,-1.6799999999999997,3.3599999999999994
high,corridor,4,4,residual_conditioning_minus_plain_conditioning,min_distance,interaction,0.060495078563690186,-0.023023545742034912,0.0835186243057251
clean,corridor,8,4,residual_conditioning_minus_plain_conditioning,collision,interaction,0.0,0.0,0.0
clean,corridor,8,4,residual_conditioning_minus_plain_conditioning,safety_violation,interaction,0.0,0.0,0.0
clean,corridor,8,4,residual_conditioning_minus_plain_conditioning,success,interaction,0.0,0.0,0.0
clean,corridor,8,4,residual_conditioning_minus_plain_conditioning,progress_ratio,interaction,0.01097232475876797,-0.012366034090519173,0.023338358849287144
clean,corridor,8,4,residual_conditioning_minus_plain_conditioning,final_goal_distance,interaction,-0.11097216606140137,0.12506788969039917,-0.23604005575180054
clean,corridor,8,4,residual_conditioning_minus_plain_conditioning,completion_time,interaction,0.0,0.0,0.0
clean,corridor,8,4,residual_conditioning_minus_plain_conditioning,min_distance,interaction,0.0004976987838745117,0.014861583709716797,-0.014363884925842285
low,corridor,8,4,residual_conditioning_minus_plain_conditioning,collision,interaction,0.0,1.0,-1.0
low,corridor,8,4,residual_conditioning_minus_plain_conditioning,safety_violation,interaction,0.0,1.0,-1.0
low,corridor,8,4,residual_conditioning_minus_plain_conditioning,success,interaction,0.0,0.0,0.0
low,corridor,8,4,residual_conditioning_minus_plain_conditioning,progress_ratio,interaction,-0.024393666535616032,-0.03889739513397206,0.014503728598356025
low,corridor,8,4,residual_conditioning_minus_plain_conditioning,final_goal_distance,interaction,0.24671322107315063,0.3934013843536379,-0.14668816328048728
low,corridor,8,4,residual_conditioning_minus_plain_conditioning,completion_time,interaction,0.0,0.0,0.0
low,corridor,8,4,residual_conditioning_minus_plain_conditioning,min_distance,interaction,-0.030305564403533936,-0.25443375110626226,0.22412818670272833
medium,corridor,8,4,residual_conditioning_minus_plain_conditioning,collision,interaction,0.0,0.0,0.0
medium,corridor,8,4,residual_conditioning_minus_plain_conditioning,safety_violation,interaction,0.0,0.0,0.0
medium,corridor,8,4,residual_conditioning_minus_plain_conditioning,success,interaction,0.0,0.0,0.0
medium,corridor,8,4,residual_conditioning_minus_plain_conditioning,progress_ratio,interaction,0.015376921743154415,-0.0018532127141952515,0.017230134457349666
medium,corridor,8,4,residual_conditioning_minus_plain_conditioning,final_goal_distance,interaction,-0.1555194854736328,0.01874309778213501,-0.17426258325576782
medium,corridor,8,4,residual_conditioning_minus_plain_conditioning,completion_time,interaction,0.0,0.0,0.0
medium,corridor,8,4,residual_conditioning_minus_plain_conditioning,min_distance,interaction,0.032030701637268066,0.0710000991821289,-0.03896939754486084
high,corridor,8,4,residual_conditioning_minus_plain_conditioning,collision,interaction,0.0,0.0,0.0
high,corridor,8,4,residual_conditioning_minus_plain_conditioning,safety_violation,interaction,0.0,0.0,0.0
high,corridor,8,4,residual_conditioning_minus_plain_conditioning,success,interaction,0.0,0.0,0.0
high,corridor,8,4,residual_conditioning_minus_plain_conditioning,progress_ratio,interaction,0.009648144245147594,-0.0027875006198884167,0.01243564486503601
high,corridor,8,4,residual_conditioning_minus_plain_conditioning,final_goal_distance,interaction,-0.09757959842681885,0.028192341327667236,-0.12577193975448608
high,corridor,8,4,residual_conditioning_minus_plain_conditioning,completion_time,interaction,0.0,0.0,0.0
high,corridor,8,4,residual_conditioning_minus_plain_conditioning,min_distance,interaction,-0.07902908325195312,0.1401626467704773,-0.21919173002243042
clean,narrow_gate,4,4,residual_conditioning_minus_plain_conditioning,collision,interaction,0.0,0.0,0.0
clean,narrow_gate,4,4,residual_conditioning_minus_plain_conditioning,safety_violation,interaction,0.0,0.0,0.0
clean,narrow_gate,4,4,residual_conditioning_minus_plain_conditioning,success,interaction,0.0,0.0,0.0
clean,narrow_gate,4,4,residual_conditioning_minus_plain_conditioning,progress_ratio,interaction,0.003367447294294723,0.015334412455558777,-0.011966965161264054
clean,narrow_gate,4,4,residual_conditioning_minus_plain_conditioning,final_goal_distance,interaction,-0.03587976098060609,-0.16338646411895752,0.12750670313835144
clean,narrow_gate,4,4,residual_conditioning_minus_plain_conditioning,completion_time,interaction,3.120000000000001,0.0,3.120000000000001
clean,narrow_gate,4,4,residual_conditioning_minus_plain_conditioning,min_distance,interaction,0.02130396473724583,-0.002384193487267039,0.023688158224512867
low,narrow_gate,4,4,residual_conditioning_minus_plain_conditioning,collision,interaction,0.0,0.0,0.0
low,narrow_gate,4,4,residual_conditioning_minus_plain_conditioning,safety_violation,interaction,0.0,0.0,0.0
low,narrow_gate,4,4,residual_conditioning_minus_plain_conditioning,success,interaction,1.0,0.0,1.0
low,narrow_gate,4,4,residual_conditioning_minus_plain_conditioning,progress_ratio,interaction,0.3477301010861993,0.00854809582233429,0.339182005263865
low,narrow_gate,4,4,residual_conditioning_minus_plain_conditioning,final_goal_distance,interaction,-3.705024793744087,-0.09107911586761475,-3.6139456778764725
low,narrow_gate,4,4,residual_conditioning_minus_plain_conditioning,completion_time,interaction,-10.559999999999999,0.0,-10.559999999999999
low,narrow_gate,4,4,residual_conditioning_minus_plain_conditioning,min_distance,interaction,-0.0685587158481561,0.012631097235375366,-0.08118981308353146
medium,narrow_gate,4,4,residual_conditioning_minus_plain_conditioning,collision,interaction,0.0,0.0,0.0
medium,narrow_gate,4,4,residual_conditioning_minus_plain_conditioning,safety_violation,interaction,0.0,0.0,0.0
medium,narrow_gate,4,4,residual_conditioning_minus_plain_conditioning,success,interaction,0.0,0.0,0.0
medium,narrow_gate,4,4,residual_conditioning_minus_plain_conditioning,progress_ratio,interaction,3.480259329080582e-05,-0.0019182832911609493,0.0019530858844517551
medium,narrow_gate,4,4,residual_conditioning_minus_plain_conditioning,final_goal_distance,interaction,-0.0003708153963088989,0.02043908834457389,-0.02080990374088279
medium,narrow_gate,4,4,residual_conditioning_minus_plain_conditioning,completion_time,interaction,6.959999999999999,-2.7600000000000016,9.72
medium,narrow_gate,4,4,residual_conditioning_minus_plain_conditioning,min_distance,interaction,0.11891015186555609,-0.048763811588287354,0.16767396345384344
high,narrow_gate,4,4,residual_conditioning_minus_plain_conditioning,collision,interaction,0.0,0.0,0.0
high,narrow_gate,4,4,residual_conditioning_minus_plain_conditioning,safety_violation,interaction,0.0,0.0,0.0
high,narrow_gate,4,4,residual_conditioning_minus_plain_conditioning,success,interaction,0.0,0.0,0.0
high,narrow_gate,4,4,residual_conditioning_minus_plain_conditioning,progress_ratio,interaction,0.002116018906235584,0.10969177260994911,-0.10757575370371353
high,narrow_gate,4,4,residual_conditioning_minus_plain_conditioning,final_goal_distance,interaction,-0.02254594117403029,-1.1687533855438232,1.146207444369793
high,narrow_gate,4,4,residual_conditioning_minus_plain_conditioning,completion_time,interaction,-11.16,0.0,-11.16
high,narrow_gate,4,4,residual_conditioning_minus_plain_conditioning,min_distance,interaction,-0.14350383818386492,0.08308831633225067,-0.22659215451611558
clean,narrow_gate,8,4,residual_conditioning_minus_plain_conditioning,collision,interaction,0.0,0.0,0.0
clean,narrow_gate,8,4,residual_conditioning_minus_plain_conditioning,safety_violation,interaction,0.0,0.0,0.0
clean,narrow_gate,8,4,residual_conditioning_minus_plain_conditioning,success,interaction,0.0,0.0,0.0
clean,narrow_gate,8,4,residual_conditioning_minus_plain_conditioning,progress_ratio,interaction,-0.1247861236333847,-0.012710705399513245,-0.11207541823387146
clean,narrow_gate,8,4,residual_conditioning_minus_plain_conditioning,final_goal_distance,interaction,1.2958737611770634,0.13199758529663086,1.1638761758804326
clean,narrow_gate,8,4,residual_conditioning_minus_plain_conditioning,completion_time,interaction,0.0,0.0,0.0
clean,narrow_gate,8,4,residual_conditioning_minus_plain_conditioning,min_distance,interaction,0.02049887180328369,0.008949875831604004,0.011548995971679688
low,narrow_gate,8,4,residual_conditioning_minus_plain_conditioning,collision,interaction,0.0,0.0,0.0
low,narrow_gate,8,4,residual_conditioning_minus_plain_conditioning,safety_violation,interaction,0.0,0.0,0.0
low,narrow_gate,8,4,residual_conditioning_minus_plain_conditioning,success,interaction,0.0,0.0,0.0
low,narrow_gate,8,4,residual_conditioning_minus_plain_conditioning,progress_ratio,interaction,0.035105690360069275,0.021122753620147705,0.01398293673992157
low,narrow_gate,8,4,residual_conditioning_minus_plain_conditioning,final_goal_distance,interaction,-0.3645639419555664,-0.2193547487258911,-0.1452091932296753
low,narrow_gate,8,4,residual_conditioning_minus_plain_conditioning,completion_time,interaction,0.0,0.0,0.0
low,narrow_gate,8,4,residual_conditioning_minus_plain_conditioning,min_distance,interaction,0.012386202812194824,-0.02513974905014038,0.037525951862335205
medium,narrow_gate,8,4,residual_conditioning_minus_plain_conditioning,collision,interaction,0.0,0.0,0.0
medium,narrow_gate,8,4,residual_conditioning_minus_plain_conditioning,safety_violation,interaction,0.0,0.0,0.0
medium,narrow_gate,8,4,residual_conditioning_minus_plain_conditioning,success,interaction,0.0,0.0,0.0
medium,narrow_gate,8,4,residual_conditioning_minus_plain_conditioning,progress_ratio,interaction,0.008589431643486023,0.025246351957321167,-0.016656920313835144
medium,narrow_gate,8,4,residual_conditioning_minus_plain_conditioning,final_goal_distance,interaction,-0.08919918537139893,-0.26217734813690186,0.17297816276550293
medium,narrow_gate,8,4,residual_conditioning_minus_plain_conditioning,completion_time,interaction,0.0,0.0,0.0
medium,narrow_gate,8,4,residual_conditioning_minus_plain_conditioning,min_distance,interaction,0.005606591701507568,0.0714874267578125,-0.06588083505630493
high,narrow_gate,8,4,residual_conditioning_minus_plain_conditioning,collision,interaction,0.0,0.0,0.0
high,narrow_gate,8,4,residual_conditioning_minus_plain_conditioning,safety_violation,interaction,0.0,0.0,0.0
high,narrow_gate,8,4,residual_conditioning_minus_plain_conditioning,success,interaction,0.0,0.0,0.0
high,narrow_gate,8,4,residual_conditioning_minus_plain_conditioning,progress_ratio,interaction,0.08844385296106327,0.020031675696372986,0.06841217726469029
high,narrow_gate,8,4,residual_conditioning_minus_plain_conditioning,final_goal_distance,interaction,-0.9184681773185728,-0.20802414417266846,-0.7104440331459043
high,narrow_gate,8,4,residual_conditioning_minus_plain_conditioning,completion_time,interaction,0.0,0.0,0.0
high,narrow_gate,8,4,residual_conditioning_minus_plain_conditioning,min_distance,interaction,-0.15471220016479492,-0.018507838249206543,-0.13620436191558838
clean,merge_bottleneck,4,4,residual_conditioning_minus_plain_conditioning,collision,interaction,0.0,0.0,0.0
clean,merge_bottleneck,4,4,residual_conditioning_minus_plain_conditioning,safety_violation,interaction,0.0,0.0,0.0
clean,merge_bottleneck,4,4,residual_conditioning_minus_plain_conditioning,success,interaction,0.0,0.0,0.0
clean,merge_bottleneck,4,4,residual_conditioning_minus_plain_conditioning,progress_ratio,interaction,0.011007022112607956,0.07921919971704472,-0.06821217760443676
clean,merge_bottleneck,4,4,residual_conditioning_minus_plain_conditioning,final_goal_distance,interaction,-0.11420714855194092,-0.8219658732414246,0.7077587246894836
clean,merge_bottleneck,4,4,residual_conditioning_minus_plain_conditioning,completion_time,interaction,0.0,0.0,0.0
clean,merge_bottleneck,4,4,residual_conditioning_minus_plain_conditioning,min_distance,interaction,-0.08466616392135617,-0.1648581923752972,0.08019202845394102
low,merge_bottleneck,4,4,residual_conditioning_minus_plain_conditioning,collision,interaction,0.0,0.0,0.0
low,merge_bottleneck,4,4,residual_conditioning_minus_plain_conditioning,safety_violation,interaction,0.0,0.0,0.0
low,merge_bottleneck,4,4,residual_conditioning_minus_plain_conditioning,success,interaction,0.0,0.0,0.0
low,merge_bottleneck,4,4,residual_conditioning_minus_plain_conditioning,progress_ratio,interaction,0.025559216737747192,-0.005595911294221878,0.03115512803196907
low,merge_bottleneck,4,4,residual_conditioning_minus_plain_conditioning,final_goal_distance,interaction,-0.26519834995269775,0.05806231498718262,-0.32326066493988037
low,merge_bottleneck,4,4,residual_conditioning_minus_plain_conditioning,completion_time,interaction,0.0,0.0,0.0
low,merge_bottleneck,4,4,residual_conditioning_minus_plain_conditioning,min_distance,interaction,0.005723712993036312,-0.09207582473754883,0.09779953773058514
medium,merge_bottleneck,4,4,residual_conditioning_minus_plain_conditioning,collision,interaction,0.0,0.0,0.0
medium,merge_bottleneck,4,4,residual_conditioning_minus_plain_conditioning,safety_violation,interaction,0.0,0.0,0.0
medium,merge_bottleneck,4,4,residual_conditioning_minus_plain_conditioning,success,interaction,0.0,0.0,0.0
medium,merge_bottleneck,4,4,residual_conditioning_minus_plain_conditioning,progress_ratio,interaction,0.02544182538986195,0.007045470178127289,0.01839635521173466
medium,merge_bottleneck,4,4,residual_conditioning_minus_plain_conditioning,final_goal_distance,interaction,-0.2639803886413573,-0.07310271263122559,-0.19087767601013172
medium,merge_bottleneck,4,4,residual_conditioning_minus_plain_conditioning,completion_time,interaction,0.0,0.0,0.0
medium,merge_bottleneck,4,4,residual_conditioning_minus_plain_conditioning,min_distance,interaction,-0.09444182820293223,0.012971639633178711,-0.10741346783611094
high,merge_bottleneck,4,4,residual_conditioning_minus_plain_conditioning,collision,interaction,0.0,0.0,0.0
high,merge_bottleneck,4,4,residual_conditioning_minus_plain_conditioning,safety_violation,interaction,0.0,0.0,0.0
high,merge_bottleneck,4,4,residual_conditioning_minus_plain_conditioning,success,interaction,0.0,0.0,0.0
high,merge_bottleneck,4,4,residual_conditioning_minus_plain_conditioning,progress_ratio,interaction,0.04673222824931156,0.1148998998105526,-0.06816767156124104
high,merge_bottleneck,4,4,residual_conditioning_minus_plain_conditioning,final_goal_distance,interaction,-0.48488625884056086,-1.192183256149292,0.7072969973087311
high,merge_bottleneck,4,4,residual_conditioning_minus_plain_conditioning,completion_time,interaction,0.0,0.0,0.0
high,merge_bottleneck,4,4,residual_conditioning_minus_plain_conditioning,min_distance,interaction,-0.23581527392914226,-0.07213511814519269,-0.16368015578394957
clean,merge_bottleneck,8,4,residual_conditioning_minus_plain_conditioning,collision,interaction,0.0,0.0,0.0
clean,merge_bottleneck,8,4,residual_conditioning_minus_plain_conditioning,safety_violation,interaction,0.0,0.0,0.0
clean,merge_bottleneck,8,4,residual_conditioning_minus_plain_conditioning,success,interaction,0.0,0.0,0.0
clean,merge_bottleneck,8,4,residual_conditioning_minus_plain_conditioning,progress_ratio,interaction,-0.06731274724006653,0.02213871479034424,-0.08945146203041077
clean,merge_bottleneck,8,4,residual_conditioning_minus_plain_conditioning,final_goal_distance,interaction,0.6972436904907227,-0.22931885719299316,0.9265625476837158
clean,merge_bottleneck,8,4,residual_conditioning_minus_plain_conditioning,completion_time,interaction,0.0,0.0,0.0
clean,merge_bottleneck,8,4,residual_conditioning_minus_plain_conditioning,min_distance,interaction,0.18481791019439697,0.07539880275726318,0.10941910743713379
low,merge_bottleneck,8,4,residual_conditioning_minus_plain_conditioning,collision,interaction,0.0,0.0,0.0
low,merge_bottleneck,8,4,residual_conditioning_minus_plain_conditioning,safety_violation,interaction,0.0,1.0,-1.0
low,merge_bottleneck,8,4,residual_conditioning_minus_plain_conditioning,success,interaction,0.0,0.0,0.0
low,merge_bottleneck,8,4,residual_conditioning_minus_plain_conditioning,progress_ratio,interaction,0.058597564697265625,-0.0900174081325531,0.14861497282981873
low,merge_bottleneck,8,4,residual_conditioning_minus_plain_conditioning,final_goal_distance,interaction,-0.6069693565368652,0.9324245452880859,-1.5393939018249512
low,merge_bottleneck,8,4,residual_conditioning_minus_plain_conditioning,completion_time,interaction,0.0,0.0,0.0
low,merge_bottleneck,8,4,residual_conditioning_minus_plain_conditioning,min_distance,interaction,-0.0655750036239624,-0.07523202896118164,0.009657025337219238
medium,merge_bottleneck,8,4,residual_conditioning_minus_plain_conditioning,collision,interaction,0.0,0.0,0.0
medium,merge_bottleneck,8,4,residual_conditioning_minus_plain_conditioning,safety_violation,interaction,1.0,0.0,1.0
medium,merge_bottleneck,8,4,residual_conditioning_minus_plain_conditioning,success,interaction,0.0,0.0,0.0
medium,merge_bottleneck,8,4,residual_conditioning_minus_plain_conditioning,progress_ratio,interaction,-0.005085945129394531,0.02602607011795044,-0.03111201524734497
medium,merge_bottleneck,8,4,residual_conditioning_minus_plain_conditioning,final_goal_distance,interaction,0.05268144607543901,-0.2695851325988765,0.3222665786743155
medium,merge_bottleneck,8,4,residual_conditioning_minus_plain_conditioning,completion_time,interaction,0.0,0.0,0.0
medium,merge_bottleneck,8,4,residual_conditioning_minus_plain_conditioning,min_distance,interaction,-0.14248991012573242,-0.0654645562171936,-0.07702535390853882
high,merge_bottleneck,8,4,residual_conditioning_minus_plain_conditioning,collision,interaction,1.0,0.0,1.0
high,merge_bottleneck,8,4,residual_conditioning_minus_plain_conditioning,safety_violation,interaction,0.0,0.0,0.0
high,merge_bottleneck,8,4,residual_conditioning_minus_plain_conditioning,success,interaction,0.0,0.0,0.0
high,merge_bottleneck,8,4,residual_conditioning_minus_plain_conditioning,progress_ratio,interaction,0.0701214075088501,-0.005221724510192871,0.07534313201904297
high,merge_bottleneck,8,4,residual_conditioning_minus_plain_conditioning,final_goal_distance,interaction,-0.7263364791870117,0.05408787727355957,-0.7804243564605713
high,merge_bottleneck,8,4,residual_conditioning_minus_plain_conditioning,completion_time,interaction,0.0,0.0,0.0
high,merge_bottleneck,8,4,residual_conditioning_minus_plain_conditioning,min_distance,interaction,-0.08725392818450928,0.017696738243103027,-0.1049506664276123
clean,four_way_stop,4,4,residual_conditioning_minus_plain_conditioning,collision,interaction,0.0,0.0,0.0
clean,four_way_stop,4,4,residual_conditioning_minus_plain_conditioning,safety_violation,interaction,0.0,0.0,0.0
clean,four_way_stop,4,4,residual_conditioning_minus_plain_conditioning,success,interaction,0.0,0.0,0.0
clean,four_way_stop,4,4,residual_conditioning_minus_plain_conditioning,progress_ratio,interaction,-0.007145985960960388,-0.0018736161291598163,-0.005272369831800572
clean,four_way_stop,4,4,residual_conditioning_minus_plain_conditioning,final_goal_distance,interaction,0.0684456080198288,0.017945855855941772,0.050499752163887024
clean,four_way_stop,4,4,residual_conditioning_minus_plain_conditioning,completion_time,interaction,-1.8000000000000007,0.0,-1.8000000000000007
clean,four_way_stop,4,4,residual_conditioning_minus_plain_conditioning,min_distance,interaction,0.0046024322509765625,-0.1307884454727175,0.13539087772369407
low,four_way_stop,4,4,residual_conditioning_minus_plain_conditioning,collision,interaction,0.0,0.0,0.0
low,four_way_stop,4,4,residual_conditioning_minus_plain_conditioning,safety_violation,interaction,0.0,0.0,0.0
low,four_way_stop,4,4,residual_conditioning_minus_plain_conditioning,success,interaction,0.0,0.0,0.0
low,four_way_stop,4,4,residual_conditioning_minus_plain_conditioning,progress_ratio,interaction,-0.001477840356528759,-0.0005191266536713757,-0.0009587137028573833
low,four_way_stop,4,4,residual_conditioning_minus_plain_conditioning,final_goal_distance,interaction,0.014155030250549303,0.004972293972969111,0.009182736277580192
low,four_way_stop,4,4,residual_conditioning_minus_plain_conditioning,completion_time,interaction,-0.3600000000000012,-0.2400000000000002,-0.120000000000001
low,four_way_stop,4,4,residual_conditioning_minus_plain_conditioning,min_distance,interaction,-0.025171875953674205,0.018701910972595326,-0.04387378692626953
medium,four_way_stop,4,4,residual_conditioning_minus_plain_conditioning,collision,interaction,0.0,0.0,0.0
medium,four_way_stop,4,4,residual_conditioning_minus_plain_conditioning,safety_violation,interaction,0.0,0.0,0.0
medium,four_way_stop,4,4,residual_conditioning_minus_plain_conditioning,success,interaction,0.0,0.0,0.0
medium,four_way_stop,4,4,residual_conditioning_minus_plain_conditioning,progress_ratio,interaction,-0.010717586614191643,-0.0005128029733895145,-0.010204783640802129
medium,four_way_stop,4,4,residual_conditioning_minus_plain_conditioning,final_goal_distance,interaction,0.10265508294105531,0.004911720752716009,0.0977433621883393
medium,four_way_stop,4,4,residual_conditioning_minus_plain_conditioning,completion_time,interaction,-0.35999999999999943,0.2400000000000002,-0.5999999999999996
medium,four_way_stop,4,4,residual_conditioning_minus_plain_conditioning,min_distance,interaction,0.0018631815910339355,0.0,0.0018631815910339355
high,four_way_stop,4,4,residual_conditioning_minus_plain_conditioning,collision,interaction,0.0,0.0,0.0
high,four_way_stop,4,4,residual_conditioning_minus_plain_conditioning,safety_violation,interaction,0.0,0.0,0.0
high,four_way_stop,4,4,residual_conditioning_minus_plain_conditioning,success,interaction,0.0,0.0,0.0
high,four_way_stop,4,4,residual_conditioning_minus_plain_conditioning,progress_ratio,interaction,-0.0010915948078036308,0.004153112880885601,-0.005244707688689232
high,four_way_stop,4,4,residual_conditioning_minus_plain_conditioning,final_goal_distance,interaction,0.01045550405979151,-0.03977930545806882,0.05023480951786033
high,four_way_stop,4,4,residual_conditioning_minus_plain_conditioning,completion_time,interaction,0.120000000000001,0.0,0.120000000000001
high,four_way_stop,4,4,residual_conditioning_minus_plain_conditioning,min_distance,interaction,-0.01870995759963978,0.001485586166381836,-0.020195543766021617
clean,four_way_stop,8,4,residual_conditioning_minus_plain_conditioning,collision,interaction,0.0,0.0,0.0
clean,four_way_stop,8,4,residual_conditioning_minus_plain_conditioning,safety_violation,interaction,0.0,0.0,0.0
clean,four_way_stop,8,4,residual_conditioning_minus_plain_conditioning,success,interaction,0.0,0.0,0.0
clean,four_way_stop,8,4,residual_conditioning_minus_plain_conditioning,progress_ratio,interaction,-0.0036568501964211464,-0.0009006410837173462,-0.0027562091127038
clean,four_way_stop,8,4,residual_conditioning_minus_plain_conditioning,final_goal_distance,interaction,0.035113975405693,0.008648172020912198,0.0264658033847808
clean,four_way_stop,8,4,residual_conditioning_minus_plain_conditioning,completion_time,interaction,0.7199999999999989,-4.440000000000001,5.16
clean,four_way_stop,8,4,residual_conditioning_minus_plain_conditioning,min_distance,interaction,-0.005700290203094482,-0.0018072724342346191,-0.0038930177688598633
low,four_way_stop,8,4,residual_conditioning_minus_plain_conditioning,collision,interaction,0.0,0.0,0.0
low,four_way_stop,8,4,residual_conditioning_minus_plain_conditioning,safety_violation,interaction,0.0,0.0,0.0
low,four_way_stop,8,4,residual_conditioning_minus_plain_conditioning,success,interaction,0.0,0.0,0.0
low,four_way_stop,8,4,residual_conditioning_minus_plain_conditioning,progress_ratio,interaction,-0.00024898909032333716,0.0009536072611808777,-0.0012025963515042148
low,four_way_stop,8,4,residual_conditioning_minus_plain_conditioning,final_goal_distance,interaction,0.0023908615112304132,-0.009156763553619413,0.011547625064849826
low,four_way_stop,8,4,residual_conditioning_minus_plain_conditioning,completion_time,interaction,5.640000000000001,2.5200000000000014,3.119999999999999
low,four_way_stop,8,4,residual_conditioning_minus_plain_conditioning,min_distance,interaction,0.09512919187545776,0.0064705610275268555,0.08865863084793091
medium,four_way_stop,8,4,residual_conditioning_minus_plain_conditioning,collision,interaction,0.0,0.0,0.0
medium,four_way_stop,8,4,residual_conditioning_minus_plain_conditioning,safety_violation,interaction,0.0,0.0,0.0
medium,four_way_stop,8,4,residual_conditioning_minus_plain_conditioning,success,interaction,0.0,1.0,-1.0
medium,four_way_stop,8,4,residual_conditioning_minus_plain_conditioning,progress_ratio,interaction,0.005223776213824638,0.001615835353731998,0.00360794086009264
medium,four_way_stop,8,4,residual_conditioning_minus_plain_conditioning,final_goal_distance,interaction,-0.0501600056886673,-0.015515655279159601,-0.034644350409507696
medium,four_way_stop,8,4,residual_conditioning_minus_plain_conditioning,completion_time,interaction,-0.2400000000000002,-4.799999999999997,4.559999999999997
medium,four_way_stop,8,4,residual_conditioning_minus_plain_conditioning,min_distance,interaction,0.0577659010887146,0.06924307346343994,-0.011477172374725342
high,four_way_stop,8,4,residual_conditioning_minus_plain_conditioning,collision,interaction,0.0,0.0,0.0
high,four_way_stop,8,4,residual_conditioning_minus_plain_conditioning,safety_violation,interaction,0.0,0.0,0.0
high,four_way_stop,8,4,residual_conditioning_minus_plain_conditioning,success,interaction,0.0,0.0,0.0
high,four_way_stop,8,4,residual_conditioning_minus_plain_conditioning,progress_ratio,interaction,-0.00024024397134780884,-0.0022580288350582123,0.0020177848637104034
high,four_way_stop,8,4,residual_conditioning_minus_plain_conditioning,final_goal_distance,interaction,0.002306878566741999,0.021682158112525995,-0.019375279545783997
high,four_way_stop,8,4,residual_conditioning_minus_plain_conditioning,completion_time,interaction,-1.5600000000000005,-7.5600000000000005,6.0
high,four_way_stop,8,4,residual_conditioning_minus_plain_conditioning,min_distance,interaction,-0.09193426370620728,0.08909553289413452,-0.1810297966003418
clean,corridor,4,5,residual_conditioning_minus_plain_conditioning,collision,interaction,0.0,0.0,0.0
clean,corridor,4,5,residual_conditioning_minus_plain_conditioning,safety_violation,interaction,0.0,0.0,0.0
clean,corridor,4,5,residual_conditioning_minus_plain_conditioning,success,interaction,0.0,0.0,0.0
clean,corridor,4,5,residual_conditioning_minus_plain_conditioning,progress_ratio,interaction,0.003357396461069584,0.002207839861512184,0.0011495565995573997
clean,corridor,4,5,residual_conditioning_minus_plain_conditioning,final_goal_distance,interaction,-0.03431262075901029,-0.022564142942428617,-0.01174847781658167
clean,corridor,4,5,residual_conditioning_minus_plain_conditioning,completion_time,interaction,0.35999999999999943,1.3200000000000003,-0.9600000000000009
clean,corridor,4,5,residual_conditioning_minus_plain_conditioning,min_distance,interaction,0.0003527402877807617,-0.08406394720077515,0.08441668748855591
low,corridor,4,5,residual_conditioning_minus_plain_conditioning,collision,interaction,0.0,0.0,0.0
low,corridor,4,5,residual_conditioning_minus_plain_conditioning,safety_violation,interaction,0.0,0.0,0.0
low,corridor,4,5,residual_conditioning_minus_plain_conditioning,success,interaction,0.0,0.0,0.0
low,corridor,4,5,residual_conditioning_minus_plain_conditioning,progress_ratio,interaction,-0.001655377447605244,0.003962346352636925,-0.005617723800242169
low,corridor,4,5,residual_conditioning_minus_plain_conditioning,final_goal_distance,interaction,0.01691797375679019,-0.04049521684646609,0.05741319060325628
low,corridor,4,5,residual_conditioning_minus_plain_conditioning,completion_time,interaction,0.2400000000000002,1.08,-0.8399999999999999
low,corridor,4,5,residual_conditioning_minus_plain_conditioning,min_distance,interaction,0.14928793907165527,-0.08083313703536987,0.23012107610702515
medium,corridor,4,5,residual_conditioning_minus_plain_conditioning,collision,interaction,0.0,0.0,0.0
medium,corridor,4,5,residual_conditioning_minus_plain_conditioning,safety_violation,interaction,0.0,0.0,0.0
medium,corridor,4,5,residual_conditioning_minus_plain_conditioning,success,interaction,0.0,0.0,0.0
medium,corridor,4,5,residual_conditioning_minus_plain_conditioning,progress_ratio,interaction,-0.0005425829440354191,0.00177705567330122,-0.002319638617336639
medium,corridor,4,5,residual_conditioning_minus_plain_conditioning,final_goal_distance,interaction,0.005545206367969499,-0.018161520361900288,0.023706726729869787
medium,corridor,4,5,residual_conditioning_minus_plain_conditioning,completion_time,interaction,0.35999999999999943,3.24,-2.880000000000001
medium,corridor,4,5,residual_conditioning_minus_plain_conditioning,min_distance,interaction,0.03206151723861694,-0.15109777450561523,0.18315929174423218
high,corridor,4,5,residual_conditioning_minus_plain_conditioning,collision,interaction,0.0,0.0,0.0
high,corridor,4,5,residual_conditioning_minus_plain_conditioning,safety_violation,interaction,0.0,0.0,0.0
high,corridor,4,5,residual_conditioning_minus_plain_conditioning,success,interaction,0.0,0.0,0.0
high,corridor,4,5,residual_conditioning_minus_plain_conditioning,progress_ratio,interaction,0.008578951470553875,-0.0015442054718733944,0.01012315694242727
high,corridor,4,5,residual_conditioning_minus_plain_conditioning,final_goal_distance,interaction,-0.0876769572496415,0.015781790018081693,-0.1034587472677232
high,corridor,4,5,residual_conditioning_minus_plain_conditioning,completion_time,interaction,2.16,-1.799999999999999,3.959999999999999
high,corridor,4,5,residual_conditioning_minus_plain_conditioning,min_distance,interaction,-0.02975606918334961,0.07011532783508301,-0.09987139701843262
clean,corridor,8,5,residual_conditioning_minus_plain_conditioning,collision,interaction,0.0,0.0,0.0
clean,corridor,8,5,residual_conditioning_minus_plain_conditioning,safety_violation,interaction,0.0,0.0,0.0
clean,corridor,8,5,residual_conditioning_minus_plain_conditioning,success,interaction,0.0,0.0,0.0
clean,corridor,8,5,residual_conditioning_minus_plain_conditioning,progress_ratio,interaction,-0.005926221609115601,0.0038688257336615406,-0.009795047342777141
clean,corridor,8,5,residual_conditioning_minus_plain_conditioning,final_goal_distance,interaction,0.05999398231506348,-0.03916597366333008,0.09915995597839355
clean,corridor,8,5,residual_conditioning_minus_plain_conditioning,completion_time,interaction,0.0,0.0,0.0
clean,corridor,8,5,residual_conditioning_minus_plain_conditioning,min_distance,interaction,-1.3530254364013672e-05,0.006334185600280762,-0.006347715854644775
low,corridor,8,5,residual_conditioning_minus_plain_conditioning,collision,interaction,0.0,0.0,0.0
low,corridor,8,5,residual_conditioning_minus_plain_conditioning,safety_violation,interaction,0.0,0.0,0.0
low,corridor,8,5,residual_conditioning_minus_plain_conditioning,success,interaction,0.0,0.0,0.0
low,corridor,8,5,residual_conditioning_minus_plain_conditioning,progress_ratio,interaction,0.0020900145173073925,0.012618113309144863,-0.01052809879183747
low,corridor,8,5,residual_conditioning_minus_plain_conditioning,final_goal_distance,interaction,-0.021158277988433838,-0.12773925065994263,0.10658097267150879
low,corridor,8,5,residual_conditioning_minus_plain_conditioning,completion_time,interaction,0.0,0.0,0.0
low,corridor,8,5,residual_conditioning_minus_plain_conditioning,min_distance,interaction,-0.04514259099960327,-0.017644882202148438,-0.027497708797454834
medium,corridor,8,5,residual_conditioning_minus_plain_conditioning,collision,interaction,0.0,0.0,0.0
medium,corridor,8,5,residual_conditioning_minus_plain_conditioning,safety_violation,interaction,0.0,0.0,0.0
medium,corridor,8,5,residual_conditioning_minus_plain_conditioning,success,interaction,0.0,0.0,0.0
medium,corridor,8,5,residual_conditioning_minus_plain_conditioning,progress_ratio,interaction,-0.001472722738981358,-0.010016262531280629,0.00854353979229927
medium,corridor,8,5,residual_conditioning_minus_plain_conditioning,final_goal_distance,interaction,0.014909088611602783,0.10139942169189453,-0.08649033308029175
medium,corridor,8,5,residual_conditioning_minus_plain_conditioning,completion_time,interaction,0.0,0.0,0.0
medium,corridor,8,5,residual_conditioning_minus_plain_conditioning,min_distance,interaction,-0.01984119415283203,-0.05336332321166992,0.03352212905883789
high,corridor,8,5,residual_conditioning_minus_plain_conditioning,collision,interaction,0.0,0.0,0.0
high,corridor,8,5,residual_conditioning_minus_plain_conditioning,safety_violation,interaction,0.0,0.0,0.0
high,corridor,8,5,residual_conditioning_minus_plain_conditioning,success,interaction,0.0,0.0,0.0
high,corridor,8,5,residual_conditioning_minus_plain_conditioning,progress_ratio,interaction,0.003715515136718861,0.004193171858787426,-0.0004776567220685646
high,corridor,8,5,residual_conditioning_minus_plain_conditioning,final_goal_distance,interaction,-0.03761392831802368,-0.0424494743347168,0.004835546016693115
high,corridor,8,5,residual_conditioning_minus_plain_conditioning,completion_time,interaction,0.0,0.0,0.0
high,corridor,8,5,residual_conditioning_minus_plain_conditioning,min_distance,interaction,-0.034947335720062256,0.013421595096588135,-0.04836893081665039
clean,narrow_gate,4,5,residual_conditioning_minus_plain_conditioning,collision,interaction,0.0,0.0,0.0
clean,narrow_gate,4,5,residual_conditioning_minus_plain_conditioning,safety_violation,interaction,0.0,0.0,0.0
clean,narrow_gate,4,5,residual_conditioning_minus_plain_conditioning,success,interaction,-1.0,-1.0,0.0
clean,narrow_gate,4,5,residual_conditioning_minus_plain_conditioning,progress_ratio,interaction,-0.15730966906994592,-0.14651532657444477,-0.010794342495501152
clean,narrow_gate,4,5,residual_conditioning_minus_plain_conditioning,final_goal_distance,interaction,1.6671093702316284,1.552714891731739,0.11439447849988937
clean,narrow_gate,4,5,residual_conditioning_minus_plain_conditioning,completion_time,interaction,5.759999999999998,6.719999999999999,-0.9600000000000009
clean,narrow_gate,4,5,residual_conditioning_minus_plain_conditioning,min_distance,interaction,0.058319497694773736,0.01738041639328003,0.04093908130149371
low,narrow_gate,4,5,residual_conditioning_minus_plain_conditioning,collision,interaction,0.0,0.0,0.0
low,narrow_gate,4,5,residual_conditioning_minus_plain_conditioning,safety_violation,interaction,0.0,0.0,0.0
low,narrow_gate,4,5,residual_conditioning_minus_plain_conditioning,success,interaction,0.0,-1.0,1.0
low,narrow_gate,4,5,residual_conditioning_minus_plain_conditioning,progress_ratio,interaction,-5.6490302085876465e-05,-0.1408273931592704,0.14077090285718452
low,narrow_gate,4,5,residual_conditioning_minus_plain_conditioning,final_goal_distance,interaction,0.0005986690521240234,1.492436304688454,-1.4918376356363299
low,narrow_gate,4,5,residual_conditioning_minus_plain_conditioning,completion_time,interaction,0.0,13.919999999999998,-13.919999999999998
low,narrow_gate,4,5,residual_conditioning_minus_plain_conditioning,min_distance,interaction,0.0316974811856231,0.1606601767842254,-0.1289626955986023
medium,narrow_gate,4,5,residual_conditioning_minus_plain_conditioning,collision,interaction,0.0,0.0,0.0
medium,narrow_gate,4,5,residual_conditioning_minus_plain_conditioning,safety_violation,interaction,0.0,0.0,0.0
medium,narrow_gate,4,5,residual_conditioning_minus_plain_conditioning,success,interaction,0.0,0.0,0.0
medium,narrow_gate,4,5,residual_conditioning_minus_plain_conditioning,progress_ratio,interaction,0.1661119908094406,-0.00203077495098114,0.16814276576042175
medium,narrow_gate,4,5,residual_conditioning_minus_plain_conditioning,final_goal_distance,interaction,-1.7603929042816162,0.021521329879760742,-1.781914234161377
medium,narrow_gate,4,5,residual_conditioning_minus_plain_conditioning,completion_time,interaction,0.0,0.0,0.0
medium,narrow_gate,4,5,residual_conditioning_minus_plain_conditioning,min_distance,interaction,0.0006095092059327234,0.005657318093201691,-0.0050478088872689675
high,narrow_gate,4,5,residual_conditioning_minus_plain_conditioning,collision,interaction,0.0,0.0,0.0
high,narrow_gate,4,5,residual_conditioning_minus_plain_conditioning,safety_violation,interaction,0.0,0.0,0.0
high,narrow_gate,4,5,residual_conditioning_minus_plain_conditioning,success,interaction,0.0,0.0,0.0
high,narrow_gate,4,5,residual_conditioning_minus_plain_conditioning,progress_ratio,interaction,-0.001677277497947216,0.10588177666068077,-0.10755905415862799
high,narrow_gate,4,5,residual_conditioning_minus_plain_conditioning,final_goal_distance,interaction,0.017775163054466303,-1.122095584869385,1.1398707479238512
high,narrow_gate,4,5,residual_conditioning_minus_plain_conditioning,completion_time,interaction,5.159999999999998,0.0,5.159999999999998
high,narrow_gate,4,5,residual_conditioning_minus_plain_conditioning,min_distance,interaction,0.11781322956085205,-0.12796461807429904,0.2457778476351511
clean,narrow_gate,8,5,residual_conditioning_minus_plain_conditioning,collision,interaction,0.0,0.0,0.0
clean,narrow_gate,8,5,residual_conditioning_minus_plain_conditioning,safety_violation,interaction,0.0,0.0,0.0
clean,narrow_gate,8,5,residual_conditioning_minus_plain_conditioning,success,interaction,0.0,0.0,0.0
clean,narrow_gate,8,5,residual_conditioning_minus_plain_conditioning,progress_ratio,interaction,-0.3697557896375656,-0.044129595160484314,-0.3256261944770813
clean,narrow_gate,8,5,residual_conditioning_minus_plain_conditioning,final_goal_distance,interaction,3.8517587184906006,0.4596996307373047,3.392059087753296
clean,narrow_gate,8,5,residual_conditioning_minus_plain_conditioning,completion_time,interaction,0.0,0.0,0.0
clean,narrow_gate,8,5,residual_conditioning_minus_plain_conditioning,min_distance,interaction,0.0384480357170105,0.0030835866928100586,0.03536444902420044
low,narrow_gate,8,5,residual_conditioning_minus_plain_conditioning,collision,interaction,0.0,0.0,0.0
low,narrow_gate,8,5,residual_conditioning_minus_plain_conditioning,safety_violation,interaction,0.0,0.0,0.0
low,narrow_gate,8,5,residual_conditioning_minus_plain_conditioning,success,interaction,0.0,0.0,0.0
low,narrow_gate,8,5,residual_conditioning_minus_plain_conditioning,progress_ratio,interaction,-0.10400258004665375,-0.17501682043075562,0.07101424038410187
low,narrow_gate,8,5,residual_conditioning_minus_plain_conditioning,final_goal_distance,interaction,1.0833983421325684,1.8231562376022339,-0.7397578954696655
low,narrow_gate,8,5,residual_conditioning_minus_plain_conditioning,completion_time,interaction,0.0,0.0,0.0
low,narrow_gate,8,5,residual_conditioning_minus_plain_conditioning,min_distance,interaction,-0.028011202812194824,0.03780519962310791,-0.06581640243530273
medium,narrow_gate,8,5,residual_conditioning_minus_plain_conditioning,collision,interaction,0.0,0.0,0.0
medium,narrow_gate,8,5,residual_conditioning_minus_plain_conditioning,safety_violation,interaction,0.0,0.0,0.0
medium,narrow_gate,8,5,residual_conditioning_minus_plain_conditioning,success,interaction,0.0,0.0,0.0
medium,narrow_gate,8,5,residual_conditioning_minus_plain_conditioning,progress_ratio,interaction,0.027025148272514343,-0.024171315133571625,0.05119646340608597
medium,narrow_gate,8,5,residual_conditioning_minus_plain_conditioning,final_goal_distance,interaction,-0.28152191638946533,0.2517935037612915,-0.5333154201507568
medium,narrow_gate,8,5,residual_conditioning_minus_plain_conditioning,completion_time,interaction,0.0,0.0,0.0
medium,narrow_gate,8,5,residual_conditioning_minus_plain_conditioning,min_distance,interaction,0.004691600799560547,-0.042546629905700684,0.04723823070526123
high,narrow_gate,8,5,residual_conditioning_minus_plain_conditioning,collision,interaction,0.0,0.0,0.0
high,narrow_gate,8,5,residual_conditioning_minus_plain_conditioning,safety_violation,interaction,0.0,0.0,0.0
high,narrow_gate,8,5,residual_conditioning_minus_plain_conditioning,success,interaction,0.0,0.0,0.0
high,narrow_gate,8,5,residual_conditioning_minus_plain_conditioning,progress_ratio,interaction,0.046970292925834656,-0.12587355077266693,0.1728438436985016
high,narrow_gate,8,5,residual_conditioning_minus_plain_conditioning,final_goal_distance,interaction,-0.4892910718917842,1.3112291097640991,-1.8005201816558833
high,narrow_gate,8,5,residual_conditioning_minus_plain_conditioning,completion_time,interaction,0.0,0.0,0.0
high,narrow_gate,8,5,residual_conditioning_minus_plain_conditioning,min_distance,interaction,-0.04279494285583496,-0.016911029815673828,-0.025883913040161133
clean,merge_bottleneck,4,5,residual_conditioning_minus_plain_conditioning,collision,interaction,0.0,0.0,0.0
clean,merge_bottleneck,4,5,residual_conditioning_minus_plain_conditioning,safety_violation,interaction,0.0,0.0,0.0
clean,merge_bottleneck,4,5,residual_conditioning_minus_plain_conditioning,success,interaction,0.0,0.0,0.0
clean,merge_bottleneck,4,5,residual_conditioning_minus_plain_conditioning,progress_ratio,interaction,-0.019422724843025208,-0.0031651630997657776,-0.01625756174325943
clean,merge_bottleneck,4,5,residual_conditioning_minus_plain_conditioning,final_goal_distance,interaction,0.20189031958580017,0.032900452613830566,0.1689898669719696
clean,merge_bottleneck,4,5,residual_conditioning_minus_plain_conditioning,completion_time,interaction,0.0,0.0,0.0
clean,merge_bottleneck,4,5,residual_conditioning_minus_plain_conditioning,min_distance,interaction,-0.018830488356391006,-0.03497380018234253,0.016143311825951523
low,merge_bottleneck,4,5,residual_conditioning_minus_plain_conditioning,collision,interaction,0.0,0.0,0.0
low,merge_bottleneck,4,5,residual_conditioning_minus_plain_conditioning,safety_violation,interaction,0.0,0.0,0.0
low,merge_bottleneck,4,5,residual_conditioning_minus_plain_conditioning,success,interaction,0.0,0.0,0.0
low,merge_bottleneck,4,5,residual_conditioning_minus_plain_conditioning,progress_ratio,interaction,0.00041942298412323,-0.00342388078570377,0.003843303769827
low,merge_bottleneck,4,5,residual_conditioning_minus_plain_conditioning,final_goal_distance,interaction,-0.0043596625328063965,0.03558969497680664,-0.03994935750961304
low,merge_bottleneck,4,5,residual_conditioning_minus_plain_conditioning,completion_time,interaction,0.0,0.0,0.0
low,merge_bottleneck,4,5,residual_conditioning_minus_plain_conditioning,min_distance,interaction,-0.11588827284192227,0.03130388259887695,-0.14719215544079922
medium,merge_bottleneck,4,5,residual_conditioning_minus_plain_conditioning,collision,interaction,0.0,0.0,0.0
medium,merge_bottleneck,4,5,residual_conditioning_minus_plain_conditioning,safety_violation,interaction,0.0,0.0,0.0
medium,merge_bottleneck,4,5,residual_conditioning_minus_plain_conditioning,success,interaction,0.0,0.0,0.0
medium,merge_bottleneck,4,5,residual_conditioning_minus_plain_conditioning,progress_ratio,interaction,0.01122477650642384,-0.0044473037123680115,0.01567208021879185
medium,merge_bottleneck,4,5,residual_conditioning_minus_plain_conditioning,final_goal_distance,interaction,-0.11667641997337341,0.04622769355773926,-0.16290411353111267
medium,merge_bottleneck,4,5,residual_conditioning_minus_plain_conditioning,completion_time,interaction,0.0,0.0,0.0
medium,merge_bottleneck,4,5,residual_conditioning_minus_plain_conditioning,min_distance,interaction,-1.0189587451581161e-07,-0.08435356616973877,0.08435346427386425
high,merge_bottleneck,4,5,residual_conditioning_minus_plain_conditioning,collision,interaction,0.0,0.0,0.0
high,merge_bottleneck,4,5,residual_conditioning_minus_plain_conditioning,safety_violation,interaction,0.0,0.0,0.0
high,merge_bottleneck,4,5,residual_conditioning_minus_plain_conditioning,success,interaction,0.0,0.0,0.0
high,merge_bottleneck,4,5,residual_conditioning_minus_plain_conditioning,progress_ratio,interaction,0.012993596494197623,0.023935496807098278,-0.010941900312900654
high,merge_bottleneck,4,5,residual_conditioning_minus_plain_conditioning,final_goal_distance,interaction,-0.13506251573562622,-0.24879854917526245,0.11373603343963623
high,merge_bottleneck,4,5,residual_conditioning_minus_plain_conditioning,completion_time,interaction,0.0,0.0,0.0
high,merge_bottleneck,4,5,residual_conditioning_minus_plain_conditioning,min_distance,interaction,0.14367320391416671,-0.16528198242187497,0.3089551863360417
clean,merge_bottleneck,8,5,residual_conditioning_minus_plain_conditioning,collision,interaction,0.0,0.0,0.0
clean,merge_bottleneck,8,5,residual_conditioning_minus_plain_conditioning,safety_violation,interaction,1.0,0.0,1.0
clean,merge_bottleneck,8,5,residual_conditioning_minus_plain_conditioning,success,interaction,0.0,0.0,0.0
clean,merge_bottleneck,8,5,residual_conditioning_minus_plain_conditioning,progress_ratio,interaction,-0.04260057210922241,-0.05418786406517029,0.011587291955947876
clean,merge_bottleneck,8,5,residual_conditioning_minus_plain_conditioning,final_goal_distance,interaction,0.4415726661682129,0.5616796016693115,-0.12010693550109863
clean,merge_bottleneck,8,5,residual_conditioning_minus_plain_conditioning,completion_time,interaction,0.0,0.0,0.0
clean,merge_bottleneck,8,5,residual_conditioning_minus_plain_conditioning,min_distance,interaction,-0.07435625791549683,-0.013687729835510254,-0.06066852807998657
low,merge_bottleneck,8,5,residual_conditioning_minus_plain_conditioning,collision,interaction,0.0,0.0,0.0
low,merge_bottleneck,8,5,residual_conditioning_minus_plain_conditioning,safety_violation,interaction,0.0,-1.0,1.0
low,merge_bottleneck,8,5,residual_conditioning_minus_plain_conditioning,success,interaction,0.0,0.0,0.0
low,merge_bottleneck,8,5,residual_conditioning_minus_plain_conditioning,progress_ratio,interaction,-0.00016734004020690918,0.008573785424232483,-0.008741125464439392
low,merge_bottleneck,8,5,residual_conditioning_minus_plain_conditioning,final_goal_distance,interaction,0.0017344951629638672,-0.08887076377868652,0.09060525894165039
low,merge_bottleneck,8,5,residual_conditioning_minus_plain_conditioning,completion_time,interaction,0.0,0.0,0.0
low,merge_bottleneck,8,5,residual_conditioning_minus_plain_conditioning,min_distance,interaction,0.12525051832199097,0.10359126329421997,0.021659255027770996
medium,merge_bottleneck,8,5,residual_conditioning_minus_plain_conditioning,collision,interaction,-1.0,0.0,-1.0
medium,merge_bottleneck,8,5,residual_conditioning_minus_plain_conditioning,safety_violation,interaction,-1.0,0.0,-1.0
medium,merge_bottleneck,8,5,residual_conditioning_minus_plain_conditioning,success,interaction,0.0,0.0,0.0
medium,merge_bottleneck,8,5,residual_conditioning_minus_plain_conditioning,progress_ratio,interaction,-0.06341329216957092,-0.06367366015911102,0.0002603679895401001
medium,merge_bottleneck,8,5,residual_conditioning_minus_plain_conditioning,final_goal_distance,interaction,0.6573052406311035,0.6600041389465332,-0.0026988983154296875
medium,merge_bottleneck,8,5,residual_conditioning_minus_plain_conditioning,completion_time,interaction,0.0,0.0,0.0
medium,merge_bottleneck,8,5,residual_conditioning_minus_plain_conditioning,min_distance,interaction,0.2661246955394745,-0.07999491691589355,0.34611961245536804
high,merge_bottleneck,8,5,residual_conditioning_minus_plain_conditioning,collision,interaction,0.0,0.0,0.0
high,merge_bottleneck,8,5,residual_conditioning_minus_plain_conditioning,safety_violation,interaction,0.0,0.0,0.0
high,merge_bottleneck,8,5,residual_conditioning_minus_plain_conditioning,success,interaction,0.0,0.0,0.0
high,merge_bottleneck,8,5,residual_conditioning_minus_plain_conditioning,progress_ratio,interaction,0.06845201551914215,-0.10584220290184021,0.17429421842098236
high,merge_bottleneck,8,5,residual_conditioning_minus_plain_conditioning,final_goal_distance,interaction,-0.70953369140625,1.0970983505249023,-1.8066320419311523
high,merge_bottleneck,8,5,residual_conditioning_minus_plain_conditioning,completion_time,interaction,0.0,0.0,0.0
high,merge_bottleneck,8,5,residual_conditioning_minus_plain_conditioning,min_distance,interaction,0.13060182332992554,0.1310330629348755,-0.00043123960494995117
clean,four_way_stop,4,5,residual_conditioning_minus_plain_conditioning,collision,interaction,0.0,0.0,0.0
clean,four_way_stop,4,5,residual_conditioning_minus_plain_conditioning,safety_violation,interaction,0.0,0.0,0.0
clean,four_way_stop,4,5,residual_conditioning_minus_plain_conditioning,success,interaction,0.0,0.0,0.0
clean,four_way_stop,4,5,residual_conditioning_minus_plain_conditioning,progress_ratio,interaction,-0.0014941981062294163,-0.0008439384400843464,-0.0006502596661450699
clean,four_way_stop,4,5,residual_conditioning_minus_plain_conditioning,final_goal_distance,interaction,0.014331541955470997,0.0080946013331413,0.006236940622329698
clean,four_way_stop,4,5,residual_conditioning_minus_plain_conditioning,completion_time,interaction,2.16,-2.76,4.92
clean,four_way_stop,4,5,residual_conditioning_minus_plain_conditioning,min_distance,interaction,0.17023801803588867,0.23500579595565796,-0.06476777791976929
low,four_way_stop,4,5,residual_conditioning_minus_plain_conditioning,collision,interaction,0.0,0.0,0.0
low,four_way_stop,4,5,residual_conditioning_minus_plain_conditioning,safety_violation,interaction,0.0,0.0,0.0
low,four_way_stop,4,5,residual_conditioning_minus_plain_conditioning,success,interaction,0.0,0.0,0.0
low,four_way_stop,4,5,residual_conditioning_minus_plain_conditioning,progress_ratio,interaction,-0.004206329584121593,-0.0009342562407256283,-0.003272073343395965
low,four_way_stop,4,5,residual_conditioning_minus_plain_conditioning,final_goal_distance,interaction,0.04034483432769781,0.008960880339145702,0.03138395398855211
low,four_way_stop,4,5,residual_conditioning_minus_plain_conditioning,completion_time,interaction,-0.35999999999999943,0.47999999999999865,-0.8399999999999981
low,four_way_stop,4,5,residual_conditioning_minus_plain_conditioning,min_distance,interaction,-0.006877303123474121,-0.0029805898666381836,-0.0038967132568359375
medium,four_way_stop,4,5,residual_conditioning_minus_plain_conditioning,collision,interaction,0.0,0.0,0.0
medium,four_way_stop,4,5,residual_conditioning_minus_plain_conditioning,safety_violation,interaction,0.0,0.0,0.0
medium,four_way_stop,4,5,residual_conditioning_minus_plain_conditioning,success,interaction,0.0,0.0,0.0
medium,four_way_stop,4,5,residual_conditioning_minus_plain_conditioning,progress_ratio,interaction,-0.0069740088656543575,7.141381502140387e-05,-0.007045422680675761
medium,four_way_stop,4,5,residual_conditioning_minus_plain_conditioning,final_goal_distance,interaction,0.0668909251689911,-0.0006849616765975952,0.0675758868455887
medium,four_way_stop,4,5,residual_conditioning_minus_plain_conditioning,completion_time,interaction,-0.2400000000000002,-0.4800000000000004,0.2400000000000002
medium,four_way_stop,4,5,residual_conditioning_minus_plain_conditioning,min_distance,interaction,0.10761016607284546,-5.048513412475586e-05,0.10766065120697021
high,four_way_stop,4,5,residual_conditioning_minus_plain_conditioning,collision,interaction,0.0,0.0,0.0
high,four_way_stop,4,5,residual_conditioning_minus_plain_conditioning,safety_violation,interaction,0.0,0.0,0.0
high,four_way_stop,4,5,residual_conditioning_minus_plain_conditioning,success,interaction,0.0,0.0,0.0
high,four_way_stop,4,5,residual_conditioning_minus_plain_conditioning,progress_ratio,interaction,-2.945307642232553e-05,0.011585106141865364,-0.01161455921828769
high,four_way_stop,4,5,residual_conditioning_minus_plain_conditioning,final_goal_distance,interaction,0.00028249621391290836,-0.1111180633306503,0.11140055954456321
high,four_way_stop,4,5,residual_conditioning_minus_plain_conditioning,completion_time,interaction,0.0,0.2400000000000002,-0.2400000000000002
high,four_way_stop,4,5,residual_conditioning_minus_plain_conditioning,min_distance,interaction,-0.03635227680206299,0.021669626235961803,-0.05802190303802479
clean,four_way_stop,8,5,residual_conditioning_minus_plain_conditioning,collision,interaction,0.0,0.0,0.0
clean,four_way_stop,8,5,residual_conditioning_minus_plain_conditioning,safety_violation,interaction,0.0,0.0,0.0
clean,four_way_stop,8,5,residual_conditioning_minus_plain_conditioning,success,interaction,0.0,0.0,0.0
clean,four_way_stop,8,5,residual_conditioning_minus_plain_conditioning,progress_ratio,interaction,0.001460948958993069,-0.0003554392606019974,0.0018163882195950665
clean,four_way_stop,8,5,residual_conditioning_minus_plain_conditioning,final_goal_distance,interaction,-0.014029622077941895,0.003413304686546298,-0.017442926764488192
clean,four_way_stop,8,5,residual_conditioning_minus_plain_conditioning,completion_time,interaction,-3.2399999999999984,-0.9600000000000009,-2.2799999999999976
clean,four_way_stop,8,5,residual_conditioning_minus_plain_conditioning,min_distance,interaction,-0.018706679344177246,-0.08413189649581909,0.06542521715164185
low,four_way_stop,8,5,residual_conditioning_minus_plain_conditioning,collision,interaction,0.0,0.0,0.0
low,four_way_stop,8,5,residual_conditioning_minus_plain_conditioning,safety_violation,interaction,0.0,0.0,0.0
low,four_way_stop,8,5,residual_conditioning_minus_plain_conditioning,success,interaction,0.0,0.0,0.0
low,four_way_stop,8,5,residual_conditioning_minus_plain_conditioning,progress_ratio,interaction,0.0031931810081003986,-0.0004662275314332165,0.003659408539533615
low,four_way_stop,8,5,residual_conditioning_minus_plain_conditioning,final_goal_distance,interaction,-0.030664369463920593,0.004477217793464605,-0.0351415872573852
low,four_way_stop,8,5,residual_conditioning_minus_plain_conditioning,completion_time,interaction,2.16,-6.720000000000002,8.880000000000003
low,four_way_stop,8,5,residual_conditioning_minus_plain_conditioning,min_distance,interaction,-0.013257145881652832,-0.0076378583908081055,-0.0056192874908447266
medium,four_way_stop,8,5,residual_conditioning_minus_plain_conditioning,collision,interaction,0.0,0.0,0.0
medium,four_way_stop,8,5,residual_conditioning_minus_plain_conditioning,safety_violation,interaction,0.0,0.0,0.0
medium,four_way_stop,8,5,residual_conditioning_minus_plain_conditioning,success,interaction,-1.0,1.0,-2.0
medium,four_way_stop,8,5,residual_conditioning_minus_plain_conditioning,progress_ratio,interaction,-0.007499027997255436,0.007561095058917999,-0.015060123056173436
medium,four_way_stop,8,5,residual_conditioning_minus_plain_conditioning,final_goal_distance,interaction,0.07201378047466281,-0.0726097971200943,0.1446235775947571
medium,four_way_stop,8,5,residual_conditioning_minus_plain_conditioning,completion_time,interaction,12.36,-14.639999999999999,27.0
medium,four_way_stop,8,5,residual_conditioning_minus_plain_conditioning,min_distance,interaction,-0.10219430923461914,-0.025285959243774414,-0.07690834999084473
high,four_way_stop,8,5,residual_conditioning_minus_plain_conditioning,collision,interaction,0.0,0.0,0.0
high,four_way_stop,8,5,residual_conditioning_minus_plain_conditioning,safety_violation,interaction,0.0,0.0,0.0
high,four_way_stop,8,5,residual_conditioning_minus_plain_conditioning,success,interaction,0.0,1.0,-1.0
high,four_way_stop,8,5,residual_conditioning_minus_plain_conditioning,progress_ratio,interaction,0.0011538229882716022,0.004112906754016876,-0.002959083765745274
high,four_way_stop,8,5,residual_conditioning_minus_plain_conditioning,final_goal_distance,interaction,-0.011080265045165988,-0.03949657082557681,0.028416305780410822
high,four_way_stop,8,5,residual_conditioning_minus_plain_conditioning,completion_time,interaction,-2.16,-3.479999999999997,1.3199999999999967
high,four_way_stop,8,5,residual_conditioning_minus_plain_conditioning,min_distance,interaction,0.07347774505615234,-0.01559978723526001,0.08907753229141235
clean,corridor,4,6,residual_conditioning_minus_plain_conditioning,collision,interaction,0.0,0.0,0.0
clean,corridor,4,6,residual_conditioning_minus_plain_conditioning,safety_violation,interaction,0.0,1.0,-1.0
clean,corridor,4,6,residual_conditioning_minus_plain_conditioning,success,interaction,0.0,0.0,0.0
clean,corridor,4,6,residual_conditioning_minus_plain_conditioning,progress_ratio,interaction,0.002688133157789596,-0.0012090113013981663,0.0038971444591877624
clean,corridor,4,6,residual_conditioning_minus_plain_conditioning,final_goal_distance,interaction,-0.0274911746382714,0.0123643949627876,-0.039855569601059
clean,corridor,4,6,residual_conditioning_minus_plain_conditioning,completion_time,interaction,-0.2400000000000002,0.2400000000000002,-0.4800000000000004
clean,corridor,4,6,residual_conditioning_minus_plain_conditioning,min_distance,interaction,0.040516793727874756,-0.02333122491836548,0.06384801864624023
low,corridor,4,6,residual_conditioning_minus_plain_conditioning,collision,interaction,0.0,0.0,0.0
low,corridor,4,6,residual_conditioning_minus_plain_conditioning,safety_violation,interaction,0.0,0.0,0.0
low,corridor,4,6,residual_conditioning_minus_plain_conditioning,success,interaction,0.0,0.0,0.0
low,corridor,4,6,residual_conditioning_minus_plain_conditioning,progress_ratio,interaction,0.0027053998783233,0.0013442635536193848,0.0013611363247039154
low,corridor,4,6,residual_conditioning_minus_plain_conditioning,final_goal_distance,interaction,-0.027667760848998996,-0.013747602701187092,-0.013920158147811904
low,corridor,4,6,residual_conditioning_minus_plain_conditioning,completion_time,interaction,0.7200000000000006,2.2799999999999994,-1.5599999999999987
low,corridor,4,6,residual_conditioning_minus_plain_conditioning,min_distance,interaction,0.11452090740203857,-0.22443825006484985,0.3389591574668884
medium,corridor,4,6,residual_conditioning_minus_plain_conditioning,collision,interaction,0.0,0.0,0.0
medium,corridor,4,6,residual_conditioning_minus_plain_conditioning,safety_violation,interaction,0.0,0.0,0.0
medium,corridor,4,6,residual_conditioning_minus_plain_conditioning,success,interaction,0.0,0.0,0.0
medium,corridor,4,6,residual_conditioning_minus_plain_conditioning,progress_ratio,interaction,-0.0008925702422858395,-0.002826823852956406,0.0019342536106705666
medium,corridor,4,6,residual_conditioning_minus_plain_conditioning,final_goal_distance,interaction,0.009128198027610696,0.028909534215927096,-0.0197813361883164
medium,corridor,4,6,residual_conditioning_minus_plain_conditioning,completion_time,interaction,0.120000000000001,0.3600000000000012,-0.2400000000000002
medium,corridor,4,6,residual_conditioning_minus_plain_conditioning,min_distance,interaction,0.06760680675506592,-0.04246377944946289,0.11007058620452881
high,corridor,4,6,residual_conditioning_minus_plain_conditioning,collision,interaction,0.0,0.0,0.0
high,corridor,4,6,residual_conditioning_minus_plain_conditioning,safety_violation,interaction,0.0,0.0,0.0
high,corridor,4,6,residual_conditioning_minus_plain_conditioning,success,interaction,0.0,0.0,0.0
high,corridor,4,6,residual_conditioning_minus_plain_conditioning,progress_ratio,interaction,0.002700042910873779,0.0014773067086933933,0.0012227362021803856
high,corridor,4,6,residual_conditioning_minus_plain_conditioning,final_goal_distance,interaction,-0.027612969279289204,-0.01510822772979728,-0.012504741549491924
high,corridor,4,6,residual_conditioning_minus_plain_conditioning,completion_time,interaction,0.3600000000000012,0.120000000000001,0.2400000000000002
high,corridor,4,6,residual_conditioning_minus_plain_conditioning,min_distance,interaction,0.08013397455215454,-0.021487891674041748,0.10162186622619629
clean,corridor,8,6,residual_conditioning_minus_plain_conditioning,collision,interaction,0.0,0.0,0.0
clean,corridor,8,6,residual_conditioning_minus_plain_conditioning,safety_violation,interaction,0.0,0.0,0.0
clean,corridor,8,6,residual_conditioning_minus_plain_conditioning,success,interaction,0.0,0.0,0.0
clean,corridor,8,6,residual_conditioning_minus_plain_conditioning,progress_ratio,interaction,-0.0036348849534989514,0.0015814192593097687,-0.00521630421280872
clean,corridor,8,6,residual_conditioning_minus_plain_conditioning,final_goal_distance,interaction,0.03677934408187866,-0.016001522541046143,0.052780866622924805
clean,corridor,8,6,residual_conditioning_minus_plain_conditioning,completion_time,interaction,0.0,0.0,0.0
clean,corridor,8,6,residual_conditioning_minus_plain_conditioning,min_distance,interaction,-0.029140233993530273,-0.07839721441268921,0.049256980419158936
low,corridor,8,6,residual_conditioning_minus_plain_conditioning,collision,interaction,0.0,0.0,0.0
low,corridor,8,6,residual_conditioning_minus_plain_conditioning,safety_violation,interaction,0.0,0.0,0.0
low,corridor,8,6,residual_conditioning_minus_plain_conditioning,success,interaction,0.0,0.0,0.0
low,corridor,8,6,residual_conditioning_minus_plain_conditioning,progress_ratio,interaction,-0.00857781246304501,0.00564572960138332,-0.01422354206442833
low,corridor,8,6,residual_conditioning_minus_plain_conditioning,final_goal_distance,interaction,0.08679401874542236,-0.057125866413116455,0.14391988515853882
low,corridor,8,6,residual_conditioning_minus_plain_conditioning,completion_time,interaction,0.0,0.0,0.0
low,corridor,8,6,residual_conditioning_minus_plain_conditioning,min_distance,interaction,0.030752897262573242,-0.07117682695388794,0.10192972421646118
medium,corridor,8,6,residual_conditioning_minus_plain_conditioning,collision,interaction,0.0,0.0,0.0
medium,corridor,8,6,residual_conditioning_minus_plain_conditioning,safety_violation,interaction,0.0,0.0,0.0
medium,corridor,8,6,residual_conditioning_minus_plain_conditioning,success,interaction,0.0,0.0,0.0
medium,corridor,8,6,residual_conditioning_minus_plain_conditioning,progress_ratio,interaction,0.006810851395129935,-0.0014500319957732044,0.00826088339090314
medium,corridor,8,6,residual_conditioning_minus_plain_conditioning,final_goal_distance,interaction,-0.06891512870788574,0.01467198133468628,-0.08358711004257202
medium,corridor,8,6,residual_conditioning_minus_plain_conditioning,completion_time,interaction,0.0,0.0,0.0
medium,corridor,8,6,residual_conditioning_minus_plain_conditioning,min_distance,interaction,-0.0804680585861206,0.002845942974090576,-0.08331400156021118
high,corridor,8,6,residual_conditioning_minus_plain_conditioning,collision,interaction,0.0,0.0,0.0
high,corridor,8,6,residual_conditioning_minus_plain_conditioning,safety_violation,interaction,0.0,0.0,0.0
high,corridor,8,6,residual_conditioning_minus_plain_conditioning,success,interaction,0.0,0.0,0.0
high,corridor,8,6,residual_conditioning_minus_plain_conditioning,progress_ratio,interaction,-0.006640732288360596,-0.0014165714383124195,-0.005224160850048176
high,corridor,8,6,residual_conditioning_minus_plain_conditioning,final_goal_distance,interaction,0.06719374656677246,0.014333486557006836,0.052860260009765625
high,corridor,8,6,residual_conditioning_minus_plain_conditioning,completion_time,interaction,0.0,0.0,0.0
high,corridor,8,6,residual_conditioning_minus_plain_conditioning,min_distance,interaction,0.04067409038543701,0.13345658779144287,-0.09278249740600586
clean,narrow_gate,4,6,residual_conditioning_minus_plain_conditioning,collision,interaction,0.0,0.0,0.0
clean,narrow_gate,4,6,residual_conditioning_minus_plain_conditioning,safety_violation,interaction,0.0,0.0,0.0
clean,narrow_gate,4,6,residual_conditioning_minus_plain_conditioning,success,interaction,-1.0,0.0,-1.0
clean,narrow_gate,4,6,residual_conditioning_minus_plain_conditioning,progress_ratio,interaction,-0.1526245502755047,-0.0017365003004670143,-0.15088804997503769
clean,narrow_gate,4,6,residual_conditioning_minus_plain_conditioning,final_goal_distance,interaction,1.6191682815551756,0.01842224597930911,1.6007460355758665
clean,narrow_gate,4,6,residual_conditioning_minus_plain_conditioning,completion_time,interaction,2.759999999999998,1.8000000000000007,0.9599999999999973
clean,narrow_gate,4,6,residual_conditioning_minus_plain_conditioning,min_distance,interaction,0.04202466128747562,0.08125560401361087,-0.039230942726135254
low,narrow_gate,4,6,residual_conditioning_minus_plain_conditioning,collision,interaction,0.0,0.0,0.0
low,narrow_gate,4,6,residual_conditioning_minus_plain_conditioning,safety_violation,interaction,0.0,0.0,0.0
low,narrow_gate,4,6,residual_conditioning_minus_plain_conditioning,success,interaction,0.0,0.0,0.0
low,narrow_gate,4,6,residual_conditioning_minus_plain_conditioning,progress_ratio,interaction,0.0026560286059975624,-0.11863180249929417,0.12128783110529173
low,narrow_gate,4,6,residual_conditioning_minus_plain_conditioning,final_goal_distance,interaction,-0.02817736566066749,1.2585449814796448,-1.2867223471403122
low,narrow_gate,4,6,residual_conditioning_minus_plain_conditioning,completion_time,interaction,6.48,0.0,6.48
low,narrow_gate,4,6,residual_conditioning_minus_plain_conditioning,min_distance,interaction,-0.0011779069900512695,-0.0020856226333288985,0.000907715643277629
medium,narrow_gate,4,6,residual_conditioning_minus_plain_conditioning,collision,interaction,0.0,0.0,0.0
medium,narrow_gate,4,6,residual_conditioning_minus_plain_conditioning,safety_violation,interaction,0.0,0.0,0.0
medium,narrow_gate,4,6,residual_conditioning_minus_plain_conditioning,success,interaction,0.0,0.0,0.0
medium,narrow_gate,4,6,residual_conditioning_minus_plain_conditioning,progress_ratio,interaction,-0.0006342623382807888,-0.0018354346975684166,0.0012011723592876278
medium,narrow_gate,4,6,residual_conditioning_minus_plain_conditioning,final_goal_distance,interaction,0.006728783249855097,0.01947182416915899,-0.012743040919303894
medium,narrow_gate,4,6,residual_conditioning_minus_plain_conditioning,completion_time,interaction,-0.5999999999999996,4.440000000000001,-5.040000000000001
medium,narrow_gate,4,6,residual_conditioning_minus_plain_conditioning,min_distance,interaction,0.025967061519622803,-0.05061542987823486,0.07658249139785767
high,narrow_gate,4,6,residual_conditioning_minus_plain_conditioning,collision,interaction,0.0,0.0,0.0
high,narrow_gate,4,6,residual_conditioning_minus_plain_conditioning,safety_violation,interaction,0.0,0.0,0.0
high,narrow_gate,4,6,residual_conditioning_minus_plain_conditioning,success,interaction,0.0,0.0,0.0
high,narrow_gate,4,6,residual_conditioning_minus_plain_conditioning,progress_ratio,interaction,0.003731079399585724,0.004599124193191528,-0.0008680447936058044
high,narrow_gate,4,6,residual_conditioning_minus_plain_conditioning,final_goal_distance,interaction,-0.03958239406347269,-0.04879140853881814,0.009209014475345445
high,narrow_gate,4,6,residual_conditioning_minus_plain_conditioning,completion_time,interaction,3.120000000000001,0.0,3.120000000000001
high,narrow_gate,4,6,residual_conditioning_minus_plain_conditioning,min_distance,interaction,-0.03851038217544556,-0.07211917638778687,0.03360879421234131
clean,narrow_gate,8,6,residual_conditioning_minus_plain_conditioning,collision,interaction,0.0,0.0,0.0
clean,narrow_gate,8,6,residual_conditioning_minus_plain_conditioning,safety_violation,interaction,0.0,1.0,-1.0
clean,narrow_gate,8,6,residual_conditioning_minus_plain_conditioning,success,interaction,0.0,0.0,0.0
clean,narrow_gate,8,6,residual_conditioning_minus_plain_conditioning,progress_ratio,interaction,-0.02984514832496643,-0.13013863563537598,0.10029348731040955
clean,narrow_gate,8,6,residual_conditioning_minus_plain_conditioning,final_goal_distance,interaction,0.30874300003051713,1.3462626934051514,-1.0375196933746342
clean,narrow_gate,8,6,residual_conditioning_minus_plain_conditioning,completion_time,interaction,0.0,0.0,0.0
clean,narrow_gate,8,6,residual_conditioning_minus_plain_conditioning,min_distance,interaction,-0.011534571647644043,-0.2616819739341736,0.25014740228652954
low,narrow_gate,8,6,residual_conditioning_minus_plain_conditioning,collision,interaction,0.0,0.0,0.0
low,narrow_gate,8,6,residual_conditioning_minus_plain_conditioning,safety_violation,interaction,0.0,0.0,0.0
low,narrow_gate,8,6,residual_conditioning_minus_plain_conditioning,success,interaction,0.0,0.0,0.0
low,narrow_gate,8,6,residual_conditioning_minus_plain_conditioning,progress_ratio,interaction,0.09831269830465317,-0.06476005911827087,0.16307275742292404
low,narrow_gate,8,6,residual_conditioning_minus_plain_conditioning,final_goal_distance,interaction,-1.0170284509658813,0.6699321269989018,-1.6869605779647832
low,narrow_gate,8,6,residual_conditioning_minus_plain_conditioning,completion_time,interaction,0.0,0.0,0.0
low,narrow_gate,8,6,residual_conditioning_minus_plain_conditioning,min_distance,interaction,0.01751476526260376,0.18228751420974731,-0.16477274894714355
medium,narrow_gate,8,6,residual_conditioning_minus_plain_conditioning,collision,interaction,0.0,0.0,0.0
medium,narrow_gate,8,6,residual_conditioning_minus_plain_conditioning,safety_violation,interaction,0.0,0.0,0.0
medium,narrow_gate,8,6,residual_conditioning_minus_plain_conditioning,success,interaction,0.0,0.0,0.0
medium,narrow_gate,8,6,residual_conditioning_minus_plain_conditioning,progress_ratio,interaction,0.007168278098106384,0.07231441140174866,-0.06514613330364227
medium,narrow_gate,8,6,residual_conditioning_minus_plain_conditioning,final_goal_distance,interaction,-0.07415461540222168,-0.7480807304382324,0.6739261150360107
medium,narrow_gate,8,6,residual_conditioning_minus_plain_conditioning,completion_time,interaction,0.0,0.0,0.0
medium,narrow_gate,8,6,residual_conditioning_minus_plain_conditioning,min_distance,interaction,-0.07376939058303833,0.053275227546691895,-0.12704461812973022
high,narrow_gate,8,6,residual_conditioning_minus_plain_conditioning,collision,interaction,0.0,0.0,0.0
high,narrow_gate,8,6,residual_conditioning_minus_plain_conditioning,safety_violation,interaction,0.0,0.0,0.0
high,narrow_gate,8,6,residual_conditioning_minus_plain_conditioning,success,interaction,0.0,0.0,0.0
high,narrow_gate,8,6,residual_conditioning_minus_plain_conditioning,progress_ratio,interaction,0.046608418226242065,-0.07686818391084671,0.12347660213708878
high,narrow_gate,8,6,residual_conditioning_minus_plain_conditioning,final_goal_distance,interaction,-0.48215627670288086,0.7951885461807251,-1.277344822883606
high,narrow_gate,8,6,residual_conditioning_minus_plain_conditioning,completion_time,interaction,0.0,0.0,0.0
high,narrow_gate,8,6,residual_conditioning_minus_plain_conditioning,min_distance,interaction,-0.05756169557571411,0.05308341979980469,-0.1106451153755188
clean,merge_bottleneck,4,6,residual_conditioning_minus_plain_conditioning,collision,interaction,0.0,0.0,0.0
clean,merge_bottleneck,4,6,residual_conditioning_minus_plain_conditioning,safety_violation,interaction,0.0,0.0,0.0
clean,merge_bottleneck,4,6,residual_conditioning_minus_plain_conditioning,success,interaction,0.0,0.0,0.0
clean,merge_bottleneck,4,6,residual_conditioning_minus_plain_conditioning,progress_ratio,interaction,0.019003793597221152,-0.04967104643583309,0.06867484003305424
clean,merge_bottleneck,4,6,residual_conditioning_minus_plain_conditioning,final_goal_distance,interaction,-0.19705092906951904,0.5150406956672666,-0.7120916247367857
clean,merge_bottleneck,4,6,residual_conditioning_minus_plain_conditioning,completion_time,interaction,0.0,0.0,0.0
clean,merge_bottleneck,4,6,residual_conditioning_minus_plain_conditioning,min_distance,interaction,0.16580116748809814,-0.04615187644958496,0.2119530439376831
low,merge_bottleneck,4,6,residual_conditioning_minus_plain_conditioning,collision,interaction,0.0,0.0,0.0
low,merge_bottleneck,4,6,residual_conditioning_minus_plain_conditioning,safety_violation,interaction,0.0,0.0,0.0
low,merge_bottleneck,4,6,residual_conditioning_minus_plain_conditioning,success,interaction,0.0,0.0,0.0
low,merge_bottleneck,4,6,residual_conditioning_minus_plain_conditioning,progress_ratio,interaction,0.02618960663676273,0.017367478460073582,0.008822128176689148
low,merge_bottleneck,4,6,residual_conditioning_minus_plain_conditioning,final_goal_distance,interaction,-0.2715609073638916,-0.18008393049240112,-0.09147697687149048
low,merge_bottleneck,4,6,residual_conditioning_minus_plain_conditioning,completion_time,interaction,0.0,0.0,0.0
low,merge_bottleneck,4,6,residual_conditioning_minus_plain_conditioning,min_distance,interaction,-0.2059229981899262,-0.049513936042785645,-0.15640906214714057
medium,merge_bottleneck,4,6,residual_conditioning_minus_plain_conditioning,collision,interaction,0.0,0.0,0.0
medium,merge_bottleneck,4,6,residual_conditioning_minus_plain_conditioning,safety_violation,interaction,0.0,0.0,0.0
medium,merge_bottleneck,4,6,residual_conditioning_minus_plain_conditioning,success,interaction,0.0,0.0,0.0
medium,merge_bottleneck,4,6,residual_conditioning_minus_plain_conditioning,progress_ratio,interaction,0.0374530628323555,0.019439324736595154,0.018013738095760345
medium,merge_bottleneck,4,6,residual_conditioning_minus_plain_conditioning,final_goal_distance,interaction,-0.3883519768714905,-0.20156699419021618,-0.1867849826812743
medium,merge_bottleneck,4,6,residual_conditioning_minus_plain_conditioning,completion_time,interaction,0.0,0.0,0.0
medium,merge_bottleneck,4,6,residual_conditioning_minus_plain_conditioning,min_distance,interaction,3.4475915550946645e-05,-0.03841136653188448,0.03844584244743543
high,merge_bottleneck,4,6,residual_conditioning_minus_plain_conditioning,collision,interaction,0.0,0.0,0.0
high,merge_bottleneck,4,6,residual_conditioning_minus_plain_conditioning,safety_violation,interaction,0.0,0.0,0.0
high,merge_bottleneck,4,6,residual_conditioning_minus_plain_conditioning,success,interaction,0.0,0.0,0.0
high,merge_bottleneck,4,6,residual_conditioning_minus_plain_conditioning,progress_ratio,interaction,-0.0003679320216177784,0.02576427161693573,-0.02613220363855351
high,merge_bottleneck,4,6,residual_conditioning_minus_plain_conditioning,final_goal_distance,interaction,0.0038151144981384277,-0.2671505808830261,0.27096569538116455
high,merge_bottleneck,4,6,residual_conditioning_minus_plain_conditioning,completion_time,interaction,0.0,0.0,0.0
high,merge_bottleneck,4,6,residual_conditioning_minus_plain_conditioning,min_distance,interaction,-0.18172738075256345,-0.13021975755691528,-0.05150762319564817
clean,merge_bottleneck,8,6,residual_conditioning_minus_plain_conditioning,collision,interaction,0.0,0.0,0.0
clean,merge_bottleneck,8,6,residual_conditioning_minus_plain_conditioning,safety_violation,interaction,0.0,0.0,0.0
clean,merge_bottleneck,8,6,residual_conditioning_minus_plain_conditioning,success,interaction,0.0,0.0,0.0
clean,merge_bottleneck,8,6,residual_conditioning_minus_plain_conditioning,progress_ratio,interaction,-0.0448751300573349,-0.016637951135635376,-0.028237178921699524
clean,merge_bottleneck,8,6,residual_conditioning_minus_plain_conditioning,final_goal_distance,interaction,0.4646127223968506,0.17226028442382812,0.29235243797302246
clean,merge_bottleneck,8,6,residual_conditioning_minus_plain_conditioning,completion_time,interaction,0.0,0.0,0.0
clean,merge_bottleneck,8,6,residual_conditioning_minus_plain_conditioning,min_distance,interaction,0.018838942050933838,0.008752584457397461,0.010086357593536377
low,merge_bottleneck,8,6,residual_conditioning_minus_plain_conditioning,collision,interaction,0.0,0.0,0.0
low,merge_bottleneck,8,6,residual_conditioning_minus_plain_conditioning,safety_violation,interaction,1.0,-1.0,2.0
low,merge_bottleneck,8,6,residual_conditioning_minus_plain_conditioning,success,interaction,0.0,0.0,0.0
low,merge_bottleneck,8,6,residual_conditioning_minus_plain_conditioning,progress_ratio,interaction,0.06200963258743286,-0.0012408196926116943,0.06325045228004456
low,merge_bottleneck,8,6,residual_conditioning_minus_plain_conditioning,final_goal_distance,interaction,-0.6420142650604248,0.012846708297729936,-0.6548609733581547
low,merge_bottleneck,8,6,residual_conditioning_minus_plain_conditioning,completion_time,interaction,0.0,0.0,0.0
low,merge_bottleneck,8,6,residual_conditioning_minus_plain_conditioning,min_distance,interaction,-0.1446630358695984,0.10222089290618896,-0.24688392877578735
medium,merge_bottleneck,8,6,residual_conditioning_minus_plain_conditioning,collision,interaction,0.0,0.0,0.0
medium,merge_bottleneck,8,6,residual_conditioning_minus_plain_conditioning,safety_violation,interaction,0.0,0.0,0.0
medium,merge_bottleneck,8,6,residual_conditioning_minus_plain_conditioning,success,interaction,0.0,0.0,0.0
medium,merge_bottleneck,8,6,residual_conditioning_minus_plain_conditioning,progress_ratio,interaction,-0.011612027883529663,0.026464492082595825,-0.03807651996612549
medium,merge_bottleneck,8,6,residual_conditioning_minus_plain_conditioning,final_goal_distance,interaction,0.1202247142791748,-0.27399897575378374,0.39422369003295854
medium,merge_bottleneck,8,6,residual_conditioning_minus_plain_conditioning,completion_time,interaction,0.0,0.0,0.0
medium,merge_bottleneck,8,6,residual_conditioning_minus_plain_conditioning,min_distance,interaction,-0.04379087686538696,0.020914137363433838,-0.0647050142288208
high,merge_bottleneck,8,6,residual_conditioning_minus_plain_conditioning,collision,interaction,0.0,-1.0,1.0
high,merge_bottleneck,8,6,residual_conditioning_minus_plain_conditioning,safety_violation,interaction,0.0,-1.0,1.0
high,merge_bottleneck,8,6,residual_conditioning_minus_plain_conditioning,success,interaction,0.0,0.0,0.0
high,merge_bottleneck,8,6,residual_conditioning_minus_plain_conditioning,progress_ratio,interaction,-0.003645479679107666,-0.16531947255134583,0.16167399287223816
high,merge_bottleneck,8,6,residual_conditioning_minus_plain_conditioning,final_goal_distance,interaction,0.037743568420410156,1.7116285562515259,-1.6738849878311157
high,merge_bottleneck,8,6,residual_conditioning_minus_plain_conditioning,completion_time,interaction,0.0,0.0,0.0
high,merge_bottleneck,8,6,residual_conditioning_minus_plain_conditioning,min_distance,interaction,-0.07431083917617798,0.3118363320827484,-0.3861471712589264
clean,four_way_stop,4,6,residual_conditioning_minus_plain_conditioning,collision,interaction,0.0,0.0,0.0
clean,four_way_stop,4,6,residual_conditioning_minus_plain_conditioning,safety_violation,interaction,0.0,0.0,0.0
clean,four_way_stop,4,6,residual_conditioning_minus_plain_conditioning,success,interaction,0.0,0.0,0.0
clean,four_way_stop,4,6,residual_conditioning_minus_plain_conditioning,progress_ratio,interaction,-0.012275195680558793,0.008904614485800377,-0.02117981016635917
clean,four_way_stop,4,6,residual_conditioning_minus_plain_conditioning,final_goal_distance,interaction,0.1180398315191269,-0.0856278985738754,0.20366773009300232
clean,four_way_stop,4,6,residual_conditioning_minus_plain_conditioning,completion_time,interaction,-0.35999999999999943,0.11999999999999922,-0.47999999999999865
clean,four_way_stop,4,6,residual_conditioning_minus_plain_conditioning,min_distance,interaction,-0.028005242347717396,0.001701951026916504,-0.0297071933746339
low,four_way_stop,4,6,residual_conditioning_minus_plain_conditioning,collision,interaction,0.0,0.0,0.0
low,four_way_stop,4,6,residual_conditioning_minus_plain_conditioning,safety_violation,interaction,0.0,0.0,0.0
low,four_way_stop,4,6,residual_conditioning_minus_plain_conditioning,success,interaction,0.0,0.0,0.0
low,four_way_stop,4,6,residual_conditioning_minus_plain_conditioning,progress_ratio,interaction,-0.00017250329256035535,0.0015780385583640255,-0.0017505418509243809
low,four_way_stop,4,6,residual_conditioning_minus_plain_conditioning,final_goal_distance,interaction,0.0016588121652602872,-0.015174612402915996,0.016833424568176283
low,four_way_stop,4,6,residual_conditioning_minus_plain_conditioning,completion_time,interaction,-0.120000000000001,-0.35999999999999943,0.23999999999999844
low,four_way_stop,4,6,residual_conditioning_minus_plain_conditioning,min_distance,interaction,0.01933276653289795,0.022261202335357666,-0.002928435802459717
medium,four_way_stop,4,6,residual_conditioning_minus_plain_conditioning,collision,interaction,0.0,0.0,0.0
medium,four_way_stop,4,6,residual_conditioning_minus_plain_conditioning,safety_violation,interaction,0.0,0.0,0.0
medium,four_way_stop,4,6,residual_conditioning_minus_plain_conditioning,success,interaction,0.0,0.0,0.0
medium,four_way_stop,4,6,residual_conditioning_minus_plain_conditioning,progress_ratio,interaction,0.003169107250869163,0.0011286335065960884,0.0020404737442730747
medium,four_way_stop,4,6,residual_conditioning_minus_plain_conditioning,final_goal_distance,interaction,-0.030474528670311002,-0.010853081941604587,-0.019621446728706415
medium,four_way_stop,4,6,residual_conditioning_minus_plain_conditioning,completion_time,interaction,0.11999999999999922,-0.3600000000000012,0.4800000000000004
medium,four_way_stop,4,6,residual_conditioning_minus_plain_conditioning,min_distance,interaction,0.019789516925811768,-0.016203999519348145,0.03599351644515991
high,four_way_stop,4,6,residual_conditioning_minus_plain_conditioning,collision,interaction,0.0,0.0,0.0
high,four_way_stop,4,6,residual_conditioning_minus_plain_conditioning,safety_violation,interaction,0.0,0.0,0.0
high,four_way_stop,4,6,residual_conditioning_minus_plain_conditioning,success,interaction,0.0,0.0,0.0
high,four_way_stop,4,6,residual_conditioning_minus_plain_conditioning,progress_ratio,interaction,0.00011553801596164703,-0.001060437411069648,0.001175975427031295
high,four_way_stop,4,6,residual_conditioning_minus_plain_conditioning,final_goal_distance,interaction,-0.001111030578613198,0.0101972967386246,-0.011308327317237798
high,four_way_stop,4,6,residual_conditioning_minus_plain_conditioning,completion_time,interaction,-0.8399999999999999,0.5999999999999996,-1.4399999999999995
high,four_way_stop,4,6,residual_conditioning_minus_plain_conditioning,min_distance,interaction,0.10461169481277466,0.066464364528656,0.03814733028411865
clean,four_way_stop,8,6,residual_conditioning_minus_plain_conditioning,collision,interaction,0.0,0.0,0.0
clean,four_way_stop,8,6,residual_conditioning_minus_plain_conditioning,safety_violation,interaction,0.0,0.0,0.0
clean,four_way_stop,8,6,residual_conditioning_minus_plain_conditioning,success,interaction,0.0,1.0,-1.0
clean,four_way_stop,8,6,residual_conditioning_minus_plain_conditioning,progress_ratio,interaction,0.0013503339141606174,0.0089721418917178,-0.007621807977557182
clean,four_way_stop,8,6,residual_conditioning_minus_plain_conditioning,final_goal_distance,interaction,-0.012989759445190485,-0.0863089859485627,0.07331922650337222
clean,four_way_stop,8,6,residual_conditioning_minus_plain_conditioning,completion_time,interaction,-0.11999999999999922,-5.879999999999999,5.76
clean,four_way_stop,8,6,residual_conditioning_minus_plain_conditioning,min_distance,interaction,-0.021479368209838867,-0.014570057392120361,-0.006909310817718506
low,four_way_stop,8,6,residual_conditioning_minus_plain_conditioning,collision,interaction,0.0,0.0,0.0
low,four_way_stop,8,6,residual_conditioning_minus_plain_conditioning,safety_violation,interaction,0.0,0.0,0.0
low,four_way_stop,8,6,residual_conditioning_minus_plain_conditioning,success,interaction,1.0,0.0,1.0
low,four_way_stop,8,6,residual_conditioning_minus_plain_conditioning,progress_ratio,interaction,0.0070295799523591995,0.004012651741504669,0.0030169282108545303
low,four_way_stop,8,6,residual_conditioning_minus_plain_conditioning,final_goal_distance,interaction,-0.06762218475341791,-0.03860035538673401,-0.029021829366683904
low,four_way_stop,8,6,residual_conditioning_minus_plain_conditioning,completion_time,interaction,-8.399999999999999,3.719999999999999,-12.119999999999997
low,four_way_stop,8,6,residual_conditioning_minus_plain_conditioning,min_distance,interaction,-0.057702839374542236,0.03316217660903931,-0.09086501598358154
medium,four_way_stop,8,6,residual_conditioning_minus_plain_conditioning,collision,interaction,0.0,0.0,0.0
medium,four_way_stop,8,6,residual_conditioning_minus_plain_conditioning,safety_violation,interaction,0.0,0.0,0.0
medium,four_way_stop,8,6,residual_conditioning_minus_plain_conditioning,success,interaction,0.0,0.0,0.0
medium,four_way_stop,8,6,residual_conditioning_minus_plain_conditioning,progress_ratio,interaction,0.0005231220275164761,-0.0041573792695999146,0.004680501297116391
medium,four_way_stop,8,6,residual_conditioning_minus_plain_conditioning,final_goal_distance,interaction,-0.005032271146774292,0.039992585778236306,-0.0450248569250106
medium,four_way_stop,8,6,residual_conditioning_minus_plain_conditioning,completion_time,interaction,-0.9600000000000009,-7.199999999999999,6.239999999999998
medium,four_way_stop,8,6,residual_conditioning_minus_plain_conditioning,min_distance,interaction,0.05546170473098755,0.08744609355926514,-0.03198438882827759
high,four_way_stop,8,6,residual_conditioning_minus_plain_conditioning,collision,interaction,0.0,0.0,0.0
high,four_way_stop,8,6,residual_conditioning_minus_plain_conditioning,safety_violation,interaction,0.0,0.0,0.0
high,four_way_stop,8,6,residual_conditioning_minus_plain_conditioning,success,interaction,0.0,1.0,-1.0
high,four_way_stop,8,6,residual_conditioning_minus_plain_conditioning,progress_ratio,interaction,0.0004121139645576477,0.006153337657451519,-0.005741223692893871
high,four_way_stop,8,6,residual_conditioning_minus_plain_conditioning,final_goal_distance,interaction,-0.003964409232139587,-0.059193029999733,0.05522862076759341
high,four_way_stop,8,6,residual_conditioning_minus_plain_conditioning,completion_time,interaction,-1.3200000000000003,-11.399999999999999,10.079999999999998
high,four_way_stop,8,6,residual_conditioning_minus_plain_conditioning,min_distance,interaction,-0.023967862129211426,-0.029825985431671143,0.005858123302459717
clean,corridor,4,7,residual_conditioning_minus_plain_conditioning,collision,interaction,0.0,0.0,0.0
clean,corridor,4,7,residual_conditioning_minus_plain_conditioning,safety_violation,interaction,0.0,0.0,0.0
clean,corridor,4,7,residual_conditioning_minus_plain_conditioning,success,interaction,0.0,0.0,0.0
clean,corridor,4,7,residual_conditioning_minus_plain_conditioning,progress_ratio,interaction,0.003918543457984813,-0.0052265748381615795,0.009145118296146393
clean,corridor,4,7,residual_conditioning_minus_plain_conditioning,final_goal_distance,interaction,-0.040082871913909995,0.0534627512097359,-0.0935456231236459
clean,corridor,4,7,residual_conditioning_minus_plain_conditioning,completion_time,interaction,2.040000000000001,-1.08,3.120000000000001
clean,corridor,4,7,residual_conditioning_minus_plain_conditioning,min_distance,interaction,0.08989971876144409,-0.0685650110244751,0.1584647297859192
low,corridor,4,7,residual_conditioning_minus_plain_conditioning,collision,interaction,0.0,0.0,0.0
low,corridor,4,7,residual_conditioning_minus_plain_conditioning,safety_violation,interaction,0.0,0.0,0.0
low,corridor,4,7,residual_conditioning_minus_plain_conditioning,success,interaction,0.0,0.0,0.0
low,corridor,4,7,residual_conditioning_minus_plain_conditioning,progress_ratio,interaction,0.0017941324040292583,-0.006951280869543441,0.0087454132735727
low,corridor,4,7,residual_conditioning_minus_plain_conditioning,final_goal_distance,interaction,-0.018352225422859192,0.07110480219125749,-0.08945702761411668
low,corridor,4,7,residual_conditioning_minus_plain_conditioning,completion_time,interaction,0.4800000000000004,-1.6799999999999997,2.16
low,corridor,4,7,residual_conditioning_minus_plain_conditioning,min_distance,interaction,0.028330504894256592,0.021275222301483154,0.0070552825927734375
medium,corridor,4,7,residual_conditioning_minus_plain_conditioning,collision,interaction,0.0,0.0,0.0
medium,corridor,4,7,residual_conditioning_minus_plain_conditioning,safety_violation,interaction,0.0,0.0,0.0
medium,corridor,4,7,residual_conditioning_minus_plain_conditioning,success,interaction,0.0,0.0,0.0
medium,corridor,4,7,residual_conditioning_minus_plain_conditioning,progress_ratio,interaction,0.006493031978607178,-0.0017736731097104386,0.008266705088317616
medium,corridor,4,7,residual_conditioning_minus_plain_conditioning,final_goal_distance,interaction,-0.06641736626625071,0.018142938613891588,-0.0845603048801423
medium,corridor,4,7,residual_conditioning_minus_plain_conditioning,completion_time,interaction,0.6000000000000014,-1.5599999999999987,2.16
medium,corridor,4,7,residual_conditioning_minus_plain_conditioning,min_distance,interaction,-0.007311344146728516,-0.0348474383354187,0.027536094188690186
high,corridor,4,7,residual_conditioning_minus_plain_conditioning,collision,interaction,0.0,0.0,0.0
high,corridor,4,7,residual_conditioning_minus_plain_conditioning,safety_violation,interaction,0.0,0.0,0.0
high,corridor,4,7,residual_conditioning_minus_plain_conditioning,success,interaction,0.0,0.0,0.0
high,corridor,4,7,residual_conditioning_minus_plain_conditioning,progress_ratio,interaction,0.0041656894609332085,0.0024720486253499985,0.00169364083558321
high,corridor,4,7,residual_conditioning_minus_plain_conditioning,final_goal_distance,interaction,-0.0426109433174133,-0.025286637246608692,-0.01732430607080461
high,corridor,4,7,residual_conditioning_minus_plain_conditioning,completion_time,interaction,0.0,1.3200000000000003,-1.3200000000000003
high,corridor,4,7,residual_conditioning_minus_plain_conditioning,min_distance,interaction,-0.02640092372894287,-0.0004546642303466797,-0.02594625949859619
clean,corridor,8,7,residual_conditioning_minus_plain_conditioning,collision,interaction,0.0,0.0,0.0
clean,corridor,8,7,residual_conditioning_minus_plain_conditioning,safety_violation,interaction,0.0,0.0,0.0
clean,corridor,8,7,residual_conditioning_minus_plain_conditioning,success,interaction,0.0,0.0,0.0
clean,corridor,8,7,residual_conditioning_minus_plain_conditioning,progress_ratio,interaction,0.004143796861171611,0.06297793239355076,-0.05883413553237915
clean,corridor,8,7,residual_conditioning_minus_plain_conditioning,final_goal_distance,interaction,-0.041919052600860596,-0.637090802192688,0.5951717495918274
clean,corridor,8,7,residual_conditioning_minus_plain_conditioning,completion_time,interaction,0.0,0.0,0.0
clean,corridor,8,7,residual_conditioning_minus_plain_conditioning,min_distance,interaction,-0.0695381760597229,-0.03784322738647461,-0.03169494867324829
low,corridor,8,7,residual_conditioning_minus_plain_conditioning,collision,interaction,0.0,0.0,0.0
low,corridor,8,7,residual_conditioning_minus_plain_conditioning,safety_violation,interaction,0.0,0.0,0.0
low,corridor,8,7,residual_conditioning_minus_plain_conditioning,success,interaction,0.0,0.0,0.0
low,corridor,8,7,residual_conditioning_minus_plain_conditioning,progress_ratio,interaction,-0.005101099610328674,-0.009386762976646423,0.004285663366317749
low,corridor,8,7,residual_conditioning_minus_plain_conditioning,final_goal_distance,interaction,0.05160319805145264,0.09495735168457031,-0.043354153633117676
low,corridor,8,7,residual_conditioning_minus_plain_conditioning,completion_time,interaction,0.0,0.0,0.0
low,corridor,8,7,residual_conditioning_minus_plain_conditioning,min_distance,interaction,-0.11856192350387573,0.03449225425720215,-0.15305417776107788
medium,corridor,8,7,residual_conditioning_minus_plain_conditioning,collision,interaction,0.0,0.0,0.0
medium,corridor,8,7,residual_conditioning_minus_plain_conditioning,safety_violation,interaction,0.0,0.0,0.0
medium,corridor,8,7,residual_conditioning_minus_plain_conditioning,success,interaction,0.0,0.0,0.0
medium,corridor,8,7,residual_conditioning_minus_plain_conditioning,progress_ratio,interaction,0.010100886225700378,-0.11814197152853001,0.1282428577542304
medium,corridor,8,7,residual_conditioning_minus_plain_conditioning,final_goal_distance,interaction,-0.10218155384063721,1.1951357126235962,-1.2973172664642334
medium,corridor,8,7,residual_conditioning_minus_plain_conditioning,completion_time,interaction,0.0,0.0,0.0
medium,corridor,8,7,residual_conditioning_minus_plain_conditioning,min_distance,interaction,0.004836916923522949,-0.15952378511428833,0.16436070203781128
high,corridor,8,7,residual_conditioning_minus_plain_conditioning,collision,interaction,0.0,0.0,0.0
high,corridor,8,7,residual_conditioning_minus_plain_conditioning,safety_violation,interaction,0.0,0.0,0.0
high,corridor,8,7,residual_conditioning_minus_plain_conditioning,success,interaction,0.0,0.0,0.0
high,corridor,8,7,residual_conditioning_minus_plain_conditioning,progress_ratio,interaction,0.006612796336412319,0.009009577333927044,-0.0023967809975147247
high,corridor,8,7,residual_conditioning_minus_plain_conditioning,final_goal_distance,interaction,-0.06689566373825073,-0.0911417007446289,0.024246037006378174
high,corridor,8,7,residual_conditioning_minus_plain_conditioning,completion_time,interaction,0.0,0.0,0.0
high,corridor,8,7,residual_conditioning_minus_plain_conditioning,min_distance,interaction,-0.01146167516708374,0.15520209074020386,-0.1666637659072876
clean,narrow_gate,4,7,residual_conditioning_minus_plain_conditioning,collision,interaction,0.0,0.0,0.0
clean,narrow_gate,4,7,residual_conditioning_minus_plain_conditioning,safety_violation,interaction,0.0,0.0,0.0
clean,narrow_gate,4,7,residual_conditioning_minus_plain_conditioning,success,interaction,0.0,-1.0,1.0
clean,narrow_gate,4,7,residual_conditioning_minus_plain_conditioning,progress_ratio,interaction,0.0008023316040636219,-0.16324674431234598,0.1640490759164096
clean,narrow_gate,4,7,residual_conditioning_minus_plain_conditioning,final_goal_distance,interaction,-0.008472755551338196,1.7239126116037369,-1.732385367155075
clean,narrow_gate,4,7,residual_conditioning_minus_plain_conditioning,completion_time,interaction,-7.68,12.36,-20.04
clean,narrow_gate,4,7,residual_conditioning_minus_plain_conditioning,min_distance,interaction,-0.16058471127572682,0.1547888152224126,-0.31537352649813943
low,narrow_gate,4,7,residual_conditioning_minus_plain_conditioning,collision,interaction,0.0,0.0,0.0
low,narrow_gate,4,7,residual_conditioning_minus_plain_conditioning,safety_violation,interaction,0.0,0.0,0.0
low,narrow_gate,4,7,residual_conditioning_minus_plain_conditioning,success,interaction,1.0,-1.0,2.0
low,narrow_gate,4,7,residual_conditioning_minus_plain_conditioning,progress_ratio,interaction,0.34677813574671745,-0.15216661896556605,0.4989447547122835
low,narrow_gate,4,7,residual_conditioning_minus_plain_conditioning,final_goal_distance,interaction,-3.662034422159195,1.6069046556949613,-5.2689390778541565
low,narrow_gate,4,7,residual_conditioning_minus_plain_conditioning,completion_time,interaction,-11.999999999999998,5.879999999999999,-17.879999999999995
low,narrow_gate,4,7,residual_conditioning_minus_plain_conditioning,min_distance,interaction,-0.19744662475868846,0.0076928502015266575,-0.20513947496021512
medium,narrow_gate,4,7,residual_conditioning_minus_plain_conditioning,collision,interaction,0.0,0.0,0.0
medium,narrow_gate,4,7,residual_conditioning_minus_plain_conditioning,safety_violation,interaction,0.0,0.0,0.0
medium,narrow_gate,4,7,residual_conditioning_minus_plain_conditioning,success,interaction,1.0,-1.0,2.0
medium,narrow_gate,4,7,residual_conditioning_minus_plain_conditioning,progress_ratio,interaction,0.1579800723120569,-0.3421996161341666,0.5001796884462235
medium,narrow_gate,4,7,residual_conditioning_minus_plain_conditioning,final_goal_distance,interaction,-1.6682957410812378,3.6136845350265507,-5.281980276107788
medium,narrow_gate,4,7,residual_conditioning_minus_plain_conditioning,completion_time,interaction,-4.559999999999999,3.719999999999999,-8.279999999999998
medium,narrow_gate,4,7,residual_conditioning_minus_plain_conditioning,min_distance,interaction,-0.052834928035736084,-0.12554092509400272,0.07270599705826664
high,narrow_gate,4,7,residual_conditioning_minus_plain_conditioning,collision,interaction,0.0,0.0,0.0
high,narrow_gate,4,7,residual_conditioning_minus_plain_conditioning,safety_violation,interaction,0.0,0.0,0.0
high,narrow_gate,4,7,residual_conditioning_minus_plain_conditioning,success,interaction,0.0,0.0,0.0
high,narrow_gate,4,7,residual_conditioning_minus_plain_conditioning,progress_ratio,interaction,0.0016063600778579712,-0.0001867702230811119,0.001793130300939083
high,narrow_gate,4,7,residual_conditioning_minus_plain_conditioning,final_goal_distance,interaction,-0.016963481903076172,0.0019723176956177035,-0.018935799598693875
high,narrow_gate,4,7,residual_conditioning_minus_plain_conditioning,completion_time,interaction,0.0,10.079999999999998,-10.079999999999998
high,narrow_gate,4,7,residual_conditioning_minus_plain_conditioning,min_distance,interaction,-0.02275484800338745,0.14355481578097262,-0.16630966378436007
clean,narrow_gate,8,7,residual_conditioning_minus_plain_conditioning,collision,interaction,0.0,0.0,0.0
clean,narrow_gate,8,7,residual_conditioning_minus_plain_conditioning,safety_violation,interaction,0.0,0.0,0.0
clean,narrow_gate,8,7,residual_conditioning_minus_plain_conditioning,success,interaction,0.0,0.0,0.0
clean,narrow_gate,8,7,residual_conditioning_minus_plain_conditioning,progress_ratio,interaction,0.0009507089853286743,-0.01697535812854767,0.017926067113876343
clean,narrow_gate,8,7,residual_conditioning_minus_plain_conditioning,final_goal_distance,interaction,-0.009985685348510742,0.1782985925674434,-0.18828427791595415
clean,narrow_gate,8,7,residual_conditioning_minus_plain_conditioning,completion_time,interaction,0.0,0.0,0.0
clean,narrow_gate,8,7,residual_conditioning_minus_plain_conditioning,min_distance,interaction,0.14905685186386108,-0.0043097734451293945,0.15336662530899048
low,narrow_gate,8,7,residual_conditioning_minus_plain_conditioning,collision,interaction,0.0,0.0,0.0
low,narrow_gate,8,7,residual_conditioning_minus_plain_conditioning,safety_violation,interaction,0.0,0.0,0.0
low,narrow_gate,8,7,residual_conditioning_minus_plain_conditioning,success,interaction,0.0,0.0,0.0
low,narrow_gate,8,7,residual_conditioning_minus_plain_conditioning,progress_ratio,interaction,0.03874701261520386,0.013417929410934448,0.02532908320426941
low,narrow_gate,8,7,residual_conditioning_minus_plain_conditioning,final_goal_distance,interaction,-0.4069746136665344,-0.14093363285064697,-0.26604098081588745
low,narrow_gate,8,7,residual_conditioning_minus_plain_conditioning,completion_time,interaction,0.0,0.0,0.0
low,narrow_gate,8,7,residual_conditioning_minus_plain_conditioning,min_distance,interaction,0.163493812084198,0.11433398723602295,0.04915982484817505
medium,narrow_gate,8,7,residual_conditioning_minus_plain_conditioning,collision,interaction,0.0,0.0,0.0
medium,narrow_gate,8,7,residual_conditioning_minus_plain_conditioning,safety_violation,interaction,0.0,0.0,0.0
medium,narrow_gate,8,7,residual_conditioning_minus_plain_conditioning,success,interaction,0.0,0.0,0.0
medium,narrow_gate,8,7,residual_conditioning_minus_plain_conditioning,progress_ratio,interaction,0.05941997468471527,-0.055226728320121765,0.11464670300483704
medium,narrow_gate,8,7,residual_conditioning_minus_plain_conditioning,final_goal_distance,interaction,-0.6241106986999507,0.5800673961639404,-1.2041780948638912
medium,narrow_gate,8,7,residual_conditioning_minus_plain_conditioning,completion_time,interaction,0.0,0.0,0.0
medium,narrow_gate,8,7,residual_conditioning_minus_plain_conditioning,min_distance,interaction,-0.13194024562835693,0.008707106113433838,-0.14064735174179077
high,narrow_gate,8,7,residual_conditioning_minus_plain_conditioning,collision,interaction,0.0,0.0,0.0
high,narrow_gate,8,7,residual_conditioning_minus_plain_conditioning,safety_violation,interaction,0.0,0.0,0.0
high,narrow_gate,8,7,residual_conditioning_minus_plain_conditioning,success,interaction,0.0,0.0,0.0
high,narrow_gate,8,7,residual_conditioning_minus_plain_conditioning,progress_ratio,interaction,0.0357796847820282,-0.036394745111465454,0.07217442989349365
high,narrow_gate,8,7,residual_conditioning_minus_plain_conditioning,final_goal_distance,interaction,-0.37580776214599587,0.38226795196533203,-0.7580757141113279
high,narrow_gate,8,7,residual_conditioning_minus_plain_conditioning,completion_time,interaction,0.0,0.0,0.0
high,narrow_gate,8,7,residual_conditioning_minus_plain_conditioning,min_distance,interaction,0.043743908405303955,-0.012405693531036377,0.05614960193634033
clean,merge_bottleneck,4,7,residual_conditioning_minus_plain_conditioning,collision,interaction,0.0,0.0,0.0
clean,merge_bottleneck,4,7,residual_conditioning_minus_plain_conditioning,safety_violation,interaction,0.0,0.0,0.0
clean,merge_bottleneck,4,7,residual_conditioning_minus_plain_conditioning,success,interaction,0.0,0.0,0.0
clean,merge_bottleneck,4,7,residual_conditioning_minus_plain_conditioning,progress_ratio,interaction,-0.01859678328037262,0.016974344849586376,-0.035571128129958995
clean,merge_bottleneck,4,7,residual_conditioning_minus_plain_conditioning,final_goal_distance,interaction,0.19290482997894287,-0.176075279712677,0.3689801096916199
clean,merge_bottleneck,4,7,residual_conditioning_minus_plain_conditioning,completion_time,interaction,0.0,0.0,0.0
clean,merge_bottleneck,4,7,residual_conditioning_minus_plain_conditioning,min_distance,interaction,0.03614410750681474,0.17316374301910398,-0.13701963551228924
low,merge_bottleneck,4,7,residual_conditioning_minus_plain_conditioning,collision,interaction,0.0,0.0,0.0
low,merge_bottleneck,4,7,residual_conditioning_minus_plain_conditioning,safety_violation,interaction,0.0,0.0,0.0
low,merge_bottleneck,4,7,residual_conditioning_minus_plain_conditioning,success,interaction,0.0,0.0,0.0
low,merge_bottleneck,4,7,residual_conditioning_minus_plain_conditioning,progress_ratio,interaction,0.013277817517518997,0.006868038326501735,0.006409779191017262
low,merge_bottleneck,4,7,residual_conditioning_minus_plain_conditioning,final_goal_distance,interaction,-0.13773113489151,-0.07124227285385132,-0.06648886203765869
low,merge_bottleneck,4,7,residual_conditioning_minus_plain_conditioning,completion_time,interaction,0.0,0.0,0.0
low,merge_bottleneck,4,7,residual_conditioning_minus_plain_conditioning,min_distance,interaction,-0.0008058041653256076,-0.037350594997406006,0.0365447908320804
medium,merge_bottleneck,4,7,residual_conditioning_minus_plain_conditioning,collision,interaction,0.0,0.0,0.0
medium,merge_bottleneck,4,7,residual_conditioning_minus_plain_conditioning,safety_violation,interaction,0.0,0.0,0.0
medium,merge_bottleneck,4,7,residual_conditioning_minus_plain_conditioning,success,interaction,0.0,0.0,0.0
medium,merge_bottleneck,4,7,residual_conditioning_minus_plain_conditioning,progress_ratio,interaction,-0.002358578145503998,0.006711836904287227,-0.009070415049791225
medium,merge_bottleneck,4,7,residual_conditioning_minus_plain_conditioning,final_goal_distance,interaction,0.024465560913085938,-0.0696219801902771,0.09408754110336304
medium,merge_bottleneck,4,7,residual_conditioning_minus_plain_conditioning,completion_time,interaction,0.0,0.0,0.0
medium,merge_bottleneck,4,7,residual_conditioning_minus_plain_conditioning,min_distance,interaction,0.0027617812156677246,0.2770341634750366,-0.2742723822593689
high,merge_bottleneck,4,7,residual_conditioning_minus_plain_conditioning,collision,interaction,0.0,0.0,0.0
high,merge_bottleneck,4,7,residual_conditioning_minus_plain_conditioning,safety_violation,interaction,0.0,0.0,0.0
high,merge_bottleneck,4,7,residual_conditioning_minus_plain_conditioning,success,interaction,0.0,0.0,0.0
high,merge_bottleneck,4,7,residual_conditioning_minus_plain_conditioning,progress_ratio,interaction,0.039102748036384805,0.048805441707372554,-0.00970269367098775
high,merge_bottleneck,4,7,residual_conditioning_minus_plain_conditioning,final_goal_distance,interaction,-0.40561366081237793,-0.5062599182128906,0.1006462574005127
high,merge_bottleneck,4,7,residual_conditioning_minus_plain_conditioning,completion_time,interaction,0.0,0.0,0.0
high,merge_bottleneck,4,7,residual_conditioning_minus_plain_conditioning,min_distance,interaction,-0.10376766350353706,-0.16021834708988025,0.0564506835863432
clean,merge_bottleneck,8,7,residual_conditioning_minus_plain_conditioning,collision,interaction,0.0,0.0,0.0
clean,merge_bottleneck,8,7,residual_conditioning_minus_plain_conditioning,safety_violation,interaction,0.0,0.0,0.0
clean,merge_bottleneck,8,7,residual_conditioning_minus_plain_conditioning,success,interaction,0.0,0.0,0.0
clean,merge_bottleneck,8,7,residual_conditioning_minus_plain_conditioning,progress_ratio,interaction,0.16494601964950562,-0.01638510823249817,0.18133112788200378
clean,merge_bottleneck,8,7,residual_conditioning_minus_plain_conditioning,final_goal_distance,interaction,-1.709155082702637,0.16978096961975098,-1.878936052322388
clean,merge_bottleneck,8,7,residual_conditioning_minus_plain_conditioning,completion_time,interaction,0.0,0.0,0.0
clean,merge_bottleneck,8,7,residual_conditioning_minus_plain_conditioning,min_distance,interaction,0.02746939659118658,-0.001291036605834961,0.02876043319702154
low,merge_bottleneck,8,7,residual_conditioning_minus_plain_conditioning,collision,interaction,0.0,0.0,0.0
low,merge_bottleneck,8,7,residual_conditioning_minus_plain_conditioning,safety_violation,interaction,1.0,0.0,1.0
low,merge_bottleneck,8,7,residual_conditioning_minus_plain_conditioning,success,interaction,0.0,0.0,0.0
low,merge_bottleneck,8,7,residual_conditioning_minus_plain_conditioning,progress_ratio,interaction,0.01925063133239746,0.014985322952270508,0.004265308380126953
low,merge_bottleneck,8,7,residual_conditioning_minus_plain_conditioning,final_goal_distance,interaction,-0.1994731426239018,-0.15527629852294922,-0.04419684410095259
low,merge_bottleneck,8,7,residual_conditioning_minus_plain_conditioning,completion_time,interaction,0.0,0.0,0.0
low,merge_bottleneck,8,7,residual_conditioning_minus_plain_conditioning,min_distance,interaction,-0.021842241287231445,-0.07577389478683472,0.05393165349960327
medium,merge_bottleneck,8,7,residual_conditioning_minus_plain_conditioning,collision,interaction,0.0,0.0,0.0
medium,merge_bottleneck,8,7,residual_conditioning_minus_plain_conditioning,safety_violation,interaction,0.0,0.0,0.0
medium,merge_bottleneck,8,7,residual_conditioning_minus_plain_conditioning,success,interaction,0.0,0.0,0.0
medium,merge_bottleneck,8,7,residual_conditioning_minus_plain_conditioning,progress_ratio,interaction,0.0044710636138916016,-0.05667939782142639,0.06115046143531799
medium,merge_bottleneck,8,7,residual_conditioning_minus_plain_conditioning,final_goal_distance,interaction,-0.04632854461669922,0.5873064994812016,-0.6336350440979008
medium,merge_bottleneck,8,7,residual_conditioning_minus_plain_conditioning,completion_time,interaction,0.0,0.0,0.0
medium,merge_bottleneck,8,7,residual_conditioning_minus_plain_conditioning,min_distance,interaction,-0.07010269165039062,0.04602038860321045,-0.11612308025360107
high,merge_bottleneck,8,7,residual_conditioning_minus_plain_conditioning,collision,interaction,0.0,0.0,0.0
high,merge_bottleneck,8,7,residual_conditioning_minus_plain_conditioning,safety_violation,interaction,0.0,0.0,0.0
high,merge_bottleneck,8,7,residual_conditioning_minus_plain_conditioning,success,interaction,0.0,0.0,0.0
high,merge_bottleneck,8,7,residual_conditioning_minus_plain_conditioning,progress_ratio,interaction,-0.05897575616836548,-0.006722807884216309,-0.05225294828414917
high,merge_bottleneck,8,7,residual_conditioning_minus_plain_conditioning,final_goal_distance,interaction,0.6111011505126944,0.06966114044189453,0.5414400100707999
high,merge_bottleneck,8,7,residual_conditioning_minus_plain_conditioning,completion_time,interaction,0.0,0.0,0.0
high,merge_bottleneck,8,7,residual_conditioning_minus_plain_conditioning,min_distance,interaction,0.11824989318847656,-0.06329745054244995,0.1815473437309265
clean,four_way_stop,4,7,residual_conditioning_minus_plain_conditioning,collision,interaction,0.0,0.0,0.0
clean,four_way_stop,4,7,residual_conditioning_minus_plain_conditioning,safety_violation,interaction,0.0,0.0,0.0
clean,four_way_stop,4,7,residual_conditioning_minus_plain_conditioning,success,interaction,0.0,0.0,0.0
clean,four_way_stop,4,7,residual_conditioning_minus_plain_conditioning,progress_ratio,interaction,-1.9377097487560668e-05,-0.002358395606279595,0.0023390185087920345
clean,four_way_stop,4,7,residual_conditioning_minus_plain_conditioning,final_goal_distance,interaction,0.00018461048603060637,0.0224697589874268,-0.022285148501396193
clean,four_way_stop,4,7,residual_conditioning_minus_plain_conditioning,completion_time,interaction,-0.35999999999999943,-1.08,0.7200000000000006
clean,four_way_stop,4,7,residual_conditioning_minus_plain_conditioning,min_distance,interaction,0.0,0.0,0.0
low,four_way_stop,4,7,residual_conditioning_minus_plain_conditioning,collision,interaction,0.0,0.0,0.0
low,four_way_stop,4,7,residual_conditioning_minus_plain_conditioning,safety_violation,interaction,0.0,0.0,0.0
low,four_way_stop,4,7,residual_conditioning_minus_plain_conditioning,success,interaction,0.0,0.0,0.0
low,four_way_stop,4,7,residual_conditioning_minus_plain_conditioning,progress_ratio,interaction,-0.002172311767935975,-0.007664524018764385,0.00549221225082841
low,four_way_stop,4,7,residual_conditioning_minus_plain_conditioning,final_goal_distance,interaction,0.020696848630905096,0.07302421331405642,-0.05232736468315133
low,four_way_stop,4,7,residual_conditioning_minus_plain_conditioning,completion_time,interaction,0.11999999999999922,-1.08,1.1999999999999993
low,four_way_stop,4,7,residual_conditioning_minus_plain_conditioning,min_distance,interaction,-0.047727108001708984,-0.061344385147094505,0.01361727714538552
medium,four_way_stop,4,7,residual_conditioning_minus_plain_conditioning,collision,interaction,0.0,0.0,0.0
medium,four_way_stop,4,7,residual_conditioning_minus_plain_conditioning,safety_violation,interaction,0.0,0.0,0.0
medium,four_way_stop,4,7,residual_conditioning_minus_plain_conditioning,success,interaction,0.0,0.0,0.0
medium,four_way_stop,4,7,residual_conditioning_minus_plain_conditioning,progress_ratio,interaction,0.002819770947098732,0.0010943962261081852,0.0017253747209905468
medium,four_way_stop,4,7,residual_conditioning_minus_plain_conditioning,final_goal_distance,interaction,-0.026865541934967,-0.010426923632621807,-0.016438618302345193
medium,four_way_stop,4,7,residual_conditioning_minus_plain_conditioning,completion_time,interaction,-0.35999999999999943,-0.11999999999999922,-0.2400000000000002
medium,four_way_stop,4,7,residual_conditioning_minus_plain_conditioning,min_distance,interaction,0.005417048931121826,0.0,0.005417048931121826
high,four_way_stop,4,7,residual_conditioning_minus_plain_conditioning,collision,interaction,0.0,0.0,0.0
high,four_way_stop,4,7,residual_conditioning_minus_plain_conditioning,safety_violation,interaction,0.0,0.0,0.0
high,four_way_stop,4,7,residual_conditioning_minus_plain_conditioning,success,interaction,0.0,0.0,0.0
high,four_way_stop,4,7,residual_conditioning_minus_plain_conditioning,progress_ratio,interaction,-0.004812771454453357,0.0001795683056116104,-0.004992339760064968
high,four_way_stop,4,7,residual_conditioning_minus_plain_conditioning,final_goal_distance,interaction,0.045853972434997586,-0.0017108470201492032,0.04756481945514679
high,four_way_stop,4,7,residual_conditioning_minus_plain_conditioning,completion_time,interaction,-0.2400000000000002,0.2400000000000002,-0.4800000000000004
high,four_way_stop,4,7,residual_conditioning_minus_plain_conditioning,min_distance,interaction,0.027234375476837158,0.0029590725898742676,0.02427530288696289
clean,four_way_stop,8,7,residual_conditioning_minus_plain_conditioning,collision,interaction,0.0,0.0,0.0
clean,four_way_stop,8,7,residual_conditioning_minus_plain_conditioning,safety_violation,interaction,0.0,0.0,0.0
clean,four_way_stop,8,7,residual_conditioning_minus_plain_conditioning,success,interaction,0.0,0.0,0.0
clean,four_way_stop,8,7,residual_conditioning_minus_plain_conditioning,progress_ratio,interaction,0.003156665712594764,-0.0021734517067671932,0.005330117419361957
clean,four_way_stop,8,7,residual_conditioning_minus_plain_conditioning,final_goal_distance,interaction,-0.030376896262168884,0.020915344357490484,-0.05129224061965937
clean,four_way_stop,8,7,residual_conditioning_minus_plain_conditioning,completion_time,interaction,10.319999999999999,-8.76,19.08
clean,four_way_stop,8,7,residual_conditioning_minus_plain_conditioning,min_distance,interaction,-0.0029147863388061523,-0.018196463584899902,0.01528167724609375
low,four_way_stop,8,7,residual_conditioning_minus_plain_conditioning,collision,interaction,0.0,0.0,0.0
low,four_way_stop,8,7,residual_conditioning_minus_plain_conditioning,safety_violation,interaction,0.0,0.0,0.0
low,four_way_stop,8,7,residual_conditioning_minus_plain_conditioning,success,interaction,0.0,1.0,-1.0
low,four_way_stop,8,7,residual_conditioning_minus_plain_conditioning,progress_ratio,interaction,0.0036694463342429318,0.0035044532269239426,0.0001649931073189892
low,four_way_stop,8,7,residual_conditioning_minus_plain_conditioning,final_goal_distance,interaction,-0.035311445593833896,-0.0337236821651459,-0.0015877634286879938
low,four_way_stop,8,7,residual_conditioning_minus_plain_conditioning,completion_time,interaction,-0.8399999999999999,-7.68,6.84
low,four_way_stop,8,7,residual_conditioning_minus_plain_conditioning,min_distance,interaction,-0.022084355354309082,0.024685204029083252,-0.046769559383392334
medium,four_way_stop,8,7,residual_conditioning_minus_plain_conditioning,collision,interaction,0.0,0.0,0.0
medium,four_way_stop,8,7,residual_conditioning_minus_plain_conditioning,safety_violation,interaction,0.0,0.0,0.0
medium,four_way_stop,8,7,residual_conditioning_minus_plain_conditioning,success,interaction,0.0,1.0,-1.0
medium,four_way_stop,8,7,residual_conditioning_minus_plain_conditioning,progress_ratio,interaction,0.00037775374948978424,0.0020643826574088253,-0.001686628907919041
medium,four_way_stop,8,7,residual_conditioning_minus_plain_conditioning,final_goal_distance,interaction,-0.0036351680755614957,-0.019865751266479492,0.016230583190917997
medium,four_way_stop,8,7,residual_conditioning_minus_plain_conditioning,completion_time,interaction,-2.5199999999999996,-4.439999999999998,1.9199999999999982
medium,four_way_stop,8,7,residual_conditioning_minus_plain_conditioning,min_distance,interaction,-0.16852843761444092,-0.06879109144210815,-0.09973734617233276
high,four_way_stop,8,7,residual_conditioning_minus_plain_conditioning,collision,interaction,0.0,0.0,0.0
high,four_way_stop,8,7,residual_conditioning_minus_plain_conditioning,safety_violation,interaction,0.0,0.0,0.0
high,four_way_stop,8,7,residual_conditioning_minus_plain_conditioning,success,interaction,0.0,1.0,-1.0
high,four_way_stop,8,7,residual_conditioning_minus_plain_conditioning,progress_ratio,interaction,0.001567808911204449,-0.0012394357472658157,0.002807244658470265
high,four_way_stop,8,7,residual_conditioning_minus_plain_conditioning,final_goal_distance,interaction,-0.015087172389030401,0.011927202343940707,-0.027014374732971108
high,four_way_stop,8,7,residual_conditioning_minus_plain_conditioning,completion_time,interaction,-7.919999999999998,-7.919999999999998,0.0
high,four_way_stop,8,7,residual_conditioning_minus_plain_conditioning,min_distance,interaction,-0.025865495204925537,-0.06741386651992798,0.04154837131500244
clean,corridor,4,8,residual_conditioning_minus_plain_conditioning,collision,interaction,0.0,0.0,0.0
clean,corridor,4,8,residual_conditioning_minus_plain_conditioning,safety_violation,interaction,0.0,0.0,0.0
clean,corridor,4,8,residual_conditioning_minus_plain_conditioning,success,interaction,0.0,0.0,0.0
clean,corridor,4,8,residual_conditioning_minus_plain_conditioning,progress_ratio,interaction,-0.0022640926763416447,0.008922620676457771,-0.011186713352799416
clean,corridor,4,8,residual_conditioning_minus_plain_conditioning,final_goal_distance,interaction,0.023115925490856087,-0.0910981446504593,0.11421407014131539
clean,corridor,4,8,residual_conditioning_minus_plain_conditioning,completion_time,interaction,0.0,1.6799999999999997,-1.6799999999999997
clean,corridor,4,8,residual_conditioning_minus_plain_conditioning,min_distance,interaction,-0.02439635992050171,-0.10992401838302612,0.08552765846252441
low,corridor,4,8,residual_conditioning_minus_plain_conditioning,collision,interaction,0.0,0.0,0.0
low,corridor,4,8,residual_conditioning_minus_plain_conditioning,safety_violation,interaction,0.0,0.0,0.0
low,corridor,4,8,residual_conditioning_minus_plain_conditioning,success,interaction,0.0,0.0,0.0
low,corridor,4,8,residual_conditioning_minus_plain_conditioning,progress_ratio,interaction,0.001380058005452267,-0.0015767998993395649,0.002956857904791832
low,corridor,4,8,residual_conditioning_minus_plain_conditioning,final_goal_distance,interaction,-0.014090113341808291,0.016098804771900205,-0.030188918113708496
low,corridor,4,8,residual_conditioning_minus_plain_conditioning,completion_time,interaction,-0.120000000000001,0.4800000000000004,-0.6000000000000014
low,corridor,4,8,residual_conditioning_minus_plain_conditioning,min_distance,interaction,0.12602055072784424,-0.035891175270080566,0.1619117259979248
medium,corridor,4,8,residual_conditioning_minus_plain_conditioning,collision,interaction,0.0,0.0,0.0
medium,corridor,4,8,residual_conditioning_minus_plain_conditioning,safety_violation,interaction,0.0,0.0,0.0
medium,corridor,4,8,residual_conditioning_minus_plain_conditioning,success,interaction,0.0,0.0,0.0
medium,corridor,4,8,residual_conditioning_minus_plain_conditioning,progress_ratio,interaction,0.0001816870644687496,-0.006146007217466831,0.006327694281935581
medium,corridor,4,8,residual_conditioning_minus_plain_conditioning,final_goal_distance,interaction,-0.0018549859523774026,0.06274948269128801,-0.06460446864366541
medium,corridor,4,8,residual_conditioning_minus_plain_conditioning,completion_time,interaction,0.0,0.0,0.0
medium,corridor,4,8,residual_conditioning_minus_plain_conditioning,min_distance,interaction,0.02975565195083618,-0.13618451356887817,0.16594016551971436
high,corridor,4,8,residual_conditioning_minus_plain_conditioning,collision,interaction,0.0,0.0,0.0
high,corridor,4,8,residual_conditioning_minus_plain_conditioning,safety_violation,interaction,0.0,0.0,0.0
high,corridor,4,8,residual_conditioning_minus_plain_conditioning,success,interaction,0.0,0.0,0.0
high,corridor,4,8,residual_conditioning_minus_plain_conditioning,progress_ratio,interaction,0.0016239183023571968,-0.007268601097166538,0.008892519399523735
high,corridor,4,8,residual_conditioning_minus_plain_conditioning,final_goal_distance,interaction,-0.01657988131046291,0.0742109417915344,-0.0907908231019973
high,corridor,4,8,residual_conditioning_minus_plain_conditioning,completion_time,interaction,-1.4400000000000013,-0.120000000000001,-1.3200000000000003
high,corridor,4,8,residual_conditioning_minus_plain_conditioning,min_distance,interaction,0.023002326488494873,0.07990539073944092,-0.056903064250946045
clean,corridor,8,8,residual_conditioning_minus_plain_conditioning,collision,interaction,0.0,0.0,0.0
clean,corridor,8,8,residual_conditioning_minus_plain_conditioning,safety_violation,interaction,0.0,0.0,0.0
clean,corridor,8,8,residual_conditioning_minus_plain_conditioning,success,interaction,0.0,0.0,0.0
clean,corridor,8,8,residual_conditioning_minus_plain_conditioning,progress_ratio,interaction,0.013587310910224915,-0.003273792564868927,0.01686110347509384
clean,corridor,8,8,residual_conditioning_minus_plain_conditioning,final_goal_distance,interaction,-0.13757574558258057,0.03314816951751709,-0.17072391510009766
clean,corridor,8,8,residual_conditioning_minus_plain_conditioning,completion_time,interaction,0.0,0.0,0.0
clean,corridor,8,8,residual_conditioning_minus_plain_conditioning,min_distance,interaction,0.003657102584838867,-0.005405068397521973,0.00906217098236084
low,corridor,8,8,residual_conditioning_minus_plain_conditioning,collision,interaction,0.0,0.0,0.0
low,corridor,8,8,residual_conditioning_minus_plain_conditioning,safety_violation,interaction,0.0,0.0,0.0
low,corridor,8,8,residual_conditioning_minus_plain_conditioning,success,interaction,0.0,0.0,0.0
low,corridor,8,8,residual_conditioning_minus_plain_conditioning,progress_ratio,interaction,0.003053523600101582,0.010555274784565194,-0.007501751184463612
low,corridor,8,8,residual_conditioning_minus_plain_conditioning,final_goal_distance,interaction,-0.030917882919311523,-0.10687541961669933,0.0759575366973878
low,corridor,8,8,residual_conditioning_minus_plain_conditioning,completion_time,interaction,0.0,0.0,0.0
low,corridor,8,8,residual_conditioning_minus_plain_conditioning,min_distance,interaction,-0.03252112865447998,0.0004336237907409668,-0.03295475244522095
medium,corridor,8,8,residual_conditioning_minus_plain_conditioning,collision,interaction,0.0,0.0,0.0
medium,corridor,8,8,residual_conditioning_minus_plain_conditioning,safety_violation,interaction,-1.0,0.0,-1.0
medium,corridor,8,8,residual_conditioning_minus_plain_conditioning,success,interaction,0.0,0.0,0.0
medium,corridor,8,8,residual_conditioning_minus_plain_conditioning,progress_ratio,interaction,-0.006409734487533569,-0.0034654736518859863,-0.002944260835647583
medium,corridor,8,8,residual_conditioning_minus_plain_conditioning,final_goal_distance,interaction,0.06490057706832886,0.03508901596069336,0.029811561107635498
medium,corridor,8,8,residual_conditioning_minus_plain_conditioning,completion_time,interaction,0.0,0.0,0.0
medium,corridor,8,8,residual_conditioning_minus_plain_conditioning,min_distance,interaction,0.08890599012374878,-0.09400218725204468,0.18290817737579346
high,corridor,8,8,residual_conditioning_minus_plain_conditioning,collision,interaction,0.0,0.0,0.0
high,corridor,8,8,residual_conditioning_minus_plain_conditioning,safety_violation,interaction,0.0,0.0,0.0
high,corridor,8,8,residual_conditioning_minus_plain_conditioning,success,interaction,0.0,0.0,0.0
high,corridor,8,8,residual_conditioning_minus_plain_conditioning,progress_ratio,interaction,0.01011069118976593,0.012480840086937062,-0.0023701488971711315
high,corridor,8,8,residual_conditioning_minus_plain_conditioning,final_goal_distance,interaction,-0.10237389802932739,-0.12637239694595337,0.023998498916625977
high,corridor,8,8,residual_conditioning_minus_plain_conditioning,completion_time,interaction,0.0,0.0,0.0
high,corridor,8,8,residual_conditioning_minus_plain_conditioning,min_distance,interaction,0.06355690956115723,0.026799798011779785,0.03675711154937744
clean,narrow_gate,4,8,residual_conditioning_minus_plain_conditioning,collision,interaction,0.0,0.0,0.0
clean,narrow_gate,4,8,residual_conditioning_minus_plain_conditioning,safety_violation,interaction,0.0,0.0,0.0
clean,narrow_gate,4,8,residual_conditioning_minus_plain_conditioning,success,interaction,0.0,0.0,0.0
clean,narrow_gate,4,8,residual_conditioning_minus_plain_conditioning,progress_ratio,interaction,-0.0006911046802997589,0.1911928355693817,-0.19188394024968147
clean,narrow_gate,4,8,residual_conditioning_minus_plain_conditioning,final_goal_distance,interaction,0.00729950517415999,-2.0193958282470703,2.0266953334212303
clean,narrow_gate,4,8,residual_conditioning_minus_plain_conditioning,completion_time,interaction,-2.2799999999999976,0.0,-2.2799999999999976
clean,narrow_gate,4,8,residual_conditioning_minus_plain_conditioning,min_distance,interaction,0.12541013956069946,-0.12754112255834882,0.2529512621190483
low,narrow_gate,4,8,residual_conditioning_minus_plain_conditioning,collision,interaction,0.0,0.0,0.0
low,narrow_gate,4,8,residual_conditioning_minus_plain_conditioning,safety_violation,interaction,0.0,0.0,0.0
low,narrow_gate,4,8,residual_conditioning_minus_plain_conditioning,success,interaction,1.0,1.0,0.0
low,narrow_gate,4,8,residual_conditioning_minus_plain_conditioning,progress_ratio,interaction,0.1593591831624508,0.15936402510851622,-4.841946065425873e-06
low,narrow_gate,4,8,residual_conditioning_minus_plain_conditioning,final_goal_distance,interaction,-1.6831659972667694,-1.683217108249664,5.1110982894675416e-05
low,narrow_gate,4,8,residual_conditioning_minus_plain_conditioning,completion_time,interaction,-6.719999999999999,-11.04,4.32
low,narrow_gate,4,8,residual_conditioning_minus_plain_conditioning,min_distance,interaction,0.15408068688224463,-0.08773034811019897,0.2418110349924436
medium,narrow_gate,4,8,residual_conditioning_minus_plain_conditioning,collision,interaction,0.0,0.0,0.0
medium,narrow_gate,4,8,residual_conditioning_minus_plain_conditioning,safety_violation,interaction,0.0,0.0,0.0
medium,narrow_gate,4,8,residual_conditioning_minus_plain_conditioning,success,interaction,-1.0,1.0,-2.0
medium,narrow_gate,4,8,residual_conditioning_minus_plain_conditioning,progress_ratio,interaction,-0.1564101893454789,0.16457623522728682,-0.3209864245727657
medium,narrow_gate,4,8,residual_conditioning_minus_plain_conditioning,final_goal_distance,interaction,1.6520184129476547,-1.7382690310478213,3.3902874439954758
medium,narrow_gate,4,8,residual_conditioning_minus_plain_conditioning,completion_time,interaction,10.919999999999998,-11.28,22.199999999999996
medium,narrow_gate,4,8,residual_conditioning_minus_plain_conditioning,min_distance,interaction,0.0487971305847168,0.0,0.0487971305847168
high,narrow_gate,4,8,residual_conditioning_minus_plain_conditioning,collision,interaction,0.0,0.0,0.0
high,narrow_gate,4,8,residual_conditioning_minus_plain_conditioning,safety_violation,interaction,0.0,0.0,0.0
high,narrow_gate,4,8,residual_conditioning_minus_plain_conditioning,success,interaction,0.0,0.0,0.0
high,narrow_gate,4,8,residual_conditioning_minus_plain_conditioning,progress_ratio,interaction,-0.00046065449714660645,0.0008829087018966675,-0.001343563199043274
high,narrow_gate,4,8,residual_conditioning_minus_plain_conditioning,final_goal_distance,interaction,0.004865527153015137,-0.009325385093688965,0.014190912246704102
high,narrow_gate,4,8,residual_conditioning_minus_plain_conditioning,completion_time,interaction,0.0,0.0,0.0
high,narrow_gate,4,8,residual_conditioning_minus_plain_conditioning,min_distance,interaction,0.020701348781585693,-0.10689789014219386,0.12759923892377956
clean,narrow_gate,8,8,residual_conditioning_minus_plain_conditioning,collision,interaction,0.0,0.0,0.0
clean,narrow_gate,8,8,residual_conditioning_minus_plain_conditioning,safety_violation,interaction,0.0,0.0,0.0
clean,narrow_gate,8,8,residual_conditioning_minus_plain_conditioning,success,interaction,0.0,0.0,0.0
clean,narrow_gate,8,8,residual_conditioning_minus_plain_conditioning,progress_ratio,interaction,0.06821171939373016,0.07888364046812057,-0.010671921074390411
clean,narrow_gate,8,8,residual_conditioning_minus_plain_conditioning,final_goal_distance,interaction,-0.7086791992187498,-0.8195540904998779,0.11087489128112815
clean,narrow_gate,8,8,residual_conditioning_minus_plain_conditioning,completion_time,interaction,0.0,0.0,0.0
clean,narrow_gate,8,8,residual_conditioning_minus_plain_conditioning,min_distance,interaction,0.1109667420387268,0.04678601026535034,0.06418073177337646
low,narrow_gate,8,8,residual_conditioning_minus_plain_conditioning,collision,interaction,0.0,0.0,0.0
low,narrow_gate,8,8,residual_conditioning_minus_plain_conditioning,safety_violation,interaction,0.0,0.0,0.0
low,narrow_gate,8,8,residual_conditioning_minus_plain_conditioning,success,interaction,0.0,0.0,0.0
low,narrow_gate,8,8,residual_conditioning_minus_plain_conditioning,progress_ratio,interaction,-0.10699409618973721,0.005053948611020931,-0.11204804480075814
low,narrow_gate,8,8,residual_conditioning_minus_plain_conditioning,final_goal_distance,interaction,1.1116050481796265,-0.05250751972198486,1.1641125679016113
low,narrow_gate,8,8,residual_conditioning_minus_plain_conditioning,completion_time,interaction,0.0,0.0,0.0
low,narrow_gate,8,8,residual_conditioning_minus_plain_conditioning,min_distance,interaction,0.07461392879486084,0.04464679956436157,0.029967129230499268
medium,narrow_gate,8,8,residual_conditioning_minus_plain_conditioning,collision,interaction,0.0,0.0,0.0
medium,narrow_gate,8,8,residual_conditioning_minus_plain_conditioning,safety_violation,interaction,0.0,0.0,0.0
medium,narrow_gate,8,8,residual_conditioning_minus_plain_conditioning,success,interaction,0.0,0.0,0.0
medium,narrow_gate,8,8,residual_conditioning_minus_plain_conditioning,progress_ratio,interaction,-0.007742486894130707,0.01506805419921875,-0.022810541093349457
medium,narrow_gate,8,8,residual_conditioning_minus_plain_conditioning,final_goal_distance,interaction,0.08043980598449707,-0.15654814243316628,0.23698794841766335
medium,narrow_gate,8,8,residual_conditioning_minus_plain_conditioning,completion_time,interaction,0.0,0.0,0.0
medium,narrow_gate,8,8,residual_conditioning_minus_plain_conditioning,min_distance,interaction,-0.06316936016082764,0.022483229637145996,-0.08565258979797363
high,narrow_gate,8,8,residual_conditioning_minus_plain_conditioning,collision,interaction,0.0,0.0,0.0
high,narrow_gate,8,8,residual_conditioning_minus_plain_conditioning,safety_violation,interaction,0.0,0.0,0.0
high,narrow_gate,8,8,residual_conditioning_minus_plain_conditioning,success,interaction,0.0,0.0,0.0
high,narrow_gate,8,8,residual_conditioning_minus_plain_conditioning,progress_ratio,interaction,-0.04245714843273163,-0.02201250195503235,-0.02044464647769928
high,narrow_gate,8,8,residual_conditioning_minus_plain_conditioning,final_goal_distance,interaction,0.441104531288147,0.2286968231201172,0.21240770816802979
high,narrow_gate,8,8,residual_conditioning_minus_plain_conditioning,completion_time,interaction,0.0,0.0,0.0
high,narrow_gate,8,8,residual_conditioning_minus_plain_conditioning,min_distance,interaction,-0.011933207511901855,-0.10342639684677124,0.09149318933486938
clean,merge_bottleneck,4,8,residual_conditioning_minus_plain_conditioning,collision,interaction,0.0,0.0,0.0
clean,merge_bottleneck,4,8,residual_conditioning_minus_plain_conditioning,safety_violation,interaction,0.0,0.0,0.0
clean,merge_bottleneck,4,8,residual_conditioning_minus_plain_conditioning,success,interaction,0.0,0.0,0.0
clean,merge_bottleneck,4,8,residual_conditioning_minus_plain_conditioning,progress_ratio,interaction,-0.00684182345867157,-0.0033399686217308044,-0.0035018548369407654
clean,merge_bottleneck,4,8,residual_conditioning_minus_plain_conditioning,final_goal_distance,interaction,0.07116365432739258,0.034739911556243896,0.03642374277114868
clean,merge_bottleneck,4,8,residual_conditioning_minus_plain_conditioning,completion_time,interaction,0.0,0.0,0.0
clean,merge_bottleneck,4,8,residual_conditioning_minus_plain_conditioning,min_distance,interaction,-0.11064869165420532,0.14079976081848145,-0.25144845247268677
low,merge_bottleneck,4,8,residual_conditioning_minus_plain_conditioning,collision,interaction,0.0,0.0,0.0
low,merge_bottleneck,4,8,residual_conditioning_minus_plain_conditioning,safety_violation,interaction,0.0,-1.0,1.0
low,merge_bottleneck,4,8,residual_conditioning_minus_plain_conditioning,success,interaction,0.0,0.0,0.0
low,merge_bottleneck,4,8,residual_conditioning_minus_plain_conditioning,progress_ratio,interaction,-0.047251198440790065,0.010793004184961208,-0.05804420262575127
low,merge_bottleneck,4,8,residual_conditioning_minus_plain_conditioning,final_goal_distance,interaction,0.4914724826812744,-0.11226093769073486,0.6037334203720093
low,merge_bottleneck,4,8,residual_conditioning_minus_plain_conditioning,completion_time,interaction,0.0,0.0,0.0
low,merge_bottleneck,4,8,residual_conditioning_minus_plain_conditioning,min_distance,interaction,0.006347698308842076,0.31572544574737554,-0.30937774743853347
medium,merge_bottleneck,4,8,residual_conditioning_minus_plain_conditioning,collision,interaction,0.0,0.0,0.0
medium,merge_bottleneck,4,8,residual_conditioning_minus_plain_conditioning,safety_violation,interaction,0.0,0.0,0.0
medium,merge_bottleneck,4,8,residual_conditioning_minus_plain_conditioning,success,interaction,0.0,0.0,0.0
medium,merge_bottleneck,4,8,residual_conditioning_minus_plain_conditioning,progress_ratio,interaction,0.020857028663158417,0.011674340814351925,0.009182687848806492
medium,merge_bottleneck,4,8,residual_conditioning_minus_plain_conditioning,final_goal_distance,interaction,-0.21693956851959229,-0.12142795324325562,-0.09551161527633667
medium,merge_bottleneck,4,8,residual_conditioning_minus_plain_conditioning,completion_time,interaction,0.0,0.0,0.0
medium,merge_bottleneck,4,8,residual_conditioning_minus_plain_conditioning,min_distance,interaction,-1.1179395507654455e-05,-0.11832494663848958,0.11831376724298193
high,merge_bottleneck,4,8,residual_conditioning_minus_plain_conditioning,collision,interaction,0.0,0.0,0.0
high,merge_bottleneck,4,8,residual_conditioning_minus_plain_conditioning,safety_violation,interaction,0.0,0.0,0.0
high,merge_bottleneck,4,8,residual_conditioning_minus_plain_conditioning,success,interaction,0.0,0.0,0.0
high,merge_bottleneck,4,8,residual_conditioning_minus_plain_conditioning,progress_ratio,interaction,-0.0008267797529697418,0.006039872765541077,-0.0068666525185108185
high,merge_bottleneck,4,8,residual_conditioning_minus_plain_conditioning,final_goal_distance,interaction,0.008599579334259033,-0.06282234191894531,0.07142192125320435
high,merge_bottleneck,4,8,residual_conditioning_minus_plain_conditioning,completion_time,interaction,0.0,0.0,0.0
high,merge_bottleneck,4,8,residual_conditioning_minus_plain_conditioning,min_distance,interaction,0.17757314443588257,-0.24025169257625567,0.41782483701213824
clean,merge_bottleneck,8,8,residual_conditioning_minus_plain_conditioning,collision,interaction,0.0,0.0,0.0
clean,merge_bottleneck,8,8,residual_conditioning_minus_plain_conditioning,safety_violation,interaction,-1.0,0.0,-1.0
clean,merge_bottleneck,8,8,residual_conditioning_minus_plain_conditioning,success,interaction,0.0,0.0,0.0
clean,merge_bottleneck,8,8,residual_conditioning_minus_plain_conditioning,progress_ratio,interaction,-0.05192279815673828,-0.012592881917953491,-0.03932991623878479
clean,merge_bottleneck,8,8,residual_conditioning_minus_plain_conditioning,final_goal_distance,interaction,0.5376379489898682,0.13039398193359375,0.4072439670562744
clean,merge_bottleneck,8,8,residual_conditioning_minus_plain_conditioning,completion_time,interaction,0.0,0.0,0.0
clean,merge_bottleneck,8,8,residual_conditioning_minus_plain_conditioning,min_distance,interaction,0.03469526767730713,0.05380290746688843,-0.0191076397895813
low,merge_bottleneck,8,8,residual_conditioning_minus_plain_conditioning,collision,interaction,0.0,0.0,0.0
low,merge_bottleneck,8,8,residual_conditioning_minus_plain_conditioning,safety_violation,interaction,0.0,0.0,0.0
low,merge_bottleneck,8,8,residual_conditioning_minus_plain_conditioning,success,interaction,0.0,0.0,0.0
low,merge_bottleneck,8,8,residual_conditioning_minus_plain_conditioning,progress_ratio,interaction,-0.0028946101665496826,-0.015918880701065063,0.01302427053451538
low,merge_bottleneck,8,8,residual_conditioning_minus_plain_conditioning,final_goal_distance,interaction,0.029972553253173828,0.16483306884765625,-0.13486051559448242
low,merge_bottleneck,8,8,residual_conditioning_minus_plain_conditioning,completion_time,interaction,0.0,0.0,0.0
low,merge_bottleneck,8,8,residual_conditioning_minus_plain_conditioning,min_distance,interaction,-0.051207005977630615,-0.010339021682739258,-0.04086798429489136
medium,merge_bottleneck,8,8,residual_conditioning_minus_plain_conditioning,collision,interaction,0.0,0.0,0.0
medium,merge_bottleneck,8,8,residual_conditioning_minus_plain_conditioning,safety_violation,interaction,0.0,0.0,0.0
medium,merge_bottleneck,8,8,residual_conditioning_minus_plain_conditioning,success,interaction,0.0,0.0,0.0
medium,merge_bottleneck,8,8,residual_conditioning_minus_plain_conditioning,progress_ratio,interaction,-0.008888006210327148,-0.07735209167003632,0.06846408545970917
medium,merge_bottleneck,8,8,residual_conditioning_minus_plain_conditioning,final_goal_distance,interaction,0.09203124046325684,0.8009471893310547,-0.7089159488677979
medium,merge_bottleneck,8,8,residual_conditioning_minus_plain_conditioning,completion_time,interaction,0.0,0.0,0.0
medium,merge_bottleneck,8,8,residual_conditioning_minus_plain_conditioning,min_distance,interaction,0.01324617862701416,0.0851137638092041,-0.07186758518218994
high,merge_bottleneck,8,8,residual_conditioning_minus_plain_conditioning,collision,interaction,0.0,0.0,0.0
high,merge_bottleneck,8,8,residual_conditioning_minus_plain_conditioning,safety_violation,interaction,0.0,1.0,-1.0
high,merge_bottleneck,8,8,residual_conditioning_minus_plain_conditioning,success,interaction,0.0,0.0,0.0
high,merge_bottleneck,8,8,residual_conditioning_minus_plain_conditioning,progress_ratio,interaction,0.008858352899551392,-0.07096117734909058,0.07981953024864197
high,merge_bottleneck,8,8,residual_conditioning_minus_plain_conditioning,final_goal_distance,interaction,-0.09172463417053223,0.7347719669342041,-0.8264966011047363
high,merge_bottleneck,8,8,residual_conditioning_minus_plain_conditioning,completion_time,interaction,0.0,0.0,0.0
high,merge_bottleneck,8,8,residual_conditioning_minus_plain_conditioning,min_distance,interaction,0.0,-0.17348116636276245,0.17348116636276245
clean,four_way_stop,4,8,residual_conditioning_minus_plain_conditioning,collision,interaction,0.0,0.0,0.0
clean,four_way_stop,4,8,residual_conditioning_minus_plain_conditioning,safety_violation,interaction,0.0,0.0,0.0
clean,four_way_stop,4,8,residual_conditioning_minus_plain_conditioning,success,interaction,0.0,0.0,0.0
clean,four_way_stop,4,8,residual_conditioning_minus_plain_conditioning,progress_ratio,interaction,-0.00040133297443400995,0.0005308454856277622,-0.0009321784600617722
clean,four_way_stop,4,8,residual_conditioning_minus_plain_conditioning,final_goal_distance,interaction,0.003855392336845398,-0.005099549889564486,0.008954942226409884
clean,four_way_stop,4,8,residual_conditioning_minus_plain_conditioning,completion_time,interaction,-0.2400000000000002,-0.5999999999999996,0.35999999999999943
clean,four_way_stop,4,8,residual_conditioning_minus_plain_conditioning,min_distance,interaction,0.0,-0.023909091949463,0.023909091949463
low,four_way_stop,4,8,residual_conditioning_minus_plain_conditioning,collision,interaction,0.0,0.0,0.0
low,four_way_stop,4,8,residual_conditioning_minus_plain_conditioning,safety_violation,interaction,0.0,0.0,0.0
low,four_way_stop,4,8,residual_conditioning_minus_plain_conditioning,success,interaction,0.0,0.0,0.0
low,four_way_stop,4,8,residual_conditioning_minus_plain_conditioning,progress_ratio,interaction,-0.005773589015006797,0.00027034711092721597,-0.006043936125934013
low,four_way_stop,4,8,residual_conditioning_minus_plain_conditioning,final_goal_distance,interaction,0.0554638057947158,-0.0025970786809920987,0.0580608844757079
low,four_way_stop,4,8,residual_conditioning_minus_plain_conditioning,completion_time,interaction,0.0,-0.2400000000000002,0.2400000000000002
low,four_way_stop,4,8,residual_conditioning_minus_plain_conditioning,min_distance,interaction,-0.01803898811340332,-0.13924634456634521,0.1212073564529419
medium,four_way_stop,4,8,residual_conditioning_minus_plain_conditioning,collision,interaction,0.0,0.0,0.0
medium,four_way_stop,4,8,residual_conditioning_minus_plain_conditioning,safety_violation,interaction,0.0,0.0,0.0
medium,four_way_stop,4,8,residual_conditioning_minus_plain_conditioning,success,interaction,0.0,0.0,0.0
medium,four_way_stop,4,8,residual_conditioning_minus_plain_conditioning,progress_ratio,interaction,-0.0010767895728349686,0.0053093209862710156,-0.006386110559105984
medium,four_way_stop,4,8,residual_conditioning_minus_plain_conditioning,final_goal_distance,interaction,0.010344147682189997,-0.051003843545913696,0.06134799122810369
medium,four_way_stop,4,8,residual_conditioning_minus_plain_conditioning,completion_time,interaction,0.2400000000000002,0.2400000000000002,0.0
medium,four_way_stop,4,8,residual_conditioning_minus_plain_conditioning,min_distance,interaction,-0.028385162353515625,0.004468858242034912,-0.03285402059555054
high,four_way_stop,4,8,residual_conditioning_minus_plain_conditioning,collision,interaction,0.0,0.0,0.0
high,four_way_stop,4,8,residual_conditioning_minus_plain_conditioning,safety_violation,interaction,0.0,0.0,0.0
high,four_way_stop,4,8,residual_conditioning_minus_plain_conditioning,success,interaction,0.0,0.0,0.0
high,four_way_stop,4,8,residual_conditioning_minus_plain_conditioning,progress_ratio,interaction,-0.00240115448832523,0.0042526572942733765,-0.0066538117825986065
high,four_way_stop,4,8,residual_conditioning_minus_plain_conditioning,final_goal_distance,interaction,0.023066610097885187,-0.04085303097963339,0.06391964107751857
high,four_way_stop,4,8,residual_conditioning_minus_plain_conditioning,completion_time,interaction,0.120000000000001,0.120000000000001,0.0
high,four_way_stop,4,8,residual_conditioning_minus_plain_conditioning,min_distance,interaction,0.03179955482482921,0.006606161594390869,0.025193393230438343
clean,four_way_stop,8,8,residual_conditioning_minus_plain_conditioning,collision,interaction,0.0,0.0,0.0
clean,four_way_stop,8,8,residual_conditioning_minus_plain_conditioning,safety_violation,interaction,0.0,0.0,0.0
clean,four_way_stop,8,8,residual_conditioning_minus_plain_conditioning,success,interaction,0.0,0.0,0.0
clean,four_way_stop,8,8,residual_conditioning_minus_plain_conditioning,progress_ratio,interaction,0.003067154437303543,0.0006650239229203381,0.002402130514383205
clean,four_way_stop,8,8,residual_conditioning_minus_plain_conditioning,final_goal_distance,interaction,-0.029490277171135004,-0.006394118070602417,-0.023096159100532587
clean,four_way_stop,8,8,residual_conditioning_minus_plain_conditioning,completion_time,interaction,4.32,12.24,-7.92
clean,four_way_stop,8,8,residual_conditioning_minus_plain_conditioning,min_distance,interaction,-0.08271551132202148,-0.15114587545394897,0.06843036413192749
low,four_way_stop,8,8,residual_conditioning_minus_plain_conditioning,collision,interaction,0.0,0.0,0.0
low,four_way_stop,8,8,residual_conditioning_minus_plain_conditioning,safety_violation,interaction,0.0,0.0,0.0
low,four_way_stop,8,8,residual_conditioning_minus_plain_conditioning,success,interaction,0.0,1.0,-1.0
low,four_way_stop,8,8,residual_conditioning_minus_plain_conditioning,progress_ratio,interaction,0.002918604761361965,0.0026730913668869816,0.0002455133944749832
low,four_way_stop,8,8,residual_conditioning_minus_plain_conditioning,final_goal_distance,interaction,-0.028062000870704706,-0.02570141851902008,-0.002360582351684626
low,four_way_stop,8,8,residual_conditioning_minus_plain_conditioning,completion_time,interaction,-2.2799999999999976,-14.879999999999999,12.600000000000001
low,four_way_stop,8,8,residual_conditioning_minus_plain_conditioning,min_distance,interaction,0.08955365419387817,-0.008453309535980225,0.0980069637298584
medium,four_way_stop,8,8,residual_conditioning_minus_plain_conditioning,collision,interaction,0.0,0.0,0.0
medium,four_way_stop,8,8,residual_conditioning_minus_plain_conditioning,safety_violation,interaction,0.0,0.0,0.0
medium,four_way_stop,8,8,residual_conditioning_minus_plain_conditioning,success,interaction,1.0,0.0,1.0
medium,four_way_stop,8,8,residual_conditioning_minus_plain_conditioning,progress_ratio,interaction,0.008220287039875984,-0.000429278239607811,0.008649565279483795
medium,four_way_stop,8,8,residual_conditioning_minus_plain_conditioning,final_goal_distance,interaction,-0.0790369510650635,0.004127442836761502,-0.083164393901825
medium,four_way_stop,8,8,residual_conditioning_minus_plain_conditioning,completion_time,interaction,-15.599999999999998,-7.1999999999999975,-8.4
medium,four_way_stop,8,8,residual_conditioning_minus_plain_conditioning,min_distance,interaction,-0.1315687894821167,0.05407232046127319,-0.1856411099433899
high,four_way_stop,8,8,residual_conditioning_minus_plain_conditioning,collision,interaction,0.0,0.0,0.0
high,four_way_stop,8,8,residual_conditioning_minus_plain_conditioning,safety_violation,interaction,0.0,0.0,0.0
high,four_way_stop,8,8,residual_conditioning_minus_plain_conditioning,success,interaction,0.0,0.0,0.0
high,four_way_stop,8,8,residual_conditioning_minus_plain_conditioning,progress_ratio,interaction,-0.0025444477796556786,-0.0007990356534718357,-0.001745412126183843
high,four_way_stop,8,8,residual_conditioning_minus_plain_conditioning,final_goal_distance,interaction,0.024464517831802396,0.007682621479034424,0.016781896352767972
high,four_way_stop,8,8,residual_conditioning_minus_plain_conditioning,completion_time,interaction,-6.359999999999999,-8.519999999999998,2.1599999999999984
high,four_way_stop,8,8,residual_conditioning_minus_plain_conditioning,min_distance,interaction,-0.05037766695022583,0.06452208757400513,-0.11489975452423096
clean,corridor,4,9,residual_conditioning_minus_plain_conditioning,collision,interaction,0.0,0.0,0.0
clean,corridor,4,9,residual_conditioning_minus_plain_conditioning,safety_violation,interaction,0.0,0.0,0.0
clean,corridor,4,9,residual_conditioning_minus_plain_conditioning,success,interaction,0.0,0.0,0.0
clean,corridor,4,9,residual_conditioning_minus_plain_conditioning,progress_ratio,interaction,-0.002232191152870766,-0.0020454321056604385,-0.00018675904721032754
clean,corridor,4,9,residual_conditioning_minus_plain_conditioning,final_goal_distance,interaction,0.02280425280332571,0.0208963081240654,0.0019079446792603094
clean,corridor,4,9,residual_conditioning_minus_plain_conditioning,completion_time,interaction,0.0,-0.11999999999999922,0.11999999999999922
clean,corridor,4,9,residual_conditioning_minus_plain_conditioning,min_distance,interaction,0.00277787446975708,-0.024485290050506647,0.027263164520263727
low,corridor,4,9,residual_conditioning_minus_plain_conditioning,collision,interaction,0.0,0.0,0.0
low,corridor,4,9,residual_conditioning_minus_plain_conditioning,safety_violation,interaction,0.0,0.0,0.0
low,corridor,4,9,residual_conditioning_minus_plain_conditioning,success,interaction,0.0,0.0,0.0
low,corridor,4,9,residual_conditioning_minus_plain_conditioning,progress_ratio,interaction,-0.0004253070801496506,-0.0024764733389019966,0.002051166258752346
low,corridor,4,9,residual_conditioning_minus_plain_conditioning,final_goal_distance,interaction,0.004344969987869179,0.02529986202716819,-0.02095489203929901
low,corridor,4,9,residual_conditioning_minus_plain_conditioning,completion_time,interaction,0.9600000000000009,-3.959999999999999,4.92
low,corridor,4,9,residual_conditioning_minus_plain_conditioning,min_distance,interaction,0.03727066516876221,0.008768558502197266,0.02850210666656494
medium,corridor,4,9,residual_conditioning_minus_plain_conditioning,collision,interaction,0.0,0.0,0.0
medium,corridor,4,9,residual_conditioning_minus_plain_conditioning,safety_violation,interaction,0.0,0.0,0.0
medium,corridor,4,9,residual_conditioning_minus_plain_conditioning,success,interaction,0.0,0.0,0.0
medium,corridor,4,9,residual_conditioning_minus_plain_conditioning,progress_ratio,interaction,0.0002613188698887825,0.0032313447445632137,-0.0029700258746744312
medium,corridor,4,9,residual_conditioning_minus_plain_conditioning,final_goal_distance,interaction,-0.002669647336006109,-0.03301168233156211,0.030342034995556003
medium,corridor,4,9,residual_conditioning_minus_plain_conditioning,completion_time,interaction,0.2400000000000002,1.08,-0.8399999999999999
medium,corridor,4,9,residual_conditioning_minus_plain_conditioning,min_distance,interaction,-0.01764887571334839,-0.09169763326644897,0.07404875755310059
high,corridor,4,9,residual_conditioning_minus_plain_conditioning,collision,interaction,0.0,0.0,0.0
high,corridor,4,9,residual_conditioning_minus_plain_conditioning,safety_violation,interaction,0.0,0.0,0.0
high,corridor,4,9,residual_conditioning_minus_plain_conditioning,success,interaction,0.0,0.0,0.0
high,corridor,4,9,residual_conditioning_minus_plain_conditioning,progress_ratio,interaction,0.004111751914024464,9.64263454079628e-05,0.004015325568616501
high,corridor,4,9,residual_conditioning_minus_plain_conditioning,final_goal_distance,interaction,-0.04200600087642671,-0.0009851083159445884,-0.04102089256048212
high,corridor,4,9,residual_conditioning_minus_plain_conditioning,completion_time,interaction,1.08,0.9599999999999991,0.120000000000001
high,corridor,4,9,residual_conditioning_minus_plain_conditioning,min_distance,interaction,-0.05967921018600464,-0.040713369846343994,-0.018965840339660645
clean,corridor,8,9,residual_conditioning_minus_plain_conditioning,collision,interaction,0.0,0.0,0.0
clean,corridor,8,9,residual_conditioning_minus_plain_conditioning,safety_violation,interaction,0.0,0.0,0.0
clean,corridor,8,9,residual_conditioning_minus_plain_conditioning,success,interaction,0.0,0.0,0.0
clean,corridor,8,9,residual_conditioning_minus_plain_conditioning,progress_ratio,interaction,0.0069511085748672485,0.09433668851852417,-0.08738557994365692
clean,corridor,8,9,residual_conditioning_minus_plain_conditioning,final_goal_distance,interaction,-0.070365309715271,-0.9549602270126343,0.8845949172973633
clean,corridor,8,9,residual_conditioning_minus_plain_conditioning,completion_time,interaction,0.0,0.0,0.0
clean,corridor,8,9,residual_conditioning_minus_plain_conditioning,min_distance,interaction,0.022334575653076172,0.031400859355926514,-0.009066283702850342
low,corridor,8,9,residual_conditioning_minus_plain_conditioning,collision,interaction,0.0,0.0,0.0
low,corridor,8,9,residual_conditioning_minus_plain_conditioning,safety_violation,interaction,0.0,0.0,0.0
low,corridor,8,9,residual_conditioning_minus_plain_conditioning,success,interaction,0.0,0.0,0.0
low,corridor,8,9,residual_conditioning_minus_plain_conditioning,progress_ratio,interaction,-0.009000234305858612,0.001017354428768269,-0.010017588734626881
low,corridor,8,9,residual_conditioning_minus_plain_conditioning,final_goal_distance,interaction,0.09110844135284424,-0.010298550128936768,0.101406991481781
low,corridor,8,9,residual_conditioning_minus_plain_conditioning,completion_time,interaction,0.0,0.0,0.0
low,corridor,8,9,residual_conditioning_minus_plain_conditioning,min_distance,interaction,0.009007930755615234,-0.026837587356567383,0.03584551811218262
medium,corridor,8,9,residual_conditioning_minus_plain_conditioning,collision,interaction,0.0,1.0,-1.0
medium,corridor,8,9,residual_conditioning_minus_plain_conditioning,safety_violation,interaction,0.0,0.0,0.0
medium,corridor,8,9,residual_conditioning_minus_plain_conditioning,success,interaction,0.0,0.0,0.0
medium,corridor,8,9,residual_conditioning_minus_plain_conditioning,progress_ratio,interaction,0.001067042350769154,-0.02420969307422638,0.025276735424995533
medium,corridor,8,9,residual_conditioning_minus_plain_conditioning,final_goal_distance,interaction,-0.010801553726196289,0.2450721263885498,-0.2558736801147461
medium,corridor,8,9,residual_conditioning_minus_plain_conditioning,completion_time,interaction,0.0,0.0,0.0
medium,corridor,8,9,residual_conditioning_minus_plain_conditioning,min_distance,interaction,0.020238935947418213,-0.14749348163604736,0.16773241758346558
high,corridor,8,9,residual_conditioning_minus_plain_conditioning,collision,interaction,0.0,0.0,0.0
high,corridor,8,9,residual_conditioning_minus_plain_conditioning,safety_violation,interaction,0.0,1.0,-1.0
high,corridor,8,9,residual_conditioning_minus_plain_conditioning,success,interaction,0.0,0.0,0.0
high,corridor,8,9,residual_conditioning_minus_plain_conditioning,progress_ratio,interaction,0.01432003080844868,0.02121230959892284,-0.00689227879047416
high,corridor,8,9,residual_conditioning_minus_plain_conditioning,final_goal_distance,interaction,-0.14496010541915894,-0.21472996473312378,0.06976985931396484
high,corridor,8,9,residual_conditioning_minus_plain_conditioning,completion_time,interaction,0.0,0.0,0.0
high,corridor,8,9,residual_conditioning_minus_plain_conditioning,min_distance,interaction,0.10592329502105713,-0.14091378450393677,0.2468370795249939
clean,narrow_gate,4,9,residual_conditioning_minus_plain_conditioning,collision,interaction,0.0,0.0,0.0
clean,narrow_gate,4,9,residual_conditioning_minus_plain_conditioning,safety_violation,interaction,0.0,0.0,0.0
clean,narrow_gate,4,9,residual_conditioning_minus_plain_conditioning,success,interaction,1.0,0.0,1.0
clean,narrow_gate,4,9,residual_conditioning_minus_plain_conditioning,progress_ratio,interaction,0.1530715012922882,-0.002183852717280277,0.15525535400956847
clean,narrow_gate,4,9,residual_conditioning_minus_plain_conditioning,final_goal_distance,interaction,-1.6238380074501038,0.02316710352897651,-1.6470051109790802
clean,narrow_gate,4,9,residual_conditioning_minus_plain_conditioning,completion_time,interaction,-14.04,0.11999999999999922,-14.159999999999998
clean,narrow_gate,4,9,residual_conditioning_minus_plain_conditioning,min_distance,interaction,-0.1112354149795235,0.048630475997924805,-0.1598658909774483
low,narrow_gate,4,9,residual_conditioning_minus_plain_conditioning,collision,interaction,0.0,0.0,0.0
low,narrow_gate,4,9,residual_conditioning_minus_plain_conditioning,safety_violation,interaction,0.0,0.0,0.0
low,narrow_gate,4,9,residual_conditioning_minus_plain_conditioning,success,interaction,0.0,0.0,0.0
low,narrow_gate,4,9,residual_conditioning_minus_plain_conditioning,progress_ratio,interaction,0.00010571535676717758,-0.000761399045586364,0.0008671144023535415
low,narrow_gate,4,9,residual_conditioning_minus_plain_conditioning,final_goal_distance,interaction,-0.0011214688420295993,0.008077196776866899,-0.009198665618896498
low,narrow_gate,4,9,residual_conditioning_minus_plain_conditioning,completion_time,interaction,-2.16,-2.5199999999999996,0.35999999999999943
low,narrow_gate,4,9,residual_conditioning_minus_plain_conditioning,min_distance,interaction,0.07790350914001465,-0.007483363151550293,0.08538687229156494
medium,narrow_gate,4,9,residual_conditioning_minus_plain_conditioning,collision,interaction,0.0,0.0,0.0
medium,narrow_gate,4,9,residual_conditioning_minus_plain_conditioning,safety_violation,interaction,0.0,0.0,0.0
medium,narrow_gate,4,9,residual_conditioning_minus_plain_conditioning,success,interaction,0.0,0.0,0.0
medium,narrow_gate,4,9,residual_conditioning_minus_plain_conditioning,progress_ratio,interaction,-0.001215711236000061,0.0010973801836370312,-0.002313091419637092
medium,narrow_gate,4,9,residual_conditioning_minus_plain_conditioning,final_goal_distance,interaction,0.01289665699005127,-0.011641405522823306,0.024538062512874576
medium,narrow_gate,4,9,residual_conditioning_minus_plain_conditioning,completion_time,interaction,0.0,0.120000000000001,-0.120000000000001
medium,narrow_gate,4,9,residual_conditioning_minus_plain_conditioning,min_distance,interaction,0.11389236433451166,0.04970496892929077,0.06418739540522089
high,narrow_gate,4,9,residual_conditioning_minus_plain_conditioning,collision,interaction,0.0,0.0,0.0
high,narrow_gate,4,9,residual_conditioning_minus_plain_conditioning,safety_violation,interaction,0.0,0.0,0.0
high,narrow_gate,4,9,residual_conditioning_minus_plain_conditioning,success,interaction,-1.0,0.0,-1.0
high,narrow_gate,4,9,residual_conditioning_minus_plain_conditioning,progress_ratio,interaction,-0.15291202533990134,-0.006373897194862366,-0.14653812814503897
high,narrow_gate,4,9,residual_conditioning_minus_plain_conditioning,final_goal_distance,interaction,1.6221462562680247,0.06761670112609863,1.554529555141926
high,narrow_gate,4,9,residual_conditioning_minus_plain_conditioning,completion_time,interaction,4.919999999999998,0.0,4.919999999999998
high,narrow_gate,4,9,residual_conditioning_minus_plain_conditioning,min_distance,interaction,0.009753410104919591,-0.007510099818397231,0.017263509923316822
clean,narrow_gate,8,9,residual_conditioning_minus_plain_conditioning,collision,interaction,0.0,0.0,0.0
clean,narrow_gate,8,9,residual_conditioning_minus_plain_conditioning,safety_violation,interaction,0.0,0.0,0.0
clean,narrow_gate,8,9,residual_conditioning_minus_plain_conditioning,success,interaction,0.0,0.0,0.0
clean,narrow_gate,8,9,residual_conditioning_minus_plain_conditioning,progress_ratio,interaction,-0.03835389018058777,0.004725202918052673,-0.04307909309864044
clean,narrow_gate,8,9,residual_conditioning_minus_plain_conditioning,final_goal_distance,interaction,0.4007985591888428,-0.049378395080566406,0.4501769542694092
clean,narrow_gate,8,9,residual_conditioning_minus_plain_conditioning,completion_time,interaction,0.0,0.0,0.0
clean,narrow_gate,8,9,residual_conditioning_minus_plain_conditioning,min_distance,interaction,-0.07369285821914673,-0.0008243322372436523,-0.07286852598190308
low,narrow_gate,8,9,residual_conditioning_minus_plain_conditioning,collision,interaction,0.0,0.0,0.0
low,narrow_gate,8,9,residual_conditioning_minus_plain_conditioning,safety_violation,interaction,0.0,0.0,0.0
low,narrow_gate,8,9,residual_conditioning_minus_plain_conditioning,success,interaction,0.0,0.0,0.0
low,narrow_gate,8,9,residual_conditioning_minus_plain_conditioning,progress_ratio,interaction,0.09694588929414749,0.1790977418422699,-0.0821518525481224
low,narrow_gate,8,9,residual_conditioning_minus_plain_conditioning,final_goal_distance,interaction,-1.013084888458252,-1.8715721368789673,0.8584872484207153
low,narrow_gate,8,9,residual_conditioning_minus_plain_conditioning,completion_time,interaction,0.0,0.0,0.0
low,narrow_gate,8,9,residual_conditioning_minus_plain_conditioning,min_distance,interaction,-0.019786477088928223,-0.045084238052368164,0.02529776096343994
medium,narrow_gate,8,9,residual_conditioning_minus_plain_conditioning,collision,interaction,0.0,0.0,0.0
medium,narrow_gate,8,9,residual_conditioning_minus_plain_conditioning,safety_violation,interaction,0.0,0.0,0.0
medium,narrow_gate,8,9,residual_conditioning_minus_plain_conditioning,success,interaction,0.0,0.0,0.0
medium,narrow_gate,8,9,residual_conditioning_minus_plain_conditioning,progress_ratio,interaction,0.0788150243461132,0.12138810008764267,-0.042573075741529465
medium,narrow_gate,8,9,residual_conditioning_minus_plain_conditioning,final_goal_distance,interaction,-0.8236173987388611,-1.2685061693191528,0.44488877058029175
medium,narrow_gate,8,9,residual_conditioning_minus_plain_conditioning,completion_time,interaction,0.0,0.0,0.0
medium,narrow_gate,8,9,residual_conditioning_minus_plain_conditioning,min_distance,interaction,-0.05934584140777588,-0.04046982526779175,-0.01887601613998413
high,narrow_gate,8,9,residual_conditioning_minus_plain_conditioning,collision,interaction,0.0,0.0,0.0
high,narrow_gate,8,9,residual_conditioning_minus_plain_conditioning,safety_violation,interaction,0.0,0.0,0.0
high,narrow_gate,8,9,residual_conditioning_minus_plain_conditioning,success,interaction,0.0,0.0,0.0
high,narrow_gate,8,9,residual_conditioning_minus_plain_conditioning,progress_ratio,interaction,0.05614259093999863,0.041625529527664185,0.014517061412334442
high,narrow_gate,8,9,residual_conditioning_minus_plain_conditioning,final_goal_distance,interaction,-0.5866903066635132,-0.43498682975769065,-0.15170347690582253
high,narrow_gate,8,9,residual_conditioning_minus_plain_conditioning,completion_time,interaction,0.0,0.0,0.0
high,narrow_gate,8,9,residual_conditioning_minus_plain_conditioning,min_distance,interaction,-0.09938865900039673,-0.09232938289642334,-0.007059276103973389
clean,merge_bottleneck,4,9,residual_conditioning_minus_plain_conditioning,collision,interaction,0.0,0.0,0.0
clean,merge_bottleneck,4,9,residual_conditioning_minus_plain_conditioning,safety_violation,interaction,0.0,0.0,0.0
clean,merge_bottleneck,4,9,residual_conditioning_minus_plain_conditioning,success,interaction,0.0,0.0,0.0
clean,merge_bottleneck,4,9,residual_conditioning_minus_plain_conditioning,progress_ratio,interaction,0.0021069087088108063,0.015057597309350967,-0.012950688600540161
clean,merge_bottleneck,4,9,residual_conditioning_minus_plain_conditioning,final_goal_distance,interaction,-0.021849095821380615,-0.15615034103393555,0.13430124521255493
clean,merge_bottleneck,4,9,residual_conditioning_minus_plain_conditioning,completion_time,interaction,0.0,0.0,0.0
clean,merge_bottleneck,4,9,residual_conditioning_minus_plain_conditioning,min_distance,interaction,-0.06514358520507812,-0.020237505435943604,-0.04490607976913452
low,merge_bottleneck,4,9,residual_conditioning_minus_plain_conditioning,collision,interaction,0.0,0.0,0.0
low,merge_bottleneck,4,9,residual_conditioning_minus_plain_conditioning,safety_violation,interaction,0.0,0.0,0.0
low,merge_bottleneck,4,9,residual_conditioning_minus_plain_conditioning,success,interaction,0.0,0.0,0.0
low,merge_bottleneck,4,9,residual_conditioning_minus_plain_conditioning,progress_ratio,interaction,0.006024647504091263,0.027253512293100357,-0.021228864789009094
low,merge_bottleneck,4,9,residual_conditioning_minus_plain_conditioning,final_goal_distance,interaction,-0.06247681379318237,-0.28262442350387573,0.22014760971069336
low,merge_bottleneck,4,9,residual_conditioning_minus_plain_conditioning,completion_time,interaction,0.0,0.0,0.0
low,merge_bottleneck,4,9,residual_conditioning_minus_plain_conditioning,min_distance,interaction,-2.3522442000878385e-06,0.12844395637512207,-0.12844630861932216
medium,merge_bottleneck,4,9,residual_conditioning_minus_plain_conditioning,collision,interaction,0.0,0.0,0.0
medium,merge_bottleneck,4,9,residual_conditioning_minus_plain_conditioning,safety_violation,interaction,1.0,0.0,1.0
medium,merge_bottleneck,4,9,residual_conditioning_minus_plain_conditioning,success,interaction,0.0,0.0,0.0
medium,merge_bottleneck,4,9,residual_conditioning_minus_plain_conditioning,progress_ratio,interaction,0.017860323190688976,0.00389225035905838,0.013968072831630596
medium,merge_bottleneck,4,9,residual_conditioning_minus_plain_conditioning,final_goal_distance,interaction,-0.18521520495414734,-0.040363430976867676,-0.14485177397727966
medium,merge_bottleneck,4,9,residual_conditioning_minus_plain_conditioning,completion_time,interaction,0.0,0.0,0.0
medium,merge_bottleneck,4,9,residual_conditioning_minus_plain_conditioning,min_distance,interaction,-0.2606702446937561,-0.07556665077094149,-0.1851035939228146
high,merge_bottleneck,4,9,residual_conditioning_minus_plain_conditioning,collision,interaction,0.0,0.0,0.0
high,merge_bottleneck,4,9,residual_conditioning_minus_plain_conditioning,safety_violation,interaction,0.0,0.0,0.0
high,merge_bottleneck,4,9,residual_conditioning_minus_plain_conditioning,success,interaction,0.0,0.0,0.0
high,merge_bottleneck,4,9,residual_conditioning_minus_plain_conditioning,progress_ratio,interaction,0.011874672025442234,0.015625789761543163,-0.0037511177361009285
high,merge_bottleneck,4,9,residual_conditioning_minus_plain_conditioning,final_goal_distance,interaction,-0.1231427788734436,-0.16204261779785156,0.03889983892440796
high,merge_bottleneck,4,9,residual_conditioning_minus_plain_conditioning,completion_time,interaction,0.0,0.0,0.0
high,merge_bottleneck,4,9,residual_conditioning_minus_plain_conditioning,min_distance,interaction,-2.1586528015093975e-06,0.004726591771062494,-0.004728750423864003
clean,merge_bottleneck,8,9,residual_conditioning_minus_plain_conditioning,collision,interaction,0.0,0.0,0.0
clean,merge_bottleneck,8,9,residual_conditioning_minus_plain_conditioning,safety_violation,interaction,0.0,-1.0,1.0
clean,merge_bottleneck,8,9,residual_conditioning_minus_plain_conditioning,success,interaction,0.0,0.0,0.0
clean,merge_bottleneck,8,9,residual_conditioning_minus_plain_conditioning,progress_ratio,interaction,0.04914708435535431,0.027755707502365112,0.021391376852989197
clean,merge_bottleneck,8,9,residual_conditioning_minus_plain_conditioning,final_goal_distance,interaction,-0.5090222358703613,-0.28746914863586426,-0.22155308723449707
clean,merge_bottleneck,8,9,residual_conditioning_minus_plain_conditioning,completion_time,interaction,0.0,0.0,0.0
clean,merge_bottleneck,8,9,residual_conditioning_minus_plain_conditioning,min_distance,interaction,-0.09934711456298828,0.0694687962532044,-0.16881591081619268
low,merge_bottleneck,8,9,residual_conditioning_minus_plain_conditioning,collision,interaction,-1.0,0.0,-1.0
low,merge_bottleneck,8,9,residual_conditioning_minus_plain_conditioning,safety_violation,interaction,0.0,-1.0,1.0
low,merge_bottleneck,8,9,residual_conditioning_minus_plain_conditioning,success,interaction,0.0,0.0,0.0
low,merge_bottleneck,8,9,residual_conditioning_minus_plain_conditioning,progress_ratio,interaction,0.15150247514247894,-0.06229136884212494,0.21379384398460388
low,merge_bottleneck,8,9,residual_conditioning_minus_plain_conditioning,final_goal_distance,interaction,-1.569129467010498,0.6451592445373535,-2.2142887115478516
low,merge_bottleneck,8,9,residual_conditioning_minus_plain_conditioning,completion_time,interaction,0.0,0.0,0.0
low,merge_bottleneck,8,9,residual_conditioning_minus_plain_conditioning,min_distance,interaction,0.07337570190429688,0.1319696307182312,-0.058593928813934326
medium,merge_bottleneck,8,9,residual_conditioning_minus_plain_conditioning,collision,interaction,0.0,0.0,0.0
medium,merge_bottleneck,8,9,residual_conditioning_minus_plain_conditioning,safety_violation,interaction,0.0,0.0,0.0
medium,merge_bottleneck,8,9,residual_conditioning_minus_plain_conditioning,success,interaction,0.0,0.0,0.0
medium,merge_bottleneck,8,9,residual_conditioning_minus_plain_conditioning,progress_ratio,interaction,0.0413745641708374,0.02015596628189087,0.021218597888946533
medium,merge_bottleneck,8,9,residual_conditioning_minus_plain_conditioning,final_goal_distance,interaction,-0.42852139472961426,-0.20875787734985307,-0.2197635173797612
medium,merge_bottleneck,8,9,residual_conditioning_minus_plain_conditioning,completion_time,interaction,0.0,0.0,0.0
medium,merge_bottleneck,8,9,residual_conditioning_minus_plain_conditioning,min_distance,interaction,-0.11535894870758057,-0.0519639253616333,-0.06339502334594727
high,merge_bottleneck,8,9,residual_conditioning_minus_plain_conditioning,collision,interaction,0.0,0.0,0.0
high,merge_bottleneck,8,9,residual_conditioning_minus_plain_conditioning,safety_violation,interaction,0.0,-1.0,1.0
high,merge_bottleneck,8,9,residual_conditioning_minus_plain_conditioning,success,interaction,0.0,0.0,0.0
high,merge_bottleneck,8,9,residual_conditioning_minus_plain_conditioning,progress_ratio,interaction,-0.022998034954071045,-0.06722071766853333,0.04422268271446228
high,merge_bottleneck,8,9,residual_conditioning_minus_plain_conditioning,final_goal_distance,interaction,0.23819351196289062,0.6962132453918457,-0.4580197334289551
high,merge_bottleneck,8,9,residual_conditioning_minus_plain_conditioning,completion_time,interaction,0.0,0.0,0.0
high,merge_bottleneck,8,9,residual_conditioning_minus_plain_conditioning,min_distance,interaction,0.013674020767211914,0.1631365418434143,-0.1494625210762024
clean,four_way_stop,4,9,residual_conditioning_minus_plain_conditioning,collision,interaction,0.0,0.0,0.0
clean,four_way_stop,4,9,residual_conditioning_minus_plain_conditioning,safety_violation,interaction,0.0,0.0,0.0
clean,four_way_stop,4,9,residual_conditioning_minus_plain_conditioning,success,interaction,0.0,0.0,0.0
clean,four_way_stop,4,9,residual_conditioning_minus_plain_conditioning,progress_ratio,interaction,0.002942318096757157,0.004272785037756077,-0.00133046694099892
clean,four_way_stop,4,9,residual_conditioning_minus_plain_conditioning,final_goal_distance,interaction,-0.0282985121011734,-0.04109463095664981,0.012796118855476407
clean,four_way_stop,4,9,residual_conditioning_minus_plain_conditioning,completion_time,interaction,-0.2400000000000002,1.3200000000000003,-1.5600000000000005
clean,four_way_stop,4,9,residual_conditioning_minus_plain_conditioning,min_distance,interaction,-0.4625151753425598,0.017776846885681152,-0.48029202222824097
low,four_way_stop,4,9,residual_conditioning_minus_plain_conditioning,collision,interaction,0.0,0.0,0.0
low,four_way_stop,4,9,residual_conditioning_minus_plain_conditioning,safety_violation,interaction,0.0,0.0,0.0
low,four_way_stop,4,9,residual_conditioning_minus_plain_conditioning,success,interaction,0.0,0.0,0.0
low,four_way_stop,4,9,residual_conditioning_minus_plain_conditioning,progress_ratio,interaction,0.004249470308423042,-0.001470300368964561,0.005719770677387603
low,four_way_stop,4,9,residual_conditioning_minus_plain_conditioning,final_goal_distance,interaction,-0.04087039828300479,0.014141000807285392,-0.05501139909029018
low,four_way_stop,4,9,residual_conditioning_minus_plain_conditioning,completion_time,interaction,0.0,0.3600000000000012,-0.3600000000000012
low,four_way_stop,4,9,residual_conditioning_minus_plain_conditioning,min_distance,interaction,-0.010249733924865612,-0.0022791624069213867,-0.007970571517944225
medium,four_way_stop,4,9,residual_conditioning_minus_plain_conditioning,collision,interaction,0.0,0.0,0.0
medium,four_way_stop,4,9,residual_conditioning_minus_plain_conditioning,safety_violation,interaction,0.0,0.0,0.0
medium,four_way_stop,4,9,residual_conditioning_minus_plain_conditioning,success,interaction,0.0,0.0,0.0
medium,four_way_stop,4,9,residual_conditioning_minus_plain_conditioning,progress_ratio,interaction,-0.0027888184413313866,0.000944158062338829,-0.0037329765036702156
medium,four_way_stop,4,9,residual_conditioning_minus_plain_conditioning,final_goal_distance,interaction,0.026822187006473597,-0.009080685675144196,0.03590287268161779
medium,four_way_stop,4,9,residual_conditioning_minus_plain_conditioning,completion_time,interaction,-0.11999999999999922,1.08,-1.1999999999999993
medium,four_way_stop,4,9,residual_conditioning_minus_plain_conditioning,min_distance,interaction,-0.07784789800643921,0.12949371337890625,-0.20734161138534546
high,four_way_stop,4,9,residual_conditioning_minus_plain_conditioning,collision,interaction,0.0,0.0,0.0
high,four_way_stop,4,9,residual_conditioning_minus_plain_conditioning,safety_violation,interaction,0.0,0.0,0.0
high,four_way_stop,4,9,residual_conditioning_minus_plain_conditioning,success,interaction,0.0,0.0,0.0
high,four_way_stop,4,9,residual_conditioning_minus_plain_conditioning,progress_ratio,interaction,0.004756905138492806,-0.00034356676042079926,0.0051004718989136055
high,four_way_stop,4,9,residual_conditioning_minus_plain_conditioning,final_goal_distance,interaction,-0.045750766992569,0.0033043473958969116,-0.04905511438846591
high,four_way_stop,4,9,residual_conditioning_minus_plain_conditioning,completion_time,interaction,0.120000000000001,-0.11999999999999922,0.2400000000000002
high,four_way_stop,4,9,residual_conditioning_minus_plain_conditioning,min_distance,interaction,0.03261983394622803,-0.028873920440673606,0.06149375438690163
clean,four_way_stop,8,9,residual_conditioning_minus_plain_conditioning,collision,interaction,0.0,0.0,0.0
clean,four_way_stop,8,9,residual_conditioning_minus_plain_conditioning,safety_violation,interaction,0.0,0.0,0.0
clean,four_way_stop,8,9,residual_conditioning_minus_plain_conditioning,success,interaction,0.0,0.0,0.0
clean,four_way_stop,8,9,residual_conditioning_minus_plain_conditioning,progress_ratio,interaction,-0.002039613202214352,0.0003978889435529709,-0.002437502145767323
clean,four_way_stop,8,9,residual_conditioning_minus_plain_conditioning,final_goal_distance,interaction,0.019597068428993197,-0.0038230121135710837,0.02342008054256428
clean,four_way_stop,8,9,residual_conditioning_minus_plain_conditioning,completion_time,interaction,-7.200000000000001,-6.24,-0.9600000000000009
clean,four_way_stop,8,9,residual_conditioning_minus_plain_conditioning,min_distance,interaction,-0.06590539216995239,-0.018785059452056885,-0.04712033271789551
low,four_way_stop,8,9,residual_conditioning_minus_plain_conditioning,collision,interaction,0.0,0.0,0.0
low,four_way_stop,8,9,residual_conditioning_minus_plain_conditioning,safety_violation,interaction,0.0,0.0,0.0
low,four_way_stop,8,9,residual_conditioning_minus_plain_conditioning,success,interaction,0.0,0.0,0.0
low,four_way_stop,8,9,residual_conditioning_minus_plain_conditioning,progress_ratio,interaction,0.003527950495481602,-0.0017292574048042297,0.005257207900285832
low,four_way_stop,8,9,residual_conditioning_minus_plain_conditioning,final_goal_distance,interaction,-0.033897355198860085,0.01661510765552518,-0.050512462854385265
low,four_way_stop,8,9,residual_conditioning_minus_plain_conditioning,completion_time,interaction,1.08,-8.760000000000002,9.840000000000002
low,four_way_stop,8,9,residual_conditioning_minus_plain_conditioning,min_distance,interaction,-0.030186474323272705,0.025924265384674072,-0.05611073970794678
medium,four_way_stop,8,9,residual_conditioning_minus_plain_conditioning,collision,interaction,0.0,0.0,0.0
medium,four_way_stop,8,9,residual_conditioning_minus_plain_conditioning,safety_violation,interaction,0.0,0.0,0.0
medium,four_way_stop,8,9,residual_conditioning_minus_plain_conditioning,success,interaction,0.0,1.0,-1.0
medium,four_way_stop,8,9,residual_conditioning_minus_plain_conditioning,progress_ratio,interaction,0.001648569479584805,0.008686522021889576,-0.007037952542304771
medium,four_way_stop,8,9,residual_conditioning_minus_plain_conditioning,final_goal_distance,interaction,-0.0158398300409317,-0.08346211910247797,0.06762228906154627
medium,four_way_stop,8,9,residual_conditioning_minus_plain_conditioning,completion_time,interaction,1.8000000000000007,-12.959999999999999,14.76
medium,four_way_stop,8,9,residual_conditioning_minus_plain_conditioning,min_distance,interaction,-0.050118446350097656,-0.024783313274383545,-0.02533513307571411
high,four_way_stop,8,9,residual_conditioning_minus_plain_conditioning,collision,interaction,0.0,0.0,0.0
high,four_way_stop,8,9,residual_conditioning_minus_plain_conditioning,safety_violation,interaction,-1.0,0.0,-1.0
high,four_way_stop,8,9,residual_conditioning_minus_plain_conditioning,success,interaction,0.0,0.0,0.0
high,four_way_stop,8,9,residual_conditioning_minus_plain_conditioning,progress_ratio,interaction,5.6988559663184724e-05,-0.0025524869561196484,0.002609475515782833
high,four_way_stop,8,9,residual_conditioning_minus_plain_conditioning,final_goal_distance,interaction,-0.0005475580692291815,0.0245248824357987,-0.025072440505027882
high,four_way_stop,8,9,residual_conditioning_minus_plain_conditioning,completion_time,interaction,-8.760000000000002,-4.440000000000001,-4.32
high,four_way_stop,8,9,residual_conditioning_minus_plain_conditioning,min_distance,interaction,0.11373209953308105,0.08207029104232788,0.031661808490753174
clean,corridor,4,10,residual_conditioning_minus_plain_conditioning,collision,interaction,0.0,0.0,0.0
clean,corridor,4,10,residual_conditioning_minus_plain_conditioning,safety_violation,interaction,0.0,1.0,-1.0
clean,corridor,4,10,residual_conditioning_minus_plain_conditioning,success,interaction,0.0,0.0,0.0
clean,corridor,4,10,residual_conditioning_minus_plain_conditioning,progress_ratio,interaction,-0.002401139587164036,0.006988786160946003,-0.00938992574811004
clean,corridor,4,10,residual_conditioning_minus_plain_conditioning,final_goal_distance,interaction,0.024516515433788313,-0.07135806977748868,0.095874585211277
clean,corridor,4,10,residual_conditioning_minus_plain_conditioning,completion_time,interaction,-2.6400000000000006,2.5199999999999996,-5.16
clean,corridor,4,10,residual_conditioning_minus_plain_conditioning,min_distance,interaction,-0.014347672462463379,-0.1701592206954956,0.15581154823303223
low,corridor,4,10,residual_conditioning_minus_plain_conditioning,collision,interaction,0.0,0.0,0.0
low,corridor,4,10,residual_conditioning_minus_plain_conditioning,safety_violation,interaction,0.0,1.0,-1.0
low,corridor,4,10,residual_conditioning_minus_plain_conditioning,success,interaction,0.0,0.0,0.0
low,corridor,4,10,residual_conditioning_minus_plain_conditioning,progress_ratio,interaction,0.0006875032559038319,-0.0001914268359541893,0.0008789300918580212
low,corridor,4,10,residual_conditioning_minus_plain_conditioning,final_goal_distance,interaction,-0.007019661366939503,0.0019545406103134155,-0.008974201977252919
low,corridor,4,10,residual_conditioning_minus_plain_conditioning,completion_time,interaction,-0.3600000000000012,0.7199999999999989,-1.08
low,corridor,4,10,residual_conditioning_minus_plain_conditioning,min_distance,interaction,0.06689989566802979,-0.1699751615524292,0.23687505722045898
medium,corridor,4,10,residual_conditioning_minus_plain_conditioning,collision,interaction,0.0,0.0,0.0
medium,corridor,4,10,residual_conditioning_minus_plain_conditioning,safety_violation,interaction,0.0,0.0,0.0
medium,corridor,4,10,residual_conditioning_minus_plain_conditioning,success,interaction,0.0,0.0,0.0
medium,corridor,4,10,residual_conditioning_minus_plain_conditioning,progress_ratio,interaction,0.0029410673305392265,-0.004681093618273735,0.007622160948812962
medium,corridor,4,10,residual_conditioning_minus_plain_conditioning,final_goal_distance,interaction,-0.030029378831386594,0.047795690596103696,-0.07782506942749029
medium,corridor,4,10,residual_conditioning_minus_plain_conditioning,completion_time,interaction,0.11999999999999922,-1.6799999999999997,1.799999999999999
medium,corridor,4,10,residual_conditioning_minus_plain_conditioning,min_distance,interaction,-0.03541463613510132,0.03378868103027344,-0.06920331716537476
high,corridor,4,10,residual_conditioning_minus_plain_conditioning,collision,interaction,0.0,0.0,0.0
high,corridor,4,10,residual_conditioning_minus_plain_conditioning,safety_violation,interaction,0.0,0.0,0.0
high,corridor,4,10,residual_conditioning_minus_plain_conditioning,success,interaction,0.0,0.0,0.0
high,corridor,4,10,residual_conditioning_minus_plain_conditioning,progress_ratio,interaction,-0.002056562341749557,0.00855794921517361,-0.010614511556923167
high,corridor,4,10,residual_conditioning_minus_plain_conditioning,final_goal_distance,interaction,0.020998261868953705,-0.0873798057436943,0.10837806761264801
high,corridor,4,10,residual_conditioning_minus_plain_conditioning,completion_time,interaction,-0.4800000000000004,2.2799999999999994,-2.76
high,corridor,4,10,residual_conditioning_minus_plain_conditioning,min_distance,interaction,-0.10870426893234253,-0.03573042154312134,-0.07297384738922119
clean,corridor,8,10,residual_conditioning_minus_plain_conditioning,collision,interaction,0.0,0.0,0.0
clean,corridor,8,10,residual_conditioning_minus_plain_conditioning,safety_violation,interaction,0.0,0.0,0.0
clean,corridor,8,10,residual_conditioning_minus_plain_conditioning,success,interaction,0.0,0.0,0.0
clean,corridor,8,10,residual_conditioning_minus_plain_conditioning,progress_ratio,interaction,-0.01287311315536499,-0.0014317706227303661,-0.011441342532634624
clean,corridor,8,10,residual_conditioning_minus_plain_conditioning,final_goal_distance,interaction,0.13025939464569092,0.014487624168395996,0.11577177047729492
clean,corridor,8,10,residual_conditioning_minus_plain_conditioning,completion_time,interaction,0.0,0.0,0.0
clean,corridor,8,10,residual_conditioning_minus_plain_conditioning,min_distance,interaction,-0.023288607597351074,-0.04070967435836792,0.017421066761016846
low,corridor,8,10,residual_conditioning_minus_plain_conditioning,collision,interaction,0.0,0.0,0.0
low,corridor,8,10,residual_conditioning_minus_plain_conditioning,safety_violation,interaction,0.0,0.0,0.0
low,corridor,8,10,residual_conditioning_minus_plain_conditioning,success,interaction,0.0,0.0,0.0
low,corridor,8,10,residual_conditioning_minus_plain_conditioning,progress_ratio,interaction,0.015958033502101787,-0.003496319055557362,0.01945435255765915
low,corridor,8,10,residual_conditioning_minus_plain_conditioning,final_goal_distance,interaction,-0.1614748239517212,0.035378217697143555,-0.19685304164886475
low,corridor,8,10,residual_conditioning_minus_plain_conditioning,completion_time,interaction,0.0,0.0,0.0
low,corridor,8,10,residual_conditioning_minus_plain_conditioning,min_distance,interaction,0.09363371133804321,0.0451580286026001,0.048475682735443115
medium,corridor,8,10,residual_conditioning_minus_plain_conditioning,collision,interaction,0.0,0.0,0.0
medium,corridor,8,10,residual_conditioning_minus_plain_conditioning,safety_violation,interaction,0.0,0.0,0.0
medium,corridor,8,10,residual_conditioning_minus_plain_conditioning,success,interaction,0.0,0.0,0.0
medium,corridor,8,10,residual_conditioning_minus_plain_conditioning,progress_ratio,interaction,0.007078230381011852,-0.00964239612221729,0.01672062650322914
medium,corridor,8,10,residual_conditioning_minus_plain_conditioning,final_goal_distance,interaction,-0.07162261009216309,0.09756869077682495,-0.16919130086898804
medium,corridor,8,10,residual_conditioning_minus_plain_conditioning,completion_time,interaction,0.0,0.0,0.0
medium,corridor,8,10,residual_conditioning_minus_plain_conditioning,min_distance,interaction,0.08582818508148193,0.002880871295928955,0.08294731378555298
high,corridor,8,10,residual_conditioning_minus_plain_conditioning,collision,interaction,0.0,0.0,0.0
high,corridor,8,10,residual_conditioning_minus_plain_conditioning,safety_violation,interaction,0.0,0.0,0.0
high,corridor,8,10,residual_conditioning_minus_plain_conditioning,success,interaction,0.0,0.0,0.0
high,corridor,8,10,residual_conditioning_minus_plain_conditioning,progress_ratio,interaction,-0.013436213135719188,0.012751992791891209,-0.026188205927610397
high,corridor,8,10,residual_conditioning_minus_plain_conditioning,final_goal_distance,interaction,0.1359572410583496,-0.12903380393981934,0.26499104499816895
high,corridor,8,10,residual_conditioning_minus_plain_conditioning,completion_time,interaction,0.0,0.0,0.0
high,corridor,8,10,residual_conditioning_minus_plain_conditioning,min_distance,interaction,0.04014134407043457,-0.02904301881790161,0.06918436288833618
clean,narrow_gate,4,10,residual_conditioning_minus_plain_conditioning,collision,interaction,0.0,0.0,0.0
clean,narrow_gate,4,10,residual_conditioning_minus_plain_conditioning,safety_violation,interaction,0.0,0.0,0.0
clean,narrow_gate,4,10,residual_conditioning_minus_plain_conditioning,success,interaction,1.0,-1.0,2.0
clean,narrow_gate,4,10,residual_conditioning_minus_plain_conditioning,progress_ratio,interaction,0.15874070674180973,-0.1703483136370778,0.32908902037888754
clean,narrow_gate,4,10,residual_conditioning_minus_plain_conditioning,final_goal_distance,interaction,-1.6942184790968893,1.8181048855185509,-3.5123233646154404
clean,narrow_gate,4,10,residual_conditioning_minus_plain_conditioning,completion_time,interaction,-5.16,1.5599999999999987,-6.719999999999999
clean,narrow_gate,4,10,residual_conditioning_minus_plain_conditioning,min_distance,interaction,-0.03683440796515669,0.024169504642486572,-0.06100391260764326
low,narrow_gate,4,10,residual_conditioning_minus_plain_conditioning,collision,interaction,0.0,0.0,0.0
low,narrow_gate,4,10,residual_conditioning_minus_plain_conditioning,safety_violation,interaction,0.0,0.0,0.0
low,narrow_gate,4,10,residual_conditioning_minus_plain_conditioning,success,interaction,1.0,-1.0,2.0
low,narrow_gate,4,10,residual_conditioning_minus_plain_conditioning,progress_ratio,interaction,0.35111708845943224,-0.13291272707283486,0.4840298155322671
low,narrow_gate,4,10,residual_conditioning_minus_plain_conditioning,final_goal_distance,interaction,-3.7474259212613106,1.4185597747564314,-5.165985696017742
low,narrow_gate,4,10,residual_conditioning_minus_plain_conditioning,completion_time,interaction,-1.1999999999999993,3.2399999999999984,-4.439999999999998
low,narrow_gate,4,10,residual_conditioning_minus_plain_conditioning,min_distance,interaction,-0.008137762546539307,0.09348523845656187,-0.10162300100310118
medium,narrow_gate,4,10,residual_conditioning_minus_plain_conditioning,collision,interaction,0.0,0.0,0.0
medium,narrow_gate,4,10,residual_conditioning_minus_plain_conditioning,safety_violation,interaction,0.0,0.0,0.0
medium,narrow_gate,4,10,residual_conditioning_minus_plain_conditioning,success,interaction,0.0,-1.0,1.0
medium,narrow_gate,4,10,residual_conditioning_minus_plain_conditioning,progress_ratio,interaction,-0.003693017177283653,-0.16064029932022095,0.1569472821429373
medium,narrow_gate,4,10,residual_conditioning_minus_plain_conditioning,final_goal_distance,interaction,0.0394150838255882,1.7144924774765966,-1.6750773936510084
medium,narrow_gate,4,10,residual_conditioning_minus_plain_conditioning,completion_time,interaction,3.0,10.2,-7.199999999999999
medium,narrow_gate,4,10,residual_conditioning_minus_plain_conditioning,min_distance,interaction,0.010141003351988087,0.09166419506072998,-0.0815231917087419
high,narrow_gate,4,10,residual_conditioning_minus_plain_conditioning,collision,interaction,0.0,0.0,0.0
high,narrow_gate,4,10,residual_conditioning_minus_plain_conditioning,safety_violation,interaction,0.0,0.0,0.0
high,narrow_gate,4,10,residual_conditioning_minus_plain_conditioning,success,interaction,0.0,1.0,-1.0
high,narrow_gate,4,10,residual_conditioning_minus_plain_conditioning,progress_ratio,interaction,0.0009811166673896476,0.11715557798743248,-0.11617446132004283
high,narrow_gate,4,10,residual_conditioning_minus_plain_conditioning,final_goal_distance,interaction,-0.010471329092979514,-1.2503859475255013,1.2399146184325218
high,narrow_gate,4,10,residual_conditioning_minus_plain_conditioning,completion_time,interaction,4.079999999999998,-9.239999999999998,13.319999999999997
high,narrow_gate,4,10,residual_conditioning_minus_plain_conditioning,min_distance,interaction,0.08135352899130321,0.025717198848724365,0.05563633014257885
clean,narrow_gate,8,10,residual_conditioning_minus_plain_conditioning,collision,interaction,0.0,0.0,0.0
clean,narrow_gate,8,10,residual_conditioning_minus_plain_conditioning,safety_violation,interaction,0.0,0.0,0.0
clean,narrow_gate,8,10,residual_conditioning_minus_plain_conditioning,success,interaction,0.0,0.0,0.0
clean,narrow_gate,8,10,residual_conditioning_minus_plain_conditioning,progress_ratio,interaction,-0.1653377041220665,-0.029487036168575287,-0.1358506679534912
clean,narrow_gate,8,10,residual_conditioning_minus_plain_conditioning,final_goal_distance,interaction,1.7215369939804073,0.3070262670516968,1.4145107269287105
clean,narrow_gate,8,10,residual_conditioning_minus_plain_conditioning,completion_time,interaction,0.0,0.0,0.0
clean,narrow_gate,8,10,residual_conditioning_minus_plain_conditioning,min_distance,interaction,0.011667132377624512,-0.005222320556640625,0.016889452934265137
low,narrow_gate,8,10,residual_conditioning_minus_plain_conditioning,collision,interaction,0.0,0.0,0.0
low,narrow_gate,8,10,residual_conditioning_minus_plain_conditioning,safety_violation,interaction,0.0,0.0,0.0
low,narrow_gate,8,10,residual_conditioning_minus_plain_conditioning,success,interaction,0.0,0.0,0.0
low,narrow_gate,8,10,residual_conditioning_minus_plain_conditioning,progress_ratio,interaction,-0.27290523797273636,-0.10014607012271892,-0.17275916785001744
low,narrow_gate,8,10,residual_conditioning_minus_plain_conditioning,final_goal_distance,interaction,2.841556549072266,1.042745590209961,1.7988109588623051
low,narrow_gate,8,10,residual_conditioning_minus_plain_conditioning,completion_time,interaction,0.0,0.0,0.0
low,narrow_gate,8,10,residual_conditioning_minus_plain_conditioning,min_distance,interaction,0.151505708694458,-0.0009720921516418457,0.15247780084609985
medium,narrow_gate,8,10,residual_conditioning_minus_plain_conditioning,collision,interaction,0.0,0.0,0.0
medium,narrow_gate,8,10,residual_conditioning_minus_plain_conditioning,safety_violation,interaction,0.0,0.0,0.0
medium,narrow_gate,8,10,residual_conditioning_minus_plain_conditioning,success,interaction,0.0,0.0,0.0
medium,narrow_gate,8,10,residual_conditioning_minus_plain_conditioning,progress_ratio,interaction,-0.026756033301353455,0.009509198367595673,-0.03626523166894913
medium,narrow_gate,8,10,residual_conditioning_minus_plain_conditioning,final_goal_distance,interaction,0.2785903215408325,-0.09901213645935059,0.3776024580001831
medium,narrow_gate,8,10,residual_conditioning_minus_plain_conditioning,completion_time,interaction,0.0,0.0,0.0
medium,narrow_gate,8,10,residual_conditioning_minus_plain_conditioning,min_distance,interaction,0.04076415300369263,0.09984791278839111,-0.059083759784698486
high,narrow_gate,8,10,residual_conditioning_minus_plain_conditioning,collision,interaction,0.0,0.0,0.0
high,narrow_gate,8,10,residual_conditioning_minus_plain_conditioning,safety_violation,interaction,0.0,0.0,0.0
high,narrow_gate,8,10,residual_conditioning_minus_plain_conditioning,success,interaction,0.0,0.0,0.0
high,narrow_gate,8,10,residual_conditioning_minus_plain_conditioning,progress_ratio,interaction,-0.1631367839872837,-0.06682932376861572,-0.09630746021866798
high,narrow_gate,8,10,residual_conditioning_minus_plain_conditioning,final_goal_distance,interaction,1.6986204981803894,0.6958434581756596,1.0027770400047298
high,narrow_gate,8,10,residual_conditioning_minus_plain_conditioning,completion_time,interaction,0.0,0.0,0.0
high,narrow_gate,8,10,residual_conditioning_minus_plain_conditioning,min_distance,interaction,-0.05542689561843872,-0.07381314039230347,0.018386244773864746
clean,merge_bottleneck,4,10,residual_conditioning_minus_plain_conditioning,collision,interaction,0.0,0.0,0.0
clean,merge_bottleneck,4,10,residual_conditioning_minus_plain_conditioning,safety_violation,interaction,0.0,0.0,0.0
clean,merge_bottleneck,4,10,residual_conditioning_minus_plain_conditioning,success,interaction,0.0,0.0,0.0
clean,merge_bottleneck,4,10,residual_conditioning_minus_plain_conditioning,progress_ratio,interaction,0.02307821065187432,0.004855144768953545,0.018223065882920775
clean,merge_bottleneck,4,10,residual_conditioning_minus_plain_conditioning,final_goal_distance,interaction,-0.2395730614662171,-0.05040085315704346,-0.18917220830917364
clean,merge_bottleneck,4,10,residual_conditioning_minus_plain_conditioning,completion_time,interaction,0.0,0.0,0.0
clean,merge_bottleneck,4,10,residual_conditioning_minus_plain_conditioning,min_distance,interaction,-0.21333056688308716,-0.06660115718841553,-0.14672940969467163
low,merge_bottleneck,4,10,residual_conditioning_minus_plain_conditioning,collision,interaction,0.0,0.0,0.0
low,merge_bottleneck,4,10,residual_conditioning_minus_plain_conditioning,safety_violation,interaction,0.0,0.0,0.0
low,merge_bottleneck,4,10,residual_conditioning_minus_plain_conditioning,success,interaction,0.0,0.0,0.0
low,merge_bottleneck,4,10,residual_conditioning_minus_plain_conditioning,progress_ratio,interaction,0.004376202821731567,0.0017488114535808563,0.002627391368150711
low,merge_bottleneck,4,10,residual_conditioning_minus_plain_conditioning,final_goal_distance,interaction,-0.04542899131774902,-0.0181543231010437,-0.027274668216705322
low,merge_bottleneck,4,10,residual_conditioning_minus_plain_conditioning,completion_time,interaction,0.0,0.0,0.0
low,merge_bottleneck,4,10,residual_conditioning_minus_plain_conditioning,min_distance,interaction,-0.08562064170837402,-0.0032491683959960938,-0.08237147331237793
medium,merge_bottleneck,4,10,residual_conditioning_minus_plain_conditioning,collision,interaction,0.0,0.0,0.0
medium,merge_bottleneck,4,10,residual_conditioning_minus_plain_conditioning,safety_violation,interaction,0.0,0.0,0.0
medium,merge_bottleneck,4,10,residual_conditioning_minus_plain_conditioning,success,interaction,0.0,0.0,0.0
medium,merge_bottleneck,4,10,residual_conditioning_minus_plain_conditioning,progress_ratio,interaction,0.004262909293174633,-0.004479527473449707,0.00874243676662434
medium,merge_bottleneck,4,10,residual_conditioning_minus_plain_conditioning,final_goal_distance,interaction,-0.044252872467041016,0.04650157690048218,-0.0907544493675232
medium,merge_bottleneck,4,10,residual_conditioning_minus_plain_conditioning,completion_time,interaction,0.0,0.0,0.0
medium,merge_bottleneck,4,10,residual_conditioning_minus_plain_conditioning,min_distance,interaction,-0.15004894256591794,-0.14340853691101074,-0.0066404056549072
high,merge_bottleneck,4,10,residual_conditioning_minus_plain_conditioning,collision,interaction,0.0,0.0,0.0
high,merge_bottleneck,4,10,residual_conditioning_minus_plain_conditioning,safety_violation,interaction,0.0,0.0,0.0
high,merge_bottleneck,4,10,residual_conditioning_minus_plain_conditioning,success,interaction,0.0,0.0,0.0
high,merge_bottleneck,4,10,residual_conditioning_minus_plain_conditioning,progress_ratio,interaction,-0.005464348942041397,0.024050991982221603,-0.029515340924263
high,merge_bottleneck,4,10,residual_conditioning_minus_plain_conditioning,final_goal_distance,interaction,0.05672496557235718,-0.24967139959335327,0.30639636516571045
high,merge_bottleneck,4,10,residual_conditioning_minus_plain_conditioning,completion_time,interaction,0.0,0.0,0.0
high,merge_bottleneck,4,10,residual_conditioning_minus_plain_conditioning,min_distance,interaction,-0.13488242149353025,-0.15703952312469482,0.022157101631164577
clean,merge_bottleneck,8,10,residual_conditioning_minus_plain_conditioning,collision,interaction,0.0,0.0,0.0
clean,merge_bottleneck,8,10,residual_conditioning_minus_plain_conditioning,safety_violation,interaction,0.0,0.0,0.0
clean,merge_bottleneck,8,10,residual_conditioning_minus_plain_conditioning,success,interaction,0.0,0.0,0.0
clean,merge_bottleneck,8,10,residual_conditioning_minus_plain_conditioning,progress_ratio,interaction,-0.031087368726730347,0.017086416482925415,-0.04817378520965576
clean,merge_bottleneck,8,10,residual_conditioning_minus_plain_conditioning,final_goal_distance,interaction,0.3220489025115971,-0.17700624465942383,0.49905514717102095
clean,merge_bottleneck,8,10,residual_conditioning_minus_plain_conditioning,completion_time,interaction,0.0,0.0,0.0
clean,merge_bottleneck,8,10,residual_conditioning_minus_plain_conditioning,min_distance,interaction,-0.1413530707359314,-0.06943285465240479,-0.07192021608352661
low,merge_bottleneck,8,10,residual_conditioning_minus_plain_conditioning,collision,interaction,0.0,0.0,0.0
low,merge_bottleneck,8,10,residual_conditioning_minus_plain_conditioning,safety_violation,interaction,0.0,0.0,0.0
low,merge_bottleneck,8,10,residual_conditioning_minus_plain_conditioning,success,interaction,0.0,0.0,0.0
low,merge_bottleneck,8,10,residual_conditioning_minus_plain_conditioning,progress_ratio,interaction,-0.01494857668876648,-0.00931444764137268,-0.005634129047393799
low,merge_bottleneck,8,10,residual_conditioning_minus_plain_conditioning,final_goal_distance,interaction,0.1548595428466797,0.09649276733398393,0.05836677551269576
low,merge_bottleneck,8,10,residual_conditioning_minus_plain_conditioning,completion_time,interaction,0.0,0.0,0.0
low,merge_bottleneck,8,10,residual_conditioning_minus_plain_conditioning,min_distance,interaction,-0.021310389041900635,-0.009005546569824219,-0.012304842472076416
medium,merge_bottleneck,8,10,residual_conditioning_minus_plain_conditioning,collision,interaction,0.0,0.0,0.0
medium,merge_bottleneck,8,10,residual_conditioning_minus_plain_conditioning,safety_violation,interaction,1.0,0.0,1.0
medium,merge_bottleneck,8,10,residual_conditioning_minus_plain_conditioning,success,interaction,0.0,0.0,0.0
medium,merge_bottleneck,8,10,residual_conditioning_minus_plain_conditioning,progress_ratio,interaction,-0.0020004212856292725,-0.0025314390659332275,0.0005310177803039551
medium,merge_bottleneck,8,10,residual_conditioning_minus_plain_conditioning,final_goal_distance,interaction,0.020723104476929155,0.026224613189697266,-0.005501508712768111
medium,merge_bottleneck,8,10,residual_conditioning_minus_plain_conditioning,completion_time,interaction,0.0,0.0,0.0
medium,merge_bottleneck,8,10,residual_conditioning_minus_plain_conditioning,min_distance,interaction,-0.11588975787162786,-0.04781907796859741,-0.06807067990303045
high,merge_bottleneck,8,10,residual_conditioning_minus_plain_conditioning,collision,interaction,0.0,0.0,0.0
high,merge_bottleneck,8,10,residual_conditioning_minus_plain_conditioning,safety_violation,interaction,0.0,-1.0,1.0
high,merge_bottleneck,8,10,residual_conditioning_minus_plain_conditioning,success,interaction,0.0,0.0,0.0
high,merge_bottleneck,8,10,residual_conditioning_minus_plain_conditioning,progress_ratio,interaction,0.04733628034591675,-0.032575756311416626,0.07991203665733337
high,merge_bottleneck,8,10,residual_conditioning_minus_plain_conditioning,final_goal_distance,interaction,-0.49037909507751465,0.33746790885925293,-0.8278470039367676
high,merge_bottleneck,8,10,residual_conditioning_minus_plain_conditioning,completion_time,interaction,0.0,0.0,0.0
high,merge_bottleneck,8,10,residual_conditioning_minus_plain_conditioning,min_distance,interaction,-0.15232670307159424,0.0839745700359345,-0.23630127310752874
clean,four_way_stop,4,10,residual_conditioning_minus_plain_conditioning,collision,interaction,0.0,0.0,0.0
clean,four_way_stop,4,10,residual_conditioning_minus_plain_conditioning,safety_violation,interaction,0.0,0.0,0.0
clean,four_way_stop,4,10,residual_conditioning_minus_plain_conditioning,success,interaction,0.0,0.0,0.0
clean,four_way_stop,4,10,residual_conditioning_minus_plain_conditioning,progress_ratio,interaction,0.00015606265515077933,-0.002537403255701176,0.0026934659108519554
clean,four_way_stop,4,10,residual_conditioning_minus_plain_conditioning,final_goal_distance,interaction,-0.0014970749616622925,0.024340733885764992,-0.025837808847427285
clean,four_way_stop,4,10,residual_conditioning_minus_plain_conditioning,completion_time,interaction,0.0,-0.2400000000000002,0.2400000000000002
clean,four_way_stop,4,10,residual_conditioning_minus_plain_conditioning,min_distance,interaction,-0.014830350875854492,-0.027942538261413574,0.013112187385559082
low,four_way_stop,4,10,residual_conditioning_minus_plain_conditioning,collision,interaction,0.0,0.0,0.0
low,four_way_stop,4,10,residual_conditioning_minus_plain_conditioning,safety_violation,interaction,0.0,0.0,0.0
low,four_way_stop,4,10,residual_conditioning_minus_plain_conditioning,success,interaction,0.0,0.0,0.0
low,four_way_stop,4,10,residual_conditioning_minus_plain_conditioning,progress_ratio,interaction,0.0017655966803432621,-0.00029631890356562884,0.002061915583908891
low,four_way_stop,4,10,residual_conditioning_minus_plain_conditioning,final_goal_distance,interaction,-0.016936965286731692,0.002842515707015991,-0.019779480993747683
low,four_way_stop,4,10,residual_conditioning_minus_plain_conditioning,completion_time,interaction,-0.8399999999999999,0.7199999999999989,-1.5599999999999987
low,four_way_stop,4,10,residual_conditioning_minus_plain_conditioning,min_distance,interaction,0.000780642032623291,0.0,0.000780642032623291
medium,four_way_stop,4,10,residual_conditioning_minus_plain_conditioning,collision,interaction,0.0,0.0,0.0
medium,four_way_stop,4,10,residual_conditioning_minus_plain_conditioning,safety_violation,interaction,0.0,0.0,0.0
medium,four_way_stop,4,10,residual_conditioning_minus_plain_conditioning,success,interaction,0.0,0.0,0.0
medium,four_way_stop,4,10,residual_conditioning_minus_plain_conditioning,progress_ratio,interaction,0.0015993081033229828,0.002831694670021423,-0.0012323865666984402
medium,four_way_stop,4,10,residual_conditioning_minus_plain_conditioning,final_goal_distance,interaction,-0.015341803431511009,-0.027163811028003707,0.011822007596492698
medium,four_way_stop,4,10,residual_conditioning_minus_plain_conditioning,completion_time,interaction,0.11999999999999922,-0.35999999999999943,0.47999999999999865
medium,four_way_stop,4,10,residual_conditioning_minus_plain_conditioning,min_distance,interaction,-0.0012302398681640625,0.017304658889770508,-0.01853489875793457
high,four_way_stop,4,10,residual_conditioning_minus_plain_conditioning,collision,interaction,0.0,0.0,0.0
high,four_way_stop,4,10,residual_conditioning_minus_plain_conditioning,safety_violation,interaction,0.0,0.0,0.0
high,four_way_stop,4,10,residual_conditioning_minus_plain_conditioning,success,interaction,0.0,0.0,0.0
high,four_way_stop,4,10,residual_conditioning_minus_plain_conditioning,progress_ratio,interaction,-0.0029890863224864006,0.0006411038339138031,-0.0036301901564002037
high,four_way_stop,4,10,residual_conditioning_minus_plain_conditioning,final_goal_distance,interaction,0.028673633933067294,-0.0061499625444411815,0.034823596477508476
high,four_way_stop,4,10,residual_conditioning_minus_plain_conditioning,completion_time,interaction,-0.11999999999999922,0.2400000000000002,-0.35999999999999943
high,four_way_stop,4,10,residual_conditioning_minus_plain_conditioning,min_distance,interaction,-0.15697574615478516,-0.10996586084365845,-0.04700988531112671
clean,four_way_stop,8,10,residual_conditioning_minus_plain_conditioning,collision,interaction,0.0,0.0,0.0
clean,four_way_stop,8,10,residual_conditioning_minus_plain_conditioning,safety_violation,interaction,0.0,0.0,0.0
clean,four_way_stop,8,10,residual_conditioning_minus_plain_conditioning,success,interaction,0.0,0.0,0.0
clean,four_way_stop,8,10,residual_conditioning_minus_plain_conditioning,progress_ratio,interaction,0.0011365655809641995,0.0007744636386631809,0.00036210194230101855
clean,four_way_stop,8,10,residual_conditioning_minus_plain_conditioning,final_goal_distance,interaction,-0.010916292667388888,-0.007438451051712119,-0.003477841615676769
clean,four_way_stop,8,10,residual_conditioning_minus_plain_conditioning,completion_time,interaction,-3.719999999999999,-9.6,5.880000000000001
clean,four_way_stop,8,10,residual_conditioning_minus_plain_conditioning,min_distance,interaction,-0.0028271079063415527,-0.04917788505554199,0.04635077714920044
low,four_way_stop,8,10,residual_conditioning_minus_plain_conditioning,collision,interaction,0.0,0.0,0.0
low,four_way_stop,8,10,residual_conditioning_minus_plain_conditioning,safety_violation,interaction,0.0,0.0,0.0
low,four_way_stop,8,10,residual_conditioning_minus_plain_conditioning,success,interaction,0.0,1.0,-1.0
low,four_way_stop,8,10,residual_conditioning_minus_plain_conditioning,progress_ratio,interaction,0.000870976597070583,0.0017240475863216087,-0.0008530709892510258
low,four_way_stop,8,10,residual_conditioning_minus_plain_conditioning,final_goal_distance,interaction,-0.0083654075860978,-0.016558855772018405,0.008193448185920604
low,four_way_stop,8,10,residual_conditioning_minus_plain_conditioning,completion_time,interaction,-3.959999999999999,-12.599999999999998,8.639999999999999
low,four_way_stop,8,10,residual_conditioning_minus_plain_conditioning,min_distance,interaction,0.03660935163497925,-0.030588090419769287,0.06719744205474854
medium,four_way_stop,8,10,residual_conditioning_minus_plain_conditioning,collision,interaction,0.0,0.0,0.0
medium,four_way_stop,8,10,residual_conditioning_minus_plain_conditioning,safety_violation,interaction,0.0,0.0,0.0
medium,four_way_stop,8,10,residual_conditioning_minus_plain_conditioning,success,interaction,0.0,0.0,0.0
medium,four_way_stop,8,10,residual_conditioning_minus_plain_conditioning,progress_ratio,interaction,-0.000481724739074596,-0.0008188001811504364,0.0003370754420758404
medium,four_way_stop,8,10,residual_conditioning_minus_plain_conditioning,final_goal_distance,interaction,0.00462678074836731,0.00786428153514862,-0.003237500786781311
medium,four_way_stop,8,10,residual_conditioning_minus_plain_conditioning,completion_time,interaction,-2.16,-6.960000000000001,4.800000000000001
medium,four_way_stop,8,10,residual_conditioning_minus_plain_conditioning,min_distance,interaction,0.040093839168548584,0.03810805082321167,0.001985788345336914
high,four_way_stop,8,10,residual_conditioning_minus_plain_conditioning,collision,interaction,0.0,0.0,0.0
high,four_way_stop,8,10,residual_conditioning_minus_plain_conditioning,safety_violation,interaction,0.0,0.0,0.0
high,four_way_stop,8,10,residual_conditioning_minus_plain_conditioning,success,interaction,0.0,0.0,0.0
high,four_way_stop,8,10,residual_conditioning_minus_plain_conditioning,progress_ratio,interaction,0.000572713091969379,0.0036259274929759666,-0.0030532144010065876
high,four_way_stop,8,10,residual_conditioning_minus_plain_conditioning,final_goal_distance,interaction,-0.005500704050064087,-0.0348257124423981,0.029325008392334012
high,four_way_stop,8,10,residual_conditioning_minus_plain_conditioning,completion_time,interaction,-1.3200000000000003,3.0,-4.32
high,four_way_stop,8,10,residual_conditioning_minus_plain_conditioning,min_distance,interaction,0.003427743911743164,-0.014616250991821289,0.018043994903564453
clean,corridor,4,11,residual_conditioning_minus_plain_conditioning,collision,interaction,0.0,0.0,0.0
clean,corridor,4,11,residual_conditioning_minus_plain_conditioning,safety_violation,interaction,0.0,0.0,0.0
clean,corridor,4,11,residual_conditioning_minus_plain_conditioning,success,interaction,0.0,0.0,0.0
clean,corridor,4,11,residual_conditioning_minus_plain_conditioning,progress_ratio,interaction,-0.0012407898902894177,-0.001637512817978859,0.0003967229276894413
clean,corridor,4,11,residual_conditioning_minus_plain_conditioning,final_goal_distance,interaction,0.012682519853114999,0.016737565398216192,-0.0040550455451011935
clean,corridor,4,11,residual_conditioning_minus_plain_conditioning,completion_time,interaction,-0.3600000000000012,-0.7199999999999989,0.35999999999999766
clean,corridor,4,11,residual_conditioning_minus_plain_conditioning,min_distance,interaction,0.009034454822540283,-0.05756789445877075,0.06660234928131104
low,corridor,4,11,residual_conditioning_minus_plain_conditioning,collision,interaction,0.0,0.0,0.0
low,corridor,4,11,residual_conditioning_minus_plain_conditioning,safety_violation,interaction,0.0,-1.0,1.0
low,corridor,4,11,residual_conditioning_minus_plain_conditioning,success,interaction,0.0,0.0,0.0
low,corridor,4,11,residual_conditioning_minus_plain_conditioning,progress_ratio,interaction,0.0009216247126460075,0.0003172094002366066,0.0006044153124094009
low,corridor,4,11,residual_conditioning_minus_plain_conditioning,final_goal_distance,interaction,-0.009420230984687777,-0.0032422989606857022,-0.006177932024002075
low,corridor,4,11,residual_conditioning_minus_plain_conditioning,completion_time,interaction,-0.35999999999999943,0.35999999999999943,-0.7199999999999989
low,corridor,4,11,residual_conditioning_minus_plain_conditioning,min_distance,interaction,0.045121848583221436,0.015630364418029785,0.02949148416519165
medium,corridor,4,11,residual_conditioning_minus_plain_conditioning,collision,interaction,0.0,0.0,0.0
medium,corridor,4,11,residual_conditioning_minus_plain_conditioning,safety_violation,interaction,0.0,0.0,0.0
medium,corridor,4,11,residual_conditioning_minus_plain_conditioning,success,interaction,0.0,0.0,0.0
medium,corridor,4,11,residual_conditioning_minus_plain_conditioning,progress_ratio,interaction,0.004679954610764758,-0.0005308249965310097,0.005210779607295768
medium,corridor,4,11,residual_conditioning_minus_plain_conditioning,final_goal_distance,interaction,-0.04783536493778229,0.005425736308097909,-0.053261101245880196
medium,corridor,4,11,residual_conditioning_minus_plain_conditioning,completion_time,interaction,0.35999999999999943,0.7200000000000006,-0.3600000000000012
medium,corridor,4,11,residual_conditioning_minus_plain_conditioning,min_distance,interaction,0.01706165075302124,0.01252049207687378,0.004541158676147461
high,corridor,4,11,residual_conditioning_minus_plain_conditioning,collision,interaction,0.0,0.0,0.0
high,corridor,4,11,residual_conditioning_minus_plain_conditioning,safety_violation,interaction,0.0,0.0,0.0
high,corridor,4,11,residual_conditioning_minus_plain_conditioning,success,interaction,0.0,0.0,0.0
high,corridor,4,11,residual_conditioning_minus_plain_conditioning,progress_ratio,interaction,0.008758501149713882,0.003276105038821586,0.005482396110892296
high,corridor,4,11,residual_conditioning_minus_plain_conditioning,final_goal_distance,interaction,-0.08952356129884718,-0.0334861576557159,-0.056037403643131284
high,corridor,4,11,residual_conditioning_minus_plain_conditioning,completion_time,interaction,0.5999999999999996,0.4800000000000004,0.11999999999999922
high,corridor,4,11,residual_conditioning_minus_plain_conditioning,min_distance,interaction,0.04829835891723633,-0.07883560657501221,0.12713396549224854
clean,corridor,8,11,residual_conditioning_minus_plain_conditioning,collision,interaction,0.0,0.0,0.0
clean,corridor,8,11,residual_conditioning_minus_plain_conditioning,safety_violation,interaction,0.0,0.0,0.0
clean,corridor,8,11,residual_conditioning_minus_plain_conditioning,success,interaction,0.0,0.0,0.0
clean,corridor,8,11,residual_conditioning_minus_plain_conditioning,progress_ratio,interaction,-0.011126585304737202,0.002647850662469864,-0.013774435967207066
clean,corridor,8,11,residual_conditioning_minus_plain_conditioning,final_goal_distance,interaction,0.11263465881347656,-0.02680426836013794,0.1394389271736145
clean,corridor,8,11,residual_conditioning_minus_plain_conditioning,completion_time,interaction,0.0,0.0,0.0
clean,corridor,8,11,residual_conditioning_minus_plain_conditioning,min_distance,interaction,0.006957054138183594,-0.05980604887008667,0.06676310300827026
low,corridor,8,11,residual_conditioning_minus_plain_conditioning,collision,interaction,0.0,0.0,0.0
low,corridor,8,11,residual_conditioning_minus_plain_conditioning,safety_violation,interaction,0.0,0.0,0.0
low,corridor,8,11,residual_conditioning_minus_plain_conditioning,success,interaction,0.0,0.0,0.0
low,corridor,8,11,residual_conditioning_minus_plain_conditioning,progress_ratio,interaction,-0.012955136597156525,0.023562274873256794,-0.03651741147041332
low,corridor,8,11,residual_conditioning_minus_plain_conditioning,final_goal_distance,interaction,0.13114506006240845,-0.23852133750915516,0.3696663975715636
low,corridor,8,11,residual_conditioning_minus_plain_conditioning,completion_time,interaction,0.0,0.0,0.0
low,corridor,8,11,residual_conditioning_minus_plain_conditioning,min_distance,interaction,0.15281665325164795,-0.027481377124786377,0.18029803037643433
medium,corridor,8,11,residual_conditioning_minus_plain_conditioning,collision,interaction,0.0,0.0,0.0
medium,corridor,8,11,residual_conditioning_minus_plain_conditioning,safety_violation,interaction,0.0,0.0,0.0
medium,corridor,8,11,residual_conditioning_minus_plain_conditioning,success,interaction,0.0,0.0,0.0
medium,corridor,8,11,residual_conditioning_minus_plain_conditioning,progress_ratio,interaction,-0.015489965677261464,0.002486772835254669,-0.017976738512516133
medium,corridor,8,11,residual_conditioning_minus_plain_conditioning,final_goal_distance,interaction,0.15680521726608276,-0.025173604488372803,0.18197882175445557
medium,corridor,8,11,residual_conditioning_minus_plain_conditioning,completion_time,interaction,0.0,0.0,0.0
medium,corridor,8,11,residual_conditioning_minus_plain_conditioning,min_distance,interaction,-0.07392716407775879,0.14176452159881592,-0.2156916856765747
high,corridor,8,11,residual_conditioning_minus_plain_conditioning,collision,interaction,0.0,0.0,0.0
high,corridor,8,11,residual_conditioning_minus_plain_conditioning,safety_violation,interaction,0.0,0.0,0.0
high,corridor,8,11,residual_conditioning_minus_plain_conditioning,success,interaction,0.0,0.0,0.0
high,corridor,8,11,residual_conditioning_minus_plain_conditioning,progress_ratio,interaction,-0.006831526756286621,0.012239761650562397,-0.01907128840684902
high,corridor,8,11,residual_conditioning_minus_plain_conditioning,final_goal_distance,interaction,0.06915569305419922,-0.12390333414077759,0.1930590271949768
high,corridor,8,11,residual_conditioning_minus_plain_conditioning,completion_time,interaction,0.0,0.0,0.0
high,corridor,8,11,residual_conditioning_minus_plain_conditioning,min_distance,interaction,0.1062057614326477,-0.11298471689224243,0.21919047832489014
clean,narrow_gate,4,11,residual_conditioning_minus_plain_conditioning,collision,interaction,0.0,0.0,0.0
clean,narrow_gate,4,11,residual_conditioning_minus_plain_conditioning,safety_violation,interaction,0.0,0.0,0.0
clean,narrow_gate,4,11,residual_conditioning_minus_plain_conditioning,success,interaction,1.0,-1.0,2.0
clean,narrow_gate,4,11,residual_conditioning_minus_plain_conditioning,progress_ratio,interaction,0.021965361200272926,-0.34720449708402146,0.3691698582842944
clean,narrow_gate,4,11,residual_conditioning_minus_plain_conditioning,final_goal_distance,interaction,-0.23260413855314258,3.676752820611,-3.9093569591641426
clean,narrow_gate,4,11,residual_conditioning_minus_plain_conditioning,completion_time,interaction,-12.36,3.0,-15.36
clean,narrow_gate,4,11,residual_conditioning_minus_plain_conditioning,min_distance,interaction,-0.157942196537166,0.0,-0.157942196537166
low,narrow_gate,4,11,residual_conditioning_minus_plain_conditioning,collision,interaction,0.0,0.0,0.0
low,narrow_gate,4,11,residual_conditioning_minus_plain_conditioning,safety_violation,interaction,0.0,0.0,0.0
low,narrow_gate,4,11,residual_conditioning_minus_plain_conditioning,success,interaction,1.0,1.0,0.0
low,narrow_gate,4,11,residual_conditioning_minus_plain_conditioning,progress_ratio,interaction,0.34691236540675163,0.15757500287145376,0.18933736253529787
low,narrow_gate,4,11,residual_conditioning_minus_plain_conditioning,final_goal_distance,interaction,-3.6736592799425125,-1.668654590845108,-2.0050046890974045
low,narrow_gate,4,11,residual_conditioning_minus_plain_conditioning,completion_time,interaction,-3.479999999999997,-0.4799999999999969,-3.0
low,narrow_gate,4,11,residual_conditioning_minus_plain_conditioning,min_distance,interaction,0.0,0.0,0.0
medium,narrow_gate,4,11,residual_conditioning_minus_plain_conditioning,collision,interaction,0.0,0.0,0.0
medium,narrow_gate,4,11,residual_conditioning_minus_plain_conditioning,safety_violation,interaction,0.0,0.0,0.0
medium,narrow_gate,4,11,residual_conditioning_minus_plain_conditioning,success,interaction,1.0,0.0,1.0
medium,narrow_gate,4,11,residual_conditioning_minus_plain_conditioning,progress_ratio,interaction,0.1522478647530079,-0.0012176670134068646,0.15346553176641475
medium,narrow_gate,4,11,residual_conditioning_minus_plain_conditioning,final_goal_distance,interaction,-1.612242341041565,0.012894593179226005,-1.6251369342207909
medium,narrow_gate,4,11,residual_conditioning_minus_plain_conditioning,completion_time,interaction,-6.479999999999997,-6.360000000000001,-0.11999999999999567
medium,narrow_gate,4,11,residual_conditioning_minus_plain_conditioning,min_distance,interaction,0.015387892723083496,-0.07961419266016367,0.09500208538324717
high,narrow_gate,4,11,residual_conditioning_minus_plain_conditioning,collision,interaction,0.0,0.0,0.0
high,narrow_gate,4,11,residual_conditioning_minus_plain_conditioning,safety_violation,interaction,0.0,0.0,0.0
high,narrow_gate,4,11,residual_conditioning_minus_plain_conditioning,success,interaction,0.0,0.0,0.0
high,narrow_gate,4,11,residual_conditioning_minus_plain_conditioning,progress_ratio,interaction,0.0021564792841671787,0.00786447525024414,-0.005707995966076962
high,narrow_gate,4,11,residual_conditioning_minus_plain_conditioning,final_goal_distance,interaction,-0.022836223244666998,-0.08328163623809792,0.060445412993430925
high,narrow_gate,4,11,residual_conditioning_minus_plain_conditioning,completion_time,interaction,0.0,0.0,0.0
high,narrow_gate,4,11,residual_conditioning_minus_plain_conditioning,min_distance,interaction,0.029436111450195312,-0.008500397205352783,0.037936508655548096
clean,narrow_gate,8,11,residual_conditioning_minus_plain_conditioning,collision,interaction,0.0,0.0,0.0
clean,narrow_gate,8,11,residual_conditioning_minus_plain_conditioning,safety_violation,interaction,0.0,0.0,0.0
clean,narrow_gate,8,11,residual_conditioning_minus_plain_conditioning,success,interaction,0.0,0.0,0.0
clean,narrow_gate,8,11,residual_conditioning_minus_plain_conditioning,progress_ratio,interaction,0.008943915367126465,0.07335112988948822,-0.06440721452236176
clean,narrow_gate,8,11,residual_conditioning_minus_plain_conditioning,final_goal_distance,interaction,-0.09345245361328147,-0.7664256095886233,0.6729731559753418
clean,narrow_gate,8,11,residual_conditioning_minus_plain_conditioning,completion_time,interaction,0.0,0.0,0.0
clean,narrow_gate,8,11,residual_conditioning_minus_plain_conditioning,min_distance,interaction,-0.0005738735198974609,0.05775487422943115,-0.05832874774932861
low,narrow_gate,8,11,residual_conditioning_minus_plain_conditioning,collision,interaction,0.0,0.0,0.0
low,narrow_gate,8,11,residual_conditioning_minus_plain_conditioning,safety_violation,interaction,0.0,0.0,0.0
low,narrow_gate,8,11,residual_conditioning_minus_plain_conditioning,success,interaction,0.0,0.0,0.0
low,narrow_gate,8,11,residual_conditioning_minus_plain_conditioning,progress_ratio,interaction,-0.09963881969451904,-0.043870359659194946,-0.0557684600353241
low,narrow_gate,8,11,residual_conditioning_minus_plain_conditioning,final_goal_distance,interaction,1.0410983562469482,0.4583892822265625,0.5827090740203857
low,narrow_gate,8,11,residual_conditioning_minus_plain_conditioning,completion_time,interaction,0.0,0.0,0.0
low,narrow_gate,8,11,residual_conditioning_minus_plain_conditioning,min_distance,interaction,0.10892884901140876,0.044176578521728516,0.06475227048968024
medium,narrow_gate,8,11,residual_conditioning_minus_plain_conditioning,collision,interaction,0.0,0.0,0.0
medium,narrow_gate,8,11,residual_conditioning_minus_plain_conditioning,safety_violation,interaction,0.0,0.0,0.0
medium,narrow_gate,8,11,residual_conditioning_minus_plain_conditioning,success,interaction,0.0,0.0,0.0
medium,narrow_gate,8,11,residual_conditioning_minus_plain_conditioning,progress_ratio,interaction,-0.051710404455661774,-0.008507221937179565,-0.04320318251848221
medium,narrow_gate,8,11,residual_conditioning_minus_plain_conditioning,final_goal_distance,interaction,0.5403076410293579,0.08888959884643555,0.45141804218292236
medium,narrow_gate,8,11,residual_conditioning_minus_plain_conditioning,completion_time,interaction,0.0,0.0,0.0
medium,narrow_gate,8,11,residual_conditioning_minus_plain_conditioning,min_distance,interaction,0.02754455804824829,-0.07161998748779297,0.09916454553604126
high,narrow_gate,8,11,residual_conditioning_minus_plain_conditioning,collision,interaction,0.0,0.0,0.0
high,narrow_gate,8,11,residual_conditioning_minus_plain_conditioning,safety_violation,interaction,1.0,0.0,1.0
high,narrow_gate,8,11,residual_conditioning_minus_plain_conditioning,success,interaction,0.0,0.0,0.0
high,narrow_gate,8,11,residual_conditioning_minus_plain_conditioning,progress_ratio,interaction,-0.050649210810661316,0.0514475554227829,-0.10209676623344421
high,narrow_gate,8,11,residual_conditioning_minus_plain_conditioning,final_goal_distance,interaction,0.5292196273803709,-0.537561178207397,1.0667808055877679
high,narrow_gate,8,11,residual_conditioning_minus_plain_conditioning,completion_time,interaction,0.0,0.0,0.0
high,narrow_gate,8,11,residual_conditioning_minus_plain_conditioning,min_distance,interaction,-0.25654351711273193,-0.12529152631759644,-0.1312519907951355
clean,merge_bottleneck,4,11,residual_conditioning_minus_plain_conditioning,collision,interaction,0.0,0.0,0.0
clean,merge_bottleneck,4,11,residual_conditioning_minus_plain_conditioning,safety_violation,interaction,0.0,0.0,0.0
clean,merge_bottleneck,4,11,residual_conditioning_minus_plain_conditioning,success,interaction,0.0,0.0,0.0
clean,merge_bottleneck,4,11,residual_conditioning_minus_plain_conditioning,progress_ratio,interaction,-0.004752419888973236,0.014037691056728252,-0.018790110945701488
clean,merge_bottleneck,4,11,residual_conditioning_minus_plain_conditioning,final_goal_distance,interaction,0.04930710792541504,-0.1456432342529297,0.19495034217834473
clean,merge_bottleneck,4,11,residual_conditioning_minus_plain_conditioning,completion_time,interaction,0.0,0.0,0.0
clean,merge_bottleneck,4,11,residual_conditioning_minus_plain_conditioning,min_distance,interaction,-0.0569269061088562,0.10682111978530884,-0.16374802589416504
low,merge_bottleneck,4,11,residual_conditioning_minus_plain_conditioning,collision,interaction,0.0,0.0,0.0
low,merge_bottleneck,4,11,residual_conditioning_minus_plain_conditioning,safety_violation,interaction,0.0,0.0,0.0
low,merge_bottleneck,4,11,residual_conditioning_minus_plain_conditioning,success,interaction,0.0,0.0,0.0
low,merge_bottleneck,4,11,residual_conditioning_minus_plain_conditioning,progress_ratio,interaction,0.021128248423337825,-0.02374119684100162,0.04486944526433945
low,merge_bottleneck,4,11,residual_conditioning_minus_plain_conditioning,final_goal_distance,interaction,-0.21920883655548096,0.24631857872009277,-0.46552741527557373
low,merge_bottleneck,4,11,residual_conditioning_minus_plain_conditioning,completion_time,interaction,0.0,0.0,0.0
low,merge_bottleneck,4,11,residual_conditioning_minus_plain_conditioning,min_distance,interaction,-0.018646301986286584,0.167883038520813,-0.18652934050709957
medium,merge_bottleneck,4,11,residual_conditioning_minus_plain_conditioning,collision,interaction,0.0,0.0,0.0
medium,merge_bottleneck,4,11,residual_conditioning_minus_plain_conditioning,safety_violation,interaction,0.0,0.0,0.0
medium,merge_bottleneck,4,11,residual_conditioning_minus_plain_conditioning,success,interaction,0.0,0.0,0.0
medium,merge_bottleneck,4,11,residual_conditioning_minus_plain_conditioning,progress_ratio,interaction,0.003092728555202595,0.0437399223446846,-0.040647193789482006
medium,merge_bottleneck,4,11,residual_conditioning_minus_plain_conditioning,final_goal_distance,interaction,-0.03208756446838379,-0.45380836725234985,0.42172080278396606
medium,merge_bottleneck,4,11,residual_conditioning_minus_plain_conditioning,completion_time,interaction,0.0,0.0,0.0
medium,merge_bottleneck,4,11,residual_conditioning_minus_plain_conditioning,min_distance,interaction,-1.3457453770016059e-05,-0.129644513130188,0.12963105567641797
high,merge_bottleneck,4,11,residual_conditioning_minus_plain_conditioning,collision,interaction,0.0,0.0,0.0
high,merge_bottleneck,4,11,residual_conditioning_minus_plain_conditioning,safety_violation,interaction,0.0,0.0,0.0
high,merge_bottleneck,4,11,residual_conditioning_minus_plain_conditioning,success,interaction,0.0,0.0,0.0
high,merge_bottleneck,4,11,residual_conditioning_minus_plain_conditioning,progress_ratio,interaction,0.03130377456545819,0.07774075865745544,-0.04643698409199726
high,merge_bottleneck,4,11,residual_conditioning_minus_plain_conditioning,final_goal_distance,interaction,-0.3247814178466797,-0.8065722584724426,0.48179084062576294
high,merge_bottleneck,4,11,residual_conditioning_minus_plain_conditioning,completion_time,interaction,0.0,0.0,0.0
high,merge_bottleneck,4,11,residual_conditioning_minus_plain_conditioning,min_distance,interaction,-0.21018168449401853,-0.19681835186578023,-0.0133633326282383
clean,merge_bottleneck,8,11,residual_conditioning_minus_plain_conditioning,collision,interaction,0.0,0.0,0.0
clean,merge_bottleneck,8,11,residual_conditioning_minus_plain_conditioning,safety_violation,interaction,0.0,0.0,0.0
clean,merge_bottleneck,8,11,residual_conditioning_minus_plain_conditioning,success,interaction,0.0,0.0,0.0
clean,merge_bottleneck,8,11,residual_conditioning_minus_plain_conditioning,progress_ratio,interaction,-0.016420066356658936,-0.010767370462417603,-0.005652695894241333
clean,merge_bottleneck,8,11,residual_conditioning_minus_plain_conditioning,final_goal_distance,interaction,0.17011165618896484,0.11154985427856445,0.05856180191040039
clean,merge_bottleneck,8,11,residual_conditioning_minus_plain_conditioning,completion_time,interaction,0.0,0.0,0.0
clean,merge_bottleneck,8,11,residual_conditioning_minus_plain_conditioning,min_distance,interaction,-0.03994405269622803,0.015851855278015137,-0.055795907974243164
low,merge_bottleneck,8,11,residual_conditioning_minus_plain_conditioning,collision,interaction,0.0,0.0,0.0
low,merge_bottleneck,8,11,residual_conditioning_minus_plain_conditioning,safety_violation,interaction,0.0,0.0,0.0
low,merge_bottleneck,8,11,residual_conditioning_minus_plain_conditioning,success,interaction,0.0,0.0,0.0
low,merge_bottleneck,8,11,residual_conditioning_minus_plain_conditioning,progress_ratio,interaction,0.02171531319618225,0.013705462217330933,0.008009850978851318
low,merge_bottleneck,8,11,residual_conditioning_minus_plain_conditioning,final_goal_distance,interaction,-0.2249705791473393,-0.14198851585388184,-0.08298206329345748
low,merge_bottleneck,8,11,residual_conditioning_minus_plain_conditioning,completion_time,interaction,0.0,0.0,0.0
low,merge_bottleneck,8,11,residual_conditioning_minus_plain_conditioning,min_distance,interaction,-0.05209696292877197,-0.04346269369125366,-0.00863426923751831
medium,merge_bottleneck,8,11,residual_conditioning_minus_plain_conditioning,collision,interaction,0.0,0.0,0.0
medium,merge_bottleneck,8,11,residual_conditioning_minus_plain_conditioning,safety_violation,interaction,0.0,0.0,0.0
medium,merge_bottleneck,8,11,residual_conditioning_minus_plain_conditioning,success,interaction,0.0,0.0,0.0
medium,merge_bottleneck,8,11,residual_conditioning_minus_plain_conditioning,progress_ratio,interaction,0.08367645740509033,-0.005485564470291138,0.08916202187538147
medium,merge_bottleneck,8,11,residual_conditioning_minus_plain_conditioning,final_goal_distance,interaction,-0.8668878078460693,0.05683016777038574,-0.9237179756164551
medium,merge_bottleneck,8,11,residual_conditioning_minus_plain_conditioning,completion_time,interaction,0.0,0.0,0.0
medium,merge_bottleneck,8,11,residual_conditioning_minus_plain_conditioning,min_distance,interaction,-0.05515807867050171,0.002763211727142334,-0.05792129039764404
high,merge_bottleneck,8,11,residual_conditioning_minus_plain_conditioning,collision,interaction,0.0,0.0,0.0
high,merge_bottleneck,8,11,residual_conditioning_minus_plain_conditioning,safety_violation,interaction,0.0,0.0,0.0
high,merge_bottleneck,8,11,residual_conditioning_minus_plain_conditioning,success,interaction,0.0,0.0,0.0
high,merge_bottleneck,8,11,residual_conditioning_minus_plain_conditioning,progress_ratio,interaction,0.07733862102031708,-0.061351925134658813,0.1386905461549759
high,merge_bottleneck,8,11,residual_conditioning_minus_plain_conditioning,final_goal_distance,interaction,-0.8012278079986572,0.6356058120727548,-1.436833620071412
high,merge_bottleneck,8,11,residual_conditioning_minus_plain_conditioning,completion_time,interaction,0.0,0.0,0.0
high,merge_bottleneck,8,11,residual_conditioning_minus_plain_conditioning,min_distance,interaction,-0.046285808086395264,0.09722578525543213,-0.1435115933418274
clean,four_way_stop,4,11,residual_conditioning_minus_plain_conditioning,collision,interaction,0.0,0.0,0.0
clean,four_way_stop,4,11,residual_conditioning_minus_plain_conditioning,safety_violation,interaction,0.0,0.0,0.0
clean,four_way_stop,4,11,residual_conditioning_minus_plain_conditioning,success,interaction,0.0,0.0,0.0
clean,four_way_stop,4,11,residual_conditioning_minus_plain_conditioning,progress_ratio,interaction,0.0017401454970241703,-8.984934538602829e-05,0.0018299948424101986
clean,four_way_stop,4,11,residual_conditioning_minus_plain_conditioning,final_goal_distance,interaction,-0.016668967902660314,0.0008606761693953913,-0.017529644072055706
clean,four_way_stop,4,11,residual_conditioning_minus_plain_conditioning,completion_time,interaction,0.11999999999999922,2.040000000000001,-1.9200000000000017
clean,four_way_stop,4,11,residual_conditioning_minus_plain_conditioning,min_distance,interaction,-0.21801412105560303,0.07594668865203857,-0.2939608097076416
low,four_way_stop,4,11,residual_conditioning_minus_plain_conditioning,collision,interaction,0.0,0.0,0.0
low,four_way_stop,4,11,residual_conditioning_minus_plain_conditioning,safety_violation,interaction,0.0,0.0,0.0
low,four_way_stop,4,11,residual_conditioning_minus_plain_conditioning,success,interaction,0.0,0.0,0.0
low,four_way_stop,4,11,residual_conditioning_minus_plain_conditioning,progress_ratio,interaction,0.000984865240752586,8.032657206058502e-05,0.000904538668692001
low,four_way_stop,4,11,residual_conditioning_minus_plain_conditioning,final_goal_distance,interaction,-0.009434089064598097,-0.0007694512605667947,-0.008664637804031303
low,four_way_stop,4,11,residual_conditioning_minus_plain_conditioning,completion_time,interaction,-0.5999999999999996,-0.35999999999999943,-0.2400000000000002
low,four_way_stop,4,11,residual_conditioning_minus_plain_conditioning,min_distance,interaction,-0.06634151935577393,-0.004931032657623291,-0.061410486698150635
medium,four_way_stop,4,11,residual_conditioning_minus_plain_conditioning,collision,interaction,0.0,0.0,0.0
medium,four_way_stop,4,11,residual_conditioning_minus_plain_conditioning,safety_violation,interaction,0.0,0.0,0.0
medium,four_way_stop,4,11,residual_conditioning_minus_plain_conditioning,success,interaction,0.0,0.0,0.0
medium,four_way_stop,4,11,residual_conditioning_minus_plain_conditioning,progress_ratio,interaction,-0.0018479162827134132,0.0010168757289648056,-0.002864792011678219
medium,four_way_stop,4,11,residual_conditioning_minus_plain_conditioning,final_goal_distance,interaction,0.017701312899589594,-0.009740725159645011,0.027442038059234605
medium,four_way_stop,4,11,residual_conditioning_minus_plain_conditioning,completion_time,interaction,-0.47999999999999865,-1.8000000000000007,1.320000000000002
medium,four_way_stop,4,11,residual_conditioning_minus_plain_conditioning,min_distance,interaction,-0.10907703638076782,-0.20132768154144287,0.09225064516067505
high,four_way_stop,4,11,residual_conditioning_minus_plain_conditioning,collision,interaction,0.0,0.0,0.0
high,four_way_stop,4,11,residual_conditioning_minus_plain_conditioning,safety_violation,interaction,0.0,0.0,0.0
high,four_way_stop,4,11,residual_conditioning_minus_plain_conditioning,success,interaction,0.0,0.0,0.0
high,four_way_stop,4,11,residual_conditioning_minus_plain_conditioning,progress_ratio,interaction,-0.0016614720225334167,-0.0036262618377805866,0.00196478981524717
high,four_way_stop,4,11,residual_conditioning_minus_plain_conditioning,final_goal_distance,interaction,0.015915349125862094,0.0347362011671067,-0.018820852041244604
high,four_way_stop,4,11,residual_conditioning_minus_plain_conditioning,completion_time,interaction,0.0,0.2400000000000002,-0.2400000000000002
high,four_way_stop,4,11,residual_conditioning_minus_plain_conditioning,min_distance,interaction,-0.0921095609664917,-0.01712435483932495,-0.07498520612716675
clean,four_way_stop,8,11,residual_conditioning_minus_plain_conditioning,collision,interaction,0.0,0.0,0.0
clean,four_way_stop,8,11,residual_conditioning_minus_plain_conditioning,safety_violation,interaction,0.0,0.0,0.0
clean,four_way_stop,8,11,residual_conditioning_minus_plain_conditioning,success,interaction,0.0,0.0,0.0
clean,four_way_stop,8,11,residual_conditioning_minus_plain_conditioning,progress_ratio,interaction,0.003071701154112816,-0.0024094879627227783,0.005481189116835594
clean,four_way_stop,8,11,residual_conditioning_minus_plain_conditioning,final_goal_distance,interaction,-0.029413729906082098,0.023072570562362588,-0.052486300468444685
clean,four_way_stop,8,11,residual_conditioning_minus_plain_conditioning,completion_time,interaction,-4.68,-2.6400000000000006,-2.039999999999999
clean,four_way_stop,8,11,residual_conditioning_minus_plain_conditioning,min_distance,interaction,-0.010404109954833984,-0.14061784744262695,0.13021373748779297
low,four_way_stop,8,11,residual_conditioning_minus_plain_conditioning,collision,interaction,0.0,0.0,0.0
low,four_way_stop,8,11,residual_conditioning_minus_plain_conditioning,safety_violation,interaction,0.0,0.0,0.0
low,four_way_stop,8,11,residual_conditioning_minus_plain_conditioning,success,interaction,1.0,1.0,0.0
low,four_way_stop,8,11,residual_conditioning_minus_plain_conditioning,progress_ratio,interaction,0.013094844296574593,0.006388716399669536,0.006706127896905056
low,four_way_stop,8,11,residual_conditioning_minus_plain_conditioning,final_goal_distance,interaction,-0.1253924518823624,-0.06117650866508478,-0.06421594321727761
low,four_way_stop,8,11,residual_conditioning_minus_plain_conditioning,completion_time,interaction,-13.079999999999998,-14.04,0.9600000000000009
low,four_way_stop,8,11,residual_conditioning_minus_plain_conditioning,min_distance,interaction,-0.04584169387817383,0.004514336585998535,-0.05035603046417236
medium,four_way_stop,8,11,residual_conditioning_minus_plain_conditioning,collision,interaction,0.0,0.0,0.0
medium,four_way_stop,8,11,residual_conditioning_minus_plain_conditioning,safety_violation,interaction,0.0,0.0,0.0
medium,four_way_stop,8,11,residual_conditioning_minus_plain_conditioning,success,interaction,1.0,1.0,0.0
medium,four_way_stop,8,11,residual_conditioning_minus_plain_conditioning,progress_ratio,interaction,0.00046978890895832404,0.004022199660539516,-0.003552410751581192
medium,four_way_stop,8,11,residual_conditioning_minus_plain_conditioning,final_goal_distance,interaction,-0.004498571157455389,-0.038515418767929105,0.034016847610473716
medium,four_way_stop,8,11,residual_conditioning_minus_plain_conditioning,completion_time,interaction,-15.36,-8.64,-6.719999999999999
medium,four_way_stop,8,11,residual_conditioning_minus_plain_conditioning,min_distance,interaction,-0.06229346990585327,-0.05014598369598389,-0.012147486209869385
high,four_way_stop,8,11,residual_conditioning_minus_plain_conditioning,collision,interaction,0.0,0.0,0.0
high,four_way_stop,8,11,residual_conditioning_minus_plain_conditioning,safety_violation,interaction,0.0,0.0,0.0
high,four_way_stop,8,11,residual_conditioning_minus_plain_conditioning,success,interaction,0.0,0.0,0.0
high,four_way_stop,8,11,residual_conditioning_minus_plain_conditioning,progress_ratio,interaction,-0.0023102648556232452,-0.0012630168348549686,-0.0010472480207682766
high,four_way_stop,8,11,residual_conditioning_minus_plain_conditioning,final_goal_distance,interaction,0.022122442722320584,0.01209427416324621,0.010028168559074374
high,four_way_stop,8,11,residual_conditioning_minus_plain_conditioning,completion_time,interaction,-10.56,1.0799999999999983,-11.639999999999999
high,four_way_stop,8,11,residual_conditioning_minus_plain_conditioning,min_distance,interaction,-0.036769330501556396,-0.011534392833709717,-0.02523493766784668
clean,corridor,4,12,residual_conditioning_minus_plain_conditioning,collision,interaction,0.0,0.0,0.0
clean,corridor,4,12,residual_conditioning_minus_plain_conditioning,safety_violation,interaction,0.0,0.0,0.0
clean,corridor,4,12,residual_conditioning_minus_plain_conditioning,success,interaction,0.0,0.0,0.0
clean,corridor,4,12,residual_conditioning_minus_plain_conditioning,progress_ratio,interaction,0.006114182062447182,0.006257233209908009,-0.00014305114746082648
clean,corridor,4,12,residual_conditioning_minus_plain_conditioning,final_goal_distance,interaction,-0.06258867681026459,-0.06405303627252579,0.0014643594622612
clean,corridor,4,12,residual_conditioning_minus_plain_conditioning,completion_time,interaction,3.24,3.24,0.0
clean,corridor,4,12,residual_conditioning_minus_plain_conditioning,min_distance,interaction,0.19246834516525269,-0.1585744023323059,0.3510427474975586
low,corridor,4,12,residual_conditioning_minus_plain_conditioning,collision,interaction,0.0,0.0,0.0
low,corridor,4,12,residual_conditioning_minus_plain_conditioning,safety_violation,interaction,0.0,0.0,0.0
low,corridor,4,12,residual_conditioning_minus_plain_conditioning,success,interaction,0.0,0.0,0.0
low,corridor,4,12,residual_conditioning_minus_plain_conditioning,progress_ratio,interaction,0.002348511479794979,0.00034394767135359494,0.002004563808441384
low,corridor,4,12,residual_conditioning_minus_plain_conditioning,final_goal_distance,interaction,-0.024040855467319502,-0.003520861268043504,-0.020519994199275998
low,corridor,4,12,residual_conditioning_minus_plain_conditioning,completion_time,interaction,1.6799999999999997,0.7200000000000006,0.9599999999999991
low,corridor,4,12,residual_conditioning_minus_plain_conditioning,min_distance,interaction,0.03364592790603638,-0.0976330041885376,0.13127893209457397
medium,corridor,4,12,residual_conditioning_minus_plain_conditioning,collision,interaction,0.0,0.0,0.0
medium,corridor,4,12,residual_conditioning_minus_plain_conditioning,safety_violation,interaction,0.0,0.0,0.0
medium,corridor,4,12,residual_conditioning_minus_plain_conditioning,success,interaction,0.0,0.0,0.0
medium,corridor,4,12,residual_conditioning_minus_plain_conditioning,progress_ratio,interaction,-0.0001195585355164841,-0.005184425041079632,0.005064866505563148
medium,corridor,4,12,residual_conditioning_minus_plain_conditioning,final_goal_distance,interaction,0.0012238770723342896,0.05307108163833621,-0.05184720456600192
medium,corridor,4,12,residual_conditioning_minus_plain_conditioning,completion_time,interaction,0.11999999999999922,-2.4000000000000004,2.5199999999999996
medium,corridor,4,12,residual_conditioning_minus_plain_conditioning,min_distance,interaction,-0.011978983879089355,0.15868240594863892,-0.17066138982772827
high,corridor,4,12,residual_conditioning_minus_plain_conditioning,collision,interaction,0.0,0.0,0.0
high,corridor,4,12,residual_conditioning_minus_plain_conditioning,safety_violation,interaction,0.0,0.0,0.0
high,corridor,4,12,residual_conditioning_minus_plain_conditioning,success,interaction,0.0,0.0,0.0
high,corridor,4,12,residual_conditioning_minus_plain_conditioning,progress_ratio,interaction,0.002282252535223961,-0.0024963347241282463,0.004778587259352207
high,corridor,4,12,residual_conditioning_minus_plain_conditioning,final_goal_distance,interaction,-0.023362591862678583,0.025554075837135384,-0.04891666769981397
high,corridor,4,12,residual_conditioning_minus_plain_conditioning,completion_time,interaction,-0.23999999999999844,-1.8000000000000007,1.5600000000000023
high,corridor,4,12,residual_conditioning_minus_plain_conditioning,min_distance,interaction,-0.078427255153656,0.03584694862365723,-0.11427420377731323
clean,corridor,8,12,residual_conditioning_minus_plain_conditioning,collision,interaction,0.0,0.0,0.0
clean,corridor,8,12,residual_conditioning_minus_plain_conditioning,safety_violation,interaction,0.0,0.0,0.0
clean,corridor,8,12,residual_conditioning_minus_plain_conditioning,success,interaction,0.0,0.0,0.0
clean,corridor,8,12,residual_conditioning_minus_plain_conditioning,progress_ratio,interaction,0.011922527104616165,0.015944331884384266,-0.004021804779768101
clean,corridor,8,12,residual_conditioning_minus_plain_conditioning,final_goal_distance,interaction,-0.12065768241882324,-0.16135883331298828,0.04070115089416504
clean,corridor,8,12,residual_conditioning_minus_plain_conditioning,completion_time,interaction,0.0,0.0,0.0
clean,corridor,8,12,residual_conditioning_minus_plain_conditioning,min_distance,interaction,0.00048351287841796875,0.03889971971511841,-0.03841620683670044
low,corridor,8,12,residual_conditioning_minus_plain_conditioning,collision,interaction,-1.0,0.0,-1.0
low,corridor,8,12,residual_conditioning_minus_plain_conditioning,safety_violation,interaction,-1.0,-1.0,0.0
low,corridor,8,12,residual_conditioning_minus_plain_conditioning,success,interaction,0.0,0.0,0.0
low,corridor,8,12,residual_conditioning_minus_plain_conditioning,progress_ratio,interaction,-0.010573871433734894,-0.015486545860767253,0.00491267442703236
low,corridor,8,12,residual_conditioning_minus_plain_conditioning,final_goal_distance,interaction,0.10700905323028564,0.15672600269317627,-0.049716949462890625
low,corridor,8,12,residual_conditioning_minus_plain_conditioning,completion_time,interaction,0.0,0.0,0.0
low,corridor,8,12,residual_conditioning_minus_plain_conditioning,min_distance,interaction,0.22953632473945618,0.13911756873130798,0.0904187560081482
medium,corridor,8,12,residual_conditioning_minus_plain_conditioning,collision,interaction,0.0,0.0,0.0
medium,corridor,8,12,residual_conditioning_minus_plain_conditioning,safety_violation,interaction,0.0,0.0,0.0
medium,corridor,8,12,residual_conditioning_minus_plain_conditioning,success,interaction,0.0,0.0,0.0
medium,corridor,8,12,residual_conditioning_minus_plain_conditioning,progress_ratio,interaction,-0.00916077196598053,0.0017375759780408062,-0.010898347944021336
medium,corridor,8,12,residual_conditioning_minus_plain_conditioning,final_goal_distance,interaction,0.09270834922790527,-0.017584502696990967,0.11029285192489624
medium,corridor,8,12,residual_conditioning_minus_plain_conditioning,completion_time,interaction,0.0,0.0,0.0
medium,corridor,8,12,residual_conditioning_minus_plain_conditioning,min_distance,interaction,-0.034214138984680176,0.029319286346435547,-0.06353342533111572
high,corridor,8,12,residual_conditioning_minus_plain_conditioning,collision,interaction,0.0,0.0,0.0
high,corridor,8,12,residual_conditioning_minus_plain_conditioning,safety_violation,interaction,0.0,0.0,0.0
high,corridor,8,12,residual_conditioning_minus_plain_conditioning,success,interaction,0.0,0.0,0.0
high,corridor,8,12,residual_conditioning_minus_plain_conditioning,progress_ratio,interaction,-0.005431085824966431,-0.0006428360939025879,-0.004788249731063843
high,corridor,8,12,residual_conditioning_minus_plain_conditioning,final_goal_distance,interaction,0.05496335029602051,0.00650554895401001,0.0484578013420105
high,corridor,8,12,residual_conditioning_minus_plain_conditioning,completion_time,interaction,0.0,0.0,0.0
high,corridor,8,12,residual_conditioning_minus_plain_conditioning,min_distance,interaction,0.05661463737487793,0.037013888359069824,0.019600749015808105
clean,narrow_gate,4,12,residual_conditioning_minus_plain_conditioning,collision,interaction,0.0,0.0,0.0
clean,narrow_gate,4,12,residual_conditioning_minus_plain_conditioning,safety_violation,interaction,0.0,0.0,0.0
clean,narrow_gate,4,12,residual_conditioning_minus_plain_conditioning,success,interaction,0.0,0.0,0.0
clean,narrow_gate,4,12,residual_conditioning_minus_plain_conditioning,progress_ratio,interaction,-0.18990236520767212,0.0010130852460861206,-0.19091545045375824
clean,narrow_gate,4,12,residual_conditioning_minus_plain_conditioning,final_goal_distance,interaction,2.0155398845672607,-0.01075243949890159,2.026292324066162
clean,narrow_gate,4,12,residual_conditioning_minus_plain_conditioning,completion_time,interaction,0.0,0.0,0.0
clean,narrow_gate,4,12,residual_conditioning_minus_plain_conditioning,min_distance,interaction,0.015730442477953077,-0.004808524652244461,0.02053896713019754
low,narrow_gate,4,12,residual_conditioning_minus_plain_conditioning,collision,interaction,0.0,0.0,0.0
low,narrow_gate,4,12,residual_conditioning_minus_plain_conditioning,safety_violation,interaction,0.0,0.0,0.0
low,narrow_gate,4,12,residual_conditioning_minus_plain_conditioning,success,interaction,0.0,0.0,0.0
low,narrow_gate,4,12,residual_conditioning_minus_plain_conditioning,progress_ratio,interaction,0.0002536363899707794,0.018173694610595703,-0.017920058220624924
low,narrow_gate,4,12,residual_conditioning_minus_plain_conditioning,final_goal_distance,interaction,-0.0026919841766357006,-0.192887663841248,0.19019567966461232
low,narrow_gate,4,12,residual_conditioning_minus_plain_conditioning,completion_time,interaction,3.4800000000000004,0.0,3.4800000000000004
low,narrow_gate,4,12,residual_conditioning_minus_plain_conditioning,min_distance,interaction,-0.0013585535751023947,-0.012097961461712048,0.010739407886609653
medium,narrow_gate,4,12,residual_conditioning_minus_plain_conditioning,collision,interaction,0.0,0.0,0.0
medium,narrow_gate,4,12,residual_conditioning_minus_plain_conditioning,safety_violation,interaction,0.0,0.0,0.0
medium,narrow_gate,4,12,residual_conditioning_minus_plain_conditioning,success,interaction,-1.0,0.0,-1.0
medium,narrow_gate,4,12,residual_conditioning_minus_plain_conditioning,progress_ratio,interaction,-0.14847454149276007,0.18035563826560974,-0.3288301797583698
medium,narrow_gate,4,12,residual_conditioning_minus_plain_conditioning,final_goal_distance,interaction,1.5758432000875473,-1.914215326309204,3.4900585263967514
medium,narrow_gate,4,12,residual_conditioning_minus_plain_conditioning,completion_time,interaction,3.599999999999998,0.0,3.599999999999998
medium,narrow_gate,4,12,residual_conditioning_minus_plain_conditioning,min_distance,interaction,-0.002217395213883755,0.04320120235581126,-0.04541859756969502
high,narrow_gate,4,12,residual_conditioning_minus_plain_conditioning,collision,interaction,0.0,0.0,0.0
high,narrow_gate,4,12,residual_conditioning_minus_plain_conditioning,safety_violation,interaction,0.0,0.0,0.0
high,narrow_gate,4,12,residual_conditioning_minus_plain_conditioning,success,interaction,1.0,1.0,0.0
high,narrow_gate,4,12,residual_conditioning_minus_plain_conditioning,progress_ratio,interaction,0.15548687428236008,0.14991272520273935,0.005574149079620727
high,narrow_gate,4,12,residual_conditioning_minus_plain_conditioning,final_goal_distance,interaction,-1.6502690762281418,-1.5911075621843338,-0.05916151404380798
high,narrow_gate,4,12,residual_conditioning_minus_plain_conditioning,completion_time,interaction,-4.799999999999997,-8.399999999999999,3.6000000000000014
high,narrow_gate,4,12,residual_conditioning_minus_plain_conditioning,min_distance,interaction,0.04723471403121948,0.001955987033560924,0.04527872699765856
clean,narrow_gate,8,12,residual_conditioning_minus_plain_conditioning,collision,interaction,0.0,0.0,0.0
clean,narrow_gate,8,12,residual_conditioning_minus_plain_conditioning,safety_violation,interaction,0.0,0.0,0.0
clean,narrow_gate,8,12,residual_conditioning_minus_plain_conditioning,success,interaction,0.0,0.0,0.0
clean,narrow_gate,8,12,residual_conditioning_minus_plain_conditioning,progress_ratio,interaction,-0.5122846513986588,0.1364632099866867,-0.6487478613853455
clean,narrow_gate,8,12,residual_conditioning_minus_plain_conditioning,final_goal_distance,interaction,5.335596561431885,-1.4213047027587895,6.756901264190674
clean,narrow_gate,8,12,residual_conditioning_minus_plain_conditioning,completion_time,interaction,0.0,0.0,0.0
clean,narrow_gate,8,12,residual_conditioning_minus_plain_conditioning,min_distance,interaction,0.1150062084197998,-0.10248130559921265,0.21748751401901245
low,narrow_gate,8,12,residual_conditioning_minus_plain_conditioning,collision,interaction,0.0,0.0,0.0
low,narrow_gate,8,12,residual_conditioning_minus_plain_conditioning,safety_violation,interaction,0.0,0.0,0.0
low,narrow_gate,8,12,residual_conditioning_minus_plain_conditioning,success,interaction,0.0,0.0,0.0
low,narrow_gate,8,12,residual_conditioning_minus_plain_conditioning,progress_ratio,interaction,-0.030242934823036194,0.10701006650924683,-0.13725300133228302
low,narrow_gate,8,12,residual_conditioning_minus_plain_conditioning,final_goal_distance,interaction,0.3149890899658203,-1.1145415306091313,1.4295306205749516
low,narrow_gate,8,12,residual_conditioning_minus_plain_conditioning,completion_time,interaction,0.0,0.0,0.0
low,narrow_gate,8,12,residual_conditioning_minus_plain_conditioning,min_distance,interaction,-0.004492461681365967,0.05322682857513428,-0.057719290256500244
medium,narrow_gate,8,12,residual_conditioning_minus_plain_conditioning,collision,interaction,0.0,0.0,0.0
medium,narrow_gate,8,12,residual_conditioning_minus_plain_conditioning,safety_violation,interaction,0.0,0.0,0.0
medium,narrow_gate,8,12,residual_conditioning_minus_plain_conditioning,success,interaction,0.0,0.0,0.0
medium,narrow_gate,8,12,residual_conditioning_minus_plain_conditioning,progress_ratio,interaction,0.017236366868019104,-0.0962308794260025,0.1134672462940216
medium,narrow_gate,8,12,residual_conditioning_minus_plain_conditioning,final_goal_distance,interaction,-0.17952179908752441,1.0022732019424438,-1.1817950010299683
medium,narrow_gate,8,12,residual_conditioning_minus_plain_conditioning,completion_time,interaction,0.0,0.0,0.0
medium,narrow_gate,8,12,residual_conditioning_minus_plain_conditioning,min_distance,interaction,-0.05904501676559448,0.0030295848846435547,-0.06207460165023804
high,narrow_gate,8,12,residual_conditioning_minus_plain_conditioning,collision,interaction,0.0,0.0,0.0
high,narrow_gate,8,12,residual_conditioning_minus_plain_conditioning,safety_violation,interaction,0.0,0.0,0.0
high,narrow_gate,8,12,residual_conditioning_minus_plain_conditioning,success,interaction,0.0,0.0,0.0
high,narrow_gate,8,12,residual_conditioning_minus_plain_conditioning,progress_ratio,interaction,0.163638174533844,0.024539783596992493,0.1390983909368515
high,narrow_gate,8,12,residual_conditioning_minus_plain_conditioning,final_goal_distance,interaction,-1.7043402194976809,-0.2555891275405884,-1.4487510919570925
high,narrow_gate,8,12,residual_conditioning_minus_plain_conditioning,completion_time,interaction,0.0,0.0,0.0
high,narrow_gate,8,12,residual_conditioning_minus_plain_conditioning,min_distance,interaction,0.036376893520355225,0.026602983474731445,0.00977391004562378
clean,merge_bottleneck,4,12,residual_conditioning_minus_plain_conditioning,collision,interaction,0.0,0.0,0.0
clean,merge_bottleneck,4,12,residual_conditioning_minus_plain_conditioning,safety_violation,interaction,0.0,0.0,0.0
clean,merge_bottleneck,4,12,residual_conditioning_minus_plain_conditioning,success,interaction,0.0,0.0,0.0
clean,merge_bottleneck,4,12,residual_conditioning_minus_plain_conditioning,progress_ratio,interaction,-0.00395696237683274,-0.012940436601638794,0.008983474224806054
clean,merge_bottleneck,4,12,residual_conditioning_minus_plain_conditioning,final_goal_distance,interaction,0.04100984334945679,0.13411426544189453,-0.09310442209243774
clean,merge_bottleneck,4,12,residual_conditioning_minus_plain_conditioning,completion_time,interaction,0.0,0.0,0.0
clean,merge_bottleneck,4,12,residual_conditioning_minus_plain_conditioning,min_distance,interaction,0.10072329759597776,-0.07467317581176758,0.17539647340774533
low,merge_bottleneck,4,12,residual_conditioning_minus_plain_conditioning,collision,interaction,0.0,0.0,0.0
low,merge_bottleneck,4,12,residual_conditioning_minus_plain_conditioning,safety_violation,interaction,0.0,0.0,0.0
low,merge_bottleneck,4,12,residual_conditioning_minus_plain_conditioning,success,interaction,0.0,0.0,0.0
low,merge_bottleneck,4,12,residual_conditioning_minus_plain_conditioning,progress_ratio,interaction,-0.017374694347381592,-0.004186343401670567,-0.013188350945711025
low,merge_bottleneck,4,12,residual_conditioning_minus_plain_conditioning,final_goal_distance,interaction,0.18007075786590576,0.04338711500167847,0.1366836428642273
low,merge_bottleneck,4,12,residual_conditioning_minus_plain_conditioning,completion_time,interaction,0.0,0.0,0.0
low,merge_bottleneck,4,12,residual_conditioning_minus_plain_conditioning,min_distance,interaction,-0.0704194080829621,-0.19356638193130493,0.12314697384834283
medium,merge_bottleneck,4,12,residual_conditioning_minus_plain_conditioning,collision,interaction,0.0,0.0,0.0
medium,merge_bottleneck,4,12,residual_conditioning_minus_plain_conditioning,safety_violation,interaction,0.0,0.0,0.0
medium,merge_bottleneck,4,12,residual_conditioning_minus_plain_conditioning,success,interaction,0.0,0.0,0.0
medium,merge_bottleneck,4,12,residual_conditioning_minus_plain_conditioning,progress_ratio,interaction,-0.005866985768079758,0.0022436529397964478,-0.008110638707876205
medium,merge_bottleneck,4,12,residual_conditioning_minus_plain_conditioning,final_goal_distance,interaction,0.06080526113510132,-0.023253202438354492,0.08405846357345581
medium,merge_bottleneck,4,12,residual_conditioning_minus_plain_conditioning,completion_time,interaction,0.0,0.0,0.0
medium,merge_bottleneck,4,12,residual_conditioning_minus_plain_conditioning,min_distance,interaction,-2.633588302991541e-07,2.0826695845910237e-05,-2.109005467620939e-05
high,merge_bottleneck,4,12,residual_conditioning_minus_plain_conditioning,collision,interaction,0.0,0.0,0.0
high,merge_bottleneck,4,12,residual_conditioning_minus_plain_conditioning,safety_violation,interaction,0.0,0.0,0.0
high,merge_bottleneck,4,12,residual_conditioning_minus_plain_conditioning,success,interaction,0.0,0.0,0.0
high,merge_bottleneck,4,12,residual_conditioning_minus_plain_conditioning,progress_ratio,interaction,0.03355899825692177,0.03414230048656475,-0.0005833022296429791
high,merge_bottleneck,4,12,residual_conditioning_minus_plain_conditioning,final_goal_distance,interaction,-0.34780436754226685,-0.35384970903396595,0.006045341491699108
high,merge_bottleneck,4,12,residual_conditioning_minus_plain_conditioning,completion_time,interaction,0.0,0.0,0.0
high,merge_bottleneck,4,12,residual_conditioning_minus_plain_conditioning,min_distance,interaction,-0.17891273021697995,-0.08730876166463608,-0.09160396855234387
clean,merge_bottleneck,8,12,residual_conditioning_minus_plain_conditioning,collision,interaction,0.0,0.0,0.0
clean,merge_bottleneck,8,12,residual_conditioning_minus_plain_conditioning,safety_violation,interaction,0.0,-1.0,1.0
clean,merge_bottleneck,8,12,residual_conditioning_minus_plain_conditioning,success,interaction,0.0,0.0,0.0
clean,merge_bottleneck,8,12,residual_conditioning_minus_plain_conditioning,progress_ratio,interaction,0.023595616221427917,-0.05595634877681732,0.07955196499824524
clean,merge_bottleneck,8,12,residual_conditioning_minus_plain_conditioning,final_goal_distance,interaction,-0.24437189102172852,0.5795209407806399,-0.8238928318023684
clean,merge_bottleneck,8,12,residual_conditioning_minus_plain_conditioning,completion_time,interaction,0.0,0.0,0.0
clean,merge_bottleneck,8,12,residual_conditioning_minus_plain_conditioning,min_distance,interaction,-0.08429741859436035,0.12469920516014099,-0.20899662375450134
low,merge_bottleneck,8,12,residual_conditioning_minus_plain_conditioning,collision,interaction,0.0,0.0,0.0
low,merge_bottleneck,8,12,residual_conditioning_minus_plain_conditioning,safety_violation,interaction,0.0,-1.0,1.0
low,merge_bottleneck,8,12,residual_conditioning_minus_plain_conditioning,success,interaction,0.0,0.0,0.0
low,merge_bottleneck,8,12,residual_conditioning_minus_plain_conditioning,progress_ratio,interaction,-0.10801959037780762,-0.026183515787124634,-0.08183607459068298
low,merge_bottleneck,8,12,residual_conditioning_minus_plain_conditioning,final_goal_distance,interaction,1.118722319602966,0.2711739540100102,0.8475483655929559
low,merge_bottleneck,8,12,residual_conditioning_minus_plain_conditioning,completion_time,interaction,0.0,0.0,0.0
low,merge_bottleneck,8,12,residual_conditioning_minus_plain_conditioning,min_distance,interaction,-0.07218009233474731,0.07257986068725586,-0.14475995302200317
medium,merge_bottleneck,8,12,residual_conditioning_minus_plain_conditioning,collision,interaction,0.0,-1.0,1.0
medium,merge_bottleneck,8,12,residual_conditioning_minus_plain_conditioning,safety_violation,interaction,0.0,-1.0,1.0
medium,merge_bottleneck,8,12,residual_conditioning_minus_plain_conditioning,success,interaction,0.0,0.0,0.0
medium,merge_bottleneck,8,12,residual_conditioning_minus_plain_conditioning,progress_ratio,interaction,-0.0037769675254821777,0.047014012932777405,-0.05079098045825958
medium,merge_bottleneck,8,12,residual_conditioning_minus_plain_conditioning,final_goal_distance,interaction,0.0391168594360356,-0.4869084358215332,0.5260252952575688
medium,merge_bottleneck,8,12,residual_conditioning_minus_plain_conditioning,completion_time,interaction,0.0,0.0,0.0
medium,merge_bottleneck,8,12,residual_conditioning_minus_plain_conditioning,min_distance,interaction,-0.02709406614303589,0.23519474267959595,-0.26228880882263184
high,merge_bottleneck,8,12,residual_conditioning_minus_plain_conditioning,collision,interaction,0.0,0.0,0.0
high,merge_bottleneck,8,12,residual_conditioning_minus_plain_conditioning,safety_violation,interaction,0.0,0.0,0.0
high,merge_bottleneck,8,12,residual_conditioning_minus_plain_conditioning,success,interaction,0.0,0.0,0.0
high,merge_bottleneck,8,12,residual_conditioning_minus_plain_conditioning,progress_ratio,interaction,-0.042330384254455566,-0.015744298696517944,-0.026586085557937622
high,merge_bottleneck,8,12,residual_conditioning_minus_plain_conditioning,final_goal_distance,interaction,0.4384016990661621,0.16305828094482422,0.2753434181213379
high,merge_bottleneck,8,12,residual_conditioning_minus_plain_conditioning,completion_time,interaction,0.0,0.0,0.0
high,merge_bottleneck,8,12,residual_conditioning_minus_plain_conditioning,min_distance,interaction,-0.06102645397186279,0.11935210227966309,-0.18037855625152588
clean,four_way_stop,4,12,residual_conditioning_minus_plain_conditioning,collision,interaction,0.0,0.0,0.0
clean,four_way_stop,4,12,residual_conditioning_minus_plain_conditioning,safety_violation,interaction,0.0,0.0,0.0
clean,four_way_stop,4,12,residual_conditioning_minus_plain_conditioning,success,interaction,0.0,0.0,0.0
clean,four_way_stop,4,12,residual_conditioning_minus_plain_conditioning,progress_ratio,interaction,0.001061316579580418,-0.006547241471707932,0.00760855805128835
clean,four_way_stop,4,12,residual_conditioning_minus_plain_conditioning,final_goal_distance,interaction,-0.010191202163696289,0.0628693103790284,-0.07306051254272469
clean,four_way_stop,4,12,residual_conditioning_minus_plain_conditioning,completion_time,interaction,0.2400000000000002,-0.3600000000000012,0.6000000000000014
clean,four_way_stop,4,12,residual_conditioning_minus_plain_conditioning,min_distance,interaction,0.019189953804016335,0.10401272773742676,-0.08482277393341042
low,four_way_stop,4,12,residual_conditioning_minus_plain_conditioning,collision,interaction,0.0,0.0,0.0
low,four_way_stop,4,12,residual_conditioning_minus_plain_conditioning,safety_violation,interaction,0.0,0.0,0.0
low,four_way_stop,4,12,residual_conditioning_minus_plain_conditioning,success,interaction,0.0,0.0,0.0
low,four_way_stop,4,12,residual_conditioning_minus_plain_conditioning,progress_ratio,interaction,0.004957307130098343,-0.0006981939077376209,0.005655501037835964
low,four_way_stop,4,12,residual_conditioning_minus_plain_conditioning,final_goal_distance,interaction,-0.0476020872592926,0.006704345345497104,-0.054306432604789706
low,four_way_stop,4,12,residual_conditioning_minus_plain_conditioning,completion_time,interaction,0.11999999999999922,-0.7199999999999989,0.8399999999999981
low,four_way_stop,4,12,residual_conditioning_minus_plain_conditioning,min_distance,interaction,0.11116534471511841,-0.0038863420486450195,0.11505168676376343
medium,four_way_stop,4,12,residual_conditioning_minus_plain_conditioning,collision,interaction,0.0,0.0,0.0
medium,four_way_stop,4,12,residual_conditioning_minus_plain_conditioning,safety_violation,interaction,0.0,0.0,0.0
medium,four_way_stop,4,12,residual_conditioning_minus_plain_conditioning,success,interaction,0.0,0.0,0.0
medium,four_way_stop,4,12,residual_conditioning_minus_plain_conditioning,progress_ratio,interaction,8.188560605060236e-05,-0.0013363435864448547,0.001418229192495457
medium,four_way_stop,4,12,residual_conditioning_minus_plain_conditioning,final_goal_distance,interaction,-0.0007863044738768976,0.012832120060920799,-0.013618424534797696
medium,four_way_stop,4,12,residual_conditioning_minus_plain_conditioning,completion_time,interaction,0.4800000000000004,-0.35999999999999943,0.8399999999999999
medium,four_way_stop,4,12,residual_conditioning_minus_plain_conditioning,min_distance,interaction,-0.010344326496124268,-0.0013096332550048828,-0.009034693241119385
high,four_way_stop,4,12,residual_conditioning_minus_plain_conditioning,collision,interaction,0.0,0.0,0.0
high,four_way_stop,4,12,residual_conditioning_minus_plain_conditioning,safety_violation,interaction,0.0,0.0,0.0
high,four_way_stop,4,12,residual_conditioning_minus_plain_conditioning,success,interaction,0.0,0.0,0.0
high,four_way_stop,4,12,residual_conditioning_minus_plain_conditioning,progress_ratio,interaction,-0.00019810348749149664,-0.00034531019628059045,0.0001472067087890938
high,four_way_stop,4,12,residual_conditioning_minus_plain_conditioning,final_goal_distance,interaction,0.001902267336845398,0.003315806388854897,-0.0014135390520094993
high,four_way_stop,4,12,residual_conditioning_minus_plain_conditioning,completion_time,interaction,0.3600000000000012,0.11999999999999922,0.240000000000002
high,four_way_stop,4,12,residual_conditioning_minus_plain_conditioning,min_distance,interaction,-0.12465041875839222,-0.011546015739440807,-0.11310440301895142
clean,four_way_stop,8,12,residual_conditioning_minus_plain_conditioning,collision,interaction,0.0,0.0,0.0
clean,four_way_stop,8,12,residual_conditioning_minus_plain_conditioning,safety_violation,interaction,0.0,0.0,0.0
clean,four_way_stop,8,12,residual_conditioning_minus_plain_conditioning,success,interaction,1.0,0.0,1.0
clean,four_way_stop,8,12,residual_conditioning_minus_plain_conditioning,progress_ratio,interaction,0.00885174423456181,0.0009552072733641781,0.007896536961197631
clean,four_way_stop,8,12,residual_conditioning_minus_plain_conditioning,final_goal_distance,interaction,-0.08493912220001221,-0.009165927767753601,-0.0757731944322586
clean,four_way_stop,8,12,residual_conditioning_minus_plain_conditioning,completion_time,interaction,-8.04,-3.84,-4.199999999999999
clean,four_way_stop,8,12,residual_conditioning_minus_plain_conditioning,min_distance,interaction,0.010183393955230713,0.025387048721313477,-0.015203654766082764
low,four_way_stop,8,12,residual_conditioning_minus_plain_conditioning,collision,interaction,0.0,0.0,0.0
low,four_way_stop,8,12,residual_conditioning_minus_plain_conditioning,safety_violation,interaction,0.0,0.0,0.0
low,four_way_stop,8,12,residual_conditioning_minus_plain_conditioning,success,interaction,0.0,0.0,0.0
low,four_way_stop,8,12,residual_conditioning_minus_plain_conditioning,progress_ratio,interaction,0.0004715099930764355,-0.0005580466240644455,0.001029556617140881
low,four_way_stop,8,12,residual_conditioning_minus_plain_conditioning,final_goal_distance,interaction,-0.004524499177932795,0.005354881286621094,-0.009879380464553889
low,four_way_stop,8,12,residual_conditioning_minus_plain_conditioning,completion_time,interaction,-3.5999999999999996,3.119999999999999,-6.719999999999999
low,four_way_stop,8,12,residual_conditioning_minus_plain_conditioning,min_distance,interaction,-0.104209303855896,-0.019371509552001953,-0.08483779430389404
medium,four_way_stop,8,12,residual_conditioning_minus_plain_conditioning,collision,interaction,0.0,0.0,0.0
medium,four_way_stop,8,12,residual_conditioning_minus_plain_conditioning,safety_violation,interaction,0.0,0.0,0.0
medium,four_way_stop,8,12,residual_conditioning_minus_plain_conditioning,success,interaction,0.0,0.0,0.0
medium,four_way_stop,8,12,residual_conditioning_minus_plain_conditioning,progress_ratio,interaction,-0.0016231462359428406,-0.00011597760021686554,-0.001507168635725975
medium,four_way_stop,8,12,residual_conditioning_minus_plain_conditioning,final_goal_distance,interaction,0.015575319528579712,0.0011128932237625122,0.0144624263048172
medium,four_way_stop,8,12,residual_conditioning_minus_plain_conditioning,completion_time,interaction,4.439999999999998,-5.640000000000001,10.079999999999998
medium,four_way_stop,8,12,residual_conditioning_minus_plain_conditioning,min_distance,interaction,-0.10051834583282471,-0.034511446952819824,-0.06600689888000488
high,four_way_stop,8,12,residual_conditioning_minus_plain_conditioning,collision,interaction,0.0,0.0,0.0
high,four_way_stop,8,12,residual_conditioning_minus_plain_conditioning,safety_violation,interaction,0.0,0.0,0.0
high,four_way_stop,8,12,residual_conditioning_minus_plain_conditioning,success,interaction,0.0,0.0,0.0
high,four_way_stop,8,12,residual_conditioning_minus_plain_conditioning,progress_ratio,interaction,-0.0008472688496112823,-8.309818804264069e-05,-0.0007641706615686417
high,four_way_stop,8,12,residual_conditioning_minus_plain_conditioning,final_goal_distance,interaction,0.008130177855491694,0.0007973909378050925,0.007332786917686601
high,four_way_stop,8,12,residual_conditioning_minus_plain_conditioning,completion_time,interaction,-3.7200000000000006,0.120000000000001,-3.8400000000000016
high,four_way_stop,8,12,residual_conditioning_minus_plain_conditioning,min_distance,interaction,0.06550383567810059,0.02539539337158203,0.040108442306518555
clean,corridor,4,13,residual_conditioning_minus_plain_conditioning,collision,interaction,0.0,0.0,0.0
clean,corridor,4,13,residual_conditioning_minus_plain_conditioning,safety_violation,interaction,0.0,1.0,-1.0
clean,corridor,4,13,residual_conditioning_minus_plain_conditioning,success,interaction,0.0,0.0,0.0
clean,corridor,4,13,residual_conditioning_minus_plain_conditioning,progress_ratio,interaction,-4.2840838543334314e-08,-0.0001266757026312515,0.00012663286179270816
clean,corridor,4,13,residual_conditioning_minus_plain_conditioning,final_goal_distance,interaction,4.3958425520462807e-07,0.001294419169426006,-0.0012939795851708014
clean,corridor,4,13,residual_conditioning_minus_plain_conditioning,completion_time,interaction,-0.120000000000001,0.4800000000000004,-0.6000000000000014
clean,corridor,4,13,residual_conditioning_minus_plain_conditioning,min_distance,interaction,-0.08480358123779297,-0.11278146505355835,0.02797788381576538
low,corridor,4,13,residual_conditioning_minus_plain_conditioning,collision,interaction,0.0,0.0,0.0
low,corridor,4,13,residual_conditioning_minus_plain_conditioning,safety_violation,interaction,0.0,0.0,0.0
low,corridor,4,13,residual_conditioning_minus_plain_conditioning,success,interaction,0.0,0.0,0.0
low,corridor,4,13,residual_conditioning_minus_plain_conditioning,progress_ratio,interaction,0.005886887200176827,0.0034483550116419792,0.0024385321885348477
low,corridor,4,13,residual_conditioning_minus_plain_conditioning,final_goal_distance,interaction,-0.060154631733894404,-0.03523670136928561,-0.024917930364608792
low,corridor,4,13,residual_conditioning_minus_plain_conditioning,completion_time,interaction,0.7199999999999989,0.0,0.7199999999999989
low,corridor,4,13,residual_conditioning_minus_plain_conditioning,min_distance,interaction,0.03716069459915161,0.0011680126190185547,0.03599268198013306
medium,corridor,4,13,residual_conditioning_minus_plain_conditioning,collision,interaction,0.0,0.0,0.0
medium,corridor,4,13,residual_conditioning_minus_plain_conditioning,safety_violation,interaction,0.0,0.0,0.0
medium,corridor,4,13,residual_conditioning_minus_plain_conditioning,success,interaction,0.0,0.0,0.0
medium,corridor,4,13,residual_conditioning_minus_plain_conditioning,progress_ratio,interaction,0.0022082850337028503,0.0028638606891036034,-0.000655575655400753
medium,corridor,4,13,residual_conditioning_minus_plain_conditioning,final_goal_distance,interaction,-0.02256516367197041,-0.029264099895954188,0.0066989362239837785
medium,corridor,4,13,residual_conditioning_minus_plain_conditioning,completion_time,interaction,-1.92,0.5999999999999996,-2.5199999999999996
medium,corridor,4,13,residual_conditioning_minus_plain_conditioning,min_distance,interaction,0.04270058870315552,-7.867813110351562e-06,0.04270845651626587
high,corridor,4,13,residual_conditioning_minus_plain_conditioning,collision,interaction,0.0,0.0,0.0
high,corridor,4,13,residual_conditioning_minus_plain_conditioning,safety_violation,interaction,0.0,0.0,0.0
high,corridor,4,13,residual_conditioning_minus_plain_conditioning,success,interaction,0.0,0.0,0.0
high,corridor,4,13,residual_conditioning_minus_plain_conditioning,progress_ratio,interaction,0.001496618613600731,-0.006843464449048042,0.008340083062648773
high,corridor,4,13,residual_conditioning_minus_plain_conditioning,final_goal_distance,interaction,-0.015293069183826516,0.0699293315410614,-0.08522240072488792
high,corridor,4,13,residual_conditioning_minus_plain_conditioning,completion_time,interaction,-2.039999999999999,-0.35999999999999943,-1.6799999999999997
high,corridor,4,13,residual_conditioning_minus_plain_conditioning,min_distance,interaction,-0.036858320236206055,-0.19630491733551025,0.1594465970993042
clean,corridor,8,13,residual_conditioning_minus_plain_conditioning,collision,interaction,0.0,0.0,0.0
clean,corridor,8,13,residual_conditioning_minus_plain_conditioning,safety_violation,interaction,0.0,0.0,0.0
clean,corridor,8,13,residual_conditioning_minus_plain_conditioning,success,interaction,0.0,0.0,0.0
clean,corridor,8,13,residual_conditioning_minus_plain_conditioning,progress_ratio,interaction,0.0026600733399391174,0.008088894188403972,-0.005428820848464855
clean,corridor,8,13,residual_conditioning_minus_plain_conditioning,final_goal_distance,interaction,-0.026926755905151367,-0.08188045024871826,0.054953694343566895
clean,corridor,8,13,residual_conditioning_minus_plain_conditioning,completion_time,interaction,0.0,0.0,0.0
clean,corridor,8,13,residual_conditioning_minus_plain_conditioning,min_distance,interaction,0.029908716678619385,-0.04952692985534668,0.07943564653396606
low,corridor,8,13,residual_conditioning_minus_plain_conditioning,collision,interaction,0.0,0.0,0.0
low,corridor,8,13,residual_conditioning_minus_plain_conditioning,safety_violation,interaction,0.0,0.0,0.0
low,corridor,8,13,residual_conditioning_minus_plain_conditioning,success,interaction,0.0,0.0,0.0
low,corridor,8,13,residual_conditioning_minus_plain_conditioning,progress_ratio,interaction,-0.003641940653324127,-0.0035755857825278126,-6.635487079631464e-05
low,corridor,8,13,residual_conditioning_minus_plain_conditioning,final_goal_distance,interaction,0.036865830421447754,0.0361940860748291,0.0006717443466186523
low,corridor,8,13,residual_conditioning_minus_plain_conditioning,completion_time,interaction,0.0,0.0,0.0
low,corridor,8,13,residual_conditioning_minus_plain_conditioning,min_distance,interaction,-0.021167397499084473,-0.09220856428146362,0.07104116678237915
medium,corridor,8,13,residual_conditioning_minus_plain_conditioning,collision,interaction,0.0,0.0,0.0
medium,corridor,8,13,residual_conditioning_minus_plain_conditioning,safety_violation,interaction,0.0,0.0,0.0
medium,corridor,8,13,residual_conditioning_minus_plain_conditioning,success,interaction,0.0,0.0,0.0
medium,corridor,8,13,residual_conditioning_minus_plain_conditioning,progress_ratio,interaction,-0.015846192836761586,-0.005709655582904816,-0.01013653725385677
medium,corridor,8,13,residual_conditioning_minus_plain_conditioning,final_goal_distance,interaction,0.1604042649269104,0.057796359062194824,0.10260790586471558
medium,corridor,8,13,residual_conditioning_minus_plain_conditioning,completion_time,interaction,0.0,0.0,0.0
medium,corridor,8,13,residual_conditioning_minus_plain_conditioning,min_distance,interaction,0.0019535422325134277,-0.13899201154708862,0.14094555377960205
high,corridor,8,13,residual_conditioning_minus_plain_conditioning,collision,interaction,0.0,0.0,0.0
high,corridor,8,13,residual_conditioning_minus_plain_conditioning,safety_violation,interaction,0.0,0.0,0.0
high,corridor,8,13,residual_conditioning_minus_plain_conditioning,success,interaction,0.0,0.0,0.0
high,corridor,8,13,residual_conditioning_minus_plain_conditioning,progress_ratio,interaction,0.001587308943271637,0.007201880216598511,-0.005614571273326874
high,corridor,8,13,residual_conditioning_minus_plain_conditioning,final_goal_distance,interaction,-0.016067683696746826,-0.07290154695510864,0.056833863258361816
high,corridor,8,13,residual_conditioning_minus_plain_conditioning,completion_time,interaction,0.0,0.0,0.0
high,corridor,8,13,residual_conditioning_minus_plain_conditioning,min_distance,interaction,-0.07885712385177612,-0.07931143045425415,0.00045430660247802734
clean,narrow_gate,4,13,residual_conditioning_minus_plain_conditioning,collision,interaction,0.0,0.0,0.0
clean,narrow_gate,4,13,residual_conditioning_minus_plain_conditioning,safety_violation,interaction,0.0,0.0,0.0
clean,narrow_gate,4,13,residual_conditioning_minus_plain_conditioning,success,interaction,0.0,0.0,0.0
clean,narrow_gate,4,13,residual_conditioning_minus_plain_conditioning,progress_ratio,interaction,0.19590158760547638,0.027754753828048706,0.16814683377742767
clean,narrow_gate,4,13,residual_conditioning_minus_plain_conditioning,final_goal_distance,interaction,-2.0789031982421875,-0.29453277587890625,-1.7843704223632812
clean,narrow_gate,4,13,residual_conditioning_minus_plain_conditioning,completion_time,interaction,0.0,0.0,0.0
clean,narrow_gate,4,13,residual_conditioning_minus_plain_conditioning,min_distance,interaction,0.0,0.0,0.0
low,narrow_gate,4,13,residual_conditioning_minus_plain_conditioning,collision,interaction,0.0,0.0,0.0
low,narrow_gate,4,13,residual_conditioning_minus_plain_conditioning,safety_violation,interaction,0.0,0.0,0.0
low,narrow_gate,4,13,residual_conditioning_minus_plain_conditioning,success,interaction,0.0,1.0,-1.0
low,narrow_gate,4,13,residual_conditioning_minus_plain_conditioning,progress_ratio,interaction,3.8551166653522095e-05,0.1349380901083349,-0.13489953894168139
low,narrow_gate,4,13,residual_conditioning_minus_plain_conditioning,final_goal_distance,interaction,-0.00040911138057700414,-1.4319598376750948,1.4315507262945177
low,narrow_gate,4,13,residual_conditioning_minus_plain_conditioning,completion_time,interaction,1.5600000000000005,-11.399999999999999,12.959999999999999
low,narrow_gate,4,13,residual_conditioning_minus_plain_conditioning,min_distance,interaction,0.0725746750831604,-0.06480893365686047,0.13738360874002087
medium,narrow_gate,4,13,residual_conditioning_minus_plain_conditioning,collision,interaction,0.0,0.0,0.0
medium,narrow_gate,4,13,residual_conditioning_minus_plain_conditioning,safety_violation,interaction,0.0,0.0,0.0
medium,narrow_gate,4,13,residual_conditioning_minus_plain_conditioning,success,interaction,-1.0,0.0,-1.0
medium,narrow_gate,4,13,residual_conditioning_minus_plain_conditioning,progress_ratio,interaction,-0.15349429845809948,-0.003463911823928245,-0.15003038663417123
medium,narrow_gate,4,13,residual_conditioning_minus_plain_conditioning,final_goal_distance,interaction,1.628877840936184,0.03675895184278491,1.592118889093399
medium,narrow_gate,4,13,residual_conditioning_minus_plain_conditioning,completion_time,interaction,3.1199999999999974,0.4800000000000004,2.639999999999997
medium,narrow_gate,4,13,residual_conditioning_minus_plain_conditioning,min_distance,interaction,0.0036702755175725965,-0.10131028429525313,0.10498055981282572
high,narrow_gate,4,13,residual_conditioning_minus_plain_conditioning,collision,interaction,0.0,0.0,0.0
high,narrow_gate,4,13,residual_conditioning_minus_plain_conditioning,safety_violation,interaction,0.0,0.0,0.0
high,narrow_gate,4,13,residual_conditioning_minus_plain_conditioning,success,interaction,-1.0,0.0,-1.0
high,narrow_gate,4,13,residual_conditioning_minus_plain_conditioning,progress_ratio,interaction,-0.15982515551149834,-0.29697027429938305,0.1371451187878847
high,narrow_gate,4,13,residual_conditioning_minus_plain_conditioning,final_goal_distance,interaction,1.6960607916116717,3.1514415740966797,-1.455380782485008
high,narrow_gate,4,13,residual_conditioning_minus_plain_conditioning,completion_time,interaction,0.8399999999999999,0.0,0.8399999999999999
high,narrow_gate,4,13,residual_conditioning_minus_plain_conditioning,min_distance,interaction,-0.1908189058303833,-0.04597368932441126,-0.14484521650597204
clean,narrow_gate,8,13,residual_conditioning_minus_plain_conditioning,collision,interaction,0.0,0.0,0.0
clean,narrow_gate,8,13,residual_conditioning_minus_plain_conditioning,safety_violation,interaction,0.0,0.0,0.0
clean,narrow_gate,8,13,residual_conditioning_minus_plain_conditioning,success,interaction,0.0,0.0,0.0
clean,narrow_gate,8,13,residual_conditioning_minus_plain_conditioning,progress_ratio,interaction,-0.13975725322961807,-0.07871094346046448,-0.061046309769153595
clean,narrow_gate,8,13,residual_conditioning_minus_plain_conditioning,final_goal_distance,interaction,1.4548324346542354,0.8193581104278564,0.635474324226379
clean,narrow_gate,8,13,residual_conditioning_minus_plain_conditioning,completion_time,interaction,0.0,0.0,0.0
clean,narrow_gate,8,13,residual_conditioning_minus_plain_conditioning,min_distance,interaction,-0.003077268600463867,-0.01344597339630127,0.010368704795837402
low,narrow_gate,8,13,residual_conditioning_minus_plain_conditioning,collision,interaction,0.0,0.0,0.0
low,narrow_gate,8,13,residual_conditioning_minus_plain_conditioning,safety_violation,interaction,0.0,0.0,0.0
low,narrow_gate,8,13,residual_conditioning_minus_plain_conditioning,success,interaction,0.0,0.0,0.0
low,narrow_gate,8,13,residual_conditioning_minus_plain_conditioning,progress_ratio,interaction,0.06431876122951508,-0.06918388605117798,0.13350264728069305
low,narrow_gate,8,13,residual_conditioning_minus_plain_conditioning,final_goal_distance,interaction,-0.6695396900177004,0.7201843261718748,-1.3897240161895752
low,narrow_gate,8,13,residual_conditioning_minus_plain_conditioning,completion_time,interaction,0.0,0.0,0.0
low,narrow_gate,8,13,residual_conditioning_minus_plain_conditioning,min_distance,interaction,-0.05776488780975342,0.07981008291244507,-0.1375749707221985
medium,narrow_gate,8,13,residual_conditioning_minus_plain_conditioning,collision,interaction,0.0,0.0,0.0
medium,narrow_gate,8,13,residual_conditioning_minus_plain_conditioning,safety_violation,interaction,0.0,0.0,0.0
medium,narrow_gate,8,13,residual_conditioning_minus_plain_conditioning,success,interaction,0.0,0.0,0.0
medium,narrow_gate,8,13,residual_conditioning_minus_plain_conditioning,progress_ratio,interaction,-0.055892057716846466,-0.04039839655160904,-0.015493661165237427
medium,narrow_gate,8,13,residual_conditioning_minus_plain_conditioning,final_goal_distance,interaction,0.5818201303482056,0.42053562402725186,0.1612845063209537
medium,narrow_gate,8,13,residual_conditioning_minus_plain_conditioning,completion_time,interaction,0.0,0.0,0.0
medium,narrow_gate,8,13,residual_conditioning_minus_plain_conditioning,min_distance,interaction,-0.0437471866607666,0.009627044200897217,-0.05337423086166382
high,narrow_gate,8,13,residual_conditioning_minus_plain_conditioning,collision,interaction,0.0,0.0,0.0
high,narrow_gate,8,13,residual_conditioning_minus_plain_conditioning,safety_violation,interaction,0.0,0.0,0.0
high,narrow_gate,8,13,residual_conditioning_minus_plain_conditioning,success,interaction,0.0,0.0,0.0
high,narrow_gate,8,13,residual_conditioning_minus_plain_conditioning,progress_ratio,interaction,-0.09179263189435005,-0.03981640934944153,-0.051976222544908524
high,narrow_gate,8,13,residual_conditioning_minus_plain_conditioning,final_goal_distance,interaction,0.9555346965789795,0.41447722911834717,0.5410574674606323
high,narrow_gate,8,13,residual_conditioning_minus_plain_conditioning,completion_time,interaction,0.0,0.0,0.0
high,narrow_gate,8,13,residual_conditioning_minus_plain_conditioning,min_distance,interaction,-0.06632691621780396,0.13876289129257202,-0.20508980751037598
clean,merge_bottleneck,4,13,residual_conditioning_minus_plain_conditioning,collision,interaction,0.0,0.0,0.0
clean,merge_bottleneck,4,13,residual_conditioning_minus_plain_conditioning,safety_violation,interaction,0.0,0.0,0.0
clean,merge_bottleneck,4,13,residual_conditioning_minus_plain_conditioning,success,interaction,0.0,0.0,0.0
clean,merge_bottleneck,4,13,residual_conditioning_minus_plain_conditioning,progress_ratio,interaction,-0.026202674955129512,0.013879667967557796,-0.04008234292268731
clean,merge_bottleneck,4,13,residual_conditioning_minus_plain_conditioning,final_goal_distance,interaction,0.27191776037216187,-0.14403599500656128,0.41595375537872314
clean,merge_bottleneck,4,13,residual_conditioning_minus_plain_conditioning,completion_time,interaction,0.0,0.0,0.0
clean,merge_bottleneck,4,13,residual_conditioning_minus_plain_conditioning,min_distance,interaction,-0.03569349765777585,0.007187485694885254,-0.042880983352661106
low,merge_bottleneck,4,13,residual_conditioning_minus_plain_conditioning,collision,interaction,0.0,0.0,0.0
low,merge_bottleneck,4,13,residual_conditioning_minus_plain_conditioning,safety_violation,interaction,0.0,0.0,0.0
low,merge_bottleneck,4,13,residual_conditioning_minus_plain_conditioning,success,interaction,0.0,0.0,0.0
low,merge_bottleneck,4,13,residual_conditioning_minus_plain_conditioning,progress_ratio,interaction,-0.037823837250471226,0.026554692536592595,-0.06437852978706382
low,merge_bottleneck,4,13,residual_conditioning_minus_plain_conditioning,final_goal_distance,interaction,0.3925161361694336,-0.275570809841156,0.6680869460105896
low,merge_bottleneck,4,13,residual_conditioning_minus_plain_conditioning,completion_time,interaction,0.0,0.0,0.0
low,merge_bottleneck,4,13,residual_conditioning_minus_plain_conditioning,min_distance,interaction,0.004243991992144425,0.011979639530181885,-0.00773564753803746
medium,merge_bottleneck,4,13,residual_conditioning_minus_plain_conditioning,collision,interaction,0.0,0.0,0.0
medium,merge_bottleneck,4,13,residual_conditioning_minus_plain_conditioning,safety_violation,interaction,0.0,0.0,0.0
medium,merge_bottleneck,4,13,residual_conditioning_minus_plain_conditioning,success,interaction,0.0,0.0,0.0
medium,merge_bottleneck,4,13,residual_conditioning_minus_plain_conditioning,progress_ratio,interaction,0.04080598056316376,0.05565708875656128,-0.014851108193397522
medium,merge_bottleneck,4,13,residual_conditioning_minus_plain_conditioning,final_goal_distance,interaction,-0.42346328496932983,-0.5775803327560425,0.15411704778671265
medium,merge_bottleneck,4,13,residual_conditioning_minus_plain_conditioning,completion_time,interaction,0.0,0.0,0.0
medium,merge_bottleneck,4,13,residual_conditioning_minus_plain_conditioning,min_distance,interaction,0.011171877384185791,-0.19047272205352783,0.20164459943771362
high,merge_bottleneck,4,13,residual_conditioning_minus_plain_conditioning,collision,interaction,0.0,-1.0,1.0
high,merge_bottleneck,4,13,residual_conditioning_minus_plain_conditioning,safety_violation,interaction,0.0,-1.0,1.0
high,merge_bottleneck,4,13,residual_conditioning_minus_plain_conditioning,success,interaction,0.0,0.0,0.0
high,merge_bottleneck,4,13,residual_conditioning_minus_plain_conditioning,progress_ratio,interaction,-0.03456215560436238,0.0010389462113380432,-0.03560110181570042
high,merge_bottleneck,4,13,residual_conditioning_minus_plain_conditioning,final_goal_distance,interaction,0.35866808891296387,-0.010781645774841309,0.3694497346878052
high,merge_bottleneck,4,13,residual_conditioning_minus_plain_conditioning,completion_time,interaction,0.0,0.0,0.0
high,merge_bottleneck,4,13,residual_conditioning_minus_plain_conditioning,min_distance,interaction,-2.9802322387695312e-06,0.4154894351959229,-0.4154924154281617
clean,merge_bottleneck,8,13,residual_conditioning_minus_plain_conditioning,collision,interaction,0.0,0.0,0.0
clean,merge_bottleneck,8,13,residual_conditioning_minus_plain_conditioning,safety_violation,interaction,0.0,1.0,-1.0
clean,merge_bottleneck,8,13,residual_conditioning_minus_plain_conditioning,success,interaction,0.0,0.0,0.0
clean,merge_bottleneck,8,13,residual_conditioning_minus_plain_conditioning,progress_ratio,interaction,-0.04142989218235016,-0.015915855765342712,-0.025514036417007446
clean,merge_bottleneck,8,13,residual_conditioning_minus_plain_conditioning,final_goal_distance,interaction,0.42934751510620117,0.16493964195251465,0.2644078731536865
clean,merge_bottleneck,8,13,residual_conditioning_minus_plain_conditioning,completion_time,interaction,0.0,0.0,0.0
clean,merge_bottleneck,8,13,residual_conditioning_minus_plain_conditioning,min_distance,interaction,-0.05816543102264404,-0.0371546745300293,-0.021010756492614746
low,merge_bottleneck,8,13,residual_conditioning_minus_plain_conditioning,collision,interaction,0.0,0.0,0.0
low,merge_bottleneck,8,13,residual_conditioning_minus_plain_conditioning,safety_violation,interaction,0.0,0.0,0.0
low,merge_bottleneck,8,13,residual_conditioning_minus_plain_conditioning,success,interaction,0.0,0.0,0.0
low,merge_bottleneck,8,13,residual_conditioning_minus_plain_conditioning,progress_ratio,interaction,0.056964606046676636,0.0010958611965179443,0.05586874485015869
low,merge_bottleneck,8,13,residual_conditioning_minus_plain_conditioning,final_goal_distance,interaction,-0.5903370380401611,-0.011356592178344727,-0.5789804458618164
low,merge_bottleneck,8,13,residual_conditioning_minus_plain_conditioning,completion_time,interaction,0.0,0.0,0.0
low,merge_bottleneck,8,13,residual_conditioning_minus_plain_conditioning,min_distance,interaction,-0.020418226718902588,0.04517573118209839,-0.06559395790100098
medium,merge_bottleneck,8,13,residual_conditioning_minus_plain_conditioning,collision,interaction,0.0,0.0,0.0
medium,merge_bottleneck,8,13,residual_conditioning_minus_plain_conditioning,safety_violation,interaction,-1.0,-1.0,0.0
medium,merge_bottleneck,8,13,residual_conditioning_minus_plain_conditioning,success,interaction,0.0,0.0,0.0
medium,merge_bottleneck,8,13,residual_conditioning_minus_plain_conditioning,progress_ratio,interaction,0.08450788259506226,-0.022478699684143066,0.10698658227920532
medium,merge_bottleneck,8,13,residual_conditioning_minus_plain_conditioning,final_goal_distance,interaction,-0.8757743835449219,0.23295187950134277,-1.1087262630462646
medium,merge_bottleneck,8,13,residual_conditioning_minus_plain_conditioning,completion_time,interaction,0.0,0.0,0.0
medium,merge_bottleneck,8,13,residual_conditioning_minus_plain_conditioning,min_distance,interaction,0.07597115635871887,0.12860232591629028,-0.05263116955757141
high,merge_bottleneck,8,13,residual_conditioning_minus_plain_conditioning,collision,interaction,0.0,0.0,0.0
high,merge_bottleneck,8,13,residual_conditioning_minus_plain_conditioning,safety_violation,interaction,0.0,-1.0,1.0
high,merge_bottleneck,8,13,residual_conditioning_minus_plain_conditioning,success,interaction,0.0,0.0,0.0
high,merge_bottleneck,8,13,residual_conditioning_minus_plain_conditioning,progress_ratio,interaction,-0.004108518362045288,-0.09209145605564117,0.08798293769359589
high,merge_bottleneck,8,13,residual_conditioning_minus_plain_conditioning,final_goal_distance,interaction,0.04257750511169478,0.954364538192749,-0.9117870330810542
high,merge_bottleneck,8,13,residual_conditioning_minus_plain_conditioning,completion_time,interaction,0.0,0.0,0.0
high,merge_bottleneck,8,13,residual_conditioning_minus_plain_conditioning,min_distance,interaction,-0.04065108299255371,0.11137735843658447,-0.15202844142913818
clean,four_way_stop,4,13,residual_conditioning_minus_plain_conditioning,collision,interaction,0.0,0.0,0.0
clean,four_way_stop,4,13,residual_conditioning_minus_plain_conditioning,safety_violation,interaction,0.0,0.0,0.0
clean,four_way_stop,4,13,residual_conditioning_minus_plain_conditioning,success,interaction,0.0,0.0,0.0
clean,four_way_stop,4,13,residual_conditioning_minus_plain_conditioning,progress_ratio,interaction,0.003359628841280826,-0.004302613437175751,0.007662242278456577
clean,four_way_stop,4,13,residual_conditioning_minus_plain_conditioning,final_goal_distance,interaction,-0.0322434827685356,0.04129362106323241,-0.07353710383176801
clean,four_way_stop,4,13,residual_conditioning_minus_plain_conditioning,completion_time,interaction,0.120000000000001,-1.5600000000000005,1.6800000000000015
clean,four_way_stop,4,13,residual_conditioning_minus_plain_conditioning,min_distance,interaction,-0.11300498247146618,0.05571514368057251,-0.16872012615203869
low,four_way_stop,4,13,residual_conditioning_minus_plain_conditioning,collision,interaction,0.0,0.0,0.0
low,four_way_stop,4,13,residual_conditioning_minus_plain_conditioning,safety_violation,interaction,0.0,0.0,0.0
low,four_way_stop,4,13,residual_conditioning_minus_plain_conditioning,success,interaction,0.0,0.0,0.0
low,four_way_stop,4,13,residual_conditioning_minus_plain_conditioning,progress_ratio,interaction,-0.0008617322891950607,0.008645797148347012,-0.009507529437542073
low,four_way_stop,4,13,residual_conditioning_minus_plain_conditioning,final_goal_distance,interaction,0.0082703307271004,-0.08297659456729897,0.09124692529439937
low,four_way_stop,4,13,residual_conditioning_minus_plain_conditioning,completion_time,interaction,0.4800000000000004,0.0,0.4800000000000004
low,four_way_stop,4,13,residual_conditioning_minus_plain_conditioning,min_distance,interaction,0.00198519229888916,-0.0014281868934632458,0.003413379192352406
medium,four_way_stop,4,13,residual_conditioning_minus_plain_conditioning,collision,interaction,0.0,0.0,0.0
medium,four_way_stop,4,13,residual_conditioning_minus_plain_conditioning,safety_violation,interaction,0.0,0.0,0.0
medium,four_way_stop,4,13,residual_conditioning_minus_plain_conditioning,success,interaction,0.0,0.0,0.0
medium,four_way_stop,4,13,residual_conditioning_minus_plain_conditioning,progress_ratio,interaction,0.002065889537334442,0.005248920060694218,-0.0031830305233597755
medium,four_way_stop,4,13,residual_conditioning_minus_plain_conditioning,final_goal_distance,interaction,-0.01982702314853671,-0.0503756254911423,0.03054860234260559
medium,four_way_stop,4,13,residual_conditioning_minus_plain_conditioning,completion_time,interaction,0.120000000000001,0.0,0.120000000000001
medium,four_way_stop,4,13,residual_conditioning_minus_plain_conditioning,min_distance,interaction,0.005064904689788818,-0.01831728219985962,0.023382186889648438
high,four_way_stop,4,13,residual_conditioning_minus_plain_conditioning,collision,interaction,0.0,0.0,0.0
high,four_way_stop,4,13,residual_conditioning_minus_plain_conditioning,safety_violation,interaction,0.0,0.0,0.0
high,four_way_stop,4,13,residual_conditioning_minus_plain_conditioning,success,interaction,0.0,0.0,0.0
high,four_way_stop,4,13,residual_conditioning_minus_plain_conditioning,progress_ratio,interaction,0.0013931719586252056,0.003471772186458222,-0.0020786002278330162
high,four_way_stop,4,13,residual_conditioning_minus_plain_conditioning,final_goal_distance,interaction,-0.013370737433433505,-0.0333197563886643,0.019949018955230796
high,four_way_stop,4,13,residual_conditioning_minus_plain_conditioning,completion_time,interaction,-0.5999999999999996,2.039999999999999,-2.639999999999999
high,four_way_stop,4,13,residual_conditioning_minus_plain_conditioning,min_distance,interaction,-0.021349072456359863,0.01552736759185791,-0.03687644004821777
clean,four_way_stop,8,13,residual_conditioning_minus_plain_conditioning,collision,interaction,0.0,0.0,0.0
clean,four_way_stop,8,13,residual_conditioning_minus_plain_conditioning,safety_violation,interaction,0.0,0.0,0.0
clean,four_way_stop,8,13,residual_conditioning_minus_plain_conditioning,success,interaction,-1.0,0.0,-1.0
clean,four_way_stop,8,13,residual_conditioning_minus_plain_conditioning,progress_ratio,interaction,-0.004286954179406277,-0.005139082670211681,0.0008521284908054039
clean,four_way_stop,8,13,residual_conditioning_minus_plain_conditioning,final_goal_distance,interaction,0.0411313325166702,0.049307122826576205,-0.008175790309906006
clean,four_way_stop,8,13,residual_conditioning_minus_plain_conditioning,completion_time,interaction,7.799999999999997,-3.84,11.639999999999997
clean,four_way_stop,8,13,residual_conditioning_minus_plain_conditioning,min_distance,interaction,-0.1706717610359192,-0.01546180248260498,-0.1552099585533142
low,four_way_stop,8,13,residual_conditioning_minus_plain_conditioning,collision,interaction,0.0,0.0,0.0
low,four_way_stop,8,13,residual_conditioning_minus_plain_conditioning,safety_violation,interaction,0.0,0.0,0.0
low,four_way_stop,8,13,residual_conditioning_minus_plain_conditioning,success,interaction,0.0,0.0,0.0
low,four_way_stop,8,13,residual_conditioning_minus_plain_conditioning,progress_ratio,interaction,-0.000733349472284206,-0.00022793933749198914,-0.0005054101347922169
low,four_way_stop,8,13,residual_conditioning_minus_plain_conditioning,final_goal_distance,interaction,0.007036149501800593,0.002186968922615079,0.004849180579185514
low,four_way_stop,8,13,residual_conditioning_minus_plain_conditioning,completion_time,interaction,0.35999999999999943,10.079999999999998,-9.719999999999999
low,four_way_stop,8,13,residual_conditioning_minus_plain_conditioning,min_distance,interaction,0.015400350093841553,0.001249551773071289,0.014150798320770264
medium,four_way_stop,8,13,residual_conditioning_minus_plain_conditioning,collision,interaction,0.0,0.0,0.0
medium,four_way_stop,8,13,residual_conditioning_minus_plain_conditioning,safety_violation,interaction,0.0,0.0,0.0
medium,four_way_stop,8,13,residual_conditioning_minus_plain_conditioning,success,interaction,0.0,1.0,-1.0
medium,four_way_stop,8,13,residual_conditioning_minus_plain_conditioning,progress_ratio,interaction,-0.0013118013739588097,0.003180216997861973,-0.004492018371820783
medium,four_way_stop,8,13,residual_conditioning_minus_plain_conditioning,final_goal_distance,interaction,0.012586131691932706,-0.030512705445289584,0.04309883713722229
medium,four_way_stop,8,13,residual_conditioning_minus_plain_conditioning,completion_time,interaction,-1.1999999999999993,-7.559999999999999,6.359999999999999
medium,four_way_stop,8,13,residual_conditioning_minus_plain_conditioning,min_distance,interaction,-0.09712696075439453,-0.265155553817749,0.1680285930633545
high,four_way_stop,8,13,residual_conditioning_minus_plain_conditioning,collision,interaction,0.0,0.0,0.0
high,four_way_stop,8,13,residual_conditioning_minus_plain_conditioning,safety_violation,interaction,0.0,0.0,0.0
high,four_way_stop,8,13,residual_conditioning_minus_plain_conditioning,success,interaction,0.0,0.0,0.0
high,four_way_stop,8,13,residual_conditioning_minus_plain_conditioning,progress_ratio,interaction,0.0008034147322176777,0.003311723470687755,-0.0025083087384700775
high,four_way_stop,8,13,residual_conditioning_minus_plain_conditioning,final_goal_distance,interaction,-0.007708385586738614,-0.031774446368217385,0.02406606078147877
high,four_way_stop,8,13,residual_conditioning_minus_plain_conditioning,completion_time,interaction,2.880000000000001,-3.4799999999999986,6.359999999999999
high,four_way_stop,8,13,residual_conditioning_minus_plain_conditioning,min_distance,interaction,0.025059998035430908,-0.046668410301208496,0.0717284083366394
clean,corridor,4,14,residual_conditioning_minus_plain_conditioning,collision,interaction,0.0,0.0,0.0
clean,corridor,4,14,residual_conditioning_minus_plain_conditioning,safety_violation,interaction,0.0,0.0,0.0
clean,corridor,4,14,residual_conditioning_minus_plain_conditioning,success,interaction,0.0,0.0,0.0
clean,corridor,4,14,residual_conditioning_minus_plain_conditioning,progress_ratio,interaction,-0.00021085888147354126,0.0023450804874299847,-0.002555939368903526
clean,corridor,4,14,residual_conditioning_minus_plain_conditioning,final_goal_distance,interaction,0.0021506994962691983,-0.023919105529785198,0.026069805026054396
clean,corridor,4,14,residual_conditioning_minus_plain_conditioning,completion_time,interaction,0.120000000000001,2.2799999999999994,-2.1599999999999984
clean,corridor,4,14,residual_conditioning_minus_plain_conditioning,min_distance,interaction,0.03922921419143677,-0.1545695662498474,0.19379878044128418
low,corridor,4,14,residual_conditioning_minus_plain_conditioning,collision,interaction,0.0,0.0,0.0
low,corridor,4,14,residual_conditioning_minus_plain_conditioning,safety_violation,interaction,0.0,-1.0,1.0
low,corridor,4,14,residual_conditioning_minus_plain_conditioning,success,interaction,0.0,0.0,0.0
low,corridor,4,14,residual_conditioning_minus_plain_conditioning,progress_ratio,interaction,0.002484207972883956,-0.004485194571316464,0.00696940254420042
low,corridor,4,14,residual_conditioning_minus_plain_conditioning,final_goal_distance,interaction,-0.025338165462017004,0.04574762284755711,-0.07108578830957411
low,corridor,4,14,residual_conditioning_minus_plain_conditioning,completion_time,interaction,-1.92,-1.4399999999999995,-0.4800000000000004
low,corridor,4,14,residual_conditioning_minus_plain_conditioning,min_distance,interaction,0.14996856451034546,0.1315068900585175,0.018461674451827947
medium,corridor,4,14,residual_conditioning_minus_plain_conditioning,collision,interaction,0.0,-1.0,1.0
medium,corridor,4,14,residual_conditioning_minus_plain_conditioning,safety_violation,interaction,0.0,-1.0,1.0
medium,corridor,4,14,residual_conditioning_minus_plain_conditioning,success,interaction,0.0,1.0,-1.0
medium,corridor,4,14,residual_conditioning_minus_plain_conditioning,progress_ratio,interaction,0.009534539654851182,0.004477286711335182,0.005057252943516
medium,corridor,4,14,residual_conditioning_minus_plain_conditioning,final_goal_distance,interaction,-0.0972494035959243,-0.0456669628620148,-0.051582440733909496
medium,corridor,4,14,residual_conditioning_minus_plain_conditioning,completion_time,interaction,2.039999999999999,-0.35999999999999943,2.3999999999999986
medium,corridor,4,14,residual_conditioning_minus_plain_conditioning,min_distance,interaction,0.0787535309791565,0.16318216919898992,-0.08442863821983343
high,corridor,4,14,residual_conditioning_minus_plain_conditioning,collision,interaction,0.0,0.0,0.0
high,corridor,4,14,residual_conditioning_minus_plain_conditioning,safety_violation,interaction,0.0,-1.0,1.0
high,corridor,4,14,residual_conditioning_minus_plain_conditioning,success,interaction,0.0,0.0,0.0
high,corridor,4,14,residual_conditioning_minus_plain_conditioning,progress_ratio,interaction,0.004177476279437431,0.0009039565920829773,0.0032735196873544536
high,corridor,4,14,residual_conditioning_minus_plain_conditioning,final_goal_distance,interaction,-0.042608991265296894,-0.009220078587532002,-0.03338891267776489
high,corridor,4,14,residual_conditioning_minus_plain_conditioning,completion_time,interaction,1.799999999999999,-0.9599999999999991,2.759999999999998
high,corridor,4,14,residual_conditioning_minus_plain_conditioning,min_distance,interaction,0.04096078872680664,0.15450158715248113,-0.1135407984256745
clean,corridor,8,14,residual_conditioning_minus_plain_conditioning,collision,interaction,0.0,0.0,0.0
clean,corridor,8,14,residual_conditioning_minus_plain_conditioning,safety_violation,interaction,1.0,0.0,1.0
clean,corridor,8,14,residual_conditioning_minus_plain_conditioning,success,interaction,0.0,0.0,0.0
clean,corridor,8,14,residual_conditioning_minus_plain_conditioning,progress_ratio,interaction,0.016327276825904735,-0.0039091035723684,0.020236380398273135
clean,corridor,8,14,residual_conditioning_minus_plain_conditioning,final_goal_distance,interaction,-0.16517281532287587,0.03954595327377319,-0.20471876859664906
clean,corridor,8,14,residual_conditioning_minus_plain_conditioning,completion_time,interaction,0.0,0.0,0.0
clean,corridor,8,14,residual_conditioning_minus_plain_conditioning,min_distance,interaction,-0.13618841767311102,0.015392661094665527,-0.15158107876777654
low,corridor,8,14,residual_conditioning_minus_plain_conditioning,collision,interaction,0.0,0.0,0.0
low,corridor,8,14,residual_conditioning_minus_plain_conditioning,safety_violation,interaction,0.0,0.0,0.0
low,corridor,8,14,residual_conditioning_minus_plain_conditioning,success,interaction,0.0,0.0,0.0
low,corridor,8,14,residual_conditioning_minus_plain_conditioning,progress_ratio,interaction,-0.0223529115319252,0.012769870460033417,-0.03512278199195862
low,corridor,8,14,residual_conditioning_minus_plain_conditioning,final_goal_distance,interaction,0.22613036632537842,-0.12918472290039062,0.35531508922576904
low,corridor,8,14,residual_conditioning_minus_plain_conditioning,completion_time,interaction,0.0,0.0,0.0
low,corridor,8,14,residual_conditioning_minus_plain_conditioning,min_distance,interaction,0.024711787700653076,0.0859561562538147,-0.06124436855316162
medium,corridor,8,14,residual_conditioning_minus_plain_conditioning,collision,interaction,0.0,0.0,0.0
medium,corridor,8,14,residual_conditioning_minus_plain_conditioning,safety_violation,interaction,0.0,0.0,0.0
medium,corridor,8,14,residual_conditioning_minus_plain_conditioning,success,interaction,0.0,0.0,0.0
medium,corridor,8,14,residual_conditioning_minus_plain_conditioning,progress_ratio,interaction,-0.009236060082912445,-0.006753832101821788,-0.0024822279810906567
medium,corridor,8,14,residual_conditioning_minus_plain_conditioning,final_goal_distance,interaction,0.09343540668487549,0.0683242678642273,0.025111138820648193
medium,corridor,8,14,residual_conditioning_minus_plain_conditioning,completion_time,interaction,0.0,0.0,0.0
medium,corridor,8,14,residual_conditioning_minus_plain_conditioning,min_distance,interaction,-0.011844873428344727,-0.03891944885253906,0.027074575424194336
high,corridor,8,14,residual_conditioning_minus_plain_conditioning,collision,interaction,0.0,0.0,0.0
high,corridor,8,14,residual_conditioning_minus_plain_conditioning,safety_violation,interaction,0.0,0.0,0.0
high,corridor,8,14,residual_conditioning_minus_plain_conditioning,success,interaction,0.0,0.0,0.0
high,corridor,8,14,residual_conditioning_minus_plain_conditioning,progress_ratio,interaction,-0.008958347141742817,-0.00266548991203297,-0.006292857229709847
high,corridor,8,14,residual_conditioning_minus_plain_conditioning,final_goal_distance,interaction,0.09062594175338745,0.02696514129638672,0.06366080045700073
high,corridor,8,14,residual_conditioning_minus_plain_conditioning,completion_time,interaction,0.0,0.0,0.0
high,corridor,8,14,residual_conditioning_minus_plain_conditioning,min_distance,interaction,0.035066962242126465,-0.05027693510055542,0.08534389734268188
clean,narrow_gate,4,14,residual_conditioning_minus_plain_conditioning,collision,interaction,0.0,0.0,0.0
clean,narrow_gate,4,14,residual_conditioning_minus_plain_conditioning,safety_violation,interaction,0.0,0.0,0.0
clean,narrow_gate,4,14,residual_conditioning_minus_plain_conditioning,success,interaction,-1.0,-1.0,0.0
clean,narrow_gate,4,14,residual_conditioning_minus_plain_conditioning,progress_ratio,interaction,-0.31997457332909107,-0.3430960299447179,0.023121456615626812
clean,narrow_gate,4,14,residual_conditioning_minus_plain_conditioning,final_goal_distance,interaction,3.371301770210266,3.6149130463600163,-0.2436112761497502
clean,narrow_gate,4,14,residual_conditioning_minus_plain_conditioning,completion_time,interaction,10.679999999999998,11.159999999999998,-0.4800000000000004
clean,narrow_gate,4,14,residual_conditioning_minus_plain_conditioning,min_distance,interaction,0.01704341173171997,0.11357636136886518,-0.0965329496371452
low,narrow_gate,4,14,residual_conditioning_minus_plain_conditioning,collision,interaction,0.0,0.0,0.0
low,narrow_gate,4,14,residual_conditioning_minus_plain_conditioning,safety_violation,interaction,0.0,0.0,0.0
low,narrow_gate,4,14,residual_conditioning_minus_plain_conditioning,success,interaction,0.0,-1.0,1.0
low,narrow_gate,4,14,residual_conditioning_minus_plain_conditioning,progress_ratio,interaction,0.002039283514022827,-0.15630225650966167,0.1583415400236845
low,narrow_gate,4,14,residual_conditioning_minus_plain_conditioning,final_goal_distance,interaction,-0.02148616313934304,1.6468249708414078,-1.6683111339807508
low,narrow_gate,4,14,residual_conditioning_minus_plain_conditioning,completion_time,interaction,0.0,12.599999999999998,-12.599999999999998
low,narrow_gate,4,14,residual_conditioning_minus_plain_conditioning,min_distance,interaction,0.04564551852484089,0.13691973686218262,-0.09127421833734173
medium,narrow_gate,4,14,residual_conditioning_minus_plain_conditioning,collision,interaction,0.0,0.0,0.0
medium,narrow_gate,4,14,residual_conditioning_minus_plain_conditioning,safety_violation,interaction,0.0,0.0,0.0
medium,narrow_gate,4,14,residual_conditioning_minus_plain_conditioning,success,interaction,-1.0,0.0,-1.0
medium,narrow_gate,4,14,residual_conditioning_minus_plain_conditioning,progress_ratio,interaction,-0.15497887786477804,0.0185377299785614,-0.17351660784333944
medium,narrow_gate,4,14,residual_conditioning_minus_plain_conditioning,final_goal_distance,interaction,1.6328815668821335,-0.19531631469726585,1.8281978815793993
medium,narrow_gate,4,14,residual_conditioning_minus_plain_conditioning,completion_time,interaction,0.7199999999999989,0.0,0.7199999999999989
medium,narrow_gate,4,14,residual_conditioning_minus_plain_conditioning,min_distance,interaction,0.003323891976909632,0.06148797139860862,-0.05816407942169899
high,narrow_gate,4,14,residual_conditioning_minus_plain_conditioning,collision,interaction,0.0,0.0,0.0
high,narrow_gate,4,14,residual_conditioning_minus_plain_conditioning,safety_violation,interaction,0.0,0.0,0.0
high,narrow_gate,4,14,residual_conditioning_minus_plain_conditioning,success,interaction,-1.0,0.0,-1.0
high,narrow_gate,4,14,residual_conditioning_minus_plain_conditioning,progress_ratio,interaction,-0.33580729085952055,0.00043354835361242294,-0.33624083921313297
high,narrow_gate,4,14,residual_conditioning_minus_plain_conditioning,final_goal_distance,interaction,3.5381179973483086,-0.004567928612232208,3.5426859259605408
high,narrow_gate,4,14,residual_conditioning_minus_plain_conditioning,completion_time,interaction,6.239999999999998,-0.6000000000000014,6.84
high,narrow_gate,4,14,residual_conditioning_minus_plain_conditioning,min_distance,interaction,-0.060279250144958496,0.015835940837860107,-0.0761151909828186
clean,narrow_gate,8,14,residual_conditioning_minus_plain_conditioning,collision,interaction,0.0,0.0,0.0
clean,narrow_gate,8,14,residual_conditioning_minus_plain_conditioning,safety_violation,interaction,1.0,0.0,1.0
clean,narrow_gate,8,14,residual_conditioning_minus_plain_conditioning,success,interaction,0.0,0.0,0.0
clean,narrow_gate,8,14,residual_conditioning_minus_plain_conditioning,progress_ratio,interaction,0.16680248081684113,0.06570984423160553,0.1010926365852356
clean,narrow_gate,8,14,residual_conditioning_minus_plain_conditioning,final_goal_distance,interaction,-1.7332465648651123,-0.6827917098999023,-1.05045485496521
clean,narrow_gate,8,14,residual_conditioning_minus_plain_conditioning,completion_time,interaction,0.0,0.0,0.0
clean,narrow_gate,8,14,residual_conditioning_minus_plain_conditioning,min_distance,interaction,-0.27914407849311834,-0.17318814992904663,-0.10595592856407171
low,narrow_gate,8,14,residual_conditioning_minus_plain_conditioning,collision,interaction,0.0,0.0,0.0
low,narrow_gate,8,14,residual_conditioning_minus_plain_conditioning,safety_violation,interaction,1.0,0.0,1.0
low,narrow_gate,8,14,residual_conditioning_minus_plain_conditioning,success,interaction,0.0,0.0,0.0
low,narrow_gate,8,14,residual_conditioning_minus_plain_conditioning,progress_ratio,interaction,-0.03423316776752472,-0.1273462176322937,0.09311304986476898
low,narrow_gate,8,14,residual_conditioning_minus_plain_conditioning,final_goal_distance,interaction,0.35571718215942383,1.3232558965682988,-0.967538714408875
low,narrow_gate,8,14,residual_conditioning_minus_plain_conditioning,completion_time,interaction,0.0,0.0,0.0
low,narrow_gate,8,14,residual_conditioning_minus_plain_conditioning,min_distance,interaction,-0.13269552588462835,0.06210732460021973,-0.19480285048484808
medium,narrow_gate,8,14,residual_conditioning_minus_plain_conditioning,collision,interaction,0.0,0.0,0.0
medium,narrow_gate,8,14,residual_conditioning_minus_plain_conditioning,safety_violation,interaction,0.0,0.0,0.0
medium,narrow_gate,8,14,residual_conditioning_minus_plain_conditioning,success,interaction,0.0,0.0,0.0
medium,narrow_gate,8,14,residual_conditioning_minus_plain_conditioning,progress_ratio,interaction,-0.03361540287733078,-0.19920146465301514,0.16558606177568436
medium,narrow_gate,8,14,residual_conditioning_minus_plain_conditioning,final_goal_distance,interaction,0.3492980003356938,2.0699048042297363,-1.7206068038940425
medium,narrow_gate,8,14,residual_conditioning_minus_plain_conditioning,completion_time,interaction,0.0,0.0,0.0
medium,narrow_gate,8,14,residual_conditioning_minus_plain_conditioning,min_distance,interaction,-0.057106852531433105,-0.015258193016052246,-0.04184865951538086
high,narrow_gate,8,14,residual_conditioning_minus_plain_conditioning,collision,interaction,0.0,0.0,0.0
high,narrow_gate,8,14,residual_conditioning_minus_plain_conditioning,safety_violation,interaction,0.0,0.0,0.0
high,narrow_gate,8,14,residual_conditioning_minus_plain_conditioning,success,interaction,0.0,0.0,0.0
high,narrow_gate,8,14,residual_conditioning_minus_plain_conditioning,progress_ratio,interaction,-0.03630693256855011,0.02490474283695221,-0.06121167540550232
high,narrow_gate,8,14,residual_conditioning_minus_plain_conditioning,final_goal_distance,interaction,0.3772656917572026,-0.2587854862213137,0.6360511779785163
high,narrow_gate,8,14,residual_conditioning_minus_plain_conditioning,completion_time,interaction,0.0,0.0,0.0
high,narrow_gate,8,14,residual_conditioning_minus_plain_conditioning,min_distance,interaction,0.013250291347503662,0.05550950765609741,-0.04225921630859375
clean,merge_bottleneck,4,14,residual_conditioning_minus_plain_conditioning,collision,interaction,0.0,0.0,0.0
clean,merge_bottleneck,4,14,residual_conditioning_minus_plain_conditioning,safety_violation,interaction,1.0,0.0,1.0
clean,merge_bottleneck,4,14,residual_conditioning_minus_plain_conditioning,success,interaction,0.0,0.0,0.0
clean,merge_bottleneck,4,14,residual_conditioning_minus_plain_conditioning,progress_ratio,interaction,0.020934075117111206,0.0037790648639199897,0.017155010253191216
clean,merge_bottleneck,4,14,residual_conditioning_minus_plain_conditioning,final_goal_distance,interaction,-0.21711546182632446,-0.03919416666030884,-0.17792129516601562
clean,merge_bottleneck,4,14,residual_conditioning_minus_plain_conditioning,completion_time,interaction,0.0,0.0,0.0
clean,merge_bottleneck,4,14,residual_conditioning_minus_plain_conditioning,min_distance,interaction,-0.36711287383131164,-0.024153172969818115,-0.3429597008614935
low,merge_bottleneck,4,14,residual_conditioning_minus_plain_conditioning,collision,interaction,0.0,0.0,0.0
low,merge_bottleneck,4,14,residual_conditioning_minus_plain_conditioning,safety_violation,interaction,0.0,0.0,0.0
low,merge_bottleneck,4,14,residual_conditioning_minus_plain_conditioning,success,interaction,0.0,0.0,0.0
low,merge_bottleneck,4,14,residual_conditioning_minus_plain_conditioning,progress_ratio,interaction,-0.0029581934213639416,-0.0033280327916144214,0.00036983937025047986
low,merge_bottleneck,4,14,residual_conditioning_minus_plain_conditioning,final_goal_distance,interaction,0.030680596828460693,0.034516334533691406,-0.003835737705230713
low,merge_bottleneck,4,14,residual_conditioning_minus_plain_conditioning,completion_time,interaction,0.0,0.0,0.0
low,merge_bottleneck,4,14,residual_conditioning_minus_plain_conditioning,min_distance,interaction,-0.16516079724400246,-0.16246989488601682,-0.002690902357985636
medium,merge_bottleneck,4,14,residual_conditioning_minus_plain_conditioning,collision,interaction,0.0,0.0,0.0
medium,merge_bottleneck,4,14,residual_conditioning_minus_plain_conditioning,safety_violation,interaction,0.0,0.0,0.0
medium,merge_bottleneck,4,14,residual_conditioning_minus_plain_conditioning,success,interaction,0.0,0.0,0.0
medium,merge_bottleneck,4,14,residual_conditioning_minus_plain_conditioning,progress_ratio,interaction,-0.008538939058780781,0.014472223818302155,-0.023011162877082936
medium,merge_bottleneck,4,14,residual_conditioning_minus_plain_conditioning,final_goal_distance,interaction,0.08856070041656472,-0.15009713172912598,0.2386578321456907
medium,merge_bottleneck,4,14,residual_conditioning_minus_plain_conditioning,completion_time,interaction,0.0,0.0,0.0
medium,merge_bottleneck,4,14,residual_conditioning_minus_plain_conditioning,min_distance,interaction,-8.156083079013943e-05,-0.14234926696279582,0.14226770613200568
high,merge_bottleneck,4,14,residual_conditioning_minus_plain_conditioning,collision,interaction,0.0,0.0,0.0
high,merge_bottleneck,4,14,residual_conditioning_minus_plain_conditioning,safety_violation,interaction,0.0,0.0,0.0
high,merge_bottleneck,4,14,residual_conditioning_minus_plain_conditioning,success,interaction,0.0,0.0,0.0
high,merge_bottleneck,4,14,residual_conditioning_minus_plain_conditioning,progress_ratio,interaction,0.010711979120969883,-0.007200025022029988,0.01791200414299987
high,merge_bottleneck,4,14,residual_conditioning_minus_plain_conditioning,final_goal_distance,interaction,-0.11109811067581177,0.07467424869537354,-0.1857723593711853
high,merge_bottleneck,4,14,residual_conditioning_minus_plain_conditioning,completion_time,interaction,0.0,0.0,0.0
high,merge_bottleneck,4,14,residual_conditioning_minus_plain_conditioning,min_distance,interaction,0.052010178565979004,-0.07203729483685484,0.12404747340283384
clean,merge_bottleneck,8,14,residual_conditioning_minus_plain_conditioning,collision,interaction,0.0,0.0,0.0
clean,merge_bottleneck,8,14,residual_conditioning_minus_plain_conditioning,safety_violation,interaction,0.0,0.0,0.0
clean,merge_bottleneck,8,14,residual_conditioning_minus_plain_conditioning,success,interaction,0.0,0.0,0.0
clean,merge_bottleneck,8,14,residual_conditioning_minus_plain_conditioning,progress_ratio,interaction,0.0025701820850372314,0.03798854351043701,-0.03541836142539978
clean,merge_bottleneck,8,14,residual_conditioning_minus_plain_conditioning,final_goal_distance,interaction,-0.02661180496215909,-0.3933335542678835,0.36672174930572443
clean,merge_bottleneck,8,14,residual_conditioning_minus_plain_conditioning,completion_time,interaction,0.0,0.0,0.0
clean,merge_bottleneck,8,14,residual_conditioning_minus_plain_conditioning,min_distance,interaction,-0.10799020528793335,0.13951700925827026,-0.2475072145462036
low,merge_bottleneck,8,14,residual_conditioning_minus_plain_conditioning,collision,interaction,0.0,0.0,0.0
low,merge_bottleneck,8,14,residual_conditioning_minus_plain_conditioning,safety_violation,interaction,1.0,-1.0,2.0
low,merge_bottleneck,8,14,residual_conditioning_minus_plain_conditioning,success,interaction,0.0,0.0,0.0
low,merge_bottleneck,8,14,residual_conditioning_minus_plain_conditioning,progress_ratio,interaction,-0.014657020568847656,0.010483786463737488,-0.025140807032585144
low,merge_bottleneck,8,14,residual_conditioning_minus_plain_conditioning,final_goal_distance,interaction,0.15175890922546387,-0.10854911804199263,0.2603080272674565
low,merge_bottleneck,8,14,residual_conditioning_minus_plain_conditioning,completion_time,interaction,0.0,0.0,0.0
low,merge_bottleneck,8,14,residual_conditioning_minus_plain_conditioning,min_distance,interaction,-0.20730429887771606,0.024690091609954834,-0.2319943904876709
medium,merge_bottleneck,8,14,residual_conditioning_minus_plain_conditioning,collision,interaction,0.0,0.0,0.0
medium,merge_bottleneck,8,14,residual_conditioning_minus_plain_conditioning,safety_violation,interaction,0.0,0.0,0.0
medium,merge_bottleneck,8,14,residual_conditioning_minus_plain_conditioning,success,interaction,0.0,0.0,0.0
medium,merge_bottleneck,8,14,residual_conditioning_minus_plain_conditioning,progress_ratio,interaction,0.019559204578399658,0.004640132188796997,0.014919072389602661
medium,merge_bottleneck,8,14,residual_conditioning_minus_plain_conditioning,final_goal_distance,interaction,-0.2025160789489746,-0.04804420471191362,-0.154471874237061
medium,merge_bottleneck,8,14,residual_conditioning_minus_plain_conditioning,completion_time,interaction,0.0,0.0,0.0
medium,merge_bottleneck,8,14,residual_conditioning_minus_plain_conditioning,min_distance,interaction,-0.0006356239318847656,0.06387913227081299,-0.06451475620269775
high,merge_bottleneck,8,14,residual_conditioning_minus_plain_conditioning,collision,interaction,0.0,0.0,0.0
high,merge_bottleneck,8,14,residual_conditioning_minus_plain_conditioning,safety_violation,interaction,1.0,1.0,0.0
high,merge_bottleneck,8,14,residual_conditioning_minus_plain_conditioning,success,interaction,0.0,0.0,0.0
high,merge_bottleneck,8,14,residual_conditioning_minus_plain_conditioning,progress_ratio,interaction,0.030042648315429688,0.044566527009010315,-0.014523878693580627
high,merge_bottleneck,8,14,residual_conditioning_minus_plain_conditioning,final_goal_distance,interaction,-0.3110618591308594,-0.4614419937133789,0.15038013458251953
high,merge_bottleneck,8,14,residual_conditioning_minus_plain_conditioning,completion_time,interaction,0.0,0.0,0.0
high,merge_bottleneck,8,14,residual_conditioning_minus_plain_conditioning,min_distance,interaction,-0.21965518593788147,-0.19121655821800232,-0.02843862771987915
clean,four_way_stop,4,14,residual_conditioning_minus_plain_conditioning,collision,interaction,0.0,0.0,0.0
clean,four_way_stop,4,14,residual_conditioning_minus_plain_conditioning,safety_violation,interaction,0.0,0.0,0.0
clean,four_way_stop,4,14,residual_conditioning_minus_plain_conditioning,success,interaction,0.0,0.0,0.0
clean,four_way_stop,4,14,residual_conditioning_minus_plain_conditioning,progress_ratio,interaction,0.006221977062523365,-0.00241241231560696,0.008634389378130325
clean,four_way_stop,4,14,residual_conditioning_minus_plain_conditioning,final_goal_distance,interaction,-0.059580251574516324,0.023100718855857794,-0.08268097043037412
clean,four_way_stop,4,14,residual_conditioning_minus_plain_conditioning,completion_time,interaction,0.2400000000000002,0.2400000000000002,0.0
clean,four_way_stop,4,14,residual_conditioning_minus_plain_conditioning,min_distance,interaction,0.0025159120559692383,0.0050307512283325195,-0.0025148391723632812
low,four_way_stop,4,14,residual_conditioning_minus_plain_conditioning,collision,interaction,0.0,0.0,0.0
low,four_way_stop,4,14,residual_conditioning_minus_plain_conditioning,safety_violation,interaction,0.0,0.0,0.0
low,four_way_stop,4,14,residual_conditioning_minus_plain_conditioning,success,interaction,0.0,0.0,0.0
low,four_way_stop,4,14,residual_conditioning_minus_plain_conditioning,progress_ratio,interaction,0.001713218167424202,-0.0031825629994272076,0.0048957811668514095
low,four_way_stop,4,14,residual_conditioning_minus_plain_conditioning,final_goal_distance,interaction,-0.01640538871288301,0.030475512146949796,-0.046880900859832805
low,four_way_stop,4,14,residual_conditioning_minus_plain_conditioning,completion_time,interaction,0.9599999999999991,-1.3200000000000003,2.2799999999999994
low,four_way_stop,4,14,residual_conditioning_minus_plain_conditioning,min_distance,interaction,0.10266721248626709,0.1046743392944336,-0.002007126808166504
medium,four_way_stop,4,14,residual_conditioning_minus_plain_conditioning,collision,interaction,0.0,0.0,0.0
medium,four_way_stop,4,14,residual_conditioning_minus_plain_conditioning,safety_violation,interaction,0.0,0.0,0.0
medium,four_way_stop,4,14,residual_conditioning_minus_plain_conditioning,success,interaction,0.0,0.0,0.0
medium,four_way_stop,4,14,residual_conditioning_minus_plain_conditioning,progress_ratio,interaction,-0.00024255085736513138,0.001423676498234383,-0.0016662273555995144
medium,four_way_stop,4,14,residual_conditioning_minus_plain_conditioning,final_goal_distance,interaction,0.002322614192962702,-0.013632804155349815,0.015955418348312517
medium,four_way_stop,4,14,residual_conditioning_minus_plain_conditioning,completion_time,interaction,-0.11999999999999922,0.47999999999999865,-0.5999999999999979
medium,four_way_stop,4,14,residual_conditioning_minus_plain_conditioning,min_distance,interaction,0.1595563292503357,-0.0007898807525634766,0.16034621000289917
high,four_way_stop,4,14,residual_conditioning_minus_plain_conditioning,collision,interaction,0.0,0.0,0.0
high,four_way_stop,4,14,residual_conditioning_minus_plain_conditioning,safety_violation,interaction,0.0,0.0,0.0
high,four_way_stop,4,14,residual_conditioning_minus_plain_conditioning,success,interaction,0.0,0.0,0.0
high,four_way_stop,4,14,residual_conditioning_minus_plain_conditioning,progress_ratio,interaction,-0.0011967010796070099,-0.0002492154017089687,-0.0009474856778980412
high,four_way_stop,4,14,residual_conditioning_minus_plain_conditioning,final_goal_distance,interaction,0.011459343135356903,0.002386428415775299,0.009072914719581604
high,four_way_stop,4,14,residual_conditioning_minus_plain_conditioning,completion_time,interaction,0.11999999999999922,0.4800000000000004,-0.3600000000000012
high,four_way_stop,4,14,residual_conditioning_minus_plain_conditioning,min_distance,interaction,0.08581513166427612,-0.01093679666519165,0.09675192832946777
clean,four_way_stop,8,14,residual_conditioning_minus_plain_conditioning,collision,interaction,0.0,0.0,0.0
clean,four_way_stop,8,14,residual_conditioning_minus_plain_conditioning,safety_violation,interaction,0.0,0.0,0.0
clean,four_way_stop,8,14,residual_conditioning_minus_plain_conditioning,success,interaction,0.0,1.0,-1.0
clean,four_way_stop,8,14,residual_conditioning_minus_plain_conditioning,progress_ratio,interaction,0.0012086126953362308,0.01316080056130875,-0.011952187865972519
clean,four_way_stop,8,14,residual_conditioning_minus_plain_conditioning,final_goal_distance,interaction,-0.011596068739891024,-0.12627167999744413,0.1146756112575531
clean,four_way_stop,8,14,residual_conditioning_minus_plain_conditioning,completion_time,interaction,-1.5600000000000005,-8.879999999999999,7.3199999999999985
clean,four_way_stop,8,14,residual_conditioning_minus_plain_conditioning,min_distance,interaction,-0.004900336265563965,0.05466514825820923,-0.05956548452377319
low,four_way_stop,8,14,residual_conditioning_minus_plain_conditioning,collision,interaction,0.0,0.0,0.0
low,four_way_stop,8,14,residual_conditioning_minus_plain_conditioning,safety_violation,interaction,0.0,0.0,0.0
low,four_way_stop,8,14,residual_conditioning_minus_plain_conditioning,success,interaction,0.0,1.0,-1.0
low,four_way_stop,8,14,residual_conditioning_minus_plain_conditioning,progress_ratio,interaction,-0.0002856124192477383,0.004644295200705417,-0.0049299076199531555
low,four_way_stop,8,14,residual_conditioning_minus_plain_conditioning,final_goal_distance,interaction,0.0027403235435485007,-0.044559821486473083,0.047300145030021584
low,four_way_stop,8,14,residual_conditioning_minus_plain_conditioning,completion_time,interaction,2.4000000000000004,-10.2,12.6
low,four_way_stop,8,14,residual_conditioning_minus_plain_conditioning,min_distance,interaction,0.08000659942626953,0.011280417442321777,0.06872618198394775
medium,four_way_stop,8,14,residual_conditioning_minus_plain_conditioning,collision,interaction,0.0,0.0,0.0
medium,four_way_stop,8,14,residual_conditioning_minus_plain_conditioning,safety_violation,interaction,0.0,0.0,0.0
medium,four_way_stop,8,14,residual_conditioning_minus_plain_conditioning,success,interaction,0.0,0.0,0.0
medium,four_way_stop,8,14,residual_conditioning_minus_plain_conditioning,progress_ratio,interaction,-0.0008988454937935986,-0.003602502867579349,0.0027036573737857506
medium,four_way_stop,8,14,residual_conditioning_minus_plain_conditioning,final_goal_distance,interaction,0.008624002337455722,0.034564316272735596,-0.025940313935279874
medium,four_way_stop,8,14,residual_conditioning_minus_plain_conditioning,completion_time,interaction,2.519999999999998,1.5600000000000005,0.9599999999999973
medium,four_way_stop,8,14,residual_conditioning_minus_plain_conditioning,min_distance,interaction,-0.012745857238769531,0.012086689472198486,-0.024832546710968018
high,four_way_stop,8,14,residual_conditioning_minus_plain_conditioning,collision,interaction,0.0,0.0,0.0
high,four_way_stop,8,14,residual_conditioning_minus_plain_conditioning,safety_violation,interaction,0.0,0.0,0.0
high,four_way_stop,8,14,residual_conditioning_minus_plain_conditioning,success,interaction,0.0,0.0,0.0
high,four_way_stop,8,14,residual_conditioning_minus_plain_conditioning,progress_ratio,interaction,-0.00045493990182876587,-0.0022508446127176285,0.0017959047108888626
high,four_way_stop,8,14,residual_conditioning_minus_plain_conditioning,final_goal_distance,interaction,0.004364937543868991,0.0215957909822464,-0.017230853438377408
high,four_way_stop,8,14,residual_conditioning_minus_plain_conditioning,completion_time,interaction,-7.440000000000001,-0.35999999999999943,-7.080000000000002
high,four_way_stop,8,14,residual_conditioning_minus_plain_conditioning,min_distance,interaction,-0.01807767152786255,0.0015475749969482422,-0.01962524652481079
clean,corridor,4,15,residual_conditioning_minus_plain_conditioning,collision,interaction,0.0,0.0,0.0
clean,corridor,4,15,residual_conditioning_minus_plain_conditioning,safety_violation,interaction,0.0,1.0,-1.0
clean,corridor,4,15,residual_conditioning_minus_plain_conditioning,success,interaction,0.0,0.0,0.0
clean,corridor,4,15,residual_conditioning_minus_plain_conditioning,progress_ratio,interaction,0.0038887057453393936,0.00012972950935374872,0.003758976235985645
clean,corridor,4,15,residual_conditioning_minus_plain_conditioning,final_goal_distance,interaction,-0.039650797843933105,-0.001322768628597204,-0.0383280292153359
clean,corridor,4,15,residual_conditioning_minus_plain_conditioning,completion_time,interaction,0.4800000000000004,1.200000000000001,-0.7200000000000006
clean,corridor,4,15,residual_conditioning_minus_plain_conditioning,min_distance,interaction,0.03198295831680298,-0.20272791385650635,0.23471087217330933
low,corridor,4,15,residual_conditioning_minus_plain_conditioning,collision,interaction,0.0,0.0,0.0
low,corridor,4,15,residual_conditioning_minus_plain_conditioning,safety_violation,interaction,0.0,1.0,-1.0
low,corridor,4,15,residual_conditioning_minus_plain_conditioning,success,interaction,0.0,0.0,0.0
low,corridor,4,15,residual_conditioning_minus_plain_conditioning,progress_ratio,interaction,-6.366986781358719e-05,-0.0002915365621447563,0.00022786669433116913
low,corridor,4,15,residual_conditioning_minus_plain_conditioning,final_goal_distance,interaction,0.0006492063403129994,0.0029726251959800998,-0.0023234188556671004
low,corridor,4,15,residual_conditioning_minus_plain_conditioning,completion_time,interaction,-0.120000000000001,0.4800000000000004,-0.6000000000000014
low,corridor,4,15,residual_conditioning_minus_plain_conditioning,min_distance,interaction,0.028915107250213623,-0.12466579675674438,0.153580904006958
medium,corridor,4,15,residual_conditioning_minus_plain_conditioning,collision,interaction,0.0,0.0,0.0
medium,corridor,4,15,residual_conditioning_minus_plain_conditioning,safety_violation,interaction,0.0,0.0,0.0
medium,corridor,4,15,residual_conditioning_minus_plain_conditioning,success,interaction,0.0,0.0,0.0
medium,corridor,4,15,residual_conditioning_minus_plain_conditioning,progress_ratio,interaction,0.001708786003291607,-0.004049377515912056,0.005758163519203663
medium,corridor,4,15,residual_conditioning_minus_plain_conditioning,final_goal_distance,interaction,-0.017423465847969083,0.04128907620906831,-0.058712542057037395
medium,corridor,4,15,residual_conditioning_minus_plain_conditioning,completion_time,interaction,0.4800000000000004,-1.3200000000000003,1.8000000000000007
medium,corridor,4,15,residual_conditioning_minus_plain_conditioning,min_distance,interaction,-0.0903422617912294,-0.0050969719886779785,-0.08524528980255142
high,corridor,4,15,residual_conditioning_minus_plain_conditioning,collision,interaction,0.0,0.0,0.0
high,corridor,4,15,residual_conditioning_minus_plain_conditioning,safety_violation,interaction,0.0,0.0,0.0
high,corridor,4,15,residual_conditioning_minus_plain_conditioning,success,interaction,0.0,0.0,0.0
high,corridor,4,15,residual_conditioning_minus_plain_conditioning,progress_ratio,interaction,0.0004385402426123619,0.0024115610867740944,-0.0019730208441617325
high,corridor,4,15,residual_conditioning_minus_plain_conditioning,final_goal_distance,interaction,-0.004471525549888611,-0.02458924800157551,0.0201177224516869
high,corridor,4,15,residual_conditioning_minus_plain_conditioning,completion_time,interaction,-0.7200000000000006,2.7600000000000016,-3.480000000000002
high,corridor,4,15,residual_conditioning_minus_plain_conditioning,min_distance,interaction,0.184126615524292,-0.06264549493789673,0.24677211046218872
clean,corridor,8,15,residual_conditioning_minus_plain_conditioning,collision,interaction,0.0,0.0,0.0
clean,corridor,8,15,residual_conditioning_minus_plain_conditioning,safety_violation,interaction,0.0,1.0,-1.0
clean,corridor,8,15,residual_conditioning_minus_plain_conditioning,success,interaction,0.0,0.0,0.0
clean,corridor,8,15,residual_conditioning_minus_plain_conditioning,progress_ratio,interaction,-0.02497834712266922,0.012783147394657246,-0.037761494517326466
clean,corridor,8,15,residual_conditioning_minus_plain_conditioning,final_goal_distance,interaction,0.25276434421539307,-0.1293569803237915,0.38212132453918457
clean,corridor,8,15,residual_conditioning_minus_plain_conditioning,completion_time,interaction,0.0,0.0,0.0
clean,corridor,8,15,residual_conditioning_minus_plain_conditioning,min_distance,interaction,-0.06095266342163086,-0.07219946384429932,0.011246800422668457
low,corridor,8,15,residual_conditioning_minus_plain_conditioning,collision,interaction,0.0,0.0,0.0
low,corridor,8,15,residual_conditioning_minus_plain_conditioning,safety_violation,interaction,0.0,0.0,0.0
low,corridor,8,15,residual_conditioning_minus_plain_conditioning,success,interaction,0.0,0.0,0.0
low,corridor,8,15,residual_conditioning_minus_plain_conditioning,progress_ratio,interaction,-0.008343987166881561,-0.009224228560924419,0.0008802413940428577
low,corridor,8,15,residual_conditioning_minus_plain_conditioning,final_goal_distance,interaction,0.08443558216094971,0.09334307909011841,-0.008907496929168701
low,corridor,8,15,residual_conditioning_minus_plain_conditioning,completion_time,interaction,0.0,0.0,0.0
low,corridor,8,15,residual_conditioning_minus_plain_conditioning,min_distance,interaction,0.04948943853378296,-0.010363221168518066,0.059852659702301025
medium,corridor,8,15,residual_conditioning_minus_plain_conditioning,collision,interaction,0.0,0.0,0.0
medium,corridor,8,15,residual_conditioning_minus_plain_conditioning,safety_violation,interaction,0.0,0.0,0.0
medium,corridor,8,15,residual_conditioning_minus_plain_conditioning,success,interaction,0.0,0.0,0.0
medium,corridor,8,15,residual_conditioning_minus_plain_conditioning,progress_ratio,interaction,-0.010712258517742157,0.00044594705104805676,-0.011158205568790214
medium,corridor,8,15,residual_conditioning_minus_plain_conditioning,final_goal_distance,interaction,0.10840100049972534,-0.004512667655944824,0.11291366815567017
medium,corridor,8,15,residual_conditioning_minus_plain_conditioning,completion_time,interaction,0.0,0.0,0.0
medium,corridor,8,15,residual_conditioning_minus_plain_conditioning,min_distance,interaction,-0.0013127326965332031,-0.025119125843048096,0.023806393146514893
high,corridor,8,15,residual_conditioning_minus_plain_conditioning,collision,interaction,0.0,0.0,0.0
high,corridor,8,15,residual_conditioning_minus_plain_conditioning,safety_violation,interaction,0.0,-1.0,1.0
high,corridor,8,15,residual_conditioning_minus_plain_conditioning,success,interaction,0.0,0.0,0.0
high,corridor,8,15,residual_conditioning_minus_plain_conditioning,progress_ratio,interaction,-0.0019857659935952343,-0.02314656227827061,0.021160796284675376
high,corridor,8,15,residual_conditioning_minus_plain_conditioning,final_goal_distance,interaction,0.020094633102416992,0.23422789573669434,-0.21413326263427734
high,corridor,8,15,residual_conditioning_minus_plain_conditioning,completion_time,interaction,0.0,0.0,0.0
high,corridor,8,15,residual_conditioning_minus_plain_conditioning,min_distance,interaction,-0.06943279504776001,0.0158766508102417,-0.08530944585800171
clean,narrow_gate,4,15,residual_conditioning_minus_plain_conditioning,collision,interaction,0.0,0.0,0.0
clean,narrow_gate,4,15,residual_conditioning_minus_plain_conditioning,safety_violation,interaction,0.0,0.0,0.0
clean,narrow_gate,4,15,residual_conditioning_minus_plain_conditioning,success,interaction,-1.0,0.0,-1.0
clean,narrow_gate,4,15,residual_conditioning_minus_plain_conditioning,progress_ratio,interaction,-0.15859654359519493,9.300187230099066e-05,-0.15868954546749592
clean,narrow_gate,4,15,residual_conditioning_minus_plain_conditioning,final_goal_distance,interaction,1.6730104535818102,-0.0009810626506805004,1.6739915162324908
clean,narrow_gate,4,15,residual_conditioning_minus_plain_conditioning,completion_time,interaction,11.639999999999999,0.2400000000000002,11.399999999999999
clean,narrow_gate,4,15,residual_conditioning_minus_plain_conditioning,min_distance,interaction,0.12117350101470947,0.022824108600616455,0.09834939241409302
low,narrow_gate,4,15,residual_conditioning_minus_plain_conditioning,collision,interaction,0.0,0.0,0.0
low,narrow_gate,4,15,residual_conditioning_minus_plain_conditioning,safety_violation,interaction,0.0,0.0,0.0
low,narrow_gate,4,15,residual_conditioning_minus_plain_conditioning,success,interaction,-1.0,1.0,-2.0
low,narrow_gate,4,15,residual_conditioning_minus_plain_conditioning,progress_ratio,interaction,-0.15579776000231516,0.15942183788865816,-0.3152195978909733
low,narrow_gate,4,15,residual_conditioning_minus_plain_conditioning,final_goal_distance,interaction,1.6434865146875381,-1.6817162930965424,3.3252028077840805
low,narrow_gate,4,15,residual_conditioning_minus_plain_conditioning,completion_time,interaction,12.599999999999998,-11.519999999999998,24.119999999999997
low,narrow_gate,4,15,residual_conditioning_minus_plain_conditioning,min_distance,interaction,0.0,-0.00023728609085083008,0.00023728609085083008
medium,narrow_gate,4,15,residual_conditioning_minus_plain_conditioning,collision,interaction,0.0,0.0,0.0
medium,narrow_gate,4,15,residual_conditioning_minus_plain_conditioning,safety_violation,interaction,0.0,0.0,0.0
medium,narrow_gate,4,15,residual_conditioning_minus_plain_conditioning,success,interaction,-1.0,0.0,-1.0
medium,narrow_gate,4,15,residual_conditioning_minus_plain_conditioning,progress_ratio,interaction,-0.31291811913251877,-0.004110447131097206,-0.30880767200142156
medium,narrow_gate,4,15,residual_conditioning_minus_plain_conditioning,final_goal_distance,interaction,3.30092491209507,0.04336047172546391,3.257564440369606
medium,narrow_gate,4,15,residual_conditioning_minus_plain_conditioning,completion_time,interaction,14.639999999999999,-1.92,16.56
medium,narrow_gate,4,15,residual_conditioning_minus_plain_conditioning,min_distance,interaction,0.15027266406152218,-0.016334474086761475,0.16660713814828365
high,narrow_gate,4,15,residual_conditioning_minus_plain_conditioning,collision,interaction,0.0,0.0,0.0
high,narrow_gate,4,15,residual_conditioning_minus_plain_conditioning,safety_violation,interaction,0.0,0.0,0.0
high,narrow_gate,4,15,residual_conditioning_minus_plain_conditioning,success,interaction,1.0,-1.0,2.0
high,narrow_gate,4,15,residual_conditioning_minus_plain_conditioning,progress_ratio,interaction,0.15647378843277693,-0.00844774954020977,0.1649215379729867
high,narrow_gate,4,15,residual_conditioning_minus_plain_conditioning,final_goal_distance,interaction,-1.6506177932024,0.0891139954328537,-1.7397317886352537
high,narrow_gate,4,15,residual_conditioning_minus_plain_conditioning,completion_time,interaction,-12.839999999999998,3.9599999999999973,-16.799999999999997
high,narrow_gate,4,15,residual_conditioning_minus_plain_conditioning,min_distance,interaction,-0.13872575759887695,-6.415680712024141e-06,-0.13871934191816493
clean,narrow_gate,8,15,residual_conditioning_minus_plain_conditioning,collision,interaction,0.0,0.0,0.0
clean,narrow_gate,8,15,residual_conditioning_minus_plain_conditioning,safety_violation,interaction,0.0,1.0,-1.0
clean,narrow_gate,8,15,residual_conditioning_minus_plain_conditioning,success,interaction,0.0,0.0,0.0
clean,narrow_gate,8,15,residual_conditioning_minus_plain_conditioning,progress_ratio,interaction,0.14850977808237087,-0.17624099552631378,0.32475077360868465
clean,narrow_gate,8,15,residual_conditioning_minus_plain_conditioning,final_goal_distance,interaction,-1.542542576789856,1.8305814266204838,-3.37312400341034
clean,narrow_gate,8,15,residual_conditioning_minus_plain_conditioning,completion_time,interaction,0.0,0.0,0.0
clean,narrow_gate,8,15,residual_conditioning_minus_plain_conditioning,min_distance,interaction,-0.04196524620056152,-0.16995668411254888,0.12799143791198736
low,narrow_gate,8,15,residual_conditioning_minus_plain_conditioning,collision,interaction,0.0,0.0,0.0
low,narrow_gate,8,15,residual_conditioning_minus_plain_conditioning,safety_violation,interaction,0.0,0.0,0.0
low,narrow_gate,8,15,residual_conditioning_minus_plain_conditioning,success,interaction,0.0,0.0,0.0
low,narrow_gate,8,15,residual_conditioning_minus_plain_conditioning,progress_ratio,interaction,-0.013450630009174347,-0.11220517754554749,0.09875454753637314
low,narrow_gate,8,15,residual_conditioning_minus_plain_conditioning,final_goal_distance,interaction,0.13970911502838135,1.1654536724090576,-1.0257445573806763
low,narrow_gate,8,15,residual_conditioning_minus_plain_conditioning,completion_time,interaction,0.0,0.0,0.0
low,narrow_gate,8,15,residual_conditioning_minus_plain_conditioning,min_distance,interaction,-0.02453005313873291,0.13041013479232788,-0.1549401879310608
medium,narrow_gate,8,15,residual_conditioning_minus_plain_conditioning,collision,interaction,0.0,0.0,0.0
medium,narrow_gate,8,15,residual_conditioning_minus_plain_conditioning,safety_violation,interaction,0.0,0.0,0.0
medium,narrow_gate,8,15,residual_conditioning_minus_plain_conditioning,success,interaction,0.0,0.0,0.0
medium,narrow_gate,8,15,residual_conditioning_minus_plain_conditioning,progress_ratio,interaction,-0.12581370770931244,-0.09004800021648418,-0.03576570749282826
medium,narrow_gate,8,15,residual_conditioning_minus_plain_conditioning,final_goal_distance,interaction,1.3068028688430786,0.935311317443848,0.3714915513992306
medium,narrow_gate,8,15,residual_conditioning_minus_plain_conditioning,completion_time,interaction,0.0,0.0,0.0
medium,narrow_gate,8,15,residual_conditioning_minus_plain_conditioning,min_distance,interaction,0.06920033693313599,-0.034586966037750244,0.10378730297088623
high,narrow_gate,8,15,residual_conditioning_minus_plain_conditioning,collision,interaction,0.0,0.0,0.0
high,narrow_gate,8,15,residual_conditioning_minus_plain_conditioning,safety_violation,interaction,0.0,0.0,0.0
high,narrow_gate,8,15,residual_conditioning_minus_plain_conditioning,success,interaction,0.0,0.0,0.0
high,narrow_gate,8,15,residual_conditioning_minus_plain_conditioning,progress_ratio,interaction,0.07562177628278732,-0.07267923653125752,0.14830101281404484
high,narrow_gate,8,15,residual_conditioning_minus_plain_conditioning,final_goal_distance,interaction,-0.7854689955711365,0.7549053430557253,-1.5403743386268618
high,narrow_gate,8,15,residual_conditioning_minus_plain_conditioning,completion_time,interaction,0.0,0.0,0.0
high,narrow_gate,8,15,residual_conditioning_minus_plain_conditioning,min_distance,interaction,-0.012688815593719482,0.06079226732254028,-0.07348108291625977
clean,merge_bottleneck,4,15,residual_conditioning_minus_plain_conditioning,collision,interaction,0.0,0.0,0.0
clean,merge_bottleneck,4,15,residual_conditioning_minus_plain_conditioning,safety_violation,interaction,0.0,0.0,0.0
clean,merge_bottleneck,4,15,residual_conditioning_minus_plain_conditioning,success,interaction,0.0,0.0,0.0
clean,merge_bottleneck,4,15,residual_conditioning_minus_plain_conditioning,progress_ratio,interaction,0.059369076043367386,0.021793320775032043,0.03757575526833534
clean,merge_bottleneck,4,15,residual_conditioning_minus_plain_conditioning,final_goal_distance,interaction,-0.616645812988281,-0.22635960578918463,-0.3902862071990964
clean,merge_bottleneck,4,15,residual_conditioning_minus_plain_conditioning,completion_time,interaction,0.0,0.0,0.0
clean,merge_bottleneck,4,15,residual_conditioning_minus_plain_conditioning,min_distance,interaction,-0.18764065212768855,0.04252602955699003,-0.23016668168467858
low,merge_bottleneck,4,15,residual_conditioning_minus_plain_conditioning,collision,interaction,0.0,0.0,0.0
low,merge_bottleneck,4,15,residual_conditioning_minus_plain_conditioning,safety_violation,interaction,0.0,0.0,0.0
low,merge_bottleneck,4,15,residual_conditioning_minus_plain_conditioning,success,interaction,0.0,0.0,0.0
low,merge_bottleneck,4,15,residual_conditioning_minus_plain_conditioning,progress_ratio,interaction,0.00959128513932217,0.0010168813169002533,0.008574403822421917
low,merge_bottleneck,4,15,residual_conditioning_minus_plain_conditioning,final_goal_distance,interaction,-0.09962132573127752,-0.010562002658843994,-0.08905932307243353
low,merge_bottleneck,4,15,residual_conditioning_minus_plain_conditioning,completion_time,interaction,0.0,0.0,0.0
low,merge_bottleneck,4,15,residual_conditioning_minus_plain_conditioning,min_distance,interaction,-1.3768936365510243e-06,-0.22763019812328145,0.2276288212296449
medium,merge_bottleneck,4,15,residual_conditioning_minus_plain_conditioning,collision,interaction,0.0,0.0,0.0
medium,merge_bottleneck,4,15,residual_conditioning_minus_plain_conditioning,safety_violation,interaction,0.0,0.0,0.0
medium,merge_bottleneck,4,15,residual_conditioning_minus_plain_conditioning,success,interaction,0.0,0.0,0.0
medium,merge_bottleneck,4,15,residual_conditioning_minus_plain_conditioning,progress_ratio,interaction,-0.0019991733133793987,0.012519411742687336,-0.014518585056066735
medium,merge_bottleneck,4,15,residual_conditioning_minus_plain_conditioning,final_goal_distance,interaction,0.020764708518981934,-0.13003474473953258,0.15079945325851452
medium,merge_bottleneck,4,15,residual_conditioning_minus_plain_conditioning,completion_time,interaction,0.0,0.0,0.0
medium,merge_bottleneck,4,15,residual_conditioning_minus_plain_conditioning,min_distance,interaction,-1.8248269748166734e-05,-0.017051370143890354,0.017033121874142187
high,merge_bottleneck,4,15,residual_conditioning_minus_plain_conditioning,collision,interaction,0.0,0.0,0.0
high,merge_bottleneck,4,15,residual_conditioning_minus_plain_conditioning,safety_violation,interaction,0.0,-1.0,1.0
high,merge_bottleneck,4,15,residual_conditioning_minus_plain_conditioning,success,interaction,0.0,0.0,0.0
high,merge_bottleneck,4,15,residual_conditioning_minus_plain_conditioning,progress_ratio,interaction,0.0261635184288026,-0.05094091221690178,0.07710443064570438
high,merge_bottleneck,4,15,residual_conditioning_minus_plain_conditioning,final_goal_distance,interaction,-0.271751344203949,0.5291054248809814,-0.8008567690849304
high,merge_bottleneck,4,15,residual_conditioning_minus_plain_conditioning,completion_time,interaction,0.0,0.0,0.0
high,merge_bottleneck,4,15,residual_conditioning_minus_plain_conditioning,min_distance,interaction,0.002484957606651461,0.3652032307630011,-0.36271827315634964
clean,merge_bottleneck,8,15,residual_conditioning_minus_plain_conditioning,collision,interaction,0.0,0.0,0.0
clean,merge_bottleneck,8,15,residual_conditioning_minus_plain_conditioning,safety_violation,interaction,0.0,0.0,0.0
clean,merge_bottleneck,8,15,residual_conditioning_minus_plain_conditioning,success,interaction,0.0,0.0,0.0
clean,merge_bottleneck,8,15,residual_conditioning_minus_plain_conditioning,progress_ratio,interaction,0.06842322647571564,0.015656352043151855,0.05276687443256378
clean,merge_bottleneck,8,15,residual_conditioning_minus_plain_conditioning,final_goal_distance,interaction,-0.708073616027832,-0.1620187759399414,-0.5460548400878906
clean,merge_bottleneck,8,15,residual_conditioning_minus_plain_conditioning,completion_time,interaction,0.0,0.0,0.0
clean,merge_bottleneck,8,15,residual_conditioning_minus_plain_conditioning,min_distance,interaction,0.1053662896156311,0.122272789478302,-0.0169064998626709
low,merge_bottleneck,8,15,residual_conditioning_minus_plain_conditioning,collision,interaction,0.0,0.0,0.0
low,merge_bottleneck,8,15,residual_conditioning_minus_plain_conditioning,safety_violation,interaction,0.0,0.0,0.0
low,merge_bottleneck,8,15,residual_conditioning_minus_plain_conditioning,success,interaction,0.0,0.0,0.0
low,merge_bottleneck,8,15,residual_conditioning_minus_plain_conditioning,progress_ratio,interaction,-0.047210246324539185,-0.031821638345718384,-0.0153886079788208
low,merge_bottleneck,8,15,residual_conditioning_minus_plain_conditioning,final_goal_distance,interaction,0.4885523319244385,0.32930445671081543,0.15924787521362305
low,merge_bottleneck,8,15,residual_conditioning_minus_plain_conditioning,completion_time,interaction,0.0,0.0,0.0
low,merge_bottleneck,8,15,residual_conditioning_minus_plain_conditioning,min_distance,interaction,0.09719234704971313,-0.013522207736968994,0.11071455478668213
medium,merge_bottleneck,8,15,residual_conditioning_minus_plain_conditioning,collision,interaction,0.0,0.0,0.0
medium,merge_bottleneck,8,15,residual_conditioning_minus_plain_conditioning,safety_violation,interaction,0.0,1.0,-1.0
medium,merge_bottleneck,8,15,residual_conditioning_minus_plain_conditioning,success,interaction,0.0,0.0,0.0
medium,merge_bottleneck,8,15,residual_conditioning_minus_plain_conditioning,progress_ratio,interaction,0.060522809624671936,-0.0027751922607421875,0.06329800188541412
medium,merge_bottleneck,8,15,residual_conditioning_minus_plain_conditioning,final_goal_distance,interaction,-0.6263166666030884,0.028718948364257812,-0.6550356149673462
medium,merge_bottleneck,8,15,residual_conditioning_minus_plain_conditioning,completion_time,interaction,0.0,0.0,0.0
medium,merge_bottleneck,8,15,residual_conditioning_minus_plain_conditioning,min_distance,interaction,-0.007466912269592285,-0.14036992192268377,0.1329030096530915
high,merge_bottleneck,8,15,residual_conditioning_minus_plain_conditioning,collision,interaction,0.0,0.0,0.0
high,merge_bottleneck,8,15,residual_conditioning_minus_plain_conditioning,safety_violation,interaction,0.0,-1.0,1.0
high,merge_bottleneck,8,15,residual_conditioning_minus_plain_conditioning,success,interaction,0.0,0.0,0.0
high,merge_bottleneck,8,15,residual_conditioning_minus_plain_conditioning,progress_ratio,interaction,-0.07916191220283508,-0.013049304485321045,-0.06611260771751404
high,merge_bottleneck,8,15,residual_conditioning_minus_plain_conditioning,final_goal_distance,interaction,0.8192024230957031,0.1350400447845459,0.6841623783111572
high,merge_bottleneck,8,15,residual_conditioning_minus_plain_conditioning,completion_time,interaction,0.0,0.0,0.0
high,merge_bottleneck,8,15,residual_conditioning_minus_plain_conditioning,min_distance,interaction,-0.06300005316734314,0.17952287197113037,-0.2425229251384735
clean,four_way_stop,4,15,residual_conditioning_minus_plain_conditioning,collision,interaction,0.0,0.0,0.0
clean,four_way_stop,4,15,residual_conditioning_minus_plain_conditioning,safety_violation,interaction,0.0,0.0,0.0
clean,four_way_stop,4,15,residual_conditioning_minus_plain_conditioning,success,interaction,0.0,0.0,0.0
clean,four_way_stop,4,15,residual_conditioning_minus_plain_conditioning,progress_ratio,interaction,-0.013700474053621403,-0.0015827100723981857,-0.012117763981223217
clean,four_way_stop,4,15,residual_conditioning_minus_plain_conditioning,final_goal_distance,interaction,0.13144281506538388,0.0151845663785935,0.11625824868679038
clean,four_way_stop,4,15,residual_conditioning_minus_plain_conditioning,completion_time,interaction,-0.4800000000000004,-0.2400000000000002,-0.2400000000000002
clean,four_way_stop,4,15,residual_conditioning_minus_plain_conditioning,min_distance,interaction,-0.015294432640075573,0.0036667585372924805,-0.018961191177368053
low,four_way_stop,4,15,residual_conditioning_minus_plain_conditioning,collision,interaction,0.0,0.0,0.0
low,four_way_stop,4,15,residual_conditioning_minus_plain_conditioning,safety_violation,interaction,0.0,0.0,0.0
low,four_way_stop,4,15,residual_conditioning_minus_plain_conditioning,success,interaction,0.0,0.0,0.0
low,four_way_stop,4,15,residual_conditioning_minus_plain_conditioning,progress_ratio,interaction,0.00026637408882401736,-0.0028336625546215854,0.003100036643445603
low,four_way_stop,4,15,residual_conditioning_minus_plain_conditioning,final_goal_distance,interaction,-0.002555601298809093,0.027186252176761697,-0.02974185347557079
low,four_way_stop,4,15,residual_conditioning_minus_plain_conditioning,completion_time,interaction,0.11999999999999922,0.0,0.11999999999999922
low,four_way_stop,4,15,residual_conditioning_minus_plain_conditioning,min_distance,interaction,-0.015636682510375977,0.00045746564865112305,-0.0160941481590271
medium,four_way_stop,4,15,residual_conditioning_minus_plain_conditioning,collision,interaction,0.0,0.0,0.0
medium,four_way_stop,4,15,residual_conditioning_minus_plain_conditioning,safety_violation,interaction,0.0,0.0,0.0
medium,four_way_stop,4,15,residual_conditioning_minus_plain_conditioning,success,interaction,0.0,0.0,0.0
medium,four_way_stop,4,15,residual_conditioning_minus_plain_conditioning,progress_ratio,interaction,-0.0017766086384651825,0.0030304715037348107,-0.004807080142199993
medium,four_way_stop,4,15,residual_conditioning_minus_plain_conditioning,final_goal_distance,interaction,0.01704484224319458,-0.029074445366859394,0.046119287610053974
medium,four_way_stop,4,15,residual_conditioning_minus_plain_conditioning,completion_time,interaction,0.2400000000000002,-0.4800000000000004,0.7200000000000006
medium,four_way_stop,4,15,residual_conditioning_minus_plain_conditioning,min_distance,interaction,-0.10588663816452037,-0.0017518997192382812,-0.1041347384452821
high,four_way_stop,4,15,residual_conditioning_minus_plain_conditioning,collision,interaction,0.0,0.0,0.0
high,four_way_stop,4,15,residual_conditioning_minus_plain_conditioning,safety_violation,interaction,0.0,0.0,0.0
high,four_way_stop,4,15,residual_conditioning_minus_plain_conditioning,success,interaction,0.0,0.0,0.0
high,four_way_stop,4,15,residual_conditioning_minus_plain_conditioning,progress_ratio,interaction,0.0038266154006124653,0.0026372168213130154,0.00118939857929945
high,four_way_stop,4,15,residual_conditioning_minus_plain_conditioning,final_goal_distance,interaction,-0.03671267628669739,-0.025301553308963803,-0.011411122977733584
high,four_way_stop,4,15,residual_conditioning_minus_plain_conditioning,completion_time,interaction,-0.120000000000001,-0.23999999999999844,0.11999999999999744
high,four_way_stop,4,15,residual_conditioning_minus_plain_conditioning,min_distance,interaction,0.0,0.0223391056060791,-0.0223391056060791
clean,four_way_stop,8,15,residual_conditioning_minus_plain_conditioning,collision,interaction,0.0,0.0,0.0
clean,four_way_stop,8,15,residual_conditioning_minus_plain_conditioning,safety_violation,interaction,0.0,0.0,0.0
clean,four_way_stop,8,15,residual_conditioning_minus_plain_conditioning,success,interaction,0.0,0.0,0.0
clean,four_way_stop,8,15,residual_conditioning_minus_plain_conditioning,progress_ratio,interaction,0.006217457354068756,-0.004654657095670589,0.010872114449739345
clean,four_way_stop,8,15,residual_conditioning_minus_plain_conditioning,final_goal_distance,interaction,-0.059629708528518593,0.04464137554168701,-0.1042710840702056
clean,four_way_stop,8,15,residual_conditioning_minus_plain_conditioning,completion_time,interaction,-8.519999999999998,-6.120000000000001,-2.399999999999997
clean,four_way_stop,8,15,residual_conditioning_minus_plain_conditioning,min_distance,interaction,-0.059271931648254395,0.015011310577392578,-0.07428324222564697
low,four_way_stop,8,15,residual_conditioning_minus_plain_conditioning,collision,interaction,0.0,0.0,0.0
low,four_way_stop,8,15,residual_conditioning_minus_plain_conditioning,safety_violation,interaction,0.0,0.0,0.0
low,four_way_stop,8,15,residual_conditioning_minus_plain_conditioning,success,interaction,-1.0,0.0,-1.0
low,four_way_stop,8,15,residual_conditioning_minus_plain_conditioning,progress_ratio,interaction,-0.0033468492329120636,0.002391275018453598,-0.005738124251365662
low,four_way_stop,8,15,residual_conditioning_minus_plain_conditioning,final_goal_distance,interaction,0.03209859132766721,-0.022933974862098694,0.0550325661897659
low,four_way_stop,8,15,residual_conditioning_minus_plain_conditioning,completion_time,interaction,14.159999999999998,2.5200000000000014,11.639999999999997
low,four_way_stop,8,15,residual_conditioning_minus_plain_conditioning,min_distance,interaction,0.0011464357376098633,-0.0022690892219543457,0.003415524959564209
medium,four_way_stop,8,15,residual_conditioning_minus_plain_conditioning,collision,interaction,0.0,0.0,0.0
medium,four_way_stop,8,15,residual_conditioning_minus_plain_conditioning,safety_violation,interaction,0.0,0.0,0.0
medium,four_way_stop,8,15,residual_conditioning_minus_plain_conditioning,success,interaction,0.0,1.0,-1.0
medium,four_way_stop,8,15,residual_conditioning_minus_plain_conditioning,progress_ratio,interaction,0.0011637620627880096,0.0032483860850335278,-0.002084624022245518
medium,four_way_stop,8,15,residual_conditioning_minus_plain_conditioning,final_goal_distance,interaction,-0.0111612677574158,-0.031154260039329612,0.019992992281913813
medium,four_way_stop,8,15,residual_conditioning_minus_plain_conditioning,completion_time,interaction,-0.23999999999999844,-12.12,11.88
medium,four_way_stop,8,15,residual_conditioning_minus_plain_conditioning,min_distance,interaction,0.018468618392944336,-0.06367069482803345,0.08213931322097778
high,four_way_stop,8,15,residual_conditioning_minus_plain_conditioning,collision,interaction,0.0,0.0,0.0
high,four_way_stop,8,15,residual_conditioning_minus_plain_conditioning,safety_violation,interaction,0.0,0.0,0.0
high,four_way_stop,8,15,residual_conditioning_minus_plain_conditioning,success,interaction,0.0,1.0,-1.0
high,four_way_stop,8,15,residual_conditioning_minus_plain_conditioning,progress_ratio,interaction,-0.0016172192990779877,0.002950420603156201,-0.0045676399022341885
high,four_way_stop,8,15,residual_conditioning_minus_plain_conditioning,final_goal_distance,interaction,0.015510246157646207,-0.028296560049057007,0.043806806206703214
high,four_way_stop,8,15,residual_conditioning_minus_plain_conditioning,completion_time,interaction,-0.35999999999999943,-3.9599999999999973,3.599999999999998
high,four_way_stop,8,15,residual_conditioning_minus_plain_conditioning,min_distance,interaction,-0.039537787437438965,-0.03296661376953125,-0.006571173667907715
clean,corridor,4,16,residual_conditioning_minus_plain_conditioning,collision,interaction,0.0,0.0,0.0
clean,corridor,4,16,residual_conditioning_minus_plain_conditioning,safety_violation,interaction,0.0,0.0,0.0
clean,corridor,4,16,residual_conditioning_minus_plain_conditioning,success,interaction,0.0,0.0,0.0
clean,corridor,4,16,residual_conditioning_minus_plain_conditioning,progress_ratio,interaction,0.0033386433497071266,0.00013409089297078403,0.0032045524567363426
clean,corridor,4,16,residual_conditioning_minus_plain_conditioning,final_goal_distance,interaction,-0.03419601172208789,-0.0013734251260758001,-0.03282258659601209
clean,corridor,4,16,residual_conditioning_minus_plain_conditioning,completion_time,interaction,0.9599999999999991,-0.35999999999999943,1.3199999999999985
clean,corridor,4,16,residual_conditioning_minus_plain_conditioning,min_distance,interaction,0.006419003009796143,-0.01792323589324951,0.024342238903045654
low,corridor,4,16,residual_conditioning_minus_plain_conditioning,collision,interaction,0.0,0.0,0.0
low,corridor,4,16,residual_conditioning_minus_plain_conditioning,safety_violation,interaction,0.0,-1.0,1.0
low,corridor,4,16,residual_conditioning_minus_plain_conditioning,success,interaction,0.0,0.0,0.0
low,corridor,4,16,residual_conditioning_minus_plain_conditioning,progress_ratio,interaction,0.001233469694852718,0.00014648772776126862,0.0010869819670914493
low,corridor,4,16,residual_conditioning_minus_plain_conditioning,final_goal_distance,interaction,-0.012633800506591797,-0.0015003904700278958,-0.011133410036563901
low,corridor,4,16,residual_conditioning_minus_plain_conditioning,completion_time,interaction,-0.8399999999999999,-0.47999999999999865,-0.3600000000000012
low,corridor,4,16,residual_conditioning_minus_plain_conditioning,min_distance,interaction,0.06590157747268677,0.04420092701911926,0.021700650453567505
medium,corridor,4,16,residual_conditioning_minus_plain_conditioning,collision,interaction,0.0,0.0,0.0
medium,corridor,4,16,residual_conditioning_minus_plain_conditioning,safety_violation,interaction,0.0,0.0,0.0
medium,corridor,4,16,residual_conditioning_minus_plain_conditioning,success,interaction,0.0,0.0,0.0
medium,corridor,4,16,residual_conditioning_minus_plain_conditioning,progress_ratio,interaction,0.002289692871272564,-0.0010996395722030483,0.0033893324434756122
medium,corridor,4,16,residual_conditioning_minus_plain_conditioning,final_goal_distance,interaction,-0.023452147841453608,0.011263042688369695,-0.0347151905298233
medium,corridor,4,16,residual_conditioning_minus_plain_conditioning,completion_time,interaction,0.2400000000000002,0.6000000000000014,-0.3600000000000012
medium,corridor,4,16,residual_conditioning_minus_plain_conditioning,min_distance,interaction,0.007887959480285645,-0.018482983112335205,0.02637094259262085
high,corridor,4,16,residual_conditioning_minus_plain_conditioning,collision,interaction,0.0,0.0,0.0
high,corridor,4,16,residual_conditioning_minus_plain_conditioning,safety_violation,interaction,0.0,0.0,0.0
high,corridor,4,16,residual_conditioning_minus_plain_conditioning,success,interaction,0.0,0.0,0.0
high,corridor,4,16,residual_conditioning_minus_plain_conditioning,progress_ratio,interaction,-0.0037084929645063713,0.0029227081686258316,-0.006631201133132203
high,corridor,4,16,residual_conditioning_minus_plain_conditioning,final_goal_distance,interaction,0.03798419237136841,-0.029935806989669786,0.0679199993610382
high,corridor,4,16,residual_conditioning_minus_plain_conditioning,completion_time,interaction,-0.3600000000000012,0.7199999999999989,-1.08
high,corridor,4,16,residual_conditioning_minus_plain_conditioning,min_distance,interaction,0.044773995876312256,0.02646505832672119,0.018308937549591064
clean,corridor,8,16,residual_conditioning_minus_plain_conditioning,collision,interaction,0.0,0.0,0.0
clean,corridor,8,16,residual_conditioning_minus_plain_conditioning,safety_violation,interaction,0.0,0.0,0.0
clean,corridor,8,16,residual_conditioning_minus_plain_conditioning,success,interaction,0.0,0.0,0.0
clean,corridor,8,16,residual_conditioning_minus_plain_conditioning,progress_ratio,interaction,0.015792112797498592,0.0009074360132217407,0.014884676784276851
clean,corridor,8,16,residual_conditioning_minus_plain_conditioning,final_goal_distance,interaction,-0.1598617434501648,-0.009185850620269775,-0.15067589282989502
clean,corridor,8,16,residual_conditioning_minus_plain_conditioning,completion_time,interaction,0.0,0.0,0.0
clean,corridor,8,16,residual_conditioning_minus_plain_conditioning,min_distance,interaction,-0.02467668056488037,0.031893372535705566,-0.05657005310058594
low,corridor,8,16,residual_conditioning_minus_plain_conditioning,collision,interaction,0.0,0.0,0.0
low,corridor,8,16,residual_conditioning_minus_plain_conditioning,safety_violation,interaction,0.0,0.0,0.0
low,corridor,8,16,residual_conditioning_minus_plain_conditioning,success,interaction,0.0,0.0,0.0
low,corridor,8,16,residual_conditioning_minus_plain_conditioning,progress_ratio,interaction,-0.011894792318344227,-0.005943901836872212,-0.005950890481472015
low,corridor,8,16,residual_conditioning_minus_plain_conditioning,final_goal_distance,interaction,0.12040966749191284,0.06016939878463745,0.06024026870727539
low,corridor,8,16,residual_conditioning_minus_plain_conditioning,completion_time,interaction,0.0,0.0,0.0
low,corridor,8,16,residual_conditioning_minus_plain_conditioning,min_distance,interaction,-0.011518299579620361,0.09131038188934326,-0.10282868146896362
medium,corridor,8,16,residual_conditioning_minus_plain_conditioning,collision,interaction,0.0,0.0,0.0
medium,corridor,8,16,residual_conditioning_minus_plain_conditioning,safety_violation,interaction,0.0,0.0,0.0
medium,corridor,8,16,residual_conditioning_minus_plain_conditioning,success,interaction,0.0,0.0,0.0
medium,corridor,8,16,residual_conditioning_minus_plain_conditioning,progress_ratio,interaction,0.012089625000953785,-0.0009203776717183754,0.01301000267267216
medium,corridor,8,16,residual_conditioning_minus_plain_conditioning,final_goal_distance,interaction,-0.12238186597824097,0.009316861629486084,-0.13169872760772705
medium,corridor,8,16,residual_conditioning_minus_plain_conditioning,completion_time,interaction,0.0,0.0,0.0
medium,corridor,8,16,residual_conditioning_minus_plain_conditioning,min_distance,interaction,0.03397262096405029,0.06308847665786743,-0.02911585569381714
high,corridor,8,16,residual_conditioning_minus_plain_conditioning,collision,interaction,0.0,1.0,-1.0
high,corridor,8,16,residual_conditioning_minus_plain_conditioning,safety_violation,interaction,0.0,1.0,-1.0
high,corridor,8,16,residual_conditioning_minus_plain_conditioning,success,interaction,0.0,0.0,0.0
high,corridor,8,16,residual_conditioning_minus_plain_conditioning,progress_ratio,interaction,-0.003038763999938965,-0.005297705531120411,0.0022589415311814465
high,corridor,8,16,residual_conditioning_minus_plain_conditioning,final_goal_distance,interaction,0.03076106309890747,0.05362808704376221,-0.022867023944854736
high,corridor,8,16,residual_conditioning_minus_plain_conditioning,completion_time,interaction,0.0,0.0,0.0
high,corridor,8,16,residual_conditioning_minus_plain_conditioning,min_distance,interaction,0.0390697717666626,-0.16977396607398987,0.20884373784065247
clean,narrow_gate,4,16,residual_conditioning_minus_plain_conditioning,collision,interaction,0.0,0.0,0.0
clean,narrow_gate,4,16,residual_conditioning_minus_plain_conditioning,safety_violation,interaction,0.0,0.0,0.0
clean,narrow_gate,4,16,residual_conditioning_minus_plain_conditioning,success,interaction,0.0,0.0,0.0
clean,narrow_gate,4,16,residual_conditioning_minus_plain_conditioning,progress_ratio,interaction,0.0033969134092330933,0.19053144752979279,-0.1871345341205597
clean,narrow_gate,4,16,residual_conditioning_minus_plain_conditioning,final_goal_distance,interaction,-0.03579843044281006,-2.007918953895569,1.9721205234527588
clean,narrow_gate,4,16,residual_conditioning_minus_plain_conditioning,completion_time,interaction,0.0,0.0,0.0
clean,narrow_gate,4,16,residual_conditioning_minus_plain_conditioning,min_distance,interaction,0.0,0.0,0.0
low,narrow_gate,4,16,residual_conditioning_minus_plain_conditioning,collision,interaction,0.0,0.0,0.0
low,narrow_gate,4,16,residual_conditioning_minus_plain_conditioning,safety_violation,interaction,0.0,0.0,0.0
low,narrow_gate,4,16,residual_conditioning_minus_plain_conditioning,success,interaction,0.0,0.0,0.0
low,narrow_gate,4,16,residual_conditioning_minus_plain_conditioning,progress_ratio,interaction,-0.006307855248451233,0.01649707555770874,-0.022804930806159973
low,narrow_gate,4,16,residual_conditioning_minus_plain_conditioning,final_goal_distance,interaction,0.066475510597229,-0.17385458946228027,0.24033010005950928
low,narrow_gate,4,16,residual_conditioning_minus_plain_conditioning,completion_time,interaction,0.0,0.0,0.0
low,narrow_gate,4,16,residual_conditioning_minus_plain_conditioning,min_distance,interaction,0.07565484561425984,0.0007172930439859337,0.0749375525702739
medium,narrow_gate,4,16,residual_conditioning_minus_plain_conditioning,collision,interaction,0.0,0.0,0.0
medium,narrow_gate,4,16,residual_conditioning_minus_plain_conditioning,safety_violation,interaction,0.0,0.0,0.0
medium,narrow_gate,4,16,residual_conditioning_minus_plain_conditioning,success,interaction,-1.0,-1.0,0.0
medium,narrow_gate,4,16,residual_conditioning_minus_plain_conditioning,progress_ratio,interaction,-0.15095284953713417,-0.1523701371625067,0.0014172876253725208
medium,narrow_gate,4,16,residual_conditioning_minus_plain_conditioning,final_goal_distance,interaction,1.5908192694187164,1.605755463242531,-0.014936193823814614
medium,narrow_gate,4,16,residual_conditioning_minus_plain_conditioning,completion_time,interaction,2.879999999999999,3.2399999999999984,-0.35999999999999943
medium,narrow_gate,4,16,residual_conditioning_minus_plain_conditioning,min_distance,interaction,-0.026763081550598145,0.24018120765686035,-0.2669442892074585
high,narrow_gate,4,16,residual_conditioning_minus_plain_conditioning,collision,interaction,0.0,0.0,0.0
high,narrow_gate,4,16,residual_conditioning_minus_plain_conditioning,safety_violation,interaction,0.0,0.0,0.0
high,narrow_gate,4,16,residual_conditioning_minus_plain_conditioning,success,interaction,0.0,-1.0,1.0
high,narrow_gate,4,16,residual_conditioning_minus_plain_conditioning,progress_ratio,interaction,-0.004594908095896466,-0.09349252935498964,0.08889762125909317
high,narrow_gate,4,16,residual_conditioning_minus_plain_conditioning,final_goal_distance,interaction,0.04842352122068411,0.9852726757526399,-0.9368491545319557
high,narrow_gate,4,16,residual_conditioning_minus_plain_conditioning,completion_time,interaction,-2.639999999999997,4.559999999999999,-7.199999999999996
high,narrow_gate,4,16,residual_conditioning_minus_plain_conditioning,min_distance,interaction,-0.09581134429481197,-0.1214834451675415,0.02567210087272953
clean,narrow_gate,8,16,residual_conditioning_minus_plain_conditioning,collision,interaction,0.0,0.0,0.0
clean,narrow_gate,8,16,residual_conditioning_minus_plain_conditioning,safety_violation,interaction,0.0,0.0,0.0
clean,narrow_gate,8,16,residual_conditioning_minus_plain_conditioning,success,interaction,0.0,0.0,0.0
clean,narrow_gate,8,16,residual_conditioning_minus_plain_conditioning,progress_ratio,interaction,0.0022081732749938965,0.1440746709704399,-0.14186649769544601
clean,narrow_gate,8,16,residual_conditioning_minus_plain_conditioning,final_goal_distance,interaction,-0.022790789604187234,-1.487015187740326,1.4642243981361387
clean,narrow_gate,8,16,residual_conditioning_minus_plain_conditioning,completion_time,interaction,0.0,0.0,0.0
clean,narrow_gate,8,16,residual_conditioning_minus_plain_conditioning,min_distance,interaction,0.04692870378494263,0.019719958305358887,0.02720874547958374
low,narrow_gate,8,16,residual_conditioning_minus_plain_conditioning,collision,interaction,0.0,0.0,0.0
low,narrow_gate,8,16,residual_conditioning_minus_plain_conditioning,safety_violation,interaction,0.0,0.0,0.0
low,narrow_gate,8,16,residual_conditioning_minus_plain_conditioning,success,interaction,0.0,0.0,0.0
low,narrow_gate,8,16,residual_conditioning_minus_plain_conditioning,progress_ratio,interaction,-0.23841652274131775,0.06553652882575989,-0.30395305156707764
low,narrow_gate,8,16,residual_conditioning_minus_plain_conditioning,final_goal_distance,interaction,2.460730791091919,-0.6764121055603023,3.1371428966522212
low,narrow_gate,8,16,residual_conditioning_minus_plain_conditioning,completion_time,interaction,0.0,0.0,0.0
low,narrow_gate,8,16,residual_conditioning_minus_plain_conditioning,min_distance,interaction,-0.04922884702682495,-0.034229159355163574,-0.014999687671661377
medium,narrow_gate,8,16,residual_conditioning_minus_plain_conditioning,collision,interaction,0.0,0.0,0.0
medium,narrow_gate,8,16,residual_conditioning_minus_plain_conditioning,safety_violation,interaction,0.0,0.0,0.0
medium,narrow_gate,8,16,residual_conditioning_minus_plain_conditioning,success,interaction,0.0,0.0,0.0
medium,narrow_gate,8,16,residual_conditioning_minus_plain_conditioning,progress_ratio,interaction,0.08100906014442444,0.2124861180782318,-0.13147705793380737
medium,narrow_gate,8,16,residual_conditioning_minus_plain_conditioning,final_goal_distance,interaction,-0.836105942726135,-2.1930992603302,1.3569933176040652
medium,narrow_gate,8,16,residual_conditioning_minus_plain_conditioning,completion_time,interaction,0.0,0.0,0.0
medium,narrow_gate,8,16,residual_conditioning_minus_plain_conditioning,min_distance,interaction,0.022780656814575195,0.13465523719787598,-0.11187458038330078
high,narrow_gate,8,16,residual_conditioning_minus_plain_conditioning,collision,interaction,0.0,0.0,0.0
high,narrow_gate,8,16,residual_conditioning_minus_plain_conditioning,safety_violation,interaction,0.0,0.0,0.0
high,narrow_gate,8,16,residual_conditioning_minus_plain_conditioning,success,interaction,0.0,0.0,0.0
high,narrow_gate,8,16,residual_conditioning_minus_plain_conditioning,progress_ratio,interaction,0.08662460744380951,0.10680776089429855,-0.020183153450489044
high,narrow_gate,8,16,residual_conditioning_minus_plain_conditioning,final_goal_distance,interaction,-0.8940649032592773,-1.1023781299591064,0.2083132266998291
high,narrow_gate,8,16,residual_conditioning_minus_plain_conditioning,completion_time,interaction,0.0,0.0,0.0
high,narrow_gate,8,16,residual_conditioning_minus_plain_conditioning,min_distance,interaction,-0.04407703876495361,-0.03474223613739014,-0.009334802627563477
clean,merge_bottleneck,4,16,residual_conditioning_minus_plain_conditioning,collision,interaction,0.0,0.0,0.0
clean,merge_bottleneck,4,16,residual_conditioning_minus_plain_conditioning,safety_violation,interaction,0.0,0.0,0.0
clean,merge_bottleneck,4,16,residual_conditioning_minus_plain_conditioning,success,interaction,0.0,0.0,0.0
clean,merge_bottleneck,4,16,residual_conditioning_minus_plain_conditioning,progress_ratio,interaction,-0.01299443095922459,0.007411692291497962,-0.020406123250722552
clean,merge_bottleneck,4,16,residual_conditioning_minus_plain_conditioning,final_goal_distance,interaction,0.13501769304275513,-0.0770106315612793,0.21202832460403442
clean,merge_bottleneck,4,16,residual_conditioning_minus_plain_conditioning,completion_time,interaction,0.0,0.0,0.0
clean,merge_bottleneck,4,16,residual_conditioning_minus_plain_conditioning,min_distance,interaction,-4.882467150246761e-06,-2.0298354228676097e-05,1.5415887078429336e-05
low,merge_bottleneck,4,16,residual_conditioning_minus_plain_conditioning,collision,interaction,0.0,0.0,0.0
low,merge_bottleneck,4,16,residual_conditioning_minus_plain_conditioning,safety_violation,interaction,0.0,0.0,0.0
low,merge_bottleneck,4,16,residual_conditioning_minus_plain_conditioning,success,interaction,0.0,0.0,0.0
low,merge_bottleneck,4,16,residual_conditioning_minus_plain_conditioning,progress_ratio,interaction,0.0045958273112771675,-0.001744583249091991,0.0063404105603691585
low,merge_bottleneck,4,16,residual_conditioning_minus_plain_conditioning,final_goal_distance,interaction,-0.04775261878967285,0.018126964569091797,-0.06587958335876465
low,merge_bottleneck,4,16,residual_conditioning_minus_plain_conditioning,completion_time,interaction,0.0,0.0,0.0
low,merge_bottleneck,4,16,residual_conditioning_minus_plain_conditioning,min_distance,interaction,-0.052159285260371724,-0.17408007383346558,0.12192078857309385
medium,merge_bottleneck,4,16,residual_conditioning_minus_plain_conditioning,collision,interaction,0.0,0.0,0.0
medium,merge_bottleneck,4,16,residual_conditioning_minus_plain_conditioning,safety_violation,interaction,0.0,0.0,0.0
medium,merge_bottleneck,4,16,residual_conditioning_minus_plain_conditioning,success,interaction,0.0,0.0,0.0
medium,merge_bottleneck,4,16,residual_conditioning_minus_plain_conditioning,progress_ratio,interaction,0.003331698477268219,0.00093880295753479,0.002392895519733429
medium,merge_bottleneck,4,16,residual_conditioning_minus_plain_conditioning,final_goal_distance,interaction,-0.03461778163909912,-0.009754538536071777,-0.024863243103027344
medium,merge_bottleneck,4,16,residual_conditioning_minus_plain_conditioning,completion_time,interaction,0.0,0.0,0.0
medium,merge_bottleneck,4,16,residual_conditioning_minus_plain_conditioning,min_distance,interaction,-0.20138177073460561,-0.12721729278564453,-0.07416447794896108
high,merge_bottleneck,4,16,residual_conditioning_minus_plain_conditioning,collision,interaction,0.0,0.0,0.0
high,merge_bottleneck,4,16,residual_conditioning_minus_plain_conditioning,safety_violation,interaction,0.0,0.0,0.0
high,merge_bottleneck,4,16,residual_conditioning_minus_plain_conditioning,success,interaction,0.0,0.0,0.0
high,merge_bottleneck,4,16,residual_conditioning_minus_plain_conditioning,progress_ratio,interaction,-0.026448391377925984,-0.008664753288030735,-0.01778363808989525
high,merge_bottleneck,4,16,residual_conditioning_minus_plain_conditioning,final_goal_distance,interaction,0.2748100161552429,0.0900304913520813,0.18477952480316162
high,merge_bottleneck,4,16,residual_conditioning_minus_plain_conditioning,completion_time,interaction,0.0,0.0,0.0
high,merge_bottleneck,4,16,residual_conditioning_minus_plain_conditioning,min_distance,interaction,-0.08123531777055404,-0.12326398611068723,0.04202866834013319
clean,merge_bottleneck,8,16,residual_conditioning_minus_plain_conditioning,collision,interaction,1.0,0.0,1.0
clean,merge_bottleneck,8,16,residual_conditioning_minus_plain_conditioning,safety_violation,interaction,1.0,-1.0,2.0
clean,merge_bottleneck,8,16,residual_conditioning_minus_plain_conditioning,success,interaction,0.0,0.0,0.0
clean,merge_bottleneck,8,16,residual_conditioning_minus_plain_conditioning,progress_ratio,interaction,0.01981043815612793,-0.11067655682563782,0.13048699498176575
clean,merge_bottleneck,8,16,residual_conditioning_minus_plain_conditioning,final_goal_distance,interaction,-0.20504879951476962,1.1455621719360352,-1.3506109714508048
clean,merge_bottleneck,8,16,residual_conditioning_minus_plain_conditioning,completion_time,interaction,0.0,0.0,0.0
clean,merge_bottleneck,8,16,residual_conditioning_minus_plain_conditioning,min_distance,interaction,-0.12795245647430425,0.16777527332305908,-0.29572772979736334
low,merge_bottleneck,8,16,residual_conditioning_minus_plain_conditioning,collision,interaction,0.0,0.0,0.0
low,merge_bottleneck,8,16,residual_conditioning_minus_plain_conditioning,safety_violation,interaction,0.0,-1.0,1.0
low,merge_bottleneck,8,16,residual_conditioning_minus_plain_conditioning,success,interaction,0.0,0.0,0.0
low,merge_bottleneck,8,16,residual_conditioning_minus_plain_conditioning,progress_ratio,interaction,-0.05167888104915619,-0.04137943685054779,-0.010299444198608398
low,merge_bottleneck,8,16,residual_conditioning_minus_plain_conditioning,final_goal_distance,interaction,0.5349042415618905,0.4282994270324707,0.10660481452941983
low,merge_bottleneck,8,16,residual_conditioning_minus_plain_conditioning,completion_time,interaction,0.0,0.0,0.0
low,merge_bottleneck,8,16,residual_conditioning_minus_plain_conditioning,min_distance,interaction,-0.08393532037734985,0.04535335302352905,-0.1292886734008789
medium,merge_bottleneck,8,16,residual_conditioning_minus_plain_conditioning,collision,interaction,0.0,0.0,0.0
medium,merge_bottleneck,8,16,residual_conditioning_minus_plain_conditioning,safety_violation,interaction,0.0,-1.0,1.0
medium,merge_bottleneck,8,16,residual_conditioning_minus_plain_conditioning,success,interaction,0.0,0.0,0.0
medium,merge_bottleneck,8,16,residual_conditioning_minus_plain_conditioning,progress_ratio,interaction,-0.0163298100233078,-0.054547980427742004,0.038218170404434204
medium,merge_bottleneck,8,16,residual_conditioning_minus_plain_conditioning,final_goal_distance,interaction,0.1690223217010498,0.564600944519043,-0.39557862281799316
medium,merge_bottleneck,8,16,residual_conditioning_minus_plain_conditioning,completion_time,interaction,0.0,0.0,0.0
medium,merge_bottleneck,8,16,residual_conditioning_minus_plain_conditioning,min_distance,interaction,0.02237224578857422,0.15976184606552124,-0.13738960027694702
high,merge_bottleneck,8,16,residual_conditioning_minus_plain_conditioning,collision,interaction,0.0,0.0,0.0
high,merge_bottleneck,8,16,residual_conditioning_minus_plain_conditioning,safety_violation,interaction,0.0,0.0,0.0
high,merge_bottleneck,8,16,residual_conditioning_minus_plain_conditioning,success,interaction,0.0,0.0,0.0
high,merge_bottleneck,8,16,residual_conditioning_minus_plain_conditioning,progress_ratio,interaction,-0.057161808013916016,-0.09078279137611389,0.033620983362197876
high,merge_bottleneck,8,16,residual_conditioning_minus_plain_conditioning,final_goal_distance,interaction,0.5916554927825932,0.9396507740020748,-0.34799528121948153
high,merge_bottleneck,8,16,residual_conditioning_minus_plain_conditioning,completion_time,interaction,0.0,0.0,0.0
high,merge_bottleneck,8,16,residual_conditioning_minus_plain_conditioning,min_distance,interaction,-0.08754181861877441,-0.04620897769927984,-0.04133284091949457
clean,four_way_stop,4,16,residual_conditioning_minus_plain_conditioning,collision,interaction,0.0,0.0,0.0
clean,four_way_stop,4,16,residual_conditioning_minus_plain_conditioning,safety_violation,interaction,0.0,0.0,0.0
clean,four_way_stop,4,16,residual_conditioning_minus_plain_conditioning,success,interaction,0.0,0.0,0.0
clean,four_way_stop,4,16,residual_conditioning_minus_plain_conditioning,progress_ratio,interaction,0.0017100833356379352,-0.00012311618775118216,0.0018331995233891174
clean,four_way_stop,4,16,residual_conditioning_minus_plain_conditioning,final_goal_distance,interaction,-0.016381010413169902,0.0011793375015258928,-0.017560347914695795
clean,four_way_stop,4,16,residual_conditioning_minus_plain_conditioning,completion_time,interaction,0.0,-0.120000000000001,0.120000000000001
clean,four_way_stop,4,16,residual_conditioning_minus_plain_conditioning,min_distance,interaction,0.0,0.0,0.0
low,four_way_stop,4,16,residual_conditioning_minus_plain_conditioning,collision,interaction,0.0,0.0,0.0
low,four_way_stop,4,16,residual_conditioning_minus_plain_conditioning,safety_violation,interaction,0.0,0.0,0.0
low,four_way_stop,4,16,residual_conditioning_minus_plain_conditioning,success,interaction,0.0,0.0,0.0
low,four_way_stop,4,16,residual_conditioning_minus_plain_conditioning,progress_ratio,interaction,0.00291913188993953,0.0010914839804172516,0.0018276479095222786
low,four_way_stop,4,16,residual_conditioning_minus_plain_conditioning,final_goal_distance,interaction,-0.027962557971477495,-0.010455399751663291,-0.017507158219814203
low,four_way_stop,4,16,residual_conditioning_minus_plain_conditioning,completion_time,interaction,0.4800000000000004,0.2400000000000002,0.2400000000000002
low,four_way_stop,4,16,residual_conditioning_minus_plain_conditioning,min_distance,interaction,0.0010312199592590332,-0.0013681650161743164,0.0023993849754333496
medium,four_way_stop,4,16,residual_conditioning_minus_plain_conditioning,collision,interaction,0.0,0.0,0.0
medium,four_way_stop,4,16,residual_conditioning_minus_plain_conditioning,safety_violation,interaction,0.0,0.0,0.0
medium,four_way_stop,4,16,residual_conditioning_minus_plain_conditioning,success,interaction,0.0,0.0,0.0
medium,four_way_stop,4,16,residual_conditioning_minus_plain_conditioning,progress_ratio,interaction,0.006512431427836418,-0.0003844033926726498,0.006896834820509068
medium,four_way_stop,4,16,residual_conditioning_minus_plain_conditioning,final_goal_distance,interaction,-0.0623830109834671,0.003682225942611722,-0.06606523692607882
medium,four_way_stop,4,16,residual_conditioning_minus_plain_conditioning,completion_time,interaction,0.2400000000000002,0.0,0.2400000000000002
medium,four_way_stop,4,16,residual_conditioning_minus_plain_conditioning,min_distance,interaction,-0.018799185752868652,-0.016398906707763672,-0.0024002790451049805
high,four_way_stop,4,16,residual_conditioning_minus_plain_conditioning,collision,interaction,0.0,0.0,0.0
high,four_way_stop,4,16,residual_conditioning_minus_plain_conditioning,safety_violation,interaction,0.0,0.0,0.0
high,four_way_stop,4,16,residual_conditioning_minus_plain_conditioning,success,interaction,0.0,0.0,0.0
high,four_way_stop,4,16,residual_conditioning_minus_plain_conditioning,progress_ratio,interaction,-0.004735362716019154,-0.011046212166547997,0.006310849450528844
high,four_way_stop,4,16,residual_conditioning_minus_plain_conditioning,final_goal_distance,interaction,0.0453603565692902,0.10581240057945249,-0.060452044010162284
high,four_way_stop,4,16,residual_conditioning_minus_plain_conditioning,completion_time,interaction,-0.2400000000000002,-0.3600000000000012,0.120000000000001
high,four_way_stop,4,16,residual_conditioning_minus_plain_conditioning,min_distance,interaction,-0.03378349542617798,-0.05795323848724365,0.024169743061065674
clean,four_way_stop,8,16,residual_conditioning_minus_plain_conditioning,collision,interaction,0.0,0.0,0.0
clean,four_way_stop,8,16,residual_conditioning_minus_plain_conditioning,safety_violation,interaction,0.0,0.0,0.0
clean,four_way_stop,8,16,residual_conditioning_minus_plain_conditioning,success,interaction,0.0,0.0,0.0
clean,four_way_stop,8,16,residual_conditioning_minus_plain_conditioning,progress_ratio,interaction,0.002023855224251636,-0.00026313401758659705,0.002286989241838233
clean,four_way_stop,8,16,residual_conditioning_minus_plain_conditioning,final_goal_distance,interaction,-0.01942956447601321,0.0025261491537094116,-0.021955713629722623
clean,four_way_stop,8,16,residual_conditioning_minus_plain_conditioning,completion_time,interaction,2.280000000000001,-0.120000000000001,2.400000000000002
clean,four_way_stop,8,16,residual_conditioning_minus_plain_conditioning,min_distance,interaction,-0.021565496921539307,-0.009052276611328125,-0.012513220310211182
low,four_way_stop,8,16,residual_conditioning_minus_plain_conditioning,collision,interaction,0.0,0.0,0.0
low,four_way_stop,8,16,residual_conditioning_minus_plain_conditioning,safety_violation,interaction,0.0,0.0,0.0
low,four_way_stop,8,16,residual_conditioning_minus_plain_conditioning,success,interaction,-1.0,0.0,-1.0
low,four_way_stop,8,16,residual_conditioning_minus_plain_conditioning,progress_ratio,interaction,-0.006299998611211555,-0.00029633939266204834,-0.006003659218549506
low,four_way_stop,8,16,residual_conditioning_minus_plain_conditioning,final_goal_distance,interaction,0.060481667518615806,0.0028449296951293945,0.05763673782348641
low,four_way_stop,8,16,residual_conditioning_minus_plain_conditioning,completion_time,interaction,0.9599999999999973,4.919999999999998,-3.960000000000001
low,four_way_stop,8,16,residual_conditioning_minus_plain_conditioning,min_distance,interaction,-0.006183981895446777,-0.0030641555786132812,-0.003119826316833496
medium,four_way_stop,8,16,residual_conditioning_minus_plain_conditioning,collision,interaction,0.0,0.0,0.0
medium,four_way_stop,8,16,residual_conditioning_minus_plain_conditioning,safety_violation,interaction,0.0,0.0,0.0
medium,four_way_stop,8,16,residual_conditioning_minus_plain_conditioning,success,interaction,0.0,0.0,0.0
medium,four_way_stop,8,16,residual_conditioning_minus_plain_conditioning,progress_ratio,interaction,-0.0013277195394040264,-0.00027209892868984564,-0.0010556206107141808
medium,four_way_stop,8,16,residual_conditioning_minus_plain_conditioning,final_goal_distance,interaction,0.012746468186378507,0.0026122331619262973,0.01013423502445221
medium,four_way_stop,8,16,residual_conditioning_minus_plain_conditioning,completion_time,interaction,7.920000000000002,-5.400000000000002,13.320000000000004
medium,four_way_stop,8,16,residual_conditioning_minus_plain_conditioning,min_distance,interaction,-0.07325196266174316,-0.041149020195007324,-0.03210294246673584
high,four_way_stop,8,16,residual_conditioning_minus_plain_conditioning,collision,interaction,0.0,0.0,0.0
high,four_way_stop,8,16,residual_conditioning_minus_plain_conditioning,safety_violation,interaction,0.0,0.0,0.0
high,four_way_stop,8,16,residual_conditioning_minus_plain_conditioning,success,interaction,0.0,0.0,0.0
high,four_way_stop,8,16,residual_conditioning_minus_plain_conditioning,progress_ratio,interaction,0.003367902711033821,0.006392320618033409,-0.003024417906999588
high,four_way_stop,8,16,residual_conditioning_minus_plain_conditioning,final_goal_distance,interaction,-0.03233276307582861,-0.06136798858642581,0.0290352255105972
high,four_way_stop,8,16,residual_conditioning_minus_plain_conditioning,completion_time,interaction,2.2799999999999976,3.3599999999999994,-1.0800000000000018
high,four_way_stop,8,16,residual_conditioning_minus_plain_conditioning,min_distance,interaction,-0.021776854991912842,-0.021082699298858643,-0.0006941556930541992
clean,corridor,4,17,residual_conditioning_minus_plain_conditioning,collision,interaction,0.0,0.0,0.0
clean,corridor,4,17,residual_conditioning_minus_plain_conditioning,safety_violation,interaction,0.0,0.0,0.0
clean,corridor,4,17,residual_conditioning_minus_plain_conditioning,success,interaction,0.0,0.0,0.0
clean,corridor,4,17,residual_conditioning_minus_plain_conditioning,progress_ratio,interaction,-0.0005801431834699944,-0.0003717951476572834,-0.000208348035812711
clean,corridor,4,17,residual_conditioning_minus_plain_conditioning,final_goal_distance,interaction,0.0059248283505439064,0.0037970393896103183,0.002127788960933588
clean,corridor,4,17,residual_conditioning_minus_plain_conditioning,completion_time,interaction,-0.2400000000000002,0.120000000000001,-0.3600000000000012
clean,corridor,4,17,residual_conditioning_minus_plain_conditioning,min_distance,interaction,-0.01661205291748047,-0.07275503873825073,0.056142985820770264
low,corridor,4,17,residual_conditioning_minus_plain_conditioning,collision,interaction,0.0,0.0,0.0
low,corridor,4,17,residual_conditioning_minus_plain_conditioning,safety_violation,interaction,0.0,0.0,0.0
low,corridor,4,17,residual_conditioning_minus_plain_conditioning,success,interaction,0.0,0.0,0.0
low,corridor,4,17,residual_conditioning_minus_plain_conditioning,progress_ratio,interaction,-0.0015290742740033947,0.008121671155095211,-0.009650745429098606
low,corridor,4,17,residual_conditioning_minus_plain_conditioning,final_goal_distance,interaction,0.01561598479747768,-0.08294428884983068,0.09856027364730836
low,corridor,4,17,residual_conditioning_minus_plain_conditioning,completion_time,interaction,0.2400000000000002,0.35999999999999943,-0.11999999999999922
low,corridor,4,17,residual_conditioning_minus_plain_conditioning,min_distance,interaction,0.03162461519241333,-0.15779519081115723,0.18941980600357056
medium,corridor,4,17,residual_conditioning_minus_plain_conditioning,collision,interaction,0.0,0.0,0.0
medium,corridor,4,17,residual_conditioning_minus_plain_conditioning,safety_violation,interaction,0.0,0.0,0.0
medium,corridor,4,17,residual_conditioning_minus_plain_conditioning,success,interaction,0.0,0.0,0.0
medium,corridor,4,17,residual_conditioning_minus_plain_conditioning,progress_ratio,interaction,0.006288258358835952,-0.004167792387306801,0.010456050746142753
medium,corridor,4,17,residual_conditioning_minus_plain_conditioning,final_goal_distance,interaction,-0.06422017514705661,0.04256446659564969,-0.1067846417427063
medium,corridor,4,17,residual_conditioning_minus_plain_conditioning,completion_time,interaction,1.8000000000000007,0.2400000000000002,1.5600000000000005
medium,corridor,4,17,residual_conditioning_minus_plain_conditioning,min_distance,interaction,-0.0001696944236755371,-0.010708749294281006,0.010539054870605469
high,corridor,4,17,residual_conditioning_minus_plain_conditioning,collision,interaction,0.0,0.0,0.0
high,corridor,4,17,residual_conditioning_minus_plain_conditioning,safety_violation,interaction,0.0,0.0,0.0
high,corridor,4,17,residual_conditioning_minus_plain_conditioning,success,interaction,0.0,0.0,0.0
high,corridor,4,17,residual_conditioning_minus_plain_conditioning,progress_ratio,interaction,0.009834659285843372,0.004846600815653579,0.004988058470189793
high,corridor,4,17,residual_conditioning_minus_plain_conditioning,final_goal_distance,interaction,-0.10043852776288979,-0.0494969263672828,-0.050941601395606995
high,corridor,4,17,residual_conditioning_minus_plain_conditioning,completion_time,interaction,4.559999999999999,1.3199999999999985,3.24
high,corridor,4,17,residual_conditioning_minus_plain_conditioning,min_distance,interaction,-0.07399332523345947,-0.16844749450683594,0.09445416927337646
clean,corridor,8,17,residual_conditioning_minus_plain_conditioning,collision,interaction,1.0,0.0,1.0
clean,corridor,8,17,residual_conditioning_minus_plain_conditioning,safety_violation,interaction,1.0,0.0,1.0
clean,corridor,8,17,residual_conditioning_minus_plain_conditioning,success,interaction,0.0,0.0,0.0
clean,corridor,8,17,residual_conditioning_minus_plain_conditioning,progress_ratio,interaction,0.0067870765924452625,0.0003012269735337414,0.006485849618911521
clean,corridor,8,17,residual_conditioning_minus_plain_conditioning,final_goal_distance,interaction,-0.06869447231292725,-0.003048837184906006,-0.06564563512802124
clean,corridor,8,17,residual_conditioning_minus_plain_conditioning,completion_time,interaction,0.0,0.0,0.0
clean,corridor,8,17,residual_conditioning_minus_plain_conditioning,min_distance,interaction,-0.1783350706100464,0.08199703693389893,-0.2603321075439453
low,corridor,8,17,residual_conditioning_minus_plain_conditioning,collision,interaction,0.0,0.0,0.0
low,corridor,8,17,residual_conditioning_minus_plain_conditioning,safety_violation,interaction,0.0,0.0,0.0
low,corridor,8,17,residual_conditioning_minus_plain_conditioning,success,interaction,0.0,0.0,0.0
low,corridor,8,17,residual_conditioning_minus_plain_conditioning,progress_ratio,interaction,-0.009212106466293224,0.0004792883992194019,-0.009691394865512626
low,corridor,8,17,residual_conditioning_minus_plain_conditioning,final_goal_distance,interaction,0.09323906898498535,-0.004851102828979492,0.09809017181396484
low,corridor,8,17,residual_conditioning_minus_plain_conditioning,completion_time,interaction,0.0,0.0,0.0
low,corridor,8,17,residual_conditioning_minus_plain_conditioning,min_distance,interaction,0.0031990408897399902,0.04484790563583374,-0.04164886474609375
medium,corridor,8,17,residual_conditioning_minus_plain_conditioning,collision,interaction,0.0,0.0,0.0
medium,corridor,8,17,residual_conditioning_minus_plain_conditioning,safety_violation,interaction,0.0,0.0,0.0
medium,corridor,8,17,residual_conditioning_minus_plain_conditioning,success,interaction,0.0,0.0,0.0
medium,corridor,8,17,residual_conditioning_minus_plain_conditioning,progress_ratio,interaction,-0.013175331056118011,0.016524381935596355,-0.029699712991714367
medium,corridor,8,17,residual_conditioning_minus_plain_conditioning,final_goal_distance,interaction,0.13335227966308594,-0.16724926233291626,0.3006015419960022
medium,corridor,8,17,residual_conditioning_minus_plain_conditioning,completion_time,interaction,0.0,0.0,0.0
medium,corridor,8,17,residual_conditioning_minus_plain_conditioning,min_distance,interaction,-0.04013526439666748,0.007936358451843262,-0.04807162284851074
high,corridor,8,17,residual_conditioning_minus_plain_conditioning,collision,interaction,0.0,0.0,0.0
high,corridor,8,17,residual_conditioning_minus_plain_conditioning,safety_violation,interaction,0.0,0.0,0.0
high,corridor,8,17,residual_conditioning_minus_plain_conditioning,success,interaction,0.0,0.0,0.0
high,corridor,8,17,residual_conditioning_minus_plain_conditioning,progress_ratio,interaction,-0.017043814063072427,0.02229730039834965,-0.03934111446142208
high,corridor,8,17,residual_conditioning_minus_plain_conditioning,final_goal_distance,interaction,0.17250663042068481,-0.22567903995513916,0.398185670375824
high,corridor,8,17,residual_conditioning_minus_plain_conditioning,completion_time,interaction,0.0,0.0,0.0
high,corridor,8,17,residual_conditioning_minus_plain_conditioning,min_distance,interaction,0.0,0.002728581428527832,-0.002728581428527832
clean,narrow_gate,4,17,residual_conditioning_minus_plain_conditioning,collision,interaction,0.0,0.0,0.0
clean,narrow_gate,4,17,residual_conditioning_minus_plain_conditioning,safety_violation,interaction,0.0,0.0,0.0
clean,narrow_gate,4,17,residual_conditioning_minus_plain_conditioning,success,interaction,0.0,0.0,0.0
clean,narrow_gate,4,17,residual_conditioning_minus_plain_conditioning,progress_ratio,interaction,0.00043226778507232666,0.012614712119102478,-0.012182444334030151
clean,narrow_gate,4,17,residual_conditioning_minus_plain_conditioning,final_goal_distance,interaction,-0.004581570625305176,-0.13370406627655007,0.1291224956512449
clean,narrow_gate,4,17,residual_conditioning_minus_plain_conditioning,completion_time,interaction,0.0,0.0,0.0
clean,narrow_gate,4,17,residual_conditioning_minus_plain_conditioning,min_distance,interaction,0.0,0.0,0.0
low,narrow_gate,4,17,residual_conditioning_minus_plain_conditioning,collision,interaction,0.0,0.0,0.0
low,narrow_gate,4,17,residual_conditioning_minus_plain_conditioning,safety_violation,interaction,0.0,0.0,0.0
low,narrow_gate,4,17,residual_conditioning_minus_plain_conditioning,success,interaction,0.0,0.0,0.0
low,narrow_gate,4,17,residual_conditioning_minus_plain_conditioning,progress_ratio,interaction,-0.0011351825669407845,0.04493778198957443,-0.04607296455651522
low,narrow_gate,4,17,residual_conditioning_minus_plain_conditioning,final_goal_distance,interaction,0.012031868100166307,-0.47629833221435547,0.4883302003145218
low,narrow_gate,4,17,residual_conditioning_minus_plain_conditioning,completion_time,interaction,-8.16,0.0,-8.16
low,narrow_gate,4,17,residual_conditioning_minus_plain_conditioning,min_distance,interaction,-0.10138782675580327,0.0,-0.10138782675580327
medium,narrow_gate,4,17,residual_conditioning_minus_plain_conditioning,collision,interaction,0.0,0.0,0.0
medium,narrow_gate,4,17,residual_conditioning_minus_plain_conditioning,safety_violation,interaction,0.0,0.0,0.0
medium,narrow_gate,4,17,residual_conditioning_minus_plain_conditioning,success,interaction,1.0,0.0,1.0
medium,narrow_gate,4,17,residual_conditioning_minus_plain_conditioning,progress_ratio,interaction,0.15120629873126745,0.013966411352157593,0.13723988737910986
medium,narrow_gate,4,17,residual_conditioning_minus_plain_conditioning,final_goal_distance,interaction,-1.6026447862386703,-0.14803099632263184,-1.4546137899160385
medium,narrow_gate,4,17,residual_conditioning_minus_plain_conditioning,completion_time,interaction,-6.119999999999997,0.0,-6.119999999999997
medium,narrow_gate,4,17,residual_conditioning_minus_plain_conditioning,min_distance,interaction,0.005822069425365561,0.04391556305979405,-0.03809349363442849
high,narrow_gate,4,17,residual_conditioning_minus_plain_conditioning,collision,interaction,0.0,0.0,0.0
high,narrow_gate,4,17,residual_conditioning_minus_plain_conditioning,safety_violation,interaction,0.0,0.0,0.0
high,narrow_gate,4,17,residual_conditioning_minus_plain_conditioning,success,interaction,0.0,1.0,-1.0
high,narrow_gate,4,17,residual_conditioning_minus_plain_conditioning,progress_ratio,interaction,-0.002617587335407845,0.13295860774815083,-0.13557619508355867
high,narrow_gate,4,17,residual_conditioning_minus_plain_conditioning,final_goal_distance,interaction,0.027743965387344388,-1.4092364385724068,1.4369804039597511
high,narrow_gate,4,17,residual_conditioning_minus_plain_conditioning,completion_time,interaction,-2.2799999999999976,-9.96,7.680000000000003
high,narrow_gate,4,17,residual_conditioning_minus_plain_conditioning,min_distance,interaction,0.022511851891194645,-0.19181475542149473,0.21432660731268938
clean,narrow_gate,8,17,residual_conditioning_minus_plain_conditioning,collision,interaction,0.0,0.0,0.0
clean,narrow_gate,8,17,residual_conditioning_minus_plain_conditioning,safety_violation,interaction,0.0,0.0,0.0
clean,narrow_gate,8,17,residual_conditioning_minus_plain_conditioning,success,interaction,0.0,0.0,0.0
clean,narrow_gate,8,17,residual_conditioning_minus_plain_conditioning,progress_ratio,interaction,0.02641487866640091,0.05657958984375,-0.03016471117734909
clean,narrow_gate,8,17,residual_conditioning_minus_plain_conditioning,final_goal_distance,interaction,-0.27407193183898926,-0.5870509147644043,0.31297898292541504
clean,narrow_gate,8,17,residual_conditioning_minus_plain_conditioning,completion_time,interaction,0.0,0.0,0.0
clean,narrow_gate,8,17,residual_conditioning_minus_plain_conditioning,min_distance,interaction,0.005726754665374756,0.059687793254852295,-0.05396103858947754
low,narrow_gate,8,17,residual_conditioning_minus_plain_conditioning,collision,interaction,0.0,0.0,0.0
low,narrow_gate,8,17,residual_conditioning_minus_plain_conditioning,safety_violation,interaction,0.0,0.0,0.0
low,narrow_gate,8,17,residual_conditioning_minus_plain_conditioning,success,interaction,0.0,0.0,0.0
low,narrow_gate,8,17,residual_conditioning_minus_plain_conditioning,progress_ratio,interaction,0.06224322319030762,0.03848162293434143,0.023761600255966187
low,narrow_gate,8,17,residual_conditioning_minus_plain_conditioning,final_goal_distance,interaction,-0.6458148956298833,-0.39927232265472457,-0.2465425729751587
low,narrow_gate,8,17,residual_conditioning_minus_plain_conditioning,completion_time,interaction,0.0,0.0,0.0
low,narrow_gate,8,17,residual_conditioning_minus_plain_conditioning,min_distance,interaction,0.12606149911880493,-0.06352382898330688,0.18958532810211182
medium,narrow_gate,8,17,residual_conditioning_minus_plain_conditioning,collision,interaction,0.0,0.0,0.0
medium,narrow_gate,8,17,residual_conditioning_minus_plain_conditioning,safety_violation,interaction,0.0,0.0,0.0
medium,narrow_gate,8,17,residual_conditioning_minus_plain_conditioning,success,interaction,0.0,0.0,0.0
medium,narrow_gate,8,17,residual_conditioning_minus_plain_conditioning,progress_ratio,interaction,-0.08693768084049225,-0.04058951139450073,-0.046348169445991516
medium,narrow_gate,8,17,residual_conditioning_minus_plain_conditioning,final_goal_distance,interaction,0.9020363092422483,0.4211432933807373,0.480893015861511
medium,narrow_gate,8,17,residual_conditioning_minus_plain_conditioning,completion_time,interaction,0.0,0.0,0.0
medium,narrow_gate,8,17,residual_conditioning_minus_plain_conditioning,min_distance,interaction,-0.08147931098937988,-0.04334437847137451,-0.03813493251800537
high,narrow_gate,8,17,residual_conditioning_minus_plain_conditioning,collision,interaction,0.0,0.0,0.0
high,narrow_gate,8,17,residual_conditioning_minus_plain_conditioning,safety_violation,interaction,0.0,0.0,0.0
high,narrow_gate,8,17,residual_conditioning_minus_plain_conditioning,success,interaction,0.0,0.0,0.0
high,narrow_gate,8,17,residual_conditioning_minus_plain_conditioning,progress_ratio,interaction,-0.03081206977367401,0.11765163391828537,-0.14846370369195938
high,narrow_gate,8,17,residual_conditioning_minus_plain_conditioning,final_goal_distance,interaction,0.31969571113586426,-1.2207139134407046,1.5404096245765688
high,narrow_gate,8,17,residual_conditioning_minus_plain_conditioning,completion_time,interaction,0.0,0.0,0.0
high,narrow_gate,8,17,residual_conditioning_minus_plain_conditioning,min_distance,interaction,0.11275249719619751,-0.13000816106796265,0.24276065826416016
clean,merge_bottleneck,4,17,residual_conditioning_minus_plain_conditioning,collision,interaction,0.0,0.0,0.0
clean,merge_bottleneck,4,17,residual_conditioning_minus_plain_conditioning,safety_violation,interaction,0.0,0.0,0.0
clean,merge_bottleneck,4,17,residual_conditioning_minus_plain_conditioning,success,interaction,0.0,0.0,0.0
clean,merge_bottleneck,4,17,residual_conditioning_minus_plain_conditioning,progress_ratio,interaction,0.009458974003792031,-0.004288539290428384,0.013747513294220415
clean,merge_bottleneck,4,17,residual_conditioning_minus_plain_conditioning,final_goal_distance,interaction,-0.09796500205993652,0.04441571235656738,-0.1423807144165039
clean,merge_bottleneck,4,17,residual_conditioning_minus_plain_conditioning,completion_time,interaction,0.0,0.0,0.0
clean,merge_bottleneck,4,17,residual_conditioning_minus_plain_conditioning,min_distance,interaction,-0.0658251357078552,0.19528628482415655,-0.26111142053201175
low,merge_bottleneck,4,17,residual_conditioning_minus_plain_conditioning,collision,interaction,0.0,0.0,0.0
low,merge_bottleneck,4,17,residual_conditioning_minus_plain_conditioning,safety_violation,interaction,0.0,0.0,0.0
low,merge_bottleneck,4,17,residual_conditioning_minus_plain_conditioning,success,interaction,0.0,0.0,0.0
low,merge_bottleneck,4,17,residual_conditioning_minus_plain_conditioning,progress_ratio,interaction,0.007046230137348175,0.010316461324691995,-0.0032702311873438195
low,merge_bottleneck,4,17,residual_conditioning_minus_plain_conditioning,final_goal_distance,interaction,-0.07297658920288086,-0.10684585571289062,0.033869266510009766
low,merge_bottleneck,4,17,residual_conditioning_minus_plain_conditioning,completion_time,interaction,0.0,0.0,0.0
low,merge_bottleneck,4,17,residual_conditioning_minus_plain_conditioning,min_distance,interaction,-0.06431908870291525,-0.1969081163406372,0.13258902763772196
medium,merge_bottleneck,4,17,residual_conditioning_minus_plain_conditioning,collision,interaction,0.0,0.0,0.0
medium,merge_bottleneck,4,17,residual_conditioning_minus_plain_conditioning,safety_violation,interaction,0.0,0.0,0.0
medium,merge_bottleneck,4,17,residual_conditioning_minus_plain_conditioning,success,interaction,0.0,0.0,0.0
medium,merge_bottleneck,4,17,residual_conditioning_minus_plain_conditioning,progress_ratio,interaction,0.009152613580226787,0.04769280925393116,-0.03854019567370437
medium,merge_bottleneck,4,17,residual_conditioning_minus_plain_conditioning,final_goal_distance,interaction,-0.09479212760925293,-0.4939464330673218,0.39915430545806885
medium,merge_bottleneck,4,17,residual_conditioning_minus_plain_conditioning,completion_time,interaction,0.0,0.0,0.0
medium,merge_bottleneck,4,17,residual_conditioning_minus_plain_conditioning,min_distance,interaction,-0.09924584627151489,-0.08999919891357422,-0.009246647357940674
high,merge_bottleneck,4,17,residual_conditioning_minus_plain_conditioning,collision,interaction,0.0,0.0,0.0
high,merge_bottleneck,4,17,residual_conditioning_minus_plain_conditioning,safety_violation,interaction,0.0,0.0,0.0
high,merge_bottleneck,4,17,residual_conditioning_minus_plain_conditioning,success,interaction,0.0,0.0,0.0
high,merge_bottleneck,4,17,residual_conditioning_minus_plain_conditioning,progress_ratio,interaction,0.022173777222633584,-0.003955081105232239,0.026128858327865823
high,merge_bottleneck,4,17,residual_conditioning_minus_plain_conditioning,final_goal_distance,interaction,-0.22965013980865479,0.0409621000289917,-0.2706122398376465
high,merge_bottleneck,4,17,residual_conditioning_minus_plain_conditioning,completion_time,interaction,0.0,0.0,0.0
high,merge_bottleneck,4,17,residual_conditioning_minus_plain_conditioning,min_distance,interaction,-0.061186642646789524,-0.07918501615524298,0.017998373508453458
clean,merge_bottleneck,8,17,residual_conditioning_minus_plain_conditioning,collision,interaction,0.0,0.0,0.0
clean,merge_bottleneck,8,17,residual_conditioning_minus_plain_conditioning,safety_violation,interaction,1.0,1.0,0.0
clean,merge_bottleneck,8,17,residual_conditioning_minus_plain_conditioning,success,interaction,0.0,0.0,0.0
clean,merge_bottleneck,8,17,residual_conditioning_minus_plain_conditioning,progress_ratio,interaction,0.053184762597084045,0.057684749364852905,-0.00449998676776886
clean,merge_bottleneck,8,17,residual_conditioning_minus_plain_conditioning,final_goal_distance,interaction,-0.5513167381286621,-0.597963809967041,0.046647071838378906
clean,merge_bottleneck,8,17,residual_conditioning_minus_plain_conditioning,completion_time,interaction,0.0,0.0,0.0
clean,merge_bottleneck,8,17,residual_conditioning_minus_plain_conditioning,min_distance,interaction,-0.052063435316085815,-0.04016953706741333,-0.011893898248672485
low,merge_bottleneck,8,17,residual_conditioning_minus_plain_conditioning,collision,interaction,0.0,0.0,0.0
low,merge_bottleneck,8,17,residual_conditioning_minus_plain_conditioning,safety_violation,interaction,-1.0,-1.0,0.0
low,merge_bottleneck,8,17,residual_conditioning_minus_plain_conditioning,success,interaction,0.0,0.0,0.0
low,merge_bottleneck,8,17,residual_conditioning_minus_plain_conditioning,progress_ratio,interaction,-0.00848311185836792,0.06678715348243713,-0.07527026534080505
low,merge_bottleneck,8,17,residual_conditioning_minus_plain_conditioning,final_goal_distance,interaction,0.0879364013671875,-0.6923201084136963,0.7802565097808838
low,merge_bottleneck,8,17,residual_conditioning_minus_plain_conditioning,completion_time,interaction,0.0,0.0,0.0
low,merge_bottleneck,8,17,residual_conditioning_minus_plain_conditioning,min_distance,interaction,0.06300917267799377,0.18922412395477295,-0.12621495127677917
medium,merge_bottleneck,8,17,residual_conditioning_minus_plain_conditioning,collision,interaction,0.0,0.0,0.0
medium,merge_bottleneck,8,17,residual_conditioning_minus_plain_conditioning,safety_violation,interaction,-1.0,0.0,-1.0
medium,merge_bottleneck,8,17,residual_conditioning_minus_plain_conditioning,success,interaction,0.0,0.0,0.0
medium,merge_bottleneck,8,17,residual_conditioning_minus_plain_conditioning,progress_ratio,interaction,0.015620052814483643,-0.05002951622009277,0.06564956903457642
medium,merge_bottleneck,8,17,residual_conditioning_minus_plain_conditioning,final_goal_distance,interaction,-0.1619186401367192,0.5186092853546143,-0.6805279254913335
medium,merge_bottleneck,8,17,residual_conditioning_minus_plain_conditioning,completion_time,interaction,0.0,0.0,0.0
medium,merge_bottleneck,8,17,residual_conditioning_minus_plain_conditioning,min_distance,interaction,0.11348384618759155,-0.03294169902801514,0.1464255452156067
high,merge_bottleneck,8,17,residual_conditioning_minus_plain_conditioning,collision,interaction,0.0,0.0,0.0
high,merge_bottleneck,8,17,residual_conditioning_minus_plain_conditioning,safety_violation,interaction,0.0,0.0,0.0
high,merge_bottleneck,8,17,residual_conditioning_minus_plain_conditioning,success,interaction,0.0,0.0,0.0
high,merge_bottleneck,8,17,residual_conditioning_minus_plain_conditioning,progress_ratio,interaction,-0.008272945880889893,-0.06732486188411713,0.059051916003227234
high,merge_bottleneck,8,17,residual_conditioning_minus_plain_conditioning,final_goal_distance,interaction,0.08575773239135742,0.6978938579559331,-0.6121361255645756
high,merge_bottleneck,8,17,residual_conditioning_minus_plain_conditioning,completion_time,interaction,0.0,0.0,0.0
high,merge_bottleneck,8,17,residual_conditioning_minus_plain_conditioning,min_distance,interaction,-0.08477914333343506,0.08386462926864624,-0.1686437726020813
clean,four_way_stop,4,17,residual_conditioning_minus_plain_conditioning,collision,interaction,0.0,0.0,0.0
clean,four_way_stop,4,17,residual_conditioning_minus_plain_conditioning,safety_violation,interaction,0.0,0.0,0.0
clean,four_way_stop,4,17,residual_conditioning_minus_plain_conditioning,success,interaction,0.0,0.0,0.0
clean,four_way_stop,4,17,residual_conditioning_minus_plain_conditioning,progress_ratio,interaction,0.005472784861922375,-0.001582881435751804,0.007055666297674179
clean,four_way_stop,4,17,residual_conditioning_minus_plain_conditioning,final_goal_distance,interaction,-0.052729137241840404,0.0152507275342941,-0.0679798647761345
clean,four_way_stop,4,17,residual_conditioning_minus_plain_conditioning,completion_time,interaction,0.0,-0.5999999999999996,0.5999999999999996
clean,four_way_stop,4,17,residual_conditioning_minus_plain_conditioning,min_distance,interaction,0.0,0.0,0.0
low,four_way_stop,4,17,residual_conditioning_minus_plain_conditioning,collision,interaction,0.0,0.0,0.0
low,four_way_stop,4,17,residual_conditioning_minus_plain_conditioning,safety_violation,interaction,0.0,0.0,0.0
low,four_way_stop,4,17,residual_conditioning_minus_plain_conditioning,success,interaction,0.0,0.0,0.0
low,four_way_stop,4,17,residual_conditioning_minus_plain_conditioning,progress_ratio,interaction,0.003486365079879983,0.0013004094362260021,0.0021859556436539807
low,four_way_stop,4,17,residual_conditioning_minus_plain_conditioning,final_goal_distance,interaction,-0.0335904061794281,-0.012529164552688599,-0.021061241626739502
low,four_way_stop,4,17,residual_conditioning_minus_plain_conditioning,completion_time,interaction,0.0,0.8399999999999999,-0.8399999999999999
low,four_way_stop,4,17,residual_conditioning_minus_plain_conditioning,min_distance,interaction,-0.04575091600418091,0.0,-0.04575091600418091
medium,four_way_stop,4,17,residual_conditioning_minus_plain_conditioning,collision,interaction,0.0,0.0,0.0
medium,four_way_stop,4,17,residual_conditioning_minus_plain_conditioning,safety_violation,interaction,0.0,0.0,0.0
medium,four_way_stop,4,17,residual_conditioning_minus_plain_conditioning,success,interaction,0.0,0.0,0.0
medium,four_way_stop,4,17,residual_conditioning_minus_plain_conditioning,progress_ratio,interaction,-0.0001902347430586815,0.0028711091727016136,-0.003061343915760295
medium,four_way_stop,4,17,residual_conditioning_minus_plain_conditioning,final_goal_distance,interaction,0.0018328651785850941,-0.02766253054142001,0.029495395720005105
medium,four_way_stop,4,17,residual_conditioning_minus_plain_conditioning,completion_time,interaction,0.35999999999999943,0.0,0.35999999999999943
medium,four_way_stop,4,17,residual_conditioning_minus_plain_conditioning,min_distance,interaction,-0.020131289958953857,0.002070784568786621,-0.02220207452774048
high,four_way_stop,4,17,residual_conditioning_minus_plain_conditioning,collision,interaction,0.0,0.0,0.0
high,four_way_stop,4,17,residual_conditioning_minus_plain_conditioning,safety_violation,interaction,0.0,0.0,0.0
high,four_way_stop,4,17,residual_conditioning_minus_plain_conditioning,success,interaction,0.0,0.0,0.0
high,four_way_stop,4,17,residual_conditioning_minus_plain_conditioning,progress_ratio,interaction,0.0009031975641847767,0.005619984120130539,-0.004716786555945762
high,four_way_stop,4,17,residual_conditioning_minus_plain_conditioning,final_goal_distance,interaction,-0.008702114224433899,-0.054147377610206604,0.045445263385772705
high,four_way_stop,4,17,residual_conditioning_minus_plain_conditioning,completion_time,interaction,-0.5999999999999996,0.11999999999999922,-0.7199999999999989
high,four_way_stop,4,17,residual_conditioning_minus_plain_conditioning,min_distance,interaction,0.01740199327468883,0.0037273764610290527,0.013674616813659779
clean,four_way_stop,8,17,residual_conditioning_minus_plain_conditioning,collision,interaction,0.0,0.0,0.0
clean,four_way_stop,8,17,residual_conditioning_minus_plain_conditioning,safety_violation,interaction,0.0,0.0,0.0
clean,four_way_stop,8,17,residual_conditioning_minus_plain_conditioning,success,interaction,0.0,1.0,-1.0
clean,four_way_stop,8,17,residual_conditioning_minus_plain_conditioning,progress_ratio,interaction,-0.002971148118376843,0.006138600409031136,-0.00910974852740798
clean,four_way_stop,8,17,residual_conditioning_minus_plain_conditioning,final_goal_distance,interaction,0.028598040342330988,-0.059085562825203,0.08768360316753399
clean,four_way_stop,8,17,residual_conditioning_minus_plain_conditioning,completion_time,interaction,-9.48,-9.48,0.0
clean,four_way_stop,8,17,residual_conditioning_minus_plain_conditioning,min_distance,interaction,-0.0025644898414611816,-0.10023462772369385,0.09767013788223267
low,four_way_stop,8,17,residual_conditioning_minus_plain_conditioning,collision,interaction,0.0,0.0,0.0
low,four_way_stop,8,17,residual_conditioning_minus_plain_conditioning,safety_violation,interaction,0.0,0.0,0.0
low,four_way_stop,8,17,residual_conditioning_minus_plain_conditioning,success,interaction,-1.0,1.0,-2.0
low,four_way_stop,8,17,residual_conditioning_minus_plain_conditioning,progress_ratio,interaction,-0.007477279752493016,0.017326991073787212,-0.024804270826280228
low,four_way_stop,8,17,residual_conditioning_minus_plain_conditioning,final_goal_distance,interaction,0.07197067141532904,-0.16677659749984738,0.23874726891517642
low,four_way_stop,8,17,residual_conditioning_minus_plain_conditioning,completion_time,interaction,13.319999999999999,-12.839999999999998,26.159999999999997
low,four_way_stop,8,17,residual_conditioning_minus_plain_conditioning,min_distance,interaction,-0.07114142179489136,0.003575563430786133,-0.07471698522567749
medium,four_way_stop,8,17,residual_conditioning_minus_plain_conditioning,collision,interaction,0.0,0.0,0.0
medium,four_way_stop,8,17,residual_conditioning_minus_plain_conditioning,safety_violation,interaction,0.0,0.0,0.0
medium,four_way_stop,8,17,residual_conditioning_minus_plain_conditioning,success,interaction,0.0,0.0,0.0
medium,four_way_stop,8,17,residual_conditioning_minus_plain_conditioning,progress_ratio,interaction,0.0014090798795222126,-0.0011452045291662216,0.002554284408688434
medium,four_way_stop,8,17,residual_conditioning_minus_plain_conditioning,final_goal_distance,interaction,-0.013562738895416288,0.011022865772247314,-0.024585604667663602
medium,four_way_stop,8,17,residual_conditioning_minus_plain_conditioning,completion_time,interaction,0.7199999999999989,1.6799999999999997,-0.9600000000000009
medium,four_way_stop,8,17,residual_conditioning_minus_plain_conditioning,min_distance,interaction,0.053867340087890625,0.03216516971588135,0.021702170372009277
high,four_way_stop,8,17,residual_conditioning_minus_plain_conditioning,collision,interaction,0.0,0.0,0.0
high,four_way_stop,8,17,residual_conditioning_minus_plain_conditioning,safety_violation,interaction,0.0,0.0,0.0
high,four_way_stop,8,17,residual_conditioning_minus_plain_conditioning,success,interaction,1.0,0.0,1.0
high,four_way_stop,8,17,residual_conditioning_minus_plain_conditioning,progress_ratio,interaction,0.0023021604865791634,0.003218098543584458,-0.0009159380570052944
high,four_way_stop,8,17,residual_conditioning_minus_plain_conditioning,final_goal_distance,interaction,-0.022158876061439514,-0.030974999070167597,0.008816123008728083
high,four_way_stop,8,17,residual_conditioning_minus_plain_conditioning,completion_time,interaction,-12.36,-11.520000000000001,-0.8399999999999981
high,four_way_stop,8,17,residual_conditioning_minus_plain_conditioning,min_distance,interaction,0.06854426860809326,-0.04420548677444458,0.11274975538253784
clean,corridor,4,18,residual_conditioning_minus_plain_conditioning,collision,interaction,0.0,0.0,0.0
clean,corridor,4,18,residual_conditioning_minus_plain_conditioning,safety_violation,interaction,0.0,1.0,-1.0
clean,corridor,4,18,residual_conditioning_minus_plain_conditioning,success,interaction,0.0,0.0,0.0
clean,corridor,4,18,residual_conditioning_minus_plain_conditioning,progress_ratio,interaction,0.008342092856764904,0.005916063673794381,0.002426029182970524
clean,corridor,4,18,residual_conditioning_minus_plain_conditioning,final_goal_distance,interaction,-0.08517906069755551,-0.0604074820876121,-0.024771578609943418
clean,corridor,4,18,residual_conditioning_minus_plain_conditioning,completion_time,interaction,0.9599999999999991,2.16,-1.200000000000001
clean,corridor,4,18,residual_conditioning_minus_plain_conditioning,min_distance,interaction,0.008888542652130127,-0.2028036117553711,0.21169215440750122
low,corridor,4,18,residual_conditioning_minus_plain_conditioning,collision,interaction,0.0,0.0,0.0
low,corridor,4,18,residual_conditioning_minus_plain_conditioning,safety_violation,interaction,0.0,0.0,0.0
low,corridor,4,18,residual_conditioning_minus_plain_conditioning,success,interaction,0.0,0.0,0.0
low,corridor,4,18,residual_conditioning_minus_plain_conditioning,progress_ratio,interaction,0.0013269735500215374,0.0006056884303690113,0.0007212851196525261
low,corridor,4,18,residual_conditioning_minus_plain_conditioning,final_goal_distance,interaction,-0.013549402356147808,-0.006184533238411005,-0.0073648691177368025
low,corridor,4,18,residual_conditioning_minus_plain_conditioning,completion_time,interaction,0.2400000000000002,-0.120000000000001,0.3600000000000012
low,corridor,4,18,residual_conditioning_minus_plain_conditioning,min_distance,interaction,0.08718621730804443,-0.1315019726753235,0.21868818998336792
medium,corridor,4,18,residual_conditioning_minus_plain_conditioning,collision,interaction,0.0,0.0,0.0
medium,corridor,4,18,residual_conditioning_minus_plain_conditioning,safety_violation,interaction,0.0,0.0,0.0
medium,corridor,4,18,residual_conditioning_minus_plain_conditioning,success,interaction,0.0,0.0,0.0
medium,corridor,4,18,residual_conditioning_minus_plain_conditioning,progress_ratio,interaction,-0.012383086606860383,0.0007600551471115269,-0.01314314175397191
medium,corridor,4,18,residual_conditioning_minus_plain_conditioning,final_goal_distance,interaction,0.12644065916538239,-0.007760733366012601,0.134201392531395
medium,corridor,4,18,residual_conditioning_minus_plain_conditioning,completion_time,interaction,-0.8399999999999999,2.76,-3.5999999999999996
medium,corridor,4,18,residual_conditioning_minus_plain_conditioning,min_distance,interaction,0.04013705253601074,-0.01274484395980835,0.05288189649581909
high,corridor,4,18,residual_conditioning_minus_plain_conditioning,collision,interaction,0.0,0.0,0.0
high,corridor,4,18,residual_conditioning_minus_plain_conditioning,safety_violation,interaction,0.0,0.0,0.0
high,corridor,4,18,residual_conditioning_minus_plain_conditioning,success,interaction,0.0,0.0,0.0
high,corridor,4,18,residual_conditioning_minus_plain_conditioning,progress_ratio,interaction,-0.004579918459057808,-0.0010811956599355854,-0.0034987227991222225
high,corridor,4,18,residual_conditioning_minus_plain_conditioning,final_goal_distance,interaction,0.046764418482780484,0.011039823293685885,0.0357245951890946
high,corridor,4,18,residual_conditioning_minus_plain_conditioning,completion_time,interaction,-1.08,1.3200000000000003,-2.4000000000000004
high,corridor,4,18,residual_conditioning_minus_plain_conditioning,min_distance,interaction,-0.043014466762542725,-0.04524713754653931,0.002232670783996582
clean,corridor,8,18,residual_conditioning_minus_plain_conditioning,collision,interaction,0.0,0.0,0.0
clean,corridor,8,18,residual_conditioning_minus_plain_conditioning,safety_violation,interaction,0.0,0.0,0.0
clean,corridor,8,18,residual_conditioning_minus_plain_conditioning,success,interaction,0.0,0.0,0.0
clean,corridor,8,18,residual_conditioning_minus_plain_conditioning,progress_ratio,interaction,0.01162002980709076,0.015428930521011353,-0.0038089007139205933
clean,corridor,8,18,residual_conditioning_minus_plain_conditioning,final_goal_distance,interaction,-0.11763596534729004,-0.15619558095932007,0.03855961561203003
clean,corridor,8,18,residual_conditioning_minus_plain_conditioning,completion_time,interaction,0.0,0.0,0.0
clean,corridor,8,18,residual_conditioning_minus_plain_conditioning,min_distance,interaction,0.03301858901977539,0.03245311975479126,0.0005654692649841309
low,corridor,8,18,residual_conditioning_minus_plain_conditioning,collision,interaction,0.0,0.0,0.0
low,corridor,8,18,residual_conditioning_minus_plain_conditioning,safety_violation,interaction,0.0,0.0,0.0
low,corridor,8,18,residual_conditioning_minus_plain_conditioning,success,interaction,0.0,0.0,0.0
low,corridor,8,18,residual_conditioning_minus_plain_conditioning,progress_ratio,interaction,-0.04133532568812359,0.011404592543840408,-0.052739918231964
low,corridor,8,18,residual_conditioning_minus_plain_conditioning,final_goal_distance,interaction,0.41846030950546265,-0.1154550313949585,0.5339153409004211
low,corridor,8,18,residual_conditioning_minus_plain_conditioning,completion_time,interaction,0.0,0.0,0.0
low,corridor,8,18,residual_conditioning_minus_plain_conditioning,min_distance,interaction,0.030244112014770508,-0.06445211172103882,0.09469622373580933
medium,corridor,8,18,residual_conditioning_minus_plain_conditioning,collision,interaction,0.0,0.0,0.0
medium,corridor,8,18,residual_conditioning_minus_plain_conditioning,safety_violation,interaction,0.0,0.0,0.0
medium,corridor,8,18,residual_conditioning_minus_plain_conditioning,success,interaction,0.0,0.0,0.0
medium,corridor,8,18,residual_conditioning_minus_plain_conditioning,progress_ratio,interaction,-0.04846268519759178,0.01847555488347996,-0.06693824008107174
medium,corridor,8,18,residual_conditioning_minus_plain_conditioning,final_goal_distance,interaction,0.49061453342437744,-0.18703824281692505,0.6776527762413025
medium,corridor,8,18,residual_conditioning_minus_plain_conditioning,completion_time,interaction,0.0,0.0,0.0
medium,corridor,8,18,residual_conditioning_minus_plain_conditioning,min_distance,interaction,-0.08831983804702759,0.008411109447479248,-0.09673094749450684
high,corridor,8,18,residual_conditioning_minus_plain_conditioning,collision,interaction,0.0,1.0,-1.0
high,corridor,8,18,residual_conditioning_minus_plain_conditioning,safety_violation,interaction,0.0,1.0,-1.0
high,corridor,8,18,residual_conditioning_minus_plain_conditioning,success,interaction,0.0,0.0,0.0
high,corridor,8,18,residual_conditioning_minus_plain_conditioning,progress_ratio,interaction,0.006348863244056591,-0.0033978819847105823,0.009746745228767173
high,corridor,8,18,residual_conditioning_minus_plain_conditioning,final_goal_distance,interaction,-0.06427305936813354,0.03439861536026001,-0.09867167472839355
high,corridor,8,18,residual_conditioning_minus_plain_conditioning,completion_time,interaction,0.0,0.0,0.0
high,corridor,8,18,residual_conditioning_minus_plain_conditioning,min_distance,interaction,-0.09340214729309082,-0.2369480729103089,0.14354592561721807
clean,narrow_gate,4,18,residual_conditioning_minus_plain_conditioning,collision,interaction,0.0,0.0,0.0
clean,narrow_gate,4,18,residual_conditioning_minus_plain_conditioning,safety_violation,interaction,0.0,0.0,0.0
clean,narrow_gate,4,18,residual_conditioning_minus_plain_conditioning,success,interaction,0.0,1.0,-1.0
clean,narrow_gate,4,18,residual_conditioning_minus_plain_conditioning,progress_ratio,interaction,0.003223434090614319,0.1526756566017866,-0.1494522225111723
clean,narrow_gate,4,18,residual_conditioning_minus_plain_conditioning,final_goal_distance,interaction,-0.034122943878173606,-1.616211399435997,1.5820884555578234
clean,narrow_gate,4,18,residual_conditioning_minus_plain_conditioning,completion_time,interaction,0.0,-10.32,10.32
clean,narrow_gate,4,18,residual_conditioning_minus_plain_conditioning,min_distance,interaction,-0.00037367612147420903,0.005296379605017942,-0.005670055726492151
low,narrow_gate,4,18,residual_conditioning_minus_plain_conditioning,collision,interaction,0.0,0.0,0.0
low,narrow_gate,4,18,residual_conditioning_minus_plain_conditioning,safety_violation,interaction,0.0,0.0,0.0
low,narrow_gate,4,18,residual_conditioning_minus_plain_conditioning,success,interaction,1.0,1.0,0.0
low,narrow_gate,4,18,residual_conditioning_minus_plain_conditioning,progress_ratio,interaction,0.15652706287801277,0.1553308553993702,0.0011962074786425747
low,narrow_gate,4,18,residual_conditioning_minus_plain_conditioning,final_goal_distance,interaction,-1.656982071697712,-1.6443191915750501,-0.012662880122661813
low,narrow_gate,4,18,residual_conditioning_minus_plain_conditioning,completion_time,interaction,-9.239999999999998,-7.919999999999998,-1.3200000000000003
low,narrow_gate,4,18,residual_conditioning_minus_plain_conditioning,min_distance,interaction,-0.03413236663799668,0.00611759995297656,-0.04024996659097324
medium,narrow_gate,4,18,residual_conditioning_minus_plain_conditioning,collision,interaction,0.0,0.0,0.0
medium,narrow_gate,4,18,residual_conditioning_minus_plain_conditioning,safety_violation,interaction,0.0,0.0,0.0
medium,narrow_gate,4,18,residual_conditioning_minus_plain_conditioning,success,interaction,0.0,0.0,0.0
medium,narrow_gate,4,18,residual_conditioning_minus_plain_conditioning,progress_ratio,interaction,-0.14528989791870117,0.008504107594490051,-0.15379400551319122
medium,narrow_gate,4,18,residual_conditioning_minus_plain_conditioning,final_goal_distance,interaction,1.5380264520645142,-0.09002375602722146,1.6280502080917356
medium,narrow_gate,4,18,residual_conditioning_minus_plain_conditioning,completion_time,interaction,0.0,0.0,0.0
medium,narrow_gate,4,18,residual_conditioning_minus_plain_conditioning,min_distance,interaction,0.01085475830223126,-0.00349198211692614,0.0143467404191574
high,narrow_gate,4,18,residual_conditioning_minus_plain_conditioning,collision,interaction,0.0,0.0,0.0
high,narrow_gate,4,18,residual_conditioning_minus_plain_conditioning,safety_violation,interaction,0.0,0.0,0.0
high,narrow_gate,4,18,residual_conditioning_minus_plain_conditioning,success,interaction,0.0,0.0,0.0
high,narrow_gate,4,18,residual_conditioning_minus_plain_conditioning,progress_ratio,interaction,-0.002717820927500725,0.002477666363119968,-0.005195487290620693
high,narrow_gate,4,18,residual_conditioning_minus_plain_conditioning,final_goal_distance,interaction,0.02877061814069741,-0.0262283682823182,0.05499898642301561
high,narrow_gate,4,18,residual_conditioning_minus_plain_conditioning,completion_time,interaction,4.080000000000002,8.16,-4.079999999999998
high,narrow_gate,4,18,residual_conditioning_minus_plain_conditioning,min_distance,interaction,0.10979548959262275,0.018038159028009093,0.09175733056461366
clean,narrow_gate,8,18,residual_conditioning_minus_plain_conditioning,collision,interaction,0.0,0.0,0.0
clean,narrow_gate,8,18,residual_conditioning_minus_plain_conditioning,safety_violation,interaction,0.0,0.0,0.0
clean,narrow_gate,8,18,residual_conditioning_minus_plain_conditioning,success,interaction,0.0,0.0,0.0
clean,narrow_gate,8,18,residual_conditioning_minus_plain_conditioning,progress_ratio,interaction,-0.01978437602519989,-0.04211649298667908,0.022332116961479187
clean,narrow_gate,8,18,residual_conditioning_minus_plain_conditioning,final_goal_distance,interaction,0.2049849033355713,0.43636679649352983,-0.23138189315795854
clean,narrow_gate,8,18,residual_conditioning_minus_plain_conditioning,completion_time,interaction,0.0,0.0,0.0
clean,narrow_gate,8,18,residual_conditioning_minus_plain_conditioning,min_distance,interaction,0.02204430103302002,-0.0253446102142334,0.04738891124725342
low,narrow_gate,8,18,residual_conditioning_minus_plain_conditioning,collision,interaction,0.0,0.0,0.0
low,narrow_gate,8,18,residual_conditioning_minus_plain_conditioning,safety_violation,interaction,0.0,0.0,0.0
low,narrow_gate,8,18,residual_conditioning_minus_plain_conditioning,success,interaction,0.0,0.0,0.0
low,narrow_gate,8,18,residual_conditioning_minus_plain_conditioning,progress_ratio,interaction,-0.17885234206914913,-0.1555234044790268,-0.023328937590122334
low,narrow_gate,8,18,residual_conditioning_minus_plain_conditioning,final_goal_distance,interaction,1.853079915046692,1.611369907855988,0.2417100071907039
low,narrow_gate,8,18,residual_conditioning_minus_plain_conditioning,completion_time,interaction,0.0,0.0,0.0
low,narrow_gate,8,18,residual_conditioning_minus_plain_conditioning,min_distance,interaction,0.13157492876052856,-0.02045685052871704,0.1520317792892456
medium,narrow_gate,8,18,residual_conditioning_minus_plain_conditioning,collision,interaction,0.0,0.0,0.0
medium,narrow_gate,8,18,residual_conditioning_minus_plain_conditioning,safety_violation,interaction,0.0,0.0,0.0
medium,narrow_gate,8,18,residual_conditioning_minus_plain_conditioning,success,interaction,0.0,0.0,0.0
medium,narrow_gate,8,18,residual_conditioning_minus_plain_conditioning,progress_ratio,interaction,-0.10767172276973735,0.0680754929780959,-0.17574721574783325
medium,narrow_gate,8,18,residual_conditioning_minus_plain_conditioning,final_goal_distance,interaction,1.1155812740325928,-0.7053266167640686,1.8209078907966614
medium,narrow_gate,8,18,residual_conditioning_minus_plain_conditioning,completion_time,interaction,0.0,0.0,0.0
medium,narrow_gate,8,18,residual_conditioning_minus_plain_conditioning,min_distance,interaction,0.005468308925628662,0.10546433925628662,-0.09999603033065796
high,narrow_gate,8,18,residual_conditioning_minus_plain_conditioning,collision,interaction,0.0,0.0,0.0
high,narrow_gate,8,18,residual_conditioning_minus_plain_conditioning,safety_violation,interaction,0.0,0.0,0.0
high,narrow_gate,8,18,residual_conditioning_minus_plain_conditioning,success,interaction,0.0,0.0,0.0
high,narrow_gate,8,18,residual_conditioning_minus_plain_conditioning,progress_ratio,interaction,0.06615424901247025,0.07160897552967072,-0.00545472651720047
high,narrow_gate,8,18,residual_conditioning_minus_plain_conditioning,final_goal_distance,interaction,-0.6854207515716553,-0.7419369220733643,0.056516170501708984
high,narrow_gate,8,18,residual_conditioning_minus_plain_conditioning,completion_time,interaction,0.0,0.0,0.0
high,narrow_gate,8,18,residual_conditioning_minus_plain_conditioning,min_distance,interaction,-0.05171078443527222,0.13083094358444214,-0.18254172801971436
clean,merge_bottleneck,4,18,residual_conditioning_minus_plain_conditioning,collision,interaction,0.0,0.0,0.0
clean,merge_bottleneck,4,18,residual_conditioning_minus_plain_conditioning,safety_violation,interaction,0.0,0.0,0.0
clean,merge_bottleneck,4,18,residual_conditioning_minus_plain_conditioning,success,interaction,0.0,0.0,0.0
clean,merge_bottleneck,4,18,residual_conditioning_minus_plain_conditioning,progress_ratio,interaction,0.01425297185778629,0.061637017875909805,-0.047384046018123516
clean,merge_bottleneck,4,18,residual_conditioning_minus_plain_conditioning,final_goal_distance,interaction,-0.14776426553726196,-0.6390068531036377,0.49124258756637573
clean,merge_bottleneck,4,18,residual_conditioning_minus_plain_conditioning,completion_time,interaction,0.0,0.0,0.0
clean,merge_bottleneck,4,18,residual_conditioning_minus_plain_conditioning,min_distance,interaction,0.15431076288223267,-0.06337743997573853,0.2176882028579712
low,merge_bottleneck,4,18,residual_conditioning_minus_plain_conditioning,collision,interaction,0.0,0.0,0.0
low,merge_bottleneck,4,18,residual_conditioning_minus_plain_conditioning,safety_violation,interaction,0.0,0.0,0.0
low,merge_bottleneck,4,18,residual_conditioning_minus_plain_conditioning,success,interaction,0.0,0.0,0.0
low,merge_bottleneck,4,18,residual_conditioning_minus_plain_conditioning,progress_ratio,interaction,-0.03373635560274113,-0.008887842297554016,-0.024848513305187114
low,merge_bottleneck,4,18,residual_conditioning_minus_plain_conditioning,final_goal_distance,interaction,0.3497534990310669,0.09214252233505249,0.2576109766960144
low,merge_bottleneck,4,18,residual_conditioning_minus_plain_conditioning,completion_time,interaction,0.0,0.0,0.0
low,merge_bottleneck,4,18,residual_conditioning_minus_plain_conditioning,min_distance,interaction,0.3128065776824951,0.07489249492874805,0.23791408275374704
medium,merge_bottleneck,4,18,residual_conditioning_minus_plain_conditioning,collision,interaction,0.0,0.0,0.0
medium,merge_bottleneck,4,18,residual_conditioning_minus_plain_conditioning,safety_violation,interaction,0.0,0.0,0.0
medium,merge_bottleneck,4,18,residual_conditioning_minus_plain_conditioning,success,interaction,0.0,0.0,0.0
medium,merge_bottleneck,4,18,residual_conditioning_minus_plain_conditioning,progress_ratio,interaction,0.020274296402931213,0.060147691518068314,-0.0398733951151371
medium,merge_bottleneck,4,18,residual_conditioning_minus_plain_conditioning,final_goal_distance,interaction,-0.2101888656616211,-0.6235666275024414,0.4133777618408203
medium,merge_bottleneck,4,18,residual_conditioning_minus_plain_conditioning,completion_time,interaction,0.0,0.0,0.0
medium,merge_bottleneck,4,18,residual_conditioning_minus_plain_conditioning,min_distance,interaction,-0.20617145409475468,-0.009436964988708496,-0.19673448910604618
high,merge_bottleneck,4,18,residual_conditioning_minus_plain_conditioning,collision,interaction,0.0,0.0,0.0
high,merge_bottleneck,4,18,residual_conditioning_minus_plain_conditioning,safety_violation,interaction,0.0,0.0,0.0
high,merge_bottleneck,4,18,residual_conditioning_minus_plain_conditioning,success,interaction,0.0,0.0,0.0
high,merge_bottleneck,4,18,residual_conditioning_minus_plain_conditioning,progress_ratio,interaction,0.06683854013681423,0.08653382211923599,-0.019695281982421764
high,merge_bottleneck,4,18,residual_conditioning_minus_plain_conditioning,final_goal_distance,interaction,-0.6929324269294739,-0.8971184492111206,0.20418602228164673
high,merge_bottleneck,4,18,residual_conditioning_minus_plain_conditioning,completion_time,interaction,0.0,0.0,0.0
high,merge_bottleneck,4,18,residual_conditioning_minus_plain_conditioning,min_distance,interaction,0.18432956108608267,0.07883354879126525,0.10549601229481742
clean,merge_bottleneck,8,18,residual_conditioning_minus_plain_conditioning,collision,interaction,0.0,0.0,0.0
clean,merge_bottleneck,8,18,residual_conditioning_minus_plain_conditioning,safety_violation,interaction,0.0,0.0,0.0
clean,merge_bottleneck,8,18,residual_conditioning_minus_plain_conditioning,success,interaction,0.0,0.0,0.0
clean,merge_bottleneck,8,18,residual_conditioning_minus_plain_conditioning,progress_ratio,interaction,-0.02099531888961792,-0.040651291608810425,0.019655972719192505
clean,merge_bottleneck,8,18,residual_conditioning_minus_plain_conditioning,final_goal_distance,interaction,0.2172441482543941,0.42062950134277344,-0.20338535308837935
clean,merge_bottleneck,8,18,residual_conditioning_minus_plain_conditioning,completion_time,interaction,0.0,0.0,0.0
clean,merge_bottleneck,8,18,residual_conditioning_minus_plain_conditioning,min_distance,interaction,0.03912621736526489,0.090853750705719,-0.0517275333404541
low,merge_bottleneck,8,18,residual_conditioning_minus_plain_conditioning,collision,interaction,0.0,0.0,0.0
low,merge_bottleneck,8,18,residual_conditioning_minus_plain_conditioning,safety_violation,interaction,0.0,0.0,0.0
low,merge_bottleneck,8,18,residual_conditioning_minus_plain_conditioning,success,interaction,0.0,0.0,0.0
low,merge_bottleneck,8,18,residual_conditioning_minus_plain_conditioning,progress_ratio,interaction,0.05101804435253143,0.03076419234275818,0.020253852009773254
low,merge_bottleneck,8,18,residual_conditioning_minus_plain_conditioning,final_goal_distance,interaction,-0.5278971195220947,-0.3183250427246094,-0.20957207679748535
low,merge_bottleneck,8,18,residual_conditioning_minus_plain_conditioning,completion_time,interaction,0.0,0.0,0.0
low,merge_bottleneck,8,18,residual_conditioning_minus_plain_conditioning,min_distance,interaction,0.060961127281188965,0.009968042373657227,0.05099308490753174
medium,merge_bottleneck,8,18,residual_conditioning_minus_plain_conditioning,collision,interaction,0.0,0.0,0.0
medium,merge_bottleneck,8,18,residual_conditioning_minus_plain_conditioning,safety_violation,interaction,0.0,-1.0,1.0
medium,merge_bottleneck,8,18,residual_conditioning_minus_plain_conditioning,success,interaction,0.0,0.0,0.0
medium,merge_bottleneck,8,18,residual_conditioning_minus_plain_conditioning,progress_ratio,interaction,0.041941553354263306,-0.0573936402797699,0.0993351936340332
medium,merge_bottleneck,8,18,residual_conditioning_minus_plain_conditioning,final_goal_distance,interaction,-0.43398022651672363,0.5938670635223384,-1.027847290039062
medium,merge_bottleneck,8,18,residual_conditioning_minus_plain_conditioning,completion_time,interaction,0.0,0.0,0.0
medium,merge_bottleneck,8,18,residual_conditioning_minus_plain_conditioning,min_distance,interaction,-0.11723875999450684,0.19591179490089417,-0.313150554895401
high,merge_bottleneck,8,18,residual_conditioning_minus_plain_conditioning,collision,interaction,0.0,0.0,0.0
high,merge_bottleneck,8,18,residual_conditioning_minus_plain_conditioning,safety_violation,interaction,-1.0,0.0,-1.0
high,merge_bottleneck,8,18,residual_conditioning_minus_plain_conditioning,success,interaction,0.0,0.0,0.0
high,merge_bottleneck,8,18,residual_conditioning_minus_plain_conditioning,progress_ratio,interaction,0.01366281509399414,0.0015880465507507324,0.012074768543243408
high,merge_bottleneck,8,18,residual_conditioning_minus_plain_conditioning,final_goal_distance,interaction,-0.1413726806640625,-0.01643180847168013,-0.12494087219238237
high,merge_bottleneck,8,18,residual_conditioning_minus_plain_conditioning,completion_time,interaction,0.0,0.0,0.0
high,merge_bottleneck,8,18,residual_conditioning_minus_plain_conditioning,min_distance,interaction,0.10649538040161133,-0.016337573528289795,0.12283295392990112
clean,four_way_stop,4,18,residual_conditioning_minus_plain_conditioning,collision,interaction,0.0,0.0,0.0
clean,four_way_stop,4,18,residual_conditioning_minus_plain_conditioning,safety_violation,interaction,0.0,0.0,0.0
clean,four_way_stop,4,18,residual_conditioning_minus_plain_conditioning,success,interaction,0.0,0.0,0.0
clean,four_way_stop,4,18,residual_conditioning_minus_plain_conditioning,progress_ratio,interaction,0.00278891436755635,0.0018766550347207867,0.0009122593328355633
clean,four_way_stop,4,18,residual_conditioning_minus_plain_conditioning,final_goal_distance,interaction,-0.026672497391700717,-0.01794788241386419,-0.008724614977836526
clean,four_way_stop,4,18,residual_conditioning_minus_plain_conditioning,completion_time,interaction,-0.11999999999999922,0.0,-0.11999999999999922
clean,four_way_stop,4,18,residual_conditioning_minus_plain_conditioning,min_distance,interaction,-0.016085803508758545,0.0,-0.016085803508758545
low,four_way_stop,4,18,residual_conditioning_minus_plain_conditioning,collision,interaction,0.0,0.0,0.0
low,four_way_stop,4,18,residual_conditioning_minus_plain_conditioning,safety_violation,interaction,0.0,0.0,0.0
low,four_way_stop,4,18,residual_conditioning_minus_plain_conditioning,success,interaction,0.0,0.0,0.0
low,four_way_stop,4,18,residual_conditioning_minus_plain_conditioning,progress_ratio,interaction,0.010153824463486671,0.0020491601899267353,0.008104664273559936
low,four_way_stop,4,18,residual_conditioning_minus_plain_conditioning,final_goal_distance,interaction,-0.09710875153541562,-0.019597679376602187,-0.07751107215881343
low,four_way_stop,4,18,residual_conditioning_minus_plain_conditioning,completion_time,interaction,1.3200000000000003,-0.2400000000000002,1.5600000000000005
low,four_way_stop,4,18,residual_conditioning_minus_plain_conditioning,min_distance,interaction,0.05291581153869629,0.0,0.05291581153869629
medium,four_way_stop,4,18,residual_conditioning_minus_plain_conditioning,collision,interaction,0.0,0.0,0.0
medium,four_way_stop,4,18,residual_conditioning_minus_plain_conditioning,safety_violation,interaction,0.0,0.0,0.0
medium,four_way_stop,4,18,residual_conditioning_minus_plain_conditioning,success,interaction,0.0,0.0,0.0
medium,four_way_stop,4,18,residual_conditioning_minus_plain_conditioning,progress_ratio,interaction,-0.0003225225955246769,0.005001784302294476,-0.005324306897819153
medium,four_way_stop,4,18,residual_conditioning_minus_plain_conditioning,final_goal_distance,interaction,0.0030845329165458957,-0.04783586412668231,0.050920397043228205
medium,four_way_stop,4,18,residual_conditioning_minus_plain_conditioning,completion_time,interaction,0.120000000000001,0.0,0.120000000000001
medium,four_way_stop,4,18,residual_conditioning_minus_plain_conditioning,min_distance,interaction,-0.011509716510772594,-0.026581168174743763,0.01507145166397117
high,four_way_stop,4,18,residual_conditioning_minus_plain_conditioning,collision,interaction,0.0,0.0,0.0
high,four_way_stop,4,18,residual_conditioning_minus_plain_conditioning,safety_violation,interaction,0.0,0.0,0.0
high,four_way_stop,4,18,residual_conditioning_minus_plain_conditioning,success,interaction,0.0,0.0,0.0
high,four_way_stop,4,18,residual_conditioning_minus_plain_conditioning,progress_ratio,interaction,0.0011416729539632797,3.322307020448001e-05,0.0011084498837587997
high,four_way_stop,4,18,residual_conditioning_minus_plain_conditioning,final_goal_distance,interaction,-0.010918676853179987,-0.00031773746013649684,-0.01060093939304349
high,four_way_stop,4,18,residual_conditioning_minus_plain_conditioning,completion_time,interaction,-0.2400000000000002,-0.5999999999999996,0.35999999999999943
high,four_way_stop,4,18,residual_conditioning_minus_plain_conditioning,min_distance,interaction,0.07364988327026367,-0.012215971946716309,0.08586585521697998
clean,four_way_stop,8,18,residual_conditioning_minus_plain_conditioning,collision,interaction,0.0,0.0,0.0
clean,four_way_stop,8,18,residual_conditioning_minus_plain_conditioning,safety_violation,interaction,0.0,0.0,0.0
clean,four_way_stop,8,18,residual_conditioning_minus_plain_conditioning,success,interaction,0.0,0.0,0.0
clean,four_way_stop,8,18,residual_conditioning_minus_plain_conditioning,progress_ratio,interaction,-0.001534380018710868,-0.000633925199508778,-0.00090045481920209
clean,four_way_stop,8,18,residual_conditioning_minus_plain_conditioning,final_goal_distance,interaction,0.014730021357536316,0.006085664033889798,0.008644357323646518
clean,four_way_stop,8,18,residual_conditioning_minus_plain_conditioning,completion_time,interaction,0.11999999999999922,-9.479999999999999,9.599999999999998
clean,four_way_stop,8,18,residual_conditioning_minus_plain_conditioning,min_distance,interaction,0.01440364122390747,-0.01853501796722412,0.03293865919113159
low,four_way_stop,8,18,residual_conditioning_minus_plain_conditioning,collision,interaction,0.0,0.0,0.0
low,four_way_stop,8,18,residual_conditioning_minus_plain_conditioning,safety_violation,interaction,0.0,0.0,0.0
low,four_way_stop,8,18,residual_conditioning_minus_plain_conditioning,success,interaction,-1.0,1.0,-2.0
low,four_way_stop,8,18,residual_conditioning_minus_plain_conditioning,progress_ratio,interaction,-0.014929501339793205,0.004106204956770054,-0.01903570629656326
low,four_way_stop,8,18,residual_conditioning_minus_plain_conditioning,final_goal_distance,interaction,0.1433230340480805,-0.0394195020198822,0.1827425360679627
low,four_way_stop,8,18,residual_conditioning_minus_plain_conditioning,completion_time,interaction,10.32,-6.84,17.16
low,four_way_stop,8,18,residual_conditioning_minus_plain_conditioning,min_distance,interaction,-0.04390043020248413,-0.021500885486602783,-0.022399544715881348
medium,four_way_stop,8,18,residual_conditioning_minus_plain_conditioning,collision,interaction,0.0,0.0,0.0
medium,four_way_stop,8,18,residual_conditioning_minus_plain_conditioning,safety_violation,interaction,0.0,0.0,0.0
medium,four_way_stop,8,18,residual_conditioning_minus_plain_conditioning,success,interaction,0.0,0.0,0.0
medium,four_way_stop,8,18,residual_conditioning_minus_plain_conditioning,progress_ratio,interaction,-0.0017338981851935387,-0.0006313445046544075,-0.0011025536805391312
medium,four_way_stop,8,18,residual_conditioning_minus_plain_conditioning,final_goal_distance,interaction,0.0166454017162323,0.006060898303985596,0.010584503412246704
medium,four_way_stop,8,18,residual_conditioning_minus_plain_conditioning,completion_time,interaction,-4.079999999999998,-4.800000000000001,0.7200000000000024
medium,four_way_stop,8,18,residual_conditioning_minus_plain_conditioning,min_distance,interaction,-0.022547006607055664,-0.04077273607254028,0.01822572946548462
high,four_way_stop,8,18,residual_conditioning_minus_plain_conditioning,collision,interaction,0.0,0.0,0.0
high,four_way_stop,8,18,residual_conditioning_minus_plain_conditioning,safety_violation,interaction,0.0,0.0,0.0
high,four_way_stop,8,18,residual_conditioning_minus_plain_conditioning,success,interaction,0.0,1.0,-1.0
high,four_way_stop,8,18,residual_conditioning_minus_plain_conditioning,progress_ratio,interaction,-0.0040818750858307995,0.002042289823293797,-0.0061241649091245964
high,four_way_stop,8,18,residual_conditioning_minus_plain_conditioning,final_goal_distance,interaction,0.03918595612049111,-0.01960596442222598,0.05879192054271709
high,four_way_stop,8,18,residual_conditioning_minus_plain_conditioning,completion_time,interaction,-1.8000000000000007,-13.2,11.399999999999999
high,four_way_stop,8,18,residual_conditioning_minus_plain_conditioning,min_distance,interaction,-0.05489534139633179,-0.023827433586120605,-0.03106790781021118
clean,corridor,4,19,residual_conditioning_minus_plain_conditioning,collision,interaction,0.0,0.0,0.0
clean,corridor,4,19,residual_conditioning_minus_plain_conditioning,safety_violation,interaction,0.0,0.0,0.0
clean,corridor,4,19,residual_conditioning_minus_plain_conditioning,success,interaction,0.0,0.0,0.0
clean,corridor,4,19,residual_conditioning_minus_plain_conditioning,progress_ratio,interaction,0.002448190003633388,-0.0017055710777640343,0.004153761081397422
clean,corridor,4,19,residual_conditioning_minus_plain_conditioning,final_goal_distance,interaction,-0.025013677775859805,0.017426177859306308,-0.04243985563516611
clean,corridor,4,19,residual_conditioning_minus_plain_conditioning,completion_time,interaction,0.2400000000000002,-1.6800000000000015,1.9200000000000017
clean,corridor,4,19,residual_conditioning_minus_plain_conditioning,min_distance,interaction,0.11557775735855103,0.06283813714981079,0.052739620208740234
low,corridor,4,19,residual_conditioning_minus_plain_conditioning,collision,interaction,0.0,0.0,0.0
low,corridor,4,19,residual_conditioning_minus_plain_conditioning,safety_violation,interaction,0.0,0.0,0.0
low,corridor,4,19,residual_conditioning_minus_plain_conditioning,success,interaction,0.0,0.0,0.0
low,corridor,4,19,residual_conditioning_minus_plain_conditioning,progress_ratio,interaction,0.0001442069187760353,-0.008736926130950451,0.008881133049726486
low,corridor,4,19,residual_conditioning_minus_plain_conditioning,final_goal_distance,interaction,-0.0014733970165252963,0.0892670378088951,-0.0907404348254204
low,corridor,4,19,residual_conditioning_minus_plain_conditioning,completion_time,interaction,0.3600000000000012,-2.4000000000000004,2.7600000000000016
low,corridor,4,19,residual_conditioning_minus_plain_conditioning,min_distance,interaction,0.07231605052947998,0.10311180353164673,-0.030795753002166748
medium,corridor,4,19,residual_conditioning_minus_plain_conditioning,collision,interaction,0.0,0.0,0.0
medium,corridor,4,19,residual_conditioning_minus_plain_conditioning,safety_violation,interaction,0.0,0.0,0.0
medium,corridor,4,19,residual_conditioning_minus_plain_conditioning,success,interaction,0.0,0.0,0.0
medium,corridor,4,19,residual_conditioning_minus_plain_conditioning,progress_ratio,interaction,0.0030322084203364685,-0.0017638523131607853,0.004796060733497254
medium,corridor,4,19,residual_conditioning_minus_plain_conditioning,final_goal_distance,interaction,-0.0309807136654853,0.018021658062934903,-0.0490023717284202
medium,corridor,4,19,residual_conditioning_minus_plain_conditioning,completion_time,interaction,0.0,-0.120000000000001,0.120000000000001
medium,corridor,4,19,residual_conditioning_minus_plain_conditioning,min_distance,interaction,0.1849759817123413,-0.001610100269317627,0.18658608198165894
high,corridor,4,19,residual_conditioning_minus_plain_conditioning,collision,interaction,0.0,0.0,0.0
high,corridor,4,19,residual_conditioning_minus_plain_conditioning,safety_violation,interaction,0.0,0.0,0.0
high,corridor,4,19,residual_conditioning_minus_plain_conditioning,success,interaction,0.0,0.0,0.0
high,corridor,4,19,residual_conditioning_minus_plain_conditioning,progress_ratio,interaction,0.0025176554918290295,0.0013705845922232784,0.001147070899605751
high,corridor,4,19,residual_conditioning_minus_plain_conditioning,final_goal_distance,interaction,-0.025723427534103394,-0.0140035524964333,-0.011719875037670094
high,corridor,4,19,residual_conditioning_minus_plain_conditioning,completion_time,interaction,-0.5999999999999996,1.3199999999999985,-1.9199999999999982
high,corridor,4,19,residual_conditioning_minus_plain_conditioning,min_distance,interaction,0.11995893716812134,-0.06690961122512817,0.1868685483932495
clean,corridor,8,19,residual_conditioning_minus_plain_conditioning,collision,interaction,0.0,0.0,0.0
clean,corridor,8,19,residual_conditioning_minus_plain_conditioning,safety_violation,interaction,0.0,0.0,0.0
clean,corridor,8,19,residual_conditioning_minus_plain_conditioning,success,interaction,0.0,0.0,0.0
clean,corridor,8,19,residual_conditioning_minus_plain_conditioning,progress_ratio,interaction,-0.0059907883405683204,-0.004386767745018005,-0.001604020595550315
clean,corridor,8,19,residual_conditioning_minus_plain_conditioning,final_goal_distance,interaction,0.060602545738220215,0.044376254081726074,0.01622629165649414
clean,corridor,8,19,residual_conditioning_minus_plain_conditioning,completion_time,interaction,0.0,0.0,0.0
clean,corridor,8,19,residual_conditioning_minus_plain_conditioning,min_distance,interaction,-0.02720475196838379,-0.02351325750350952,-0.0036914944648742676
low,corridor,8,19,residual_conditioning_minus_plain_conditioning,collision,interaction,0.0,0.0,0.0
low,corridor,8,19,residual_conditioning_minus_plain_conditioning,safety_violation,interaction,-1.0,1.0,-2.0
low,corridor,8,19,residual_conditioning_minus_plain_conditioning,success,interaction,0.0,0.0,0.0
low,corridor,8,19,residual_conditioning_minus_plain_conditioning,progress_ratio,interaction,-0.007252968847751506,-0.004664890468120353,-0.0025880783796311535
low,corridor,8,19,residual_conditioning_minus_plain_conditioning,final_goal_distance,interaction,0.07337063550949097,0.04718977212905884,0.02618086338043213
low,corridor,8,19,residual_conditioning_minus_plain_conditioning,completion_time,interaction,0.0,0.0,0.0
low,corridor,8,19,residual_conditioning_minus_plain_conditioning,min_distance,interaction,0.12029016017913818,-0.038629889488220215,0.1589200496673584
medium,corridor,8,19,residual_conditioning_minus_plain_conditioning,collision,interaction,0.0,0.0,0.0
medium,corridor,8,19,residual_conditioning_minus_plain_conditioning,safety_violation,interaction,1.0,0.0,1.0
medium,corridor,8,19,residual_conditioning_minus_plain_conditioning,success,interaction,0.0,0.0,0.0
medium,corridor,8,19,residual_conditioning_minus_plain_conditioning,progress_ratio,interaction,0.009178437292575614,-0.015719421207904816,0.02489785850048043
medium,corridor,8,19,residual_conditioning_minus_plain_conditioning,final_goal_distance,interaction,-0.09284865856170654,0.15901684761047363,-0.2518655061721802
medium,corridor,8,19,residual_conditioning_minus_plain_conditioning,completion_time,interaction,0.0,0.0,0.0
medium,corridor,8,19,residual_conditioning_minus_plain_conditioning,min_distance,interaction,-0.15350434184074402,0.09164750576019287,-0.2451518476009369
high,corridor,8,19,residual_conditioning_minus_plain_conditioning,collision,interaction,0.0,0.0,0.0
high,corridor,8,19,residual_conditioning_minus_plain_conditioning,safety_violation,interaction,1.0,0.0,1.0
high,corridor,8,19,residual_conditioning_minus_plain_conditioning,success,interaction,0.0,0.0,0.0
high,corridor,8,19,residual_conditioning_minus_plain_conditioning,progress_ratio,interaction,0.009990978986024968,-0.009311512112617604,0.01930249109864257
high,corridor,8,19,residual_conditioning_minus_plain_conditioning,final_goal_distance,interaction,-0.10106825828552246,0.09419476985931396,-0.19526302814483643
high,corridor,8,19,residual_conditioning_minus_plain_conditioning,completion_time,interaction,0.0,0.0,0.0
high,corridor,8,19,residual_conditioning_minus_plain_conditioning,min_distance,interaction,-0.13452094793319702,0.07565504312515259,-0.2101759910583496
clean,narrow_gate,4,19,residual_conditioning_minus_plain_conditioning,collision,interaction,0.0,0.0,0.0
clean,narrow_gate,4,19,residual_conditioning_minus_plain_conditioning,safety_violation,interaction,0.0,0.0,0.0
clean,narrow_gate,4,19,residual_conditioning_minus_plain_conditioning,success,interaction,0.0,0.0,0.0
clean,narrow_gate,4,19,residual_conditioning_minus_plain_conditioning,progress_ratio,interaction,0.18647879362106323,-0.1916169375181198,0.37809573113918304
clean,narrow_gate,4,19,residual_conditioning_minus_plain_conditioning,final_goal_distance,interaction,-1.9757121801376343,2.030149817466736,-4.00586199760437
clean,narrow_gate,4,19,residual_conditioning_minus_plain_conditioning,completion_time,interaction,0.0,0.0,0.0
clean,narrow_gate,4,19,residual_conditioning_minus_plain_conditioning,min_distance,interaction,-0.012018374696340706,0.0,-0.012018374696340706
low,narrow_gate,4,19,residual_conditioning_minus_plain_conditioning,collision,interaction,0.0,0.0,0.0
low,narrow_gate,4,19,residual_conditioning_minus_plain_conditioning,safety_violation,interaction,0.0,0.0,0.0
low,narrow_gate,4,19,residual_conditioning_minus_plain_conditioning,success,interaction,0.0,0.0,0.0
low,narrow_gate,4,19,residual_conditioning_minus_plain_conditioning,progress_ratio,interaction,0.18537618219852448,0.0048656463623046875,0.1805105358362198
low,narrow_gate,4,19,residual_conditioning_minus_plain_conditioning,final_goal_distance,interaction,-1.964030265808105,-0.05155074596405007,-1.912479519844055
low,narrow_gate,4,19,residual_conditioning_minus_plain_conditioning,completion_time,interaction,0.0,0.0,0.0
low,narrow_gate,4,19,residual_conditioning_minus_plain_conditioning,min_distance,interaction,0.10035133361816406,0.0,0.10035133361816406
medium,narrow_gate,4,19,residual_conditioning_minus_plain_conditioning,collision,interaction,0.0,0.0,0.0
medium,narrow_gate,4,19,residual_conditioning_minus_plain_conditioning,safety_violation,interaction,0.0,0.0,0.0
medium,narrow_gate,4,19,residual_conditioning_minus_plain_conditioning,success,interaction,0.0,0.0,0.0
medium,narrow_gate,4,19,residual_conditioning_minus_plain_conditioning,progress_ratio,interaction,-0.0037831049412487827,0.003505423665046692,-0.007288528606295475
medium,narrow_gate,4,19,residual_conditioning_minus_plain_conditioning,final_goal_distance,interaction,0.04008137434721,-0.0371394157409668,0.0772207900881768
medium,narrow_gate,4,19,residual_conditioning_minus_plain_conditioning,completion_time,interaction,1.08,0.0,1.08
medium,narrow_gate,4,19,residual_conditioning_minus_plain_conditioning,min_distance,interaction,0.025694429874420166,0.024057328701019287,0.001637101173400879
high,narrow_gate,4,19,residual_conditioning_minus_plain_conditioning,collision,interaction,0.0,0.0,0.0
high,narrow_gate,4,19,residual_conditioning_minus_plain_conditioning,safety_violation,interaction,0.0,0.0,0.0
high,narrow_gate,4,19,residual_conditioning_minus_plain_conditioning,success,interaction,0.0,0.0,0.0
high,narrow_gate,4,19,residual_conditioning_minus_plain_conditioning,progress_ratio,interaction,0.007768013048917055,0.003658521920442359,0.004109491128474696
high,narrow_gate,4,19,residual_conditioning_minus_plain_conditioning,final_goal_distance,interaction,-0.0823008194565773,-0.0387614369392395,-0.0435393825173378
high,narrow_gate,4,19,residual_conditioning_minus_plain_conditioning,completion_time,interaction,-7.079999999999998,10.56,-17.64
high,narrow_gate,4,19,residual_conditioning_minus_plain_conditioning,min_distance,interaction,-0.1189274787902832,0.1568634510535214,-0.2757909298438046
clean,narrow_gate,8,19,residual_conditioning_minus_plain_conditioning,collision,interaction,0.0,0.0,0.0
clean,narrow_gate,8,19,residual_conditioning_minus_plain_conditioning,safety_violation,interaction,0.0,0.0,0.0
clean,narrow_gate,8,19,residual_conditioning_minus_plain_conditioning,success,interaction,0.0,0.0,0.0
clean,narrow_gate,8,19,residual_conditioning_minus_plain_conditioning,progress_ratio,interaction,-0.24166421219706535,0.07102915644645691,-0.31269336864352226
clean,narrow_gate,8,19,residual_conditioning_minus_plain_conditioning,final_goal_distance,interaction,2.5102248191833496,-0.7377970218658447,3.2480218410491943
clean,narrow_gate,8,19,residual_conditioning_minus_plain_conditioning,completion_time,interaction,0.0,0.0,0.0
clean,narrow_gate,8,19,residual_conditioning_minus_plain_conditioning,min_distance,interaction,-0.15671944618225098,0.07400625944137573,-0.2307257056236267
low,narrow_gate,8,19,residual_conditioning_minus_plain_conditioning,collision,interaction,0.0,0.0,0.0
low,narrow_gate,8,19,residual_conditioning_minus_plain_conditioning,safety_violation,interaction,0.0,0.0,0.0
low,narrow_gate,8,19,residual_conditioning_minus_plain_conditioning,success,interaction,0.0,0.0,0.0
low,narrow_gate,8,19,residual_conditioning_minus_plain_conditioning,progress_ratio,interaction,-0.12254886329174042,-0.0005954056978225708,-0.12195345759391785
low,narrow_gate,8,19,residual_conditioning_minus_plain_conditioning,final_goal_distance,interaction,1.272944688796997,0.006184577941894309,1.2667601108551028
low,narrow_gate,8,19,residual_conditioning_minus_plain_conditioning,completion_time,interaction,0.0,0.0,0.0
low,narrow_gate,8,19,residual_conditioning_minus_plain_conditioning,min_distance,interaction,-0.07662010192871094,-0.1246565580368042,0.04803645610809326
medium,narrow_gate,8,19,residual_conditioning_minus_plain_conditioning,collision,interaction,0.0,0.0,0.0
medium,narrow_gate,8,19,residual_conditioning_minus_plain_conditioning,safety_violation,interaction,0.0,0.0,0.0
medium,narrow_gate,8,19,residual_conditioning_minus_plain_conditioning,success,interaction,0.0,0.0,0.0
medium,narrow_gate,8,19,residual_conditioning_minus_plain_conditioning,progress_ratio,interaction,-0.17662513256072998,0.06810763478279103,-0.244732767343521
medium,narrow_gate,8,19,residual_conditioning_minus_plain_conditioning,final_goal_distance,interaction,1.8346482515335079,-0.7074505090713501,2.542098760604858
medium,narrow_gate,8,19,residual_conditioning_minus_plain_conditioning,completion_time,interaction,0.0,0.0,0.0
medium,narrow_gate,8,19,residual_conditioning_minus_plain_conditioning,min_distance,interaction,0.011955618858337402,0.07463264465332031,-0.06267702579498291
high,narrow_gate,8,19,residual_conditioning_minus_plain_conditioning,collision,interaction,0.0,0.0,0.0
high,narrow_gate,8,19,residual_conditioning_minus_plain_conditioning,safety_violation,interaction,0.0,0.0,0.0
high,narrow_gate,8,19,residual_conditioning_minus_plain_conditioning,success,interaction,0.0,0.0,0.0
high,narrow_gate,8,19,residual_conditioning_minus_plain_conditioning,progress_ratio,interaction,-0.06702248752117157,-0.001199677586555481,-0.06582280993461609
high,narrow_gate,8,19,residual_conditioning_minus_plain_conditioning,final_goal_distance,interaction,0.6961789131164551,0.01246142387390159,0.6837174892425535
high,narrow_gate,8,19,residual_conditioning_minus_plain_conditioning,completion_time,interaction,0.0,0.0,0.0
high,narrow_gate,8,19,residual_conditioning_minus_plain_conditioning,min_distance,interaction,-0.0038724541664123535,0.04023587703704834,-0.04410833120346069
clean,merge_bottleneck,4,19,residual_conditioning_minus_plain_conditioning,collision,interaction,0.0,0.0,0.0
clean,merge_bottleneck,4,19,residual_conditioning_minus_plain_conditioning,safety_violation,interaction,0.0,0.0,0.0
clean,merge_bottleneck,4,19,residual_conditioning_minus_plain_conditioning,success,interaction,0.0,0.0,0.0
clean,merge_bottleneck,4,19,residual_conditioning_minus_plain_conditioning,progress_ratio,interaction,0.08435584977269184,-0.0058079324662686505,0.09016378223896049
clean,merge_bottleneck,4,19,residual_conditioning_minus_plain_conditioning,final_goal_distance,interaction,-0.874727725982666,0.06022530794143677,-0.9349530339241028
clean,merge_bottleneck,4,19,residual_conditioning_minus_plain_conditioning,completion_time,interaction,0.0,0.0,0.0
clean,merge_bottleneck,4,19,residual_conditioning_minus_plain_conditioning,min_distance,interaction,9.810330934612033e-06,0.03412890434265137,-0.034119094011716755
low,merge_bottleneck,4,19,residual_conditioning_minus_plain_conditioning,collision,interaction,0.0,0.0,0.0
low,merge_bottleneck,4,19,residual_conditioning_minus_plain_conditioning,safety_violation,interaction,0.0,0.0,0.0
low,merge_bottleneck,4,19,residual_conditioning_minus_plain_conditioning,success,interaction,0.0,0.0,0.0
low,merge_bottleneck,4,19,residual_conditioning_minus_plain_conditioning,progress_ratio,interaction,-0.004339981824159622,0.028402172029018402,-0.032742153853178024
low,merge_bottleneck,4,19,residual_conditioning_minus_plain_conditioning,final_goal_distance,interaction,0.04500344395637518,-0.2945162057876587,0.33951964974403387
low,merge_bottleneck,4,19,residual_conditioning_minus_plain_conditioning,completion_time,interaction,0.0,0.0,0.0
low,merge_bottleneck,4,19,residual_conditioning_minus_plain_conditioning,min_distance,interaction,-0.07395896434783933,0.1230994457986434,-0.19705841014648273
medium,merge_bottleneck,4,19,residual_conditioning_minus_plain_conditioning,collision,interaction,0.0,0.0,0.0
medium,merge_bottleneck,4,19,residual_conditioning_minus_plain_conditioning,safety_violation,interaction,0.0,0.0,0.0
medium,merge_bottleneck,4,19,residual_conditioning_minus_plain_conditioning,success,interaction,0.0,0.0,0.0
medium,merge_bottleneck,4,19,residual_conditioning_minus_plain_conditioning,progress_ratio,interaction,0.01829814165830601,-8.028000593207629e-05,0.018378421664238087
medium,merge_bottleneck,4,19,residual_conditioning_minus_plain_conditioning,final_goal_distance,interaction,-0.1897425651550293,0.0008324384689331055,-0.1905750036239624
medium,merge_bottleneck,4,19,residual_conditioning_minus_plain_conditioning,completion_time,interaction,0.0,0.0,0.0
medium,merge_bottleneck,4,19,residual_conditioning_minus_plain_conditioning,min_distance,interaction,2.5758243866746966e-06,0.041462303789196464,-0.04145972796480979
high,merge_bottleneck,4,19,residual_conditioning_minus_plain_conditioning,collision,interaction,0.0,0.0,0.0
high,merge_bottleneck,4,19,residual_conditioning_minus_plain_conditioning,safety_violation,interaction,0.0,0.0,0.0
high,merge_bottleneck,4,19,residual_conditioning_minus_plain_conditioning,success,interaction,0.0,0.0,0.0
high,merge_bottleneck,4,19,residual_conditioning_minus_plain_conditioning,progress_ratio,interaction,-0.00018975138664234503,0.005629636347293965,-0.00581938773393631
high,merge_bottleneck,4,19,residual_conditioning_minus_plain_conditioning,final_goal_distance,interaction,0.00196760892868042,-0.0583764910697937,0.06034409999847412
high,merge_bottleneck,4,19,residual_conditioning_minus_plain_conditioning,completion_time,interaction,0.0,0.0,0.0
high,merge_bottleneck,4,19,residual_conditioning_minus_plain_conditioning,min_distance,interaction,-0.23016073671768078,-0.15054768323898315,-0.07961305347869763
clean,merge_bottleneck,8,19,residual_conditioning_minus_plain_conditioning,collision,interaction,0.0,0.0,0.0
clean,merge_bottleneck,8,19,residual_conditioning_minus_plain_conditioning,safety_violation,interaction,1.0,0.0,1.0
clean,merge_bottleneck,8,19,residual_conditioning_minus_plain_conditioning,success,interaction,0.0,0.0,0.0
clean,merge_bottleneck,8,19,residual_conditioning_minus_plain_conditioning,progress_ratio,interaction,-0.0068717896938323975,-0.015660464763641357,0.00878867506980896
clean,merge_bottleneck,8,19,residual_conditioning_minus_plain_conditioning,final_goal_distance,interaction,0.07116079330444336,0.1621718406677246,-0.09101104736328125
clean,merge_bottleneck,8,19,residual_conditioning_minus_plain_conditioning,completion_time,interaction,0.0,0.0,0.0
clean,merge_bottleneck,8,19,residual_conditioning_minus_plain_conditioning,min_distance,interaction,-0.050509124994277954,-0.01658451557159424,-0.033924609422683716
low,merge_bottleneck,8,19,residual_conditioning_minus_plain_conditioning,collision,interaction,0.0,0.0,0.0
low,merge_bottleneck,8,19,residual_conditioning_minus_plain_conditioning,safety_violation,interaction,0.0,0.0,0.0
low,merge_bottleneck,8,19,residual_conditioning_minus_plain_conditioning,success,interaction,0.0,0.0,0.0
low,merge_bottleneck,8,19,residual_conditioning_minus_plain_conditioning,progress_ratio,interaction,0.06168097257614136,0.1309877336025238,-0.06930676102638245
low,merge_bottleneck,8,19,residual_conditioning_minus_plain_conditioning,final_goal_distance,interaction,-0.6387372016906738,-1.356443166732788,0.7177059650421143
low,merge_bottleneck,8,19,residual_conditioning_minus_plain_conditioning,completion_time,interaction,0.0,0.0,0.0
low,merge_bottleneck,8,19,residual_conditioning_minus_plain_conditioning,min_distance,interaction,0.08190762996673584,-0.044638603925704956,0.1265462338924408
medium,merge_bottleneck,8,19,residual_conditioning_minus_plain_conditioning,collision,interaction,0.0,0.0,0.0
medium,merge_bottleneck,8,19,residual_conditioning_minus_plain_conditioning,safety_violation,interaction,0.0,1.0,-1.0
medium,merge_bottleneck,8,19,residual_conditioning_minus_plain_conditioning,success,interaction,0.0,0.0,0.0
medium,merge_bottleneck,8,19,residual_conditioning_minus_plain_conditioning,progress_ratio,interaction,0.057995542883872986,-0.0013087689876556396,0.059304311871528625
medium,merge_bottleneck,8,19,residual_conditioning_minus_plain_conditioning,final_goal_distance,interaction,-0.6005725860595703,0.013552904129027876,-0.6141254901885982
medium,merge_bottleneck,8,19,residual_conditioning_minus_plain_conditioning,completion_time,interaction,0.0,0.0,0.0
medium,merge_bottleneck,8,19,residual_conditioning_minus_plain_conditioning,min_distance,interaction,0.004425406455993652,-0.1628667116165161,0.16729211807250977
high,merge_bottleneck,8,19,residual_conditioning_minus_plain_conditioning,collision,interaction,0.0,0.0,0.0
high,merge_bottleneck,8,19,residual_conditioning_minus_plain_conditioning,safety_violation,interaction,0.0,0.0,0.0
high,merge_bottleneck,8,19,residual_conditioning_minus_plain_conditioning,success,interaction,0.0,0.0,0.0
high,merge_bottleneck,8,19,residual_conditioning_minus_plain_conditioning,progress_ratio,interaction,-0.03844591975212097,-0.05133536458015442,0.012889444828033447
high,merge_bottleneck,8,19,residual_conditioning_minus_plain_conditioning,final_goal_distance,interaction,0.398126602172852,0.5316030979156494,-0.1334764957427974
high,merge_bottleneck,8,19,residual_conditioning_minus_plain_conditioning,completion_time,interaction,0.0,0.0,0.0
high,merge_bottleneck,8,19,residual_conditioning_minus_plain_conditioning,min_distance,interaction,-0.027095139026641846,0.0141066312789917,-0.041201770305633545
clean,four_way_stop,4,19,residual_conditioning_minus_plain_conditioning,collision,interaction,0.0,0.0,0.0
clean,four_way_stop,4,19,residual_conditioning_minus_plain_conditioning,safety_violation,interaction,0.0,0.0,0.0
clean,four_way_stop,4,19,residual_conditioning_minus_plain_conditioning,success,interaction,0.0,0.0,0.0
clean,four_way_stop,4,19,residual_conditioning_minus_plain_conditioning,progress_ratio,interaction,0.0033664964139460407,0.00266469083726395,0.0007018055766820908
clean,four_way_stop,4,19,residual_conditioning_minus_plain_conditioning,final_goal_distance,interaction,-0.0322519242763519,-0.02552843093872069,-0.006723493337631212
clean,four_way_stop,4,19,residual_conditioning_minus_plain_conditioning,completion_time,interaction,-0.7200000000000006,0.9599999999999991,-1.6799999999999997
clean,four_way_stop,4,19,residual_conditioning_minus_plain_conditioning,min_distance,interaction,0.07015419006347656,0.020359039306640736,0.049795150756835826
low,four_way_stop,4,19,residual_conditioning_minus_plain_conditioning,collision,interaction,0.0,0.0,0.0
low,four_way_stop,4,19,residual_conditioning_minus_plain_conditioning,safety_violation,interaction,0.0,0.0,0.0
low,four_way_stop,4,19,residual_conditioning_minus_plain_conditioning,success,interaction,0.0,0.0,0.0
low,four_way_stop,4,19,residual_conditioning_minus_plain_conditioning,progress_ratio,interaction,-0.00880073942244064,-0.0031307516619561992,-0.005669987760484441
low,four_way_stop,4,19,residual_conditioning_minus_plain_conditioning,final_goal_distance,interaction,0.08431337773799899,0.029993422329425798,0.05431995540857319
low,four_way_stop,4,19,residual_conditioning_minus_plain_conditioning,completion_time,interaction,-1.4399999999999995,-0.7199999999999989,-0.7200000000000006
low,four_way_stop,4,19,residual_conditioning_minus_plain_conditioning,min_distance,interaction,-0.2707504630088806,0.002174675464630238,-0.27292513847351085
medium,four_way_stop,4,19,residual_conditioning_minus_plain_conditioning,collision,interaction,0.0,0.0,0.0
medium,four_way_stop,4,19,residual_conditioning_minus_plain_conditioning,safety_violation,interaction,0.0,0.0,0.0
medium,four_way_stop,4,19,residual_conditioning_minus_plain_conditioning,success,interaction,0.0,0.0,0.0
medium,four_way_stop,4,19,residual_conditioning_minus_plain_conditioning,progress_ratio,interaction,0.0006361575797200203,0.005618617869913578,-0.004982460290193558
medium,four_way_stop,4,19,residual_conditioning_minus_plain_conditioning,final_goal_distance,interaction,-0.006094552576541887,-0.053827822208404597,0.04773326963186271
medium,four_way_stop,4,19,residual_conditioning_minus_plain_conditioning,completion_time,interaction,-0.2400000000000002,1.200000000000001,-1.4400000000000013
medium,four_way_stop,4,19,residual_conditioning_minus_plain_conditioning,min_distance,interaction,-0.0982779860496521,-0.08239924907684326,-0.015878736972808838
high,four_way_stop,4,19,residual_conditioning_minus_plain_conditioning,collision,interaction,0.0,0.0,0.0
high,four_way_stop,4,19,residual_conditioning_minus_plain_conditioning,safety_violation,interaction,0.0,0.0,0.0
high,four_way_stop,4,19,residual_conditioning_minus_plain_conditioning,success,interaction,0.0,0.0,0.0
high,four_way_stop,4,19,residual_conditioning_minus_plain_conditioning,progress_ratio,interaction,4.218332469485553e-05,3.76161187888302e-05,4.567205906025329e-06
high,four_way_stop,4,19,residual_conditioning_minus_plain_conditioning,final_goal_distance,interaction,-0.0004041194915770929,-0.0003603696823120117,-4.374980926508121e-05
high,four_way_stop,4,19,residual_conditioning_minus_plain_conditioning,completion_time,interaction,0.120000000000001,-0.2400000000000002,0.3600000000000012
high,four_way_stop,4,19,residual_conditioning_minus_plain_conditioning,min_distance,interaction,-0.033079683780670166,-0.013490438461303711,-0.019589245319366455
clean,four_way_stop,8,19,residual_conditioning_minus_plain_conditioning,collision,interaction,0.0,0.0,0.0
clean,four_way_stop,8,19,residual_conditioning_minus_plain_conditioning,safety_violation,interaction,0.0,0.0,0.0
clean,four_way_stop,8,19,residual_conditioning_minus_plain_conditioning,success,interaction,0.0,-1.0,1.0
clean,four_way_stop,8,19,residual_conditioning_minus_plain_conditioning,progress_ratio,interaction,0.0018585817888377987,-0.007921071723103634,0.009779653511941433
clean,four_way_stop,8,19,residual_conditioning_minus_plain_conditioning,final_goal_distance,interaction,-0.017864108085632296,0.07613489031791681,-0.09399899840354911
clean,four_way_stop,8,19,residual_conditioning_minus_plain_conditioning,completion_time,interaction,-2.0399999999999974,1.7999999999999972,-3.8399999999999945
clean,four_way_stop,8,19,residual_conditioning_minus_plain_conditioning,min_distance,interaction,-0.07536494731903076,0.008679687976837158,-0.08404463529586792
low,four_way_stop,8,19,residual_conditioning_minus_plain_conditioning,collision,interaction,0.0,0.0,0.0
low,four_way_stop,8,19,residual_conditioning_minus_plain_conditioning,safety_violation,interaction,0.0,0.0,0.0
low,four_way_stop,8,19,residual_conditioning_minus_plain_conditioning,success,interaction,0.0,0.0,0.0
low,four_way_stop,8,19,residual_conditioning_minus_plain_conditioning,progress_ratio,interaction,-0.005767505615949631,-0.0022644568234682083,-0.0035030487924814224
low,four_way_stop,8,19,residual_conditioning_minus_plain_conditioning,final_goal_distance,interaction,0.055435478687286294,0.021765261888504,0.03367021679878229
low,four_way_stop,8,19,residual_conditioning_minus_plain_conditioning,completion_time,interaction,3.84,-8.639999999999999,12.479999999999999
low,four_way_stop,8,19,residual_conditioning_minus_plain_conditioning,min_distance,interaction,0.032341957092285156,-0.006301164627075195,0.03864312171936035
medium,four_way_stop,8,19,residual_conditioning_minus_plain_conditioning,collision,interaction,0.0,0.0,0.0
medium,four_way_stop,8,19,residual_conditioning_minus_plain_conditioning,safety_violation,interaction,0.0,0.0,0.0
medium,four_way_stop,8,19,residual_conditioning_minus_plain_conditioning,success,interaction,0.0,0.0,0.0
medium,four_way_stop,8,19,residual_conditioning_minus_plain_conditioning,progress_ratio,interaction,-0.001970263198018074,-0.0006771907210350037,-0.0012930724769830704
medium,four_way_stop,8,19,residual_conditioning_minus_plain_conditioning,final_goal_distance,interaction,0.018937557935714694,0.006508946418762179,0.012428611516952515
medium,four_way_stop,8,19,residual_conditioning_minus_plain_conditioning,completion_time,interaction,2.9999999999999982,-11.88,14.879999999999999
medium,four_way_stop,8,19,residual_conditioning_minus_plain_conditioning,min_distance,interaction,-0.0683944821357727,0.13073605298995972,-0.19913053512573242
high,four_way_stop,8,19,residual_conditioning_minus_plain_conditioning,collision,interaction,0.0,0.0,0.0
high,four_way_stop,8,19,residual_conditioning_minus_plain_conditioning,safety_violation,interaction,0.0,0.0,0.0
high,four_way_stop,8,19,residual_conditioning_minus_plain_conditioning,success,interaction,0.0,0.0,0.0
high,four_way_stop,8,19,residual_conditioning_minus_plain_conditioning,progress_ratio,interaction,-0.0016853772103786469,-0.002254122868180386,0.0005687456578017391
high,four_way_stop,8,19,residual_conditioning_minus_plain_conditioning,final_goal_distance,interaction,0.016199320554733276,0.021665930747985895,-0.005466610193252619
high,four_way_stop,8,19,residual_conditioning_minus_plain_conditioning,completion_time,interaction,-5.879999999999999,-2.8800000000000026,-2.9999999999999964
high,four_way_stop,8,19,residual_conditioning_minus_plain_conditioning,min_distance,interaction,-0.018765270709991455,-0.04473608732223511,0.025970816612243652
clean,corridor,4,20,residual_conditioning_minus_plain_conditioning,collision,interaction,0.0,0.0,0.0
clean,corridor,4,20,residual_conditioning_minus_plain_conditioning,safety_violation,interaction,0.0,0.0,0.0
clean,corridor,4,20,residual_conditioning_minus_plain_conditioning,success,interaction,0.0,0.0,0.0
clean,corridor,4,20,residual_conditioning_minus_plain_conditioning,progress_ratio,interaction,0.002747592516243569,0.00047365017235279083,0.002273942343890778
clean,corridor,4,20,residual_conditioning_minus_plain_conditioning,final_goal_distance,interaction,-0.02807828783988961,-0.004840336740016896,-0.023237951099872714
clean,corridor,4,20,residual_conditioning_minus_plain_conditioning,completion_time,interaction,0.9600000000000009,0.2400000000000002,0.7200000000000006
clean,corridor,4,20,residual_conditioning_minus_plain_conditioning,min_distance,interaction,0.007666170597076416,-0.009007453918457031,0.016673624515533447
low,corridor,4,20,residual_conditioning_minus_plain_conditioning,collision,interaction,0.0,0.0,0.0
low,corridor,4,20,residual_conditioning_minus_plain_conditioning,safety_violation,interaction,0.0,-1.0,1.0
low,corridor,4,20,residual_conditioning_minus_plain_conditioning,success,interaction,0.0,0.0,0.0
low,corridor,4,20,residual_conditioning_minus_plain_conditioning,progress_ratio,interaction,-0.0023714499548075363,-0.001950967125594616,-0.00042048282921292035
low,corridor,4,20,residual_conditioning_minus_plain_conditioning,final_goal_distance,interaction,0.024234399199485807,0.0199373885989189,0.004297010600566906
low,corridor,4,20,residual_conditioning_minus_plain_conditioning,completion_time,interaction,-0.23999999999999844,-0.8399999999999999,0.6000000000000014
low,corridor,4,20,residual_conditioning_minus_plain_conditioning,min_distance,interaction,-0.014789164066314697,0.0998858511447907,-0.1146750152111054
medium,corridor,4,20,residual_conditioning_minus_plain_conditioning,collision,interaction,0.0,0.0,0.0
medium,corridor,4,20,residual_conditioning_minus_plain_conditioning,safety_violation,interaction,0.0,0.0,0.0
medium,corridor,4,20,residual_conditioning_minus_plain_conditioning,success,interaction,0.0,0.0,0.0
medium,corridor,4,20,residual_conditioning_minus_plain_conditioning,progress_ratio,interaction,-0.0038841310888529934,-0.0012667011469600364,-0.002617429941892957
medium,corridor,4,20,residual_conditioning_minus_plain_conditioning,final_goal_distance,interaction,0.03969284892082209,0.0129447132349014,0.026748135685920688
medium,corridor,4,20,residual_conditioning_minus_plain_conditioning,completion_time,interaction,-0.7200000000000006,0.4800000000000004,-1.200000000000001
medium,corridor,4,20,residual_conditioning_minus_plain_conditioning,min_distance,interaction,0.09030711650848389,-0.06360471248626709,0.15391182899475098
high,corridor,4,20,residual_conditioning_minus_plain_conditioning,collision,interaction,0.0,0.0,0.0
high,corridor,4,20,residual_conditioning_minus_plain_conditioning,safety_violation,interaction,0.0,0.0,0.0
high,corridor,4,20,residual_conditioning_minus_plain_conditioning,success,interaction,0.0,0.0,0.0
high,corridor,4,20,residual_conditioning_minus_plain_conditioning,progress_ratio,interaction,0.0043797679245471954,0.0017545763403177261,0.0026251915842294693
high,corridor,4,20,residual_conditioning_minus_plain_conditioning,final_goal_distance,interaction,-0.044757872819900596,-0.0179304257035256,-0.026827447116374997
high,corridor,4,20,residual_conditioning_minus_plain_conditioning,completion_time,interaction,2.040000000000001,1.3200000000000003,0.7200000000000006
high,corridor,4,20,residual_conditioning_minus_plain_conditioning,min_distance,interaction,-0.06862950325012207,-0.08352285623550415,0.01489335298538208
clean,corridor,8,20,residual_conditioning_minus_plain_conditioning,collision,interaction,0.0,0.0,0.0
clean,corridor,8,20,residual_conditioning_minus_plain_conditioning,safety_violation,interaction,0.0,0.0,0.0
clean,corridor,8,20,residual_conditioning_minus_plain_conditioning,success,interaction,0.0,0.0,0.0
clean,corridor,8,20,residual_conditioning_minus_plain_conditioning,progress_ratio,interaction,-0.001873992383479961,0.007784239947795757,-0.009658232331275718
clean,corridor,8,20,residual_conditioning_minus_plain_conditioning,final_goal_distance,interaction,0.01896888017654419,-0.078793466091156,0.0977623462677002
clean,corridor,8,20,residual_conditioning_minus_plain_conditioning,completion_time,interaction,0.0,0.0,0.0
clean,corridor,8,20,residual_conditioning_minus_plain_conditioning,min_distance,interaction,-0.038734495639801025,-0.027921020984649658,-0.010813474655151367
low,corridor,8,20,residual_conditioning_minus_plain_conditioning,collision,interaction,0.0,0.0,0.0
low,corridor,8,20,residual_conditioning_minus_plain_conditioning,safety_violation,interaction,0.0,0.0,0.0
low,corridor,8,20,residual_conditioning_minus_plain_conditioning,success,interaction,0.0,0.0,0.0
low,corridor,8,20,residual_conditioning_minus_plain_conditioning,progress_ratio,interaction,0.0018494874238967896,0.008512303233146779,-0.006662815809249989
low,corridor,8,20,residual_conditioning_minus_plain_conditioning,final_goal_distance,interaction,-0.01872086524963379,-0.08616316318511963,0.06744229793548584
low,corridor,8,20,residual_conditioning_minus_plain_conditioning,completion_time,interaction,0.0,0.0,0.0
low,corridor,8,20,residual_conditioning_minus_plain_conditioning,min_distance,interaction,0.0666547417640686,0.013196468353271484,0.05345827341079712
medium,corridor,8,20,residual_conditioning_minus_plain_conditioning,collision,interaction,0.0,-1.0,1.0
medium,corridor,8,20,residual_conditioning_minus_plain_conditioning,safety_violation,interaction,0.0,-1.0,1.0
medium,corridor,8,20,residual_conditioning_minus_plain_conditioning,success,interaction,0.0,0.0,0.0
medium,corridor,8,20,residual_conditioning_minus_plain_conditioning,progress_ratio,interaction,0.014580253511667252,0.009214304387569427,0.005365949124097824
medium,corridor,8,20,residual_conditioning_minus_plain_conditioning,final_goal_distance,interaction,-0.14758402109146118,-0.09326887130737305,-0.054315149784088135
medium,corridor,8,20,residual_conditioning_minus_plain_conditioning,completion_time,interaction,0.0,0.0,0.0
medium,corridor,8,20,residual_conditioning_minus_plain_conditioning,min_distance,interaction,-0.059421539306640625,0.230636477470398,-0.29005801677703863
high,corridor,8,20,residual_conditioning_minus_plain_conditioning,collision,interaction,0.0,0.0,0.0
high,corridor,8,20,residual_conditioning_minus_plain_conditioning,safety_violation,interaction,1.0,0.0,1.0
high,corridor,8,20,residual_conditioning_minus_plain_conditioning,success,interaction,0.0,0.0,0.0
high,corridor,8,20,residual_conditioning_minus_plain_conditioning,progress_ratio,interaction,0.0004909932613373913,-0.0015673860907553516,0.002058379352092743
high,corridor,8,20,residual_conditioning_minus_plain_conditioning,final_goal_distance,interaction,-0.004969894886016846,0.015865325927734375,-0.02083522081375122
high,corridor,8,20,residual_conditioning_minus_plain_conditioning,completion_time,interaction,0.0,0.0,0.0
high,corridor,8,20,residual_conditioning_minus_plain_conditioning,min_distance,interaction,-0.02319929003715515,0.0454939603805542,-0.06869325041770935
clean,narrow_gate,4,20,residual_conditioning_minus_plain_conditioning,collision,interaction,0.0,0.0,0.0
clean,narrow_gate,4,20,residual_conditioning_minus_plain_conditioning,safety_violation,interaction,0.0,0.0,0.0
clean,narrow_gate,4,20,residual_conditioning_minus_plain_conditioning,success,interaction,0.0,0.0,0.0
clean,narrow_gate,4,20,residual_conditioning_minus_plain_conditioning,progress_ratio,interaction,-0.0007037827745079994,-0.19078680872917175,0.19008302595466375
clean,narrow_gate,4,20,residual_conditioning_minus_plain_conditioning,final_goal_distance,interaction,0.007398650050163283,2.005681037902832,-1.9982823878526688
clean,narrow_gate,4,20,residual_conditioning_minus_plain_conditioning,completion_time,interaction,4.080000000000002,0.0,4.080000000000002
clean,narrow_gate,4,20,residual_conditioning_minus_plain_conditioning,min_distance,interaction,-3.8099371207578336e-05,-0.016625453735721107,0.01658735436451353
low,narrow_gate,4,20,residual_conditioning_minus_plain_conditioning,collision,interaction,0.0,0.0,0.0
low,narrow_gate,4,20,residual_conditioning_minus_plain_conditioning,safety_violation,interaction,0.0,0.0,0.0
low,narrow_gate,4,20,residual_conditioning_minus_plain_conditioning,success,interaction,0.0,0.0,0.0
low,narrow_gate,4,20,residual_conditioning_minus_plain_conditioning,progress_ratio,interaction,-0.0006679566577075802,0.001089661382138618,-0.0017576180398461982
low,narrow_gate,4,20,residual_conditioning_minus_plain_conditioning,final_goal_distance,interaction,0.0070220157504082,-0.011455260217189803,0.018477275967598003
low,narrow_gate,4,20,residual_conditioning_minus_plain_conditioning,completion_time,interaction,-6.119999999999999,0.0,-6.119999999999999
low,narrow_gate,4,20,residual_conditioning_minus_plain_conditioning,min_distance,interaction,-0.09505198351626898,0.09419261258379585,-0.18924459610006483
medium,narrow_gate,4,20,residual_conditioning_minus_plain_conditioning,collision,interaction,0.0,0.0,0.0
medium,narrow_gate,4,20,residual_conditioning_minus_plain_conditioning,safety_violation,interaction,0.0,0.0,0.0
medium,narrow_gate,4,20,residual_conditioning_minus_plain_conditioning,success,interaction,-1.0,0.0,-1.0
medium,narrow_gate,4,20,residual_conditioning_minus_plain_conditioning,progress_ratio,interaction,-0.15700942929834127,0.008939296007156372,-0.16594872530549765
medium,narrow_gate,4,20,residual_conditioning_minus_plain_conditioning,final_goal_distance,interaction,1.6505900025367737,-0.09397590160369917,1.7445659041404729
medium,narrow_gate,4,20,residual_conditioning_minus_plain_conditioning,completion_time,interaction,2.879999999999999,0.0,2.879999999999999
medium,narrow_gate,4,20,residual_conditioning_minus_plain_conditioning,min_distance,interaction,-0.021778013609046853,0.007989867960541353,-0.029767881569588206
high,narrow_gate,4,20,residual_conditioning_minus_plain_conditioning,collision,interaction,0.0,0.0,0.0
high,narrow_gate,4,20,residual_conditioning_minus_plain_conditioning,safety_violation,interaction,0.0,0.0,0.0
high,narrow_gate,4,20,residual_conditioning_minus_plain_conditioning,success,interaction,0.0,0.0,0.0
high,narrow_gate,4,20,residual_conditioning_minus_plain_conditioning,progress_ratio,interaction,0.0021071238443254314,0.027829885482788086,-0.025722761638462655
high,narrow_gate,4,20,residual_conditioning_minus_plain_conditioning,final_goal_distance,interaction,-0.02215151488780981,-0.2925666570663452,0.2704151421785354
high,narrow_gate,4,20,residual_conditioning_minus_plain_conditioning,completion_time,interaction,-0.240000000000002,0.0,-0.240000000000002
high,narrow_gate,4,20,residual_conditioning_minus_plain_conditioning,min_distance,interaction,0.08709412813186646,0.18739324808120728,-0.10029911994934082
clean,narrow_gate,8,20,residual_conditioning_minus_plain_conditioning,collision,interaction,0.0,0.0,0.0
clean,narrow_gate,8,20,residual_conditioning_minus_plain_conditioning,safety_violation,interaction,0.0,0.0,0.0
clean,narrow_gate,8,20,residual_conditioning_minus_plain_conditioning,success,interaction,0.0,0.0,0.0
clean,narrow_gate,8,20,residual_conditioning_minus_plain_conditioning,progress_ratio,interaction,0.022880498319864384,0.14506695419549942,-0.12218645587563504
clean,narrow_gate,8,20,residual_conditioning_minus_plain_conditioning,final_goal_distance,interaction,-0.23888123035430908,-1.5145550966262817,1.2756738662719727
clean,narrow_gate,8,20,residual_conditioning_minus_plain_conditioning,completion_time,interaction,0.0,0.0,0.0
clean,narrow_gate,8,20,residual_conditioning_minus_plain_conditioning,min_distance,interaction,-0.010113358497619629,0.06501728296279907,-0.0751306414604187
low,narrow_gate,8,20,residual_conditioning_minus_plain_conditioning,collision,interaction,0.0,0.0,0.0
low,narrow_gate,8,20,residual_conditioning_minus_plain_conditioning,safety_violation,interaction,0.0,0.0,0.0
low,narrow_gate,8,20,residual_conditioning_minus_plain_conditioning,success,interaction,0.0,0.0,0.0
low,narrow_gate,8,20,residual_conditioning_minus_plain_conditioning,progress_ratio,interaction,0.0029914379119873047,0.0822163075208665,-0.0792248696088792
low,narrow_gate,8,20,residual_conditioning_minus_plain_conditioning,final_goal_distance,interaction,-0.031231760978698953,-0.8583700656890871,0.8271383047103882
low,narrow_gate,8,20,residual_conditioning_minus_plain_conditioning,completion_time,interaction,0.0,0.0,0.0
low,narrow_gate,8,20,residual_conditioning_minus_plain_conditioning,min_distance,interaction,0.011091411113739014,0.12589341402053833,-0.11480200290679932
medium,narrow_gate,8,20,residual_conditioning_minus_plain_conditioning,collision,interaction,0.0,0.0,0.0
medium,narrow_gate,8,20,residual_conditioning_minus_plain_conditioning,safety_violation,interaction,0.0,0.0,0.0
medium,narrow_gate,8,20,residual_conditioning_minus_plain_conditioning,success,interaction,0.0,0.0,0.0
medium,narrow_gate,8,20,residual_conditioning_minus_plain_conditioning,progress_ratio,interaction,-0.04382432997226715,0.08915761858224869,-0.13298194855451584
medium,narrow_gate,8,20,residual_conditioning_minus_plain_conditioning,final_goal_distance,interaction,0.4575430154800415,-0.9308400750160217,1.3883830904960632
medium,narrow_gate,8,20,residual_conditioning_minus_plain_conditioning,completion_time,interaction,0.0,0.0,0.0
medium,narrow_gate,8,20,residual_conditioning_minus_plain_conditioning,min_distance,interaction,0.04148584604263306,-0.02673029899597168,0.06821614503860474
high,narrow_gate,8,20,residual_conditioning_minus_plain_conditioning,collision,interaction,0.0,0.0,0.0
high,narrow_gate,8,20,residual_conditioning_minus_plain_conditioning,safety_violation,interaction,0.0,0.0,0.0
high,narrow_gate,8,20,residual_conditioning_minus_plain_conditioning,success,interaction,0.0,0.0,0.0
high,narrow_gate,8,20,residual_conditioning_minus_plain_conditioning,progress_ratio,interaction,0.08939038589596748,0.05099749565124512,0.038392890244722366
high,narrow_gate,8,20,residual_conditioning_minus_plain_conditioning,final_goal_distance,interaction,-0.933270275592804,-0.5324336290359506,-0.40083664655685336
high,narrow_gate,8,20,residual_conditioning_minus_plain_conditioning,completion_time,interaction,0.0,0.0,0.0
high,narrow_gate,8,20,residual_conditioning_minus_plain_conditioning,min_distance,interaction,0.0070035457611083984,0.1364428997039795,-0.1294393539428711
clean,merge_bottleneck,4,20,residual_conditioning_minus_plain_conditioning,collision,interaction,0.0,0.0,0.0
clean,merge_bottleneck,4,20,residual_conditioning_minus_plain_conditioning,safety_violation,interaction,0.0,0.0,0.0
clean,merge_bottleneck,4,20,residual_conditioning_minus_plain_conditioning,success,interaction,0.0,0.0,0.0
clean,merge_bottleneck,4,20,residual_conditioning_minus_plain_conditioning,progress_ratio,interaction,0.010431233793497197,0.0032835565507411957,0.007147677242756001
clean,merge_bottleneck,4,20,residual_conditioning_minus_plain_conditioning,final_goal_distance,interaction,-0.10836714506149292,-0.03411191701889038,-0.07425522804260254
clean,merge_bottleneck,4,20,residual_conditioning_minus_plain_conditioning,completion_time,interaction,0.0,0.0,0.0
clean,merge_bottleneck,4,20,residual_conditioning_minus_plain_conditioning,min_distance,interaction,8.344650268554688e-06,0.04448050260543823,-0.04447215795516968
low,merge_bottleneck,4,20,residual_conditioning_minus_plain_conditioning,collision,interaction,0.0,0.0,0.0
low,merge_bottleneck,4,20,residual_conditioning_minus_plain_conditioning,safety_violation,interaction,0.0,0.0,0.0
low,merge_bottleneck,4,20,residual_conditioning_minus_plain_conditioning,success,interaction,0.0,0.0,0.0
low,merge_bottleneck,4,20,residual_conditioning_minus_plain_conditioning,progress_ratio,interaction,-0.02010180428624142,0.008899405598640442,-0.029001209884881862
low,merge_bottleneck,4,20,residual_conditioning_minus_plain_conditioning,final_goal_distance,interaction,0.20883196592330933,-0.09245336055755615,0.3012853264808655
low,merge_bottleneck,4,20,residual_conditioning_minus_plain_conditioning,completion_time,interaction,0.0,0.0,0.0
low,merge_bottleneck,4,20,residual_conditioning_minus_plain_conditioning,min_distance,interaction,-0.07243361995930808,0.17689305543899536,-0.24932667539830344
medium,merge_bottleneck,4,20,residual_conditioning_minus_plain_conditioning,collision,interaction,0.0,0.0,0.0
medium,merge_bottleneck,4,20,residual_conditioning_minus_plain_conditioning,safety_violation,interaction,0.0,0.0,0.0
medium,merge_bottleneck,4,20,residual_conditioning_minus_plain_conditioning,success,interaction,0.0,0.0,0.0
medium,merge_bottleneck,4,20,residual_conditioning_minus_plain_conditioning,progress_ratio,interaction,-0.00037774443626392706,0.012254886329174153,-0.01263263076543808
medium,merge_bottleneck,4,20,residual_conditioning_minus_plain_conditioning,final_goal_distance,interaction,0.003924310207366943,-0.1273125410079956,0.13123685121536255
medium,merge_bottleneck,4,20,residual_conditioning_minus_plain_conditioning,completion_time,interaction,0.0,0.0,0.0
medium,merge_bottleneck,4,20,residual_conditioning_minus_plain_conditioning,min_distance,interaction,0.004969124355938326,-0.23307180404663086,0.23804092840256919
high,merge_bottleneck,4,20,residual_conditioning_minus_plain_conditioning,collision,interaction,0.0,0.0,0.0
high,merge_bottleneck,4,20,residual_conditioning_minus_plain_conditioning,safety_violation,interaction,0.0,0.0,0.0
high,merge_bottleneck,4,20,residual_conditioning_minus_plain_conditioning,success,interaction,0.0,0.0,0.0
high,merge_bottleneck,4,20,residual_conditioning_minus_plain_conditioning,progress_ratio,interaction,0.008758675307035446,0.006435137242078781,0.002323538064956665
high,merge_bottleneck,4,20,residual_conditioning_minus_plain_conditioning,final_goal_distance,interaction,-0.09099137783050537,-0.06685280799865723,-0.024138569831848145
high,merge_bottleneck,4,20,residual_conditioning_minus_plain_conditioning,completion_time,interaction,0.0,0.0,0.0
high,merge_bottleneck,4,20,residual_conditioning_minus_plain_conditioning,min_distance,interaction,0.015339767520713088,-0.06388944387435913,0.07922921139507222
clean,merge_bottleneck,8,20,residual_conditioning_minus_plain_conditioning,collision,interaction,0.0,0.0,0.0
clean,merge_bottleneck,8,20,residual_conditioning_minus_plain_conditioning,safety_violation,interaction,0.0,-1.0,1.0
clean,merge_bottleneck,8,20,residual_conditioning_minus_plain_conditioning,success,interaction,0.0,0.0,0.0
clean,merge_bottleneck,8,20,residual_conditioning_minus_plain_conditioning,progress_ratio,interaction,0.03082260489463806,0.04006311297416687,-0.009240508079528809
clean,merge_bottleneck,8,20,residual_conditioning_minus_plain_conditioning,final_goal_distance,interaction,-0.31945180892944336,-0.41522216796875,0.09577035903930664
clean,merge_bottleneck,8,20,residual_conditioning_minus_plain_conditioning,completion_time,interaction,0.0,0.0,0.0
clean,merge_bottleneck,8,20,residual_conditioning_minus_plain_conditioning,min_distance,interaction,-0.16055846214294434,0.06281977891922003,-0.22337824106216436
low,merge_bottleneck,8,20,residual_conditioning_minus_plain_conditioning,collision,interaction,-1.0,0.0,-1.0
low,merge_bottleneck,8,20,residual_conditioning_minus_plain_conditioning,safety_violation,interaction,-1.0,0.0,-1.0
low,merge_bottleneck,8,20,residual_conditioning_minus_plain_conditioning,success,interaction,0.0,0.0,0.0
low,merge_bottleneck,8,20,residual_conditioning_minus_plain_conditioning,progress_ratio,interaction,-0.025968462228775024,0.04113677144050598,-0.067105233669281
low,merge_bottleneck,8,20,residual_conditioning_minus_plain_conditioning,final_goal_distance,interaction,0.26914238929748535,-0.4263501167297372,0.6954925060272226
low,merge_bottleneck,8,20,residual_conditioning_minus_plain_conditioning,completion_time,interaction,0.0,0.0,0.0
low,merge_bottleneck,8,20,residual_conditioning_minus_plain_conditioning,min_distance,interaction,0.11771968007087708,-0.02198392152786255,0.13970360159873962
medium,merge_bottleneck,8,20,residual_conditioning_minus_plain_conditioning,collision,interaction,0.0,0.0,0.0
medium,merge_bottleneck,8,20,residual_conditioning_minus_plain_conditioning,safety_violation,interaction,0.0,0.0,0.0
medium,merge_bottleneck,8,20,residual_conditioning_minus_plain_conditioning,success,interaction,0.0,0.0,0.0
medium,merge_bottleneck,8,20,residual_conditioning_minus_plain_conditioning,progress_ratio,interaction,-0.06548041105270386,0.0753898173570633,-0.14087022840976715
medium,merge_bottleneck,8,20,residual_conditioning_minus_plain_conditioning,final_goal_distance,interaction,0.6786525249481201,-0.781355619430542,1.460008144378662
medium,merge_bottleneck,8,20,residual_conditioning_minus_plain_conditioning,completion_time,interaction,0.0,0.0,0.0
medium,merge_bottleneck,8,20,residual_conditioning_minus_plain_conditioning,min_distance,interaction,0.049698710441589355,-0.047346293926239014,0.09704500436782837
high,merge_bottleneck,8,20,residual_conditioning_minus_plain_conditioning,collision,interaction,0.0,0.0,0.0
high,merge_bottleneck,8,20,residual_conditioning_minus_plain_conditioning,safety_violation,interaction,0.0,-1.0,1.0
high,merge_bottleneck,8,20,residual_conditioning_minus_plain_conditioning,success,interaction,0.0,0.0,0.0
high,merge_bottleneck,8,20,residual_conditioning_minus_plain_conditioning,progress_ratio,interaction,0.04433754086494446,-0.02881869673728943,0.07315623760223389
high,merge_bottleneck,8,20,residual_conditioning_minus_plain_conditioning,final_goal_distance,interaction,-0.4595234394073482,0.29868292808532715,-0.7582063674926753
high,merge_bottleneck,8,20,residual_conditioning_minus_plain_conditioning,completion_time,interaction,0.0,0.0,0.0
high,merge_bottleneck,8,20,residual_conditioning_minus_plain_conditioning,min_distance,interaction,0.011905968189239502,0.10870617628097534,-0.09680020809173584
clean,four_way_stop,4,20,residual_conditioning_minus_plain_conditioning,collision,interaction,0.0,0.0,0.0
clean,four_way_stop,4,20,residual_conditioning_minus_plain_conditioning,safety_violation,interaction,0.0,0.0,0.0
clean,four_way_stop,4,20,residual_conditioning_minus_plain_conditioning,success,interaction,0.0,0.0,0.0
clean,four_way_stop,4,20,residual_conditioning_minus_plain_conditioning,progress_ratio,interaction,-0.007920804433524387,-0.0030888905748726048,-0.004831913858651782
clean,four_way_stop,4,20,residual_conditioning_minus_plain_conditioning,final_goal_distance,interaction,0.07625254988670349,0.02973634004592901,0.04651620984077448
clean,four_way_stop,4,20,residual_conditioning_minus_plain_conditioning,completion_time,interaction,-1.1999999999999993,1.08,-2.2799999999999994
clean,four_way_stop,4,20,residual_conditioning_minus_plain_conditioning,min_distance,interaction,-0.19294601678848267,-0.06955599784851074,-0.12339001893997192
low,four_way_stop,4,20,residual_conditioning_minus_plain_conditioning,collision,interaction,0.0,0.0,0.0
low,four_way_stop,4,20,residual_conditioning_minus_plain_conditioning,safety_violation,interaction,0.0,0.0,0.0
low,four_way_stop,4,20,residual_conditioning_minus_plain_conditioning,success,interaction,0.0,0.0,0.0
low,four_way_stop,4,20,residual_conditioning_minus_plain_conditioning,progress_ratio,interaction,0.004817002452909835,0.008124864660203568,-0.0033078622072937325
low,four_way_stop,4,20,residual_conditioning_minus_plain_conditioning,final_goal_distance,interaction,-0.04637265205383301,-0.07821699976921082,0.03184434771537781
low,four_way_stop,4,20,residual_conditioning_minus_plain_conditioning,completion_time,interaction,-0.11999999999999922,0.8399999999999999,-0.9599999999999991
low,four_way_stop,4,20,residual_conditioning_minus_plain_conditioning,min_distance,interaction,-0.03599888086318981,0.004405498504638783,-0.04040437936782859
medium,four_way_stop,4,20,residual_conditioning_minus_plain_conditioning,collision,interaction,0.0,0.0,0.0
medium,four_way_stop,4,20,residual_conditioning_minus_plain_conditioning,safety_violation,interaction,0.0,0.0,0.0
medium,four_way_stop,4,20,residual_conditioning_minus_plain_conditioning,success,interaction,0.0,0.0,0.0
medium,four_way_stop,4,20,residual_conditioning_minus_plain_conditioning,progress_ratio,interaction,-0.0050971098244187996,0.00010748393833637238,-0.005204593762755172
medium,four_way_stop,4,20,residual_conditioning_minus_plain_conditioning,final_goal_distance,interaction,0.049069203436374706,-0.001034736633300809,0.050103940069675515
medium,four_way_stop,4,20,residual_conditioning_minus_plain_conditioning,completion_time,interaction,-0.8399999999999999,0.11999999999999922,-0.9599999999999991
medium,four_way_stop,4,20,residual_conditioning_minus_plain_conditioning,min_distance,interaction,-0.003043830394744873,0.0,-0.003043830394744873
high,four_way_stop,4,20,residual_conditioning_minus_plain_conditioning,collision,interaction,0.0,0.0,0.0
high,four_way_stop,4,20,residual_conditioning_minus_plain_conditioning,safety_violation,interaction,0.0,0.0,0.0
high,four_way_stop,4,20,residual_conditioning_minus_plain_conditioning,success,interaction,0.0,0.0,0.0
high,four_way_stop,4,20,residual_conditioning_minus_plain_conditioning,progress_ratio,interaction,0.00011648982763279303,0.003158451057970524,-0.003041961230337731
high,four_way_stop,4,20,residual_conditioning_minus_plain_conditioning,final_goal_distance,interaction,-0.0011214315891266008,-0.030405998229980497,0.029284566640853896
high,four_way_stop,4,20,residual_conditioning_minus_plain_conditioning,completion_time,interaction,-1.1999999999999993,0.8399999999999999,-2.039999999999999
high,four_way_stop,4,20,residual_conditioning_minus_plain_conditioning,min_distance,interaction,0.0031020045280456543,0.08722484111785889,-0.08412283658981323
clean,four_way_stop,8,20,residual_conditioning_minus_plain_conditioning,collision,interaction,0.0,0.0,0.0
clean,four_way_stop,8,20,residual_conditioning_minus_plain_conditioning,safety_violation,interaction,0.0,0.0,0.0
clean,four_way_stop,8,20,residual_conditioning_minus_plain_conditioning,success,interaction,0.0,0.0,0.0
clean,four_way_stop,8,20,residual_conditioning_minus_plain_conditioning,progress_ratio,interaction,0.0024978164583444595,0.0023224707692860447,0.00017534568905841486
clean,four_way_stop,8,20,residual_conditioning_minus_plain_conditioning,final_goal_distance,interaction,-0.023932203650474604,-0.022252172231674194,-0.0016800314188004095
clean,four_way_stop,8,20,residual_conditioning_minus_plain_conditioning,completion_time,interaction,4.080000000000002,1.5600000000000005,2.5200000000000014
clean,four_way_stop,8,20,residual_conditioning_minus_plain_conditioning,min_distance,interaction,0.014889299869537354,0.009929239749908447,0.004960060119628906
low,four_way_stop,8,20,residual_conditioning_minus_plain_conditioning,collision,interaction,0.0,0.0,0.0
low,four_way_stop,8,20,residual_conditioning_minus_plain_conditioning,safety_violation,interaction,0.0,0.0,0.0
low,four_way_stop,8,20,residual_conditioning_minus_plain_conditioning,success,interaction,0.0,1.0,-1.0
low,four_way_stop,8,20,residual_conditioning_minus_plain_conditioning,progress_ratio,interaction,-0.003802681341767422,0.004224861040711403,-0.008027542382478825
low,four_way_stop,8,20,residual_conditioning_minus_plain_conditioning,final_goal_distance,interaction,0.03643444180488589,-0.040479451417923,0.0769138932228089
low,four_way_stop,8,20,residual_conditioning_minus_plain_conditioning,completion_time,interaction,1.1999999999999993,-6.359999999999999,7.559999999999999
low,four_way_stop,8,20,residual_conditioning_minus_plain_conditioning,min_distance,interaction,0.037996113300323486,0.047630369663238525,-0.009634256362915039
medium,four_way_stop,8,20,residual_conditioning_minus_plain_conditioning,collision,interaction,0.0,0.0,0.0
medium,four_way_stop,8,20,residual_conditioning_minus_plain_conditioning,safety_violation,interaction,0.0,0.0,0.0
medium,four_way_stop,8,20,residual_conditioning_minus_plain_conditioning,success,interaction,0.0,1.0,-1.0
medium,four_way_stop,8,20,residual_conditioning_minus_plain_conditioning,progress_ratio,interaction,-0.0020002294331787907,0.014449218288064003,-0.016449447721242794
medium,four_way_stop,8,20,residual_conditioning_minus_plain_conditioning,final_goal_distance,interaction,0.019164696335792597,-0.13844162225723267,0.15760631859302526
medium,four_way_stop,8,20,residual_conditioning_minus_plain_conditioning,completion_time,interaction,-2.5199999999999996,-14.519999999999998,11.999999999999998
medium,four_way_stop,8,20,residual_conditioning_minus_plain_conditioning,min_distance,interaction,0.015327990055084229,0.005899310111999512,0.009428679943084717
high,four_way_stop,8,20,residual_conditioning_minus_plain_conditioning,collision,interaction,0.0,0.0,0.0
high,four_way_stop,8,20,residual_conditioning_minus_plain_conditioning,safety_violation,interaction,0.0,0.0,0.0
high,four_way_stop,8,20,residual_conditioning_minus_plain_conditioning,success,interaction,0.0,1.0,-1.0
high,four_way_stop,8,20,residual_conditioning_minus_plain_conditioning,progress_ratio,interaction,0.002684580162167438,0.011521000415086746,-0.008836420252919308
high,four_way_stop,8,20,residual_conditioning_minus_plain_conditioning,final_goal_distance,interaction,-0.025721639394760076,-0.11038561165332789,0.08466397225856781
high,four_way_stop,8,20,residual_conditioning_minus_plain_conditioning,completion_time,interaction,-10.319999999999999,-5.52,-4.799999999999999
high,four_way_stop,8,20,residual_conditioning_minus_plain_conditioning,min_distance,interaction,-0.005852997303009033,-0.0222969651222229,0.016443967819213867
clean,corridor,4,21,residual_conditioning_minus_plain_conditioning,collision,interaction,0.0,0.0,0.0
clean,corridor,4,21,residual_conditioning_minus_plain_conditioning,safety_violation,interaction,0.0,0.0,0.0
clean,corridor,4,21,residual_conditioning_minus_plain_conditioning,success,interaction,0.0,0.0,0.0
clean,corridor,4,21,residual_conditioning_minus_plain_conditioning,progress_ratio,interaction,-0.0003417041152716793,0.006501496769487969,-0.006843200884759648
clean,corridor,4,21,residual_conditioning_minus_plain_conditioning,final_goal_distance,interaction,0.003485769033432007,-0.06632271409034732,0.06980848312377932
clean,corridor,4,21,residual_conditioning_minus_plain_conditioning,completion_time,interaction,-0.7199999999999989,0.9599999999999991,-1.679999999999998
clean,corridor,4,21,residual_conditioning_minus_plain_conditioning,min_distance,interaction,0.040974438190460205,0.010878771543502863,0.030095666646957342
low,corridor,4,21,residual_conditioning_minus_plain_conditioning,collision,interaction,0.0,0.0,0.0
low,corridor,4,21,residual_conditioning_minus_plain_conditioning,safety_violation,interaction,0.0,0.0,0.0
low,corridor,4,21,residual_conditioning_minus_plain_conditioning,success,interaction,0.0,0.0,0.0
low,corridor,4,21,residual_conditioning_minus_plain_conditioning,progress_ratio,interaction,0.00773621629923571,-0.008947503753006458,0.016683720052242168
low,corridor,4,21,residual_conditioning_minus_plain_conditioning,final_goal_distance,interaction,-0.07891827821731572,0.09127479791641241,-0.17019307613372814
low,corridor,4,21,residual_conditioning_minus_plain_conditioning,completion_time,interaction,1.92,-0.35999999999999943,2.2799999999999994
low,corridor,4,21,residual_conditioning_minus_plain_conditioning,min_distance,interaction,-0.016460537910461426,-0.07019203901290894,0.05373150110244751
medium,corridor,4,21,residual_conditioning_minus_plain_conditioning,collision,interaction,0.0,0.0,0.0
medium,corridor,4,21,residual_conditioning_minus_plain_conditioning,safety_violation,interaction,0.0,0.0,0.0
medium,corridor,4,21,residual_conditioning_minus_plain_conditioning,success,interaction,0.0,0.0,0.0
medium,corridor,4,21,residual_conditioning_minus_plain_conditioning,progress_ratio,interaction,0.006068294867873192,0.002582724206149578,0.0034855706617236137
medium,corridor,4,21,residual_conditioning_minus_plain_conditioning,final_goal_distance,interaction,-0.06190356612205501,-0.026346743106842013,-0.035556823015213
medium,corridor,4,21,residual_conditioning_minus_plain_conditioning,completion_time,interaction,2.5200000000000014,-1.08,3.6000000000000014
medium,corridor,4,21,residual_conditioning_minus_plain_conditioning,min_distance,interaction,-0.022193491458892822,0.07489490509033203,-0.09708839654922485
high,corridor,4,21,residual_conditioning_minus_plain_conditioning,collision,interaction,0.0,0.0,0.0
high,corridor,4,21,residual_conditioning_minus_plain_conditioning,safety_violation,interaction,0.0,0.0,0.0
high,corridor,4,21,residual_conditioning_minus_plain_conditioning,success,interaction,0.0,0.0,0.0
high,corridor,4,21,residual_conditioning_minus_plain_conditioning,progress_ratio,interaction,0.003738677129149326,0.0027010617777706303,0.0010376153513786956
high,corridor,4,21,residual_conditioning_minus_plain_conditioning,final_goal_distance,interaction,-0.038138791918754605,-0.02755393087863929,-0.010584861040115315
high,corridor,4,21,residual_conditioning_minus_plain_conditioning,completion_time,interaction,0.5999999999999996,1.3200000000000003,-0.7200000000000006
high,corridor,4,21,residual_conditioning_minus_plain_conditioning,min_distance,interaction,-0.04168510437011719,-0.04617530107498169,0.004490196704864502
clean,corridor,8,21,residual_conditioning_minus_plain_conditioning,collision,interaction,0.0,0.0,0.0
clean,corridor,8,21,residual_conditioning_minus_plain_conditioning,safety_violation,interaction,0.0,0.0,0.0
clean,corridor,8,21,residual_conditioning_minus_plain_conditioning,success,interaction,0.0,0.0,0.0
clean,corridor,8,21,residual_conditioning_minus_plain_conditioning,progress_ratio,interaction,-0.00037344545125961304,0.005973830819129944,-0.006347276270389557
clean,corridor,8,21,residual_conditioning_minus_plain_conditioning,final_goal_distance,interaction,0.003780543804168701,-0.06047534942626953,0.06425589323043823
clean,corridor,8,21,residual_conditioning_minus_plain_conditioning,completion_time,interaction,0.0,0.0,0.0
clean,corridor,8,21,residual_conditioning_minus_plain_conditioning,min_distance,interaction,0.0672842264175415,0.13979196548461914,-0.07250773906707764
low,corridor,8,21,residual_conditioning_minus_plain_conditioning,collision,interaction,0.0,0.0,0.0
low,corridor,8,21,residual_conditioning_minus_plain_conditioning,safety_violation,interaction,0.0,0.0,0.0
low,corridor,8,21,residual_conditioning_minus_plain_conditioning,success,interaction,0.0,0.0,0.0
low,corridor,8,21,residual_conditioning_minus_plain_conditioning,progress_ratio,interaction,0.009650781750679016,-0.005047962069511414,0.01469874382019043
low,corridor,8,21,residual_conditioning_minus_plain_conditioning,final_goal_distance,interaction,-0.09769850969314575,0.051102399826049805,-0.14880090951919556
low,corridor,8,21,residual_conditioning_minus_plain_conditioning,completion_time,interaction,0.0,0.0,0.0
low,corridor,8,21,residual_conditioning_minus_plain_conditioning,min_distance,interaction,0.12324905395507812,-0.03139311075210571,0.15464216470718384
medium,corridor,8,21,residual_conditioning_minus_plain_conditioning,collision,interaction,0.0,0.0,0.0
medium,corridor,8,21,residual_conditioning_minus_plain_conditioning,safety_violation,interaction,0.0,-1.0,1.0
medium,corridor,8,21,residual_conditioning_minus_plain_conditioning,success,interaction,0.0,0.0,0.0
medium,corridor,8,21,residual_conditioning_minus_plain_conditioning,progress_ratio,interaction,0.0046308524906636395,-0.005446620285511128,0.010077472776174767
medium,corridor,8,21,residual_conditioning_minus_plain_conditioning,final_goal_distance,interaction,-0.04687988758087158,0.055138230323791504,-0.10201811790466309
medium,corridor,8,21,residual_conditioning_minus_plain_conditioning,completion_time,interaction,0.0,0.0,0.0
medium,corridor,8,21,residual_conditioning_minus_plain_conditioning,min_distance,interaction,0.03402775526046753,0.21199896931648254,-0.17797121405601501
high,corridor,8,21,residual_conditioning_minus_plain_conditioning,collision,interaction,0.0,0.0,0.0
high,corridor,8,21,residual_conditioning_minus_plain_conditioning,safety_violation,interaction,-1.0,-1.0,0.0
high,corridor,8,21,residual_conditioning_minus_plain_conditioning,success,interaction,0.0,0.0,0.0
high,corridor,8,21,residual_conditioning_minus_plain_conditioning,progress_ratio,interaction,-0.008167795836925396,0.009814932942390442,-0.017982728779315837
high,corridor,8,21,residual_conditioning_minus_plain_conditioning,final_goal_distance,interaction,0.08268570899963379,-0.09936034679412842,0.1820460557937622
high,corridor,8,21,residual_conditioning_minus_plain_conditioning,completion_time,interaction,0.0,0.0,0.0
high,corridor,8,21,residual_conditioning_minus_plain_conditioning,min_distance,interaction,0.17835533618927002,0.1772369146347046,0.0011184215545654297
clean,narrow_gate,4,21,residual_conditioning_minus_plain_conditioning,collision,interaction,0.0,0.0,0.0
clean,narrow_gate,4,21,residual_conditioning_minus_plain_conditioning,safety_violation,interaction,0.0,0.0,0.0
clean,narrow_gate,4,21,residual_conditioning_minus_plain_conditioning,success,interaction,0.0,-1.0,1.0
clean,narrow_gate,4,21,residual_conditioning_minus_plain_conditioning,progress_ratio,interaction,-0.0002587325870989643,-0.1498145814985038,0.14955584891140483
clean,narrow_gate,4,21,residual_conditioning_minus_plain_conditioning,final_goal_distance,interaction,0.0027491450309753,1.591845080256462,-1.5890959352254868
clean,narrow_gate,4,21,residual_conditioning_minus_plain_conditioning,completion_time,interaction,-0.35999999999999943,9.36,-9.719999999999999
clean,narrow_gate,4,21,residual_conditioning_minus_plain_conditioning,min_distance,interaction,-0.03777599334716797,0.14918218143537798,-0.18695817478254595
low,narrow_gate,4,21,residual_conditioning_minus_plain_conditioning,collision,interaction,0.0,0.0,0.0
low,narrow_gate,4,21,residual_conditioning_minus_plain_conditioning,safety_violation,interaction,0.0,0.0,0.0
low,narrow_gate,4,21,residual_conditioning_minus_plain_conditioning,success,interaction,0.0,0.0,0.0
low,narrow_gate,4,21,residual_conditioning_minus_plain_conditioning,progress_ratio,interaction,0.0003998763859272003,-0.0003980677574874081,0.0007979441434146084
low,narrow_gate,4,21,residual_conditioning_minus_plain_conditioning,final_goal_distance,interaction,-0.004248864948749598,0.00422963500022891,-0.008478499948978507
low,narrow_gate,4,21,residual_conditioning_minus_plain_conditioning,completion_time,interaction,0.6000000000000014,1.1999999999999993,-0.5999999999999979
low,narrow_gate,4,21,residual_conditioning_minus_plain_conditioning,min_distance,interaction,0.0,0.0039841870964669734,-0.0039841870964669734
medium,narrow_gate,4,21,residual_conditioning_minus_plain_conditioning,collision,interaction,0.0,0.0,0.0
medium,narrow_gate,4,21,residual_conditioning_minus_plain_conditioning,safety_violation,interaction,0.0,0.0,0.0
medium,narrow_gate,4,21,residual_conditioning_minus_plain_conditioning,success,interaction,1.0,-1.0,2.0
medium,narrow_gate,4,21,residual_conditioning_minus_plain_conditioning,progress_ratio,interaction,0.030840265564620384,-0.10009489674121153,0.1309351623058319
medium,narrow_gate,4,21,residual_conditioning_minus_plain_conditioning,final_goal_distance,interaction,-0.3276912346482277,1.0635518282651901,-1.3912430629134178
medium,narrow_gate,4,21,residual_conditioning_minus_plain_conditioning,completion_time,interaction,-4.799999999999997,1.0799999999999983,-5.8799999999999955
medium,narrow_gate,4,21,residual_conditioning_minus_plain_conditioning,min_distance,interaction,0.02041923999786377,-0.11439880407407876,0.13481804407194253
high,narrow_gate,4,21,residual_conditioning_minus_plain_conditioning,collision,interaction,0.0,0.0,0.0
high,narrow_gate,4,21,residual_conditioning_minus_plain_conditioning,safety_violation,interaction,0.0,0.0,0.0
high,narrow_gate,4,21,residual_conditioning_minus_plain_conditioning,success,interaction,0.0,-1.0,1.0
high,narrow_gate,4,21,residual_conditioning_minus_plain_conditioning,progress_ratio,interaction,-0.001126779243350029,-0.08798598777502786,0.08685920853167783
high,narrow_gate,4,21,residual_conditioning_minus_plain_conditioning,final_goal_distance,interaction,0.011972516775131309,0.9348893761634829,-0.9229168593883516
high,narrow_gate,4,21,residual_conditioning_minus_plain_conditioning,completion_time,interaction,1.8000000000000007,5.039999999999999,-3.2399999999999984
high,narrow_gate,4,21,residual_conditioning_minus_plain_conditioning,min_distance,interaction,0.0,-0.12161831457775141,0.12161831457775141
clean,narrow_gate,8,21,residual_conditioning_minus_plain_conditioning,collision,interaction,1.0,0.0,1.0
clean,narrow_gate,8,21,residual_conditioning_minus_plain_conditioning,safety_violation,interaction,0.0,0.0,0.0
clean,narrow_gate,8,21,residual_conditioning_minus_plain_conditioning,success,interaction,0.0,0.0,0.0
clean,narrow_gate,8,21,residual_conditioning_minus_plain_conditioning,progress_ratio,interaction,-0.17705301195383072,0.05866511911153793,-0.23571813106536865
clean,narrow_gate,8,21,residual_conditioning_minus_plain_conditioning,final_goal_distance,interaction,1.8496756553649907,-0.6128754615783691,2.46255111694336
clean,narrow_gate,8,21,residual_conditioning_minus_plain_conditioning,completion_time,interaction,0.0,0.0,0.0
clean,narrow_gate,8,21,residual_conditioning_minus_plain_conditioning,min_distance,interaction,-0.06643059849739075,0.025727808475494385,-0.09215840697288513
low,narrow_gate,8,21,residual_conditioning_minus_plain_conditioning,collision,interaction,0.0,0.0,0.0
low,narrow_gate,8,21,residual_conditioning_minus_plain_conditioning,safety_violation,interaction,0.0,0.0,0.0
low,narrow_gate,8,21,residual_conditioning_minus_plain_conditioning,success,interaction,0.0,0.0,0.0
low,narrow_gate,8,21,residual_conditioning_minus_plain_conditioning,progress_ratio,interaction,-0.17827755212783813,0.10465165972709667,-0.2829292118549348
low,narrow_gate,8,21,residual_conditioning_minus_plain_conditioning,final_goal_distance,interaction,1.8624686002731323,-1.093297600746155,2.955766201019287
low,narrow_gate,8,21,residual_conditioning_minus_plain_conditioning,completion_time,interaction,0.0,0.0,0.0
low,narrow_gate,8,21,residual_conditioning_minus_plain_conditioning,min_distance,interaction,-0.04218393564224243,-0.10159105062484741,0.05940711498260498
medium,narrow_gate,8,21,residual_conditioning_minus_plain_conditioning,collision,interaction,0.0,0.0,0.0
medium,narrow_gate,8,21,residual_conditioning_minus_plain_conditioning,safety_violation,interaction,0.0,0.0,0.0
medium,narrow_gate,8,21,residual_conditioning_minus_plain_conditioning,success,interaction,0.0,0.0,0.0
medium,narrow_gate,8,21,residual_conditioning_minus_plain_conditioning,progress_ratio,interaction,0.14437717199325562,0.031392768025398254,0.11298440396785736
medium,narrow_gate,8,21,residual_conditioning_minus_plain_conditioning,final_goal_distance,interaction,-1.5083107948303223,-0.327960729598999,-1.1803500652313232
medium,narrow_gate,8,21,residual_conditioning_minus_plain_conditioning,completion_time,interaction,0.0,0.0,0.0
medium,narrow_gate,8,21,residual_conditioning_minus_plain_conditioning,min_distance,interaction,0.024337410926818848,-0.04789900779724121,0.07223641872406006
high,narrow_gate,8,21,residual_conditioning_minus_plain_conditioning,collision,interaction,0.0,0.0,0.0
high,narrow_gate,8,21,residual_conditioning_minus_plain_conditioning,safety_violation,interaction,0.0,0.0,0.0
high,narrow_gate,8,21,residual_conditioning_minus_plain_conditioning,success,interaction,0.0,0.0,0.0
high,narrow_gate,8,21,residual_conditioning_minus_plain_conditioning,progress_ratio,interaction,-0.1370324343442917,-0.013785000890493171,-0.12324743345379852
high,narrow_gate,8,21,residual_conditioning_minus_plain_conditioning,final_goal_distance,interaction,1.4315800666809082,0.14401215314865112,1.287567913532257
high,narrow_gate,8,21,residual_conditioning_minus_plain_conditioning,completion_time,interaction,0.0,0.0,0.0
high,narrow_gate,8,21,residual_conditioning_minus_plain_conditioning,min_distance,interaction,0.10520172119140625,0.03781092166900635,0.0673907995223999
clean,merge_bottleneck,4,21,residual_conditioning_minus_plain_conditioning,collision,interaction,0.0,0.0,0.0
clean,merge_bottleneck,4,21,residual_conditioning_minus_plain_conditioning,safety_violation,interaction,0.0,0.0,0.0
clean,merge_bottleneck,4,21,residual_conditioning_minus_plain_conditioning,success,interaction,0.0,0.0,0.0
clean,merge_bottleneck,4,21,residual_conditioning_minus_plain_conditioning,progress_ratio,interaction,0.022218022495508194,0.056637607514858135,-0.03441958501934994
clean,merge_bottleneck,4,21,residual_conditioning_minus_plain_conditioning,final_goal_distance,interaction,-0.2303999364376068,-0.5873295664787292,0.35692963004112244
clean,merge_bottleneck,4,21,residual_conditioning_minus_plain_conditioning,completion_time,interaction,0.0,0.0,0.0
clean,merge_bottleneck,4,21,residual_conditioning_minus_plain_conditioning,min_distance,interaction,0.011996777057647678,-0.10654014348983765,0.11853692054748532
low,merge_bottleneck,4,21,residual_conditioning_minus_plain_conditioning,collision,interaction,0.0,0.0,0.0
low,merge_bottleneck,4,21,residual_conditioning_minus_plain_conditioning,safety_violation,interaction,0.0,0.0,0.0
low,merge_bottleneck,4,21,residual_conditioning_minus_plain_conditioning,success,interaction,0.0,0.0,0.0
low,merge_bottleneck,4,21,residual_conditioning_minus_plain_conditioning,progress_ratio,interaction,0.0010256320238113403,0.017065800726413727,-0.016040168702602386
low,merge_bottleneck,4,21,residual_conditioning_minus_plain_conditioning,final_goal_distance,interaction,-0.010635793209075928,-0.17697161436080933,0.1663358211517334
low,merge_bottleneck,4,21,residual_conditioning_minus_plain_conditioning,completion_time,interaction,0.0,0.0,0.0
low,merge_bottleneck,4,21,residual_conditioning_minus_plain_conditioning,min_distance,interaction,0.014245057497921154,0.031333208084106445,-0.01708815058618529
medium,merge_bottleneck,4,21,residual_conditioning_minus_plain_conditioning,collision,interaction,0.0,0.0,0.0
medium,merge_bottleneck,4,21,residual_conditioning_minus_plain_conditioning,safety_violation,interaction,0.0,0.0,0.0
medium,merge_bottleneck,4,21,residual_conditioning_minus_plain_conditioning,success,interaction,0.0,0.0,0.0
medium,merge_bottleneck,4,21,residual_conditioning_minus_plain_conditioning,progress_ratio,interaction,0.0010641515254972145,0.062264926731586345,-0.06120077520608913
medium,merge_bottleneck,4,21,residual_conditioning_minus_plain_conditioning,final_goal_distance,interaction,-0.01103520393371582,-0.6456845998764038,0.634649395942688
medium,merge_bottleneck,4,21,residual_conditioning_minus_plain_conditioning,completion_time,interaction,0.0,0.0,0.0
medium,merge_bottleneck,4,21,residual_conditioning_minus_plain_conditioning,min_distance,interaction,4.8144244421122195e-06,-0.12529116968703424,0.12529598411147636
high,merge_bottleneck,4,21,residual_conditioning_minus_plain_conditioning,collision,interaction,0.0,0.0,0.0
high,merge_bottleneck,4,21,residual_conditioning_minus_plain_conditioning,safety_violation,interaction,0.0,0.0,0.0
high,merge_bottleneck,4,21,residual_conditioning_minus_plain_conditioning,success,interaction,0.0,0.0,0.0
high,merge_bottleneck,4,21,residual_conditioning_minus_plain_conditioning,progress_ratio,interaction,-0.005258731544017792,0.14135750755667686,-0.14661623910069466
high,merge_bottleneck,4,21,residual_conditioning_minus_plain_conditioning,final_goal_distance,interaction,0.05453288555145264,-1.4658712148666382,1.5204041004180908
high,merge_bottleneck,4,21,residual_conditioning_minus_plain_conditioning,completion_time,interaction,0.0,0.0,0.0
high,merge_bottleneck,4,21,residual_conditioning_minus_plain_conditioning,min_distance,interaction,4.953138362018272e-06,-0.10016738419290327,0.1001723373312653
clean,merge_bottleneck,8,21,residual_conditioning_minus_plain_conditioning,collision,interaction,0.0,0.0,0.0
clean,merge_bottleneck,8,21,residual_conditioning_minus_plain_conditioning,safety_violation,interaction,0.0,0.0,0.0
clean,merge_bottleneck,8,21,residual_conditioning_minus_plain_conditioning,success,interaction,0.0,0.0,0.0
clean,merge_bottleneck,8,21,residual_conditioning_minus_plain_conditioning,progress_ratio,interaction,0.010533273220062256,-0.0597081333398819,0.07024140655994415
clean,merge_bottleneck,8,21,residual_conditioning_minus_plain_conditioning,final_goal_distance,interaction,-0.10914778709411621,0.6187071800231934,-0.7278549671173096
clean,merge_bottleneck,8,21,residual_conditioning_minus_plain_conditioning,completion_time,interaction,0.0,0.0,0.0
clean,merge_bottleneck,8,21,residual_conditioning_minus_plain_conditioning,min_distance,interaction,0.02889639139175415,-0.11952769756317139,0.14842408895492554
low,merge_bottleneck,8,21,residual_conditioning_minus_plain_conditioning,collision,interaction,0.0,0.0,0.0
low,merge_bottleneck,8,21,residual_conditioning_minus_plain_conditioning,safety_violation,interaction,0.0,0.0,0.0
low,merge_bottleneck,8,21,residual_conditioning_minus_plain_conditioning,success,interaction,0.0,0.0,0.0
low,merge_bottleneck,8,21,residual_conditioning_minus_plain_conditioning,progress_ratio,interaction,-0.037290215492248535,-0.07890929281711578,0.04161907732486725
low,merge_bottleneck,8,21,residual_conditioning_minus_plain_conditioning,final_goal_distance,interaction,0.38640832901000977,0.8176732063293457,-0.43126487731933594
low,merge_bottleneck,8,21,residual_conditioning_minus_plain_conditioning,completion_time,interaction,0.0,0.0,0.0
low,merge_bottleneck,8,21,residual_conditioning_minus_plain_conditioning,min_distance,interaction,-0.03192877769470215,0.14252901077270508,-0.17445778846740723
medium,merge_bottleneck,8,21,residual_conditioning_minus_plain_conditioning,collision,interaction,0.0,0.0,0.0
medium,merge_bottleneck,8,21,residual_conditioning_minus_plain_conditioning,safety_violation,interaction,-1.0,0.0,-1.0
medium,merge_bottleneck,8,21,residual_conditioning_minus_plain_conditioning,success,interaction,0.0,0.0,0.0
medium,merge_bottleneck,8,21,residual_conditioning_minus_plain_conditioning,progress_ratio,interaction,0.05019111931324005,0.08454546332359314,-0.03435434401035309
medium,merge_bottleneck,8,21,residual_conditioning_minus_plain_conditioning,final_goal_distance,interaction,-0.5200901031494145,-0.8760762214660645,0.35598611831664995
medium,merge_bottleneck,8,21,residual_conditioning_minus_plain_conditioning,completion_time,interaction,0.0,0.0,0.0
medium,merge_bottleneck,8,21,residual_conditioning_minus_plain_conditioning,min_distance,interaction,0.09724253416061401,-0.012160062789916992,0.109402596950531
high,merge_bottleneck,8,21,residual_conditioning_minus_plain_conditioning,collision,interaction,0.0,0.0,0.0
high,merge_bottleneck,8,21,residual_conditioning_minus_plain_conditioning,safety_violation,interaction,-1.0,1.0,-2.0
high,merge_bottleneck,8,21,residual_conditioning_minus_plain_conditioning,success,interaction,0.0,0.0,0.0
high,merge_bottleneck,8,21,residual_conditioning_minus_plain_conditioning,progress_ratio,interaction,0.007247477769851685,0.06288774311542511,-0.055640265345573425
high,merge_bottleneck,8,21,residual_conditioning_minus_plain_conditioning,final_goal_distance,interaction,-0.07509994506835938,-0.6516547203063965,0.5765547752380371
high,merge_bottleneck,8,21,residual_conditioning_minus_plain_conditioning,completion_time,interaction,0.0,0.0,0.0
high,merge_bottleneck,8,21,residual_conditioning_minus_plain_conditioning,min_distance,interaction,0.09674334526062012,-0.1865970492362976,0.2833403944969177
clean,four_way_stop,4,21,residual_conditioning_minus_plain_conditioning,collision,interaction,0.0,0.0,0.0
clean,four_way_stop,4,21,residual_conditioning_minus_plain_conditioning,safety_violation,interaction,0.0,0.0,0.0
clean,four_way_stop,4,21,residual_conditioning_minus_plain_conditioning,success,interaction,0.0,0.0,0.0
clean,four_way_stop,4,21,residual_conditioning_minus_plain_conditioning,progress_ratio,interaction,0.006875477731227764,-0.0020163338631391525,0.008891811594366916
clean,four_way_stop,4,21,residual_conditioning_minus_plain_conditioning,final_goal_distance,interaction,-0.0661426186561585,0.01939728856086731,-0.08553990721702581
clean,four_way_stop,4,21,residual_conditioning_minus_plain_conditioning,completion_time,interaction,0.0,0.2400000000000002,-0.2400000000000002
clean,four_way_stop,4,21,residual_conditioning_minus_plain_conditioning,min_distance,interaction,0.0,-0.014760613441467174,0.014760613441467174
low,four_way_stop,4,21,residual_conditioning_minus_plain_conditioning,collision,interaction,0.0,0.0,0.0
low,four_way_stop,4,21,residual_conditioning_minus_plain_conditioning,safety_violation,interaction,0.0,0.0,0.0
low,four_way_stop,4,21,residual_conditioning_minus_plain_conditioning,success,interaction,0.0,0.0,0.0
low,four_way_stop,4,21,residual_conditioning_minus_plain_conditioning,progress_ratio,interaction,-0.0015855161473153911,0.00014558713883161545,-0.0017311032861470066
low,four_way_stop,4,21,residual_conditioning_minus_plain_conditioning,final_goal_distance,interaction,0.015252783894538907,-0.0014005601406097135,0.01665334403514862
low,four_way_stop,4,21,residual_conditioning_minus_plain_conditioning,completion_time,interaction,2.4000000000000004,-0.7200000000000006,3.120000000000001
low,four_way_stop,4,21,residual_conditioning_minus_plain_conditioning,min_distance,interaction,-0.2763969898223878,-0.0359836220741272,-0.2404133677482606
medium,four_way_stop,4,21,residual_conditioning_minus_plain_conditioning,collision,interaction,0.0,0.0,0.0
medium,four_way_stop,4,21,residual_conditioning_minus_plain_conditioning,safety_violation,interaction,0.0,0.0,0.0
medium,four_way_stop,4,21,residual_conditioning_minus_plain_conditioning,success,interaction,0.0,0.0,0.0
medium,four_way_stop,4,21,residual_conditioning_minus_plain_conditioning,progress_ratio,interaction,-0.00635949894785881,0.012214303947985172,-0.018573802895843983
medium,four_way_stop,4,21,residual_conditioning_minus_plain_conditioning,final_goal_distance,interaction,0.06117886304855341,-0.11750254034996029,0.17868140339851368
medium,four_way_stop,4,21,residual_conditioning_minus_plain_conditioning,completion_time,interaction,-0.5999999999999996,0.120000000000001,-0.7200000000000006
medium,four_way_stop,4,21,residual_conditioning_minus_plain_conditioning,min_distance,interaction,-7.212162017822266e-06,-0.0015145540237427868,0.0015073418617249645
high,four_way_stop,4,21,residual_conditioning_minus_plain_conditioning,collision,interaction,0.0,0.0,0.0
high,four_way_stop,4,21,residual_conditioning_minus_plain_conditioning,safety_violation,interaction,0.0,0.0,0.0
high,four_way_stop,4,21,residual_conditioning_minus_plain_conditioning,success,interaction,0.0,0.0,0.0
high,four_way_stop,4,21,residual_conditioning_minus_plain_conditioning,progress_ratio,interaction,0.0001984462141992882,0.0033438624814153828,-0.0031454162672160946
high,four_way_stop,4,21,residual_conditioning_minus_plain_conditioning,final_goal_distance,interaction,-0.0019090697169304033,-0.03216820955276489,0.03025913983583449
high,four_way_stop,4,21,residual_conditioning_minus_plain_conditioning,completion_time,interaction,-1.3200000000000003,0.9599999999999991,-2.2799999999999994
high,four_way_stop,4,21,residual_conditioning_minus_plain_conditioning,min_distance,interaction,-0.024803340435028076,-0.004575848579406738,-0.020227491855621338
clean,four_way_stop,8,21,residual_conditioning_minus_plain_conditioning,collision,interaction,0.0,0.0,0.0
clean,four_way_stop,8,21,residual_conditioning_minus_plain_conditioning,safety_violation,interaction,0.0,0.0,0.0
clean,four_way_stop,8,21,residual_conditioning_minus_plain_conditioning,success,interaction,0.0,0.0,0.0
clean,four_way_stop,8,21,residual_conditioning_minus_plain_conditioning,progress_ratio,interaction,1.6856938599429938e-06,-0.0020816680043935776,0.0020833536982535206
clean,four_way_stop,8,21,residual_conditioning_minus_plain_conditioning,final_goal_distance,interaction,-1.6137957572909256e-05,0.01994208991527549,-0.0199582278728484
clean,four_way_stop,8,21,residual_conditioning_minus_plain_conditioning,completion_time,interaction,1.4399999999999995,-3.960000000000001,5.4
clean,four_way_stop,8,21,residual_conditioning_minus_plain_conditioning,min_distance,interaction,-0.009944796562194824,-0.014812648296356201,0.004867851734161377
low,four_way_stop,8,21,residual_conditioning_minus_plain_conditioning,collision,interaction,0.0,0.0,0.0
low,four_way_stop,8,21,residual_conditioning_minus_plain_conditioning,safety_violation,interaction,0.0,0.0,0.0
low,four_way_stop,8,21,residual_conditioning_minus_plain_conditioning,success,interaction,0.0,0.0,0.0
low,four_way_stop,8,21,residual_conditioning_minus_plain_conditioning,progress_ratio,interaction,-0.000442650169134029,0.0016331728547811508,-0.00207582302391518
low,four_way_stop,8,21,residual_conditioning_minus_plain_conditioning,final_goal_distance,interaction,0.0042405277490615845,-0.01564556360244751,0.019886091351509094
low,four_way_stop,8,21,residual_conditioning_minus_plain_conditioning,completion_time,interaction,-4.5600000000000005,-2.3999999999999986,-2.160000000000002
low,four_way_stop,8,21,residual_conditioning_minus_plain_conditioning,min_distance,interaction,0.026551663875579834,-0.01577019691467285,0.042321860790252686
medium,four_way_stop,8,21,residual_conditioning_minus_plain_conditioning,collision,interaction,0.0,0.0,0.0
medium,four_way_stop,8,21,residual_conditioning_minus_plain_conditioning,safety_violation,interaction,0.0,0.0,0.0
medium,four_way_stop,8,21,residual_conditioning_minus_plain_conditioning,success,interaction,0.0,0.0,0.0
medium,four_way_stop,8,21,residual_conditioning_minus_plain_conditioning,progress_ratio,interaction,0.0010189637541769825,-0.0011142976582050323,0.002133261412382015
medium,four_way_stop,8,21,residual_conditioning_minus_plain_conditioning,final_goal_distance,interaction,-0.009761527180671692,0.010674819350242615,-0.020436346530914307
medium,four_way_stop,8,21,residual_conditioning_minus_plain_conditioning,completion_time,interaction,-0.2400000000000002,-3.599999999999998,3.3599999999999977
medium,four_way_stop,8,21,residual_conditioning_minus_plain_conditioning,min_distance,interaction,0.10207277536392212,0.0661400556564331,0.035932719707489014
high,four_way_stop,8,21,residual_conditioning_minus_plain_conditioning,collision,interaction,0.0,0.0,0.0
high,four_way_stop,8,21,residual_conditioning_minus_plain_conditioning,safety_violation,interaction,0.0,0.0,0.0
high,four_way_stop,8,21,residual_conditioning_minus_plain_conditioning,success,interaction,0.0,0.0,0.0
high,four_way_stop,8,21,residual_conditioning_minus_plain_conditioning,progress_ratio,interaction,0.0005086716264487423,0.0016524717211723328,-0.0011438000947235905
high,four_way_stop,8,21,residual_conditioning_minus_plain_conditioning,final_goal_distance,interaction,-0.0048730075359344205,-0.0158304572105408,0.010957449674606379
high,four_way_stop,8,21,residual_conditioning_minus_plain_conditioning,completion_time,interaction,0.0,-8.16,8.16
high,four_way_stop,8,21,residual_conditioning_minus_plain_conditioning,min_distance,interaction,-0.02951204776763916,-0.12165945768356323,0.09214740991592407
clean,corridor,4,22,residual_conditioning_minus_plain_conditioning,collision,interaction,0.0,0.0,0.0
clean,corridor,4,22,residual_conditioning_minus_plain_conditioning,safety_violation,interaction,0.0,0.0,0.0
clean,corridor,4,22,residual_conditioning_minus_plain_conditioning,success,interaction,0.0,0.0,0.0
clean,corridor,4,22,residual_conditioning_minus_plain_conditioning,progress_ratio,interaction,-0.0005059577524662018,-0.005336534231901169,0.004830576479434967
clean,corridor,4,22,residual_conditioning_minus_plain_conditioning,final_goal_distance,interaction,0.005170136690139798,0.0545315146446228,-0.049361377954483004
clean,corridor,4,22,residual_conditioning_minus_plain_conditioning,completion_time,interaction,-0.35999999999999943,-0.7200000000000006,0.3600000000000012
clean,corridor,4,22,residual_conditioning_minus_plain_conditioning,min_distance,interaction,0.02481997013092041,-0.05024510622024536,0.07506507635116577
low,corridor,4,22,residual_conditioning_minus_plain_conditioning,collision,interaction,0.0,0.0,0.0
low,corridor,4,22,residual_conditioning_minus_plain_conditioning,safety_violation,interaction,0.0,0.0,0.0
low,corridor,4,22,residual_conditioning_minus_plain_conditioning,success,interaction,0.0,0.0,0.0
low,corridor,4,22,residual_conditioning_minus_plain_conditioning,progress_ratio,interaction,-0.001389719545841217,-0.0008376343175767742,-0.0005520852282644428
low,corridor,4,22,residual_conditioning_minus_plain_conditioning,final_goal_distance,interaction,0.01420088857412341,0.008559390902519198,0.005641497671604212
low,corridor,4,22,residual_conditioning_minus_plain_conditioning,completion_time,interaction,0.11999999999999922,0.7200000000000006,-0.6000000000000014
low,corridor,4,22,residual_conditioning_minus_plain_conditioning,min_distance,interaction,0.013249576091766357,-0.08056950569152832,0.09381908178329468
medium,corridor,4,22,residual_conditioning_minus_plain_conditioning,collision,interaction,0.0,0.0,0.0
medium,corridor,4,22,residual_conditioning_minus_plain_conditioning,safety_violation,interaction,0.0,0.0,0.0
medium,corridor,4,22,residual_conditioning_minus_plain_conditioning,success,interaction,0.0,0.0,0.0
medium,corridor,4,22,residual_conditioning_minus_plain_conditioning,progress_ratio,interaction,0.0011003091931341968,-0.0024519758298992,0.003552285023033397
medium,corridor,4,22,residual_conditioning_minus_plain_conditioning,final_goal_distance,interaction,-0.011243537068367018,0.02505557239055639,-0.03629910945892341
medium,corridor,4,22,residual_conditioning_minus_plain_conditioning,completion_time,interaction,0.5999999999999996,-0.7200000000000006,1.3200000000000003
medium,corridor,4,22,residual_conditioning_minus_plain_conditioning,min_distance,interaction,-0.004594147205352783,0.03249669075012207,-0.037090837955474854
high,corridor,4,22,residual_conditioning_minus_plain_conditioning,collision,interaction,0.0,0.0,0.0
high,corridor,4,22,residual_conditioning_minus_plain_conditioning,safety_violation,interaction,0.0,0.0,0.0
high,corridor,4,22,residual_conditioning_minus_plain_conditioning,success,interaction,0.0,0.0,0.0
high,corridor,4,22,residual_conditioning_minus_plain_conditioning,progress_ratio,interaction,-0.0025094831362368897,0.003283655270934216,-0.005793138407171106
high,corridor,4,22,residual_conditioning_minus_plain_conditioning,final_goal_distance,interaction,0.02564321458339691,-0.033554106950759915,0.05919732153415683
high,corridor,4,22,residual_conditioning_minus_plain_conditioning,completion_time,interaction,-1.1999999999999993,0.35999999999999943,-1.5599999999999987
high,corridor,4,22,residual_conditioning_minus_plain_conditioning,min_distance,interaction,-0.19758594036102295,0.029240906238555908,-0.22682684659957886
clean,corridor,8,22,residual_conditioning_minus_plain_conditioning,collision,interaction,0.0,0.0,0.0
clean,corridor,8,22,residual_conditioning_minus_plain_conditioning,safety_violation,interaction,0.0,0.0,0.0
clean,corridor,8,22,residual_conditioning_minus_plain_conditioning,success,interaction,0.0,0.0,0.0
clean,corridor,8,22,residual_conditioning_minus_plain_conditioning,progress_ratio,interaction,0.008084535598754772,0.015156321227550396,-0.007071785628795624
clean,corridor,8,22,residual_conditioning_minus_plain_conditioning,final_goal_distance,interaction,-0.08183157444000244,-0.15341204404830933,0.07158046960830688
clean,corridor,8,22,residual_conditioning_minus_plain_conditioning,completion_time,interaction,0.0,0.0,0.0
clean,corridor,8,22,residual_conditioning_minus_plain_conditioning,min_distance,interaction,-0.0843510627746582,-0.07520174980163574,-0.009149312973022461
low,corridor,8,22,residual_conditioning_minus_plain_conditioning,collision,interaction,0.0,0.0,0.0
low,corridor,8,22,residual_conditioning_minus_plain_conditioning,safety_violation,interaction,0.0,-1.0,1.0
low,corridor,8,22,residual_conditioning_minus_plain_conditioning,success,interaction,0.0,0.0,0.0
low,corridor,8,22,residual_conditioning_minus_plain_conditioning,progress_ratio,interaction,-0.00984925404190995,0.007477372884750366,-0.017326626926660316
low,corridor,8,22,residual_conditioning_minus_plain_conditioning,final_goal_distance,interaction,0.09969401359558105,-0.07568579912185669,0.17537981271743774
low,corridor,8,22,residual_conditioning_minus_plain_conditioning,completion_time,interaction,0.0,0.0,0.0
low,corridor,8,22,residual_conditioning_minus_plain_conditioning,min_distance,interaction,0.02609962224960327,0.04956787824630737,-0.0234682559967041
medium,corridor,8,22,residual_conditioning_minus_plain_conditioning,collision,interaction,0.0,0.0,0.0
medium,corridor,8,22,residual_conditioning_minus_plain_conditioning,safety_violation,interaction,0.0,0.0,0.0
medium,corridor,8,22,residual_conditioning_minus_plain_conditioning,success,interaction,0.0,0.0,0.0
medium,corridor,8,22,residual_conditioning_minus_plain_conditioning,progress_ratio,interaction,-0.02646949514746666,0.008342735469341389,-0.03481223061680805
medium,corridor,8,22,residual_conditioning_minus_plain_conditioning,final_goal_distance,interaction,0.2679237723350525,-0.08444499969482422,0.3523687720298767
medium,corridor,8,22,residual_conditioning_minus_plain_conditioning,completion_time,interaction,0.0,0.0,0.0
medium,corridor,8,22,residual_conditioning_minus_plain_conditioning,min_distance,interaction,0.016731977462768555,-0.05532306432723999,0.07205504179000854
high,corridor,8,22,residual_conditioning_minus_plain_conditioning,collision,interaction,0.0,0.0,0.0
high,corridor,8,22,residual_conditioning_minus_plain_conditioning,safety_violation,interaction,0.0,0.0,0.0
high,corridor,8,22,residual_conditioning_minus_plain_conditioning,success,interaction,0.0,0.0,0.0
high,corridor,8,22,residual_conditioning_minus_plain_conditioning,progress_ratio,interaction,-0.004224449396133423,0.006528511643409618,-0.01075296103954304
high,corridor,8,22,residual_conditioning_minus_plain_conditioning,final_goal_distance,interaction,0.04275977611541748,-0.0660814642906189,0.10884124040603638
high,corridor,8,22,residual_conditioning_minus_plain_conditioning,completion_time,interaction,0.0,0.0,0.0
high,corridor,8,22,residual_conditioning_minus_plain_conditioning,min_distance,interaction,0.07927125692367554,0.02351832389831543,0.05575293302536011
clean,narrow_gate,4,22,residual_conditioning_minus_plain_conditioning,collision,interaction,0.0,0.0,0.0
clean,narrow_gate,4,22,residual_conditioning_minus_plain_conditioning,safety_violation,interaction,0.0,0.0,0.0
clean,narrow_gate,4,22,residual_conditioning_minus_plain_conditioning,success,interaction,-1.0,1.0,-2.0
clean,narrow_gate,4,22,residual_conditioning_minus_plain_conditioning,progress_ratio,interaction,-0.3476250423118473,0.1520863501355052,-0.4997113924473525
clean,narrow_gate,4,22,residual_conditioning_minus_plain_conditioning,final_goal_distance,interaction,3.648503750562668,-1.5962245762348175,5.244728326797485
clean,narrow_gate,4,22,residual_conditioning_minus_plain_conditioning,completion_time,interaction,5.399999999999999,-5.52,10.919999999999998
clean,narrow_gate,4,22,residual_conditioning_minus_plain_conditioning,min_distance,interaction,-0.0034641109465225473,-0.03852111101150513,0.03505700006498258
low,narrow_gate,4,22,residual_conditioning_minus_plain_conditioning,collision,interaction,0.0,0.0,0.0
low,narrow_gate,4,22,residual_conditioning_minus_plain_conditioning,safety_violation,interaction,0.0,0.0,0.0
low,narrow_gate,4,22,residual_conditioning_minus_plain_conditioning,success,interaction,0.0,-1.0,1.0
low,narrow_gate,4,22,residual_conditioning_minus_plain_conditioning,progress_ratio,interaction,-0.0013145506381988525,-0.15185807552188635,0.1505435248836875
low,narrow_gate,4,22,residual_conditioning_minus_plain_conditioning,final_goal_distance,interaction,0.013796806335449219,1.5938286781311037,-1.5800318717956545
low,narrow_gate,4,22,residual_conditioning_minus_plain_conditioning,completion_time,interaction,0.0,10.799999999999999,-10.799999999999999
low,narrow_gate,4,22,residual_conditioning_minus_plain_conditioning,min_distance,interaction,-0.005860284683333994,0.10622618487726188,-0.11208646956059587
medium,narrow_gate,4,22,residual_conditioning_minus_plain_conditioning,collision,interaction,0.0,0.0,0.0
medium,narrow_gate,4,22,residual_conditioning_minus_plain_conditioning,safety_violation,interaction,0.0,0.0,0.0
medium,narrow_gate,4,22,residual_conditioning_minus_plain_conditioning,success,interaction,0.0,0.0,0.0
medium,narrow_gate,4,22,residual_conditioning_minus_plain_conditioning,progress_ratio,interaction,-0.0006337305530903503,-0.00132839847356081,0.0006946679204704598
medium,narrow_gate,4,22,residual_conditioning_minus_plain_conditioning,final_goal_distance,interaction,0.006651327013969477,0.013942226767539992,-0.007290899753570515
medium,narrow_gate,4,22,residual_conditioning_minus_plain_conditioning,completion_time,interaction,-5.040000000000001,0.9600000000000009,-6.000000000000002
medium,narrow_gate,4,22,residual_conditioning_minus_plain_conditioning,min_distance,interaction,-0.1916990915659733,-0.02747112512588501,-0.1642279664400883
high,narrow_gate,4,22,residual_conditioning_minus_plain_conditioning,collision,interaction,0.0,0.0,0.0
high,narrow_gate,4,22,residual_conditioning_minus_plain_conditioning,safety_violation,interaction,0.0,0.0,0.0
high,narrow_gate,4,22,residual_conditioning_minus_plain_conditioning,success,interaction,-1.0,-1.0,0.0
high,narrow_gate,4,22,residual_conditioning_minus_plain_conditioning,progress_ratio,interaction,-0.1557444129139185,-0.15482185687869787,-0.000922556035220623
high,narrow_gate,4,22,residual_conditioning_minus_plain_conditioning,final_goal_distance,interaction,1.6346178501844406,1.6249351650476456,0.009682685136795044
high,narrow_gate,4,22,residual_conditioning_minus_plain_conditioning,completion_time,interaction,4.919999999999998,11.399999999999999,-6.48
high,narrow_gate,4,22,residual_conditioning_minus_plain_conditioning,min_distance,interaction,-0.10237973928451538,-0.024253249168395996,-0.07812649011611938
clean,narrow_gate,8,22,residual_conditioning_minus_plain_conditioning,collision,interaction,0.0,0.0,0.0
clean,narrow_gate,8,22,residual_conditioning_minus_plain_conditioning,safety_violation,interaction,0.0,0.0,0.0
clean,narrow_gate,8,22,residual_conditioning_minus_plain_conditioning,success,interaction,0.0,0.0,0.0
clean,narrow_gate,8,22,residual_conditioning_minus_plain_conditioning,progress_ratio,interaction,-0.008744277060032002,-0.16950854659080505,0.16076426953077305
clean,narrow_gate,8,22,residual_conditioning_minus_plain_conditioning,final_goal_distance,interaction,0.09095191955566406,1.7631099224090576,-1.6721580028533936
clean,narrow_gate,8,22,residual_conditioning_minus_plain_conditioning,completion_time,interaction,0.0,0.0,0.0
clean,narrow_gate,8,22,residual_conditioning_minus_plain_conditioning,min_distance,interaction,-0.035824716091156006,0.04042142629623413,-0.07624614238739014
low,narrow_gate,8,22,residual_conditioning_minus_plain_conditioning,collision,interaction,0.0,0.0,0.0
low,narrow_gate,8,22,residual_conditioning_minus_plain_conditioning,safety_violation,interaction,0.0,0.0,0.0
low,narrow_gate,8,22,residual_conditioning_minus_plain_conditioning,success,interaction,0.0,0.0,0.0
low,narrow_gate,8,22,residual_conditioning_minus_plain_conditioning,progress_ratio,interaction,0.09635088592767715,0.00354824960231781,0.09280263632535934
low,narrow_gate,8,22,residual_conditioning_minus_plain_conditioning,final_goal_distance,interaction,-1.0021749734878544,-0.03690636157989524,-0.9652686119079592
low,narrow_gate,8,22,residual_conditioning_minus_plain_conditioning,completion_time,interaction,0.0,0.0,0.0
low,narrow_gate,8,22,residual_conditioning_minus_plain_conditioning,min_distance,interaction,-0.09435725212097168,-0.07324421405792236,-0.021113038063049316
medium,narrow_gate,8,22,residual_conditioning_minus_plain_conditioning,collision,interaction,0.0,0.0,0.0
medium,narrow_gate,8,22,residual_conditioning_minus_plain_conditioning,safety_violation,interaction,0.0,0.0,0.0
medium,narrow_gate,8,22,residual_conditioning_minus_plain_conditioning,success,interaction,0.0,0.0,0.0
medium,narrow_gate,8,22,residual_conditioning_minus_plain_conditioning,progress_ratio,interaction,0.00148068368434906,0.05764039605855942,-0.05615971237421036
medium,narrow_gate,8,22,residual_conditioning_minus_plain_conditioning,final_goal_distance,interaction,-0.015401005744934082,-0.5995352268218994,0.5841342210769653
medium,narrow_gate,8,22,residual_conditioning_minus_plain_conditioning,completion_time,interaction,0.0,0.0,0.0
medium,narrow_gate,8,22,residual_conditioning_minus_plain_conditioning,min_distance,interaction,0.006139576435089111,0.05451411008834839,-0.04837453365325928
high,narrow_gate,8,22,residual_conditioning_minus_plain_conditioning,collision,interaction,0.0,0.0,0.0
high,narrow_gate,8,22,residual_conditioning_minus_plain_conditioning,safety_violation,interaction,0.0,1.0,-1.0
high,narrow_gate,8,22,residual_conditioning_minus_plain_conditioning,success,interaction,0.0,0.0,0.0
high,narrow_gate,8,22,residual_conditioning_minus_plain_conditioning,progress_ratio,interaction,0.022963188588619343,0.16251735389232635,-0.139554165303707
high,narrow_gate,8,22,residual_conditioning_minus_plain_conditioning,final_goal_distance,interaction,-0.23884713649749767,-1.6903926134109497,1.4515454769134521
high,narrow_gate,8,22,residual_conditioning_minus_plain_conditioning,completion_time,interaction,0.0,0.0,0.0
high,narrow_gate,8,22,residual_conditioning_minus_plain_conditioning,min_distance,interaction,0.022074997425079346,-0.028468787670135498,0.050543785095214844
clean,merge_bottleneck,4,22,residual_conditioning_minus_plain_conditioning,collision,interaction,0.0,0.0,0.0
clean,merge_bottleneck,4,22,residual_conditioning_minus_plain_conditioning,safety_violation,interaction,0.0,0.0,0.0
clean,merge_bottleneck,4,22,residual_conditioning_minus_plain_conditioning,success,interaction,0.0,0.0,0.0
clean,merge_bottleneck,4,22,residual_conditioning_minus_plain_conditioning,progress_ratio,interaction,-0.012739345431328042,-0.026199419051408768,0.013460073620080726
clean,merge_bottleneck,4,22,residual_conditioning_minus_plain_conditioning,final_goal_distance,interaction,0.1321609616279602,0.2717989683151245,-0.1396380066871643
clean,merge_bottleneck,4,22,residual_conditioning_minus_plain_conditioning,completion_time,interaction,0.0,0.0,0.0
clean,merge_bottleneck,4,22,residual_conditioning_minus_plain_conditioning,min_distance,interaction,-0.17082483011763627,0.2539938688278198,-0.4248186989454561
low,merge_bottleneck,4,22,residual_conditioning_minus_plain_conditioning,collision,interaction,0.0,0.0,0.0
low,merge_bottleneck,4,22,residual_conditioning_minus_plain_conditioning,safety_violation,interaction,0.0,0.0,0.0
low,merge_bottleneck,4,22,residual_conditioning_minus_plain_conditioning,success,interaction,0.0,0.0,0.0
low,merge_bottleneck,4,22,residual_conditioning_minus_plain_conditioning,progress_ratio,interaction,0.004553887993097416,0.04255245625972748,-0.03799856826663006
low,merge_bottleneck,4,22,residual_conditioning_minus_plain_conditioning,final_goal_distance,interaction,-0.04724311828613281,-0.44144928455352805,0.39420616626739524
low,merge_bottleneck,4,22,residual_conditioning_minus_plain_conditioning,completion_time,interaction,0.0,0.0,0.0
low,merge_bottleneck,4,22,residual_conditioning_minus_plain_conditioning,min_distance,interaction,-2.2482489341335565e-05,0.02827543020248413,-0.028297912691825466
medium,merge_bottleneck,4,22,residual_conditioning_minus_plain_conditioning,collision,interaction,0.0,0.0,0.0
medium,merge_bottleneck,4,22,residual_conditioning_minus_plain_conditioning,safety_violation,interaction,0.0,0.0,0.0
medium,merge_bottleneck,4,22,residual_conditioning_minus_plain_conditioning,success,interaction,0.0,0.0,0.0
medium,merge_bottleneck,4,22,residual_conditioning_minus_plain_conditioning,progress_ratio,interaction,-0.050794824957847484,0.029893741011619568,-0.08068856596946705
medium,merge_bottleneck,4,22,residual_conditioning_minus_plain_conditioning,final_goal_distance,interaction,0.526957631111145,-0.31012481451034546,0.8370824456214905
medium,merge_bottleneck,4,22,residual_conditioning_minus_plain_conditioning,completion_time,interaction,0.0,0.0,0.0
medium,merge_bottleneck,4,22,residual_conditioning_minus_plain_conditioning,min_distance,interaction,-0.02162156351839606,-0.16273138084584493,0.14110981732744887
high,merge_bottleneck,4,22,residual_conditioning_minus_plain_conditioning,collision,interaction,0.0,0.0,0.0
high,merge_bottleneck,4,22,residual_conditioning_minus_plain_conditioning,safety_violation,interaction,0.0,0.0,0.0
high,merge_bottleneck,4,22,residual_conditioning_minus_plain_conditioning,success,interaction,0.0,0.0,0.0
high,merge_bottleneck,4,22,residual_conditioning_minus_plain_conditioning,progress_ratio,interaction,-0.020471666008234024,-0.013417072594165802,-0.007054593414068222
high,merge_bottleneck,4,22,residual_conditioning_minus_plain_conditioning,final_goal_distance,interaction,0.2123779058456421,0.13919192552566528,0.0731859803199768
high,merge_bottleneck,4,22,residual_conditioning_minus_plain_conditioning,completion_time,interaction,0.0,0.0,0.0
high,merge_bottleneck,4,22,residual_conditioning_minus_plain_conditioning,min_distance,interaction,-0.0014048071705416998,-0.11109417676925659,0.10968936959871489
clean,merge_bottleneck,8,22,residual_conditioning_minus_plain_conditioning,collision,interaction,0.0,0.0,0.0
clean,merge_bottleneck,8,22,residual_conditioning_minus_plain_conditioning,safety_violation,interaction,0.0,0.0,0.0
clean,merge_bottleneck,8,22,residual_conditioning_minus_plain_conditioning,success,interaction,0.0,0.0,0.0
clean,merge_bottleneck,8,22,residual_conditioning_minus_plain_conditioning,progress_ratio,interaction,0.0752255916595459,0.024852663278579712,0.050372928380966187
clean,merge_bottleneck,8,22,residual_conditioning_minus_plain_conditioning,final_goal_distance,interaction,-0.7792778015136719,-0.25745391845703125,-0.5218238830566406
clean,merge_bottleneck,8,22,residual_conditioning_minus_plain_conditioning,completion_time,interaction,0.0,0.0,0.0
clean,merge_bottleneck,8,22,residual_conditioning_minus_plain_conditioning,min_distance,interaction,-0.030239582061767578,0.03072535991668701,-0.06096494197845459
low,merge_bottleneck,8,22,residual_conditioning_minus_plain_conditioning,collision,interaction,0.0,0.0,0.0
low,merge_bottleneck,8,22,residual_conditioning_minus_plain_conditioning,safety_violation,interaction,0.0,0.0,0.0
low,merge_bottleneck,8,22,residual_conditioning_minus_plain_conditioning,success,interaction,0.0,0.0,0.0
low,merge_bottleneck,8,22,residual_conditioning_minus_plain_conditioning,progress_ratio,interaction,-0.0004551708698272705,-0.12646877765655518,0.1260136067867279
low,merge_bottleneck,8,22,residual_conditioning_minus_plain_conditioning,final_goal_distance,interaction,0.0047149658203125,1.3101165294647221,-1.3054015636444096
low,merge_bottleneck,8,22,residual_conditioning_minus_plain_conditioning,completion_time,interaction,0.0,0.0,0.0
low,merge_bottleneck,8,22,residual_conditioning_minus_plain_conditioning,min_distance,interaction,-0.07423287630081177,-0.04001849889755249,-0.03421437740325928
medium,merge_bottleneck,8,22,residual_conditioning_minus_plain_conditioning,collision,interaction,0.0,0.0,0.0
medium,merge_bottleneck,8,22,residual_conditioning_minus_plain_conditioning,safety_violation,interaction,0.0,-1.0,1.0
medium,merge_bottleneck,8,22,residual_conditioning_minus_plain_conditioning,success,interaction,0.0,0.0,0.0
medium,merge_bottleneck,8,22,residual_conditioning_minus_plain_conditioning,progress_ratio,interaction,0.004404142498970032,-0.09158800542354584,0.09599214792251587
medium,merge_bottleneck,8,22,residual_conditioning_minus_plain_conditioning,final_goal_distance,interaction,-0.0456233024597168,0.9487791061401363,-0.9944024085998531
medium,merge_bottleneck,8,22,residual_conditioning_minus_plain_conditioning,completion_time,interaction,0.0,0.0,0.0
medium,merge_bottleneck,8,22,residual_conditioning_minus_plain_conditioning,min_distance,interaction,0.06319957971572876,0.09412217140197754,-0.03092259168624878
high,merge_bottleneck,8,22,residual_conditioning_minus_plain_conditioning,collision,interaction,0.0,0.0,0.0
high,merge_bottleneck,8,22,residual_conditioning_minus_plain_conditioning,safety_violation,interaction,0.0,1.0,-1.0
high,merge_bottleneck,8,22,residual_conditioning_minus_plain_conditioning,success,interaction,0.0,0.0,0.0
high,merge_bottleneck,8,22,residual_conditioning_minus_plain_conditioning,progress_ratio,interaction,0.014879405498504639,-0.07055555284023285,0.08543495833873749
high,merge_bottleneck,8,22,residual_conditioning_minus_plain_conditioning,final_goal_distance,interaction,-0.15413880348205566,0.7308995723724365,-0.8850383758544922
high,merge_bottleneck,8,22,residual_conditioning_minus_plain_conditioning,completion_time,interaction,0.0,0.0,0.0
high,merge_bottleneck,8,22,residual_conditioning_minus_plain_conditioning,min_distance,interaction,0.12164551019668579,-0.1137416660785675,0.2353871762752533
clean,four_way_stop,4,22,residual_conditioning_minus_plain_conditioning,collision,interaction,0.0,0.0,0.0
clean,four_way_stop,4,22,residual_conditioning_minus_plain_conditioning,safety_violation,interaction,0.0,0.0,0.0
clean,four_way_stop,4,22,residual_conditioning_minus_plain_conditioning,success,interaction,0.0,0.0,0.0
clean,four_way_stop,4,22,residual_conditioning_minus_plain_conditioning,progress_ratio,interaction,-0.0014665080234407268,-0.00259849615395058,0.0011319881305098534
clean,four_way_stop,4,22,residual_conditioning_minus_plain_conditioning,final_goal_distance,interaction,0.014121666550636292,0.0250220894813538,-0.01090042293071751
clean,four_way_stop,4,22,residual_conditioning_minus_plain_conditioning,completion_time,interaction,0.2400000000000002,-0.8399999999999999,1.08
clean,four_way_stop,4,22,residual_conditioning_minus_plain_conditioning,min_distance,interaction,0.10070669651031494,0.034943461418151855,0.06576323509216309
low,four_way_stop,4,22,residual_conditioning_minus_plain_conditioning,collision,interaction,0.0,0.0,0.0
low,four_way_stop,4,22,residual_conditioning_minus_plain_conditioning,safety_violation,interaction,0.0,0.0,0.0
low,four_way_stop,4,22,residual_conditioning_minus_plain_conditioning,success,interaction,0.0,0.0,0.0
low,four_way_stop,4,22,residual_conditioning_minus_plain_conditioning,progress_ratio,interaction,-0.0012809820473194122,0.0015622293576595947,-0.002843211404979007
low,four_way_stop,4,22,residual_conditioning_minus_plain_conditioning,final_goal_distance,interaction,0.012335166335105896,-0.015043407678604181,0.027378574013710077
low,four_way_stop,4,22,residual_conditioning_minus_plain_conditioning,completion_time,interaction,0.0,0.0,0.0
low,four_way_stop,4,22,residual_conditioning_minus_plain_conditioning,min_distance,interaction,0.13581883907318115,0.02906811237335194,0.10675072669982921
medium,four_way_stop,4,22,residual_conditioning_minus_plain_conditioning,collision,interaction,0.0,0.0,0.0
medium,four_way_stop,4,22,residual_conditioning_minus_plain_conditioning,safety_violation,interaction,0.0,0.0,0.0
medium,four_way_stop,4,22,residual_conditioning_minus_plain_conditioning,success,interaction,0.0,0.0,0.0
medium,four_way_stop,4,22,residual_conditioning_minus_plain_conditioning,progress_ratio,interaction,-0.004607808776199818,0.0024436265230177723,-0.00705143529921759
medium,four_way_stop,4,22,residual_conditioning_minus_plain_conditioning,final_goal_distance,interaction,0.04437066614627841,-0.023530781269073514,0.06790144741535192
medium,four_way_stop,4,22,residual_conditioning_minus_plain_conditioning,completion_time,interaction,-0.7199999999999989,-0.7200000000000006,1.7763568394002505e-15
medium,four_way_stop,4,22,residual_conditioning_minus_plain_conditioning,min_distance,interaction,0.0,0.00927269458770752,-0.00927269458770752
high,four_way_stop,4,22,residual_conditioning_minus_plain_conditioning,collision,interaction,0.0,0.0,0.0
high,four_way_stop,4,22,residual_conditioning_minus_plain_conditioning,safety_violation,interaction,0.0,0.0,0.0
high,four_way_stop,4,22,residual_conditioning_minus_plain_conditioning,success,interaction,0.0,0.0,0.0
high,four_way_stop,4,22,residual_conditioning_minus_plain_conditioning,progress_ratio,interaction,-0.008525125682353973,0.0041575077921153225,-0.012682633474469296
high,four_way_stop,4,22,residual_conditioning_minus_plain_conditioning,final_goal_distance,interaction,0.08209225535392761,-0.04003450274467471,0.12212675809860232
high,four_way_stop,4,22,residual_conditioning_minus_plain_conditioning,completion_time,interaction,-0.11999999999999922,0.11999999999999922,-0.23999999999999844
high,four_way_stop,4,22,residual_conditioning_minus_plain_conditioning,min_distance,interaction,-0.010727286338806263,-0.0825316309928893,0.07180434465408303
clean,four_way_stop,8,22,residual_conditioning_minus_plain_conditioning,collision,interaction,0.0,0.0,0.0
clean,four_way_stop,8,22,residual_conditioning_minus_plain_conditioning,safety_violation,interaction,0.0,0.0,0.0
clean,four_way_stop,8,22,residual_conditioning_minus_plain_conditioning,success,interaction,0.0,0.0,0.0
clean,four_way_stop,8,22,residual_conditioning_minus_plain_conditioning,progress_ratio,interaction,-0.0011700987815858044,0.003360643982887268,-0.0045307427644730724
clean,four_way_stop,8,22,residual_conditioning_minus_plain_conditioning,final_goal_distance,interaction,0.011213496327400208,-0.0322063267230987,0.04341982305049891
clean,four_way_stop,8,22,residual_conditioning_minus_plain_conditioning,completion_time,interaction,-5.279999999999999,-0.35999999999999943,-4.92
clean,four_way_stop,8,22,residual_conditioning_minus_plain_conditioning,min_distance,interaction,-0.02318662405014038,-0.05016887187957764,0.026982247829437256
low,four_way_stop,8,22,residual_conditioning_minus_plain_conditioning,collision,interaction,0.0,0.0,0.0
low,four_way_stop,8,22,residual_conditioning_minus_plain_conditioning,safety_violation,interaction,0.0,0.0,0.0
low,four_way_stop,8,22,residual_conditioning_minus_plain_conditioning,success,interaction,-1.0,1.0,-2.0
low,four_way_stop,8,22,residual_conditioning_minus_plain_conditioning,progress_ratio,interaction,-0.005465304479003064,-0.00025455281138420105,-0.0052107516676188625
low,four_way_stop,8,22,residual_conditioning_minus_plain_conditioning,final_goal_distance,interaction,0.0523760914802551,0.0024394840002059937,0.049936607480049106
low,four_way_stop,8,22,residual_conditioning_minus_plain_conditioning,completion_time,interaction,5.759999999999998,-2.2799999999999976,8.039999999999996
low,four_way_stop,8,22,residual_conditioning_minus_plain_conditioning,min_distance,interaction,-0.041979968547821045,-0.0032567977905273438,-0.0387231707572937
medium,four_way_stop,8,22,residual_conditioning_minus_plain_conditioning,collision,interaction,0.0,0.0,0.0
medium,four_way_stop,8,22,residual_conditioning_minus_plain_conditioning,safety_violation,interaction,0.0,0.0,0.0
medium,four_way_stop,8,22,residual_conditioning_minus_plain_conditioning,success,interaction,0.0,0.0,0.0
medium,four_way_stop,8,22,residual_conditioning_minus_plain_conditioning,progress_ratio,interaction,0.003797118552029244,-0.0014243870973585926,0.0052215056493878365
medium,four_way_stop,8,22,residual_conditioning_minus_plain_conditioning,final_goal_distance,interaction,-0.036389231681823814,0.013650447130203275,-0.05003967881202709
medium,four_way_stop,8,22,residual_conditioning_minus_plain_conditioning,completion_time,interaction,-0.4800000000000004,-7.32,6.84
medium,four_way_stop,8,22,residual_conditioning_minus_plain_conditioning,min_distance,interaction,-0.03985339403152466,-0.04356265068054199,0.003709256649017334
high,four_way_stop,8,22,residual_conditioning_minus_plain_conditioning,collision,interaction,0.0,0.0,0.0
high,four_way_stop,8,22,residual_conditioning_minus_plain_conditioning,safety_violation,interaction,0.0,0.0,0.0
high,four_way_stop,8,22,residual_conditioning_minus_plain_conditioning,success,interaction,0.0,1.0,-1.0
high,four_way_stop,8,22,residual_conditioning_minus_plain_conditioning,progress_ratio,interaction,0.0028236936777831234,0.007109244354069233,-0.0042855506762861095
high,four_way_stop,8,22,residual_conditioning_minus_plain_conditioning,final_goal_distance,interaction,-0.027060538530349704,-0.06813058257102961,0.041070044040679904
high,four_way_stop,8,22,residual_conditioning_minus_plain_conditioning,completion_time,interaction,-0.6000000000000014,-10.439999999999998,9.839999999999996
high,four_way_stop,8,22,residual_conditioning_minus_plain_conditioning,min_distance,interaction,0.1558956503868103,0.030644714832305908,0.1252509355545044
clean,corridor,4,23,residual_conditioning_minus_plain_conditioning,collision,interaction,0.0,0.0,0.0
clean,corridor,4,23,residual_conditioning_minus_plain_conditioning,safety_violation,interaction,0.0,1.0,-1.0
clean,corridor,4,23,residual_conditioning_minus_plain_conditioning,success,interaction,0.0,0.0,0.0
clean,corridor,4,23,residual_conditioning_minus_plain_conditioning,progress_ratio,interaction,0.0013825669884683922,-0.0007098922505972549,0.002092459239065647
clean,corridor,4,23,residual_conditioning_minus_plain_conditioning,final_goal_distance,interaction,-0.014115042984485696,0.0072475075721741,-0.021362550556659796
clean,corridor,4,23,residual_conditioning_minus_plain_conditioning,completion_time,interaction,0.0,0.7200000000000006,-0.7200000000000006
clean,corridor,4,23,residual_conditioning_minus_plain_conditioning,min_distance,interaction,-0.029026567935943604,-0.12708765268325806,0.09806108474731445
low,corridor,4,23,residual_conditioning_minus_plain_conditioning,collision,interaction,0.0,0.0,0.0
low,corridor,4,23,residual_conditioning_minus_plain_conditioning,safety_violation,interaction,0.0,1.0,-1.0
low,corridor,4,23,residual_conditioning_minus_plain_conditioning,success,interaction,0.0,0.0,0.0
low,corridor,4,23,residual_conditioning_minus_plain_conditioning,progress_ratio,interaction,-0.004066440276801586,-0.001122727058827766,-0.00294371321797382
low,corridor,4,23,residual_conditioning_minus_plain_conditioning,final_goal_distance,interaction,0.04151552170515059,0.011462263762950883,0.030053257942199707
low,corridor,4,23,residual_conditioning_minus_plain_conditioning,completion_time,interaction,-0.47999999999999865,0.9600000000000009,-1.4399999999999995
low,corridor,4,23,residual_conditioning_minus_plain_conditioning,min_distance,interaction,0.012168943881988525,-0.1299477219581604,0.14211666584014893
medium,corridor,4,23,residual_conditioning_minus_plain_conditioning,collision,interaction,0.0,0.0,0.0
medium,corridor,4,23,residual_conditioning_minus_plain_conditioning,safety_violation,interaction,0.0,0.0,0.0
medium,corridor,4,23,residual_conditioning_minus_plain_conditioning,success,interaction,0.0,0.0,0.0
medium,corridor,4,23,residual_conditioning_minus_plain_conditioning,progress_ratio,interaction,0.00044915452599536554,-0.0025517232716082416,0.003000877797603607
medium,corridor,4,23,residual_conditioning_minus_plain_conditioning,final_goal_distance,interaction,-0.0045855492353438915,0.02605131268501279,-0.03063686192035668
medium,corridor,4,23,residual_conditioning_minus_plain_conditioning,completion_time,interaction,0.47999999999999865,-0.5999999999999996,1.0799999999999983
medium,corridor,4,23,residual_conditioning_minus_plain_conditioning,min_distance,interaction,-0.06793493032455444,0.03003793954849243,-0.09797286987304688
high,corridor,4,23,residual_conditioning_minus_plain_conditioning,collision,interaction,0.0,0.0,0.0
high,corridor,4,23,residual_conditioning_minus_plain_conditioning,safety_violation,interaction,0.0,0.0,0.0
high,corridor,4,23,residual_conditioning_minus_plain_conditioning,success,interaction,0.0,0.0,0.0
high,corridor,4,23,residual_conditioning_minus_plain_conditioning,progress_ratio,interaction,-0.003033665008842834,-0.0038247359916567802,0.0007910709828139462
high,corridor,4,23,residual_conditioning_minus_plain_conditioning,final_goal_distance,interaction,0.0309716090559959,0.039047881960868905,-0.008076272904873005
high,corridor,4,23,residual_conditioning_minus_plain_conditioning,completion_time,interaction,-3.6000000000000014,-0.35999999999999943,-3.240000000000002
high,corridor,4,23,residual_conditioning_minus_plain_conditioning,min_distance,interaction,0.059315502643585205,-0.047677576541900635,0.10699307918548584
clean,corridor,8,23,residual_conditioning_minus_plain_conditioning,collision,interaction,0.0,0.0,0.0
clean,corridor,8,23,residual_conditioning_minus_plain_conditioning,safety_violation,interaction,0.0,0.0,0.0
clean,corridor,8,23,residual_conditioning_minus_plain_conditioning,success,interaction,0.0,0.0,0.0
clean,corridor,8,23,residual_conditioning_minus_plain_conditioning,progress_ratio,interaction,-0.014216776937246434,0.006567962467670441,-0.020784739404916874
clean,corridor,8,23,residual_conditioning_minus_plain_conditioning,final_goal_distance,interaction,0.14386004209518433,-0.06646144390106201,0.21032148599624634
clean,corridor,8,23,residual_conditioning_minus_plain_conditioning,completion_time,interaction,0.0,0.0,0.0
clean,corridor,8,23,residual_conditioning_minus_plain_conditioning,min_distance,interaction,0.006042301654815674,-0.019011080265045166,0.02505338191986084
low,corridor,8,23,residual_conditioning_minus_plain_conditioning,collision,interaction,0.0,0.0,0.0
low,corridor,8,23,residual_conditioning_minus_plain_conditioning,safety_violation,interaction,0.0,0.0,0.0
low,corridor,8,23,residual_conditioning_minus_plain_conditioning,success,interaction,0.0,0.0,0.0
low,corridor,8,23,residual_conditioning_minus_plain_conditioning,progress_ratio,interaction,0.0003433823585510254,0.00047406554222118036,-0.00013068318367015497
low,corridor,8,23,residual_conditioning_minus_plain_conditioning,final_goal_distance,interaction,-0.003474712371826172,-0.004797041416168213,0.001322329044342041
low,corridor,8,23,residual_conditioning_minus_plain_conditioning,completion_time,interaction,0.0,0.0,0.0
low,corridor,8,23,residual_conditioning_minus_plain_conditioning,min_distance,interaction,-0.02238297462463379,0.0020735859870910645,-0.024456560611724854
medium,corridor,8,23,residual_conditioning_minus_plain_conditioning,collision,interaction,0.0,0.0,0.0
medium,corridor,8,23,residual_conditioning_minus_plain_conditioning,safety_violation,interaction,0.0,0.0,0.0
medium,corridor,8,23,residual_conditioning_minus_plain_conditioning,success,interaction,0.0,0.0,0.0
medium,corridor,8,23,residual_conditioning_minus_plain_conditioning,progress_ratio,interaction,0.015833035111427196,0.0035055875778200463,0.01232744753360715
medium,corridor,8,23,residual_conditioning_minus_plain_conditioning,final_goal_distance,interaction,-0.16021502017974854,-0.03547322750091553,-0.12474179267883301
medium,corridor,8,23,residual_conditioning_minus_plain_conditioning,completion_time,interaction,0.0,0.0,0.0
medium,corridor,8,23,residual_conditioning_minus_plain_conditioning,min_distance,interaction,-0.029100894927978516,0.045009613037109375,-0.07411050796508789
high,corridor,8,23,residual_conditioning_minus_plain_conditioning,collision,interaction,0.0,0.0,0.0
high,corridor,8,23,residual_conditioning_minus_plain_conditioning,safety_violation,interaction,0.0,0.0,0.0
high,corridor,8,23,residual_conditioning_minus_plain_conditioning,success,interaction,0.0,0.0,0.0
high,corridor,8,23,residual_conditioning_minus_plain_conditioning,progress_ratio,interaction,-0.010132327675819175,-0.005316577851772197,-0.004815749824046978
high,corridor,8,23,residual_conditioning_minus_plain_conditioning,final_goal_distance,interaction,0.10252940654754639,0.0537986159324646,0.04873079061508179
high,corridor,8,23,residual_conditioning_minus_plain_conditioning,completion_time,interaction,0.0,0.0,0.0
high,corridor,8,23,residual_conditioning_minus_plain_conditioning,min_distance,interaction,0.048202455043792725,-0.004990994930267334,0.05319344997406006
clean,narrow_gate,4,23,residual_conditioning_minus_plain_conditioning,collision,interaction,0.0,0.0,0.0
clean,narrow_gate,4,23,residual_conditioning_minus_plain_conditioning,safety_violation,interaction,0.0,0.0,0.0
clean,narrow_gate,4,23,residual_conditioning_minus_plain_conditioning,success,interaction,0.0,1.0,-1.0
clean,narrow_gate,4,23,residual_conditioning_minus_plain_conditioning,progress_ratio,interaction,-0.190392404794693,0.16439245548099268,-0.3547848602756857
clean,narrow_gate,4,23,residual_conditioning_minus_plain_conditioning,final_goal_distance,interaction,2.004603147506714,-1.7308549731969831,3.735458120703697
clean,narrow_gate,4,23,residual_conditioning_minus_plain_conditioning,completion_time,interaction,0.0,-1.0799999999999983,1.0799999999999983
clean,narrow_gate,4,23,residual_conditioning_minus_plain_conditioning,min_distance,interaction,0.009287081082656856,0.0016159985652159925,0.007671082517440864
low,narrow_gate,4,23,residual_conditioning_minus_plain_conditioning,collision,interaction,0.0,0.0,0.0
low,narrow_gate,4,23,residual_conditioning_minus_plain_conditioning,safety_violation,interaction,0.0,0.0,0.0
low,narrow_gate,4,23,residual_conditioning_minus_plain_conditioning,success,interaction,0.0,0.0,0.0
low,narrow_gate,4,23,residual_conditioning_minus_plain_conditioning,progress_ratio,interaction,-0.08249814063310612,0.003950357437133789,-0.08644849807023991
low,narrow_gate,4,23,residual_conditioning_minus_plain_conditioning,final_goal_distance,interaction,0.8686063289642334,-0.04159247875213623,0.9101988077163696
low,narrow_gate,4,23,residual_conditioning_minus_plain_conditioning,completion_time,interaction,0.0,0.0,0.0
low,narrow_gate,4,23,residual_conditioning_minus_plain_conditioning,min_distance,interaction,0.0,0.11035846180350917,-0.11035846180350917
medium,narrow_gate,4,23,residual_conditioning_minus_plain_conditioning,collision,interaction,0.0,0.0,0.0
medium,narrow_gate,4,23,residual_conditioning_minus_plain_conditioning,safety_violation,interaction,0.0,0.0,0.0
medium,narrow_gate,4,23,residual_conditioning_minus_plain_conditioning,success,interaction,0.0,-1.0,1.0
medium,narrow_gate,4,23,residual_conditioning_minus_plain_conditioning,progress_ratio,interaction,0.0013926886022092022,-0.13505491241812695,0.13644760102033615
medium,narrow_gate,4,23,residual_conditioning_minus_plain_conditioning,final_goal_distance,interaction,-0.014663331210613292,1.4219659641385078,-1.436629295349121
medium,narrow_gate,4,23,residual_conditioning_minus_plain_conditioning,completion_time,interaction,0.7200000000000024,10.559999999999999,-9.839999999999996
medium,narrow_gate,4,23,residual_conditioning_minus_plain_conditioning,min_distance,interaction,0.1049148440361023,0.15625207529572593,-0.05133723125962364
high,narrow_gate,4,23,residual_conditioning_minus_plain_conditioning,collision,interaction,0.0,0.0,0.0
high,narrow_gate,4,23,residual_conditioning_minus_plain_conditioning,safety_violation,interaction,0.0,1.0,-1.0
high,narrow_gate,4,23,residual_conditioning_minus_plain_conditioning,success,interaction,1.0,0.0,1.0
high,narrow_gate,4,23,residual_conditioning_minus_plain_conditioning,progress_ratio,interaction,0.03800812643021367,-0.004185400903225056,0.04219352733343873
high,narrow_gate,4,23,residual_conditioning_minus_plain_conditioning,final_goal_distance,interaction,-0.4001798778772354,0.0440672338008881,-0.44424711167812353
high,narrow_gate,4,23,residual_conditioning_minus_plain_conditioning,completion_time,interaction,-9.48,1.5599999999999987,-11.04
high,narrow_gate,4,23,residual_conditioning_minus_plain_conditioning,min_distance,interaction,-0.18134351605607935,-0.15208125114440918,-0.029262264911670166
clean,narrow_gate,8,23,residual_conditioning_minus_plain_conditioning,collision,interaction,0.0,0.0,0.0
clean,narrow_gate,8,23,residual_conditioning_minus_plain_conditioning,safety_violation,interaction,0.0,0.0,0.0
clean,narrow_gate,8,23,residual_conditioning_minus_plain_conditioning,success,interaction,0.0,0.0,0.0
clean,narrow_gate,8,23,residual_conditioning_minus_plain_conditioning,progress_ratio,interaction,-0.158713698387146,0.05270799994468689,-0.21142169833183289
clean,narrow_gate,8,23,residual_conditioning_minus_plain_conditioning,final_goal_distance,interaction,1.6572294235229492,-0.5503573417663574,2.2075867652893066
clean,narrow_gate,8,23,residual_conditioning_minus_plain_conditioning,completion_time,interaction,0.0,0.0,0.0
clean,narrow_gate,8,23,residual_conditioning_minus_plain_conditioning,min_distance,interaction,-0.08044683933258057,-0.0377887487411499,-0.042658090591430664
low,narrow_gate,8,23,residual_conditioning_minus_plain_conditioning,collision,interaction,0.0,0.0,0.0
low,narrow_gate,8,23,residual_conditioning_minus_plain_conditioning,safety_violation,interaction,0.0,0.0,0.0
low,narrow_gate,8,23,residual_conditioning_minus_plain_conditioning,success,interaction,0.0,0.0,0.0
low,narrow_gate,8,23,residual_conditioning_minus_plain_conditioning,progress_ratio,interaction,-0.09383473545312881,0.11905941367149353,-0.21289414912462234
low,narrow_gate,8,23,residual_conditioning_minus_plain_conditioning,final_goal_distance,interaction,0.9797874689102173,-1.2431743144989014,2.2229617834091187
low,narrow_gate,8,23,residual_conditioning_minus_plain_conditioning,completion_time,interaction,0.0,0.0,0.0
low,narrow_gate,8,23,residual_conditioning_minus_plain_conditioning,min_distance,interaction,0.03414654731750488,0.06737184524536133,-0.033225297927856445
medium,narrow_gate,8,23,residual_conditioning_minus_plain_conditioning,collision,interaction,0.0,0.0,0.0
medium,narrow_gate,8,23,residual_conditioning_minus_plain_conditioning,safety_violation,interaction,0.0,0.0,0.0
medium,narrow_gate,8,23,residual_conditioning_minus_plain_conditioning,success,interaction,0.0,0.0,0.0
medium,narrow_gate,8,23,residual_conditioning_minus_plain_conditioning,progress_ratio,interaction,0.0742303729057312,0.007646813988685608,0.0665835589170456
medium,narrow_gate,8,23,residual_conditioning_minus_plain_conditioning,final_goal_distance,interaction,-0.7750859260559082,-0.07984519004821777,-0.6952407360076904
medium,narrow_gate,8,23,residual_conditioning_minus_plain_conditioning,completion_time,interaction,0.0,0.0,0.0
medium,narrow_gate,8,23,residual_conditioning_minus_plain_conditioning,min_distance,interaction,-0.012084901332855225,-0.017778217792510986,0.005693316459655762
high,narrow_gate,8,23,residual_conditioning_minus_plain_conditioning,collision,interaction,0.0,0.0,0.0
high,narrow_gate,8,23,residual_conditioning_minus_plain_conditioning,safety_violation,interaction,0.0,0.0,0.0
high,narrow_gate,8,23,residual_conditioning_minus_plain_conditioning,success,interaction,0.0,0.0,0.0
high,narrow_gate,8,23,residual_conditioning_minus_plain_conditioning,progress_ratio,interaction,-0.06437024474143971,0.07622704654932022,-0.14059729129075993
high,narrow_gate,8,23,residual_conditioning_minus_plain_conditioning,final_goal_distance,interaction,0.6721301078796387,-0.7959345579147339,1.4680646657943726
high,narrow_gate,8,23,residual_conditioning_minus_plain_conditioning,completion_time,interaction,0.0,0.0,0.0
high,narrow_gate,8,23,residual_conditioning_minus_plain_conditioning,min_distance,interaction,-0.022236406803131104,0.02711617946624756,-0.04935258626937866
clean,merge_bottleneck,4,23,residual_conditioning_minus_plain_conditioning,collision,interaction,0.0,0.0,0.0
clean,merge_bottleneck,4,23,residual_conditioning_minus_plain_conditioning,safety_violation,interaction,0.0,0.0,0.0
clean,merge_bottleneck,4,23,residual_conditioning_minus_plain_conditioning,success,interaction,0.0,0.0,0.0
clean,merge_bottleneck,4,23,residual_conditioning_minus_plain_conditioning,progress_ratio,interaction,0.023057419806718826,0.014291826635599136,0.00876559317111969
clean,merge_bottleneck,4,23,residual_conditioning_minus_plain_conditioning,final_goal_distance,interaction,-0.2389492392539978,-0.14810943603515625,-0.09083980321884155
clean,merge_bottleneck,4,23,residual_conditioning_minus_plain_conditioning,completion_time,interaction,0.0,0.0,0.0
clean,merge_bottleneck,4,23,residual_conditioning_minus_plain_conditioning,min_distance,interaction,-0.08515752269402044,0.13121241331100464,-0.21636993600502508
low,merge_bottleneck,4,23,residual_conditioning_minus_plain_conditioning,collision,interaction,0.0,0.0,0.0
low,merge_bottleneck,4,23,residual_conditioning_minus_plain_conditioning,safety_violation,interaction,0.0,0.0,0.0
low,merge_bottleneck,4,23,residual_conditioning_minus_plain_conditioning,success,interaction,0.0,0.0,0.0
low,merge_bottleneck,4,23,residual_conditioning_minus_plain_conditioning,progress_ratio,interaction,0.024566739797592163,0.0032861940562723957,0.021280545741319767
low,merge_bottleneck,4,23,residual_conditioning_minus_plain_conditioning,final_goal_distance,interaction,-0.25459069013595587,-0.03405559062957764,-0.22053509950637823
low,merge_bottleneck,4,23,residual_conditioning_minus_plain_conditioning,completion_time,interaction,0.0,0.0,0.0
low,merge_bottleneck,4,23,residual_conditioning_minus_plain_conditioning,min_distance,interaction,-0.18230047941207883,0.049116523265838596,-0.23141700267791743
medium,merge_bottleneck,4,23,residual_conditioning_minus_plain_conditioning,collision,interaction,0.0,0.0,0.0
medium,merge_bottleneck,4,23,residual_conditioning_minus_plain_conditioning,safety_violation,interaction,0.0,0.0,0.0
medium,merge_bottleneck,4,23,residual_conditioning_minus_plain_conditioning,success,interaction,0.0,0.0,0.0
medium,merge_bottleneck,4,23,residual_conditioning_minus_plain_conditioning,progress_ratio,interaction,-0.0057822950184344135,-0.010600011795759201,0.0048177167773247875
medium,merge_bottleneck,4,23,residual_conditioning_minus_plain_conditioning,final_goal_distance,interaction,0.05992323160171509,0.10985034704208374,-0.04992711544036865
medium,merge_bottleneck,4,23,residual_conditioning_minus_plain_conditioning,completion_time,interaction,0.0,0.0,0.0
medium,merge_bottleneck,4,23,residual_conditioning_minus_plain_conditioning,min_distance,interaction,4.68420696591032e-05,-0.017752863168716493,0.017799705238375596
high,merge_bottleneck,4,23,residual_conditioning_minus_plain_conditioning,collision,interaction,0.0,0.0,0.0
high,merge_bottleneck,4,23,residual_conditioning_minus_plain_conditioning,safety_violation,interaction,0.0,0.0,0.0
high,merge_bottleneck,4,23,residual_conditioning_minus_plain_conditioning,success,interaction,0.0,0.0,0.0
high,merge_bottleneck,4,23,residual_conditioning_minus_plain_conditioning,progress_ratio,interaction,0.07356844097375859,0.046355023980140686,0.0272134169936179
high,merge_bottleneck,4,23,residual_conditioning_minus_plain_conditioning,final_goal_distance,interaction,-0.7624063491821287,-0.4803875684738159,-0.28201878070831277
high,merge_bottleneck,4,23,residual_conditioning_minus_plain_conditioning,completion_time,interaction,0.0,0.0,0.0
high,merge_bottleneck,4,23,residual_conditioning_minus_plain_conditioning,min_distance,interaction,-0.005310029983520481,0.13450481157873373,-0.1398148415622542
clean,merge_bottleneck,8,23,residual_conditioning_minus_plain_conditioning,collision,interaction,0.0,0.0,0.0
clean,merge_bottleneck,8,23,residual_conditioning_minus_plain_conditioning,safety_violation,interaction,-1.0,0.0,-1.0
clean,merge_bottleneck,8,23,residual_conditioning_minus_plain_conditioning,success,interaction,0.0,0.0,0.0
clean,merge_bottleneck,8,23,residual_conditioning_minus_plain_conditioning,progress_ratio,interaction,0.003767460584640503,-0.12020798027515411,0.12397544085979462
clean,merge_bottleneck,8,23,residual_conditioning_minus_plain_conditioning,final_goal_distance,interaction,-0.039013862609863725,1.2448141574859617,-1.2838280200958254
clean,merge_bottleneck,8,23,residual_conditioning_minus_plain_conditioning,completion_time,interaction,0.0,0.0,0.0
clean,merge_bottleneck,8,23,residual_conditioning_minus_plain_conditioning,min_distance,interaction,0.16278666257858276,0.013243615627288818,0.14954304695129395
low,merge_bottleneck,8,23,residual_conditioning_minus_plain_conditioning,collision,interaction,0.0,0.0,0.0
low,merge_bottleneck,8,23,residual_conditioning_minus_plain_conditioning,safety_violation,interaction,0.0,0.0,0.0
low,merge_bottleneck,8,23,residual_conditioning_minus_plain_conditioning,success,interaction,0.0,0.0,0.0
low,merge_bottleneck,8,23,residual_conditioning_minus_plain_conditioning,progress_ratio,interaction,-0.030955016613006592,0.002314656972885132,-0.033269673585891724
low,merge_bottleneck,8,23,residual_conditioning_minus_plain_conditioning,final_goal_distance,interaction,0.3205547332763672,-0.023969411849975586,0.3445241451263428
low,merge_bottleneck,8,23,residual_conditioning_minus_plain_conditioning,completion_time,interaction,0.0,0.0,0.0
low,merge_bottleneck,8,23,residual_conditioning_minus_plain_conditioning,min_distance,interaction,-0.1841915249824524,0.020466744899749756,-0.20465826988220215
medium,merge_bottleneck,8,23,residual_conditioning_minus_plain_conditioning,collision,interaction,0.0,-1.0,1.0
medium,merge_bottleneck,8,23,residual_conditioning_minus_plain_conditioning,safety_violation,interaction,0.0,-1.0,1.0
medium,merge_bottleneck,8,23,residual_conditioning_minus_plain_conditioning,success,interaction,0.0,0.0,0.0
medium,merge_bottleneck,8,23,residual_conditioning_minus_plain_conditioning,progress_ratio,interaction,0.006202012300491333,-0.012891948223114014,0.019093960523605347
medium,merge_bottleneck,8,23,residual_conditioning_minus_plain_conditioning,final_goal_distance,interaction,-0.0642249584197998,0.13350248336791992,-0.19772744178771973
medium,merge_bottleneck,8,23,residual_conditioning_minus_plain_conditioning,completion_time,interaction,0.0,0.0,0.0
medium,merge_bottleneck,8,23,residual_conditioning_minus_plain_conditioning,min_distance,interaction,-0.1212957501411438,0.18516904115676885,-0.30646479129791265
high,merge_bottleneck,8,23,residual_conditioning_minus_plain_conditioning,collision,interaction,0.0,0.0,0.0
high,merge_bottleneck,8,23,residual_conditioning_minus_plain_conditioning,safety_violation,interaction,1.0,-1.0,2.0
high,merge_bottleneck,8,23,residual_conditioning_minus_plain_conditioning,success,interaction,0.0,0.0,0.0
high,merge_bottleneck,8,23,residual_conditioning_minus_plain_conditioning,progress_ratio,interaction,-0.012312769889831543,0.010745406150817871,-0.023058176040649414
high,merge_bottleneck,8,23,residual_conditioning_minus_plain_conditioning,final_goal_distance,interaction,0.12750482559204102,-0.11127400398254395,0.23877882957458496
high,merge_bottleneck,8,23,residual_conditioning_minus_plain_conditioning,completion_time,interaction,0.0,0.0,0.0
high,merge_bottleneck,8,23,residual_conditioning_minus_plain_conditioning,min_distance,interaction,-0.2227003574371338,0.10309219360351562,-0.3257925510406494
clean,four_way_stop,4,23,residual_conditioning_minus_plain_conditioning,collision,interaction,0.0,0.0,0.0
clean,four_way_stop,4,23,residual_conditioning_minus_plain_conditioning,safety_violation,interaction,0.0,0.0,0.0
clean,four_way_stop,4,23,residual_conditioning_minus_plain_conditioning,success,interaction,0.0,0.0,0.0
clean,four_way_stop,4,23,residual_conditioning_minus_plain_conditioning,progress_ratio,interaction,-0.0012083044275640331,-0.002727195620536804,0.001518891192972771
clean,four_way_stop,4,23,residual_conditioning_minus_plain_conditioning,final_goal_distance,interaction,0.011608451604843112,0.026200786232948303,-0.014592334628105191
clean,four_way_stop,4,23,residual_conditioning_minus_plain_conditioning,completion_time,interaction,-0.120000000000001,-0.7200000000000006,0.5999999999999996
clean,four_way_stop,4,23,residual_conditioning_minus_plain_conditioning,min_distance,interaction,-0.0027906298637390137,-0.006777346134185791,0.003986716270446777
low,four_way_stop,4,23,residual_conditioning_minus_plain_conditioning,collision,interaction,0.0,0.0,0.0
low,four_way_stop,4,23,residual_conditioning_minus_plain_conditioning,safety_violation,interaction,0.0,0.0,0.0
low,four_way_stop,4,23,residual_conditioning_minus_plain_conditioning,success,interaction,0.0,0.0,0.0
low,four_way_stop,4,23,residual_conditioning_minus_plain_conditioning,progress_ratio,interaction,0.003951722756028286,-0.002235701307654381,0.006187424063682667
low,four_way_stop,4,23,residual_conditioning_minus_plain_conditioning,final_goal_distance,interaction,-0.03796510398387909,0.021478891372680706,-0.059443995356559795
low,four_way_stop,4,23,residual_conditioning_minus_plain_conditioning,completion_time,interaction,0.11999999999999922,-0.5999999999999996,0.7199999999999989
low,four_way_stop,4,23,residual_conditioning_minus_plain_conditioning,min_distance,interaction,-0.0033239126205444336,0.020344972610473633,-0.023668885231018066
medium,four_way_stop,4,23,residual_conditioning_minus_plain_conditioning,collision,interaction,0.0,0.0,0.0
medium,four_way_stop,4,23,residual_conditioning_minus_plain_conditioning,safety_violation,interaction,0.0,0.0,0.0
medium,four_way_stop,4,23,residual_conditioning_minus_plain_conditioning,success,interaction,0.0,0.0,0.0
medium,four_way_stop,4,23,residual_conditioning_minus_plain_conditioning,progress_ratio,interaction,0.0011134743690490723,0.0038784239441156387,-0.0027649495750665665
medium,four_way_stop,4,23,residual_conditioning_minus_plain_conditioning,final_goal_distance,interaction,-0.010697402060031891,-0.03726090490818029,0.0265635028481484
medium,four_way_stop,4,23,residual_conditioning_minus_plain_conditioning,completion_time,interaction,0.11999999999999922,0.0,0.11999999999999922
medium,four_way_stop,4,23,residual_conditioning_minus_plain_conditioning,min_distance,interaction,0.0173528790473938,0.035676777362823375,-0.018323898315429576
high,four_way_stop,4,23,residual_conditioning_minus_plain_conditioning,collision,interaction,0.0,0.0,0.0
high,four_way_stop,4,23,residual_conditioning_minus_plain_conditioning,safety_violation,interaction,0.0,0.0,0.0
high,four_way_stop,4,23,residual_conditioning_minus_plain_conditioning,success,interaction,0.0,0.0,0.0
high,four_way_stop,4,23,residual_conditioning_minus_plain_conditioning,progress_ratio,interaction,0.0004506446421146393,-0.0026349052786825977,0.003085549920797237
high,four_way_stop,4,23,residual_conditioning_minus_plain_conditioning,final_goal_distance,interaction,-0.004329450428485898,0.025314137339592008,-0.029643587768077906
high,four_way_stop,4,23,residual_conditioning_minus_plain_conditioning,completion_time,interaction,-0.11999999999999922,-0.7199999999999989,0.5999999999999996
high,four_way_stop,4,23,residual_conditioning_minus_plain_conditioning,min_distance,interaction,0.0,0.0,0.0
clean,four_way_stop,8,23,residual_conditioning_minus_plain_conditioning,collision,interaction,0.0,0.0,0.0
clean,four_way_stop,8,23,residual_conditioning_minus_plain_conditioning,safety_violation,interaction,0.0,0.0,0.0
clean,four_way_stop,8,23,residual_conditioning_minus_plain_conditioning,success,interaction,0.0,1.0,-1.0
clean,four_way_stop,8,23,residual_conditioning_minus_plain_conditioning,progress_ratio,interaction,0.003023650497198216,0.0048677269369363785,-0.0018440764397381626
clean,four_way_stop,8,23,residual_conditioning_minus_plain_conditioning,final_goal_distance,interaction,-0.0290084779262543,-0.046700268983840915,0.017691791057586614
clean,four_way_stop,8,23,residual_conditioning_minus_plain_conditioning,completion_time,interaction,-7.1999999999999975,-10.079999999999998,2.880000000000001
clean,four_way_stop,8,23,residual_conditioning_minus_plain_conditioning,min_distance,interaction,-0.056423187255859375,0.00814974308013916,-0.06457293033599854
low,four_way_stop,8,23,residual_conditioning_minus_plain_conditioning,collision,interaction,0.0,0.0,0.0
low,four_way_stop,8,23,residual_conditioning_minus_plain_conditioning,safety_violation,interaction,0.0,0.0,0.0
low,four_way_stop,8,23,residual_conditioning_minus_plain_conditioning,success,interaction,0.0,1.0,-1.0
low,four_way_stop,8,23,residual_conditioning_minus_plain_conditioning,progress_ratio,interaction,0.0007200539112092175,0.00457034818828117,-0.003850294277071953
low,four_way_stop,8,23,residual_conditioning_minus_plain_conditioning,final_goal_distance,interaction,-0.006908088922500583,-0.04384726285934451,0.03693917393684393
low,four_way_stop,8,23,residual_conditioning_minus_plain_conditioning,completion_time,interaction,2.4000000000000004,-5.16,7.5600000000000005
low,four_way_stop,8,23,residual_conditioning_minus_plain_conditioning,min_distance,interaction,-0.024356842041015625,0.056820809841156006,-0.08117765188217163
medium,four_way_stop,8,23,residual_conditioning_minus_plain_conditioning,collision,interaction,0.0,0.0,0.0
medium,four_way_stop,8,23,residual_conditioning_minus_plain_conditioning,safety_violation,interaction,0.0,0.0,0.0
medium,four_way_stop,8,23,residual_conditioning_minus_plain_conditioning,success,interaction,0.0,1.0,-1.0
medium,four_way_stop,8,23,residual_conditioning_minus_plain_conditioning,progress_ratio,interaction,0.00024032406508911475,0.010718991979956405,-0.01047866791486729
medium,four_way_stop,8,23,residual_conditioning_minus_plain_conditioning,final_goal_distance,interaction,-0.002305626869201688,-0.1028364896774292,0.10053086280822751
medium,four_way_stop,8,23,residual_conditioning_minus_plain_conditioning,completion_time,interaction,5.640000000000001,-5.759999999999998,11.399999999999999
medium,four_way_stop,8,23,residual_conditioning_minus_plain_conditioning,min_distance,interaction,0.06667184829711914,0.01516413688659668,0.05150771141052246
high,four_way_stop,8,23,residual_conditioning_minus_plain_conditioning,collision,interaction,0.0,0.0,0.0
high,four_way_stop,8,23,residual_conditioning_minus_plain_conditioning,safety_violation,interaction,0.0,0.0,0.0
high,four_way_stop,8,23,residual_conditioning_minus_plain_conditioning,success,interaction,0.0,0.0,0.0
high,four_way_stop,8,23,residual_conditioning_minus_plain_conditioning,progress_ratio,interaction,0.0039854273200036205,-0.0022362619638442993,0.00622168928384792
high,four_way_stop,8,23,residual_conditioning_minus_plain_conditioning,final_goal_distance,interaction,-0.038235634565353394,0.021454393863678006,-0.0596900284290314
high,four_way_stop,8,23,residual_conditioning_minus_plain_conditioning,completion_time,interaction,0.5999999999999979,4.920000000000002,-4.320000000000004
high,four_way_stop,8,23,residual_conditioning_minus_plain_conditioning,min_distance,interaction,-0.047228991985321045,0.057965874671936035,-0.10519486665725708
clean,corridor,4,24,residual_conditioning_minus_plain_conditioning,collision,interaction,0.0,0.0,0.0
clean,corridor,4,24,residual_conditioning_minus_plain_conditioning,safety_violation,interaction,0.0,0.0,0.0
clean,corridor,4,24,residual_conditioning_minus_plain_conditioning,success,interaction,0.0,0.0,0.0
clean,corridor,4,24,residual_conditioning_minus_plain_conditioning,progress_ratio,interaction,-0.000977138988673798,-0.004153821617364772,0.0031766826286909744
clean,corridor,4,24,residual_conditioning_minus_plain_conditioning,final_goal_distance,interaction,0.009972989559173612,0.04239523410797119,-0.03242224454879758
clean,corridor,4,24,residual_conditioning_minus_plain_conditioning,completion_time,interaction,0.3600000000000012,0.6000000000000014,-0.2400000000000002
clean,corridor,4,24,residual_conditioning_minus_plain_conditioning,min_distance,interaction,-0.033778607845306396,-0.0061911940574646,-0.027587413787841797
low,corridor,4,24,residual_conditioning_minus_plain_conditioning,collision,interaction,0.0,0.0,0.0
low,corridor,4,24,residual_conditioning_minus_plain_conditioning,safety_violation,interaction,0.0,0.0,0.0
low,corridor,4,24,residual_conditioning_minus_plain_conditioning,success,interaction,0.0,0.0,0.0
low,corridor,4,24,residual_conditioning_minus_plain_conditioning,progress_ratio,interaction,0.001191246323287376,0.00027221906930197104,0.000919027253985405
low,corridor,4,24,residual_conditioning_minus_plain_conditioning,final_goal_distance,interaction,-0.012158244848251315,-0.002778351306915283,-0.009379893541336032
low,corridor,4,24,residual_conditioning_minus_plain_conditioning,completion_time,interaction,0.11999999999999922,0.9599999999999991,-0.8399999999999999
low,corridor,4,24,residual_conditioning_minus_plain_conditioning,min_distance,interaction,0.005442798137664795,-0.0737200379371643,0.0791628360748291
medium,corridor,4,24,residual_conditioning_minus_plain_conditioning,collision,interaction,0.0,0.0,0.0
medium,corridor,4,24,residual_conditioning_minus_plain_conditioning,safety_violation,interaction,0.0,0.0,0.0
medium,corridor,4,24,residual_conditioning_minus_plain_conditioning,success,interaction,0.0,0.0,0.0
medium,corridor,4,24,residual_conditioning_minus_plain_conditioning,progress_ratio,interaction,-0.0023206965997816242,0.0005170479416848339,-0.002837744541466458
medium,corridor,4,24,residual_conditioning_minus_plain_conditioning,final_goal_distance,interaction,0.023685768246650696,-0.005277156829833984,0.02896292507648468
medium,corridor,4,24,residual_conditioning_minus_plain_conditioning,completion_time,interaction,0.120000000000001,-1.08,1.200000000000001
medium,corridor,4,24,residual_conditioning_minus_plain_conditioning,min_distance,interaction,-0.0012828707695007324,0.04845535755157471,-0.04973822832107544
high,corridor,4,24,residual_conditioning_minus_plain_conditioning,collision,interaction,0.0,0.0,0.0
high,corridor,4,24,residual_conditioning_minus_plain_conditioning,safety_violation,interaction,0.0,0.0,0.0
high,corridor,4,24,residual_conditioning_minus_plain_conditioning,success,interaction,0.0,0.0,0.0
high,corridor,4,24,residual_conditioning_minus_plain_conditioning,progress_ratio,interaction,-0.006505394354462624,0.0021415911614895977,-0.008646985515952221
high,corridor,4,24,residual_conditioning_minus_plain_conditioning,final_goal_distance,interaction,0.06639613211154939,-0.021857768297195407,0.0882539004087448
high,corridor,4,24,residual_conditioning_minus_plain_conditioning,completion_time,interaction,-0.11999999999999922,1.5600000000000005,-1.6799999999999997
high,corridor,4,24,residual_conditioning_minus_plain_conditioning,min_distance,interaction,-0.03888070583343506,0.0030921101570129395,-0.041972815990448
clean,corridor,8,24,residual_conditioning_minus_plain_conditioning,collision,interaction,0.0,0.0,0.0
clean,corridor,8,24,residual_conditioning_minus_plain_conditioning,safety_violation,interaction,0.0,0.0,0.0
clean,corridor,8,24,residual_conditioning_minus_plain_conditioning,success,interaction,0.0,0.0,0.0
clean,corridor,8,24,residual_conditioning_minus_plain_conditioning,progress_ratio,interaction,0.011012256145477184,0.003608793020248524,0.00740346312522866
clean,corridor,8,24,residual_conditioning_minus_plain_conditioning,final_goal_distance,interaction,-0.11138755083084106,-0.03650248050689697,-0.07488507032394409
clean,corridor,8,24,residual_conditioning_minus_plain_conditioning,completion_time,interaction,0.0,0.0,0.0
clean,corridor,8,24,residual_conditioning_minus_plain_conditioning,min_distance,interaction,0.0908282995223999,0.007763206958770752,0.08306509256362915
low,corridor,8,24,residual_conditioning_minus_plain_conditioning,collision,interaction,0.0,0.0,0.0
low,corridor,8,24,residual_conditioning_minus_plain_conditioning,safety_violation,interaction,0.0,0.0,0.0
low,corridor,8,24,residual_conditioning_minus_plain_conditioning,success,interaction,0.0,0.0,0.0
low,corridor,8,24,residual_conditioning_minus_plain_conditioning,progress_ratio,interaction,0.10448924452066433,0.0020269080996513367,0.10246233642101299
low,corridor,8,24,residual_conditioning_minus_plain_conditioning,final_goal_distance,interaction,-1.05689537525177,-0.02050197124481201,-1.036393404006958
low,corridor,8,24,residual_conditioning_minus_plain_conditioning,completion_time,interaction,0.0,0.0,0.0
low,corridor,8,24,residual_conditioning_minus_plain_conditioning,min_distance,interaction,0.04640352725982666,-0.016100645065307617,0.06250417232513428
medium,corridor,8,24,residual_conditioning_minus_plain_conditioning,collision,interaction,0.0,0.0,0.0
medium,corridor,8,24,residual_conditioning_minus_plain_conditioning,safety_violation,interaction,0.0,0.0,0.0
medium,corridor,8,24,residual_conditioning_minus_plain_conditioning,success,interaction,0.0,0.0,0.0
medium,corridor,8,24,residual_conditioning_minus_plain_conditioning,progress_ratio,interaction,0.013375066220760234,-0.023414626717567555,0.03678969293832779
medium,corridor,8,24,residual_conditioning_minus_plain_conditioning,final_goal_distance,interaction,-0.13528704643249512,0.2368360161781311,-0.3721230626106262
medium,corridor,8,24,residual_conditioning_minus_plain_conditioning,completion_time,interaction,0.0,0.0,0.0
medium,corridor,8,24,residual_conditioning_minus_plain_conditioning,min_distance,interaction,-0.032777607440948486,-0.12778031826019287,0.09500271081924438
high,corridor,8,24,residual_conditioning_minus_plain_conditioning,collision,interaction,0.0,0.0,0.0
high,corridor,8,24,residual_conditioning_minus_plain_conditioning,safety_violation,interaction,0.0,0.0,0.0
high,corridor,8,24,residual_conditioning_minus_plain_conditioning,success,interaction,0.0,0.0,0.0
high,corridor,8,24,residual_conditioning_minus_plain_conditioning,progress_ratio,interaction,-0.01104457676410675,0.026741601526737213,-0.037786178290843964
high,corridor,8,24,residual_conditioning_minus_plain_conditioning,final_goal_distance,interaction,0.11171448230743408,-0.27048784494400013,0.3822023272514342
high,corridor,8,24,residual_conditioning_minus_plain_conditioning,completion_time,interaction,0.0,0.0,0.0
high,corridor,8,24,residual_conditioning_minus_plain_conditioning,min_distance,interaction,-0.007117509841918945,0.02705979347229004,-0.034177303314208984
clean,narrow_gate,4,24,residual_conditioning_minus_plain_conditioning,collision,interaction,0.0,0.0,0.0
clean,narrow_gate,4,24,residual_conditioning_minus_plain_conditioning,safety_violation,interaction,0.0,0.0,0.0
clean,narrow_gate,4,24,residual_conditioning_minus_plain_conditioning,success,interaction,0.0,-1.0,1.0
clean,narrow_gate,4,24,residual_conditioning_minus_plain_conditioning,progress_ratio,interaction,-0.11816500127315521,-0.34494144655764114,0.22677644528448593
clean,narrow_gate,4,24,residual_conditioning_minus_plain_conditioning,final_goal_distance,interaction,1.2544870376586914,3.6620369106531143,-2.407549872994423
clean,narrow_gate,4,24,residual_conditioning_minus_plain_conditioning,completion_time,interaction,0.0,2.639999999999997,-2.639999999999997
clean,narrow_gate,4,24,residual_conditioning_minus_plain_conditioning,min_distance,interaction,0.0,0.0,0.0
low,narrow_gate,4,24,residual_conditioning_minus_plain_conditioning,collision,interaction,0.0,0.0,0.0
low,narrow_gate,4,24,residual_conditioning_minus_plain_conditioning,safety_violation,interaction,0.0,0.0,0.0
low,narrow_gate,4,24,residual_conditioning_minus_plain_conditioning,success,interaction,0.0,0.0,0.0
low,narrow_gate,4,24,residual_conditioning_minus_plain_conditioning,progress_ratio,interaction,0.0022933930158615112,0.13896918296813965,-0.13667578995227814
low,narrow_gate,4,24,residual_conditioning_minus_plain_conditioning,final_goal_distance,interaction,-0.024347662925720215,-1.4753527641296387,1.4510051012039185
low,narrow_gate,4,24,residual_conditioning_minus_plain_conditioning,completion_time,interaction,0.0,0.0,0.0
low,narrow_gate,4,24,residual_conditioning_minus_plain_conditioning,min_distance,interaction,0.0,0.0,0.0
medium,narrow_gate,4,24,residual_conditioning_minus_plain_conditioning,collision,interaction,0.0,0.0,0.0
medium,narrow_gate,4,24,residual_conditioning_minus_plain_conditioning,safety_violation,interaction,0.0,0.0,0.0
medium,narrow_gate,4,24,residual_conditioning_minus_plain_conditioning,success,interaction,0.0,0.0,0.0
medium,narrow_gate,4,24,residual_conditioning_minus_plain_conditioning,progress_ratio,interaction,0.005772602744400501,0.00797310471534729,-0.002200501970946789
medium,narrow_gate,4,24,residual_conditioning_minus_plain_conditioning,final_goal_distance,interaction,-0.0612842738628388,-0.08464562892913818,0.023361355066299383
medium,narrow_gate,4,24,residual_conditioning_minus_plain_conditioning,completion_time,interaction,3.4800000000000004,0.0,3.4800000000000004
medium,narrow_gate,4,24,residual_conditioning_minus_plain_conditioning,min_distance,interaction,-0.14437049627304077,0.0,-0.14437049627304077
high,narrow_gate,4,24,residual_conditioning_minus_plain_conditioning,collision,interaction,0.0,0.0,0.0
high,narrow_gate,4,24,residual_conditioning_minus_plain_conditioning,safety_violation,interaction,0.0,0.0,0.0
high,narrow_gate,4,24,residual_conditioning_minus_plain_conditioning,success,interaction,0.0,0.0,0.0
high,narrow_gate,4,24,residual_conditioning_minus_plain_conditioning,progress_ratio,interaction,0.0024749906733632088,-0.0007811980322003365,0.0032561887055635452
high,narrow_gate,4,24,residual_conditioning_minus_plain_conditioning,final_goal_distance,interaction,-0.026275493204593686,0.008293516933918,-0.034569010138511685
high,narrow_gate,4,24,residual_conditioning_minus_plain_conditioning,completion_time,interaction,3.960000000000001,1.8000000000000007,2.16
high,narrow_gate,4,24,residual_conditioning_minus_plain_conditioning,min_distance,interaction,0.0,0.10571259260177612,-0.10571259260177612
clean,narrow_gate,8,24,residual_conditioning_minus_plain_conditioning,collision,interaction,0.0,0.0,0.0
clean,narrow_gate,8,24,residual_conditioning_minus_plain_conditioning,safety_violation,interaction,0.0,0.0,0.0
clean,narrow_gate,8,24,residual_conditioning_minus_plain_conditioning,success,interaction,0.0,0.0,0.0
clean,narrow_gate,8,24,residual_conditioning_minus_plain_conditioning,progress_ratio,interaction,0.20512507855892181,0.06970992684364308,0.13541515171527874
clean,narrow_gate,8,24,residual_conditioning_minus_plain_conditioning,final_goal_distance,interaction,-2.132194757461548,-0.7246073484420776,-1.4075874090194702
clean,narrow_gate,8,24,residual_conditioning_minus_plain_conditioning,completion_time,interaction,0.0,0.0,0.0
clean,narrow_gate,8,24,residual_conditioning_minus_plain_conditioning,min_distance,interaction,-0.06623727083206177,0.030475854873657227,-0.096713125705719
low,narrow_gate,8,24,residual_conditioning_minus_plain_conditioning,collision,interaction,0.0,0.0,0.0
low,narrow_gate,8,24,residual_conditioning_minus_plain_conditioning,safety_violation,interaction,0.0,0.0,0.0
low,narrow_gate,8,24,residual_conditioning_minus_plain_conditioning,success,interaction,0.0,0.0,0.0
low,narrow_gate,8,24,residual_conditioning_minus_plain_conditioning,progress_ratio,interaction,-0.08476948738098145,0.011130601167678833,-0.09590008854866028
low,narrow_gate,8,24,residual_conditioning_minus_plain_conditioning,final_goal_distance,interaction,0.8811454772949219,-0.11569821834564209,0.996843695640564
low,narrow_gate,8,24,residual_conditioning_minus_plain_conditioning,completion_time,interaction,0.0,0.0,0.0
low,narrow_gate,8,24,residual_conditioning_minus_plain_conditioning,min_distance,interaction,-0.015051960945129395,0.03325915336608887,-0.04831111431121826
medium,narrow_gate,8,24,residual_conditioning_minus_plain_conditioning,collision,interaction,0.0,0.0,0.0
medium,narrow_gate,8,24,residual_conditioning_minus_plain_conditioning,safety_violation,interaction,0.0,0.0,0.0
medium,narrow_gate,8,24,residual_conditioning_minus_plain_conditioning,success,interaction,0.0,0.0,0.0
medium,narrow_gate,8,24,residual_conditioning_minus_plain_conditioning,progress_ratio,interaction,0.034404829144477844,0.1464141383767128,-0.11200930923223495
medium,narrow_gate,8,24,residual_conditioning_minus_plain_conditioning,final_goal_distance,interaction,-0.3576246500015259,-1.521917462348938,1.164292812347412
medium,narrow_gate,8,24,residual_conditioning_minus_plain_conditioning,completion_time,interaction,0.0,0.0,0.0
medium,narrow_gate,8,24,residual_conditioning_minus_plain_conditioning,min_distance,interaction,-0.07353496551513672,0.08918696641921997,-0.1627219319343567
high,narrow_gate,8,24,residual_conditioning_minus_plain_conditioning,collision,interaction,0.0,0.0,0.0
high,narrow_gate,8,24,residual_conditioning_minus_plain_conditioning,safety_violation,interaction,0.0,0.0,0.0
high,narrow_gate,8,24,residual_conditioning_minus_plain_conditioning,success,interaction,0.0,0.0,0.0
high,narrow_gate,8,24,residual_conditioning_minus_plain_conditioning,progress_ratio,interaction,0.06798994541168213,-0.03972931206226349,0.10771925747394562
high,narrow_gate,8,24,residual_conditioning_minus_plain_conditioning,final_goal_distance,interaction,-0.7067289352416992,0.4129706621170044,-1.1196995973587036
high,narrow_gate,8,24,residual_conditioning_minus_plain_conditioning,completion_time,interaction,0.0,0.0,0.0
high,narrow_gate,8,24,residual_conditioning_minus_plain_conditioning,min_distance,interaction,-0.03736317157745361,-0.046033501625061035,0.008670330047607422
clean,merge_bottleneck,4,24,residual_conditioning_minus_plain_conditioning,collision,interaction,0.0,0.0,0.0
clean,merge_bottleneck,4,24,residual_conditioning_minus_plain_conditioning,safety_violation,interaction,0.0,0.0,0.0
clean,merge_bottleneck,4,24,residual_conditioning_minus_plain_conditioning,success,interaction,0.0,0.0,0.0
clean,merge_bottleneck,4,24,residual_conditioning_minus_plain_conditioning,progress_ratio,interaction,0.025139711797237396,-0.01726962998509418,0.04240934178233158
clean,merge_bottleneck,4,24,residual_conditioning_minus_plain_conditioning,final_goal_distance,interaction,-0.2610101997852326,0.17930001020431519,-0.4403102099895478
clean,merge_bottleneck,4,24,residual_conditioning_minus_plain_conditioning,completion_time,interaction,0.0,0.0,0.0
clean,merge_bottleneck,4,24,residual_conditioning_minus_plain_conditioning,min_distance,interaction,-0.16629859924316404,0.14910251253142526,-0.3154011117745893
low,merge_bottleneck,4,24,residual_conditioning_minus_plain_conditioning,collision,interaction,0.0,0.0,0.0
low,merge_bottleneck,4,24,residual_conditioning_minus_plain_conditioning,safety_violation,interaction,0.0,0.0,0.0
low,merge_bottleneck,4,24,residual_conditioning_minus_plain_conditioning,success,interaction,0.0,0.0,0.0
low,merge_bottleneck,4,24,residual_conditioning_minus_plain_conditioning,progress_ratio,interaction,-0.0130682513117788,-0.037414081394672394,0.024345830082893594
low,merge_bottleneck,4,24,residual_conditioning_minus_plain_conditioning,final_goal_distance,interaction,0.13567966222763062,0.38844752311706543,-0.2527678608894348
low,merge_bottleneck,4,24,residual_conditioning_minus_plain_conditioning,completion_time,interaction,0.0,0.0,0.0
low,merge_bottleneck,4,24,residual_conditioning_minus_plain_conditioning,min_distance,interaction,-2.718248444444349e-06,0.07190132141113281,-0.07190403965957726
medium,merge_bottleneck,4,24,residual_conditioning_minus_plain_conditioning,collision,interaction,0.0,0.0,0.0
medium,merge_bottleneck,4,24,residual_conditioning_minus_plain_conditioning,safety_violation,interaction,0.0,0.0,0.0
medium,merge_bottleneck,4,24,residual_conditioning_minus_plain_conditioning,success,interaction,0.0,0.0,0.0
medium,merge_bottleneck,4,24,residual_conditioning_minus_plain_conditioning,progress_ratio,interaction,0.015307217836380005,-0.009994477033615223,0.025301694869995228
medium,merge_bottleneck,4,24,residual_conditioning_minus_plain_conditioning,final_goal_distance,interaction,-0.15892553329467773,0.10376650094985962,-0.26269203424453735
medium,merge_bottleneck,4,24,residual_conditioning_minus_plain_conditioning,completion_time,interaction,0.0,0.0,0.0
medium,merge_bottleneck,4,24,residual_conditioning_minus_plain_conditioning,min_distance,interaction,-1.1196397929458257e-05,0.2555201053619385,-0.25553130175986793
high,merge_bottleneck,4,24,residual_conditioning_minus_plain_conditioning,collision,interaction,0.0,0.0,0.0
high,merge_bottleneck,4,24,residual_conditioning_minus_plain_conditioning,safety_violation,interaction,0.0,0.0,0.0
high,merge_bottleneck,4,24,residual_conditioning_minus_plain_conditioning,success,interaction,0.0,0.0,0.0
high,merge_bottleneck,4,24,residual_conditioning_minus_plain_conditioning,progress_ratio,interaction,-0.0029891207814217724,0.009158678352832794,-0.012147799134254567
high,merge_bottleneck,4,24,residual_conditioning_minus_plain_conditioning,final_goal_distance,interaction,0.03103417158126831,-0.09508895874023438,0.12612313032150269
high,merge_bottleneck,4,24,residual_conditioning_minus_plain_conditioning,completion_time,interaction,0.0,0.0,0.0
high,merge_bottleneck,4,24,residual_conditioning_minus_plain_conditioning,min_distance,interaction,3.229975700369536e-05,-0.1475245612820555,0.14755686103905918
clean,merge_bottleneck,8,24,residual_conditioning_minus_plain_conditioning,collision,interaction,0.0,0.0,0.0
clean,merge_bottleneck,8,24,residual_conditioning_minus_plain_conditioning,safety_violation,interaction,0.0,0.0,0.0
clean,merge_bottleneck,8,24,residual_conditioning_minus_plain_conditioning,success,interaction,0.0,0.0,0.0
clean,merge_bottleneck,8,24,residual_conditioning_minus_plain_conditioning,progress_ratio,interaction,-0.0035657286643981934,-0.007390022277832031,0.003824293613433838
clean,merge_bottleneck,8,24,residual_conditioning_minus_plain_conditioning,final_goal_distance,interaction,0.036911964416503906,0.07650041580200195,-0.03958845138549805
clean,merge_bottleneck,8,24,residual_conditioning_minus_plain_conditioning,completion_time,interaction,0.0,0.0,0.0
clean,merge_bottleneck,8,24,residual_conditioning_minus_plain_conditioning,min_distance,interaction,-0.1304556131362915,-0.03101128339767456,-0.09944432973861694
low,merge_bottleneck,8,24,residual_conditioning_minus_plain_conditioning,collision,interaction,0.0,0.0,0.0
low,merge_bottleneck,8,24,residual_conditioning_minus_plain_conditioning,safety_violation,interaction,1.0,0.0,1.0
low,merge_bottleneck,8,24,residual_conditioning_minus_plain_conditioning,success,interaction,0.0,0.0,0.0
low,merge_bottleneck,8,24,residual_conditioning_minus_plain_conditioning,progress_ratio,interaction,0.08288997411727905,0.004817500710487366,0.07807247340679169
low,merge_bottleneck,8,24,residual_conditioning_minus_plain_conditioning,final_goal_distance,interaction,-0.8580641746520996,-0.04987001419067427,-0.8081941604614253
low,merge_bottleneck,8,24,residual_conditioning_minus_plain_conditioning,completion_time,interaction,0.0,0.0,0.0
low,merge_bottleneck,8,24,residual_conditioning_minus_plain_conditioning,min_distance,interaction,-0.17589855194091802,-0.07803899049758911,-0.09785956144332891
medium,merge_bottleneck,8,24,residual_conditioning_minus_plain_conditioning,collision,interaction,0.0,0.0,0.0
medium,merge_bottleneck,8,24,residual_conditioning_minus_plain_conditioning,safety_violation,interaction,0.0,0.0,0.0
medium,merge_bottleneck,8,24,residual_conditioning_minus_plain_conditioning,success,interaction,0.0,0.0,0.0
medium,merge_bottleneck,8,24,residual_conditioning_minus_plain_conditioning,progress_ratio,interaction,-0.03917393088340759,-0.07601544260978699,0.036841511726379395
medium,merge_bottleneck,8,24,residual_conditioning_minus_plain_conditioning,final_goal_distance,interaction,0.40552258491516113,0.7869002819061279,-0.3813776969909668
medium,merge_bottleneck,8,24,residual_conditioning_minus_plain_conditioning,completion_time,interaction,0.0,0.0,0.0
medium,merge_bottleneck,8,24,residual_conditioning_minus_plain_conditioning,min_distance,interaction,-0.016344189643859863,0.0067810714244843084,-0.02312526106834417
high,merge_bottleneck,8,24,residual_conditioning_minus_plain_conditioning,collision,interaction,0.0,0.0,0.0
high,merge_bottleneck,8,24,residual_conditioning_minus_plain_conditioning,safety_violation,interaction,0.0,0.0,0.0
high,merge_bottleneck,8,24,residual_conditioning_minus_plain_conditioning,success,interaction,0.0,0.0,0.0
high,merge_bottleneck,8,24,residual_conditioning_minus_plain_conditioning,progress_ratio,interaction,-0.011557579040527344,-0.05213944613933563,0.04058186709880829
high,merge_bottleneck,8,24,residual_conditioning_minus_plain_conditioning,final_goal_distance,interaction,0.11964225769042969,0.5397396087646484,-0.42009735107421875
high,merge_bottleneck,8,24,residual_conditioning_minus_plain_conditioning,completion_time,interaction,0.0,0.0,0.0
high,merge_bottleneck,8,24,residual_conditioning_minus_plain_conditioning,min_distance,interaction,-0.06862068176269531,0.05855745077133179,-0.1271781325340271
clean,four_way_stop,4,24,residual_conditioning_minus_plain_conditioning,collision,interaction,0.0,0.0,0.0
clean,four_way_stop,4,24,residual_conditioning_minus_plain_conditioning,safety_violation,interaction,0.0,0.0,0.0
clean,four_way_stop,4,24,residual_conditioning_minus_plain_conditioning,success,interaction,0.0,0.0,0.0
clean,four_way_stop,4,24,residual_conditioning_minus_plain_conditioning,progress_ratio,interaction,-0.0025868508964775883,-0.0013839062303305782,-0.00120294466614701
clean,four_way_stop,4,24,residual_conditioning_minus_plain_conditioning,final_goal_distance,interaction,0.024878546595573495,0.01330944895744321,0.011569097638130285
clean,four_way_stop,4,24,residual_conditioning_minus_plain_conditioning,completion_time,interaction,0.5999999999999996,-1.1999999999999993,1.799999999999999
clean,four_way_stop,4,24,residual_conditioning_minus_plain_conditioning,min_distance,interaction,0.06042039394378662,0.04095113277435303,0.019469261169433594
low,four_way_stop,4,24,residual_conditioning_minus_plain_conditioning,collision,interaction,0.0,0.0,0.0
low,four_way_stop,4,24,residual_conditioning_minus_plain_conditioning,safety_violation,interaction,0.0,0.0,0.0
low,four_way_stop,4,24,residual_conditioning_minus_plain_conditioning,success,interaction,0.0,0.0,0.0
low,four_way_stop,4,24,residual_conditioning_minus_plain_conditioning,progress_ratio,interaction,0.010903514921665192,0.0012866919860243797,0.009616822935640812
low,four_way_stop,4,24,residual_conditioning_minus_plain_conditioning,final_goal_distance,interaction,-0.1048624515533447,-0.012374520301818903,-0.0924879312515258
low,four_way_stop,4,24,residual_conditioning_minus_plain_conditioning,completion_time,interaction,0.4800000000000004,-0.35999999999999943,0.8399999999999999
low,four_way_stop,4,24,residual_conditioning_minus_plain_conditioning,min_distance,interaction,-0.015444636344909668,0.15908527374267578,-0.17452991008758545
medium,four_way_stop,4,24,residual_conditioning_minus_plain_conditioning,collision,interaction,0.0,0.0,0.0
medium,four_way_stop,4,24,residual_conditioning_minus_plain_conditioning,safety_violation,interaction,0.0,0.0,0.0
medium,four_way_stop,4,24,residual_conditioning_minus_plain_conditioning,success,interaction,0.0,0.0,0.0
medium,four_way_stop,4,24,residual_conditioning_minus_plain_conditioning,progress_ratio,interaction,0.0002961037680504486,-0.004074587486684433,0.004370691254734882
medium,four_way_stop,4,24,residual_conditioning_minus_plain_conditioning,final_goal_distance,interaction,-0.0028477236628532965,0.039186567068099906,-0.0420342907309532
medium,four_way_stop,4,24,residual_conditioning_minus_plain_conditioning,completion_time,interaction,-0.2400000000000002,-1.200000000000001,0.9600000000000009
medium,four_way_stop,4,24,residual_conditioning_minus_plain_conditioning,min_distance,interaction,-0.0013328790664672852,-0.027906179428100586,0.0265733003616333
high,four_way_stop,4,24,residual_conditioning_minus_plain_conditioning,collision,interaction,0.0,0.0,0.0
high,four_way_stop,4,24,residual_conditioning_minus_plain_conditioning,safety_violation,interaction,0.0,0.0,0.0
high,four_way_stop,4,24,residual_conditioning_minus_plain_conditioning,success,interaction,0.0,0.0,0.0
high,four_way_stop,4,24,residual_conditioning_minus_plain_conditioning,progress_ratio,interaction,-0.0004654461517930031,0.005900963209569454,-0.006366409361362457
high,four_way_stop,4,24,residual_conditioning_minus_plain_conditioning,final_goal_distance,interaction,0.004476338624954196,-0.056751385331153884,0.06122772395610808
high,four_way_stop,4,24,residual_conditioning_minus_plain_conditioning,completion_time,interaction,0.0,0.2400000000000002,-0.2400000000000002
high,four_way_stop,4,24,residual_conditioning_minus_plain_conditioning,min_distance,interaction,-0.01736372709274292,-2.86102294921875e-05,-0.017335116863250732
clean,four_way_stop,8,24,residual_conditioning_minus_plain_conditioning,collision,interaction,0.0,0.0,0.0
clean,four_way_stop,8,24,residual_conditioning_minus_plain_conditioning,safety_violation,interaction,0.0,0.0,0.0
clean,four_way_stop,8,24,residual_conditioning_minus_plain_conditioning,success,interaction,1.0,1.0,0.0
clean,four_way_stop,8,24,residual_conditioning_minus_plain_conditioning,progress_ratio,interaction,0.006370164453983418,0.013394633308053017,-0.007024468854069599
clean,four_way_stop,8,24,residual_conditioning_minus_plain_conditioning,final_goal_distance,interaction,-0.06104294955730441,-0.12835584580898282,0.06731289625167841
clean,four_way_stop,8,24,residual_conditioning_minus_plain_conditioning,completion_time,interaction,-10.079999999999998,-8.52,-1.5599999999999987
clean,four_way_stop,8,24,residual_conditioning_minus_plain_conditioning,min_distance,interaction,0.01261979341506958,0.06223779916763306,-0.04961800575256348
low,four_way_stop,8,24,residual_conditioning_minus_plain_conditioning,collision,interaction,0.0,0.0,0.0
low,four_way_stop,8,24,residual_conditioning_minus_plain_conditioning,safety_violation,interaction,0.0,0.0,0.0
low,four_way_stop,8,24,residual_conditioning_minus_plain_conditioning,success,interaction,0.0,1.0,-1.0
low,four_way_stop,8,24,residual_conditioning_minus_plain_conditioning,progress_ratio,interaction,0.0009404905140399933,0.011305207386612892,-0.010364716872572899
low,four_way_stop,8,24,residual_conditioning_minus_plain_conditioning,final_goal_distance,interaction,-0.009012386202812195,-0.10833364725112918,0.09932126104831698
low,four_way_stop,8,24,residual_conditioning_minus_plain_conditioning,completion_time,interaction,-9.0,-1.6799999999999997,-7.32
low,four_way_stop,8,24,residual_conditioning_minus_plain_conditioning,min_distance,interaction,0.04360014200210571,-0.0171891450881958,0.060789287090301514
medium,four_way_stop,8,24,residual_conditioning_minus_plain_conditioning,collision,interaction,0.0,0.0,0.0
medium,four_way_stop,8,24,residual_conditioning_minus_plain_conditioning,safety_violation,interaction,0.0,0.0,0.0
medium,four_way_stop,8,24,residual_conditioning_minus_plain_conditioning,success,interaction,0.0,1.0,-1.0
medium,four_way_stop,8,24,residual_conditioning_minus_plain_conditioning,progress_ratio,interaction,-0.0019533000886440277,0.0060528647154568516,-0.00800616480410088
medium,four_way_stop,8,24,residual_conditioning_minus_plain_conditioning,final_goal_distance,interaction,0.018717750906944303,-0.058002367615699685,0.07672011852264399
medium,four_way_stop,8,24,residual_conditioning_minus_plain_conditioning,completion_time,interaction,-2.7600000000000016,-11.28,8.519999999999998
medium,four_way_stop,8,24,residual_conditioning_minus_plain_conditioning,min_distance,interaction,-0.017593085765838623,0.0030304789543151855,-0.02062356472015381
high,four_way_stop,8,24,residual_conditioning_minus_plain_conditioning,collision,interaction,0.0,0.0,0.0
high,four_way_stop,8,24,residual_conditioning_minus_plain_conditioning,safety_violation,interaction,0.0,0.0,0.0
high,four_way_stop,8,24,residual_conditioning_minus_plain_conditioning,success,interaction,0.0,1.0,-1.0
high,four_way_stop,8,24,residual_conditioning_minus_plain_conditioning,progress_ratio,interaction,0.0027335118502377354,0.001235308125615009,0.0014982037246227264
high,four_way_stop,8,24,residual_conditioning_minus_plain_conditioning,final_goal_distance,interaction,-0.02619422972202301,-0.0118374973535538,-0.01435673236846921
high,four_way_stop,8,24,residual_conditioning_minus_plain_conditioning,completion_time,interaction,2.5199999999999996,-12.719999999999999,15.239999999999998
high,four_way_stop,8,24,residual_conditioning_minus_plain_conditioning,min_distance,interaction,0.0812298059463501,-0.09883540868759155,0.18006521463394165
clean,corridor,4,25,residual_conditioning_minus_plain_conditioning,collision,interaction,0.0,0.0,0.0
clean,corridor,4,25,residual_conditioning_minus_plain_conditioning,safety_violation,interaction,0.0,0.0,0.0
clean,corridor,4,25,residual_conditioning_minus_plain_conditioning,success,interaction,0.0,0.0,0.0
clean,corridor,4,25,residual_conditioning_minus_plain_conditioning,progress_ratio,interaction,0.00016828626394282953,-0.007737592794000991,0.007905879057943821
clean,corridor,4,25,residual_conditioning_minus_plain_conditioning,final_goal_distance,interaction,-0.0017180740833282887,0.0789947584271431,-0.08071283251047139
clean,corridor,4,25,residual_conditioning_minus_plain_conditioning,completion_time,interaction,0.35999999999999943,-2.3999999999999986,2.759999999999998
clean,corridor,4,25,residual_conditioning_minus_plain_conditioning,min_distance,interaction,-0.04795569181442261,0.029101133346557617,-0.07705682516098022
low,corridor,4,25,residual_conditioning_minus_plain_conditioning,collision,interaction,0.0,0.0,0.0
low,corridor,4,25,residual_conditioning_minus_plain_conditioning,safety_violation,interaction,0.0,0.0,0.0
low,corridor,4,25,residual_conditioning_minus_plain_conditioning,success,interaction,0.0,0.0,0.0
low,corridor,4,25,residual_conditioning_minus_plain_conditioning,progress_ratio,interaction,0.0037068380042912796,-0.002453690394759178,0.006160528399050458
low,corridor,4,25,residual_conditioning_minus_plain_conditioning,final_goal_distance,interaction,-0.0378439128398895,0.025050252676010104,-0.0628941655158996
low,corridor,4,25,residual_conditioning_minus_plain_conditioning,completion_time,interaction,0.9599999999999991,-1.08,2.039999999999999
low,corridor,4,25,residual_conditioning_minus_plain_conditioning,min_distance,interaction,0.015796303749084473,0.019809305667877197,-0.004013001918792725
medium,corridor,4,25,residual_conditioning_minus_plain_conditioning,collision,interaction,0.0,0.0,0.0
medium,corridor,4,25,residual_conditioning_minus_plain_conditioning,safety_violation,interaction,0.0,-1.0,1.0
medium,corridor,4,25,residual_conditioning_minus_plain_conditioning,success,interaction,0.0,0.0,0.0
medium,corridor,4,25,residual_conditioning_minus_plain_conditioning,progress_ratio,interaction,0.0013530692085623741,-0.006318422034382931,0.007671491242945305
medium,corridor,4,25,residual_conditioning_minus_plain_conditioning,final_goal_distance,interaction,-0.013813778758049011,0.0645061209797859,-0.07831989973783492
medium,corridor,4,25,residual_conditioning_minus_plain_conditioning,completion_time,interaction,0.5999999999999996,-2.2799999999999994,2.879999999999999
medium,corridor,4,25,residual_conditioning_minus_plain_conditioning,min_distance,interaction,0.004124701023101807,0.17888766527175903,-0.17476296424865723
high,corridor,4,25,residual_conditioning_minus_plain_conditioning,collision,interaction,0.0,0.0,0.0
high,corridor,4,25,residual_conditioning_minus_plain_conditioning,safety_violation,interaction,0.0,0.0,0.0
high,corridor,4,25,residual_conditioning_minus_plain_conditioning,success,interaction,0.0,0.0,0.0
high,corridor,4,25,residual_conditioning_minus_plain_conditioning,progress_ratio,interaction,0.007841075770556816,-0.0003882190212608494,0.008229294791817665
high,corridor,4,25,residual_conditioning_minus_plain_conditioning,final_goal_distance,interaction,-0.08005122840404509,0.0039634108543396,-0.08401463925838469
high,corridor,4,25,residual_conditioning_minus_plain_conditioning,completion_time,interaction,0.5999999999999996,0.2400000000000002,0.35999999999999943
high,corridor,4,25,residual_conditioning_minus_plain_conditioning,min_distance,interaction,-0.012651622295379639,-0.054566144943237305,0.041914522647857666
clean,corridor,8,25,residual_conditioning_minus_plain_conditioning,collision,interaction,0.0,0.0,0.0
clean,corridor,8,25,residual_conditioning_minus_plain_conditioning,safety_violation,interaction,0.0,0.0,0.0
clean,corridor,8,25,residual_conditioning_minus_plain_conditioning,success,interaction,0.0,0.0,0.0
clean,corridor,8,25,residual_conditioning_minus_plain_conditioning,progress_ratio,interaction,-0.010518133640289418,0.008375726640224457,-0.018893860280513874
clean,corridor,8,25,residual_conditioning_minus_plain_conditioning,final_goal_distance,interaction,0.10650545358657837,-0.0848117470741272,0.19131720066070557
clean,corridor,8,25,residual_conditioning_minus_plain_conditioning,completion_time,interaction,0.0,0.0,0.0
clean,corridor,8,25,residual_conditioning_minus_plain_conditioning,min_distance,interaction,-0.019681274890899658,-0.06053823232650757,0.04085695743560791
low,corridor,8,25,residual_conditioning_minus_plain_conditioning,collision,interaction,0.0,0.0,0.0
low,corridor,8,25,residual_conditioning_minus_plain_conditioning,safety_violation,interaction,0.0,0.0,0.0
low,corridor,8,25,residual_conditioning_minus_plain_conditioning,success,interaction,0.0,0.0,0.0
low,corridor,8,25,residual_conditioning_minus_plain_conditioning,progress_ratio,interaction,0.01146300882101059,-0.0024700984358786426,0.013933107256889232
low,corridor,8,25,residual_conditioning_minus_plain_conditioning,final_goal_distance,interaction,-0.11607325077056885,0.025011956691741943,-0.1410852074623108
low,corridor,8,25,residual_conditioning_minus_plain_conditioning,completion_time,interaction,0.0,0.0,0.0
low,corridor,8,25,residual_conditioning_minus_plain_conditioning,min_distance,interaction,0.09474813938140869,-0.0008363127708435059,0.0955844521522522
medium,corridor,8,25,residual_conditioning_minus_plain_conditioning,collision,interaction,0.0,0.0,0.0
medium,corridor,8,25,residual_conditioning_minus_plain_conditioning,safety_violation,interaction,0.0,0.0,0.0
medium,corridor,8,25,residual_conditioning_minus_plain_conditioning,success,interaction,0.0,0.0,0.0
medium,corridor,8,25,residual_conditioning_minus_plain_conditioning,progress_ratio,interaction,-0.009215075522661209,0.007165692746639252,-0.01638076826930046
medium,corridor,8,25,residual_conditioning_minus_plain_conditioning,final_goal_distance,interaction,0.0933108925819397,-0.07255899906158447,0.16586989164352417
medium,corridor,8,25,residual_conditioning_minus_plain_conditioning,completion_time,interaction,0.0,0.0,0.0
medium,corridor,8,25,residual_conditioning_minus_plain_conditioning,min_distance,interaction,-0.006254971027374268,0.024921417236328125,-0.031176388263702393
high,corridor,8,25,residual_conditioning_minus_plain_conditioning,collision,interaction,0.0,0.0,0.0
high,corridor,8,25,residual_conditioning_minus_plain_conditioning,safety_violation,interaction,0.0,0.0,0.0
high,corridor,8,25,residual_conditioning_minus_plain_conditioning,success,interaction,0.0,0.0,0.0
high,corridor,8,25,residual_conditioning_minus_plain_conditioning,progress_ratio,interaction,-0.008443981409072765,-0.0012557581067086376,-0.007188223302364127
high,corridor,8,25,residual_conditioning_minus_plain_conditioning,final_goal_distance,interaction,0.08550280332565308,0.012715697288513184,0.07278710603713989
high,corridor,8,25,residual_conditioning_minus_plain_conditioning,completion_time,interaction,0.0,0.0,0.0
high,corridor,8,25,residual_conditioning_minus_plain_conditioning,min_distance,interaction,0.05855482816696167,-0.11093473434448242,0.1694895625114441
clean,narrow_gate,4,25,residual_conditioning_minus_plain_conditioning,collision,interaction,0.0,0.0,0.0
clean,narrow_gate,4,25,residual_conditioning_minus_plain_conditioning,safety_violation,interaction,0.0,0.0,0.0
clean,narrow_gate,4,25,residual_conditioning_minus_plain_conditioning,success,interaction,0.0,0.0,0.0
clean,narrow_gate,4,25,residual_conditioning_minus_plain_conditioning,progress_ratio,interaction,-0.004021301865577698,-0.0019977688789367676,-0.00202353298664093
clean,narrow_gate,4,25,residual_conditioning_minus_plain_conditioning,final_goal_distance,interaction,0.042446255683898926,0.021087169647216797,0.02135908603668213
clean,narrow_gate,4,25,residual_conditioning_minus_plain_conditioning,completion_time,interaction,0.0,0.0,0.0
clean,narrow_gate,4,25,residual_conditioning_minus_plain_conditioning,min_distance,interaction,0.008922370140949432,-0.008922205519023896,0.017844575659973327
low,narrow_gate,4,25,residual_conditioning_minus_plain_conditioning,collision,interaction,0.0,0.0,0.0
low,narrow_gate,4,25,residual_conditioning_minus_plain_conditioning,safety_violation,interaction,0.0,0.0,0.0
low,narrow_gate,4,25,residual_conditioning_minus_plain_conditioning,success,interaction,-1.0,1.0,-2.0
low,narrow_gate,4,25,residual_conditioning_minus_plain_conditioning,progress_ratio,interaction,-0.3425740757957101,0.3394107287749648,-0.6819848045706749
low,narrow_gate,4,25,residual_conditioning_minus_plain_conditioning,final_goal_distance,interaction,3.6159842163324356,-3.5825939550995827,7.198578171432018
low,narrow_gate,4,25,residual_conditioning_minus_plain_conditioning,completion_time,interaction,0.7199999999999989,-2.759999999999998,3.479999999999997
low,narrow_gate,4,25,residual_conditioning_minus_plain_conditioning,min_distance,interaction,-0.007138121150457755,-0.0003684507210678367,-0.006769670429389918
medium,narrow_gate,4,25,residual_conditioning_minus_plain_conditioning,collision,interaction,0.0,0.0,0.0
medium,narrow_gate,4,25,residual_conditioning_minus_plain_conditioning,safety_violation,interaction,0.0,0.0,0.0
medium,narrow_gate,4,25,residual_conditioning_minus_plain_conditioning,success,interaction,0.0,-1.0,1.0
medium,narrow_gate,4,25,residual_conditioning_minus_plain_conditioning,progress_ratio,interaction,-0.000529855489730835,-0.11647922731935989,0.11594937182962906
medium,narrow_gate,4,25,residual_conditioning_minus_plain_conditioning,final_goal_distance,interaction,0.00559279322624201,1.2294773310422897,-1.2238845378160477
medium,narrow_gate,4,25,residual_conditioning_minus_plain_conditioning,completion_time,interaction,-5.880000000000003,2.879999999999999,-8.760000000000002
medium,narrow_gate,4,25,residual_conditioning_minus_plain_conditioning,min_distance,interaction,-0.054503667662482935,0.09092319011688232,-0.14542685777936526
high,narrow_gate,4,25,residual_conditioning_minus_plain_conditioning,collision,interaction,0.0,0.0,0.0
high,narrow_gate,4,25,residual_conditioning_minus_plain_conditioning,safety_violation,interaction,0.0,0.0,0.0
high,narrow_gate,4,25,residual_conditioning_minus_plain_conditioning,success,interaction,-1.0,0.0,-1.0
high,narrow_gate,4,25,residual_conditioning_minus_plain_conditioning,progress_ratio,interaction,-0.15395318809896696,0.0024049757048488773,-0.15635816380381584
high,narrow_gate,4,25,residual_conditioning_minus_plain_conditioning,final_goal_distance,interaction,1.6250274777412415,-0.025385320186615004,1.6504127979278564
high,narrow_gate,4,25,residual_conditioning_minus_plain_conditioning,completion_time,interaction,4.199999999999999,12.12,-7.92
high,narrow_gate,4,25,residual_conditioning_minus_plain_conditioning,min_distance,interaction,-0.014880307457766806,0.150986909866333,-0.1658672173240998
clean,narrow_gate,8,25,residual_conditioning_minus_plain_conditioning,collision,interaction,0.0,0.0,0.0
clean,narrow_gate,8,25,residual_conditioning_minus_plain_conditioning,safety_violation,interaction,0.0,0.0,0.0
clean,narrow_gate,8,25,residual_conditioning_minus_plain_conditioning,success,interaction,0.0,0.0,0.0
clean,narrow_gate,8,25,residual_conditioning_minus_plain_conditioning,progress_ratio,interaction,-0.09510038793087006,0.16436433792114258,-0.25946472585201263
clean,narrow_gate,8,25,residual_conditioning_minus_plain_conditioning,final_goal_distance,interaction,0.9891240596771247,-1.7095277309417725,2.6986517906188974
clean,narrow_gate,8,25,residual_conditioning_minus_plain_conditioning,completion_time,interaction,0.0,0.0,0.0
clean,narrow_gate,8,25,residual_conditioning_minus_plain_conditioning,min_distance,interaction,0.15801053549952426,0.009217798709869385,0.14879273678965488
low,narrow_gate,8,25,residual_conditioning_minus_plain_conditioning,collision,interaction,0.0,0.0,0.0
low,narrow_gate,8,25,residual_conditioning_minus_plain_conditioning,safety_violation,interaction,0.0,0.0,0.0
low,narrow_gate,8,25,residual_conditioning_minus_plain_conditioning,success,interaction,0.0,0.0,0.0
low,narrow_gate,8,25,residual_conditioning_minus_plain_conditioning,progress_ratio,interaction,0.04812343418598164,0.056009113788604736,-0.007885679602623097
low,narrow_gate,8,25,residual_conditioning_minus_plain_conditioning,final_goal_distance,interaction,-0.5005242824554443,-0.5825419425964355,0.08201766014099121
low,narrow_gate,8,25,residual_conditioning_minus_plain_conditioning,completion_time,interaction,0.0,0.0,0.0
low,narrow_gate,8,25,residual_conditioning_minus_plain_conditioning,min_distance,interaction,-0.011070966720581055,-0.057025134563446045,0.04595416784286499
medium,narrow_gate,8,25,residual_conditioning_minus_plain_conditioning,collision,interaction,0.0,0.0,0.0
medium,narrow_gate,8,25,residual_conditioning_minus_plain_conditioning,safety_violation,interaction,0.0,0.0,0.0
medium,narrow_gate,8,25,residual_conditioning_minus_plain_conditioning,success,interaction,0.0,0.0,0.0
medium,narrow_gate,8,25,residual_conditioning_minus_plain_conditioning,progress_ratio,interaction,-0.08531084656715382,0.17190785706043232,-0.25721870362758614
medium,narrow_gate,8,25,residual_conditioning_minus_plain_conditioning,final_goal_distance,interaction,0.8873046040534973,-1.7879866361618042,2.6752912402153015
medium,narrow_gate,8,25,residual_conditioning_minus_plain_conditioning,completion_time,interaction,0.0,0.0,0.0
medium,narrow_gate,8,25,residual_conditioning_minus_plain_conditioning,min_distance,interaction,0.13056927919387817,-0.06570810079574585,0.19627737998962402
high,narrow_gate,8,25,residual_conditioning_minus_plain_conditioning,collision,interaction,0.0,0.0,0.0
high,narrow_gate,8,25,residual_conditioning_minus_plain_conditioning,safety_violation,interaction,0.0,0.0,0.0
high,narrow_gate,8,25,residual_conditioning_minus_plain_conditioning,success,interaction,0.0,0.0,0.0
high,narrow_gate,8,25,residual_conditioning_minus_plain_conditioning,progress_ratio,interaction,0.11155968904495239,-0.023571275174617767,0.13513096421957016
high,narrow_gate,8,25,residual_conditioning_minus_plain_conditioning,final_goal_distance,interaction,-1.1603147983551025,0.24516117572784424,-1.4054759740829468
high,narrow_gate,8,25,residual_conditioning_minus_plain_conditioning,completion_time,interaction,0.0,0.0,0.0
high,narrow_gate,8,25,residual_conditioning_minus_plain_conditioning,min_distance,interaction,-0.08445125818252563,0.019921183586120605,-0.10437244176864624
clean,merge_bottleneck,4,25,residual_conditioning_minus_plain_conditioning,collision,interaction,0.0,0.0,0.0
clean,merge_bottleneck,4,25,residual_conditioning_minus_plain_conditioning,safety_violation,interaction,0.0,0.0,0.0
clean,merge_bottleneck,4,25,residual_conditioning_minus_plain_conditioning,success,interaction,0.0,0.0,0.0
clean,merge_bottleneck,4,25,residual_conditioning_minus_plain_conditioning,progress_ratio,interaction,-0.003683514893054962,-0.048458732664585114,0.04477521777153015
clean,merge_bottleneck,4,25,residual_conditioning_minus_plain_conditioning,final_goal_distance,interaction,0.038149893283843994,0.5018838047981262,-0.4637339115142822
clean,merge_bottleneck,4,25,residual_conditioning_minus_plain_conditioning,completion_time,interaction,0.0,0.0,0.0
clean,merge_bottleneck,4,25,residual_conditioning_minus_plain_conditioning,min_distance,interaction,-0.044143855571746826,0.031027019023895264,-0.07517087459564209
low,merge_bottleneck,4,25,residual_conditioning_minus_plain_conditioning,collision,interaction,0.0,0.0,0.0
low,merge_bottleneck,4,25,residual_conditioning_minus_plain_conditioning,safety_violation,interaction,0.0,0.0,0.0
low,merge_bottleneck,4,25,residual_conditioning_minus_plain_conditioning,success,interaction,0.0,0.0,0.0
low,merge_bottleneck,4,25,residual_conditioning_minus_plain_conditioning,progress_ratio,interaction,0.012896299362182395,0.0036300085484983757,0.00926629081368402
low,merge_bottleneck,4,25,residual_conditioning_minus_plain_conditioning,final_goal_distance,interaction,-0.1335661113262177,-0.03759574890136719,-0.09597036242485052
low,merge_bottleneck,4,25,residual_conditioning_minus_plain_conditioning,completion_time,interaction,0.0,0.0,0.0
low,merge_bottleneck,4,25,residual_conditioning_minus_plain_conditioning,min_distance,interaction,-9.732334598999692e-06,-0.14508122205734253,0.14507148972274353
medium,merge_bottleneck,4,25,residual_conditioning_minus_plain_conditioning,collision,interaction,0.0,0.0,0.0
medium,merge_bottleneck,4,25,residual_conditioning_minus_plain_conditioning,safety_violation,interaction,0.0,0.0,0.0
medium,merge_bottleneck,4,25,residual_conditioning_minus_plain_conditioning,success,interaction,0.0,0.0,0.0
medium,merge_bottleneck,4,25,residual_conditioning_minus_plain_conditioning,progress_ratio,interaction,0.030417844653129578,0.02246128022670757,0.007956564426422008
medium,merge_bottleneck,4,25,residual_conditioning_minus_plain_conditioning,final_goal_distance,interaction,-0.31503552198410034,-0.2326299548149109,-0.08240556716918945
medium,merge_bottleneck,4,25,residual_conditioning_minus_plain_conditioning,completion_time,interaction,0.0,0.0,0.0
medium,merge_bottleneck,4,25,residual_conditioning_minus_plain_conditioning,min_distance,interaction,-0.1847473096847534,-0.2757894110679626,0.09104210138320923
high,merge_bottleneck,4,25,residual_conditioning_minus_plain_conditioning,collision,interaction,0.0,0.0,0.0
high,merge_bottleneck,4,25,residual_conditioning_minus_plain_conditioning,safety_violation,interaction,0.0,0.0,0.0
high,merge_bottleneck,4,25,residual_conditioning_minus_plain_conditioning,success,interaction,0.0,0.0,0.0
high,merge_bottleneck,4,25,residual_conditioning_minus_plain_conditioning,progress_ratio,interaction,0.047002993524074554,-0.007701206952333672,0.05470420047640823
high,merge_bottleneck,4,25,residual_conditioning_minus_plain_conditioning,final_goal_distance,interaction,-0.48680680990219116,0.07976090908050537,-0.5665677189826965
high,merge_bottleneck,4,25,residual_conditioning_minus_plain_conditioning,completion_time,interaction,0.0,0.0,0.0
high,merge_bottleneck,4,25,residual_conditioning_minus_plain_conditioning,min_distance,interaction,-0.009745955991880662,0.09801653146743772,-0.10776248745931838
clean,merge_bottleneck,8,25,residual_conditioning_minus_plain_conditioning,collision,interaction,0.0,0.0,0.0
clean,merge_bottleneck,8,25,residual_conditioning_minus_plain_conditioning,safety_violation,interaction,1.0,-1.0,2.0
clean,merge_bottleneck,8,25,residual_conditioning_minus_plain_conditioning,success,interaction,0.0,0.0,0.0
clean,merge_bottleneck,8,25,residual_conditioning_minus_plain_conditioning,progress_ratio,interaction,0.07158727943897247,-0.057338595390319824,0.1289258748292923
clean,merge_bottleneck,8,25,residual_conditioning_minus_plain_conditioning,final_goal_distance,interaction,-0.741985559463501,0.5943012237548828,-1.3362867832183838
clean,merge_bottleneck,8,25,residual_conditioning_minus_plain_conditioning,completion_time,interaction,0.0,0.0,0.0
clean,merge_bottleneck,8,25,residual_conditioning_minus_plain_conditioning,min_distance,interaction,-0.041879892349243164,0.13487082719802856,-0.17675071954727173
low,merge_bottleneck,8,25,residual_conditioning_minus_plain_conditioning,collision,interaction,0.0,0.0,0.0
low,merge_bottleneck,8,25,residual_conditioning_minus_plain_conditioning,safety_violation,interaction,0.0,-1.0,1.0
low,merge_bottleneck,8,25,residual_conditioning_minus_plain_conditioning,success,interaction,0.0,0.0,0.0
low,merge_bottleneck,8,25,residual_conditioning_minus_plain_conditioning,progress_ratio,interaction,-0.015873640775680542,-0.12585343420505524,0.1099797934293747
low,merge_bottleneck,8,25,residual_conditioning_minus_plain_conditioning,final_goal_distance,interaction,0.16452670097351074,1.3044413328170776,-1.139914631843567
low,merge_bottleneck,8,25,residual_conditioning_minus_plain_conditioning,completion_time,interaction,0.0,0.0,0.0
low,merge_bottleneck,8,25,residual_conditioning_minus_plain_conditioning,min_distance,interaction,0.0008012652397155762,0.10486423969268799,-0.10406297445297241
medium,merge_bottleneck,8,25,residual_conditioning_minus_plain_conditioning,collision,interaction,0.0,1.0,-1.0
medium,merge_bottleneck,8,25,residual_conditioning_minus_plain_conditioning,safety_violation,interaction,0.0,1.0,-1.0
medium,merge_bottleneck,8,25,residual_conditioning_minus_plain_conditioning,success,interaction,0.0,0.0,0.0
medium,merge_bottleneck,8,25,residual_conditioning_minus_plain_conditioning,progress_ratio,interaction,0.009661853313446045,-0.03412635624408722,0.043788209557533264
medium,merge_bottleneck,8,25,residual_conditioning_minus_plain_conditioning,final_goal_distance,interaction,-0.1001429557800293,0.35371160507202193,-0.4538545608520512
medium,merge_bottleneck,8,25,residual_conditioning_minus_plain_conditioning,completion_time,interaction,0.0,0.0,0.0
medium,merge_bottleneck,8,25,residual_conditioning_minus_plain_conditioning,min_distance,interaction,0.0156632661819458,-0.2577062547206879,0.2733695209026337
high,merge_bottleneck,8,25,residual_conditioning_minus_plain_conditioning,collision,interaction,0.0,0.0,0.0
high,merge_bottleneck,8,25,residual_conditioning_minus_plain_conditioning,safety_violation,interaction,1.0,-1.0,2.0
high,merge_bottleneck,8,25,residual_conditioning_minus_plain_conditioning,success,interaction,0.0,0.0,0.0
high,merge_bottleneck,8,25,residual_conditioning_minus_plain_conditioning,progress_ratio,interaction,0.0007018148899078369,0.009264558553695679,-0.008562743663787842
high,merge_bottleneck,8,25,residual_conditioning_minus_plain_conditioning,final_goal_distance,interaction,-0.007274150848389116,-0.09602499008178711,0.088750839233398
high,merge_bottleneck,8,25,residual_conditioning_minus_plain_conditioning,completion_time,interaction,0.0,0.0,0.0
high,merge_bottleneck,8,25,residual_conditioning_minus_plain_conditioning,min_distance,interaction,-0.17372119426727295,0.17758166790008545,-0.3513028621673584
clean,four_way_stop,4,25,residual_conditioning_minus_plain_conditioning,collision,interaction,0.0,0.0,0.0
clean,four_way_stop,4,25,residual_conditioning_minus_plain_conditioning,safety_violation,interaction,0.0,0.0,0.0
clean,four_way_stop,4,25,residual_conditioning_minus_plain_conditioning,success,interaction,0.0,0.0,0.0
clean,four_way_stop,4,25,residual_conditioning_minus_plain_conditioning,progress_ratio,interaction,0.004866580478847027,-0.002091742120683193,0.00695832259953022
clean,four_way_stop,4,25,residual_conditioning_minus_plain_conditioning,final_goal_distance,interaction,-0.0466820746660232,0.020064778625965105,-0.0667468532919883
clean,four_way_stop,4,25,residual_conditioning_minus_plain_conditioning,completion_time,interaction,0.120000000000001,-0.11999999999999922,0.2400000000000002
clean,four_way_stop,4,25,residual_conditioning_minus_plain_conditioning,min_distance,interaction,0.09780746698379528,0.000491797924041637,0.09731566905975364
low,four_way_stop,4,25,residual_conditioning_minus_plain_conditioning,collision,interaction,0.0,0.0,0.0
low,four_way_stop,4,25,residual_conditioning_minus_plain_conditioning,safety_violation,interaction,0.0,0.0,0.0
low,four_way_stop,4,25,residual_conditioning_minus_plain_conditioning,success,interaction,0.0,0.0,0.0
low,four_way_stop,4,25,residual_conditioning_minus_plain_conditioning,progress_ratio,interaction,0.00046064518392074927,0.009914437308907509,-0.00945379212498676
low,four_way_stop,4,25,residual_conditioning_minus_plain_conditioning,final_goal_distance,interaction,-0.00441868603229531,-0.09510303288698199,0.09068434685468668
low,four_way_stop,4,25,residual_conditioning_minus_plain_conditioning,completion_time,interaction,0.8399999999999999,0.8399999999999999,0.0
low,four_way_stop,4,25,residual_conditioning_minus_plain_conditioning,min_distance,interaction,-0.05260872840881348,-0.05025792121887207,-0.0023508071899414062
medium,four_way_stop,4,25,residual_conditioning_minus_plain_conditioning,collision,interaction,0.0,0.0,0.0
medium,four_way_stop,4,25,residual_conditioning_minus_plain_conditioning,safety_violation,interaction,0.0,0.0,0.0
medium,four_way_stop,4,25,residual_conditioning_minus_plain_conditioning,success,interaction,0.0,0.0,0.0
medium,four_way_stop,4,25,residual_conditioning_minus_plain_conditioning,progress_ratio,interaction,0.000625215470790752,-0.0016250917688012123,0.0022503072395919643
medium,four_way_stop,4,25,residual_conditioning_minus_plain_conditioning,final_goal_distance,interaction,-0.005997300148010198,0.015588499605655698,-0.021585799753665896
medium,four_way_stop,4,25,residual_conditioning_minus_plain_conditioning,completion_time,interaction,0.11999999999999922,0.11999999999999922,0.0
medium,four_way_stop,4,25,residual_conditioning_minus_plain_conditioning,min_distance,interaction,0.0008351802825927734,-0.021348118782043457,0.02218329906463623
high,four_way_stop,4,25,residual_conditioning_minus_plain_conditioning,collision,interaction,0.0,0.0,0.0
high,four_way_stop,4,25,residual_conditioning_minus_plain_conditioning,safety_violation,interaction,0.0,0.0,0.0
high,four_way_stop,4,25,residual_conditioning_minus_plain_conditioning,success,interaction,0.0,0.0,0.0
high,four_way_stop,4,25,residual_conditioning_minus_plain_conditioning,progress_ratio,interaction,-0.004334369674325211,-0.002222164534032456,-0.0021122051402927555
high,four_way_stop,4,25,residual_conditioning_minus_plain_conditioning,final_goal_distance,interaction,0.04157692193984991,0.021315842866897597,0.020261079072952312
high,four_way_stop,4,25,residual_conditioning_minus_plain_conditioning,completion_time,interaction,0.35999999999999943,-0.4800000000000004,0.8399999999999999
high,four_way_stop,4,25,residual_conditioning_minus_plain_conditioning,min_distance,interaction,-0.053228020668029785,0.022329390048980713,-0.0755574107170105
clean,four_way_stop,8,25,residual_conditioning_minus_plain_conditioning,collision,interaction,0.0,0.0,0.0
clean,four_way_stop,8,25,residual_conditioning_minus_plain_conditioning,safety_violation,interaction,0.0,0.0,0.0
clean,four_way_stop,8,25,residual_conditioning_minus_plain_conditioning,success,interaction,0.0,1.0,-1.0
clean,four_way_stop,8,25,residual_conditioning_minus_plain_conditioning,progress_ratio,interaction,-0.00046255066990852356,0.009834425523877033,-0.010296976193785556
clean,four_way_stop,8,25,residual_conditioning_minus_plain_conditioning,final_goal_distance,interaction,0.004430130124092102,-0.09419035911560059,0.09862048923969269
clean,four_way_stop,8,25,residual_conditioning_minus_plain_conditioning,completion_time,interaction,4.199999999999999,-11.759999999999998,15.959999999999997
clean,four_way_stop,8,25,residual_conditioning_minus_plain_conditioning,min_distance,interaction,0.02708876132965088,-0.008950471878051758,0.03603923320770264
low,four_way_stop,8,25,residual_conditioning_minus_plain_conditioning,collision,interaction,0.0,0.0,0.0
low,four_way_stop,8,25,residual_conditioning_minus_plain_conditioning,safety_violation,interaction,0.0,0.0,0.0
low,four_way_stop,8,25,residual_conditioning_minus_plain_conditioning,success,interaction,0.0,1.0,-1.0
low,four_way_stop,8,25,residual_conditioning_minus_plain_conditioning,progress_ratio,interaction,-0.003583444282412418,0.006438395008444786,-0.010021839290857204
low,four_way_stop,8,25,residual_conditioning_minus_plain_conditioning,final_goal_distance,interaction,0.034320861101150596,-0.06166449189186099,0.09598535299301159
low,four_way_stop,8,25,residual_conditioning_minus_plain_conditioning,completion_time,interaction,0.0,-8.52,8.52
low,four_way_stop,8,25,residual_conditioning_minus_plain_conditioning,min_distance,interaction,-0.018377184867858887,0.06913095712661743,-0.08750814199447632
medium,four_way_stop,8,25,residual_conditioning_minus_plain_conditioning,collision,interaction,0.0,0.0,0.0
medium,four_way_stop,8,25,residual_conditioning_minus_plain_conditioning,safety_violation,interaction,0.0,0.0,0.0
medium,four_way_stop,8,25,residual_conditioning_minus_plain_conditioning,success,interaction,0.0,1.0,-1.0
medium,four_way_stop,8,25,residual_conditioning_minus_plain_conditioning,progress_ratio,interaction,0.0024778861552475773,0.0034888368099927902,-0.001010950654745213
medium,four_way_stop,8,25,residual_conditioning_minus_plain_conditioning,final_goal_distance,interaction,-0.023732244968414307,-0.033414751291275024,0.009682506322860718
medium,four_way_stop,8,25,residual_conditioning_minus_plain_conditioning,completion_time,interaction,-2.6400000000000006,-11.04,8.399999999999999
medium,four_way_stop,8,25,residual_conditioning_minus_plain_conditioning,min_distance,interaction,-0.008938014507293701,0.08407735824584961,-0.09301537275314331
high,four_way_stop,8,25,residual_conditioning_minus_plain_conditioning,collision,interaction,0.0,0.0,0.0
high,four_way_stop,8,25,residual_conditioning_minus_plain_conditioning,safety_violation,interaction,0.0,0.0,0.0
high,four_way_stop,8,25,residual_conditioning_minus_plain_conditioning,success,interaction,0.0,1.0,-1.0
high,four_way_stop,8,25,residual_conditioning_minus_plain_conditioning,progress_ratio,interaction,0.00215552467852842,0.005752723664045556,-0.003597198985517136
high,four_way_stop,8,25,residual_conditioning_minus_plain_conditioning,final_goal_distance,interaction,-0.020644798874855097,-0.05509740114212039,0.03445260226726529
high,four_way_stop,8,25,residual_conditioning_minus_plain_conditioning,completion_time,interaction,0.240000000000002,-6.239999999999998,6.48
high,four_way_stop,8,25,residual_conditioning_minus_plain_conditioning,min_distance,interaction,-0.09522926807403564,0.018561720848083496,-0.11379098892211914
clean,corridor,4,26,residual_conditioning_minus_plain_conditioning,collision,interaction,0.0,0.0,0.0
clean,corridor,4,26,residual_conditioning_minus_plain_conditioning,safety_violation,interaction,0.0,0.0,0.0
clean,corridor,4,26,residual_conditioning_minus_plain_conditioning,success,interaction,0.0,0.0,0.0
clean,corridor,4,26,residual_conditioning_minus_plain_conditioning,progress_ratio,interaction,0.0019791852682827793,0.0034836502745748676,-0.0015044650062920883
clean,corridor,4,26,residual_conditioning_minus_plain_conditioning,final_goal_distance,interaction,-0.020198427140712696,-0.0355521366000176,0.015353709459304907
clean,corridor,4,26,residual_conditioning_minus_plain_conditioning,completion_time,interaction,-0.2400000000000002,1.5600000000000005,-1.8000000000000007
clean,corridor,4,26,residual_conditioning_minus_plain_conditioning,min_distance,interaction,0.0016774535179138184,-0.07298791408538818,0.074665367603302
low,corridor,4,26,residual_conditioning_minus_plain_conditioning,collision,interaction,0.0,0.0,0.0
low,corridor,4,26,residual_conditioning_minus_plain_conditioning,safety_violation,interaction,0.0,0.0,0.0
low,corridor,4,26,residual_conditioning_minus_plain_conditioning,success,interaction,0.0,0.0,0.0
low,corridor,4,26,residual_conditioning_minus_plain_conditioning,progress_ratio,interaction,-0.0002924082800745964,0.0005136057734488331,-0.0008060140535234295
low,corridor,4,26,residual_conditioning_minus_plain_conditioning,final_goal_distance,interaction,0.002984151244163513,-0.005241572856903118,0.008225724101066631
low,corridor,4,26,residual_conditioning_minus_plain_conditioning,completion_time,interaction,1.5599999999999987,1.3200000000000003,0.23999999999999844
low,corridor,4,26,residual_conditioning_minus_plain_conditioning,min_distance,interaction,0.027763962745666504,-0.08450531959533691,0.11226928234100342
medium,corridor,4,26,residual_conditioning_minus_plain_conditioning,collision,interaction,0.0,0.0,0.0
medium,corridor,4,26,residual_conditioning_minus_plain_conditioning,safety_violation,interaction,0.0,0.0,0.0
medium,corridor,4,26,residual_conditioning_minus_plain_conditioning,success,interaction,0.0,0.0,0.0
medium,corridor,4,26,residual_conditioning_minus_plain_conditioning,progress_ratio,interaction,0.008556697517633327,0.0034095831215383843,0.005147114396094943
medium,corridor,4,26,residual_conditioning_minus_plain_conditioning,final_goal_distance,interaction,-0.087324745953083,-0.03479624539613729,-0.052528500556945704
medium,corridor,4,26,residual_conditioning_minus_plain_conditioning,completion_time,interaction,1.3200000000000003,0.5999999999999996,0.7200000000000006
medium,corridor,4,26,residual_conditioning_minus_plain_conditioning,min_distance,interaction,0.029828965663909912,-0.2003593230247498,0.2301882886886597
high,corridor,4,26,residual_conditioning_minus_plain_conditioning,collision,interaction,0.0,0.0,0.0
high,corridor,4,26,residual_conditioning_minus_plain_conditioning,safety_violation,interaction,0.0,0.0,0.0
high,corridor,4,26,residual_conditioning_minus_plain_conditioning,success,interaction,0.0,0.0,0.0
high,corridor,4,26,residual_conditioning_minus_plain_conditioning,progress_ratio,interaction,0.00015129521489143372,-0.00017802603542804718,0.0003293212503194809
high,corridor,4,26,residual_conditioning_minus_plain_conditioning,final_goal_distance,interaction,-0.0015440285205841064,0.001816838979721097,-0.0033608675003052035
high,corridor,4,26,residual_conditioning_minus_plain_conditioning,completion_time,interaction,-0.23999999999999844,-0.5999999999999996,0.3600000000000012
high,corridor,4,26,residual_conditioning_minus_plain_conditioning,min_distance,interaction,-0.041864991188049316,0.03289860486984253,-0.07476359605789185
clean,corridor,8,26,residual_conditioning_minus_plain_conditioning,collision,interaction,0.0,0.0,0.0
clean,corridor,8,26,residual_conditioning_minus_plain_conditioning,safety_violation,interaction,0.0,0.0,0.0
clean,corridor,8,26,residual_conditioning_minus_plain_conditioning,success,interaction,0.0,0.0,0.0
clean,corridor,8,26,residual_conditioning_minus_plain_conditioning,progress_ratio,interaction,0.004549801349640004,-0.010871149599552155,0.015420950949192158
clean,corridor,8,26,residual_conditioning_minus_plain_conditioning,final_goal_distance,interaction,-0.04604661464691162,0.11002236604690552,-0.15606898069381714
clean,corridor,8,26,residual_conditioning_minus_plain_conditioning,completion_time,interaction,0.0,0.0,0.0
clean,corridor,8,26,residual_conditioning_minus_plain_conditioning,min_distance,interaction,0.033265888690948486,-0.022423207759857178,0.055689096450805664
low,corridor,8,26,residual_conditioning_minus_plain_conditioning,collision,interaction,0.0,0.0,0.0
low,corridor,8,26,residual_conditioning_minus_plain_conditioning,safety_violation,interaction,0.0,0.0,0.0
low,corridor,8,26,residual_conditioning_minus_plain_conditioning,success,interaction,0.0,0.0,0.0
low,corridor,8,26,residual_conditioning_minus_plain_conditioning,progress_ratio,interaction,-0.009753607213497273,0.005462482571601757,-0.01521608978509903
low,corridor,8,26,residual_conditioning_minus_plain_conditioning,final_goal_distance,interaction,0.09871220588684082,-0.055283546447753906,0.15399575233459473
low,corridor,8,26,residual_conditioning_minus_plain_conditioning,completion_time,interaction,0.0,0.0,0.0
low,corridor,8,26,residual_conditioning_minus_plain_conditioning,min_distance,interaction,-0.09723484516143799,0.04832345247268677,-0.14555829763412476
medium,corridor,8,26,residual_conditioning_minus_plain_conditioning,collision,interaction,0.0,0.0,0.0
medium,corridor,8,26,residual_conditioning_minus_plain_conditioning,safety_violation,interaction,0.0,-1.0,1.0
medium,corridor,8,26,residual_conditioning_minus_plain_conditioning,success,interaction,0.0,0.0,0.0
medium,corridor,8,26,residual_conditioning_minus_plain_conditioning,progress_ratio,interaction,-0.004270441830158456,0.0029470324516295276,-0.007217474281787983
medium,corridor,8,26,residual_conditioning_minus_plain_conditioning,final_goal_distance,interaction,0.04321932792663574,-0.029825687408447266,0.07304501533508301
medium,corridor,8,26,residual_conditioning_minus_plain_conditioning,completion_time,interaction,0.0,0.0,0.0
medium,corridor,8,26,residual_conditioning_minus_plain_conditioning,min_distance,interaction,0.04351198673248291,0.11056238412857056,-0.06705039739608765
high,corridor,8,26,residual_conditioning_minus_plain_conditioning,collision,interaction,0.0,0.0,0.0
high,corridor,8,26,residual_conditioning_minus_plain_conditioning,safety_violation,interaction,0.0,0.0,0.0
high,corridor,8,26,residual_conditioning_minus_plain_conditioning,success,interaction,0.0,0.0,0.0
high,corridor,8,26,residual_conditioning_minus_plain_conditioning,progress_ratio,interaction,0.0029954537749290466,0.01067247986793518,-0.007677026093006134
high,corridor,8,26,residual_conditioning_minus_plain_conditioning,final_goal_distance,interaction,-0.030315756797790527,-0.10801172256469727,0.07769596576690674
high,corridor,8,26,residual_conditioning_minus_plain_conditioning,completion_time,interaction,0.0,0.0,0.0
high,corridor,8,26,residual_conditioning_minus_plain_conditioning,min_distance,interaction,0.1568748950958252,0.0053536295890808105,0.15152126550674438
clean,narrow_gate,4,26,residual_conditioning_minus_plain_conditioning,collision,interaction,0.0,0.0,0.0
clean,narrow_gate,4,26,residual_conditioning_minus_plain_conditioning,safety_violation,interaction,0.0,0.0,0.0
clean,narrow_gate,4,26,residual_conditioning_minus_plain_conditioning,success,interaction,0.0,0.0,0.0
clean,narrow_gate,4,26,residual_conditioning_minus_plain_conditioning,progress_ratio,interaction,-0.0032964348793029785,-0.1918567270040512,0.18856029212474823
clean,narrow_gate,4,26,residual_conditioning_minus_plain_conditioning,final_goal_distance,interaction,0.034790992736816406,2.024884581565857,-1.9900935888290405
clean,narrow_gate,4,26,residual_conditioning_minus_plain_conditioning,completion_time,interaction,0.0,0.0,0.0
clean,narrow_gate,4,26,residual_conditioning_minus_plain_conditioning,min_distance,interaction,0.0,-0.005689637822315463,0.005689637822315463
low,narrow_gate,4,26,residual_conditioning_minus_plain_conditioning,collision,interaction,0.0,0.0,0.0
low,narrow_gate,4,26,residual_conditioning_minus_plain_conditioning,safety_violation,interaction,0.0,0.0,0.0
low,narrow_gate,4,26,residual_conditioning_minus_plain_conditioning,success,interaction,0.0,-1.0,1.0
low,narrow_gate,4,26,residual_conditioning_minus_plain_conditioning,progress_ratio,interaction,0.0025486471131443977,-0.14120470080524683,0.14375334791839123
low,narrow_gate,4,26,residual_conditioning_minus_plain_conditioning,final_goal_distance,interaction,-0.026898801326751695,1.4902954772114754,-1.517194278538227
low,narrow_gate,4,26,residual_conditioning_minus_plain_conditioning,completion_time,interaction,-0.120000000000001,12.479999999999999,-12.6
low,narrow_gate,4,26,residual_conditioning_minus_plain_conditioning,min_distance,interaction,0.0,0.19605551935432852,-0.19605551935432852
medium,narrow_gate,4,26,residual_conditioning_minus_plain_conditioning,collision,interaction,0.0,0.0,0.0
medium,narrow_gate,4,26,residual_conditioning_minus_plain_conditioning,safety_violation,interaction,0.0,0.0,0.0
medium,narrow_gate,4,26,residual_conditioning_minus_plain_conditioning,success,interaction,-1.0,-1.0,0.0
medium,narrow_gate,4,26,residual_conditioning_minus_plain_conditioning,progress_ratio,interaction,-0.3504193304106593,-0.1533015649765731,-0.1971177654340862
medium,narrow_gate,4,26,residual_conditioning_minus_plain_conditioning,final_goal_distance,interaction,3.698377698659897,1.6179675757884981,2.080410122871399
medium,narrow_gate,4,26,residual_conditioning_minus_plain_conditioning,completion_time,interaction,2.2799999999999976,5.759999999999998,-3.4800000000000004
medium,narrow_gate,4,26,residual_conditioning_minus_plain_conditioning,min_distance,interaction,0.14505600487744874,-0.006452979425936256,0.151508984303385
high,narrow_gate,4,26,residual_conditioning_minus_plain_conditioning,collision,interaction,0.0,0.0,0.0
high,narrow_gate,4,26,residual_conditioning_minus_plain_conditioning,safety_violation,interaction,0.0,0.0,0.0
high,narrow_gate,4,26,residual_conditioning_minus_plain_conditioning,success,interaction,0.0,-1.0,1.0
high,narrow_gate,4,26,residual_conditioning_minus_plain_conditioning,progress_ratio,interaction,0.0010724486783145748,-0.07001690845936515,0.07108935713767972
high,narrow_gate,4,26,residual_conditioning_minus_plain_conditioning,final_goal_distance,interaction,-0.011318787932396004,0.7389688715338707,-0.7502876594662667
high,narrow_gate,4,26,residual_conditioning_minus_plain_conditioning,completion_time,interaction,-5.640000000000001,3.3599999999999994,-9.0
high,narrow_gate,4,26,residual_conditioning_minus_plain_conditioning,min_distance,interaction,0.10536843538284302,0.05557513236999512,0.0497933030128479
clean,narrow_gate,8,26,residual_conditioning_minus_plain_conditioning,collision,interaction,0.0,0.0,0.0
clean,narrow_gate,8,26,residual_conditioning_minus_plain_conditioning,safety_violation,interaction,0.0,0.0,0.0
clean,narrow_gate,8,26,residual_conditioning_minus_plain_conditioning,success,interaction,0.0,0.0,0.0
clean,narrow_gate,8,26,residual_conditioning_minus_plain_conditioning,progress_ratio,interaction,0.026877835392951965,-0.05661027133464813,0.0834881067276001
clean,narrow_gate,8,26,residual_conditioning_minus_plain_conditioning,final_goal_distance,interaction,-0.27984070777893066,0.5894023180007935,-0.8692430257797241
clean,narrow_gate,8,26,residual_conditioning_minus_plain_conditioning,completion_time,interaction,0.0,0.0,0.0
clean,narrow_gate,8,26,residual_conditioning_minus_plain_conditioning,min_distance,interaction,-0.08260774612426758,0.0018054842948913574,-0.08441323041915894
low,narrow_gate,8,26,residual_conditioning_minus_plain_conditioning,collision,interaction,0.0,0.0,0.0
low,narrow_gate,8,26,residual_conditioning_minus_plain_conditioning,safety_violation,interaction,0.0,0.0,0.0
low,narrow_gate,8,26,residual_conditioning_minus_plain_conditioning,success,interaction,0.0,0.0,0.0
low,narrow_gate,8,26,residual_conditioning_minus_plain_conditioning,progress_ratio,interaction,0.10215528309345245,-0.09584368020296097,0.19799896329641342
low,narrow_gate,8,26,residual_conditioning_minus_plain_conditioning,final_goal_distance,interaction,-1.0635976791381836,0.9978840947151184,-2.061481773853302
low,narrow_gate,8,26,residual_conditioning_minus_plain_conditioning,completion_time,interaction,0.0,0.0,0.0
low,narrow_gate,8,26,residual_conditioning_minus_plain_conditioning,min_distance,interaction,0.04777175188064575,0.03339296579360962,0.014378786087036133
medium,narrow_gate,8,26,residual_conditioning_minus_plain_conditioning,collision,interaction,0.0,0.0,0.0
medium,narrow_gate,8,26,residual_conditioning_minus_plain_conditioning,safety_violation,interaction,0.0,0.0,0.0
medium,narrow_gate,8,26,residual_conditioning_minus_plain_conditioning,success,interaction,0.0,0.0,0.0
medium,narrow_gate,8,26,residual_conditioning_minus_plain_conditioning,progress_ratio,interaction,-0.13270387798547745,0.05991540849208832,-0.19261928647756577
medium,narrow_gate,8,26,residual_conditioning_minus_plain_conditioning,final_goal_distance,interaction,1.3816568851470947,-0.6238139867782593,2.005470871925354
medium,narrow_gate,8,26,residual_conditioning_minus_plain_conditioning,completion_time,interaction,0.0,0.0,0.0
medium,narrow_gate,8,26,residual_conditioning_minus_plain_conditioning,min_distance,interaction,0.06242549419403076,0.12143909931182861,-0.05901360511779785
high,narrow_gate,8,26,residual_conditioning_minus_plain_conditioning,collision,interaction,0.0,0.0,0.0
high,narrow_gate,8,26,residual_conditioning_minus_plain_conditioning,safety_violation,interaction,0.0,0.0,0.0
high,narrow_gate,8,26,residual_conditioning_minus_plain_conditioning,success,interaction,0.0,0.0,0.0
high,narrow_gate,8,26,residual_conditioning_minus_plain_conditioning,progress_ratio,interaction,0.0637763887643813,-0.09351243823766708,0.15728882700204838
high,narrow_gate,8,26,residual_conditioning_minus_plain_conditioning,final_goal_distance,interaction,-0.6640129685401917,0.9736121892929077,-1.6376251578330994
high,narrow_gate,8,26,residual_conditioning_minus_plain_conditioning,completion_time,interaction,0.0,0.0,0.0
high,narrow_gate,8,26,residual_conditioning_minus_plain_conditioning,min_distance,interaction,-0.18690532445907593,0.040377795696258545,-0.22728312015533447
clean,merge_bottleneck,4,26,residual_conditioning_minus_plain_conditioning,collision,interaction,0.0,0.0,0.0
clean,merge_bottleneck,4,26,residual_conditioning_minus_plain_conditioning,safety_violation,interaction,0.0,0.0,0.0
clean,merge_bottleneck,4,26,residual_conditioning_minus_plain_conditioning,success,interaction,0.0,0.0,0.0
clean,merge_bottleneck,4,26,residual_conditioning_minus_plain_conditioning,progress_ratio,interaction,-0.01426006853580486,0.006305564194917568,-0.020565632730722427
clean,merge_bottleneck,4,26,residual_conditioning_minus_plain_conditioning,final_goal_distance,interaction,0.14797484874725342,-0.06543201208114624,0.21340686082839966
clean,merge_bottleneck,4,26,residual_conditioning_minus_plain_conditioning,completion_time,interaction,0.0,0.0,0.0
clean,merge_bottleneck,4,26,residual_conditioning_minus_plain_conditioning,min_distance,interaction,0.002534276486756526,0.09284829484350543,-0.0903140183567489
low,merge_bottleneck,4,26,residual_conditioning_minus_plain_conditioning,collision,interaction,0.0,0.0,0.0
low,merge_bottleneck,4,26,residual_conditioning_minus_plain_conditioning,safety_violation,interaction,0.0,0.0,0.0
low,merge_bottleneck,4,26,residual_conditioning_minus_plain_conditioning,success,interaction,0.0,0.0,0.0
low,merge_bottleneck,4,26,residual_conditioning_minus_plain_conditioning,progress_ratio,interaction,-0.006850942969322316,0.042389389127492905,-0.04924033209681522
low,merge_bottleneck,4,26,residual_conditioning_minus_plain_conditioning,final_goal_distance,interaction,0.07109135389328003,-0.43986910581588745,0.5109604597091675
low,merge_bottleneck,4,26,residual_conditioning_minus_plain_conditioning,completion_time,interaction,0.0,0.0,0.0
low,merge_bottleneck,4,26,residual_conditioning_minus_plain_conditioning,min_distance,interaction,0.13671257871796716,-0.2167128096546561,0.3534253883726233
medium,merge_bottleneck,4,26,residual_conditioning_minus_plain_conditioning,collision,interaction,0.0,0.0,0.0
medium,merge_bottleneck,4,26,residual_conditioning_minus_plain_conditioning,safety_violation,interaction,0.0,0.0,0.0
medium,merge_bottleneck,4,26,residual_conditioning_minus_plain_conditioning,success,interaction,0.0,0.0,0.0
medium,merge_bottleneck,4,26,residual_conditioning_minus_plain_conditioning,progress_ratio,interaction,0.002586185932159313,-0.016965605318546184,0.019551791250705497
medium,merge_bottleneck,4,26,residual_conditioning_minus_plain_conditioning,final_goal_distance,interaction,-0.026836514472961426,0.17604988813400269,-0.2028864026069641
medium,merge_bottleneck,4,26,residual_conditioning_minus_plain_conditioning,completion_time,interaction,0.0,0.0,0.0
medium,merge_bottleneck,4,26,residual_conditioning_minus_plain_conditioning,min_distance,interaction,-0.08280906200408933,6.040498140935657e-05,-0.08286946698549869
high,merge_bottleneck,4,26,residual_conditioning_minus_plain_conditioning,collision,interaction,0.0,0.0,0.0
high,merge_bottleneck,4,26,residual_conditioning_minus_plain_conditioning,safety_violation,interaction,-1.0,0.0,-1.0
high,merge_bottleneck,4,26,residual_conditioning_minus_plain_conditioning,success,interaction,0.0,0.0,0.0
high,merge_bottleneck,4,26,residual_conditioning_minus_plain_conditioning,progress_ratio,interaction,0.07772309705615055,0.04374463856220234,0.033978458493948205
high,merge_bottleneck,4,26,residual_conditioning_minus_plain_conditioning,final_goal_distance,interaction,-0.8065224289894104,-0.45393240451812744,-0.35259002447128296
high,merge_bottleneck,4,26,residual_conditioning_minus_plain_conditioning,completion_time,interaction,0.0,0.0,0.0
high,merge_bottleneck,4,26,residual_conditioning_minus_plain_conditioning,min_distance,interaction,0.3605973250836412,0.10954916477203369,0.2510481603116075
clean,merge_bottleneck,8,26,residual_conditioning_minus_plain_conditioning,collision,interaction,1.0,0.0,1.0
clean,merge_bottleneck,8,26,residual_conditioning_minus_plain_conditioning,safety_violation,interaction,1.0,1.0,0.0
clean,merge_bottleneck,8,26,residual_conditioning_minus_plain_conditioning,success,interaction,0.0,0.0,0.0
clean,merge_bottleneck,8,26,residual_conditioning_minus_plain_conditioning,progress_ratio,interaction,0.0735829770565033,0.021662473678588867,0.05192050337791443
clean,merge_bottleneck,8,26,residual_conditioning_minus_plain_conditioning,final_goal_distance,interaction,-0.7624902725219727,-0.2244737148284912,-0.5380165576934814
clean,merge_bottleneck,8,26,residual_conditioning_minus_plain_conditioning,completion_time,interaction,0.0,0.0,0.0
clean,merge_bottleneck,8,26,residual_conditioning_minus_plain_conditioning,min_distance,interaction,-0.10136029124259949,-0.06036573648452759,-0.0409945547580719
low,merge_bottleneck,8,26,residual_conditioning_minus_plain_conditioning,collision,interaction,0.0,0.0,0.0
low,merge_bottleneck,8,26,residual_conditioning_minus_plain_conditioning,safety_violation,interaction,0.0,0.0,0.0
low,merge_bottleneck,8,26,residual_conditioning_minus_plain_conditioning,success,interaction,0.0,0.0,0.0
low,merge_bottleneck,8,26,residual_conditioning_minus_plain_conditioning,progress_ratio,interaction,0.04146455228328705,-0.005729854106903076,0.047194406390190125
low,merge_bottleneck,8,26,residual_conditioning_minus_plain_conditioning,final_goal_distance,interaction,-0.4296689033508292,0.05937457084655762,-0.4890434741973868
low,merge_bottleneck,8,26,residual_conditioning_minus_plain_conditioning,completion_time,interaction,0.0,0.0,0.0
low,merge_bottleneck,8,26,residual_conditioning_minus_plain_conditioning,min_distance,interaction,-0.13535815477371216,-0.0159961879253388,-0.11936196684837336
medium,merge_bottleneck,8,26,residual_conditioning_minus_plain_conditioning,collision,interaction,-1.0,0.0,-1.0
medium,merge_bottleneck,8,26,residual_conditioning_minus_plain_conditioning,safety_violation,interaction,0.0,0.0,0.0
medium,merge_bottleneck,8,26,residual_conditioning_minus_plain_conditioning,success,interaction,0.0,0.0,0.0
medium,merge_bottleneck,8,26,residual_conditioning_minus_plain_conditioning,progress_ratio,interaction,0.0022988319396972656,-0.0569484680891037,0.059247300028800964
medium,merge_bottleneck,8,26,residual_conditioning_minus_plain_conditioning,final_goal_distance,interaction,-0.023821115493774858,0.5901181697845459,-0.6139392852783208
medium,merge_bottleneck,8,26,residual_conditioning_minus_plain_conditioning,completion_time,interaction,0.0,0.0,0.0
medium,merge_bottleneck,8,26,residual_conditioning_minus_plain_conditioning,min_distance,interaction,0.06673827767372126,-0.032006263732910156,0.09874454140663141
high,merge_bottleneck,8,26,residual_conditioning_minus_plain_conditioning,collision,interaction,0.0,0.0,0.0
high,merge_bottleneck,8,26,residual_conditioning_minus_plain_conditioning,safety_violation,interaction,1.0,0.0,1.0
high,merge_bottleneck,8,26,residual_conditioning_minus_plain_conditioning,success,interaction,0.0,0.0,0.0
high,merge_bottleneck,8,26,residual_conditioning_minus_plain_conditioning,progress_ratio,interaction,0.001386106014251709,-0.009729266166687012,0.01111537218093872
high,merge_bottleneck,8,26,residual_conditioning_minus_plain_conditioning,final_goal_distance,interaction,-0.014363288879394531,0.10081768035888716,-0.1151809692382817
high,merge_bottleneck,8,26,residual_conditioning_minus_plain_conditioning,completion_time,interaction,0.0,0.0,0.0
high,merge_bottleneck,8,26,residual_conditioning_minus_plain_conditioning,min_distance,interaction,-0.21616011857986456,-0.02206963300704956,-0.194090485572815
clean,four_way_stop,4,26,residual_conditioning_minus_plain_conditioning,collision,interaction,0.0,0.0,0.0
clean,four_way_stop,4,26,residual_conditioning_minus_plain_conditioning,safety_violation,interaction,0.0,0.0,0.0
clean,four_way_stop,4,26,residual_conditioning_minus_plain_conditioning,success,interaction,0.0,0.0,0.0
clean,four_way_stop,4,26,residual_conditioning_minus_plain_conditioning,progress_ratio,interaction,-0.00042291730642307623,-0.0036495300009845577,0.0032266126945614815
clean,four_way_stop,4,26,residual_conditioning_minus_plain_conditioning,final_goal_distance,interaction,0.004060588777065305,0.03504049032926561,-0.030979901552200304
clean,four_way_stop,4,26,residual_conditioning_minus_plain_conditioning,completion_time,interaction,-2.76,-0.3600000000000012,-2.3999999999999986
clean,four_way_stop,4,26,residual_conditioning_minus_plain_conditioning,min_distance,interaction,0.044464111328125,-0.06834179162979126,0.11280590295791626
low,four_way_stop,4,26,residual_conditioning_minus_plain_conditioning,collision,interaction,0.0,0.0,0.0
low,four_way_stop,4,26,residual_conditioning_minus_plain_conditioning,safety_violation,interaction,0.0,0.0,0.0
low,four_way_stop,4,26,residual_conditioning_minus_plain_conditioning,success,interaction,0.0,0.0,0.0
low,four_way_stop,4,26,residual_conditioning_minus_plain_conditioning,progress_ratio,interaction,0.004910584539175256,-0.0005262605845928192,0.005436845123768075
low,four_way_stop,4,26,residual_conditioning_minus_plain_conditioning,final_goal_distance,interaction,-0.04714834690094,0.00505281984806058,-0.05220116674900058
low,four_way_stop,4,26,residual_conditioning_minus_plain_conditioning,completion_time,interaction,-0.5999999999999996,-1.679999999999998,1.0799999999999983
low,four_way_stop,4,26,residual_conditioning_minus_plain_conditioning,min_distance,interaction,-0.28762632608413696,0.14008426666259766,-0.4277105927467346
medium,four_way_stop,4,26,residual_conditioning_minus_plain_conditioning,collision,interaction,0.0,0.0,0.0
medium,four_way_stop,4,26,residual_conditioning_minus_plain_conditioning,safety_violation,interaction,0.0,0.0,0.0
medium,four_way_stop,4,26,residual_conditioning_minus_plain_conditioning,success,interaction,0.0,0.0,0.0
medium,four_way_stop,4,26,residual_conditioning_minus_plain_conditioning,progress_ratio,interaction,-0.0024257227778435864,0.0028117019683122635,-0.00523742474615585
medium,four_way_stop,4,26,residual_conditioning_minus_plain_conditioning,final_goal_distance,interaction,0.02329026162624359,-0.026996210217475808,0.0502864718437194
medium,four_way_stop,4,26,residual_conditioning_minus_plain_conditioning,completion_time,interaction,0.120000000000001,-0.35999999999999943,0.4800000000000004
medium,four_way_stop,4,26,residual_conditioning_minus_plain_conditioning,min_distance,interaction,-0.01735508441925049,-0.05802178382873513,0.04066669940948464
high,four_way_stop,4,26,residual_conditioning_minus_plain_conditioning,collision,interaction,0.0,0.0,0.0
high,four_way_stop,4,26,residual_conditioning_minus_plain_conditioning,safety_violation,interaction,0.0,0.0,0.0
high,four_way_stop,4,26,residual_conditioning_minus_plain_conditioning,success,interaction,0.0,0.0,0.0
high,four_way_stop,4,26,residual_conditioning_minus_plain_conditioning,progress_ratio,interaction,0.004559637978673092,-0.001675277017056831,0.006234914995729923
high,four_way_stop,4,26,residual_conditioning_minus_plain_conditioning,final_goal_distance,interaction,-0.043778777122497586,0.016084954142570496,-0.05986373126506808
high,four_way_stop,4,26,residual_conditioning_minus_plain_conditioning,completion_time,interaction,0.0,-0.8399999999999999,0.8399999999999999
high,four_way_stop,4,26,residual_conditioning_minus_plain_conditioning,min_distance,interaction,-0.15683352947235107,-0.04302293062210083,-0.11381059885025024
clean,four_way_stop,8,26,residual_conditioning_minus_plain_conditioning,collision,interaction,0.0,0.0,0.0
clean,four_way_stop,8,26,residual_conditioning_minus_plain_conditioning,safety_violation,interaction,0.0,0.0,0.0
clean,four_way_stop,8,26,residual_conditioning_minus_plain_conditioning,success,interaction,0.0,0.0,0.0
clean,four_way_stop,8,26,residual_conditioning_minus_plain_conditioning,progress_ratio,interaction,0.0008762329816818237,-0.0002678278833627701,0.0011440608650445938
clean,four_way_stop,8,26,residual_conditioning_minus_plain_conditioning,final_goal_distance,interaction,-0.00840497016906741,0.002569049596786499,-0.01097401976585391
clean,four_way_stop,8,26,residual_conditioning_minus_plain_conditioning,completion_time,interaction,-1.5600000000000005,-6.960000000000001,5.4
clean,four_way_stop,8,26,residual_conditioning_minus_plain_conditioning,min_distance,interaction,-0.16711699962615967,-0.053186118602752686,-0.11393088102340698
low,four_way_stop,8,26,residual_conditioning_minus_plain_conditioning,collision,interaction,0.0,0.0,0.0
low,four_way_stop,8,26,residual_conditioning_minus_plain_conditioning,safety_violation,interaction,0.0,0.0,0.0
low,four_way_stop,8,26,residual_conditioning_minus_plain_conditioning,success,interaction,-1.0,1.0,-2.0
low,four_way_stop,8,26,residual_conditioning_minus_plain_conditioning,progress_ratio,interaction,-0.005465023219585419,0.004678033292293549,-0.010143056511878967
low,four_way_stop,8,26,residual_conditioning_minus_plain_conditioning,final_goal_distance,interaction,0.052421376109123285,-0.044872432947158786,0.09729380905628207
low,four_way_stop,8,26,residual_conditioning_minus_plain_conditioning,completion_time,interaction,12.239999999999998,-10.32,22.56
low,four_way_stop,8,26,residual_conditioning_minus_plain_conditioning,min_distance,interaction,-0.059032320976257324,-0.05885821580886841,-0.00017410516738891602
medium,four_way_stop,8,26,residual_conditioning_minus_plain_conditioning,collision,interaction,0.0,0.0,0.0
medium,four_way_stop,8,26,residual_conditioning_minus_plain_conditioning,safety_violation,interaction,0.0,0.0,0.0
medium,four_way_stop,8,26,residual_conditioning_minus_plain_conditioning,success,interaction,0.0,0.0,0.0
medium,four_way_stop,8,26,residual_conditioning_minus_plain_conditioning,progress_ratio,interaction,0.0018612556159495197,-0.0002980455756186329,0.0021593011915681526
medium,four_way_stop,8,26,residual_conditioning_minus_plain_conditioning,final_goal_distance,interaction,-0.017853453755378695,0.0028588920831679743,-0.02071234583854667
medium,four_way_stop,8,26,residual_conditioning_minus_plain_conditioning,completion_time,interaction,-13.919999999999998,0.120000000000001,-14.04
medium,four_way_stop,8,26,residual_conditioning_minus_plain_conditioning,min_distance,interaction,-0.012647628784179688,0.0530051589012146,-0.06565278768539429
high,four_way_stop,8,26,residual_conditioning_minus_plain_conditioning,collision,interaction,0.0,0.0,0.0
high,four_way_stop,8,26,residual_conditioning_minus_plain_conditioning,safety_violation,interaction,0.0,0.0,0.0
high,four_way_stop,8,26,residual_conditioning_minus_plain_conditioning,success,interaction,1.0,1.0,0.0
high,four_way_stop,8,26,residual_conditioning_minus_plain_conditioning,progress_ratio,interaction,0.005161769688129536,0.0007948726415634155,0.0043668970465661205
high,four_way_stop,8,26,residual_conditioning_minus_plain_conditioning,final_goal_distance,interaction,-0.04951250553131098,-0.007624536752700806,-0.041887968778610174
high,four_way_stop,8,26,residual_conditioning_minus_plain_conditioning,completion_time,interaction,-13.439999999999998,-10.2,-3.2399999999999984
high,four_way_stop,8,26,residual_conditioning_minus_plain_conditioning,min_distance,interaction,-0.0416947603225708,-0.07398241758346558,0.032287657260894775
clean,corridor,4,27,residual_conditioning_minus_plain_conditioning,collision,interaction,0.0,0.0,0.0
clean,corridor,4,27,residual_conditioning_minus_plain_conditioning,safety_violation,interaction,0.0,1.0,-1.0
clean,corridor,4,27,residual_conditioning_minus_plain_conditioning,success,interaction,0.0,0.0,0.0
clean,corridor,4,27,residual_conditioning_minus_plain_conditioning,progress_ratio,interaction,0.0017833495512603603,0.00027598626911640167,0.0015073632821439586
clean,corridor,4,27,residual_conditioning_minus_plain_conditioning,final_goal_distance,interaction,-0.018225133419036893,-0.0028204694390297075,-0.015404663980007186
clean,corridor,4,27,residual_conditioning_minus_plain_conditioning,completion_time,interaction,3.0,0.35999999999999943,2.6400000000000006
clean,corridor,4,27,residual_conditioning_minus_plain_conditioning,min_distance,interaction,0.10130470991134644,-0.07985162734985357,0.1811563372612
low,corridor,4,27,residual_conditioning_minus_plain_conditioning,collision,interaction,0.0,0.0,0.0
low,corridor,4,27,residual_conditioning_minus_plain_conditioning,safety_violation,interaction,0.0,0.0,0.0
low,corridor,4,27,residual_conditioning_minus_plain_conditioning,success,interaction,0.0,0.0,0.0
low,corridor,4,27,residual_conditioning_minus_plain_conditioning,progress_ratio,interaction,0.0027016960084440544,-0.0007994314655659363,0.0035011274740099907
low,corridor,4,27,residual_conditioning_minus_plain_conditioning,final_goal_distance,interaction,-0.027610272169113215,0.008169874548911993,-0.03578014671802521
low,corridor,4,27,residual_conditioning_minus_plain_conditioning,completion_time,interaction,3.24,0.4800000000000004,2.76
low,corridor,4,27,residual_conditioning_minus_plain_conditioning,min_distance,interaction,0.03276360034942627,-0.03779101371765137,0.07055461406707764
medium,corridor,4,27,residual_conditioning_minus_plain_conditioning,collision,interaction,0.0,0.0,0.0
medium,corridor,4,27,residual_conditioning_minus_plain_conditioning,safety_violation,interaction,0.0,0.0,0.0
medium,corridor,4,27,residual_conditioning_minus_plain_conditioning,success,interaction,0.0,0.0,0.0
medium,corridor,4,27,residual_conditioning_minus_plain_conditioning,progress_ratio,interaction,-0.0023103179410099983,-0.00958244502544403,0.0072721270844340324
medium,corridor,4,27,residual_conditioning_minus_plain_conditioning,final_goal_distance,interaction,0.023610547184944194,0.0979288294911384,-0.07431828230619421
medium,corridor,4,27,residual_conditioning_minus_plain_conditioning,completion_time,interaction,0.7200000000000006,0.7199999999999989,1.7763568394002505e-15
medium,corridor,4,27,residual_conditioning_minus_plain_conditioning,min_distance,interaction,-0.050745368003845215,-0.004789292812347412,-0.0459560751914978
high,corridor,4,27,residual_conditioning_minus_plain_conditioning,collision,interaction,0.0,0.0,0.0
high,corridor,4,27,residual_conditioning_minus_plain_conditioning,safety_violation,interaction,0.0,0.0,0.0
high,corridor,4,27,residual_conditioning_minus_plain_conditioning,success,interaction,0.0,0.0,0.0
high,corridor,4,27,residual_conditioning_minus_plain_conditioning,progress_ratio,interaction,0.00677451491355896,0.0008675782009958111,0.005906936712563149
high,corridor,4,27,residual_conditioning_minus_plain_conditioning,final_goal_distance,interaction,-0.0692328959703446,-0.00886631011962899,-0.06036658585071561
high,corridor,4,27,residual_conditioning_minus_plain_conditioning,completion_time,interaction,0.5999999999999996,1.4399999999999995,-0.8399999999999999
high,corridor,4,27,residual_conditioning_minus_plain_conditioning,min_distance,interaction,-0.0925978422164917,0.011006295680999756,-0.10360413789749146
clean,corridor,8,27,residual_conditioning_minus_plain_conditioning,collision,interaction,0.0,0.0,0.0
clean,corridor,8,27,residual_conditioning_minus_plain_conditioning,safety_violation,interaction,0.0,0.0,0.0
clean,corridor,8,27,residual_conditioning_minus_plain_conditioning,success,interaction,0.0,0.0,0.0
clean,corridor,8,27,residual_conditioning_minus_plain_conditioning,progress_ratio,interaction,-0.0060868412256240845,0.007157072424888389,-0.013243913650512473
clean,corridor,8,27,residual_conditioning_minus_plain_conditioning,final_goal_distance,interaction,0.06162834167480469,-0.0724642276763916,0.1340925693511963
clean,corridor,8,27,residual_conditioning_minus_plain_conditioning,completion_time,interaction,0.0,0.0,0.0
clean,corridor,8,27,residual_conditioning_minus_plain_conditioning,min_distance,interaction,-0.10155510902404785,-0.07959479093551636,-0.021960318088531494
low,corridor,8,27,residual_conditioning_minus_plain_conditioning,collision,interaction,0.0,0.0,0.0
low,corridor,8,27,residual_conditioning_minus_plain_conditioning,safety_violation,interaction,0.0,0.0,0.0
low,corridor,8,27,residual_conditioning_minus_plain_conditioning,success,interaction,0.0,0.0,0.0
low,corridor,8,27,residual_conditioning_minus_plain_conditioning,progress_ratio,interaction,-0.0003291666507719837,-0.005387268960476033,0.005058102309704049
low,corridor,8,27,residual_conditioning_minus_plain_conditioning,final_goal_distance,interaction,0.003332793712615967,0.05454522371292114,-0.051212430000305176
low,corridor,8,27,residual_conditioning_minus_plain_conditioning,completion_time,interaction,0.0,0.0,0.0
low,corridor,8,27,residual_conditioning_minus_plain_conditioning,min_distance,interaction,-0.004347026348114014,0.07159250974655151,-0.07593953609466553
medium,corridor,8,27,residual_conditioning_minus_plain_conditioning,collision,interaction,0.0,0.0,0.0
medium,corridor,8,27,residual_conditioning_minus_plain_conditioning,safety_violation,interaction,0.0,0.0,0.0
medium,corridor,8,27,residual_conditioning_minus_plain_conditioning,success,interaction,0.0,0.0,0.0
medium,corridor,8,27,residual_conditioning_minus_plain_conditioning,progress_ratio,interaction,0.12774959951639187,0.01181504875421513,0.11593455076217674
medium,corridor,8,27,residual_conditioning_minus_plain_conditioning,final_goal_distance,interaction,-1.2934454083442688,-0.11962556838989258,-1.1738198399543762
medium,corridor,8,27,residual_conditioning_minus_plain_conditioning,completion_time,interaction,0.0,0.0,0.0
medium,corridor,8,27,residual_conditioning_minus_plain_conditioning,min_distance,interaction,-0.10976976156234741,0.07650184631347656,-0.18627160787582397
high,corridor,8,27,residual_conditioning_minus_plain_conditioning,collision,interaction,0.0,0.0,0.0
high,corridor,8,27,residual_conditioning_minus_plain_conditioning,safety_violation,interaction,0.0,0.0,0.0
high,corridor,8,27,residual_conditioning_minus_plain_conditioning,success,interaction,0.0,0.0,0.0
high,corridor,8,27,residual_conditioning_minus_plain_conditioning,progress_ratio,interaction,0.005599968135357014,-0.005537752062082402,0.011137720197439416
high,corridor,8,27,residual_conditioning_minus_plain_conditioning,final_goal_distance,interaction,-0.05669879913330078,0.05606889724731445,-0.11276769638061523
high,corridor,8,27,residual_conditioning_minus_plain_conditioning,completion_time,interaction,0.0,0.0,0.0
high,corridor,8,27,residual_conditioning_minus_plain_conditioning,min_distance,interaction,0.06643199920654297,-0.02247917652130127,0.08891117572784424
clean,narrow_gate,4,27,residual_conditioning_minus_plain_conditioning,collision,interaction,0.0,0.0,0.0
clean,narrow_gate,4,27,residual_conditioning_minus_plain_conditioning,safety_violation,interaction,0.0,0.0,0.0
clean,narrow_gate,4,27,residual_conditioning_minus_plain_conditioning,success,interaction,0.0,0.0,0.0
clean,narrow_gate,4,27,residual_conditioning_minus_plain_conditioning,progress_ratio,interaction,-0.2002500295639038,0.011781081557273865,-0.21203111112117767
clean,narrow_gate,4,27,residual_conditioning_minus_plain_conditioning,final_goal_distance,interaction,2.113352656364441,-0.12433242797851562,2.2376850843429565
clean,narrow_gate,4,27,residual_conditioning_minus_plain_conditioning,completion_time,interaction,0.0,0.0,0.0
clean,narrow_gate,4,27,residual_conditioning_minus_plain_conditioning,min_distance,interaction,0.0,-0.011600150152024868,0.011600150152024868
low,narrow_gate,4,27,residual_conditioning_minus_plain_conditioning,collision,interaction,0.0,0.0,0.0
low,narrow_gate,4,27,residual_conditioning_minus_plain_conditioning,safety_violation,interaction,0.0,0.0,0.0
low,narrow_gate,4,27,residual_conditioning_minus_plain_conditioning,success,interaction,0.0,-1.0,1.0
low,narrow_gate,4,27,residual_conditioning_minus_plain_conditioning,progress_ratio,interaction,-0.3259333446621895,-0.12732533179223537,-0.1986080128699541
low,narrow_gate,4,27,residual_conditioning_minus_plain_conditioning,final_goal_distance,interaction,3.4397604167461395,1.3437367901206019,2.096023626625538
low,narrow_gate,4,27,residual_conditioning_minus_plain_conditioning,completion_time,interaction,0.0,2.3999999999999986,-2.3999999999999986
low,narrow_gate,4,27,residual_conditioning_minus_plain_conditioning,min_distance,interaction,0.0,0.03654778003692627,-0.03654778003692627
medium,narrow_gate,4,27,residual_conditioning_minus_plain_conditioning,collision,interaction,0.0,0.0,0.0
medium,narrow_gate,4,27,residual_conditioning_minus_plain_conditioning,safety_violation,interaction,0.0,0.0,0.0
medium,narrow_gate,4,27,residual_conditioning_minus_plain_conditioning,success,interaction,0.0,0.0,0.0
medium,narrow_gate,4,27,residual_conditioning_minus_plain_conditioning,progress_ratio,interaction,0.0017257099971175194,-0.19526439905166626,0.19699010904878378
medium,narrow_gate,4,27,residual_conditioning_minus_plain_conditioning,final_goal_distance,interaction,-0.018212392926216098,2.060736417770386,-2.0789488106966023
medium,narrow_gate,4,27,residual_conditioning_minus_plain_conditioning,completion_time,interaction,-0.9599999999999973,0.0,-0.9599999999999973
medium,narrow_gate,4,27,residual_conditioning_minus_plain_conditioning,min_distance,interaction,0.0,0.0986307277959867,-0.0986307277959867
high,narrow_gate,4,27,residual_conditioning_minus_plain_conditioning,collision,interaction,0.0,0.0,0.0
high,narrow_gate,4,27,residual_conditioning_minus_plain_conditioning,safety_violation,interaction,0.0,0.0,0.0
high,narrow_gate,4,27,residual_conditioning_minus_plain_conditioning,success,interaction,0.0,1.0,-1.0
high,narrow_gate,4,27,residual_conditioning_minus_plain_conditioning,progress_ratio,interaction,0.0035952385514975704,0.1581082697957754,-0.15451303124427784
high,narrow_gate,4,27,residual_conditioning_minus_plain_conditioning,final_goal_distance,interaction,-0.037942595779895796,-1.6686067134141924,1.6306641176342966
high,narrow_gate,4,27,residual_conditioning_minus_plain_conditioning,completion_time,interaction,2.16,-10.679999999999998,12.839999999999998
high,narrow_gate,4,27,residual_conditioning_minus_plain_conditioning,min_distance,interaction,0.0004960626331529383,0.12908005025602887,-0.12858398762287593
clean,narrow_gate,8,27,residual_conditioning_minus_plain_conditioning,collision,interaction,0.0,0.0,0.0
clean,narrow_gate,8,27,residual_conditioning_minus_plain_conditioning,safety_violation,interaction,0.0,0.0,0.0
clean,narrow_gate,8,27,residual_conditioning_minus_plain_conditioning,success,interaction,0.0,0.0,0.0
clean,narrow_gate,8,27,residual_conditioning_minus_plain_conditioning,progress_ratio,interaction,0.09767379239201535,0.015568166971206665,0.08210562542080868
clean,narrow_gate,8,27,residual_conditioning_minus_plain_conditioning,final_goal_distance,interaction,-1.0096653699874878,-0.16093003749847412,-0.8487353324890137
clean,narrow_gate,8,27,residual_conditioning_minus_plain_conditioning,completion_time,interaction,0.0,0.0,0.0
clean,narrow_gate,8,27,residual_conditioning_minus_plain_conditioning,min_distance,interaction,-0.03468966484069824,-0.11658263206481934,0.0818929672241211
low,narrow_gate,8,27,residual_conditioning_minus_plain_conditioning,collision,interaction,0.0,0.0,0.0
low,narrow_gate,8,27,residual_conditioning_minus_plain_conditioning,safety_violation,interaction,0.0,0.0,0.0
low,narrow_gate,8,27,residual_conditioning_minus_plain_conditioning,success,interaction,0.0,0.0,0.0
low,narrow_gate,8,27,residual_conditioning_minus_plain_conditioning,progress_ratio,interaction,-0.0015939027070999146,-0.0585186630487442,0.05692476034164429
low,narrow_gate,8,27,residual_conditioning_minus_plain_conditioning,final_goal_distance,interaction,0.0164763927459719,0.6049141883850098,-0.5884377956390379
low,narrow_gate,8,27,residual_conditioning_minus_plain_conditioning,completion_time,interaction,0.0,0.0,0.0
low,narrow_gate,8,27,residual_conditioning_minus_plain_conditioning,min_distance,interaction,-0.01136249303817749,-0.00336611270904541,-0.00799638032913208
medium,narrow_gate,8,27,residual_conditioning_minus_plain_conditioning,collision,interaction,0.0,0.0,0.0
medium,narrow_gate,8,27,residual_conditioning_minus_plain_conditioning,safety_violation,interaction,0.0,0.0,0.0
medium,narrow_gate,8,27,residual_conditioning_minus_plain_conditioning,success,interaction,0.0,0.0,0.0
medium,narrow_gate,8,27,residual_conditioning_minus_plain_conditioning,progress_ratio,interaction,0.22496506571769725,-0.053176112473010906,0.27814117819070816
medium,narrow_gate,8,27,residual_conditioning_minus_plain_conditioning,final_goal_distance,interaction,-2.3254899978637695,0.5496877431869507,-2.87517774105072
medium,narrow_gate,8,27,residual_conditioning_minus_plain_conditioning,completion_time,interaction,0.0,0.0,0.0
medium,narrow_gate,8,27,residual_conditioning_minus_plain_conditioning,min_distance,interaction,0.002734243869781494,-0.0017800331115722656,0.00451427698135376
high,narrow_gate,8,27,residual_conditioning_minus_plain_conditioning,collision,interaction,0.0,0.0,0.0
high,narrow_gate,8,27,residual_conditioning_minus_plain_conditioning,safety_violation,interaction,0.0,0.0,0.0
high,narrow_gate,8,27,residual_conditioning_minus_plain_conditioning,success,interaction,0.0,0.0,0.0
high,narrow_gate,8,27,residual_conditioning_minus_plain_conditioning,progress_ratio,interaction,-0.07839395105838776,-0.03468923270702362,-0.043704718351364136
high,narrow_gate,8,27,residual_conditioning_minus_plain_conditioning,final_goal_distance,interaction,0.8103673458099365,0.3585865497589116,0.45178079605102495
high,narrow_gate,8,27,residual_conditioning_minus_plain_conditioning,completion_time,interaction,0.0,0.0,0.0
high,narrow_gate,8,27,residual_conditioning_minus_plain_conditioning,min_distance,interaction,-0.040741562843322754,-0.05446904897689819,0.01372748613357544
clean,merge_bottleneck,4,27,residual_conditioning_minus_plain_conditioning,collision,interaction,0.0,0.0,0.0
clean,merge_bottleneck,4,27,residual_conditioning_minus_plain_conditioning,safety_violation,interaction,0.0,0.0,0.0
clean,merge_bottleneck,4,27,residual_conditioning_minus_plain_conditioning,success,interaction,0.0,0.0,0.0
clean,merge_bottleneck,4,27,residual_conditioning_minus_plain_conditioning,progress_ratio,interaction,-0.058859162032604107,0.012652322649955972,-0.07151148468256008
clean,merge_bottleneck,4,27,residual_conditioning_minus_plain_conditioning,final_goal_distance,interaction,0.6114617586135864,-0.13143938779830933,0.7429011464118958
clean,merge_bottleneck,4,27,residual_conditioning_minus_plain_conditioning,completion_time,interaction,0.0,0.0,0.0
clean,merge_bottleneck,4,27,residual_conditioning_minus_plain_conditioning,min_distance,interaction,-0.1833323773531056,0.17589625835418699,-0.3592286357072926
low,merge_bottleneck,4,27,residual_conditioning_minus_plain_conditioning,collision,interaction,0.0,0.0,0.0
low,merge_bottleneck,4,27,residual_conditioning_minus_plain_conditioning,safety_violation,interaction,0.0,0.0,0.0
low,merge_bottleneck,4,27,residual_conditioning_minus_plain_conditioning,success,interaction,0.0,0.0,0.0
low,merge_bottleneck,4,27,residual_conditioning_minus_plain_conditioning,progress_ratio,interaction,0.007886581122875214,0.006393861025571823,0.0014927200973033905
low,merge_bottleneck,4,27,residual_conditioning_minus_plain_conditioning,final_goal_distance,interaction,-0.08193022012710571,-0.06642293930053711,-0.015507280826568604
low,merge_bottleneck,4,27,residual_conditioning_minus_plain_conditioning,completion_time,interaction,0.0,0.0,0.0
low,merge_bottleneck,4,27,residual_conditioning_minus_plain_conditioning,min_distance,interaction,-0.14689569366134703,-0.17243951559066772,0.025543821929320698
medium,merge_bottleneck,4,27,residual_conditioning_minus_plain_conditioning,collision,interaction,0.0,0.0,0.0
medium,merge_bottleneck,4,27,residual_conditioning_minus_plain_conditioning,safety_violation,interaction,0.0,0.0,0.0
medium,merge_bottleneck,4,27,residual_conditioning_minus_plain_conditioning,success,interaction,0.0,0.0,0.0
medium,merge_bottleneck,4,27,residual_conditioning_minus_plain_conditioning,progress_ratio,interaction,0.010573890060186386,0.013303324580192455,-0.002729434520006069
medium,merge_bottleneck,4,27,residual_conditioning_minus_plain_conditioning,final_goal_distance,interaction,-0.10984748601913452,-0.13820236921310425,0.028354883193969727
medium,merge_bottleneck,4,27,residual_conditioning_minus_plain_conditioning,completion_time,interaction,0.0,0.0,0.0
medium,merge_bottleneck,4,27,residual_conditioning_minus_plain_conditioning,min_distance,interaction,-0.08420488357543943,-0.03897840499877936,-0.04522647857666007
high,merge_bottleneck,4,27,residual_conditioning_minus_plain_conditioning,collision,interaction,0.0,0.0,0.0
high,merge_bottleneck,4,27,residual_conditioning_minus_plain_conditioning,safety_violation,interaction,0.0,0.0,0.0
high,merge_bottleneck,4,27,residual_conditioning_minus_plain_conditioning,success,interaction,0.0,0.0,0.0
high,merge_bottleneck,4,27,residual_conditioning_minus_plain_conditioning,progress_ratio,interaction,-0.007476478815078735,0.005596548318863026,-0.013073027133941761
high,merge_bottleneck,4,27,residual_conditioning_minus_plain_conditioning,final_goal_distance,interaction,0.07766979932785034,-0.0581400990486145,0.13580989837646484
high,merge_bottleneck,4,27,residual_conditioning_minus_plain_conditioning,completion_time,interaction,0.0,0.0,0.0
high,merge_bottleneck,4,27,residual_conditioning_minus_plain_conditioning,min_distance,interaction,-0.25935348987579343,-0.13060760498046875,-0.12874588489532468
clean,merge_bottleneck,8,27,residual_conditioning_minus_plain_conditioning,collision,interaction,0.0,0.0,0.0
clean,merge_bottleneck,8,27,residual_conditioning_minus_plain_conditioning,safety_violation,interaction,0.0,0.0,0.0
clean,merge_bottleneck,8,27,residual_conditioning_minus_plain_conditioning,success,interaction,0.0,0.0,0.0
clean,merge_bottleneck,8,27,residual_conditioning_minus_plain_conditioning,progress_ratio,interaction,-0.016771838068962097,-0.0026712417602539062,-0.014100596308708191
clean,merge_bottleneck,8,27,residual_conditioning_minus_plain_conditioning,final_goal_distance,interaction,0.17377460002899148,0.027677059173583984,0.1460975408554075
clean,merge_bottleneck,8,27,residual_conditioning_minus_plain_conditioning,completion_time,interaction,0.0,0.0,0.0
clean,merge_bottleneck,8,27,residual_conditioning_minus_plain_conditioning,min_distance,interaction,-0.024139463901519775,-0.14234310388565063,0.11820363998413086
low,merge_bottleneck,8,27,residual_conditioning_minus_plain_conditioning,collision,interaction,0.0,0.0,0.0
low,merge_bottleneck,8,27,residual_conditioning_minus_plain_conditioning,safety_violation,interaction,0.0,0.0,0.0
low,merge_bottleneck,8,27,residual_conditioning_minus_plain_conditioning,success,interaction,0.0,0.0,0.0
low,merge_bottleneck,8,27,residual_conditioning_minus_plain_conditioning,progress_ratio,interaction,-0.003680795431137085,-0.0695192813873291,0.06583848595619202
low,merge_bottleneck,8,27,residual_conditioning_minus_plain_conditioning,final_goal_distance,interaction,0.038136959075927734,0.720295906066895,-0.6821589469909672
low,merge_bottleneck,8,27,residual_conditioning_minus_plain_conditioning,completion_time,interaction,0.0,0.0,0.0
low,merge_bottleneck,8,27,residual_conditioning_minus_plain_conditioning,min_distance,interaction,0.0036755800247192383,0.12106955051422119,-0.11739397048950195
medium,merge_bottleneck,8,27,residual_conditioning_minus_plain_conditioning,collision,interaction,0.0,0.0,0.0
medium,merge_bottleneck,8,27,residual_conditioning_minus_plain_conditioning,safety_violation,interaction,0.0,0.0,0.0
medium,merge_bottleneck,8,27,residual_conditioning_minus_plain_conditioning,success,interaction,0.0,0.0,0.0
medium,merge_bottleneck,8,27,residual_conditioning_minus_plain_conditioning,progress_ratio,interaction,0.018170952796936035,-0.06277517974376678,0.08094613254070282
medium,merge_bottleneck,8,27,residual_conditioning_minus_plain_conditioning,final_goal_distance,interaction,-0.18827080726623535,0.6504197120666504,-0.8386905193328857
medium,merge_bottleneck,8,27,residual_conditioning_minus_plain_conditioning,completion_time,interaction,0.0,0.0,0.0
medium,merge_bottleneck,8,27,residual_conditioning_minus_plain_conditioning,min_distance,interaction,-0.1073606014251709,0.11300194263458252,-0.22036254405975342
high,merge_bottleneck,8,27,residual_conditioning_minus_plain_conditioning,collision,interaction,0.0,-1.0,1.0
high,merge_bottleneck,8,27,residual_conditioning_minus_plain_conditioning,safety_violation,interaction,1.0,-1.0,2.0
high,merge_bottleneck,8,27,residual_conditioning_minus_plain_conditioning,success,interaction,0.0,0.0,0.0
high,merge_bottleneck,8,27,residual_conditioning_minus_plain_conditioning,progress_ratio,interaction,0.07293453812599182,-0.002556324005126953,0.07549086213111877
high,merge_bottleneck,8,27,residual_conditioning_minus_plain_conditioning,final_goal_distance,interaction,-0.7556815147399907,0.02648615837097168,-0.7821676731109624
high,merge_bottleneck,8,27,residual_conditioning_minus_plain_conditioning,completion_time,interaction,0.0,0.0,0.0
high,merge_bottleneck,8,27,residual_conditioning_minus_plain_conditioning,min_distance,interaction,-0.13412389159202576,0.2957186400890351,-0.42984253168106085
clean,four_way_stop,4,27,residual_conditioning_minus_plain_conditioning,collision,interaction,0.0,0.0,0.0
clean,four_way_stop,4,27,residual_conditioning_minus_plain_conditioning,safety_violation,interaction,0.0,0.0,0.0
clean,four_way_stop,4,27,residual_conditioning_minus_plain_conditioning,success,interaction,0.0,0.0,0.0
clean,four_way_stop,4,27,residual_conditioning_minus_plain_conditioning,progress_ratio,interaction,0.0013258028775455788,0.0005173869431017719,0.0008084159344438069
clean,four_way_stop,4,27,residual_conditioning_minus_plain_conditioning,final_goal_distance,interaction,-0.012724779546260806,-0.004965767264366205,-0.007759012281894601
clean,four_way_stop,4,27,residual_conditioning_minus_plain_conditioning,completion_time,interaction,0.4800000000000004,1.5600000000000005,-1.08
clean,four_way_stop,4,27,residual_conditioning_minus_plain_conditioning,min_distance,interaction,0.008924365043640137,0.0,0.008924365043640137
low,four_way_stop,4,27,residual_conditioning_minus_plain_conditioning,collision,interaction,0.0,0.0,0.0
low,four_way_stop,4,27,residual_conditioning_minus_plain_conditioning,safety_violation,interaction,0.0,0.0,0.0
low,four_way_stop,4,27,residual_conditioning_minus_plain_conditioning,success,interaction,0.0,0.0,0.0
low,four_way_stop,4,27,residual_conditioning_minus_plain_conditioning,progress_ratio,interaction,-0.02070037554949522,-0.003930636681616417,-0.016769738867878803
low,four_way_stop,4,27,residual_conditioning_minus_plain_conditioning,final_goal_distance,interaction,0.19867786765098572,0.037725418806075994,0.16095244884490972
low,four_way_stop,4,27,residual_conditioning_minus_plain_conditioning,completion_time,interaction,-0.35999999999999943,-0.7200000000000006,0.3600000000000012
low,four_way_stop,4,27,residual_conditioning_minus_plain_conditioning,min_distance,interaction,0.0263175368309021,-0.02138030529022239,0.04769784212112449
medium,four_way_stop,4,27,residual_conditioning_minus_plain_conditioning,collision,interaction,0.0,0.0,0.0
medium,four_way_stop,4,27,residual_conditioning_minus_plain_conditioning,safety_violation,interaction,0.0,0.0,0.0
medium,four_way_stop,4,27,residual_conditioning_minus_plain_conditioning,success,interaction,0.0,0.0,0.0
medium,four_way_stop,4,27,residual_conditioning_minus_plain_conditioning,progress_ratio,interaction,-0.013679960742592923,0.0006272522732615471,-0.01430721301585447
medium,four_way_stop,4,27,residual_conditioning_minus_plain_conditioning,final_goal_distance,interaction,0.131297379732132,-0.006020233035087502,0.13731761276721952
medium,four_way_stop,4,27,residual_conditioning_minus_plain_conditioning,completion_time,interaction,-0.35999999999999943,0.2400000000000002,-0.5999999999999996
medium,four_way_stop,4,27,residual_conditioning_minus_plain_conditioning,min_distance,interaction,-0.04497659206390381,-0.08232676982879639,0.03735017776489258
high,four_way_stop,4,27,residual_conditioning_minus_plain_conditioning,collision,interaction,0.0,0.0,0.0
high,four_way_stop,4,27,residual_conditioning_minus_plain_conditioning,safety_violation,interaction,0.0,0.0,0.0
high,four_way_stop,4,27,residual_conditioning_minus_plain_conditioning,success,interaction,0.0,0.0,0.0
high,four_way_stop,4,27,residual_conditioning_minus_plain_conditioning,progress_ratio,interaction,-0.0028069019317628063,-0.0006112372502684593,-0.002195664681494347
high,four_way_stop,4,27,residual_conditioning_minus_plain_conditioning,final_goal_distance,interaction,0.026940047740936224,0.005866527557373005,0.02107352018356322
high,four_way_stop,4,27,residual_conditioning_minus_plain_conditioning,completion_time,interaction,0.9600000000000009,-0.2400000000000002,1.200000000000001
high,four_way_stop,4,27,residual_conditioning_minus_plain_conditioning,min_distance,interaction,-0.14878785610198952,0.09320402145385742,-0.24199187755584695
clean,four_way_stop,8,27,residual_conditioning_minus_plain_conditioning,collision,interaction,0.0,0.0,0.0
clean,four_way_stop,8,27,residual_conditioning_minus_plain_conditioning,safety_violation,interaction,0.0,0.0,0.0
clean,four_way_stop,8,27,residual_conditioning_minus_plain_conditioning,success,interaction,0.0,1.0,-1.0
clean,four_way_stop,8,27,residual_conditioning_minus_plain_conditioning,progress_ratio,interaction,0.000555453822016605,-0.0004054773598908268,0.0009609311819074318
clean,four_way_stop,8,27,residual_conditioning_minus_plain_conditioning,final_goal_distance,interaction,-0.005331397056579618,0.0038918703794478815,-0.009223267436027499
clean,four_way_stop,8,27,residual_conditioning_minus_plain_conditioning,completion_time,interaction,-14.88,-10.2,-4.6800000000000015
clean,four_way_stop,8,27,residual_conditioning_minus_plain_conditioning,min_distance,interaction,-0.0245133638381958,-0.0007393956184387207,-0.02377396821975708
low,four_way_stop,8,27,residual_conditioning_minus_plain_conditioning,collision,interaction,0.0,0.0,0.0
low,four_way_stop,8,27,residual_conditioning_minus_plain_conditioning,safety_violation,interaction,0.0,0.0,0.0
low,four_way_stop,8,27,residual_conditioning_minus_plain_conditioning,success,interaction,0.0,1.0,-1.0
low,four_way_stop,8,27,residual_conditioning_minus_plain_conditioning,progress_ratio,interaction,-0.0016081929206848145,0.004250911995768547,-0.0058591049164533615
low,four_way_stop,8,27,residual_conditioning_minus_plain_conditioning,final_goal_distance,interaction,0.015435859560966492,-0.0408013463020325,0.05623720586299899
low,four_way_stop,8,27,residual_conditioning_minus_plain_conditioning,completion_time,interaction,1.08,-7.199999999999999,8.28
low,four_way_stop,8,27,residual_conditioning_minus_plain_conditioning,min_distance,interaction,-0.036172568798065186,-0.028575420379638672,-0.007597148418426514
medium,four_way_stop,8,27,residual_conditioning_minus_plain_conditioning,collision,interaction,0.0,0.0,0.0
medium,four_way_stop,8,27,residual_conditioning_minus_plain_conditioning,safety_violation,interaction,0.0,0.0,0.0
medium,four_way_stop,8,27,residual_conditioning_minus_plain_conditioning,success,interaction,0.0,0.0,0.0
medium,four_way_stop,8,27,residual_conditioning_minus_plain_conditioning,progress_ratio,interaction,-0.002277793362736702,-0.0012344568967819214,-0.0010433364659547806
medium,four_way_stop,8,27,residual_conditioning_minus_plain_conditioning,final_goal_distance,interaction,0.021862849593162592,0.011848643422126715,0.010014206171035878
medium,four_way_stop,8,27,residual_conditioning_minus_plain_conditioning,completion_time,interaction,-0.3600000000000012,-9.120000000000001,8.76
medium,four_way_stop,8,27,residual_conditioning_minus_plain_conditioning,min_distance,interaction,0.06876188516616821,0.01367408037185669,0.05508780479431152
high,four_way_stop,8,27,residual_conditioning_minus_plain_conditioning,collision,interaction,0.0,0.0,0.0
high,four_way_stop,8,27,residual_conditioning_minus_plain_conditioning,safety_violation,interaction,0.0,0.0,0.0
high,four_way_stop,8,27,residual_conditioning_minus_plain_conditioning,success,interaction,0.0,0.0,0.0
high,four_way_stop,8,27,residual_conditioning_minus_plain_conditioning,progress_ratio,interaction,-0.0004406403750180088,-0.00026722811162482873,-0.00017341226339318006
high,four_way_stop,8,27,residual_conditioning_minus_plain_conditioning,final_goal_distance,interaction,0.004229366779327393,0.0025649219751358865,0.001664444804191506
high,four_way_stop,8,27,residual_conditioning_minus_plain_conditioning,completion_time,interaction,-5.040000000000001,3.119999999999999,-8.16
high,four_way_stop,8,27,residual_conditioning_minus_plain_conditioning,min_distance,interaction,0.16868412494659424,-0.09580099582672119,0.26448512077331543
clean,corridor,4,28,residual_conditioning_minus_plain_conditioning,collision,interaction,0.0,0.0,0.0
clean,corridor,4,28,residual_conditioning_minus_plain_conditioning,safety_violation,interaction,0.0,0.0,0.0
clean,corridor,4,28,residual_conditioning_minus_plain_conditioning,success,interaction,0.0,0.0,0.0
clean,corridor,4,28,residual_conditioning_minus_plain_conditioning,progress_ratio,interaction,-0.0019754627719520412,-0.0014195963740348816,-0.0005558663979171596
clean,corridor,4,28,residual_conditioning_minus_plain_conditioning,final_goal_distance,interaction,0.020118422806262998,0.01445738971233361,0.005661033093929388
clean,corridor,4,28,residual_conditioning_minus_plain_conditioning,completion_time,interaction,0.0,-0.6000000000000014,0.6000000000000014
clean,corridor,4,28,residual_conditioning_minus_plain_conditioning,min_distance,interaction,0.021168112754821777,0.11260896921157837,-0.09144085645675659
low,corridor,4,28,residual_conditioning_minus_plain_conditioning,collision,interaction,0.0,0.0,0.0
low,corridor,4,28,residual_conditioning_minus_plain_conditioning,safety_violation,interaction,0.0,-1.0,1.0
low,corridor,4,28,residual_conditioning_minus_plain_conditioning,success,interaction,0.0,0.0,0.0
low,corridor,4,28,residual_conditioning_minus_plain_conditioning,progress_ratio,interaction,-0.0010039005428552628,-0.002953573130071163,0.0019496725872159004
low,corridor,4,28,residual_conditioning_minus_plain_conditioning,final_goal_distance,interaction,0.01022388041019441,0.030079647898674094,-0.019855767488479684
low,corridor,4,28,residual_conditioning_minus_plain_conditioning,completion_time,interaction,0.0,1.3200000000000003,-1.3200000000000003
low,corridor,4,28,residual_conditioning_minus_plain_conditioning,min_distance,interaction,0.07554936408996582,0.026409924030303955,0.049139440059661865
medium,corridor,4,28,residual_conditioning_minus_plain_conditioning,collision,interaction,0.0,0.0,0.0
medium,corridor,4,28,residual_conditioning_minus_plain_conditioning,safety_violation,interaction,0.0,0.0,0.0
medium,corridor,4,28,residual_conditioning_minus_plain_conditioning,success,interaction,0.0,0.0,0.0
medium,corridor,4,28,residual_conditioning_minus_plain_conditioning,progress_ratio,interaction,0.0020950911566613994,0.0010386407375335693,0.0010564504191278301
medium,corridor,4,28,residual_conditioning_minus_plain_conditioning,final_goal_distance,interaction,-0.021336734294891413,-0.010577678680419977,-0.010759055614471436
medium,corridor,4,28,residual_conditioning_minus_plain_conditioning,completion_time,interaction,-0.8399999999999999,-3.120000000000001,2.280000000000001
medium,corridor,4,28,residual_conditioning_minus_plain_conditioning,min_distance,interaction,0.09074032306671143,-0.0745428204536438,0.16528314352035522
high,corridor,4,28,residual_conditioning_minus_plain_conditioning,collision,interaction,0.0,0.0,0.0
high,corridor,4,28,residual_conditioning_minus_plain_conditioning,safety_violation,interaction,0.0,0.0,0.0
high,corridor,4,28,residual_conditioning_minus_plain_conditioning,success,interaction,0.0,0.0,0.0
high,corridor,4,28,residual_conditioning_minus_plain_conditioning,progress_ratio,interaction,0.007503979839384667,-0.006310692988335975,0.013814672827720642
high,corridor,4,28,residual_conditioning_minus_plain_conditioning,final_goal_distance,interaction,-0.07642170786857601,0.0642690658569336,-0.1406907737255096
high,corridor,4,28,residual_conditioning_minus_plain_conditioning,completion_time,interaction,2.16,-0.35999999999999943,2.5199999999999996
high,corridor,4,28,residual_conditioning_minus_plain_conditioning,min_distance,interaction,0.057367920875549316,0.0012593269348144531,0.05610859394073486
clean,corridor,8,28,residual_conditioning_minus_plain_conditioning,collision,interaction,0.0,0.0,0.0
clean,corridor,8,28,residual_conditioning_minus_plain_conditioning,safety_violation,interaction,0.0,0.0,0.0
clean,corridor,8,28,residual_conditioning_minus_plain_conditioning,success,interaction,0.0,0.0,0.0
clean,corridor,8,28,residual_conditioning_minus_plain_conditioning,progress_ratio,interaction,0.012659542262553947,-0.004803799092769623,0.01746334135532357
clean,corridor,8,28,residual_conditioning_minus_plain_conditioning,final_goal_distance,interaction,-0.12810319662094116,0.048610150814056396,-0.17671334743499756
clean,corridor,8,28,residual_conditioning_minus_plain_conditioning,completion_time,interaction,0.0,0.0,0.0
clean,corridor,8,28,residual_conditioning_minus_plain_conditioning,min_distance,interaction,0.0697738528251648,0.05060082674026489,0.019173026084899902
low,corridor,8,28,residual_conditioning_minus_plain_conditioning,collision,interaction,0.0,0.0,0.0
low,corridor,8,28,residual_conditioning_minus_plain_conditioning,safety_violation,interaction,0.0,0.0,0.0
low,corridor,8,28,residual_conditioning_minus_plain_conditioning,success,interaction,0.0,0.0,0.0
low,corridor,8,28,residual_conditioning_minus_plain_conditioning,progress_ratio,interaction,-0.019228868186473735,-0.011614128947257996,-0.00761473923921574
low,corridor,8,28,residual_conditioning_minus_plain_conditioning,final_goal_distance,interaction,0.19457882642745972,0.11752450466156006,0.07705432176589966
low,corridor,8,28,residual_conditioning_minus_plain_conditioning,completion_time,interaction,0.0,0.0,0.0
low,corridor,8,28,residual_conditioning_minus_plain_conditioning,min_distance,interaction,0.01661008596420288,0.06841570138931274,-0.05180561542510986
medium,corridor,8,28,residual_conditioning_minus_plain_conditioning,collision,interaction,0.0,0.0,0.0
medium,corridor,8,28,residual_conditioning_minus_plain_conditioning,safety_violation,interaction,0.0,0.0,0.0
medium,corridor,8,28,residual_conditioning_minus_plain_conditioning,success,interaction,0.0,0.0,0.0
medium,corridor,8,28,residual_conditioning_minus_plain_conditioning,progress_ratio,interaction,-0.014800414443015941,0.003924161195755005,-0.018724575638770946
medium,corridor,8,28,residual_conditioning_minus_plain_conditioning,final_goal_distance,interaction,0.14976686239242554,-0.03970897197723389,0.18947583436965942
medium,corridor,8,28,residual_conditioning_minus_plain_conditioning,completion_time,interaction,0.0,0.0,0.0
medium,corridor,8,28,residual_conditioning_minus_plain_conditioning,min_distance,interaction,-0.04297900199890137,0.06246823072433472,-0.10544723272323608
high,corridor,8,28,residual_conditioning_minus_plain_conditioning,collision,interaction,0.0,0.0,0.0
high,corridor,8,28,residual_conditioning_minus_plain_conditioning,safety_violation,interaction,0.0,0.0,0.0
high,corridor,8,28,residual_conditioning_minus_plain_conditioning,success,interaction,0.0,0.0,0.0
high,corridor,8,28,residual_conditioning_minus_plain_conditioning,progress_ratio,interaction,0.0026559457182884216,-0.0010294616222383812,0.003685407340526803
high,corridor,8,28,residual_conditioning_minus_plain_conditioning,final_goal_distance,interaction,-0.026875793933868408,0.010417282581329346,-0.037293076515197754
high,corridor,8,28,residual_conditioning_minus_plain_conditioning,completion_time,interaction,0.0,0.0,0.0
high,corridor,8,28,residual_conditioning_minus_plain_conditioning,min_distance,interaction,-0.005081534385681152,-0.12288880348205566,0.11780726909637451
clean,narrow_gate,4,28,residual_conditioning_minus_plain_conditioning,collision,interaction,0.0,0.0,0.0
clean,narrow_gate,4,28,residual_conditioning_minus_plain_conditioning,safety_violation,interaction,0.0,0.0,0.0
clean,narrow_gate,4,28,residual_conditioning_minus_plain_conditioning,success,interaction,1.0,0.0,1.0
clean,narrow_gate,4,28,residual_conditioning_minus_plain_conditioning,progress_ratio,interaction,0.15217280387878407,-0.024403393268585205,0.17657619714736927
clean,narrow_gate,4,28,residual_conditioning_minus_plain_conditioning,final_goal_distance,interaction,-1.6129450350999832,0.2586621046066284,-1.8716071397066116
clean,narrow_gate,4,28,residual_conditioning_minus_plain_conditioning,completion_time,interaction,-11.04,0.0,-11.04
clean,narrow_gate,4,28,residual_conditioning_minus_plain_conditioning,min_distance,interaction,0.0,0.0,0.0
low,narrow_gate,4,28,residual_conditioning_minus_plain_conditioning,collision,interaction,0.0,0.0,0.0
low,narrow_gate,4,28,residual_conditioning_minus_plain_conditioning,safety_violation,interaction,0.0,0.0,0.0
low,narrow_gate,4,28,residual_conditioning_minus_plain_conditioning,success,interaction,0.0,-1.0,1.0
low,narrow_gate,4,28,residual_conditioning_minus_plain_conditioning,progress_ratio,interaction,-0.20678091049194336,-0.34059893153607856,0.1338180210441352
low,narrow_gate,4,28,residual_conditioning_minus_plain_conditioning,final_goal_distance,interaction,2.191759824752807,3.61015447974205,-1.418394654989243
low,narrow_gate,4,28,residual_conditioning_minus_plain_conditioning,completion_time,interaction,0.0,1.1999999999999993,-1.1999999999999993
low,narrow_gate,4,28,residual_conditioning_minus_plain_conditioning,min_distance,interaction,0.0,0.000354845900171763,-0.000354845900171763
medium,narrow_gate,4,28,residual_conditioning_minus_plain_conditioning,collision,interaction,0.0,0.0,0.0
medium,narrow_gate,4,28,residual_conditioning_minus_plain_conditioning,safety_violation,interaction,0.0,0.0,0.0
medium,narrow_gate,4,28,residual_conditioning_minus_plain_conditioning,success,interaction,0.0,1.0,-1.0
medium,narrow_gate,4,28,residual_conditioning_minus_plain_conditioning,progress_ratio,interaction,0.003915757872164249,0.07269758917391289,-0.06878183130174864
medium,narrow_gate,4,28,residual_conditioning_minus_plain_conditioning,final_goal_distance,interaction,-0.04150480777025228,-0.7705530524253846,0.7290482446551323
medium,narrow_gate,4,28,residual_conditioning_minus_plain_conditioning,completion_time,interaction,-1.6799999999999997,-11.999999999999998,10.319999999999999
medium,narrow_gate,4,28,residual_conditioning_minus_plain_conditioning,min_distance,interaction,0.0,-0.017110228538513184,0.017110228538513184
high,narrow_gate,4,28,residual_conditioning_minus_plain_conditioning,collision,interaction,0.0,0.0,0.0
high,narrow_gate,4,28,residual_conditioning_minus_plain_conditioning,safety_violation,interaction,0.0,0.0,0.0
high,narrow_gate,4,28,residual_conditioning_minus_plain_conditioning,success,interaction,-1.0,0.0,-1.0
high,narrow_gate,4,28,residual_conditioning_minus_plain_conditioning,progress_ratio,interaction,-0.15345442667603493,-0.0026134131476281963,-0.15084101352840673
high,narrow_gate,4,28,residual_conditioning_minus_plain_conditioning,final_goal_distance,interaction,1.6265295445919037,0.027700692415237482,1.5988288521766663
high,narrow_gate,4,28,residual_conditioning_minus_plain_conditioning,completion_time,interaction,9.84,-1.4399999999999977,11.279999999999998
high,narrow_gate,4,28,residual_conditioning_minus_plain_conditioning,min_distance,interaction,0.04919453608113655,-0.03833585977554321,0.08753039585667977
clean,narrow_gate,8,28,residual_conditioning_minus_plain_conditioning,collision,interaction,0.0,0.0,0.0
clean,narrow_gate,8,28,residual_conditioning_minus_plain_conditioning,safety_violation,interaction,0.0,0.0,0.0
clean,narrow_gate,8,28,residual_conditioning_minus_plain_conditioning,success,interaction,0.0,0.0,0.0
clean,narrow_gate,8,28,residual_conditioning_minus_plain_conditioning,progress_ratio,interaction,-0.056687116622924805,-0.06516151130199432,0.008474394679069519
clean,narrow_gate,8,28,residual_conditioning_minus_plain_conditioning,final_goal_distance,interaction,0.5885646939277649,0.6765518188476565,-0.08798712491989158
clean,narrow_gate,8,28,residual_conditioning_minus_plain_conditioning,completion_time,interaction,0.0,0.0,0.0
clean,narrow_gate,8,28,residual_conditioning_minus_plain_conditioning,min_distance,interaction,-0.01292407512664795,-0.035046935081481934,0.022122859954833984
low,narrow_gate,8,28,residual_conditioning_minus_plain_conditioning,collision,interaction,0.0,0.0,0.0
low,narrow_gate,8,28,residual_conditioning_minus_plain_conditioning,safety_violation,interaction,0.0,0.0,0.0
low,narrow_gate,8,28,residual_conditioning_minus_plain_conditioning,success,interaction,0.0,0.0,0.0
low,narrow_gate,8,28,residual_conditioning_minus_plain_conditioning,progress_ratio,interaction,0.11174707114696503,0.24414540082216263,-0.1323983296751976
low,narrow_gate,8,28,residual_conditioning_minus_plain_conditioning,final_goal_distance,interaction,-1.1602354049682617,-2.5348862409591675,1.3746508359909058
low,narrow_gate,8,28,residual_conditioning_minus_plain_conditioning,completion_time,interaction,0.0,0.0,0.0
low,narrow_gate,8,28,residual_conditioning_minus_plain_conditioning,min_distance,interaction,-0.008668661117553711,0.07638800144195557,-0.08505666255950928
medium,narrow_gate,8,28,residual_conditioning_minus_plain_conditioning,collision,interaction,0.0,0.0,0.0
medium,narrow_gate,8,28,residual_conditioning_minus_plain_conditioning,safety_violation,interaction,0.0,0.0,0.0
medium,narrow_gate,8,28,residual_conditioning_minus_plain_conditioning,success,interaction,0.0,0.0,0.0
medium,narrow_gate,8,28,residual_conditioning_minus_plain_conditioning,progress_ratio,interaction,0.04170456901192643,-0.10306067764759064,0.14476524665951707
medium,narrow_gate,8,28,residual_conditioning_minus_plain_conditioning,final_goal_distance,interaction,-0.43300563097000133,1.07004714012146,-1.5030527710914612
medium,narrow_gate,8,28,residual_conditioning_minus_plain_conditioning,completion_time,interaction,0.0,0.0,0.0
medium,narrow_gate,8,28,residual_conditioning_minus_plain_conditioning,min_distance,interaction,-0.05277884006500244,-0.04402703046798706,-0.00875180959701538
high,narrow_gate,8,28,residual_conditioning_minus_plain_conditioning,collision,interaction,0.0,0.0,0.0
high,narrow_gate,8,28,residual_conditioning_minus_plain_conditioning,safety_violation,interaction,0.0,0.0,0.0
high,narrow_gate,8,28,residual_conditioning_minus_plain_conditioning,success,interaction,0.0,0.0,0.0
high,narrow_gate,8,28,residual_conditioning_minus_plain_conditioning,progress_ratio,interaction,-0.003958702087402344,0.03696325421333313,-0.040921956300735474
high,narrow_gate,8,28,residual_conditioning_minus_plain_conditioning,final_goal_distance,interaction,0.041102051734924316,-0.38377809524536133,0.42488014698028564
high,narrow_gate,8,28,residual_conditioning_minus_plain_conditioning,completion_time,interaction,0.0,0.0,0.0
high,narrow_gate,8,28,residual_conditioning_minus_plain_conditioning,min_distance,interaction,0.03189891576766968,0.06564366817474365,-0.033744752407073975
clean,merge_bottleneck,4,28,residual_conditioning_minus_plain_conditioning,collision,interaction,0.0,0.0,0.0
clean,merge_bottleneck,4,28,residual_conditioning_minus_plain_conditioning,safety_violation,interaction,0.0,0.0,0.0
clean,merge_bottleneck,4,28,residual_conditioning_minus_plain_conditioning,success,interaction,0.0,0.0,0.0
clean,merge_bottleneck,4,28,residual_conditioning_minus_plain_conditioning,progress_ratio,interaction,-0.03425484150648117,0.03700511157512665,-0.07125995308160782
clean,merge_bottleneck,4,28,residual_conditioning_minus_plain_conditioning,final_goal_distance,interaction,0.3552742004394531,-0.38379859924316406,0.7390727996826172
clean,merge_bottleneck,4,28,residual_conditioning_minus_plain_conditioning,completion_time,interaction,0.0,0.0,0.0
clean,merge_bottleneck,4,28,residual_conditioning_minus_plain_conditioning,min_distance,interaction,-1.4831930408854e-05,0.07939344644546509,-0.07940827837587394
low,merge_bottleneck,4,28,residual_conditioning_minus_plain_conditioning,collision,interaction,0.0,0.0,0.0
low,merge_bottleneck,4,28,residual_conditioning_minus_plain_conditioning,safety_violation,interaction,1.0,0.0,1.0
low,merge_bottleneck,4,28,residual_conditioning_minus_plain_conditioning,success,interaction,0.0,0.0,0.0
low,merge_bottleneck,4,28,residual_conditioning_minus_plain_conditioning,progress_ratio,interaction,0.0029492713510990143,0.007364928722381592,-0.0044156573712825775
low,merge_bottleneck,4,28,residual_conditioning_minus_plain_conditioning,final_goal_distance,interaction,-0.030588388442993164,-0.07638537883758545,0.045796990394592285
low,merge_bottleneck,4,28,residual_conditioning_minus_plain_conditioning,completion_time,interaction,0.0,0.0,0.0
low,merge_bottleneck,4,28,residual_conditioning_minus_plain_conditioning,min_distance,interaction,-0.3379195642471313,0.06910651922225952,-0.40702608346939084
medium,merge_bottleneck,4,28,residual_conditioning_minus_plain_conditioning,collision,interaction,0.0,0.0,0.0
medium,merge_bottleneck,4,28,residual_conditioning_minus_plain_conditioning,safety_violation,interaction,0.0,0.0,0.0
medium,merge_bottleneck,4,28,residual_conditioning_minus_plain_conditioning,success,interaction,0.0,0.0,0.0
medium,merge_bottleneck,4,28,residual_conditioning_minus_plain_conditioning,progress_ratio,interaction,-0.005656588822603226,-0.01687917858362198,0.011222589761018753
medium,merge_bottleneck,4,28,residual_conditioning_minus_plain_conditioning,final_goal_distance,interaction,0.05866730213165283,0.17506247758865356,-0.11639517545700073
medium,merge_bottleneck,4,28,residual_conditioning_minus_plain_conditioning,completion_time,interaction,0.0,0.0,0.0
medium,merge_bottleneck,4,28,residual_conditioning_minus_plain_conditioning,min_distance,interaction,-0.19666528701782227,-0.07607385635375974,-0.12059143066406253
high,merge_bottleneck,4,28,residual_conditioning_minus_plain_conditioning,collision,interaction,0.0,0.0,0.0
high,merge_bottleneck,4,28,residual_conditioning_minus_plain_conditioning,safety_violation,interaction,0.0,0.0,0.0
high,merge_bottleneck,4,28,residual_conditioning_minus_plain_conditioning,success,interaction,0.0,0.0,0.0
high,merge_bottleneck,4,28,residual_conditioning_minus_plain_conditioning,progress_ratio,interaction,0.006104886531829612,-0.011929027736186981,0.018033914268016593
high,merge_bottleneck,4,28,residual_conditioning_minus_plain_conditioning,final_goal_distance,interaction,-0.06331682205200195,0.12372195720672607,-0.18703877925872803
high,merge_bottleneck,4,28,residual_conditioning_minus_plain_conditioning,completion_time,interaction,0.0,0.0,0.0
high,merge_bottleneck,4,28,residual_conditioning_minus_plain_conditioning,min_distance,interaction,0.10436710834503171,-0.11830577969551093,0.22267288804054264
clean,merge_bottleneck,8,28,residual_conditioning_minus_plain_conditioning,collision,interaction,0.0,0.0,0.0
clean,merge_bottleneck,8,28,residual_conditioning_minus_plain_conditioning,safety_violation,interaction,0.0,-1.0,1.0
clean,merge_bottleneck,8,28,residual_conditioning_minus_plain_conditioning,success,interaction,0.0,0.0,0.0
clean,merge_bottleneck,8,28,residual_conditioning_minus_plain_conditioning,progress_ratio,interaction,-0.025084733963012695,-0.06429511308670044,0.039210379123687744
clean,merge_bottleneck,8,28,residual_conditioning_minus_plain_conditioning,final_goal_distance,interaction,0.2598304748535156,0.6659762859344482,-0.4061458110809326
clean,merge_bottleneck,8,28,residual_conditioning_minus_plain_conditioning,completion_time,interaction,0.0,0.0,0.0
clean,merge_bottleneck,8,28,residual_conditioning_minus_plain_conditioning,min_distance,interaction,0.1018223762512207,0.1423850655555725,-0.04056268930435181
low,merge_bottleneck,8,28,residual_conditioning_minus_plain_conditioning,collision,interaction,1.0,0.0,1.0
low,merge_bottleneck,8,28,residual_conditioning_minus_plain_conditioning,safety_violation,interaction,1.0,0.0,1.0
low,merge_bottleneck,8,28,residual_conditioning_minus_plain_conditioning,success,interaction,0.0,0.0,0.0
low,merge_bottleneck,8,28,residual_conditioning_minus_plain_conditioning,progress_ratio,interaction,0.0635429173707962,-0.06717793643474579,0.130720853805542
low,merge_bottleneck,8,28,residual_conditioning_minus_plain_conditioning,final_goal_distance,interaction,-0.6581850051879883,0.6958370208740234,-1.3540220260620117
low,merge_bottleneck,8,28,residual_conditioning_minus_plain_conditioning,completion_time,interaction,0.0,0.0,0.0
low,merge_bottleneck,8,28,residual_conditioning_minus_plain_conditioning,min_distance,interaction,-0.11140683293342596,-0.01860499382019043,-0.09280183911323553
medium,merge_bottleneck,8,28,residual_conditioning_minus_plain_conditioning,collision,interaction,0.0,0.0,0.0
medium,merge_bottleneck,8,28,residual_conditioning_minus_plain_conditioning,safety_violation,interaction,0.0,0.0,0.0
medium,merge_bottleneck,8,28,residual_conditioning_minus_plain_conditioning,success,interaction,0.0,0.0,0.0
medium,merge_bottleneck,8,28,residual_conditioning_minus_plain_conditioning,progress_ratio,interaction,-0.03802993893623352,0.009209662675857544,-0.047239601612091064
medium,merge_bottleneck,8,28,residual_conditioning_minus_plain_conditioning,final_goal_distance,interaction,0.393918514251709,-0.09539484977722168,0.48931336402893066
medium,merge_bottleneck,8,28,residual_conditioning_minus_plain_conditioning,completion_time,interaction,0.0,0.0,0.0
medium,merge_bottleneck,8,28,residual_conditioning_minus_plain_conditioning,min_distance,interaction,0.009889483451843262,-0.011079072952270508,0.02096855640411377
high,merge_bottleneck,8,28,residual_conditioning_minus_plain_conditioning,collision,interaction,0.0,0.0,0.0
high,merge_bottleneck,8,28,residual_conditioning_minus_plain_conditioning,safety_violation,interaction,0.0,0.0,0.0
high,merge_bottleneck,8,28,residual_conditioning_minus_plain_conditioning,success,interaction,0.0,0.0,0.0
high,merge_bottleneck,8,28,residual_conditioning_minus_plain_conditioning,progress_ratio,interaction,-0.03786227107048035,-0.0050580501556396484,-0.0328042209148407
high,merge_bottleneck,8,28,residual_conditioning_minus_plain_conditioning,final_goal_distance,interaction,0.3921818733215332,0.052392005920410156,0.33978986740112305
high,merge_bottleneck,8,28,residual_conditioning_minus_plain_conditioning,completion_time,interaction,0.0,0.0,0.0
high,merge_bottleneck,8,28,residual_conditioning_minus_plain_conditioning,min_distance,interaction,0.07081413269042969,0.09668266773223877,-0.025868535041809082
clean,four_way_stop,4,28,residual_conditioning_minus_plain_conditioning,collision,interaction,0.0,0.0,0.0
clean,four_way_stop,4,28,residual_conditioning_minus_plain_conditioning,safety_violation,interaction,0.0,0.0,0.0
clean,four_way_stop,4,28,residual_conditioning_minus_plain_conditioning,success,interaction,0.0,0.0,0.0
clean,four_way_stop,4,28,residual_conditioning_minus_plain_conditioning,progress_ratio,interaction,-0.004716588184237591,-0.0004282351583244637,-0.0042883530259131275
clean,four_way_stop,4,28,residual_conditioning_minus_plain_conditioning,final_goal_distance,interaction,0.04512619972229001,0.004097163677215604,0.04102903604507441
clean,four_way_stop,4,28,residual_conditioning_minus_plain_conditioning,completion_time,interaction,0.0,-0.8399999999999999,0.8399999999999999
clean,four_way_stop,4,28,residual_conditioning_minus_plain_conditioning,min_distance,interaction,0.0,0.0,0.0
low,four_way_stop,4,28,residual_conditioning_minus_plain_conditioning,collision,interaction,0.0,0.0,0.0
low,four_way_stop,4,28,residual_conditioning_minus_plain_conditioning,safety_violation,interaction,0.0,0.0,0.0
low,four_way_stop,4,28,residual_conditioning_minus_plain_conditioning,success,interaction,0.0,0.0,0.0
low,four_way_stop,4,28,residual_conditioning_minus_plain_conditioning,progress_ratio,interaction,0.006229061633348354,-0.0017545288428664207,0.007983590476214775
low,four_way_stop,4,28,residual_conditioning_minus_plain_conditioning,final_goal_distance,interaction,-0.05959686636924741,0.016786545515060397,-0.0763834118843078
low,four_way_stop,4,28,residual_conditioning_minus_plain_conditioning,completion_time,interaction,-1.6800000000000015,-0.9600000000000009,-0.7200000000000006
low,four_way_stop,4,28,residual_conditioning_minus_plain_conditioning,min_distance,interaction,-0.35816454887390137,-0.03046250343322765,-0.3277020454406737
medium,four_way_stop,4,28,residual_conditioning_minus_plain_conditioning,collision,interaction,0.0,0.0,0.0
medium,four_way_stop,4,28,residual_conditioning_minus_plain_conditioning,safety_violation,interaction,0.0,0.0,0.0
medium,four_way_stop,4,28,residual_conditioning_minus_plain_conditioning,success,interaction,0.0,0.0,0.0
medium,four_way_stop,4,28,residual_conditioning_minus_plain_conditioning,progress_ratio,interaction,-0.0023165950551631287,0.002267051488160976,-0.004583646543324105
medium,four_way_stop,4,28,residual_conditioning_minus_plain_conditioning,final_goal_distance,interaction,0.022164143621921498,-0.021690130233764676,0.043854273855686174
medium,four_way_stop,4,28,residual_conditioning_minus_plain_conditioning,completion_time,interaction,0.0,0.0,0.0
medium,four_way_stop,4,28,residual_conditioning_minus_plain_conditioning,min_distance,interaction,-0.02412104606628418,-0.021735012531280518,-0.002386033535003662
high,four_way_stop,4,28,residual_conditioning_minus_plain_conditioning,collision,interaction,0.0,0.0,0.0
high,four_way_stop,4,28,residual_conditioning_minus_plain_conditioning,safety_violation,interaction,0.0,0.0,0.0
high,four_way_stop,4,28,residual_conditioning_minus_plain_conditioning,success,interaction,0.0,0.0,0.0
high,four_way_stop,4,28,residual_conditioning_minus_plain_conditioning,progress_ratio,interaction,-0.006946563720703236,0.004286649636924378,-0.011233213357627614
high,four_way_stop,4,28,residual_conditioning_minus_plain_conditioning,final_goal_distance,interaction,0.06646162271499628,-0.04101274907588959,0.10747437179088587
high,four_way_stop,4,28,residual_conditioning_minus_plain_conditioning,completion_time,interaction,-0.120000000000001,-0.23999999999999844,0.11999999999999744
high,four_way_stop,4,28,residual_conditioning_minus_plain_conditioning,min_distance,interaction,-0.008238792419433594,-0.009513378143310547,0.0012745857238769531
clean,four_way_stop,8,28,residual_conditioning_minus_plain_conditioning,collision,interaction,0.0,0.0,0.0
clean,four_way_stop,8,28,residual_conditioning_minus_plain_conditioning,safety_violation,interaction,0.0,0.0,0.0
clean,four_way_stop,8,28,residual_conditioning_minus_plain_conditioning,success,interaction,1.0,-1.0,2.0
clean,four_way_stop,8,28,residual_conditioning_minus_plain_conditioning,progress_ratio,interaction,0.01546842046082042,-0.0015434101223946728,0.017011830583215093
clean,four_way_stop,8,28,residual_conditioning_minus_plain_conditioning,final_goal_distance,interaction,-0.1487350165843963,0.014840498566627502,-0.1635755151510238
clean,four_way_stop,8,28,residual_conditioning_minus_plain_conditioning,completion_time,interaction,-10.439999999999998,9.239999999999998,-19.679999999999996
clean,four_way_stop,8,28,residual_conditioning_minus_plain_conditioning,min_distance,interaction,-0.019363462924957275,0.02365744113922119,-0.04302090406417847
low,four_way_stop,8,28,residual_conditioning_minus_plain_conditioning,collision,interaction,0.0,0.0,0.0
low,four_way_stop,8,28,residual_conditioning_minus_plain_conditioning,safety_violation,interaction,0.0,0.0,0.0
low,four_way_stop,8,28,residual_conditioning_minus_plain_conditioning,success,interaction,0.0,1.0,-1.0
low,four_way_stop,8,28,residual_conditioning_minus_plain_conditioning,progress_ratio,interaction,0.001963326707482449,0.006289787590503582,-0.004326460883021133
low,four_way_stop,8,28,residual_conditioning_minus_plain_conditioning,final_goal_distance,interaction,-0.01887816190719599,-0.060478806495666504,0.041600644588470514
low,four_way_stop,8,28,residual_conditioning_minus_plain_conditioning,completion_time,interaction,-13.32,-5.039999999999999,-8.280000000000001
low,four_way_stop,8,28,residual_conditioning_minus_plain_conditioning,min_distance,interaction,0.014409661293029785,-0.001574099063873291,0.015983760356903076
medium,four_way_stop,8,28,residual_conditioning_minus_plain_conditioning,collision,interaction,0.0,0.0,0.0
medium,four_way_stop,8,28,residual_conditioning_minus_plain_conditioning,safety_violation,interaction,0.0,0.0,0.0
medium,four_way_stop,8,28,residual_conditioning_minus_plain_conditioning,success,interaction,0.0,1.0,-1.0
medium,four_way_stop,8,28,residual_conditioning_minus_plain_conditioning,progress_ratio,interaction,0.002716297283768876,0.004881579428911209,-0.002165282145142333
medium,four_way_stop,8,28,residual_conditioning_minus_plain_conditioning,final_goal_distance,interaction,-0.026118278503417913,-0.046938315033912686,0.020820036530494773
medium,four_way_stop,8,28,residual_conditioning_minus_plain_conditioning,completion_time,interaction,-1.6799999999999997,-6.84,5.16
medium,four_way_stop,8,28,residual_conditioning_minus_plain_conditioning,min_distance,interaction,-0.02047067880630493,0.055524349212646484,-0.07599502801895142
high,four_way_stop,8,28,residual_conditioning_minus_plain_conditioning,collision,interaction,0.0,0.0,0.0
high,four_way_stop,8,28,residual_conditioning_minus_plain_conditioning,safety_violation,interaction,0.0,0.0,0.0
high,four_way_stop,8,28,residual_conditioning_minus_plain_conditioning,success,interaction,0.0,1.0,-1.0
high,four_way_stop,8,28,residual_conditioning_minus_plain_conditioning,progress_ratio,interaction,0.006800048053264729,0.0007811263203620911,0.006018921732902638
high,four_way_stop,8,28,residual_conditioning_minus_plain_conditioning,final_goal_distance,interaction,-0.06538516283035281,-0.007510825991630499,-0.05787433683872231
high,four_way_stop,8,28,residual_conditioning_minus_plain_conditioning,completion_time,interaction,-7.5600000000000005,-11.159999999999998,3.599999999999998
high,four_way_stop,8,28,residual_conditioning_minus_plain_conditioning,min_distance,interaction,-0.10945922136306763,-0.1027345061302185,-0.006724715232849121
clean,corridor,4,29,residual_conditioning_minus_plain_conditioning,collision,interaction,0.0,0.0,0.0
clean,corridor,4,29,residual_conditioning_minus_plain_conditioning,safety_violation,interaction,0.0,-1.0,1.0
clean,corridor,4,29,residual_conditioning_minus_plain_conditioning,success,interaction,0.0,0.0,0.0
clean,corridor,4,29,residual_conditioning_minus_plain_conditioning,progress_ratio,interaction,-0.002876611426472886,-0.003975534811615944,0.001098923385143058
clean,corridor,4,29,residual_conditioning_minus_plain_conditioning,final_goal_distance,interaction,0.029359169304370894,0.0405749604105949,-0.011215791106224005
clean,corridor,4,29,residual_conditioning_minus_plain_conditioning,completion_time,interaction,0.5999999999999996,-1.3199999999999985,1.9199999999999982
clean,corridor,4,29,residual_conditioning_minus_plain_conditioning,min_distance,interaction,0.015916943550109863,0.1263752579689026,-0.11045831441879272
low,corridor,4,29,residual_conditioning_minus_plain_conditioning,collision,interaction,0.0,0.0,0.0
low,corridor,4,29,residual_conditioning_minus_plain_conditioning,safety_violation,interaction,0.0,0.0,0.0
low,corridor,4,29,residual_conditioning_minus_plain_conditioning,success,interaction,0.0,0.0,0.0
low,corridor,4,29,residual_conditioning_minus_plain_conditioning,progress_ratio,interaction,0.00023652054369460718,-0.0012412844225765385,0.0014778049662711457
low,corridor,4,29,residual_conditioning_minus_plain_conditioning,final_goal_distance,interaction,-0.0024139732122420987,0.012668758630752508,-0.015082731842994607
low,corridor,4,29,residual_conditioning_minus_plain_conditioning,completion_time,interaction,0.11999999999999922,-0.47999999999999865,0.5999999999999979
low,corridor,4,29,residual_conditioning_minus_plain_conditioning,min_distance,interaction,0.1662948727607727,-0.015964031219482422,0.18225890398025513
medium,corridor,4,29,residual_conditioning_minus_plain_conditioning,collision,interaction,0.0,0.0,0.0
medium,corridor,4,29,residual_conditioning_minus_plain_conditioning,safety_violation,interaction,0.0,0.0,0.0
medium,corridor,4,29,residual_conditioning_minus_plain_conditioning,success,interaction,0.0,0.0,0.0
medium,corridor,4,29,residual_conditioning_minus_plain_conditioning,progress_ratio,interaction,-0.0011728592216967426,0.0016348455101250492,-0.002807704731821792
medium,corridor,4,29,residual_conditioning_minus_plain_conditioning,final_goal_distance,interaction,0.011970400810241713,-0.01668550074100489,0.0286559015512466
medium,corridor,4,29,residual_conditioning_minus_plain_conditioning,completion_time,interaction,0.35999999999999943,0.11999999999999922,0.2400000000000002
medium,corridor,4,29,residual_conditioning_minus_plain_conditioning,min_distance,interaction,-0.026915907859802246,-0.011169135570526123,-0.015746772289276123
high,corridor,4,29,residual_conditioning_minus_plain_conditioning,collision,interaction,0.0,0.0,0.0
high,corridor,4,29,residual_conditioning_minus_plain_conditioning,safety_violation,interaction,0.0,0.0,0.0
high,corridor,4,29,residual_conditioning_minus_plain_conditioning,success,interaction,0.0,0.0,0.0
high,corridor,4,29,residual_conditioning_minus_plain_conditioning,progress_ratio,interaction,-0.0001643318682910122,0.0038344720378519215,-0.003998803906142934
high,corridor,4,29,residual_conditioning_minus_plain_conditioning,final_goal_distance,interaction,0.0016772001981736062,-0.039135254919528906,0.04081245511770251
high,corridor,4,29,residual_conditioning_minus_plain_conditioning,completion_time,interaction,0.0,3.0,-3.0
high,corridor,4,29,residual_conditioning_minus_plain_conditioning,min_distance,interaction,0.07310670614242554,-0.040328383445739746,0.11343508958816528
clean,corridor,8,29,residual_conditioning_minus_plain_conditioning,collision,interaction,0.0,0.0,0.0
clean,corridor,8,29,residual_conditioning_minus_plain_conditioning,safety_violation,interaction,-1.0,0.0,-1.0
clean,corridor,8,29,residual_conditioning_minus_plain_conditioning,success,interaction,0.0,0.0,0.0
clean,corridor,8,29,residual_conditioning_minus_plain_conditioning,progress_ratio,interaction,0.0004210248589516796,0.01246039569377877,-0.01203937083482709
clean,corridor,8,29,residual_conditioning_minus_plain_conditioning,final_goal_distance,interaction,-0.004261136054992676,-0.12610924243927002,0.12184810638427734
clean,corridor,8,29,residual_conditioning_minus_plain_conditioning,completion_time,interaction,0.0,0.0,0.0
clean,corridor,8,29,residual_conditioning_minus_plain_conditioning,min_distance,interaction,0.09434852004051214,-0.025909781455993652,0.12025830149650579
low,corridor,8,29,residual_conditioning_minus_plain_conditioning,collision,interaction,0.0,0.0,0.0
low,corridor,8,29,residual_conditioning_minus_plain_conditioning,safety_violation,interaction,-1.0,0.0,-1.0
low,corridor,8,29,residual_conditioning_minus_plain_conditioning,success,interaction,0.0,0.0,0.0
low,corridor,8,29,residual_conditioning_minus_plain_conditioning,progress_ratio,interaction,-0.009926944971084595,-0.007840476930141338,-0.0020864680409432568
low,corridor,8,29,residual_conditioning_minus_plain_conditioning,final_goal_distance,interaction,0.1004686951637268,0.07935190200805664,0.021116793155670166
low,corridor,8,29,residual_conditioning_minus_plain_conditioning,completion_time,interaction,0.0,0.0,0.0
low,corridor,8,29,residual_conditioning_minus_plain_conditioning,min_distance,interaction,0.1252709925174713,0.05824100971221924,0.06702998280525208
medium,corridor,8,29,residual_conditioning_minus_plain_conditioning,collision,interaction,0.0,0.0,0.0
medium,corridor,8,29,residual_conditioning_minus_plain_conditioning,safety_violation,interaction,0.0,0.0,0.0
medium,corridor,8,29,residual_conditioning_minus_plain_conditioning,success,interaction,0.0,0.0,0.0
medium,corridor,8,29,residual_conditioning_minus_plain_conditioning,progress_ratio,interaction,-0.006178691983222961,-0.01665470004081726,0.0104760080575943
medium,corridor,8,29,residual_conditioning_minus_plain_conditioning,final_goal_distance,interaction,0.06253337860107422,0.16855895519256592,-0.1060255765914917
medium,corridor,8,29,residual_conditioning_minus_plain_conditioning,completion_time,interaction,0.0,0.0,0.0
medium,corridor,8,29,residual_conditioning_minus_plain_conditioning,min_distance,interaction,0.09223747253417969,-0.0030208826065063477,0.09525835514068604
high,corridor,8,29,residual_conditioning_minus_plain_conditioning,collision,interaction,0.0,0.0,0.0
high,corridor,8,29,residual_conditioning_minus_plain_conditioning,safety_violation,interaction,0.0,0.0,0.0
high,corridor,8,29,residual_conditioning_minus_plain_conditioning,success,interaction,0.0,0.0,0.0
high,corridor,8,29,residual_conditioning_minus_plain_conditioning,progress_ratio,interaction,-0.011976554989814758,-0.0011788159608839832,-0.010797739028930775
high,corridor,8,29,residual_conditioning_minus_plain_conditioning,final_goal_distance,interaction,0.12121230363845825,0.011930525302886963,0.10928177833557129
high,corridor,8,29,residual_conditioning_minus_plain_conditioning,completion_time,interaction,0.0,0.0,0.0
high,corridor,8,29,residual_conditioning_minus_plain_conditioning,min_distance,interaction,-0.001220107078552246,0.003966689109802246,-0.005186796188354492
clean,narrow_gate,4,29,residual_conditioning_minus_plain_conditioning,collision,interaction,0.0,0.0,0.0
clean,narrow_gate,4,29,residual_conditioning_minus_plain_conditioning,safety_violation,interaction,0.0,0.0,0.0
clean,narrow_gate,4,29,residual_conditioning_minus_plain_conditioning,success,interaction,0.0,0.0,0.0
clean,narrow_gate,4,29,residual_conditioning_minus_plain_conditioning,progress_ratio,interaction,-0.004101693630218506,0.0009467117488384247,-0.0050484053790569305
clean,narrow_gate,4,29,residual_conditioning_minus_plain_conditioning,final_goal_distance,interaction,0.04318404197692871,-0.009967274963855702,0.05315131694078441
clean,narrow_gate,4,29,residual_conditioning_minus_plain_conditioning,completion_time,interaction,0.0,6.48,-6.48
clean,narrow_gate,4,29,residual_conditioning_minus_plain_conditioning,min_distance,interaction,-0.069618821144104,0.0957930179588039,-0.1654118391029079
low,narrow_gate,4,29,residual_conditioning_minus_plain_conditioning,collision,interaction,0.0,0.0,0.0
low,narrow_gate,4,29,residual_conditioning_minus_plain_conditioning,safety_violation,interaction,0.0,0.0,0.0
low,narrow_gate,4,29,residual_conditioning_minus_plain_conditioning,success,interaction,0.0,0.0,0.0
low,narrow_gate,4,29,residual_conditioning_minus_plain_conditioning,progress_ratio,interaction,0.0015395870432258763,-0.0030584950000047684,0.004598082043230645
low,narrow_gate,4,29,residual_conditioning_minus_plain_conditioning,final_goal_distance,interaction,-0.016209252178669004,0.03220079094171531,-0.04841004312038431
low,narrow_gate,4,29,residual_conditioning_minus_plain_conditioning,completion_time,interaction,4.080000000000002,4.559999999999999,-0.4799999999999969
low,narrow_gate,4,29,residual_conditioning_minus_plain_conditioning,min_distance,interaction,0.0,0.08398133427456655,-0.08398133427456655
medium,narrow_gate,4,29,residual_conditioning_minus_plain_conditioning,collision,interaction,0.0,0.0,0.0
medium,narrow_gate,4,29,residual_conditioning_minus_plain_conditioning,safety_violation,interaction,0.0,0.0,0.0
medium,narrow_gate,4,29,residual_conditioning_minus_plain_conditioning,success,interaction,1.0,0.0,1.0
medium,narrow_gate,4,29,residual_conditioning_minus_plain_conditioning,progress_ratio,interaction,0.1557053979486227,0.02084241807460785,0.13486297987401485
medium,narrow_gate,4,29,residual_conditioning_minus_plain_conditioning,final_goal_distance,interaction,-1.6393145918846128,-0.21943545341491721,-1.4198791384696956
medium,narrow_gate,4,29,residual_conditioning_minus_plain_conditioning,completion_time,interaction,-4.199999999999999,0.0,-4.199999999999999
medium,narrow_gate,4,29,residual_conditioning_minus_plain_conditioning,min_distance,interaction,2.140591833788008e-07,0.10123467790580165,-0.10123446384661827
high,narrow_gate,4,29,residual_conditioning_minus_plain_conditioning,collision,interaction,0.0,0.0,0.0
high,narrow_gate,4,29,residual_conditioning_minus_plain_conditioning,safety_violation,interaction,0.0,0.0,0.0
high,narrow_gate,4,29,residual_conditioning_minus_plain_conditioning,success,interaction,-1.0,0.0,-1.0
high,narrow_gate,4,29,residual_conditioning_minus_plain_conditioning,progress_ratio,interaction,-0.1524128057062627,0.001904699020087608,-0.1543175047263503
high,narrow_gate,4,29,residual_conditioning_minus_plain_conditioning,final_goal_distance,interaction,1.604649268090725,-0.020053260028362302,1.6247025281190872
high,narrow_gate,4,29,residual_conditioning_minus_plain_conditioning,completion_time,interaction,0.11999999999999744,0.8399999999999999,-0.7200000000000024
high,narrow_gate,4,29,residual_conditioning_minus_plain_conditioning,min_distance,interaction,-0.001355954255464753,0.05276590585708618,-0.054121860112550935
clean,narrow_gate,8,29,residual_conditioning_minus_plain_conditioning,collision,interaction,0.0,0.0,0.0
clean,narrow_gate,8,29,residual_conditioning_minus_plain_conditioning,safety_violation,interaction,0.0,0.0,0.0
clean,narrow_gate,8,29,residual_conditioning_minus_plain_conditioning,success,interaction,0.0,0.0,0.0
clean,narrow_gate,8,29,residual_conditioning_minus_plain_conditioning,progress_ratio,interaction,0.18383030593395233,-0.10383250564336788,0.2876628115773202
clean,narrow_gate,8,29,residual_conditioning_minus_plain_conditioning,final_goal_distance,interaction,-1.9197521209716797,1.0843298435211182,-3.004081964492798
clean,narrow_gate,8,29,residual_conditioning_minus_plain_conditioning,completion_time,interaction,0.0,0.0,0.0
clean,narrow_gate,8,29,residual_conditioning_minus_plain_conditioning,min_distance,interaction,0.06977671384811401,0.01862722635269165,0.05114948749542236
low,narrow_gate,8,29,residual_conditioning_minus_plain_conditioning,collision,interaction,0.0,0.0,0.0
low,narrow_gate,8,29,residual_conditioning_minus_plain_conditioning,safety_violation,interaction,0.0,0.0,0.0
low,narrow_gate,8,29,residual_conditioning_minus_plain_conditioning,success,interaction,0.0,0.0,0.0
low,narrow_gate,8,29,residual_conditioning_minus_plain_conditioning,progress_ratio,interaction,-0.06456351280212402,0.1698707565665245,-0.23443426936864853
low,narrow_gate,8,29,residual_conditioning_minus_plain_conditioning,final_goal_distance,interaction,0.6742408275604248,-1.773971676826477,2.448212504386902
low,narrow_gate,8,29,residual_conditioning_minus_plain_conditioning,completion_time,interaction,0.0,0.0,0.0
low,narrow_gate,8,29,residual_conditioning_minus_plain_conditioning,min_distance,interaction,-0.041728854179382324,0.004384219646453857,-0.04611307382583618
medium,narrow_gate,8,29,residual_conditioning_minus_plain_conditioning,collision,interaction,0.0,0.0,0.0
medium,narrow_gate,8,29,residual_conditioning_minus_plain_conditioning,safety_violation,interaction,0.0,0.0,0.0
medium,narrow_gate,8,29,residual_conditioning_minus_plain_conditioning,success,interaction,0.0,0.0,0.0
medium,narrow_gate,8,29,residual_conditioning_minus_plain_conditioning,progress_ratio,interaction,-0.0280705988407135,-0.011456102132797241,-0.01661449670791626
medium,narrow_gate,8,29,residual_conditioning_minus_plain_conditioning,final_goal_distance,interaction,0.29314315319061324,0.1196368932723999,0.17350625991821333
medium,narrow_gate,8,29,residual_conditioning_minus_plain_conditioning,completion_time,interaction,0.0,0.0,0.0
medium,narrow_gate,8,29,residual_conditioning_minus_plain_conditioning,min_distance,interaction,0.010400593280792236,-0.012900596245880913,0.02330118952667315
high,narrow_gate,8,29,residual_conditioning_minus_plain_conditioning,collision,interaction,0.0,0.0,0.0
high,narrow_gate,8,29,residual_conditioning_minus_plain_conditioning,safety_violation,interaction,0.0,0.0,0.0
high,narrow_gate,8,29,residual_conditioning_minus_plain_conditioning,success,interaction,0.0,0.0,0.0
high,narrow_gate,8,29,residual_conditioning_minus_plain_conditioning,progress_ratio,interaction,0.05099168419837952,0.0947863534092902,-0.043794669210910686
high,narrow_gate,8,29,residual_conditioning_minus_plain_conditioning,final_goal_distance,interaction,-0.5325095653533938,-0.9898601770401,0.4573506116867062
high,narrow_gate,8,29,residual_conditioning_minus_plain_conditioning,completion_time,interaction,0.0,0.0,0.0
high,narrow_gate,8,29,residual_conditioning_minus_plain_conditioning,min_distance,interaction,-0.0017449259757995605,-0.04479658603668213,0.04305166006088257
clean,merge_bottleneck,4,29,residual_conditioning_minus_plain_conditioning,collision,interaction,0.0,0.0,0.0
clean,merge_bottleneck,4,29,residual_conditioning_minus_plain_conditioning,safety_violation,interaction,0.0,0.0,0.0
clean,merge_bottleneck,4,29,residual_conditioning_minus_plain_conditioning,success,interaction,0.0,0.0,0.0
clean,merge_bottleneck,4,29,residual_conditioning_minus_plain_conditioning,progress_ratio,interaction,-0.006873026490211376,-0.03520264476537682,0.028329618275165447
clean,merge_bottleneck,4,29,residual_conditioning_minus_plain_conditioning,final_goal_distance,interaction,0.07144337892532349,0.3659225106239319,-0.2944791316986084
clean,merge_bottleneck,4,29,residual_conditioning_minus_plain_conditioning,completion_time,interaction,0.0,0.0,0.0
clean,merge_bottleneck,4,29,residual_conditioning_minus_plain_conditioning,min_distance,interaction,-0.16410332918167114,0.28199820229073347,-0.4461015314724046
low,merge_bottleneck,4,29,residual_conditioning_minus_plain_conditioning,collision,interaction,0.0,0.0,0.0
low,merge_bottleneck,4,29,residual_conditioning_minus_plain_conditioning,safety_violation,interaction,0.0,0.0,0.0
low,merge_bottleneck,4,29,residual_conditioning_minus_plain_conditioning,success,interaction,0.0,0.0,0.0
low,merge_bottleneck,4,29,residual_conditioning_minus_plain_conditioning,progress_ratio,interaction,0.012827049940824398,-0.005426362156867981,0.01825341209769238
low,merge_bottleneck,4,29,residual_conditioning_minus_plain_conditioning,final_goal_distance,interaction,-0.13333392143249512,0.05640566349029541,-0.18973958492279053
low,merge_bottleneck,4,29,residual_conditioning_minus_plain_conditioning,completion_time,interaction,0.0,0.0,0.0
low,merge_bottleneck,4,29,residual_conditioning_minus_plain_conditioning,min_distance,interaction,-0.06120071880011668,0.1756885051727295,-0.23688922397284617
medium,merge_bottleneck,4,29,residual_conditioning_minus_plain_conditioning,collision,interaction,0.0,0.0,0.0
medium,merge_bottleneck,4,29,residual_conditioning_minus_plain_conditioning,safety_violation,interaction,0.0,0.0,0.0
medium,merge_bottleneck,4,29,residual_conditioning_minus_plain_conditioning,success,interaction,0.0,0.0,0.0
medium,merge_bottleneck,4,29,residual_conditioning_minus_plain_conditioning,progress_ratio,interaction,0.01253611221909523,-0.0006260797381399952,0.013162191957235225
medium,merge_bottleneck,4,29,residual_conditioning_minus_plain_conditioning,final_goal_distance,interaction,-0.13030970096588135,0.006507933139801025,-0.13681763410568237
medium,merge_bottleneck,4,29,residual_conditioning_minus_plain_conditioning,completion_time,interaction,0.0,0.0,0.0
medium,merge_bottleneck,4,29,residual_conditioning_minus_plain_conditioning,min_distance,interaction,-0.07514062643051145,-0.14326393604278564,0.0681233096122742
high,merge_bottleneck,4,29,residual_conditioning_minus_plain_conditioning,collision,interaction,0.0,0.0,0.0
high,merge_bottleneck,4,29,residual_conditioning_minus_plain_conditioning,safety_violation,interaction,0.0,0.0,0.0
high,merge_bottleneck,4,29,residual_conditioning_minus_plain_conditioning,success,interaction,0.0,0.0,0.0
high,merge_bottleneck,4,29,residual_conditioning_minus_plain_conditioning,progress_ratio,interaction,-0.018891148269176483,0.005696434527635685,-0.02458758279681217
high,merge_bottleneck,4,29,residual_conditioning_minus_plain_conditioning,final_goal_distance,interaction,0.19636869430541992,-0.05921301245689392,0.25558170676231384
high,merge_bottleneck,4,29,residual_conditioning_minus_plain_conditioning,completion_time,interaction,0.0,0.0,0.0
high,merge_bottleneck,4,29,residual_conditioning_minus_plain_conditioning,min_distance,interaction,0.044665367603301975,0.22983992099761963,-0.18517455339431765
clean,merge_bottleneck,8,29,residual_conditioning_minus_plain_conditioning,collision,interaction,0.0,0.0,0.0
clean,merge_bottleneck,8,29,residual_conditioning_minus_plain_conditioning,safety_violation,interaction,0.0,0.0,0.0
clean,merge_bottleneck,8,29,residual_conditioning_minus_plain_conditioning,success,interaction,0.0,0.0,0.0
clean,merge_bottleneck,8,29,residual_conditioning_minus_plain_conditioning,progress_ratio,interaction,-0.03718641400337219,0.06196972727775574,-0.09915614128112793
clean,merge_bottleneck,8,29,residual_conditioning_minus_plain_conditioning,final_goal_distance,interaction,0.3852217197418213,-0.6419572830200191,1.0271790027618404
clean,merge_bottleneck,8,29,residual_conditioning_minus_plain_conditioning,completion_time,interaction,0.0,0.0,0.0
clean,merge_bottleneck,8,29,residual_conditioning_minus_plain_conditioning,min_distance,interaction,-0.07705700397491455,-0.07081055641174316,-0.006246447563171387
low,merge_bottleneck,8,29,residual_conditioning_minus_plain_conditioning,collision,interaction,0.0,0.0,0.0
low,merge_bottleneck,8,29,residual_conditioning_minus_plain_conditioning,safety_violation,interaction,0.0,0.0,0.0
low,merge_bottleneck,8,29,residual_conditioning_minus_plain_conditioning,success,interaction,0.0,0.0,0.0
low,merge_bottleneck,8,29,residual_conditioning_minus_plain_conditioning,progress_ratio,interaction,-0.01597648859024048,-0.005166038870811462,-0.010810449719429016
low,merge_bottleneck,8,29,residual_conditioning_minus_plain_conditioning,final_goal_distance,interaction,0.1655037403106685,0.05351614952087402,0.11198759078979448
low,merge_bottleneck,8,29,residual_conditioning_minus_plain_conditioning,completion_time,interaction,0.0,0.0,0.0
low,merge_bottleneck,8,29,residual_conditioning_minus_plain_conditioning,min_distance,interaction,0.1102953553199768,0.006513506174087469,0.10378184914588934
medium,merge_bottleneck,8,29,residual_conditioning_minus_plain_conditioning,collision,interaction,0.0,0.0,0.0
medium,merge_bottleneck,8,29,residual_conditioning_minus_plain_conditioning,safety_violation,interaction,1.0,0.0,1.0
medium,merge_bottleneck,8,29,residual_conditioning_minus_plain_conditioning,success,interaction,0.0,0.0,0.0
medium,merge_bottleneck,8,29,residual_conditioning_minus_plain_conditioning,progress_ratio,interaction,0.0019100010395050049,-0.03151065111160278,0.03342065215110779
medium,merge_bottleneck,8,29,residual_conditioning_minus_plain_conditioning,final_goal_distance,interaction,-0.01978588104248047,0.32642555236816406,-0.34621143341064453
medium,merge_bottleneck,8,29,residual_conditioning_minus_plain_conditioning,completion_time,interaction,0.0,0.0,0.0
medium,merge_bottleneck,8,29,residual_conditioning_minus_plain_conditioning,min_distance,interaction,-0.11455491185188293,0.024181663990020752,-0.1387365758419037
high,merge_bottleneck,8,29,residual_conditioning_minus_plain_conditioning,collision,interaction,0.0,0.0,0.0
high,merge_bottleneck,8,29,residual_conditioning_minus_plain_conditioning,safety_violation,interaction,0.0,0.0,0.0
high,merge_bottleneck,8,29,residual_conditioning_minus_plain_conditioning,success,interaction,0.0,0.0,0.0
high,merge_bottleneck,8,29,residual_conditioning_minus_plain_conditioning,progress_ratio,interaction,-0.02283710241317749,0.0032004714012145996,-0.02603757381439209
high,merge_bottleneck,8,29,residual_conditioning_minus_plain_conditioning,final_goal_distance,interaction,0.2365741729736328,-0.03315448760986328,0.2697286605834961
high,merge_bottleneck,8,29,residual_conditioning_minus_plain_conditioning,completion_time,interaction,0.0,0.0,0.0
high,merge_bottleneck,8,29,residual_conditioning_minus_plain_conditioning,min_distance,interaction,-0.09033197164535522,-0.0010593533515930176,-0.08927261829376221
clean,four_way_stop,4,29,residual_conditioning_minus_plain_conditioning,collision,interaction,0.0,0.0,0.0
clean,four_way_stop,4,29,residual_conditioning_minus_plain_conditioning,safety_violation,interaction,0.0,0.0,0.0
clean,four_way_stop,4,29,residual_conditioning_minus_plain_conditioning,success,interaction,0.0,0.0,0.0
clean,four_way_stop,4,29,residual_conditioning_minus_plain_conditioning,progress_ratio,interaction,-0.004335736855864747,0.013203621841966995,-0.01753935869783174
clean,four_way_stop,4,29,residual_conditioning_minus_plain_conditioning,final_goal_distance,interaction,0.04153367877006528,-0.12648253142833718,0.16801621019840246
clean,four_way_stop,4,29,residual_conditioning_minus_plain_conditioning,completion_time,interaction,-0.120000000000001,0.5999999999999996,-0.7200000000000006
clean,four_way_stop,4,29,residual_conditioning_minus_plain_conditioning,min_distance,interaction,0.0,-0.009418249130249023,0.009418249130249023
low,four_way_stop,4,29,residual_conditioning_minus_plain_conditioning,collision,interaction,0.0,0.0,0.0
low,four_way_stop,4,29,residual_conditioning_minus_plain_conditioning,safety_violation,interaction,0.0,0.0,0.0
low,four_way_stop,4,29,residual_conditioning_minus_plain_conditioning,success,interaction,0.0,0.0,0.0
low,four_way_stop,4,29,residual_conditioning_minus_plain_conditioning,progress_ratio,interaction,0.0007677683606743813,0.0035824747756122433,-0.002814706414937862
low,four_way_stop,4,29,residual_conditioning_minus_plain_conditioning,final_goal_distance,interaction,-0.007354743778705597,-0.034317888319492396,0.0269631445407868
low,four_way_stop,4,29,residual_conditioning_minus_plain_conditioning,completion_time,interaction,-0.2400000000000002,0.2400000000000002,-0.4800000000000004
low,four_way_stop,4,29,residual_conditioning_minus_plain_conditioning,min_distance,interaction,0.016840219497680664,-0.02788281440734841,0.044723033905029075
medium,four_way_stop,4,29,residual_conditioning_minus_plain_conditioning,collision,interaction,0.0,0.0,0.0
medium,four_way_stop,4,29,residual_conditioning_minus_plain_conditioning,safety_violation,interaction,0.0,0.0,0.0
medium,four_way_stop,4,29,residual_conditioning_minus_plain_conditioning,success,interaction,0.0,0.0,0.0
medium,four_way_stop,4,29,residual_conditioning_minus_plain_conditioning,progress_ratio,interaction,-0.009331358596682438,-0.0029717106372120217,-0.006359647959470416
medium,four_way_stop,4,29,residual_conditioning_minus_plain_conditioning,final_goal_distance,interaction,0.0893886387348175,0.028467148542404203,0.0609214901924133
medium,four_way_stop,4,29,residual_conditioning_minus_plain_conditioning,completion_time,interaction,-0.3600000000000012,0.2400000000000002,-0.6000000000000014
medium,four_way_stop,4,29,residual_conditioning_minus_plain_conditioning,min_distance,interaction,0.022638022899627686,-0.02156651020050049,0.044204533100128174
high,four_way_stop,4,29,residual_conditioning_minus_plain_conditioning,collision,interaction,0.0,0.0,0.0
high,four_way_stop,4,29,residual_conditioning_minus_plain_conditioning,safety_violation,interaction,0.0,0.0,0.0
high,four_way_stop,4,29,residual_conditioning_minus_plain_conditioning,success,interaction,0.0,0.0,0.0
high,four_way_stop,4,29,residual_conditioning_minus_plain_conditioning,progress_ratio,interaction,-0.0006999578326939426,-0.0015805745497348145,0.0008806167170408719
high,four_way_stop,4,29,residual_conditioning_minus_plain_conditioning,final_goal_distance,interaction,0.006705164909362793,0.015140920877456693,-0.0084357559680939
high,four_way_stop,4,29,residual_conditioning_minus_plain_conditioning,completion_time,interaction,0.120000000000001,-0.2400000000000002,0.3600000000000012
high,four_way_stop,4,29,residual_conditioning_minus_plain_conditioning,min_distance,interaction,-0.010730862617492454,0.06786084175109863,-0.07859170436859109
clean,four_way_stop,8,29,residual_conditioning_minus_plain_conditioning,collision,interaction,0.0,0.0,0.0
clean,four_way_stop,8,29,residual_conditioning_minus_plain_conditioning,safety_violation,interaction,0.0,0.0,0.0
clean,four_way_stop,8,29,residual_conditioning_minus_plain_conditioning,success,interaction,0.0,0.0,0.0
clean,four_way_stop,8,29,residual_conditioning_minus_plain_conditioning,progress_ratio,interaction,0.011039413511753193,-0.00220581516623497,0.013245228677988163
clean,four_way_stop,8,29,residual_conditioning_minus_plain_conditioning,final_goal_distance,interaction,-0.10595084726810458,0.02117033302783969,-0.12712118029594427
clean,four_way_stop,8,29,residual_conditioning_minus_plain_conditioning,completion_time,interaction,0.0,-12.480000000000002,12.480000000000002
clean,four_way_stop,8,29,residual_conditioning_minus_plain_conditioning,min_distance,interaction,-0.04262399673461914,-0.2562626600265503,0.21363866329193115
low,four_way_stop,8,29,residual_conditioning_minus_plain_conditioning,collision,interaction,0.0,0.0,0.0
low,four_way_stop,8,29,residual_conditioning_minus_plain_conditioning,safety_violation,interaction,0.0,0.0,0.0
low,four_way_stop,8,29,residual_conditioning_minus_plain_conditioning,success,interaction,0.0,-1.0,1.0
low,four_way_stop,8,29,residual_conditioning_minus_plain_conditioning,progress_ratio,interaction,-0.0009985528886318207,-0.00516609288752079,0.004167539998888969
low,four_way_stop,8,29,residual_conditioning_minus_plain_conditioning,final_goal_distance,interaction,0.009583607316017179,0.04958160221576691,-0.03999799489974973
low,four_way_stop,8,29,residual_conditioning_minus_plain_conditioning,completion_time,interaction,-4.08,11.519999999999998,-15.599999999999998
low,four_way_stop,8,29,residual_conditioning_minus_plain_conditioning,min_distance,interaction,-0.10549575090408325,0.020817935466766357,-0.1263136863708496
medium,four_way_stop,8,29,residual_conditioning_minus_plain_conditioning,collision,interaction,0.0,0.0,0.0
medium,four_way_stop,8,29,residual_conditioning_minus_plain_conditioning,safety_violation,interaction,0.0,0.0,0.0
medium,four_way_stop,8,29,residual_conditioning_minus_plain_conditioning,success,interaction,-1.0,1.0,-2.0
medium,four_way_stop,8,29,residual_conditioning_minus_plain_conditioning,progress_ratio,interaction,-0.012576306238770374,0.002955682575702445,-0.015531988814472819
medium,four_way_stop,8,29,residual_conditioning_minus_plain_conditioning,final_goal_distance,interaction,0.12070116400718689,-0.028367176651954623,0.1490683406591415
medium,four_way_stop,8,29,residual_conditioning_minus_plain_conditioning,completion_time,interaction,11.759999999999998,-10.559999999999999,22.319999999999997
medium,four_way_stop,8,29,residual_conditioning_minus_plain_conditioning,min_distance,interaction,-0.10627007484436035,-0.10680955648422241,0.0005394816398620605
high,four_way_stop,8,29,residual_conditioning_minus_plain_conditioning,collision,interaction,0.0,0.0,0.0
high,four_way_stop,8,29,residual_conditioning_minus_plain_conditioning,safety_violation,interaction,0.0,0.0,0.0
high,four_way_stop,8,29,residual_conditioning_minus_plain_conditioning,success,interaction,0.0,0.0,0.0
high,four_way_stop,8,29,residual_conditioning_minus_plain_conditioning,progress_ratio,interaction,-0.0035103727132081985,-0.00275268591940403,-0.0007576867938041687
high,four_way_stop,8,29,residual_conditioning_minus_plain_conditioning,final_goal_distance,interaction,0.033690825104713384,0.02641892433166501,0.007271900773048373
high,four_way_stop,8,29,residual_conditioning_minus_plain_conditioning,completion_time,interaction,1.6799999999999997,-9.48,11.16
high,four_way_stop,8,29,residual_conditioning_minus_plain_conditioning,min_distance,interaction,-0.055615246295928955,0.14073795080184937,-0.19635319709777832
